start	end	obs	exp	var
0	49999	1.5798231230000002	1.5798231230000002	0.0
50000	99999	1.3404680208185655	1.5798231230000002	-0.23935510218143463
100000	149999	1.3404680208185655	1.5798231230000002	-0.23935510218143463
150000	199999	1.3404680208185655	1.5798231230000002	-0.23935510218143463
200000	249999	1.3404680208185655	1.5798231230000002	-0.23935510218143463
250000	299999	1.3404680208185655	1.5798231230000002	-0.23935510218143463
300000	349999	1.3404680208185655	1.5798231230000002	-0.23935510218143463
350000	399999	1.3404680208185655	1.5798231230000002	-0.23935510218143463
400000	449999	1.3404680208185655	1.5798231230000002	-0.23935510218143463
450000	499999	1.3404680208185655	1.5798231230000002	-0.23935510218143463
500000	549999	1.3404680208185655	1.5798231230000002	-0.23935510218143463
550000	599999	1.3404680208185655	1.5798231230000002	-0.23935510218143463
600000	649999	1.3404680208185655	1.5798231230000002	-0.23935510218143463
650000	699999	1.3404680208185655	1.5798231230000002	-0.23935510218143463
700000	749999	1.3404680208185655	1.5798231230000002	-0.23935510218143463
750000	799999	1.3404680208185655	1.5798231230000002	-0.23935510218143463
800000	849999	1.3404680208185655	1.5798231230000002	-0.23935510218143463
850000	899999	1.3404680208185655	1.5798231230000002	-0.23935510218143463
900000	949999	1.3404680208185655	1.5798231230000002	-0.23935510218143463
950000	999999	1.3404680208185655	1.5798231230000002	-0.23935510218143463
1000000	1049999	1.3404680208185655	1.5798231230000002	-0.23935510218143463
1050000	1099999	1.3404680208185655	1.5798231230000002	-0.23935510218143463
1100000	1149999	1.3404680208185655	1.5798231230000002	-0.23935510218143463
1150000	1199999	1.3404680208185655	1.5798231230000002	-0.23935510218143463
1200000	1249999	1.3404680208185655	1.5798231230000002	-0.23935510218143463
1250000	1299999	1.3404680208185655	1.5798231230000002	-0.23935510218143463
1300000	1349999	1.3404680208185655	1.5798231230000002	-0.23935510218143463
1350000	1399999	1.3404680208185655	1.5798231230000002	-0.23935510218143463
1400000	1449999	1.3404680208185655	1.5798231230000002	-0.23935510218143463
1450000	1499999	1.3404680208185655	1.5798231230000002	-0.23935510218143463
1500000	1549999	1.3404680208185655	1.5798231230000002	-0.23935510218143463
1550000	1599999	1.3404680208185655	1.5798231230000002	-0.23935510218143463
1600000	1649999	1.3404680208185655	1.5798231230000002	-0.23935510218143463
1650000	1699999	1.3404680208185655	1.5798231230000002	-0.23935510218143463
1700000	1749999	1.3404680208185655	1.5798231230000002	-0.23935510218143463
1750000	1799999	1.3404680208185655	1.5798231230000002	-0.23935510218143463
1800000	1849999	1.3404680208185655	1.5798231230000002	-0.23935510218143463
1850000	1899999	1.3404680208185655	1.5798231230000002	-0.23935510218143463
1900000	1949999	1.3404680208185655	1.5798231230000002	-0.23935510218143463
1950000	1999999	1.3404680208185655	1.5798231230000002	-0.23935510218143463
2000000	2049999	1.3404680208185655	1.5798231230000002	-0.23935510218143463
2050000	2099999	1.3404680208185655	1.5798231230000002	-0.23935510218143463
2100000	2149999	1.3404680208185655	1.5798231230000002	-0.23935510218143463
2150000	2199999	1.3404680208185655	1.5798231230000002	-0.23935510218143463
2200000	2249999	1.3404680208185655	1.5798231230000002	-0.23935510218143463
2250000	2299999	1.3404680208185655	1.5798231230000002	-0.23935510218143463
2300000	2349999	1.3404680208185655	1.5798231230000002	-0.23935510218143463
2350000	2399999	1.3404680208185655	1.5798231230000002	-0.23935510218143463
2400000	2449999	1.3404680208185655	1.5798231230000002	-0.23935510218143463
2450000	2499999	1.3404680208185655	1.5798231230000002	-0.23935510218143463
2500000	2549999	1.3404680208185655	1.5798231230000002	-0.23935510218143463
2550000	2599999	1.3404680208185655	1.5798231230000002	-0.23935510218143463
2600000	2649999	1.3404680208185655	1.5798231230000002	-0.23935510218143463
2650000	2699999	1.3404680208185655	1.5798231230000002	-0.23935510218143463
2700000	2749999	1.3404680208185655	1.5798231230000002	-0.23935510218143463
2750000	2799999	1.3404680208185655	1.5798231230000002	-0.23935510218143463
2800000	2849999	1.3404680208185655	1.5798231230000002	-0.23935510218143463
2850000	2899999	1.3404680208185655	1.5798231230000002	-0.23935510218143463
2900000	2949999	1.3404680208185655	1.5798231230000002	-0.23935510218143463
2950000	2999999	1.3404680208185655	1.5798231230000002	-0.23935510218143463
3000000	3049999	1.3404680208185655	1.5798231230000002	-0.23935510218143463
3050000	3099999	1.3404680208185655	1.5798231230000002	-0.23935510218143463
3100000	3149999	1.3404680208185655	1.5798231230000002	-0.23935510218143463
3150000	3199999	1.3404680208185655	1.5798231230000002	-0.23935510218143463
3200000	3249999	1.3404680208185655	1.5798231230000002	-0.23935510218143463
3250000	3299999	1.3404680208185655	1.5798231230000002	-0.23935510218143463
3300000	3349999	1.3404680208185655	1.5798231230000002	-0.23935510218143463
3350000	3399999	1.3404680208185655	1.5798231230000002	-0.23935510218143463
3400000	3449999	1.3404680208185655	1.5798231230000002	-0.23935510218143463
3450000	3499999	1.3404680208185655	1.5798231230000002	-0.23935510218143463
3500000	3549999	1.3404680208185655	1.5798231230000002	-0.23935510218143463
3550000	3599999	1.3404680208185655	1.5798231230000002	-0.23935510218143463
3600000	3649999	1.3404680208185655	1.5798231230000002	-0.23935510218143463
3650000	3699999	1.3404680208185655	1.5798231230000002	-0.23935510218143463
3700000	3749999	1.3404680208185655	1.5798231230000002	-0.23935510218143463
3750000	3799999	1.3404680208185655	1.5798231230000002	-0.23935510218143463
3800000	3849999	1.3404680208185655	1.5798231230000002	-0.23935510218143463
3850000	3899999	1.3404680208185655	1.5798231230000002	-0.23935510218143463
3900000	3949999	1.3404680208185655	1.5798231230000002	-0.23935510218143463
3950000	3999999	1.3404680208185655	1.5798231230000002	-0.23935510218143463
4000000	4049999	1.3404680208185655	1.5798231230000002	-0.23935510218143463
4050000	4099999	1.3404680208185655	1.5798231230000002	-0.23935510218143463
4100000	4149999	1.3404680208185655	1.5798231230000002	-0.23935510218143463
4150000	4199999	1.3404680208185655	1.5798231230000002	-0.23935510218143463
4200000	4249999	1.3404680208185655	1.5798231230000002	-0.23935510218143463
4250000	4299999	1.3404680208185655	1.5798231230000002	-0.23935510218143463
4300000	4349999	1.3404680208185655	1.5798231230000002	-0.23935510218143463
4350000	4399999	1.3404680208185655	1.5798231230000002	-0.23935510218143463
4400000	4449999	1.3404680208185655	1.5798231230000002	-0.23935510218143463
4450000	4499999	1.3404680208185655	1.5798231230000002	-0.23935510218143463
4500000	4549999	1.3404680208185655	1.5798231230000002	-0.23935510218143463
4550000	4599999	1.3404680208185655	1.5798231230000002	-0.23935510218143463
4600000	4649999	1.3404680208185655	1.5798231230000002	-0.23935510218143463
4650000	4699999	1.3404680208185655	1.5798231230000002	-0.23935510218143463
4700000	4749999	1.3404680208185655	1.5798231230000002	-0.23935510218143463
4750000	4799999	1.3404680208185655	1.5798231230000002	-0.23935510218143463
4800000	4849999	1.3404680208185655	1.5798231230000002	-0.23935510218143463
4850000	4899999	1.3404680208185655	1.5798231230000002	-0.23935510218143463
4900000	4949999	1.3404680208185655	1.5798231230000002	-0.23935510218143463
4950000	4999999	1.3404680208185655	1.5798231230000002	-0.23935510218143463
5000000	5049999	1.3404680208185655	1.5798231230000002	-0.23935510218143463
5050000	5099999	1.3404680208185655	1.5798231230000002	-0.23935510218143463
5100000	5149999	1.3404680208185655	1.5798231230000002	-0.23935510218143463
5150000	5199999	1.3404680208185655	1.5798231230000002	-0.23935510218143463
5200000	5249999	1.3404680208185655	1.5798231230000002	-0.23935510218143463
5250000	5299999	1.3404680208185655	1.5798231230000002	-0.23935510218143463
5300000	5349999	1.3404680208185655	1.5798231230000002	-0.23935510218143463
5350000	5399999	1.3404680208185655	1.5798231230000002	-0.23935510218143463
5400000	5449999	1.3404680208185655	1.5798231230000002	-0.23935510218143463
5450000	5499999	1.3404680208185655	1.5798231230000002	-0.23935510218143463
5500000	5549999	1.3404680208185655	1.5798231230000002	-0.23935510218143463
5550000	5599999	1.3404680208185655	1.5798231230000002	-0.23935510218143463
5600000	5649999	1.3404680208185655	1.5798231230000002	-0.23935510218143463
5650000	5699999	1.3404680208185655	1.5798231230000002	-0.23935510218143463
5700000	5749999	1.3404680208185655	1.5798231230000002	-0.23935510218143463
5750000	5799999	1.3404680208185655	1.5798231230000002	-0.23935510218143463
5800000	5849999	1.3404680208185655	1.5798231230000002	-0.23935510218143463
5850000	5899999	1.3404680208185655	1.5798231230000002	-0.23935510218143463
5900000	5949999	1.3404680208185655	1.5798231230000002	-0.23935510218143463
5950000	5999999	1.3404680208185655	1.5798231230000002	-0.23935510218143463
6000000	6049999	1.3404680208185655	1.5798231230000002	-0.23935510218143463
6050000	6099999	1.3404680208185655	1.5798231230000002	-0.23935510218143463
6100000	6149999	1.3404680208185655	1.5798231230000002	-0.23935510218143463
6150000	6199999	1.3404680208185655	1.5798231230000002	-0.23935510218143463
6200000	6249999	1.3404680208185655	1.5798231230000002	-0.23935510218143463
6250000	6299999	1.3404680208185655	1.5798231230000002	-0.23935510218143463
6300000	6349999	1.3404680208185655	1.5798231230000002	-0.23935510218143463
6350000	6399999	1.3404680208185655	1.5798231230000002	-0.23935510218143463
6400000	6449999	1.3404680208185655	1.5798231230000002	-0.23935510218143463
6450000	6499999	1.3404680208185655	1.5798231230000002	-0.23935510218143463
6500000	6549999	1.3404680208185655	1.5798231230000002	-0.23935510218143463
6550000	6599999	1.3404680208185655	1.5798231230000002	-0.23935510218143463
6600000	6649999	1.3404680208185655	1.5798231230000002	-0.23935510218143463
6650000	6699999	1.3404680208185655	1.5798231230000002	-0.23935510218143463
6700000	6749999	1.3404680208185655	1.5798231230000002	-0.23935510218143463
6750000	6799999	1.3404680208185655	1.5798231230000002	-0.23935510218143463
6800000	6849999	1.3404680208185655	1.5798231230000002	-0.23935510218143463
6850000	6899999	1.3404680208185655	1.5798231230000002	-0.23935510218143463
6900000	6949999	1.3404680208185655	1.5798231230000002	-0.23935510218143463
6950000	6999999	1.3404680208185655	1.5798231230000002	-0.23935510218143463
7000000	7049999	1.3404680208185655	1.5798231230000002	-0.23935510218143463
7050000	7099999	1.3404680208185655	1.5798231230000002	-0.23935510218143463
7100000	7149999	1.3404680208185655	1.5798231230000002	-0.23935510218143463
7150000	7199999	1.3404680208185655	1.5798231230000002	-0.23935510218143463
7200000	7249999	1.3404680208185655	1.5798231230000002	-0.23935510218143463
7250000	7299999	1.3404680208185655	1.5798231230000002	-0.23935510218143463
7300000	7349999	1.3404680208185655	1.5798231230000002	-0.23935510218143463
7350000	7399999	1.3404680208185655	1.5798231230000002	-0.23935510218143463
7400000	7449999	1.3404680208185655	1.5798231230000002	-0.23935510218143463
7450000	7499999	1.3404680208185655	1.5798231230000002	-0.23935510218143463
7500000	7549999	1.3404680208185655	1.5798231230000002	-0.23935510218143463
7550000	7599999	1.3404680208185655	1.5798231230000002	-0.23935510218143463
7600000	7649999	1.3404680208185655	1.5798231230000002	-0.23935510218143463
7650000	7699999	1.3404680208185655	1.5798231230000002	-0.23935510218143463
7700000	7749999	1.3404680208185655	1.5798231230000002	-0.23935510218143463
7750000	7799999	1.3404680208185655	1.5798231230000002	-0.23935510218143463
7800000	7849999	1.3404680208185655	1.5798231230000002	-0.23935510218143463
7850000	7899999	1.3404680208185655	1.5798231230000002	-0.23935510218143463
7900000	7949999	1.3404680208185655	1.5798231230000002	-0.23935510218143463
7950000	7999999	1.3404680208185655	1.5798231230000002	-0.23935510218143463
8000000	8049999	1.3404680208185655	1.5798231230000002	-0.23935510218143463
8050000	8099999	1.3404680208185655	1.5798231230000002	-0.23935510218143463
8100000	8149999	1.3404680208185655	1.5798231230000002	-0.23935510218143463
8150000	8199999	1.3404680208185655	1.5798231230000002	-0.23935510218143463
8200000	8249999	1.3404680208185655	1.5798231230000002	-0.23935510218143463
8250000	8299999	1.3404680208185655	1.5798231230000002	-0.23935510218143463
8300000	8349999	1.3404680208185655	1.5798231230000002	-0.23935510218143463
8350000	8399999	1.3404680208185655	1.5798231230000002	-0.23935510218143463
8400000	8449999	1.3404680208185655	1.5798231230000002	-0.23935510218143463
8450000	8499999	1.3404680208185655	1.5798231230000002	-0.23935510218143463
8500000	8549999	1.3404680208185655	1.5798231230000002	-0.23935510218143463
8550000	8599999	1.3404680208185655	1.5798231230000002	-0.23935510218143463
8600000	8649999	1.3404680208185655	1.5798231230000002	-0.23935510218143463
8650000	8699999	1.3404680208185655	1.5798231230000002	-0.23935510218143463
8700000	8749999	1.3404680208185655	1.5798231230000002	-0.23935510218143463
8750000	8799999	1.3404680208185655	1.5798231230000002	-0.23935510218143463
8800000	8849999	1.3404680208185655	1.5798231230000002	-0.23935510218143463
8850000	8899999	1.3404680208185655	1.5798231230000002	-0.23935510218143463
8900000	8949999	1.3404680208185655	1.5798231230000002	-0.23935510218143463
8950000	8999999	1.3404680208185655	1.5798231230000002	-0.23935510218143463
9000000	9049999	1.3404680208185655	1.5798231230000002	-0.23935510218143463
9050000	9099999	1.3404680208185655	1.5798231230000002	-0.23935510218143463
9100000	9149999	1.3404680208185655	1.5798231230000002	-0.23935510218143463
9150000	9199999	1.3404680208185655	1.5798231230000002	-0.23935510218143463
9200000	9249999	1.3404680208185655	1.5798231230000002	-0.23935510218143463
9250000	9299999	1.3404680208185655	1.5798231230000002	-0.23935510218143463
9300000	9349999	1.3404680208185655	1.5798231230000002	-0.23935510218143463
9350000	9399999	1.3404680208185655	1.5798231230000002	-0.23935510218143463
9400000	9449999	1.3404680208185655	1.5798231230000002	-0.23935510218143463
9450000	9499999	1.3404680208185655	1.5798231230000002	-0.23935510218143463
9500000	9549999	1.3404680208185655	1.5798231230000002	-0.23935510218143463
9550000	9599999	1.3404680208185655	1.5798231230000002	-0.23935510218143463
9600000	9649999	1.3404680208185655	1.5798231230000002	-0.23935510218143463
9650000	9699999	1.3404680208185655	1.5798231230000002	-0.23935510218143463
9700000	9749999	1.3404680208185655	1.5798231230000002	-0.23935510218143463
9750000	9799999	1.3404680208185655	1.5798231230000002	-0.23935510218143463
9800000	9849999	1.3404680208185655	1.5798231230000002	-0.23935510218143463
9850000	9899999	1.3404680208185655	1.5798231230000002	-0.23935510218143463
9900000	9949999	1.3404680208185655	1.5798231230000002	-0.23935510218143463
9950000	9999999	1.3404680208185655	1.5798231230000002	-0.23935510218143463
10000000	10049999	1.3404680208185655	1.5798231230000002	-0.23935510218143463
10050000	10099999	1.3404680208185655	1.5798231230000002	-0.23935510218143463
10100000	10149999	1.3404680208185655	1.5798231230000002	-0.23935510218143463
10150000	10199999	1.3404680208185655	1.5798231230000002	-0.23935510218143463
10200000	10249999	1.3404680208185655	1.5798231230000002	-0.23935510218143463
10250000	10299999	1.3404680208185655	1.5798231230000002	-0.23935510218143463
10300000	10349999	1.3404680208185655	1.5798231230000002	-0.23935510218143463
10350000	10399999	1.3404680208185655	1.5798231230000002	-0.23935510218143463
10400000	10449999	1.3404680208185655	1.5798231230000002	-0.23935510218143463
10450000	10499999	1.3404680208185655	1.5798231230000002	-0.23935510218143463
10500000	10549999	1.3404680208185655	1.5798231230000002	-0.23935510218143463
10550000	10599999	1.3404680208185655	1.5798231230000002	-0.23935510218143463
10600000	10649999	1.3404680208185655	1.5798231230000002	-0.23935510218143463
10650000	10699999	1.3404680208185655	1.5798231230000002	-0.23935510218143463
10700000	10749999	1.3404680208185655	1.5798231230000002	-0.23935510218143463
10750000	10799999	1.3404680208185655	1.5798231230000002	-0.23935510218143463
10800000	10849999	1.3404680208185655	1.5798231230000002	-0.23935510218143463
10850000	10899999	1.3404680208185655	1.5798231230000002	-0.23935510218143463
10900000	10949999	1.3404680208185655	1.5798231230000002	-0.23935510218143463
10950000	10999999	1.3404680208185655	1.5798231230000002	-0.23935510218143463
11000000	11049999	1.3404680208185655	1.5798231230000002	-0.23935510218143463
11050000	11099999	1.3404680208185655	1.5798231230000002	-0.23935510218143463
11100000	11149999	1.3404680208185655	1.5798231230000002	-0.23935510218143463
11150000	11199999	1.3404680208185655	1.5798231230000002	-0.23935510218143463
11200000	11249999	1.3404680208185655	1.5798231230000002	-0.23935510218143463
11250000	11299999	1.3404680208185655	1.5798231230000002	-0.23935510218143463
11300000	11349999	1.3404680208185655	1.5798231230000002	-0.23935510218143463
11350000	11399999	1.3404680208185655	1.5798231230000002	-0.23935510218143463
11400000	11449999	1.3404680208185655	1.5798231230000002	-0.23935510218143463
11450000	11499999	1.3404680208185655	1.5798231230000002	-0.23935510218143463
11500000	11549999	1.3404680208185655	1.5798231230000002	-0.23935510218143463
11550000	11599999	1.3404680208185655	1.5798231230000002	-0.23935510218143463
11600000	11649999	1.3404680208185655	1.5798231230000002	-0.23935510218143463
11650000	11699999	1.3404680208185655	1.5798231230000002	-0.23935510218143463
11700000	11749999	1.3404680208185655	1.5798231230000002	-0.23935510218143463
11750000	11799999	1.3404680208185655	1.5798231230000002	-0.23935510218143463
11800000	11849999	1.3404680208185655	1.5798231230000002	-0.23935510218143463
11850000	11899999	1.3404680208185655	1.5798231230000002	-0.23935510218143463
11900000	11949999	1.3404680208185655	1.5798231230000002	-0.23935510218143463
11950000	11999999	1.3404680208185655	1.5798231230000002	-0.23935510218143463
12000000	12049999	1.3404680208185655	1.5798231230000002	-0.23935510218143463
12050000	12099999	1.3404680208185655	1.5798231230000002	-0.23935510218143463
12100000	12149999	1.3404680208185655	1.5798231230000002	-0.23935510218143463
12150000	12199999	1.3404680208185655	1.5798231230000002	-0.23935510218143463
12200000	12249999	1.3404680208185655	1.5798231230000002	-0.23935510218143463
12250000	12299999	1.3404680208185655	1.5798231230000002	-0.23935510218143463
12300000	12349999	1.3404680208185655	1.5798231230000002	-0.23935510218143463
12350000	12399999	1.3404680208185655	1.5798231230000002	-0.23935510218143463
12400000	12449999	1.3404680208185655	1.5798231230000002	-0.23935510218143463
12450000	12499999	1.3404680208185655	1.5798231230000002	-0.23935510218143463
12500000	12549999	1.3404680208185655	1.5798231230000002	-0.23935510218143463
12550000	12599999	1.3404680208185655	1.5798231230000002	-0.23935510218143463
12600000	12649999	1.3404680208185655	1.5798231230000002	-0.23935510218143463
12650000	12699999	1.3404680208185655	1.5798231230000002	-0.23935510218143463
12700000	12749999	1.3404680208185655	1.5798231230000002	-0.23935510218143463
12750000	12799999	1.3404680208185655	1.5798231230000002	-0.23935510218143463
12800000	12849999	1.3404680208185655	1.5798231230000002	-0.23935510218143463
12850000	12899999	1.3404680208185655	1.5798231230000002	-0.23935510218143463
12900000	12949999	1.3404680208185655	1.5798231230000002	-0.23935510218143463
12950000	12999999	1.3404680208185655	1.5798231230000002	-0.23935510218143463
13000000	13049999	1.3404680208185655	1.5798231230000002	-0.23935510218143463
13050000	13099999	1.3404680208185655	1.5798231230000002	-0.23935510218143463
13100000	13149999	1.3404680208185655	1.5798231230000002	-0.23935510218143463
13150000	13199999	1.3404680208185655	1.5798231230000002	-0.23935510218143463
13200000	13249999	1.3404680208185655	1.5798231230000002	-0.23935510218143463
13250000	13299999	1.3404680208185655	1.5798231230000002	-0.23935510218143463
13300000	13349999	1.3404680208185655	1.5798231230000002	-0.23935510218143463
13350000	13399999	1.3404680208185655	1.5798231230000002	-0.23935510218143463
13400000	13449999	1.3404680208185655	1.5798231230000002	-0.23935510218143463
13450000	13499999	1.3404680208185655	1.5798231230000002	-0.23935510218143463
13500000	13549999	1.3404680208185655	1.5798231230000002	-0.23935510218143463
13550000	13599999	1.3404680208185655	1.5798231230000002	-0.23935510218143463
13600000	13649999	1.3404680208185655	1.5798231230000002	-0.23935510218143463
13650000	13699999	1.3404680208185655	1.5798231230000002	-0.23935510218143463
13700000	13749999	1.3404680208185655	1.5798231230000002	-0.23935510218143463
13750000	13799999	1.3404680208185655	1.5798231230000002	-0.23935510218143463
13800000	13849999	1.3404680208185655	1.5798231230000002	-0.23935510218143463
13850000	13899999	1.3404680208185655	1.5798231230000002	-0.23935510218143463
13900000	13949999	1.3404680208185655	1.5798231230000002	-0.23935510218143463
13950000	13999999	1.3404680208185655	1.5798231230000002	-0.23935510218143463
14000000	14049999	1.3404680208185655	1.5798231230000002	-0.23935510218143463
14050000	14099999	1.3404680208185655	1.5798231230000002	-0.23935510218143463
14100000	14149999	1.3404680208185655	1.5798231230000002	-0.23935510218143463
14150000	14199999	1.3404680208185655	1.5798231230000002	-0.23935510218143463
14200000	14249999	1.3404680208185655	1.5798231230000002	-0.23935510218143463
14250000	14299999	1.3404680208185655	1.5798231230000002	-0.23935510218143463
14300000	14349999	1.3404680208185655	1.5798231230000002	-0.23935510218143463
14350000	14399999	1.3404680208185655	1.5798231230000002	-0.23935510218143463
14400000	14449999	1.3404680208185655	1.5798231230000002	-0.23935510218143463
14450000	14499999	1.3404680208185655	1.5798231230000002	-0.23935510218143463
14500000	14549999	1.3404680208185655	1.5798231230000002	-0.23935510218143463
14550000	14599999	1.3404680208185655	1.5798231230000002	-0.23935510218143463
14600000	14649999	1.3404680208185655	1.5798231230000002	-0.23935510218143463
14650000	14699999	1.3404680208185655	1.5798231230000002	-0.23935510218143463
14700000	14749999	1.3404680208185655	1.5798231230000002	-0.23935510218143463
14750000	14799999	1.3404680208185655	1.5798231230000002	-0.23935510218143463
14800000	14849999	1.3404680208185655	1.5798231230000002	-0.23935510218143463
14850000	14899999	1.3404680208185655	1.5798231230000002	-0.23935510218143463
14900000	14949999	1.3404680208185655	1.5798231230000002	-0.23935510218143463
14950000	14999999	1.3404680208185655	1.5798231230000002	-0.23935510218143463
15000000	15049999	1.3404680208185655	1.5798231230000002	-0.23935510218143463
15050000	15099999	1.3404680208185655	1.5798231230000002	-0.23935510218143463
15100000	15149999	1.3404680208185655	1.5798231230000002	-0.23935510218143463
15150000	15199999	1.3404680208185655	1.5798231230000002	-0.23935510218143463
15200000	15249999	1.3404680208185655	1.5798231230000002	-0.23935510218143463
15250000	15299999	1.3404680208185655	1.5798231230000002	-0.23935510218143463
15300000	15349999	1.3404680208185655	1.5798231230000002	-0.23935510218143463
15350000	15399999	1.3404680208185655	1.5798231230000002	-0.23935510218143463
15400000	15449999	1.3404680208185655	1.5798231230000002	-0.23935510218143463
15450000	15499999	1.3404680208185655	1.5798231230000002	-0.23935510218143463
15500000	15549999	1.3404680208185655	1.5798231230000002	-0.23935510218143463
15550000	15599999	1.3404680208185655	1.5798231230000002	-0.23935510218143463
15600000	15649999	1.3404680208185655	1.5798231230000002	-0.23935510218143463
15650000	15699999	1.3404680208185655	1.5798231230000002	-0.23935510218143463
15700000	15749999	1.3404680208185655	1.5798231230000002	-0.23935510218143463
15750000	15799999	1.3404680208185655	1.5798231230000002	-0.23935510218143463
15800000	15849999	1.3404680208185655	1.5798231230000002	-0.23935510218143463
15850000	15899999	1.3404680208185655	1.5798231230000002	-0.23935510218143463
15900000	15949999	1.3404680208185655	1.5798231230000002	-0.23935510218143463
15950000	15999999	1.3404680208185655	1.5798231230000002	-0.23935510218143463
16000000	16049999	1.3404680208185655	1.5798231230000002	-0.23935510218143463
16050000	16099999	1.3404680208185655	1.5798231230000002	-0.23935510218143463
16100000	16149999	1.3404680208185655	1.5798231230000002	-0.23935510218143463
16150000	16199999	1.3404680208185655	1.5798231230000002	-0.23935510218143463
16200000	16249999	1.3404680208185655	1.5798231230000002	-0.23935510218143463
16250000	16299999	1.3404680208185655	1.5798231230000002	-0.23935510218143463
16300000	16349999	1.3404680208185655	1.5798231230000002	-0.23935510218143463
16350000	16399999	1.3404680208185655	1.5798231230000002	-0.23935510218143463
16400000	16449999	1.3404680208185655	1.5798231230000002	-0.23935510218143463
16450000	16499999	1.3404680208185655	1.5798231230000002	-0.23935510218143463
16500000	16549999	1.3404680208185655	1.5798231230000002	-0.23935510218143463
16550000	16599999	1.3404680208185655	1.5798231230000002	-0.23935510218143463
16600000	16649999	1.3404680208185655	1.5798231230000002	-0.23935510218143463
16650000	16699999	1.3404680208185655	1.5798231230000002	-0.23935510218143463
16700000	16749999	1.3404680208185655	1.5798231230000002	-0.23935510218143463
16750000	16799999	1.3404680208185655	1.5798231230000002	-0.23935510218143463
16800000	16849999	1.3404680208185655	1.5798231230000002	-0.23935510218143463
16850000	16899999	1.3404680208185655	1.5798231230000002	-0.23935510218143463
16900000	16949999	1.3404680208185655	1.5798231230000002	-0.23935510218143463
16950000	16999999	1.3404680208185655	1.5798231230000002	-0.23935510218143463
17000000	17049999	1.3404680208185655	1.5798231230000002	-0.23935510218143463
17050000	17099999	1.3404680208185655	1.5798231230000002	-0.23935510218143463
17100000	17149999	1.3404680208185655	1.5798231230000002	-0.23935510218143463
17150000	17199999	1.3404680208185655	1.5798231230000002	-0.23935510218143463
17200000	17249999	1.3404680208185655	1.5798231230000002	-0.23935510218143463
17250000	17299999	1.3404680208185655	1.5798231230000002	-0.23935510218143463
17300000	17349999	1.3404680208185655	1.5798231230000002	-0.23935510218143463
17350000	17399999	1.3404680208185655	1.5798231230000002	-0.23935510218143463
17400000	17449999	1.3404680208185655	1.5798231230000002	-0.23935510218143463
17450000	17499999	1.3404680208185655	1.5798231230000002	-0.23935510218143463
17500000	17549999	1.3404680208185655	1.5798231230000002	-0.23935510218143463
17550000	17599999	1.3404680208185655	1.5798231230000002	-0.23935510218143463
17600000	17649999	1.3404680208185655	1.5798231230000002	-0.23935510218143463
17650000	17699999	1.3404680208185655	1.5798231230000002	-0.23935510218143463
17700000	17749999	1.3404680208185655	1.5798231230000002	-0.23935510218143463
17750000	17799999	1.3404680208185655	1.5798231230000002	-0.23935510218143463
17800000	17849999	1.3404680208185655	1.5798231230000002	-0.23935510218143463
17850000	17899999	1.3404680208185655	1.5798231230000002	-0.23935510218143463
17900000	17949999	1.3404680208185655	1.5798231230000002	-0.23935510218143463
17950000	17999999	1.3404680208185655	1.5798231230000002	-0.23935510218143463
18000000	18049999	1.3404680208185655	1.5798231230000002	-0.23935510218143463
18050000	18099999	1.3404680208185655	1.5798231230000002	-0.23935510218143463
18100000	18149999	1.3404680208185655	1.5798231230000002	-0.23935510218143463
18150000	18199999	1.3404680208185655	1.5798231230000002	-0.23935510218143463
18200000	18249999	1.3404680208185655	1.5798231230000002	-0.23935510218143463
18250000	18299999	1.3404680208185655	1.5798231230000002	-0.23935510218143463
18300000	18349999	1.3404680208185655	1.5798231230000002	-0.23935510218143463
18350000	18399999	1.3404680208185655	1.5798231230000002	-0.23935510218143463
18400000	18449999	1.3404680208185655	1.5798231230000002	-0.23935510218143463
18450000	18499999	1.3404680208185655	1.5798231230000002	-0.23935510218143463
18500000	18549999	1.3404680208185655	1.5798231230000002	-0.23935510218143463
18550000	18599999	1.3404680208185655	1.5798231230000002	-0.23935510218143463
18600000	18649999	1.3404680208185655	1.5798231230000002	-0.23935510218143463
18650000	18699999	1.3404680208185655	1.5798231230000002	-0.23935510218143463
18700000	18749999	1.3404680208185655	1.5798231230000002	-0.23935510218143463
18750000	18799999	1.3404680208185655	1.5798231230000002	-0.23935510218143463
18800000	18849999	1.3404680208185655	1.5798231230000002	-0.23935510218143463
18850000	18899999	1.3404680208185655	1.5798231230000002	-0.23935510218143463
18900000	18949999	1.3404680208185655	1.5798231230000002	-0.23935510218143463
18950000	18999999	1.3404680208185655	1.5798231230000002	-0.23935510218143463
19000000	19049999	1.7986522294185656	1.5798231230000002	0.21882910641856546
19050000	19099999	3.457931272914435	1.5798231230000002	1.8781081499144348
19100000	19149999	2.9803897726720825	1.5798231230000002	1.4005666496720823
19150000	19199999	1.598121764860785	1.5798231230000002	0.018298641860784892
19200000	19249999	0.17685345434714672	1.5798231230000002	-1.4029696686528534
19250000	19299999	1.1630818486001222	1.5798231230000002	-0.41674127439987796
19300000	19349999	0.890397518902556	1.5798231230000002	-0.6894256040974441
19350000	19399999	0.08821751471146877	1.5798231230000002	-1.4916056082885314
19400000	19449999	1.6663126865053743	1.5798231230000002	0.08648956350537418
19450000	19499999	0.8586993758613406	1.5798231230000002	-0.7211237471386596
19500000	19549999	0.19765280958507692	1.5798231230000002	-1.3821703134149232
19550000	19599999	0.4003787619619692	1.5798231230000002	-1.179444361038031
19600000	19649999	1.1752534311321108	1.5798231230000002	-0.4045696918678894
19650000	19699999	1.129896349288175	1.5798231230000002	-0.4499267737118251
19700000	19749999	0.627343632557184	1.5798231230000002	-0.9524794904428162
19750000	19799999	1.6100298203249117	1.5798231230000002	0.030206697324911547
19800000	19849999	1.7385993539439455	1.5798231230000002	0.15877623094394533
19850000	19899999	1.289591288826446	1.5798231230000002	-0.29023183417355414
19900000	19949999	0.5474866697278138	1.5798231230000002	-1.0323364532721864
19950000	19999999	0.7990238805459307	1.5798231230000002	-0.7807992424540695
20000000	20049999	0.0	1.5798231230000002	-1.5798231230000002
20050000	20099999	0.3531081255565982	1.5798231230000002	-1.226714997443402
20100000	20149999	0.5102040025000001	1.5798231230000002	-1.0696191205
20150000	20199999	0.5620025951000001	1.5798231230000002	-1.0178205279
20200000	20249999	2.167886082071341	1.5798231230000002	0.5880629590713409
20250000	20299999	2.0407033774255265	1.5798231230000002	0.4608802544255264
20300000	20349999	1.8587178880841024	1.5798231230000002	0.27889476508410227
20350000	20399999	1.9271965338103094	1.5798231230000002	0.34737341081030926
20400000	20449999	1.5780666235369643	1.5798231230000002	-0.0017564994630359099
20450000	20499999	1.8108751763592714	1.5798231230000002	0.23105205335927126
20500000	20549999	2.228486959711609	1.5798231230000002	0.6486638367116089
20550000	20599999	2.1632333060397158	1.5798231230000002	0.5834101830397156
20600000	20649999	2.347128232184717	1.5798231230000002	0.7673051091847167
20650000	20699999	1.6793570267230196	1.5798231230000002	0.0995339037230194
20700000	20749999	1.7131081182083743	1.5798231230000002	0.1332849952083741
20750000	20799999	0.8139170353823549	1.5798231230000002	-0.7659060876176452
20800000	20849999	1.6440461497035677	1.5798231230000002	0.0642230267035675
20850000	20899999	2.112264489315271	1.5798231230000002	0.532441366315271
20900000	20949999	2.0955696847728884	1.5798231230000002	0.5157465617728882
20950000	20999999	2.3062541117745425	1.5798231230000002	0.7264309887745424
21000000	21049999	2.5863044610667174	1.5798231230000002	1.0064813380667172
21050000	21099999	1.219150175616942	1.5798231230000002	-0.3606729473830581
21100000	21149999	1.8178223117287111	1.5798231230000002	0.23799918872871095
21150000	21199999	1.1335882524046252	1.5798231230000002	-0.4462348705953749
21200000	21249999	2.1158303353715944	1.5798231230000002	0.5360072123715942
21250000	21299999	2.3077307998000003	1.5798231230000002	0.7279076768000001
21300000	21349999	1.4180043362049668	1.5798231230000002	-0.16181878679503336
21350000	21399999	2.3154890213000003	1.5798231230000002	0.7356658983000002
21400000	21449999	1.7840845776499086	1.5798231230000002	0.2042614546499084
21450000	21499999	1.7378969903624635	1.5798231230000002	0.15807386736246332
21500000	21549999	2.4150185038000003	1.5798231230000002	0.8351953808000001
21550000	21599999	1.8827463158733826	1.5798231230000002	0.30292319287338243
21600000	21649999	1.967195036104871	1.5798231230000002	0.38737191310487074
21650000	21699999	0.9931156757781312	1.5798231230000002	-0.586707447221869
21700000	21749999	1.5534496529621873	1.5798231230000002	-0.026373470037812874
21750000	21799999	2.3396227686	1.5798231230000002	0.7597996455999998
21800000	21849999	1.786302582184369	1.5798231230000002	0.20647945918436883
21850000	21899999	1.6575193345041352	1.5798231230000002	0.07769621150413508
21900000	21949999	1.7899454672403352	1.5798231230000002	0.21012234424033505
21950000	21999999	2.3825754107000003	1.5798231230000002	0.8027522877000002
22000000	22049999	1.513930809671399	1.5798231230000002	-0.06589231332860113
22050000	22099999	1.3355951951488305	1.5798231230000002	-0.24422792785116965
22100000	22149999	1.8427030793060397	1.5798231230000002	0.26287995630603955
22150000	22199999	1.7747564063705201	1.5798231230000002	0.19493328337051996
22200000	22249999	1.7865830169212527	1.5798231230000002	0.2067598939212525
22250000	22299999	1.888004904195209	1.5798231230000002	0.3081817811952088
22300000	22349999	1.575379082921515	1.5798231230000002	-0.00444404007848509
22350000	22399999	1.6968676834225314	1.5798231230000002	0.1170445604225312
22400000	22449999	1.8012434486082063	1.5798231230000002	0.22142032560820613
22450000	22499999	1.7675175005959107	1.5798231230000002	0.18769437759591057
22500000	22549999	1.9760206280784487	1.5798231230000002	0.39619750507844853
22550000	22599999	1.7642039058491488	1.5798231230000002	0.1843807828491486
22600000	22649999	1.8852740928142	1.5798231230000002	0.30545096981419984
22650000	22699999	1.8349673271986116	1.5798231230000002	0.2551442041986114
22700000	22749999	1.7077772600986574	1.5798231230000002	0.12795413709865722
22750000	22799999	1.8975994995628906	1.5798231230000002	0.3177763765628905
22800000	22849999	2.2694711989228455	1.5798231230000002	0.6896480759228454
22850000	22899999	2.0578231314918094	1.5798231230000002	0.47800000849180924
22900000	22949999	2.5139669163000002	1.5798231230000002	0.9341437933000001
22950000	22999999	1.734306320708475	1.5798231230000002	0.15448319770847485
23000000	23049999	1.306674781553487	1.5798231230000002	-0.27314834144651323
23050000	23099999	2.4413105404	1.5798231230000002	0.8614874173999998
23100000	23149999	1.9218089011597534	1.5798231230000002	0.3419857781597533
23150000	23199999	2.0804428583489445	1.5798231230000002	0.5006197353489443
23200000	23249999	2.0861763723154847	1.5798231230000002	0.5063532493154845
23250000	23299999	2.5492572994417912	1.5798231230000002	0.9694341764417911
23300000	23349999	2.3748906622561528	1.5798231230000002	0.7950675392561526
23350000	23399999	1.768419184914194	1.5798231230000002	0.18859606191419376
23400000	23449999	2.1000417080622684	1.5798231230000002	0.5202185850622683
23450000	23499999	2.6903461198	1.5798231230000002	1.1105229967999999
23500000	23549999	2.1884572042017947	1.5798231230000002	0.6086340812017945
23550000	23599999	1.9232587324242296	1.5798231230000002	0.34343560942422946
23600000	23649999	2.9821057311	1.5798231230000002	1.4022826080999997
23650000	23699999	2.4152859529086426	1.5798231230000002	0.8354628299086424
23700000	23749999	2.1894278907290134	1.5798231230000002	0.6096047677290133
23750000	23799999	2.5204671020862914	1.5798231230000002	0.9406439790862913
23800000	23849999	1.6600129224364535	1.5798231230000002	0.08018979943645332
23850000	23899999	2.3376444556597717	1.5798231230000002	0.7578213326597716
23900000	23949999	1.8617456678798585	1.5798231230000002	0.28192254487985835
23950000	23999999	2.2413263423000003	1.5798231230000002	0.6615032193000001
24000000	24049999	1.379864095443288	1.5798231230000002	-0.19995902755671224
24050000	24099999	0.9284346218691164	1.5798231230000002	-0.6513885011308838
24100000	24149999	1.7211801231640382	1.5798231230000002	0.14135700016403807
24150000	24199999	1.841962515983301	1.5798231230000002	0.2621393929833009
24200000	24249999	1.713231600863968	1.5798231230000002	0.13340847786396792
24250000	24299999	2.1215108784333743	1.5798231230000002	0.5416877554333741
24300000	24349999	2.1604261169029053	1.5798231230000002	0.5806029939029052
24350000	24399999	1.4426860575621552	1.5798231230000002	-0.13713706543784498
24400000	24449999	1.625779911082486	1.5798231230000002	0.04595678808248582
24450000	24499999	1.4250754762302522	1.5798231230000002	-0.15474764676974795
24500000	24549999	1.8865626720741335	1.5798231230000002	0.30673954907413337
24550000	24599999	1.929864311943207	1.5798231230000002	0.3500411889432069
24600000	24649999	1.9255380254697205	1.5798231230000002	0.34571490246972036
24650000	24699999	1.7281416930839297	1.5798231230000002	0.14831857008392957
24700000	24749999	2.2733138504408084	1.5798231230000002	0.6934907274408082
24750000	24799999	1.3992452621928735	1.5798231230000002	-0.18057786080712668
24800000	24849999	2.1038252937079958	1.5798231230000002	0.5240021707079956
24850000	24899999	2.3981719754118958	1.5798231230000002	0.8183488524118956
24900000	24949999	0.3959694583000002	1.5798231230000002	-1.1838536647
24950000	24999999	0.9362939620135072	1.5798231230000002	-0.6435291609864929
25000000	25049999	1.6759734678276583	1.5798231230000002	0.09615034482765816
25050000	25099999	1.3795771474040877	1.5798231230000002	-0.2002459755959125
25100000	25149999	1.2196776865053702	1.5798231230000002	-0.36014543649462993
25150000	25199999	0.6851444301035983	1.5798231230000002	-0.8946786928964019
25200000	25249999	1.226093955034811	1.5798231230000002	-0.3537291679651893
25250000	25299999	1.0950850579827378	1.5798231230000002	-0.48473806501726235
25300000	25349999	1.4205163653352098	1.5798231230000002	-0.1593067576647904
25350000	25399999	1.5017677250060442	1.5798231230000002	-0.078055397993956
25400000	25449999	1.697182710232883	1.5798231230000002	0.11735958723288276
25450000	25499999	1.632982023182825	1.5798231230000002	0.053158900182824764
25500000	25549999	1.0695126443450196	1.5798231230000002	-0.5103104786549806
25550000	25599999	0.9832817609018053	1.5798231230000002	-0.5965413620981949
25600000	25649999	0.4793375257326722	1.5798231230000002	-1.100485597267328
25650000	25699999	0.6758882624703981	1.5798231230000002	-0.903934860529602
25700000	25749999	1.0101176618965142	1.5798231230000002	-0.569705461103486
25750000	25799999	1.0270084244056905	1.5798231230000002	-0.5528146985943097
25800000	25849999	0.761477007786197	1.5798231230000002	-0.8183461152138032
25850000	25899999	0.8551581509767946	1.5798231230000002	-0.7246649720232056
25900000	25949999	0.8990701728957353	1.5798231230000002	-0.6807529501042648
25950000	25999999	0.9545592495304613	1.5798231230000002	-0.6252638734695388
26000000	26049999	1.0097698819441363	1.5798231230000002	-0.5700532410558639
26050000	26099999	0.8967057238819094	1.5798231230000002	-0.6831173991180908
26100000	26149999	1.0734575406225733	1.5798231230000002	-0.5063655823774269
26150000	26199999	0.9405528013837503	1.5798231230000002	-0.6392703216162499
26200000	26249999	0.6821497432807527	1.5798231230000002	-0.8976733797192474
26250000	26299999	0.9762085915131776	1.5798231230000002	-0.6036145314868225
26300000	26349999	1.0332782074480678	1.5798231230000002	-0.5465449155519324
26350000	26399999	0.9499124753684679	1.5798231230000002	-0.6299106476315323
26400000	26449999	0.8045028351529299	1.5798231230000002	-0.7753202878470703
26450000	26499999	1.0134651648068056	1.5798231230000002	-0.5663579581931946
26500000	26549999	0.9990007159617265	1.5798231230000002	-0.5808224070382737
26550000	26599999	0.969016576411551	1.5798231230000002	-0.6108065465884491
26600000	26649999	1.162478555419014	1.5798231230000002	-0.41734456758098615
26650000	26699999	1.0649762358521992	1.5798231230000002	-0.5148468871478009
26700000	26749999	1.1149677810136034	1.5798231230000002	-0.4648553419863968
26750000	26799999	1.0240403341614817	1.5798231230000002	-0.5557827888385185
26800000	26849999	0.661727648962787	1.5798231230000002	-0.9180954740372131
26850000	26899999	0.9885825165184694	1.5798231230000002	-0.5912406064815308
26900000	26949999	0.8589190962969057	1.5798231230000002	-0.7209040267030945
26950000	26999999	0.7793085396339419	1.5798231230000002	-0.8005145833660583
27000000	27049999	1.2216594189773866	1.5798231230000002	-0.35816370402261355
27050000	27099999	0.9411396623160981	1.5798231230000002	-0.638683460683902
27100000	27149999	0.7980730373445497	1.5798231230000002	-0.7817500856554505
27150000	27199999	0.794971236169922	1.5798231230000002	-0.7848518868300781
27200000	27249999	0.7411736832918214	1.5798231230000002	-0.8386494397081787
27250000	27299999	0.9091808236485963	1.5798231230000002	-0.6706422993514038
27300000	27349999	1.5540115415836133	1.5798231230000002	-0.025811581416386842
27350000	27399999	1.432912150804635	1.5798231230000002	-0.1469109721953652
27400000	27449999	0.6685733722676943	1.5798231230000002	-0.9112497507323059
27450000	27499999	0.7697925770971743	1.5798231230000002	-0.8100305459028259
27500000	27549999	0.740867553257712	1.5798231230000002	-0.8389555697422881
27550000	27599999	1.0579677547576876	1.5798231230000002	-0.5218553682423126
27600000	27649999	1.0174486253002855	1.5798231230000002	-0.5623744976997147
27650000	27699999	0.9922136970546969	1.5798231230000002	-0.5876094259453033
27700000	27749999	1.1120169952454249	1.5798231230000002	-0.4678061277545753
27750000	27799999	1.1433797516259907	1.5798231230000002	-0.43644337137400946
27800000	27849999	1.1592381795379396	1.5798231230000002	-0.42058494346206055
27850000	27899999	1.18881667440515	1.5798231230000002	-0.3910064485948501
27900000	27949999	1.0347588674201524	1.5798231230000002	-0.5450642555798477
27950000	27999999	0.8299345208359101	1.5798231230000002	-0.74988860216409
28000000	28049999	1.0145055531789187	1.5798231230000002	-0.5653175698210815
28050000	28099999	1.2656753159882224	1.5798231230000002	-0.3141478070117778
28100000	28149999	0.9102940162027804	1.5798231230000002	-0.6695291067972198
28150000	28199999	0.948754460639786	1.5798231230000002	-0.6310686623602142
28200000	28249999	1.5658633398623736	1.5798231230000002	-0.01395978313762658
28250000	28299999	1.6732826423014704	1.5798231230000002	0.09345951930147023
28300000	28349999	0.843385553408362	1.5798231230000002	-0.7364375695916382
28350000	28399999	0.9341896092832216	1.5798231230000002	-0.6456335137167786
28400000	28449999	1.1232978221317964	1.5798231230000002	-0.45652530086820375
28450000	28499999	1.2093699014437724	1.5798231230000002	-0.37045322155622773
28500000	28549999	1.2765474945823336	1.5798231230000002	-0.30327562841766653
28550000	28599999	1.0407626636344163	1.5798231230000002	-0.5390604593655839
28600000	28649999	0.9257532009487733	1.5798231230000002	-0.6540699220512268
28650000	28699999	0.6401273836855592	1.5798231230000002	-0.939695739314441
28700000	28749999	0.965663014572748	1.5798231230000002	-0.6141601084272522
28750000	28799999	0.9332591922004716	1.5798231230000002	-0.6465639307995286
28800000	28849999	1.0231564162806162	1.5798231230000002	-0.556666706719384
28850000	28899999	1.224391118987916	1.5798231230000002	-0.3554320040120842
28900000	28949999	1.1102110952094366	1.5798231230000002	-0.46961202779056355
28950000	28999999	0.9407869695205064	1.5798231230000002	-0.6390361534794937
29000000	29049999	1.0004998527356066	1.5798231230000002	-0.5793232702643936
29050000	29099999	0.41478144199992695	1.5798231230000002	-1.1650416810000732
29100000	29149999	0.20901443210000004	1.5798231230000002	-1.3708086909000001
29150000	29199999	0.3154135678000003	1.5798231230000002	-1.2644095551999999
29200000	29249999	0.2508313268000002	1.5798231230000002	-1.3289917962
29250000	29299999	1.1976488259113802	1.5798231230000002	-0.38217429708861994
29300000	29349999	1.5560468776219265	1.5798231230000002	-0.023776245378073657
29350000	29399999	1.3552774996675128	1.5798231230000002	-0.2245456233324874
29400000	29449999	1.4510470315054018	1.5798231230000002	-0.12877609149459834
29450000	29499999	1.4189524567314766	1.5798231230000002	-0.16087066626852353
29500000	29549999	1.5600227847473458	1.5798231230000002	-0.01980033825265437
29550000	29599999	1.361804444728672	1.5798231230000002	-0.21801867827132826
29600000	29649999	1.006093630323793	1.5798231230000002	-0.5737294926762071
29650000	29699999	1.363348927051474	1.5798231230000002	-0.21647419594852613
29700000	29749999	1.2148440894210997	1.5798231230000002	-0.3649790335789005
29750000	29799999	1.3097233787624345	1.5798231230000002	-0.27009974423756566
29800000	29849999	1.4221099117500338	1.5798231230000002	-0.1577132112499664
29850000	29899999	1.3392653250361024	1.5798231230000002	-0.24055779796389776
29900000	29949999	1.2547756931301512	1.5798231230000002	-0.3250474298698489
29950000	29999999	0.8654185489318789	1.5798231230000002	-0.7144045740681213
30000000	30049999	0.4081638768822329	1.5798231230000002	-1.1716592461177673
30050000	30099999	1.4695310302449411	1.5798231230000002	-0.11029209275505902
30100000	30149999	1.7889349598977877	1.5798231230000002	0.20911183689778756
30150000	30199999	1.2519519324643662	1.5798231230000002	-0.32787119053563396
30200000	30249999	1.3781432709793582	1.5798231230000002	-0.20167985202064198
30250000	30299999	1.433112732742113	1.5798231230000002	-0.14671039025788724
30300000	30349999	1.303946810515532	1.5798231230000002	-0.2758763124844681
30350000	30399999	1.0654141725583788	1.5798231230000002	-0.5144089504416214
30400000	30449999	0.9013866743654162	1.5798231230000002	-0.678436448634584
30450000	30499999	1.0830655106866243	1.5798231230000002	-0.4967576123133759
30500000	30549999	1.0897771625193755	1.5798231230000002	-0.49004596048062465
30550000	30599999	1.0802090034387026	1.5798231230000002	-0.49961411956129753
30600000	30649999	0.9538646382289064	1.5798231230000002	-0.6259584847710937
30650000	30699999	0.8035124180821718	1.5798231230000002	-0.7763107049178284
30700000	30749999	0.9594325987257143	1.5798231230000002	-0.6203905242742859
30750000	30799999	1.0396918354649385	1.5798231230000002	-0.5401312875350617
30800000	30849999	1.294260563785653	1.5798231230000002	-0.28556255921434714
30850000	30899999	1.6637433661753176	1.5798231230000002	0.08392024317531743
30900000	30949999	1.7438819572841675	1.5798231230000002	0.16405883428416734
30950000	30999999	1.552208361594872	1.5798231230000002	-0.027614761405128085
31000000	31049999	1.3057225964168275	1.5798231230000002	-0.27410052658317263
31050000	31099999	1.7467884894902421	1.5798231230000002	0.16696536649024196
31100000	31149999	1.5524011183893556	1.5798231230000002	-0.02742200461064459
31150000	31199999	1.665751654808326	1.5798231230000002	0.08592853180832583
31200000	31249999	1.8067893220778353	1.5798231230000002	0.2269661990778351
31250000	31299999	2.597268884428534	1.5798231230000002	1.017445761428534
31300000	31349999	1.5280941028095927	1.5798231230000002	-0.05172902019040748
31350000	31399999	1.6307333229368044	1.5798231230000002	0.050910199936804235
31400000	31449999	1.6303087591673762	1.5798231230000002	0.050485636167376
31450000	31499999	2.1363857472076417	1.5798231230000002	0.5565626242076416
31500000	31549999	2.6069655301	1.5798231230000002	1.0271424071
31550000	31599999	1.1183502018472629	1.5798231230000002	-0.4614729211527373
31600000	31649999	1.4749075044302538	1.5798231230000002	-0.1049156185697464
31650000	31699999	1.7302297299964235	1.5798231230000002	0.1504066069964234
31700000	31749999	2.3695614037383486	1.5798231230000002	0.7897382807383484
31750000	31799999	1.5888727850400606	1.5798231230000002	0.009049662040060413
31800000	31849999	1.444593462004761	1.5798231230000002	-0.13522966099523925
31850000	31899999	1.4224462120451333	1.5798231230000002	-0.15737691095486683
31900000	31949999	0.8412451886472353	1.5798231230000002	-0.7385779343527649
31950000	31999999	0.8969758036984316	1.5798231230000002	-0.6828473193015686
32000000	32049999	1.2990780636360917	1.5798231230000002	-0.2807450593639085
32050000	32099999	1.4669856607168283	1.5798231230000002	-0.11283746228317182
32100000	32149999	1.6311547928184176	1.5798231230000002	0.051331669818417414
32150000	32199999	1.4646749820229814	1.5798231230000002	-0.11514814097701875
32200000	32249999	1.5681898695976106	1.5798231230000002	-0.01163325340238952
32250000	32299999	1.5252439929119757	1.5798231230000002	-0.05457913008802451
32300000	32349999	1.4721107831629427	1.5798231230000002	-0.10771233983705741
32350000	32399999	0.8679655952023134	1.5798231230000002	-0.7118575277976867
32400000	32449999	1.4066518448437975	1.5798231230000002	-0.1731712781562027
32450000	32499999	1.8998623872236513	1.5798231230000002	0.32003926422365114
32500000	32549999	1.2651729269127365	1.5798231230000002	-0.31465019608726363
32550000	32599999	1.9073234554995881	1.5798231230000002	0.327500332499588
32600000	32649999	2.2112461112164983	1.5798231230000002	0.6314229882164981
32650000	32699999	1.3569290008858759	1.5798231230000002	-0.2228941221141243
32700000	32749999	0.41909347099341443	1.5798231230000002	-1.1607296520065857
32750000	32799999	1.4810181804114535	1.5798231230000002	-0.09880494258854666
32800000	32849999	1.7746237262177278	1.5798231230000002	0.19480060321772763
32850000	32899999	1.4542266228408356	1.5798231230000002	-0.12559650015916457
32900000	32949999	1.3098826379656296	1.5798231230000002	-0.2699404850343705
32950000	32999999	1.0099461006582215	1.5798231230000002	-0.5698770223417786
33000000	33049999	0.3862528032000001	1.5798231230000002	-1.1935703198
33050000	33099999	0.3942779974985109	1.5798231230000002	-1.1855451255014893
33100000	33149999	1.2903658760452248	1.5798231230000002	-0.28945724695477537
33150000	33199999	1.2015185147962235	1.5798231230000002	-0.37830460820377665
33200000	33249999	1.4097415652174534	1.5798231230000002	-0.17008155778254674
33250000	33299999	1.201914494753781	1.5798231230000002	-0.3779086282462192
33300000	33349999	1.0771424021345908	1.5798231230000002	-0.5026807208654094
33350000	33399999	1.385005493830697	1.5798231230000002	-0.19481762916930312
33400000	33449999	1.0944962263795581	1.5798231230000002	-0.48532689662044204
33450000	33499999	1.174732602057213	1.5798231230000002	-0.4050905209427871
33500000	33549999	1.1762775702691972	1.5798231230000002	-0.40354555273080295
33550000	33599999	1.161068947220167	1.5798231230000002	-0.4187541757798332
33600000	33649999	1.1216301532042283	1.5798231230000002	-0.45819296979577184
33650000	33699999	1.2257201340131534	1.5798231230000002	-0.3541029889868468
33700000	33749999	1.391165524939741	1.5798231230000002	-0.18865759806025917
33750000	33799999	0.9553030631404054	1.5798231230000002	-0.6245200598595948
33800000	33849999	1.4432453682823039	1.5798231230000002	-0.1365777547176963
33850000	33899999	1.3721343568032283	1.5798231230000002	-0.2076887661967719
33900000	33949999	1.1147673140743684	1.5798231230000002	-0.4650558089256318
33950000	33999999	1.3557907818074837	1.5798231230000002	-0.22403234119251647
34000000	34049999	1.348939358395027	1.5798231230000002	-0.23088376460497306
34050000	34099999	1.8643440871082033	1.5798231230000002	0.28452096410820316
34100000	34149999	1.4558369207349366	1.5798231230000002	-0.12398620226506352
34150000	34199999	1.5714546032223673	1.5798231230000002	-0.008368519777632866
34200000	34249999	1.2362045657461627	1.5798231230000002	-0.3436185572538375
34250000	34299999	0.3417178778390748	1.5798231230000002	-1.2381052451609253
34300000	34349999	1.1754631377010285	1.5798231230000002	-0.40435998529897166
34350000	34399999	2.2510439498340453	1.5798231230000002	0.6712208268340452
34400000	34449999	1.739133652180179	1.5798231230000002	0.15931052918017885
34450000	34499999	2.431098087505231	1.5798231230000002	0.8512749645052309
34500000	34549999	2.2986141008752075	1.5798231230000002	0.7187909778752073
34550000	34599999	1.0286511754480592	1.5798231230000002	-0.551171947551941
34600000	34649999	1.5308806337518481	1.5798231230000002	-0.04894248924815203
34650000	34699999	1.1889264753379163	1.5798231230000002	-0.3908966476620839
34700000	34749999	1.1580034073489214	1.5798231230000002	-0.4218197156510788
34750000	34799999	0.6707234828868653	1.5798231230000002	-0.9090996401131348
34800000	34849999	0.9637938805650239	1.5798231230000002	-0.6160292424349763
34850000	34899999	1.9036699870739473	1.5798231230000002	0.32384686407394714
34900000	34949999	1.8233296911660524	1.5798231230000002	0.2435065681660522
34950000	34999999	1.5560711809661072	1.5798231230000002	-0.02375194203389297
35000000	35049999	0.4578960992202943	1.5798231230000002	-1.1219270237797059
35050000	35099999	1.3961165491435221	1.5798231230000002	-0.18370657385647804
35100000	35149999	1.7682502320197084	1.5798231230000002	0.18842710901970827
35150000	35199999	1.8279135415152346	1.5798231230000002	0.2480904185152344
35200000	35249999	1.658802262668718	1.5798231230000002	0.07897913966871783
35250000	35299999	1.6494475676207392	1.5798231230000002	0.06962444462073902
35300000	35349999	1.6536324022247562	1.5798231230000002	0.073809279224756
35350000	35399999	1.990849644251404	1.5798231230000002	0.41102652125140393
35400000	35449999	1.7245256693191835	1.5798231230000002	0.14470254631918333
35450000	35499999	1.5299708330962183	1.5798231230000002	-0.04985228990378188
35500000	35549999	1.6268064164185794	1.5798231230000002	0.04698329341857921
35550000	35599999	1.1275946528014589	1.5798231230000002	-0.4522284701985413
35600000	35649999	1.2926182589240511	1.5798231230000002	-0.28720486407594903
35650000	35699999	2.006823487807068	1.5798231230000002	0.4270003648070677
35700000	35749999	1.817585803336438	1.5798231230000002	0.23776268033643788
35750000	35799999	1.895969950741675	1.5798231230000002	0.3161468277416748
35800000	35849999	2.3073356466813664	1.5798231230000002	0.7275125236813662
35850000	35899999	0.3708460873000001	1.5798231230000002	-1.2089770357
35900000	35949999	0.5186990347467286	1.5798231230000002	-1.0611240882532715
35950000	35999999	1.8729323307409913	1.5798231230000002	0.29310920774099114
36000000	36049999	1.9569778647004	1.5798231230000002	0.37715474170039975
36050000	36099999	2.0776857843884278	1.5798231230000002	0.4978626613884276
36100000	36149999	1.511356418442215	1.5798231230000002	-0.06846670455778514
36150000	36199999	1.7516992202198343	1.5798231230000002	0.1718760972198341
36200000	36249999	2.2150039084550324	1.5798231230000002	0.6351807854550322
36250000	36299999	1.0789781151457705	1.5798231230000002	-0.5008450078542297
36300000	36349999	0.9775431516576234	1.5798231230000002	-0.6022799713423768
36350000	36399999	1.137410225411725	1.5798231230000002	-0.44241289758827507
36400000	36449999	1.4098952471207582	1.5798231230000002	-0.16992787587924196
36450000	36499999	1.3772914390225253	1.5798231230000002	-0.2025316839774749
36500000	36549999	1.2089398960140092	1.5798231230000002	-0.37088322698599097
36550000	36599999	1.759860376860303	1.5798231230000002	0.18003725386030278
36600000	36649999	1.3405658502859827	1.5798231230000002	-0.23925727271401742
36650000	36699999	0.7856674544297761	1.5798231230000002	-0.794155668570224
36700000	36749999	1.6850236043832583	1.5798231230000002	0.1052004813832581
36750000	36799999	2.727166073302393	1.5798231230000002	1.1473429503023929
36800000	36849999	1.2201203448944153	1.5798231230000002	-0.3597027781055848
36850000	36899999	1.0522367595044877	1.5798231230000002	-0.5275863634955125
36900000	36949999	1.3645786248643	1.5798231230000002	-0.21524449813570024
36950000	36999999	1.0836530159532545	1.5798231230000002	-0.4961701070467457
37000000	37049999	1.1703235941057404	1.5798231230000002	-0.4094995288942598
37050000	37099999	0.6572859297925417	1.5798231230000002	-0.9225371932074584
37100000	37149999	0.9048864572625581	1.5798231230000002	-0.674936665737442
37150000	37199999	1.4583166564276888	1.5798231230000002	-0.12150646657231134
37200000	37249999	1.4320190164058413	1.5798231230000002	-0.14780410659415888
37250000	37299999	1.8829346451814775	1.5798231230000002	0.3031115221814773
37300000	37349999	1.6759677840849077	1.5798231230000002	0.09614466108490749
37350000	37399999	1.4542860752263849	1.5798231230000002	-0.1255370477736153
37400000	37449999	1.4393594817887758	1.5798231230000002	-0.14046364121122434
37450000	37499999	2.012632977368985	1.5798231230000002	0.43280985436898467
37500000	37549999	2.0892581492638005	1.5798231230000002	0.5094350262638003
37550000	37599999	1.8715100293778124	1.5798231230000002	0.29168690637781225
37600000	37649999	1.634963118139354	1.5798231230000002	0.05513999513935386
37650000	37699999	0.8279111733848817	1.5798231230000002	-0.7519119496151184
37700000	37749999	0.9815517752000003	1.5798231230000002	-0.5982713477999999
37750000	37799999	1.254558241335959	1.5798231230000002	-0.3252648816640411
37800000	37849999	1.555349816344707	1.5798231230000002	-0.024473306655293126
37850000	37899999	1.6690380750665605	1.5798231230000002	0.08921495206656038
37900000	37949999	1.6223951583786471	1.5798231230000002	0.042572035378646955
37950000	37999999	1.6770636407051576	1.5798231230000002	0.0972405177051574
38000000	38049999	1.2762285434076266	1.5798231230000002	-0.30359457959237357
38050000	38099999	0.9531265424975965	1.5798231230000002	-0.6266965805024036
38100000	38149999	1.3027175307139367	1.5798231230000002	-0.27710559228606346
38150000	38199999	1.1613810242319489	1.5798231230000002	-0.4184420987680513
38200000	38249999	1.3413152658196184	1.5798231230000002	-0.2385078571803818
38250000	38299999	1.4337213484042879	1.5798231230000002	-0.14610177459571227
38300000	38349999	0.6392354061762697	1.5798231230000002	-0.9405877168237304
38350000	38399999	0.8410400050073823	1.5798231230000002	-0.7387831179926179
38400000	38449999	0.7690569420294008	1.5798231230000002	-0.8107661809705994
38450000	38499999	1.0963779818883481	1.5798231230000002	-0.48344514111165204
38500000	38549999	1.0911679738102857	1.5798231230000002	-0.4886551491897144
38550000	38599999	1.0937107399661314	1.5798231230000002	-0.4861123830338687
38600000	38649999	1.1934663808951733	1.5798231230000002	-0.38635674210482684
38650000	38699999	0.7532298802245562	1.5798231230000002	-0.826593242775444
38700000	38749999	0.8594487914788148	1.5798231230000002	-0.7203743315211854
38750000	38799999	1.0384646032055964	1.5798231230000002	-0.5413585197944037
38800000	38849999	1.205129791984794	1.5798231230000002	-0.3746933310152061
38850000	38899999	1.1602997017883303	1.5798231230000002	-0.41952342121166986
38900000	38949999	1.1699652869220492	1.5798231230000002	-0.409857836077951
38950000	38999999	1.23014005419786	1.5798231230000002	-0.3496830688021402
39000000	39049999	1.1615796321546692	1.5798231230000002	-0.41824349084533097
39050000	39099999	0.6736637060964143	1.5798231230000002	-0.9061594169035858
39100000	39149999	0.82471414418584	1.5798231230000002	-0.7551089788141602
39150000	39199999	0.9377672417323504	1.5798231230000002	-0.6420558812676498
39200000	39249999	1.280321348555407	1.5798231230000002	-0.29950177444459314
39250000	39299999	1.0833367598553438	1.5798231230000002	-0.49648636314465633
39300000	39349999	0.9426906928526431	1.5798231230000002	-0.6371324301473571
39350000	39399999	1.159428530205478	1.5798231230000002	-0.42039459279452207
39400000	39449999	1.2031567648370134	1.5798231230000002	-0.37666635816298677
39450000	39499999	0.6107282780141299	1.5798231230000002	-0.9690948449858703
39500000	39549999	0.6368101469446718	1.5798231230000002	-0.9430129760553284
39550000	39599999	0.806768361083191	1.5798231230000002	-0.7730547619168091
39600000	39649999	1.6478817735144595	1.5798231230000002	0.06805865051445936
39650000	39699999	1.4241364015779543	1.5798231230000002	-0.15568672142204587
39700000	39749999	1.6312583564633532	1.5798231230000002	0.05143523346335299
39750000	39799999	2.033851569964514	1.5798231230000002	0.45402844696451394
39800000	39849999	1.2612338067050342	1.5798231230000002	-0.318589316294966
39850000	39899999	0.9179674350876283	1.5798231230000002	-0.6618556879123718
39900000	39949999	0.2158528286000001	1.5798231230000002	-1.3639702944
39950000	39999999	0.1202272214000002	1.5798231230000002	-1.4595959016
40000000	40049999	0.7115898918387117	1.5798231230000002	-0.8682332311612885
40050000	40099999	0.7766794026108674	1.5798231230000002	-0.8031437203891327
40100000	40149999	0.9020272555231447	1.5798231230000002	-0.6777958674768555
40150000	40199999	0.7534217436202608	1.5798231230000002	-0.8264013793797393
40200000	40249999	0.703140332570749	1.5798231230000002	-0.8766827904292511
40250000	40299999	0.898870960879268	1.5798231230000002	-0.6809521621207322
40300000	40349999	1.0221001669504197	1.5798231230000002	-0.5577229560495804
40350000	40399999	0.6952250414452547	1.5798231230000002	-0.8845980815547455
40400000	40449999	0.5936240362884126	1.5798231230000002	-0.9861990867115875
40450000	40499999	0.7189091862631136	1.5798231230000002	-0.8609139367368865
40500000	40549999	0.8929627987748292	1.5798231230000002	-0.686860324225171
40550000	40599999	0.7769323905900972	1.5798231230000002	-0.8028907324099029
40600000	40649999	0.8628489074823198	1.5798231230000002	-0.7169742155176804
40650000	40699999	0.7143744205287752	1.5798231230000002	-0.865448702471225
40700000	40749999	0.892727073241385	1.5798231230000002	-0.6870960497586152
40750000	40799999	0.7540268901656008	1.5798231230000002	-0.8257962328343994
40800000	40849999	0.7126696611707246	1.5798231230000002	-0.8671534618292756
40850000	40899999	0.4647258407177126	1.5798231230000002	-1.1150972822822875
40900000	40949999	0.6339410763113497	1.5798231230000002	-0.9458820466886505
40950000	40999999	0.5320172949252504	1.5798231230000002	-1.0478058280747498
41000000	41049999	0.9184140237391192	1.5798231230000002	-0.661409099260881
41050000	41099999	0.7006850667743135	1.5798231230000002	-0.8791380562256866
41100000	41149999	0.8697807192775453	1.5798231230000002	-0.7100424037224549
41150000	41199999	0.80834028754946	1.5798231230000002	-0.7714828354505402
41200000	41249999	0.984893648731209	1.5798231230000002	-0.5949294742687912
41250000	41299999	0.7132647269277956	1.5798231230000002	-0.8665583960722045
41300000	41349999	0.8019215047819368	1.5798231230000002	-0.7779016182180634
41350000	41399999	0.7818195864336275	1.5798231230000002	-0.7980035365663727
41400000	41449999	0.8246791147275819	1.5798231230000002	-0.7551440082724182
41450000	41499999	0.9441953913934846	1.5798231230000002	-0.6356277316065155
41500000	41549999	1.0783699292875017	1.5798231230000002	-0.5014531937124984
41550000	41599999	0.6536160947533387	1.5798231230000002	-0.9262070282466615
41600000	41649999	0.7845287422238558	1.5798231230000002	-0.7952943807761443
41650000	41699999	0.6477738614271059	1.5798231230000002	-0.9320492615728942
41700000	41749999	0.5902561177661501	1.5798231230000002	-0.9895670052338501
41750000	41799999	0.6792258931037508	1.5798231230000002	-0.9005972298962494
41800000	41849999	0.727035302989435	1.5798231230000002	-0.8527878200105652
41850000	41899999	0.6748425167957766	1.5798231230000002	-0.9049806062042236
41900000	41949999	0.7624319446161226	1.5798231230000002	-0.8173911783838775
41950000	41999999	0.5295569259782349	1.5798231230000002	-1.0502661970217653
42000000	42049999	0.6681144669910708	1.5798231230000002	-0.9117086560089294
42050000	42099999	0.6531126143996462	1.5798231230000002	-0.926710508600354
42100000	42149999	0.5621053908470826	1.5798231230000002	-1.0177177321529176
42150000	42199999	0.7919634417576509	1.5798231230000002	-0.7878596812423493
42200000	42249999	0.6630340228044069	1.5798231230000002	-0.9167891001955932
42250000	42299999	0.6813590539938204	1.5798231230000002	-0.8984640690061798
42300000	42349999	0.9212826801624254	1.5798231230000002	-0.6585404428375747
42350000	42399999	0.769987389381589	1.5798231230000002	-0.8098357336184112
42400000	42449999	0.33308784448450934	1.5798231230000002	-1.2467352785154908
42450000	42499999	0.7951977656115206	1.5798231230000002	-0.7846253573884796
42500000	42549999	0.6447505582498292	1.5798231230000002	-0.935072564750171
42550000	42599999	0.6930352496934419	1.5798231230000002	-0.8867878733065583
42600000	42649999	0.49300842671315936	1.5798231230000002	-1.0868146962868408
42650000	42699999	0.643540375888028	1.5798231230000002	-0.9362827471119721
42700000	42749999	0.5922779844057313	1.5798231230000002	-0.9875451385942688
42750000	42799999	0.6337780885468843	1.5798231230000002	-0.9460450344531158
42800000	42849999	0.6589932000707247	1.5798231230000002	-0.9208299229292755
42850000	42899999	0.6917960839767702	1.5798231230000002	-0.88802703902323
42900000	42949999	0.64446267151756	1.5798231230000002	-0.9353604514824402
42950000	42999999	0.7013221228701417	1.5798231230000002	-0.8785010001298584
43000000	43049999	0.5089545176440187	1.5798231230000002	-1.0708686053559815
43050000	43099999	0.5646374890179688	1.5798231230000002	-1.0151856339820313
43100000	43149999	0.8078238261099062	1.5798231230000002	-0.771999296890094
43150000	43199999	0.8198819156092165	1.5798231230000002	-0.7599412073907836
43200000	43249999	0.8789884753511339	1.5798231230000002	-0.7008346476488663
43250000	43299999	0.629168068603467	1.5798231230000002	-0.9506550543965332
43300000	43349999	0.8765392018465792	1.5798231230000002	-0.703283921153421
43350000	43399999	0.6814854175340974	1.5798231230000002	-0.8983377054659027
43400000	43449999	0.6578233209606844	1.5798231230000002	-0.9219998020393158
43450000	43499999	0.7415322137543031	1.5798231230000002	-0.838290909245697
43500000	43549999	0.9091921704385377	1.5798231230000002	-0.6706309525614624
43550000	43599999	0.6647320426571321	1.5798231230000002	-0.915091080342868
43600000	43649999	0.6872414297926333	1.5798231230000002	-0.8925816932073669
43650000	43699999	0.7167080695916932	1.5798231230000002	-0.863115053408307
43700000	43749999	0.6331994448136873	1.5798231230000002	-0.9466236781863129
43750000	43799999	0.7516131313452883	1.5798231230000002	-0.8282099916547119
43800000	43849999	0.49415376030452274	1.5798231230000002	-1.0856693626954774
43850000	43899999	0.7764620773194307	1.5798231230000002	-0.8033610456805694
43900000	43949999	0.5471186699409547	1.5798231230000002	-1.0327044530590455
43950000	43999999	0.4533977571099672	1.5798231230000002	-1.126425365890033
44000000	44049999	0.64820767025441	1.5798231230000002	-0.9316154527455902
44050000	44099999	0.6418185137882478	1.5798231230000002	-0.9380046092117523
44100000	44149999	0.7716512959815004	1.5798231230000002	-0.8081718270184998
44150000	44199999	0.6352784267322725	1.5798231230000002	-0.9445446962677276
44200000	44249999	0.6490570676738894	1.5798231230000002	-0.9307660553261108
44250000	44299999	0.8711644492256762	1.5798231230000002	-0.708658673774324
44300000	44349999	0.7162683053573915	1.5798231230000002	-0.8635548176426087
44350000	44399999	0.8287863655201815	1.5798231230000002	-0.7510367574798187
44400000	44449999	0.8748060050710054	1.5798231230000002	-0.7050171179289948
44450000	44499999	0.7831089839674806	1.5798231230000002	-0.7967141390325195
44500000	44549999	0.7056149304607088	1.5798231230000002	-0.8742081925392914
44550000	44599999	0.8010797525202578	1.5798231230000002	-0.7787433704797424
44600000	44649999	0.9965585361177156	1.5798231230000002	-0.5832645868822846
44650000	44699999	1.0755124691043885	1.5798231230000002	-0.5043106538956117
44700000	44749999	0.9242238846747775	1.5798231230000002	-0.6555992383252227
44750000	44799999	1.1766344430646807	1.5798231230000002	-0.4031886799353195
44800000	44849999	1.247386304057389	1.5798231230000002	-0.33243681894261123
44850000	44899999	1.3747039876427676	1.5798231230000002	-0.20511913535723258
44900000	44949999	1.2702128089795024	1.5798231230000002	-0.30961031402049777
44950000	44999999	0.9229444074630129	1.5798231230000002	-0.6568787155369873
45000000	45049999	0.7999249045568727	1.5798231230000002	-0.7798982184431275
45050000	45099999	0.5249093638953553	1.5798231230000002	-1.054913759104645
45100000	45149999	0.4889558075411562	1.5798231230000002	-1.090867315458844
45150000	45199999	0.4897860956496829	1.5798231230000002	-1.0900370273503173
45200000	45249999	0.6016502237372072	1.5798231230000002	-0.9781728992627929
45250000	45299999	0.1694155179000001	1.5798231230000002	-1.4104076051
45300000	45349999	0.2548077554000001	1.5798231230000002	-1.3250153676
45350000	45399999	0.3220061875000002	1.5798231230000002	-1.2578169355
45400000	45449999	1.4523778868065278	1.5798231230000002	-0.12744523619347237
45450000	45499999	1.7852324942776705	1.5798231230000002	0.20540937127767034
45500000	45549999	1.762706809779297	1.5798231230000002	0.1828836867792969
45550000	45599999	1.6096852276659646	1.5798231230000002	0.029862104665964395
45600000	45649999	1.4991689042368541	1.5798231230000002	-0.08065421876314605
45650000	45699999	1.772780529065526	1.5798231230000002	0.19295740606552592
45700000	45749999	0.33483671120000014	1.5798231230000002	-1.2449864118
45750000	45799999	0.20410682680000014	1.5798231230000002	-1.3757162962
45800000	45849999	0.3787566291866944	1.5798231230000002	-1.2010664938133058
45850000	45899999	0.38858470577829607	1.5798231230000002	-1.191238417221704
45900000	45949999	0.8891790448802767	1.5798231230000002	-0.6906440781197235
45950000	45999999	0.6820441047336763	1.5798231230000002	-0.8977790182663239
46000000	46049999	0.7683604330633547	1.5798231230000002	-0.8114626899366455
46050000	46099999	0.4060171816915039	1.5798231230000002	-1.1738059413084962
46100000	46149999	0.8376702562437349	1.5798231230000002	-0.7421528667562652
46150000	46199999	1.2033408474591476	1.5798231230000002	-0.37648227554085256
46200000	46249999	0.7705619561329927	1.5798231230000002	-0.8092611668670074
46250000	46299999	0.33820044506793234	1.5798231230000002	-1.2416226779320678
46300000	46349999	0.5967878830500856	1.5798231230000002	-0.9830352399499146
46350000	46399999	0.7272994940520723	1.5798231230000002	-0.8525236289479279
46400000	46449999	1.06650491180887	1.5798231230000002	-0.5133182111911301
46450000	46499999	0.9331277522093157	1.5798231230000002	-0.6466953707906845
46500000	46549999	0.7231136047612886	1.5798231230000002	-0.8567095182387116
46550000	46599999	0.8659561485931901	1.5798231230000002	-0.71386697440681
46600000	46649999	0.8573868462237504	1.5798231230000002	-0.7224362767762498
46650000	46699999	0.719458934985602	1.5798231230000002	-0.8603641880143982
46700000	46749999	0.7319229048843965	1.5798231230000002	-0.8479002181156037
46750000	46799999	0.9400988614992556	1.5798231230000002	-0.6397242615007446
46800000	46849999	0.7237660049756227	1.5798231230000002	-0.8560571180243775
46850000	46899999	0.5323229746143434	1.5798231230000002	-1.0475001483856567
46900000	46949999	0.5437894133406374	1.5798231230000002	-1.0360337096593628
46950000	46999999	0.6847743744485018	1.5798231230000002	-0.8950487485514984
47000000	47049999	0.6719849739210421	1.5798231230000002	-0.9078381490789581
47050000	47099999	0.6495680825978853	1.5798231230000002	-0.9302550404021148
47100000	47149999	0.8185844394496675	1.5798231230000002	-0.7612386835503326
47150000	47199999	0.6378328274384524	1.5798231230000002	-0.9419902955615478
47200000	47249999	0.6580879718278108	1.5798231230000002	-0.9217351511721894
47250000	47299999	1.0073698997983003	1.5798231230000002	-0.5724532232016999
47300000	47349999	0.6009593687794221	1.5798231230000002	-0.978863754220578
47350000	47399999	0.6916776310427278	1.5798231230000002	-0.8881454919572723
47400000	47449999	0.7221753651317904	1.5798231230000002	-0.8576477578682098
47450000	47499999	1.007794678524077	1.5798231230000002	-0.5720284444759232
47500000	47549999	0.9152048113967561	1.5798231230000002	-0.664618311603244
47550000	47599999	0.8263126122252245	1.5798231230000002	-0.7535105107747757
47600000	47649999	0.7988577867987062	1.5798231230000002	-0.7809653362012939
47650000	47699999	0.7793549985266633	1.5798231230000002	-0.8004681244733368
47700000	47749999	0.595607174428296	1.5798231230000002	-0.9842159485717041
47750000	47799999	0.9594958010876986	1.5798231230000002	-0.6203273219123016
47800000	47849999	0.7530033492995181	1.5798231230000002	-0.8268197737004821
47850000	47899999	0.6946570379116488	1.5798231230000002	-0.8851660850883514
47900000	47949999	0.8084699502380922	1.5798231230000002	-0.771353172761908
47950000	47999999	0.9129324823452638	1.5798231230000002	-0.6668906406547364
48000000	48049999	0.740208335607953	1.5798231230000002	-0.8396147873920472
48050000	48099999	0.7202580784402345	1.5798231230000002	-0.8595650445597657
48100000	48149999	0.74776422012287	1.5798231230000002	-0.8320589028771301
48150000	48199999	0.8682706307141359	1.5798231230000002	-0.7115524922858643
48200000	48249999	0.9635813803839601	1.5798231230000002	-0.61624174261604
48250000	48299999	0.9367351780034983	1.5798231230000002	-0.6430879449965019
48300000	48349999	0.6610216211069582	1.5798231230000002	-0.918801501893042
48350000	48399999	0.43104723994755867	1.5798231230000002	-1.1487758830524415
48400000	48449999	0.6285969849389406	1.5798231230000002	-0.9512261380610596
48450000	48499999	0.8772694664409517	1.5798231230000002	-0.7025536565590484
48500000	48549999	0.8112401835167269	1.5798231230000002	-0.7685829394832733
48550000	48599999	0.8526969115947084	1.5798231230000002	-0.7271262114052918
48600000	48649999	0.7655607296310213	1.5798231230000002	-0.8142623933689789
48650000	48699999	0.8222160766414354	1.5798231230000002	-0.7576070463585648
48700000	48749999	0.8777001386388444	1.5798231230000002	-0.7021229843611557
48750000	48799999	0.8068883219536684	1.5798231230000002	-0.7729348010463317
48800000	48849999	0.7268300160707368	1.5798231230000002	-0.8529931069292633
48850000	48899999	0.9797697054475885	1.5798231230000002	-0.6000534175524117
48900000	48949999	0.6616583964424654	1.5798231230000002	-0.9181647265575348
48950000	48999999	0.6894384725334475	1.5798231230000002	-0.8903846504665527
49000000	49049999	0.9130539307980181	1.5798231230000002	-0.666769192201982
49050000	49099999	1.0207792471335413	1.5798231230000002	-0.5590438758664589
49100000	49149999	0.8955212635210374	1.5798231230000002	-0.6843018594789627
49150000	49199999	0.9671106270833177	1.5798231230000002	-0.6127124959166824
49200000	49249999	0.8219191113632326	1.5798231230000002	-0.7579040116367676
49250000	49299999	0.904726350781299	1.5798231230000002	-0.6750967722187011
49300000	49349999	0.7878758462944276	1.5798231230000002	-0.7919472767055725
49350000	49399999	1.034479434642476	1.5798231230000002	-0.5453436883575242
49400000	49449999	0.8342070822261294	1.5798231230000002	-0.7456160407738708
49450000	49499999	0.9491883735852571	1.5798231230000002	-0.6306347494147431
49500000	49549999	0.8284785124730409	1.5798231230000002	-0.7513446105269592
49550000	49599999	0.7883922829579042	1.5798231230000002	-0.791430840042096
49600000	49649999	0.6858692051375886	1.5798231230000002	-0.8939539178624115
49650000	49699999	0.881099424060132	1.5798231230000002	-0.6987236989398682
49700000	49749999	0.7843347288789949	1.5798231230000002	-0.7954883941210052
49750000	49799999	0.7237745628756196	1.5798231230000002	-0.8560485601243806
49800000	49849999	0.7102389254798005	1.5798231230000002	-0.8695841975201997
49850000	49899999	0.8757618206618624	1.5798231230000002	-0.7040613023381378
49900000	49949999	1.1646537388116411	1.5798231230000002	-0.415169384188359
49950000	49999999	1.363863491122185	1.5798231230000002	-0.2159596318778152
50000000	50049999	0.7084947568401063	1.5798231230000002	-0.8713283661598938
50050000	50099999	0.6477200561030886	1.5798231230000002	-0.9321030668969116
50100000	50149999	1.0744796537751955	1.5798231230000002	-0.5053434692248047
50150000	50199999	2.1787233057596254	1.5798231230000002	0.5989001827596252
50200000	50249999	1.5995722220351183	1.5798231230000002	0.019749099035118123
50250000	50299999	1.1580006276539094	1.5798231230000002	-0.42182249534609073
50300000	50349999	0.6212642552725038	1.5798231230000002	-0.9585588677274963
50350000	50399999	1.7108683758112642	1.5798231230000002	0.131045252811264
50400000	50449999	2.3591026556	1.5798231230000002	0.7792795325999999
50450000	50499999	2.0547133019673645	1.5798231230000002	0.4748901789673643
50500000	50549999	1.985378677335785	1.5798231230000002	0.40555555433578494
50550000	50599999	0.8311259846651063	1.5798231230000002	-0.7486971383348938
50600000	50649999	1.601858358471502	1.5798231230000002	0.02203523547150188
50650000	50699999	2.0309300524973453	1.5798231230000002	0.4511069294973451
50700000	50749999	1.4891865945472063	1.5798231230000002	-0.09063652845279391
50750000	50799999	0.8396715101896608	1.5798231230000002	-0.7401516128103394
50800000	50849999	1.5002261865402422	1.5798231230000002	-0.07959693645975796
50850000	50899999	1.925688407143912	1.5798231230000002	0.3458652841439118
50900000	50949999	2.534046489339258	1.5798231230000002	0.9542233663392579
50950000	50999999	1.4334206575039126	1.5798231230000002	-0.1464024654960876
51000000	51049999	0.9370615593918947	1.5798231230000002	-0.6427615636081054
51050000	51099999	1.9283916931011538	1.5798231230000002	0.3485685701011536
51100000	51149999	2.289300451157947	1.5798231230000002	0.7094773281579467
51150000	51199999	1.782713232621045	1.5798231230000002	0.20289010962104492
51200000	51249999	1.1150410355679934	1.5798231230000002	-0.4647820874320068
51250000	51299999	1.4423919759118684	1.5798231230000002	-0.13743114708813176
51300000	51349999	1.2346534938234872	1.5798231230000002	-0.34516962917651295
51350000	51399999	1.659507566594748	1.5798231230000002	0.07968444359474791
51400000	51449999	0.8112200311506379	1.5798231230000002	-0.7686030918493623
51450000	51499999	0.9944754267911806	1.5798231230000002	-0.5853476962088195
51500000	51549999	1.3548106890730942	1.5798231230000002	-0.22501243392690595
51550000	51599999	1.2293720417516412	1.5798231230000002	-0.350451081248359
51600000	51649999	1.319583490270873	1.5798231230000002	-0.2602396327291272
51650000	51699999	1.0733147909246339	1.5798231230000002	-0.5065083320753663
51700000	51749999	1.3979649541145815	1.5798231230000002	-0.18185816888541861
51750000	51799999	0.7494591497054445	1.5798231230000002	-0.8303639732945557
51800000	51849999	1.0243787565796305	1.5798231230000002	-0.5554443664203697
51850000	51899999	1.279711396430623	1.5798231230000002	-0.3001117265693771
51900000	51949999	1.139588052929072	1.5798231230000002	-0.4402350700709281
51950000	51999999	0.9624662598986429	1.5798231230000002	-0.6173568631013573
52000000	52049999	1.1132605143133378	1.5798231230000002	-0.46656260868666233
52050000	52099999	1.3047652607737024	1.5798231230000002	-0.2750578622262978
52100000	52149999	1.2453226160488626	1.5798231230000002	-0.33450050695113753
52150000	52199999	1.3449936376702523	1.5798231230000002	-0.2348294853297479
52200000	52249999	0.6831586876728334	1.5798231230000002	-0.8966644353271668
52250000	52299999	0.46220065498183605	1.5798231230000002	-1.1176224680181641
52300000	52349999	1.219600822875718	1.5798231230000002	-0.36022230012428214
52350000	52399999	1.3305548218560657	1.5798231230000002	-0.2492683011439345
52400000	52449999	0.8357642939422182	1.5798231230000002	-0.744058829057782
52450000	52499999	1.20408348304935	1.5798231230000002	-0.3757396399506501
52500000	52549999	1.4179135360509125	1.5798231230000002	-0.16190958694908764
52550000	52599999	0.9938102301474017	1.5798231230000002	-0.5860128928525985
52600000	52649999	0.9531508588082354	1.5798231230000002	-0.6266722641917648
52650000	52699999	1.2268157537855973	1.5798231230000002	-0.3530073692144029
52700000	52749999	0.7408095929026827	1.5798231230000002	-0.8390135300973175
52750000	52799999	0.8746296530399293	1.5798231230000002	-0.7051934699600708
52800000	52849999	1.405145791577659	1.5798231230000002	-0.1746773314223411
52850000	52899999	0.9680483484757403	1.5798231230000002	-0.6117747745242599
52900000	52949999	1.4932410515179528	1.5798231230000002	-0.08658207148204733
52950000	52999999	1.5430436867868687	1.5798231230000002	-0.03677943621313151
53000000	53049999	1.1537046992827853	1.5798231230000002	-0.42611842371721487
53050000	53099999	1.6781358740598284	1.5798231230000002	0.09831275105982828
53100000	53149999	1.4442049533673647	1.5798231230000002	-0.1356181696326355
53150000	53199999	1.7427457447657169	1.5798231230000002	0.1629226217657167
53200000	53249999	1.552339399416063	1.5798231230000002	-0.027483723583937136
53250000	53299999	0.59287245096626	1.5798231230000002	-0.9869506720337402
53300000	53349999	1.2172194627187158	1.5798231230000002	-0.3626036602812843
53350000	53399999	3.8727339429957612	1.5798231230000002	2.292910819995761
53400000	53449999	1.1041938364753145	1.5798231230000002	-0.4756292865246856
53450000	53499999	1.275863273549444	1.5798231230000002	-0.3039598494505562
53500000	53549999	1.518886672020183	1.5798231230000002	-0.06093645097981715
53550000	53599999	1.7392900891728944	1.5798231230000002	0.15946696617289424
53600000	53649999	1.2261098813943487	1.5798231230000002	-0.35371324160565143
53650000	53699999	0.8200043864922792	1.5798231230000002	-0.7598187365077209
53700000	53749999	0.8797426376246507	1.5798231230000002	-0.7000804853753495
53750000	53799999	0.5337228456296572	1.5798231230000002	-1.046100277370343
53800000	53849999	0.6382271310527253	1.5798231230000002	-0.9415959919472748
53850000	53899999	0.6529055592150637	1.5798231230000002	-0.9269175637849365
53900000	53949999	1.001511341117387	1.5798231230000002	-0.5783117818826131
53950000	53999999	1.2381869208597749	1.5798231230000002	-0.3416362021402253
54000000	54049999	0.9975450662261421	1.5798231230000002	-0.582278056773858
54050000	54099999	1.1261822637091214	1.5798231230000002	-0.4536408592908787
54100000	54149999	1.2515922840114564	1.5798231230000002	-0.32823083898854377
54150000	54199999	1.3470153235461075	1.5798231230000002	-0.23280779945389263
54200000	54249999	1.344629330239522	1.5798231230000002	-0.23519379276047814
54250000	54299999	1.0621186040661639	1.5798231230000002	-0.5177045189338363
54300000	54349999	1.1140395776715188	1.5798231230000002	-0.4657835453284813
54350000	54399999	0.8550009458687288	1.5798231230000002	-0.7248221771312714
54400000	54449999	1.015842605081346	1.5798231230000002	-0.5639805179186541
54450000	54499999	1.0140034797287782	1.5798231230000002	-0.5658196432712219
54500000	54549999	1.290522352664325	1.5798231230000002	-0.28930077033567514
54550000	54599999	1.2334854981477386	1.5798231230000002	-0.3463376248522616
54600000	54649999	0.8870491600976717	1.5798231230000002	-0.6927739629023285
54650000	54699999	0.9383546943542955	1.5798231230000002	-0.6414684286457046
54700000	54749999	1.2397040107448456	1.5798231230000002	-0.34011911225515457
54750000	54799999	0.9990388519103593	1.5798231230000002	-0.5807842710896408
54800000	54849999	0.47007413425452893	1.5798231230000002	-1.1097489887454712
54850000	54899999	0.9808557897230958	1.5798231230000002	-0.5989673332769043
54900000	54949999	1.567415007679416	1.5798231230000002	-0.012408115320584168
54950000	54999999	1.4412928458505052	1.5798231230000002	-0.13853027714949495
55000000	55049999	1.032350637092386	1.5798231230000002	-0.5474724859076141
55050000	55099999	2.1929587475437016	1.5798231230000002	0.6131356245437014
55100000	55149999	1.9158834454240816	1.5798231230000002	0.33606032242408146
55150000	55199999	2.002972299266168	1.5798231230000002	0.4231491762661679
55200000	55249999	1.3423775510602884	1.5798231230000002	-0.23744557193971172
55250000	55299999	0.8032086744609164	1.5798231230000002	-0.7766144485390838
55300000	55349999	1.8080664190582796	1.5798231230000002	0.22824329605827942
55350000	55399999	1.4481312551195553	1.5798231230000002	-0.13169186788044485
55400000	55449999	1.4999889277213585	1.5798231230000002	-0.07983419527864166
55450000	55499999	1.5858218787343805	1.5798231230000002	0.005998755734380357
55500000	55549999	1.3915475528390342	1.5798231230000002	-0.18827557016096597
55550000	55599999	2.1233093680582886	1.5798231230000002	0.5434862450582885
55600000	55649999	1.6632195702764574	1.5798231230000002	0.08339644727645723
55650000	55699999	1.2168456263135439	1.5798231230000002	-0.3629774966864563
55700000	55749999	1.695306061857393	1.5798231230000002	0.1154829388573928
55750000	55799999	2.343231030750281	1.5798231230000002	0.7634079077502807
55800000	55849999	1.7524393298408663	1.5798231230000002	0.1726162068408661
55850000	55899999	0.9224538898339846	1.5798231230000002	-0.6573692331660156
55900000	55949999	0.7143729935842348	1.5798231230000002	-0.8654501294157654
55950000	55999999	1.6546537004199648	1.5798231230000002	0.07483057741996468
56000000	56049999	1.6061411964368655	1.5798231230000002	0.02631807343686532
56050000	56099999	1.8490257992551362	1.5798231230000002	0.26920267625513605
56100000	56149999	1.706581311553737	1.5798231230000002	0.12675818855373677
56150000	56199999	0.8602029544407106	1.5798231230000002	-0.7196201685592896
56200000	56249999	1.1688718062542567	1.5798231230000002	-0.4109513167457435
56250000	56299999	1.81468499060907	1.5798231230000002	0.2348618676090699
56300000	56349999	1.0597263834172213	1.5798231230000002	-0.5200967395827789
56350000	56399999	1.2852342377427997	1.5798231230000002	-0.2945888852572005
56400000	56449999	1.2671375072463662	1.5798231230000002	-0.31268561575363396
56450000	56499999	1.301068218870717	1.5798231230000002	-0.27875490412928317
56500000	56549999	1.3018470897088605	1.5798231230000002	-0.2779760332911396
56550000	56599999	1.1875622260253622	1.5798231230000002	-0.39226089697463795
56600000	56649999	1.659926059843558	1.5798231230000002	0.08010293684355774
56650000	56699999	1.8505100164544375	1.5798231230000002	0.2706868934544373
56700000	56749999	1.5404601743012316	1.5798231230000002	-0.03936294869876855
56750000	56799999	1.2186729532050982	1.5798231230000002	-0.361150169794902
56800000	56849999	1.0899836467505464	1.5798231230000002	-0.4898394762494538
56850000	56899999	1.1168756703928606	1.5798231230000002	-0.46294745260713954
56900000	56949999	0.4953486908112672	1.5798231230000002	-1.084474432188733
56950000	56999999	0.2622185798000003	1.5798231230000002	-1.3176045431999999
57000000	57049999	0.7317088823786562	1.5798231230000002	-0.848114240621344
57050000	57099999	1.807205867328728	1.5798231230000002	0.22738274432872774
57100000	57149999	0.8832836669573763	1.5798231230000002	-0.6965394560426239
57150000	57199999	1.1820285122869385	1.5798231230000002	-0.39779461071306166
57200000	57249999	1.372119133578383	1.5798231230000002	-0.20770398942161705
57250000	57299999	1.2098062020428453	1.5798231230000002	-0.3700169209571549
57300000	57349999	1.0946159849856896	1.5798231230000002	-0.4852071380143106
57350000	57399999	1.0739241490726688	1.5798231230000002	-0.5058989739273314
57400000	57449999	1.6856141129370865	1.5798231230000002	0.10579098993708635
57450000	57499999	1.8231546873193238	1.5798231230000002	0.24333156431932368
57500000	57549999	1.1507911368309678	1.5798231230000002	-0.4290319861690324
57550000	57599999	1.3228054497654256	1.5798231230000002	-0.2570176732345746
57600000	57649999	1.0747850478597458	1.5798231230000002	-0.5050380751402543
57650000	57699999	1.1219675724372256	1.5798231230000002	-0.4578555505627746
57700000	57749999	2.1693377834683902	1.5798231230000002	0.5895146604683901
57750000	57799999	0.9008281242806154	1.5798231230000002	-0.6789949987193847
57800000	57849999	0.7835207610002382	1.5798231230000002	-0.796302361999762
57850000	57899999	1.0667536014637453	1.5798231230000002	-0.5130695215362548
57900000	57949999	0.9562177517463717	1.5798231230000002	-0.6236053712536285
57950000	57999999	0.9937899064175341	1.5798231230000002	-0.5860332165824661
58000000	58049999	0.9916707116112726	1.5798231230000002	-0.5881524113887275
58050000	58099999	1.2093193866688456	1.5798231230000002	-0.3705037363311545
58100000	58149999	1.2726448796640886	1.5798231230000002	-0.3071782433359116
58150000	58199999	1.3345953045580141	1.5798231230000002	-0.24522781844198605
58200000	58249999	1.2798388641827776	1.5798231230000002	-0.29998425881722257
58250000	58299999	1.1965485319750155	1.5798231230000002	-0.3832745910249846
58300000	58349999	1.1957033179456686	1.5798231230000002	-0.3841198050543315
58350000	58399999	1.2952151176627342	1.5798231230000002	-0.28460800533726593
58400000	58449999	1.2206662259095973	1.5798231230000002	-0.3591568970904029
58450000	58499999	1.2844652139310853	1.5798231230000002	-0.2953579090689149
58500000	58549999	0.7610912884219514	1.5798231230000002	-0.8187318345780488
58550000	58599999	0.44007651192998676	1.5798231230000002	-1.1397466110700134
58600000	58649999	1.5732771608216876	1.5798231230000002	-0.006545962178312603
58650000	58699999	1.8445153807560548	1.5798231230000002	0.26469225775605465
58700000	58749999	1.8081728279273286	1.5798231230000002	0.22834970492732842
58750000	58799999	1.6370684032467318	1.5798231230000002	0.05724528024673159
58800000	58849999	2.0693544556686128	1.5798231230000002	0.4895313326686126
58850000	58899999	1.15585992897659	1.5798231230000002	-0.4239631940234101
58900000	58949999	0.9512524800801698	1.5798231230000002	-0.6285706429198303
58950000	58999999	1.2622876586677858	1.5798231230000002	-0.31753546433221436
59000000	59049999	1.3815993043956651	1.5798231230000002	-0.19822381860433502
59050000	59099999	1.173726685226697	1.5798231230000002	-0.4060964377733032
59100000	59149999	1.1319877824967546	1.5798231230000002	-0.4478353405032456
59150000	59199999	1.4007089887526614	1.5798231230000002	-0.1791141342473388
59200000	59249999	1.7784249070860934	1.5798231230000002	0.1986017840860932
59250000	59299999	1.1467234773860262	1.5798231230000002	-0.43309964561397396
59300000	59349999	1.2284024481651745	1.5798231230000002	-0.35142067483482564
59350000	59399999	1.4310434017101854	1.5798231230000002	-0.14877972128981476
59400000	59449999	1.1707820906928001	1.5798231230000002	-0.4090410323072
59450000	59499999	0.8104450677624147	1.5798231230000002	-0.7693780552375855
59500000	59549999	1.2859870903743045	1.5798231230000002	-0.2938360326256957
59550000	59599999	0.641251275643097	1.5798231230000002	-0.9385718473569031
59600000	59649999	1.1456064701742952	1.5798231230000002	-0.434216652825705
59650000	59699999	1.8717302209818087	1.5798231230000002	0.2919070979818086
59700000	59749999	1.9867579678649814	1.5798231230000002	0.4069348448649812
59750000	59799999	1.631575054028235	1.5798231230000002	0.05175193102823483
59800000	59849999	2.0407527743268616	1.5798231230000002	0.4609296513268615
59850000	59899999	1.4867438613516695	1.5798231230000002	-0.09307926164833069
59900000	59949999	0.4977807104372376	1.5798231230000002	-1.0820424125627626
59950000	59999999	0.9333072976218233	1.5798231230000002	-0.6465158253781769
60000000	60049999	1.1595780389163484	1.5798231230000002	-0.4202450840836518
60050000	60099999	0.767561870869153	1.5798231230000002	-0.8122612521308472
60100000	60149999	1.227305235199085	1.5798231230000002	-0.3525178878009152
60150000	60199999	1.2862950961149675	1.5798231230000002	-0.29352802688503266
60200000	60249999	1.3832093516489976	1.5798231230000002	-0.19661377135100255
60250000	60299999	1.3080397041354836	1.5798231230000002	-0.2717834188645165
60300000	60349999	1.1617444363171703	1.5798231230000002	-0.4180786866828299
60350000	60399999	0.9801664380568574	1.5798231230000002	-0.5996566849431427
60400000	60449999	1.2314941059700442	1.5798231230000002	-0.348329017029956
60450000	60499999	1.55039820601104	1.5798231230000002	-0.029424916988960215
60500000	60549999	0.7937645607512697	1.5798231230000002	-0.7860585622487305
60550000	60599999	2.2113541457282047	1.5798231230000002	0.6315310227282045
60600000	60649999	1.1205059739869387	1.5798231230000002	-0.4593171490130614
60650000	60699999	1.3160629115467417	1.5798231230000002	-0.26376021145325845
60700000	60749999	1.937160508744336	1.5798231230000002	0.3573373857443358
60750000	60799999	1.0824523476410706	1.5798231230000002	-0.4973707753589296
60800000	60849999	0.9053816301381654	1.5798231230000002	-0.6744414928618347
60850000	60899999	1.981843044445755	1.5798231230000002	0.40201992144575494
60900000	60949999	1.6619420016291078	1.5798231230000002	0.0821188786291076
60950000	60999999	1.0244282696448015	1.5798231230000002	-0.5553948533551987
61000000	61049999	0.673971374081891	1.5798231230000002	-0.9058517489181092
61050000	61099999	0.17973457660000003	1.5798231230000002	-1.4000885464000001
61100000	61149999	0.579556527982489	1.5798231230000002	-1.0002665950175111
61150000	61199999	1.4078869081315393	1.5798231230000002	-0.1719362148684609
61200000	61249999	1.910694881870392	1.5798231230000002	0.3308717588703918
61250000	61299999	1.9737522640478913	1.5798231230000002	0.3939291410478911
61300000	61349999	1.6260510370649042	1.5798231230000002	0.04622791406490401
61350000	61399999	1.5949040414390558	1.5798231230000002	0.01508091843905568
61400000	61449999	1.7036332755814576	1.5798231230000002	0.12381015258145744
61450000	61499999	1.3789103293388552	1.5798231230000002	-0.200912793661145
61500000	61549999	1.1858656535256837	1.5798231230000002	-0.3939574694743164
61550000	61599999	1.4426575321813204	1.5798231230000002	-0.13716559081867974
61600000	61649999	1.3556869609158113	1.5798231230000002	-0.22413616208418885
61650000	61699999	1.0644552680293764	1.5798231230000002	-0.5153678549706238
61700000	61749999	0.5789712358303407	1.5798231230000002	-1.0008518871696594
61750000	61799999	0.6137177097796145	1.5798231230000002	-0.9661054132203857
61800000	61849999	1.5038745852690645	1.5798231230000002	-0.07594853773093568
61850000	61899999	1.1009410464188996	1.5798231230000002	-0.4788820765811006
61900000	61949999	0.4080909850397645	1.5798231230000002	-1.1717321379602357
61950000	61999999	1.2128807562536075	1.5798231230000002	-0.3669423667463927
62000000	62049999	2.131441218268573	1.5798231230000002	0.551618095268573
62050000	62099999	1.6828735465815827	1.5798231230000002	0.10305042358158256
62100000	62149999	1.6850527680592409	1.5798231230000002	0.1052296450592407
62150000	62199999	1.699752301862577	1.5798231230000002	0.11992917886257692
62200000	62249999	1.5835476262075525	1.5798231230000002	0.0037245032075523543
62250000	62299999	0.9729460549471498	1.5798231230000002	-0.6068770680528504
62300000	62349999	0.4066053674450014	1.5798231230000002	-1.1732177555549987
62350000	62399999	0.7939252056277193	1.5798231230000002	-0.7858979173722809
62400000	62449999	1.1631513677086405	1.5798231230000002	-0.4166717552913597
62450000	62499999	1.398630981357532	1.5798231230000002	-0.18119214164246822
62500000	62549999	1.1521006843299013	1.5798231230000002	-0.42772243867009885
62550000	62599999	0.9251159939163973	1.5798231230000002	-0.6547071290836028
62600000	62649999	0.27083343061142595	1.5798231230000002	-1.3089896923885742
62650000	62699999	0.7452780440252504	1.5798231230000002	-0.8345450789747497
62700000	62749999	0.9882465386186525	1.5798231230000002	-0.5915765843813476
62750000	62799999	1.0402810141336891	1.5798231230000002	-0.539542108866311
62800000	62849999	1.324146602434476	1.5798231230000002	-0.25567652056552426
62850000	62899999	1.0863296467727765	1.5798231230000002	-0.4934934762272236
62900000	62949999	1.0661456051761058	1.5798231230000002	-0.5136775178238944
62950000	62999999	0.9911903848161009	1.5798231230000002	-0.5886327381838993
63000000	63049999	1.2981221223094286	1.5798231230000002	-0.2817010006905716
63050000	63099999	1.0215261939151186	1.5798231230000002	-0.5582969290848816
63100000	63149999	0.9037977062993989	1.5798231230000002	-0.6760254167006012
63150000	63199999	1.0544349992664737	1.5798231230000002	-0.5253881237335265
63200000	63249999	0.9431727032601709	1.5798231230000002	-0.6366504197398293
63250000	63299999	1.2962879631429978	1.5798231230000002	-0.2835351598570024
63300000	63349999	1.113491701319111	1.5798231230000002	-0.46633142168088915
63350000	63399999	1.3025954975264566	1.5798231230000002	-0.2772276254735435
63400000	63449999	1.3133238175892274	1.5798231230000002	-0.2664993054107727
63450000	63499999	1.3049295879828493	1.5798231230000002	-0.27489353501715086
63500000	63549999	1.1275471609480465	1.5798231230000002	-0.45227596205195364
63550000	63599999	0.856044847781888	1.5798231230000002	-0.7237782752181121
63600000	63649999	0.9327760129096085	1.5798231230000002	-0.6470471100903916
63650000	63699999	1.0142673510626794	1.5798231230000002	-0.5655557719373208
63700000	63749999	0.5236143228124452	1.5798231230000002	-1.056208800187555
63750000	63799999	0.2859412800817629	1.5798231230000002	-1.2938818429182373
63800000	63849999	0.4264429439844788	1.5798231230000002	-1.1533801790155214
63850000	63899999	0.8420410273466188	1.5798231230000002	-0.7377820956533814
63900000	63949999	2.0404124043179017	1.5798231230000002	0.46058928131790156
63950000	63999999	1.510406770957605	1.5798231230000002	-0.06941635204239516
64000000	64049999	1.2027675901577464	1.5798231230000002	-0.3770555328422538
64050000	64099999	1.2631942996290888	1.5798231230000002	-0.31662882337091136
64100000	64149999	1.4861594550251467	1.5798231230000002	-0.09366366797485348
64150000	64199999	1.948182406223932	1.5798231230000002	0.36835928322393174
64200000	64249999	0.8819080196617464	1.5798231230000002	-0.6979151033382538
64250000	64299999	0.6695461629548829	1.5798231230000002	-0.9102769600451173
64300000	64349999	1.224884452250393	1.5798231230000002	-0.35493867074960717
64350000	64399999	1.2733338894788255	1.5798231230000002	-0.30648923352117463
64400000	64449999	1.2392252350489912	1.5798231230000002	-0.340597887951009
64450000	64499999	1.3720607929721242	1.5798231230000002	-0.20776233002787592
64500000	64549999	1.317443186341238	1.5798231230000002	-0.26237993665876225
64550000	64599999	1.322633866920017	1.5798231230000002	-0.2571892560799831
64600000	64649999	1.2555988216765068	1.5798231230000002	-0.32422430132349334
64650000	64699999	1.6124175323303103	1.5798231230000002	0.0325944093303101
64700000	64749999	1.6738082094196352	1.5798231230000002	0.09398508641963499
64750000	64799999	0.5467069427593081	1.5798231230000002	-1.033116180240692
64800000	64849999	1.0986296311986847	1.5798231230000002	-0.48119349180131543
64850000	64899999	2.0552380742970033	1.5798231230000002	0.4754149512970032
64900000	64949999	1.62169625344115	1.5798231230000002	0.04187313044114993
64950000	64999999	1.1259832592007326	1.5798231230000002	-0.45383986379926755
65000000	65049999	1.3554654947539453	1.5798231230000002	-0.22435762824605487
65050000	65099999	1.4258843743931078	1.5798231230000002	-0.15393874860689238
65100000	65149999	1.0130184200701327	1.5798231230000002	-0.5668047029298675
65150000	65199999	1.7313702165515625	1.5798231230000002	0.15154709355156237
65200000	65249999	1.2545800015684452	1.5798231230000002	-0.325243121431555
65250000	65299999	1.4630562039017359	1.5798231230000002	-0.11676691909826431
65300000	65349999	2.4959686314000002	1.5798231230000002	0.9161455084000001
65350000	65399999	1.163532015432039	1.5798231230000002	-0.41629110756796117
65400000	65449999	0.9669892929505006	1.5798231230000002	-0.6128338300494995
65450000	65499999	1.183661974279938	1.5798231230000002	-0.39616114872006225
65500000	65549999	1.9541746165906435	1.5798231230000002	0.37435149359064335
65550000	65599999	1.4629185420598834	1.5798231230000002	-0.1169045809401168
65600000	65649999	0.9980409108090242	1.5798231230000002	-0.5817822121909759
65650000	65699999	1.3739661139282113	1.5798231230000002	-0.20585700907178883
65700000	65749999	1.663949688165085	1.5798231230000002	0.08412656516508488
65750000	65799999	1.6700327937423585	1.5798231230000002	0.0902096707423583
65800000	65849999	1.5764191217263368	1.5798231230000002	-0.0034040012736633596
65850000	65899999	0.8150197652542299	1.5798231230000002	-0.7648033577457702
65900000	65949999	1.699706951165389	1.5798231230000002	0.1198838281653889
65950000	65999999	1.8516069636290406	1.5798231230000002	0.2717838406290405
66000000	66049999	2.0709227325882784	1.5798231230000002	0.49109960958827825
66050000	66099999	1.4963314074682779	1.5798231230000002	-0.0834917155317223
66100000	66149999	1.3952819046224703	1.5798231230000002	-0.1845412183775299
66150000	66199999	1.321408892209752	1.5798231230000002	-0.25841423079024817
66200000	66249999	1.3575136328086916	1.5798231230000002	-0.22230949019130852
66250000	66299999	1.057088430359691	1.5798231230000002	-0.5227346926403091
66300000	66349999	1.0858003175595201	1.5798231230000002	-0.49402280544048005
66350000	66399999	1.3444006115435625	1.5798231230000002	-0.23542251145643767
66400000	66449999	1.0197168195753008	1.5798231230000002	-0.5601063034246994
66450000	66499999	1.3142089906951417	1.5798231230000002	-0.2656141323048584
66500000	66549999	1.180713657778891	1.5798231230000002	-0.3991094652211091
66550000	66599999	1.1165139763685175	1.5798231230000002	-0.4633091466314827
66600000	66649999	1.1540702782199146	1.5798231230000002	-0.42575284478008557
66650000	66699999	1.1172454930391107	1.5798231230000002	-0.46257762996088947
66700000	66749999	1.1710114404811183	1.5798231230000002	-0.4088116825188819
66750000	66799999	0.1316216280026674	1.5798231230000002	-1.4482014949973328
66800000	66849999	0.566609991440558	1.5798231230000002	-1.0132131315594421
66850000	66899999	0.5179729728321991	1.5798231230000002	-1.061850150167801
66900000	66949999	0.9871447124727968	1.5798231230000002	-0.5926784105272034
66950000	66999999	1.5290203342011655	1.5798231230000002	-0.05080278879883471
67000000	67049999	1.1098691946350892	1.5798231230000002	-0.469953928364911
67050000	67099999	1.2952945144279755	1.5798231230000002	-0.28452860857202467
67100000	67149999	0.9083813877501833	1.5798231230000002	-0.6714417352498169
67150000	67199999	1.2648925348162958	1.5798231230000002	-0.31493058818370434
67200000	67249999	1.2602369917136003	1.5798231230000002	-0.3195861312863999
67250000	67299999	1.4766787264870453	1.5798231230000002	-0.10314439651295482
67300000	67349999	1.385272353194229	1.5798231230000002	-0.19455076980577113
67350000	67399999	1.3608769345873828	1.5798231230000002	-0.21894618841261737
67400000	67449999	1.7378161894227357	1.5798231230000002	0.15799306642273558
67450000	67499999	2.111157593167368	1.5798231230000002	0.5313344701673679
67500000	67549999	1.9619473169542494	1.5798231230000002	0.38212419395424924
67550000	67599999	1.6490937842977815	1.5798231230000002	0.06927066129778137
67600000	67649999	1.1134626423800356	1.5798231230000002	-0.4663604806199646
67650000	67699999	1.5820284946199936	1.5798231230000002	0.002205371619993457
67700000	67749999	2.0952768841941163	1.5798231230000002	0.5154537611941161
67750000	67799999	1.7868757471280596	1.5798231230000002	0.20705262412805947
67800000	67849999	1.0972909009453127	1.5798231230000002	-0.4825322220546875
67850000	67899999	1.3295428464237817	1.5798231230000002	-0.25028027657621843
67900000	67949999	1.941866237581537	1.5798231230000002	0.3620431145815368
67950000	67999999	2.009183903752655	1.5798231230000002	0.42936078075265494
68000000	68049999	1.3871338110371219	1.5798231230000002	-0.1926893119628783
68050000	68099999	1.9214543508913668	1.5798231230000002	0.3416312278913667
68100000	68149999	2.552090216781726	1.5798231230000002	0.9722670937817259
68150000	68199999	1.4778552523003623	1.5798231230000002	-0.10196787069963786
68200000	68249999	1.416395324859642	1.5798231230000002	-0.16342779814035824
68250000	68299999	1.333145810051581	1.5798231230000002	-0.24667731294841921
68300000	68349999	1.233136348738013	1.5798231230000002	-0.34668677426198724
68350000	68399999	1.686828758083314	1.5798231230000002	0.10700563508331373
68400000	68449999	1.8156433435117851	1.5798231230000002	0.23582022051178497
68450000	68499999	2.146471839164975	1.5798231230000002	0.5666487161649747
68500000	68549999	1.8262556049099856	1.5798231230000002	0.24643248190998546
68550000	68599999	1.66177880297289	1.5798231230000002	0.08195567997288977
68600000	68649999	2.1231776205522674	1.5798231230000002	0.5433544975522673
68650000	68699999	1.5905630373731843	1.5798231230000002	0.010739914373184112
68700000	68749999	1.3591782181882783	1.5798231230000002	-0.22064490481172183
68750000	68799999	2.009222464865781	1.5798231230000002	0.42939934186578066
68800000	68849999	1.619108713199945	1.5798231230000002	0.03928559019994493
68850000	68899999	1.5347125014203165	1.5798231230000002	-0.04511062157968371
68900000	68949999	1.74895445880022	1.5798231230000002	0.16913133580021977
68950000	68999999	1.5785693353784884	1.5798231230000002	-0.0012537876215117372
69000000	69049999	1.631185892162549	1.5798231230000002	0.051362769162548894
69050000	69099999	1.9115313623826753	1.5798231230000002	0.33170823938267513
69100000	69149999	2.0283270050954014	1.5798231230000002	0.44850388209540126
69150000	69199999	1.7768764389656924	1.5798231230000002	0.1970533159656922
69200000	69249999	2.3086198036963683	1.5798231230000002	0.7287966806963682
69250000	69299999	0.3689788551047122	1.5798231230000002	-1.210844267895288
69300000	69349999	0.27833568490000005	1.5798231230000002	-1.3014874381000001
69350000	69399999	1.1669519814123492	1.5798231230000002	-0.4128711415876509
69400000	69449999	2.1390587503937013	1.5798231230000002	0.5592356273937011
69450000	69499999	1.9386829699361696	1.5798231230000002	0.35885984693616946
69500000	69549999	1.88300960065376	1.5798231230000002	0.30318647765375983
69550000	69599999	1.0757589848833375	1.5798231230000002	-0.5040641381166626
69600000	69649999	1.713929444978061	1.5798231230000002	0.13410632197806094
69650000	69699999	1.829994340396448	1.5798231230000002	0.2501712173964479
69700000	69749999	1.19768757350029	1.5798231230000002	-0.38213554949971007
69750000	69799999	1.9503748196465271	1.5798231230000002	0.370551696646527
69800000	69849999	1.425023024977826	1.5798231230000002	-0.1548000980221742
69850000	69899999	2.1449966872919495	1.5798231230000002	0.5651735642919493
69900000	69949999	1.1225122423112246	1.5798231230000002	-0.45731088068877557
69950000	69999999	0.9755268881649186	1.5798231230000002	-0.6042962348350815
70000000	70049999	0.7068829754704775	1.5798231230000002	-0.8729401475295226
70050000	70099999	1.4137006982302083	1.5798231230000002	-0.1661224247697919
70100000	70149999	2.4553353945	1.5798231230000002	0.8755122714999999
70150000	70199999	1.381710857487032	1.5798231230000002	-0.19811226551296812
70200000	70249999	1.2252262406062349	1.5798231230000002	-0.3545968823937653
70250000	70299999	0.9128956354684816	1.5798231230000002	-0.6669274875315185
70300000	70349999	1.4960498217801943	1.5798231230000002	-0.08377330121980586
70350000	70399999	1.7813131405196596	1.5798231230000002	0.20149001751965945
70400000	70449999	1.8316850916105594	1.5798231230000002	0.2518619686105592
70450000	70499999	1.3344969232146098	1.5798231230000002	-0.2453261997853904
70500000	70549999	0.8885948151656649	1.5798231230000002	-0.6912283078343353
70550000	70599999	1.1880038243369286	1.5798231230000002	-0.3918192986630715
70600000	70649999	1.552975119253702	1.5798231230000002	-0.026848003746298144
70650000	70699999	1.7862658682576174	1.5798231230000002	0.2064427452576172
70700000	70749999	1.6255089940915988	1.5798231230000002	0.04568587109159861
70750000	70799999	1.1650785097321656	1.5798231230000002	-0.4147446132678345
70800000	70849999	1.3268408774831588	1.5798231230000002	-0.25298224551684134
70850000	70899999	1.3883856718397378	1.5798231230000002	-0.19143745116026234
70900000	70949999	1.3336797160217455	1.5798231230000002	-0.24614340697825465
70950000	70999999	1.3648771999672809	1.5798231230000002	-0.2149459230327193
71000000	71049999	1.0674735347068636	1.5798231230000002	-0.5123495882931366
71050000	71099999	1.0177644400070496	1.5798231230000002	-0.5620586829929506
71100000	71149999	1.658813378077353	1.5798231230000002	0.07899025507735291
71150000	71199999	1.3027474088690905	1.5798231230000002	-0.2770757141309097
71200000	71249999	1.3328536002895235	1.5798231230000002	-0.24696952271047667
71250000	71299999	1.0176489609037813	1.5798231230000002	-0.5621741620962188
71300000	71349999	1.573821039545816	1.5798231230000002	-0.006002083454184071
71350000	71399999	1.9340300068224856	1.5798231230000002	0.35420688382248544
71400000	71449999	1.405757932573816	1.5798231230000002	-0.17406519042618407
71450000	71499999	1.2674678116204774	1.5798231230000002	-0.31235531137952277
71500000	71549999	1.38614327991868	1.5798231230000002	-0.19367984308132025
71550000	71599999	1.0360919033925844	1.5798231230000002	-0.5437312196074158
71600000	71649999	1.1634338256558756	1.5798231230000002	-0.41638929734412455
71650000	71699999	1.5139345989957338	1.5798231230000002	-0.06588852400426637
71700000	71749999	1.4869928989923615	1.5798231230000002	-0.09283022400763863
71750000	71799999	0.845018211491092	1.5798231230000002	-0.7348049115089081
71800000	71849999	1.7805653182770111	1.5798231230000002	0.20074219527701098
71850000	71899999	1.9450513380480379	1.5798231230000002	0.3652282150480377
71900000	71949999	1.574864906268879	1.5798231230000002	-0.004958216731121068
71950000	71999999	1.7349900888758882	1.5798231230000002	0.15516696587588807
72000000	72049999	1.6141321608755663	1.5798231230000002	0.03430903787556616
72050000	72099999	1.5192780614299752	1.5798231230000002	-0.06054506157002493
72100000	72149999	1.5858126292459356	1.5798231230000002	0.0059895062459354165
72150000	72199999	0.975078752113083	1.5798231230000002	-0.6047443708869171
72200000	72249999	0.7810701221312624	1.5798231230000002	-0.7987530008687378
72250000	72299999	1.430407228839647	1.5798231230000002	-0.14941589416035317
72300000	72349999	1.1456999083563733	1.5798231230000002	-0.4341232146436269
72350000	72399999	1.1050275088305828	1.5798231230000002	-0.4747956141694174
72400000	72449999	1.1918016177793473	1.5798231230000002	-0.3880215052206528
72450000	72499999	1.0969357164791325	1.5798231230000002	-0.4828874065208677
72500000	72549999	1.3840149950059053	1.5798231230000002	-0.19580812799409486
72550000	72599999	1.3428012312365618	1.5798231230000002	-0.23702189176343835
72600000	72649999	1.257531182555736	1.5798231230000002	-0.3222919404442641
72650000	72699999	1.429988791452344	1.5798231230000002	-0.14983433154765624
72700000	72749999	1.2857377851412903	1.5798231230000002	-0.2940853378587098
72750000	72799999	1.5169945647833285	1.5798231230000002	-0.06282855821667166
72800000	72849999	1.414815598154596	1.5798231230000002	-0.16500752484540415
72850000	72899999	0.5771837952498475	1.5798231230000002	-1.0026393277501526
72900000	72949999	1.2288509304298463	1.5798231230000002	-0.3509721925701539
72950000	72999999	0.9929625237978914	1.5798231230000002	-0.5868605992021088
73000000	73049999	1.4987713624354997	1.5798231230000002	-0.08105176056450047
73050000	73099999	1.9270371571749514	1.5798231230000002	0.3472140341749512
73100000	73149999	1.9230948169418185	1.5798231230000002	0.34327169394181833
73150000	73199999	1.7582447398751162	1.5798231230000002	0.17842161687511604
73200000	73249999	1.9123270673612915	1.5798231230000002	0.3325039443612914
73250000	73299999	1.8016742034537538	1.5798231230000002	0.22185108045375368
73300000	73349999	1.909590713447101	1.5798231230000002	0.3297675904471009
73350000	73399999	0.9705171274419496	1.5798231230000002	-0.6093059955580505
73400000	73449999	0.8829830401338472	1.5798231230000002	-0.696840082866153
73450000	73499999	1.5649001782646303	1.5798231230000002	-0.014922944735369814
73500000	73549999	1.6656447526195328	1.5798231230000002	0.08582162961953266
73550000	73599999	1.7342201669106387	1.5798231230000002	0.15439704391063858
73600000	73649999	1.4234945547540665	1.5798231230000002	-0.15632856824593366
73650000	73699999	1.3723717786133593	1.5798231230000002	-0.2074513443866408
73700000	73749999	1.2397534064960687	1.5798231230000002	-0.3400697165039315
73750000	73799999	1.6453827372777436	1.5798231230000002	0.06555961427774348
73800000	73849999	2.2753486786800234	1.5798231230000002	0.6955255556800233
73850000	73899999	2.1716326195022524	1.5798231230000002	0.5918094965022522
73900000	73949999	1.0942717272924503	1.5798231230000002	-0.4855513957075499
73950000	73999999	0.9764566715724855	1.5798231230000002	-0.6033664514275147
74000000	74049999	1.812469951391907	1.5798231230000002	0.23264682839190676
74050000	74099999	1.7531610497861054	1.5798231230000002	0.17333792678610527
74100000	74149999	1.561735656477623	1.5798231230000002	-0.018087466522377138
74150000	74199999	1.1320123722629953	1.5798231230000002	-0.4478107507370048
74200000	74249999	2.2747058338924684	1.5798231230000002	0.6948827108924682
74250000	74299999	2.2969623449675964	1.5798231230000002	0.7171392219675963
74300000	74349999	1.5347359489758028	1.5798231230000002	-0.045087174024197374
74350000	74399999	1.596526618643518	1.5798231230000002	0.01670349564351792
74400000	74449999	1.8490491665304536	1.5798231230000002	0.26922604353045343
74450000	74499999	2.008770614895325	1.5798231230000002	0.4289474918953249
74500000	74549999	1.3738558434633432	1.5798231230000002	-0.20596727953665694
74550000	74599999	1.4385845528126633	1.5798231230000002	-0.14123857018733688
74600000	74649999	2.4722641856957703	1.5798231230000002	0.8924410626957702
74650000	74699999	2.0317301432757144	1.5798231230000002	0.4519070202757143
74700000	74749999	1.5095485344014559	1.5798231230000002	-0.0702745885985443
74750000	74799999	1.1659161133825762	1.5798231230000002	-0.413907009617424
74800000	74849999	1.6872031039734225	1.5798231230000002	0.10737998097342238
74850000	74899999	2.1454624261	1.5798231230000002	0.5656393030999998
74900000	74949999	1.718068671869342	1.5798231230000002	0.13824554886934193
74950000	74999999	1.5806029414312106	1.5798231230000002	0.0007798184312104439
75000000	75049999	1.6033574131279542	1.5798231230000002	0.02353429012795405
75050000	75099999	1.3579673090739863	1.5798231230000002	-0.22185581392601383
75100000	75149999	2.0638606774554566	1.5798231230000002	0.4840375544554565
75150000	75199999	2.1587429826447084	1.5798231230000002	0.5789198596447083
75200000	75249999	2.2183395446195373	1.5798231230000002	0.6385164216195371
75250000	75299999	1.5467377944081782	1.5798231230000002	-0.033085328591822005
75300000	75349999	1.2298866506326114	1.5798231230000002	-0.3499364723673888
75350000	75399999	1.5727870992391908	1.5798231230000002	-0.007036023760809362
75400000	75449999	1.9757041449068118	1.5798231230000002	0.3958810219068116
75450000	75499999	2.3802470373	1.5798231230000002	0.8004239143
75500000	75549999	2.038406869679474	1.5798231230000002	0.45858374667947377
75550000	75599999	0.9000816078669496	1.5798231230000002	-0.6797415151330506
75600000	75649999	1.4326459997846723	1.5798231230000002	-0.14717712321532783
75650000	75699999	2.3852126137000003	1.5798231230000002	0.8053894907000001
75700000	75749999	1.8202213990112734	1.5798231230000002	0.24039827601127328
75750000	75799999	0.5539686440066958	1.5798231230000002	-1.0258544789933044
75800000	75849999	1.8702857838758606	1.5798231230000002	0.2904626608758605
75850000	75899999	2.181023551227869	1.5798231230000002	0.6012004282278687
75900000	75949999	1.8145777733355044	1.5798231230000002	0.23475465033550424
75950000	75999999	1.5801569899598054	1.5798231230000002	0.00033386695980519576
76000000	76049999	1.582767225405028	1.5798231230000002	0.0029441024050278486
76050000	76099999	2.0567705409228942	1.5798231230000002	0.4769474179228941
76100000	76149999	1.306885125139365	1.5798231230000002	-0.2729379978606352
76150000	76199999	1.1620043412657992	1.5798231230000002	-0.41781878173420095
76200000	76249999	2.074289004190152	1.5798231230000002	0.4944658811901519
76250000	76299999	2.2478966170586974	1.5798231230000002	0.6680734940586972
76300000	76349999	2.1229374648940857	1.5798231230000002	0.5431143418940856
76350000	76399999	1.8154113767915345	1.5798231230000002	0.23558825379153436
76400000	76449999	1.5755767757490113	1.5798231230000002	-0.0042463472509888245
76450000	76499999	0.7718830697075807	1.5798231230000002	-0.8079400532924195
76500000	76549999	1.412775589504153	1.5798231230000002	-0.16704753349584722
76550000	76599999	1.1565860671159227	1.5798231230000002	-0.42323705588407745
76600000	76649999	1.4486535203822442	1.5798231230000002	-0.131169602617756
76650000	76699999	2.1828068955099673	1.5798231230000002	0.6029837725099672
76700000	76749999	2.0913910950154238	1.5798231230000002	0.5115679720154236
76750000	76799999	1.4233949461979036	1.5798231230000002	-0.15642817680209653
76800000	76849999	0.9831610257780503	1.5798231230000002	-0.5966620972219498
76850000	76899999	1.0883326880130908	1.5798231230000002	-0.49149043498690936
76900000	76949999	1.387929119593676	1.5798231230000002	-0.19189400340632412
76950000	76999999	1.4650800932236803	1.5798231230000002	-0.1147430297763199
77000000	77049999	1.5357272391177643	1.5798231230000002	-0.04409588388223584
77050000	77099999	1.625780434918851	1.5798231230000002	0.045957311918850774
77100000	77149999	0.9317965207328218	1.5798231230000002	-0.6480266022671783
77150000	77199999	1.139465051242917	1.5798231230000002	-0.4403580717570832
77200000	77249999	2.0191061715407046	1.5798231230000002	0.43928304854070443
77250000	77299999	1.4167128726506044	1.5798231230000002	-0.16311025034939575
77300000	77349999	0.6336929740922792	1.5798231230000002	-0.946130148907721
77350000	77399999	0.9220669313126192	1.5798231230000002	-0.657756191687381
77400000	77449999	2.268781826181873	1.5798231230000002	0.6889587031818727
77450000	77499999	2.226384296	1.5798231230000002	0.6465611729999998
77500000	77549999	0.8771961629529879	1.5798231230000002	-0.7026269600470123
77550000	77599999	0.7342982720171144	1.5798231230000002	-0.8455248509828858
77600000	77649999	1.2350433591717431	1.5798231230000002	-0.34477976382825704
77650000	77699999	1.8179514693977967	1.5798231230000002	0.23812834639779656
77700000	77749999	1.365638260975371	1.5798231230000002	-0.21418486202462916
77750000	77799999	0.9023453760754457	1.5798231230000002	-0.6774777469245544
77800000	77849999	1.7740361798026858	1.5798231230000002	0.19421305680268564
77850000	77899999	2.159110287452692	1.5798231230000002	0.5792871644526918
77900000	77949999	1.2589676072431817	1.5798231230000002	-0.3208555157568185
77950000	77999999	1.5206989066339496	1.5798231230000002	-0.059124216366050586
78000000	78049999	1.3923818495431444	1.5798231230000002	-0.1874412734568558
78050000	78099999	1.843452132917688	1.5798231230000002	0.2636290099176879
78100000	78149999	1.506523054657284	1.5798231230000002	-0.07330006834271607
78150000	78199999	1.1951842507724337	1.5798231230000002	-0.38463887222756643
78200000	78249999	1.4870048983198472	1.5798231230000002	-0.092818224680153
78250000	78299999	1.744447832538382	1.5798231230000002	0.16462470953838193
78300000	78349999	1.438254436984102	1.5798231230000002	-0.14156868601589823
78350000	78399999	2.3318566045098756	1.5798231230000002	0.7520334815098755
78400000	78449999	1.395011099661109	1.5798231230000002	-0.18481202333889124
78450000	78499999	0.6960257826047243	1.5798231230000002	-0.8837973403952759
78500000	78549999	1.151377668500741	1.5798231230000002	-0.4284454544992591
78550000	78599999	1.367785029295308	1.5798231230000002	-0.21203809370469218
78600000	78649999	1.1286250458057558	1.5798231230000002	-0.4511980771942443
78650000	78699999	1.2267013592364233	1.5798231230000002	-0.35312176376357685
78700000	78749999	1.3599418454952072	1.5798231230000002	-0.21988127750479292
78750000	78799999	1.5359467144455476	1.5798231230000002	-0.04387640855445252
78800000	78849999	1.2513029584536943	1.5798231230000002	-0.32852016454630584
78850000	78899999	1.1599435775707647	1.5798231230000002	-0.41987954542923545
78900000	78949999	1.1902259263817545	1.5798231230000002	-0.38959719661824566
78950000	78999999	1.5851693934324311	1.5798231230000002	0.005346270432430966
79000000	79049999	1.0465539547636011	1.5798231230000002	-0.533269168236399
79050000	79099999	1.1647067497846346	1.5798231230000002	-0.41511637321536554
79100000	79149999	1.2339861899949183	1.5798231230000002	-0.3458369330050819
79150000	79199999	0.9964353572137239	1.5798231230000002	-0.5833877657862763
79200000	79249999	0.93907398190692	1.5798231230000002	-0.6407491410930801
79250000	79299999	1.0748010640686356	1.5798231230000002	-0.5050220589313645
79300000	79349999	0.5910294342556276	1.5798231230000002	-0.9887936887443726
79350000	79399999	0.3582422777398928	1.5798231230000002	-1.2215808452601074
79400000	79449999	0.3708720584902101	1.5798231230000002	-1.20895106450979
79450000	79499999	0.373204010379651	1.5798231230000002	-1.2066191126203492
79500000	79549999	0.7662559087615175	1.5798231230000002	-0.8135672142384827
79550000	79599999	1.0191590648827074	1.5798231230000002	-0.5606640581172928
79600000	79649999	1.068640463424186	1.5798231230000002	-0.5111826595758142
79650000	79699999	0.8293156395988207	1.5798231230000002	-0.7505074834011795
79700000	79749999	0.9836932913673723	1.5798231230000002	-0.5961298316326279
79750000	79799999	0.6835083175746645	1.5798231230000002	-0.8963148054253357
79800000	79849999	0.7962808084258745	1.5798231230000002	-0.7835423145741257
79850000	79899999	0.9934761374730341	1.5798231230000002	-0.5863469855269661
79900000	79949999	0.9051676692321016	1.5798231230000002	-0.6746554537678986
79950000	79999999	1.0495574053347254	1.5798231230000002	-0.5302657176652747
80000000	80049999	0.9518958538830278	1.5798231230000002	-0.6279272691169724
80050000	80099999	0.7978220223824892	1.5798231230000002	-0.7820011006175109
80100000	80149999	0.9998549105306215	1.5798231230000002	-0.5799682124693787
80150000	80199999	0.9537251983432146	1.5798231230000002	-0.6260979246567856
80200000	80249999	0.7372652764738817	1.5798231230000002	-0.8425578465261184
80250000	80299999	0.9449291820891802	1.5798231230000002	-0.63489394091082
80300000	80349999	1.1181850623613159	1.5798231230000002	-0.4616380606386843
80350000	80399999	1.0013069255210123	1.5798231230000002	-0.5785161974789879
80400000	80449999	0.8237938466779009	1.5798231230000002	-0.7560292763220993
80450000	80499999	0.5584027675084506	1.5798231230000002	-1.0214203554915495
80500000	80549999	0.781483762645685	1.5798231230000002	-0.7983393603543152
80550000	80599999	0.8388600699621233	1.5798231230000002	-0.7409630530378769
80600000	80649999	0.8783399317016602	1.5798231230000002	-0.7014831912983399
80650000	80699999	0.8604057963910814	1.5798231230000002	-0.7194173266089188
80700000	80749999	0.750238141750339	1.5798231230000002	-0.8295849812496612
80750000	80799999	0.8919728529510362	1.5798231230000002	-0.6878502700489639
80800000	80849999	0.9737142800658227	1.5798231230000002	-0.6061088429341774
80850000	80899999	0.9922920851128831	1.5798231230000002	-0.587531037887117
80900000	80949999	0.7574037302231996	1.5798231230000002	-0.8224193927768005
80950000	80999999	1.1293164707754655	1.5798231230000002	-0.4505066522245347
81000000	81049999	1.0340849810063677	1.5798231230000002	-0.5457381419936325
81050000	81099999	1.0982229714836977	1.5798231230000002	-0.4816001515163024
81100000	81149999	1.0451419520296907	1.5798231230000002	-0.5346811709703094
81150000	81199999	1.1757181147829316	1.5798231230000002	-0.4041050082170685
81200000	81249999	1.2904246284787966	1.5798231230000002	-0.2893984945212036
81250000	81299999	0.9907979407027621	1.5798231230000002	-0.5890251822972381
81300000	81349999	1.1344115959031251	1.5798231230000002	-0.44541152709687504
81350000	81399999	1.0598182674807681	1.5798231230000002	-0.520004855519232
81400000	81449999	0.9970181334629945	1.5798231230000002	-0.5828049895370057
81450000	81499999	1.6550151607376122	1.5798231230000002	0.07519203773761207
81500000	81549999	1.7268338778408823	1.5798231230000002	0.1470107548408821
81550000	81599999	1.3910815443982973	1.5798231230000002	-0.18874157860170282
81600000	81649999	0.9283087216942323	1.5798231230000002	-0.6515144013057679
81650000	81699999	0.7458376057639955	1.5798231230000002	-0.8339855172360047
81700000	81749999	0.9329410043844423	1.5798231230000002	-0.6468821186155579
81750000	81799999	1.7019269611345766	1.5798231230000002	0.12210383813457648
81800000	81849999	1.9553331793128268	1.5798231230000002	0.37551005631282663
81850000	81899999	2.1105182415346864	1.5798231230000002	0.5306951185346862
81900000	81949999	0.771390790984009	1.5798231230000002	-0.8084323320159912
81950000	81999999	0.6153579819000001	1.5798231230000002	-0.9644651411
82000000	82049999	0.30206822258352073	1.5798231230000002	-1.2777549004164794
82050000	82099999	0.6328933733460329	1.5798231230000002	-0.9469297496539673
82100000	82149999	0.5153049370042666	1.5798231230000002	-1.0645181859957336
82150000	82199999	0.7315804426075014	1.5798231230000002	-0.8482426803924987
82200000	82249999	0.725518790136075	1.5798231230000002	-0.8543043328639252
82250000	82299999	0.9042393284886072	1.5798231230000002	-0.6755837945113929
82300000	82349999	0.5575094426348697	1.5798231230000002	-1.0223136803651305
82350000	82399999	0.4938127413666873	1.5798231230000002	-1.0860103816333129
82400000	82449999	0.44259891895245373	1.5798231230000002	-1.1372242040475464
82450000	82499999	0.4316705332651978	1.5798231230000002	-1.1481525897348024
82500000	82549999	0.46882036105738534	1.5798231230000002	-1.1110027619426148
82550000	82599999	0.9255165650543825	1.5798231230000002	-0.6543065579456177
82600000	82649999	1.0888322722276018	1.5798231230000002	-0.49099085077239835
82650000	82699999	0.8163666800173036	1.5798231230000002	-0.7634564429826965
82700000	82749999	0.9636978555396989	1.5798231230000002	-0.6161252674603013
82750000	82799999	0.8359622251544618	1.5798231230000002	-0.7438608978455383
82800000	82849999	0.7264336695237215	1.5798231230000002	-0.8533894534762787
82850000	82899999	0.9106809064860932	1.5798231230000002	-0.6691422165139069
82900000	82949999	0.9323595312509219	1.5798231230000002	-0.6474635917490783
82950000	82999999	1.0239417087270892	1.5798231230000002	-0.5558814142729109
83000000	83049999	0.8109035368968233	1.5798231230000002	-0.7689195861031769
83050000	83099999	0.7169570199040224	1.5798231230000002	-0.8628661030959778
83100000	83149999	0.5234548871797242	1.5798231230000002	-1.056368235820276
83150000	83199999	0.5384734557579773	1.5798231230000002	-1.0413496672420228
83200000	83249999	0.7849716393509554	1.5798231230000002	-0.7948514836490448
83250000	83299999	0.5329761791677554	1.5798231230000002	-1.0468469438322447
83300000	83349999	0.46592925712787503	1.5798231230000002	-1.1138938658721251
83350000	83399999	0.6913926420295442	1.5798231230000002	-0.888430480970456
83400000	83449999	0.9243410487665498	1.5798231230000002	-0.6554820742334504
83450000	83499999	0.5039147594058961	1.5798231230000002	-1.075908363594104
83500000	83549999	0.6674395210470216	1.5798231230000002	-0.9123836019529785
83550000	83599999	0.6266097774631776	1.5798231230000002	-0.9532133455368226
83600000	83649999	0.5911674302017336	1.5798231230000002	-0.9886556927982666
83650000	83699999	0.5902719742929079	1.5798231230000002	-0.9895511487070923
83700000	83749999	0.6278345505329592	1.5798231230000002	-0.9519885724670409
83750000	83799999	0.7004094261760744	1.5798231230000002	-0.8794136968239258
83800000	83849999	0.6337732669233889	1.5798231230000002	-0.9460498560766113
83850000	83899999	0.8722650834300447	1.5798231230000002	-0.7075580395699554
83900000	83949999	0.5784327458517031	1.5798231230000002	-1.001390377148297
83950000	83999999	0.7798902453664889	1.5798231230000002	-0.7999328776335113
84000000	84049999	0.7977170775004061	1.5798231230000002	-0.7821060454995941
84050000	84099999	0.8049722475044283	1.5798231230000002	-0.7748508754955719
84100000	84149999	0.773767684449341	1.5798231230000002	-0.8060554385506592
84150000	84199999	0.7529680562189851	1.5798231230000002	-0.8268550667810151
84200000	84249999	0.8285731731591859	1.5798231230000002	-0.7512499498408143
84250000	84299999	0.9255552515796617	1.5798231230000002	-0.6542678714203385
84300000	84349999	0.6304627244315798	1.5798231230000002	-0.9493603985684204
84350000	84399999	0.5753322072812501	1.5798231230000002	-1.00449091571875
84400000	84449999	0.3139441478740663	1.5798231230000002	-1.2658789751259338
84450000	84499999	0.9427853432003404	1.5798231230000002	-0.6370377797996598
84500000	84549999	0.8820039701823519	1.5798231230000002	-0.6978191528176483
84550000	84599999	0.4907473352756837	1.5798231230000002	-1.0890757877243165
84600000	84649999	0.6919068868885805	1.5798231230000002	-0.8879162361114197
84650000	84699999	0.739512762860666	1.5798231230000002	-0.8403103601393341
84700000	84749999	0.5376334358163577	1.5798231230000002	-1.0421896871836425
84750000	84799999	0.8562041642887483	1.5798231230000002	-0.7236189587112518
84800000	84849999	0.5871211636812623	1.5798231230000002	-0.9927019593187378
84850000	84899999	0.6026097846915468	1.5798231230000002	-0.9772133383084534
84900000	84949999	0.7672009510271669	1.5798231230000002	-0.8126221719728333
84950000	84999999	0.45524195046454485	1.5798231230000002	-1.1245811725354553
85000000	85049999	0.6730368982779177	1.5798231230000002	-0.9067862247220825
85050000	85099999	0.5466159730597475	1.5798231230000002	-1.0332071499402526
85100000	85149999	0.6894722446032411	1.5798231230000002	-0.8903508783967591
85150000	85199999	0.858727566637668	1.5798231230000002	-0.7210955563623321
85200000	85249999	0.661110029049164	1.5798231230000002	-0.9187130939508361
85250000	85299999	0.6924054817944215	1.5798231230000002	-0.8874176412055786
85300000	85349999	0.7588040438997683	1.5798231230000002	-0.8210190791002319
85350000	85399999	0.6044665665011598	1.5798231230000002	-0.9753565564988403
85400000	85449999	0.6183574484660158	1.5798231230000002	-0.9614656745339843
85450000	85499999	0.5419302951666811	1.5798231230000002	-1.037892827833319
85500000	85549999	0.4690592796984743	1.5798231230000002	-1.1107638433015259
85550000	85599999	0.8643887948541994	1.5798231230000002	-0.7154343281458008
85600000	85649999	0.8576407691904206	1.5798231230000002	-0.7221823538095795
85650000	85699999	0.6809822278607607	1.5798231230000002	-0.8988408951392395
85700000	85749999	0.5756690263530824	1.5798231230000002	-1.0041540966469178
85750000	85799999	0.703510099755765	1.5798231230000002	-0.8763130232442352
85800000	85849999	0.715095417048688	1.5798231230000002	-0.8647277059513122
85850000	85899999	0.7582678164424684	1.5798231230000002	-0.8215553065575317
85900000	85949999	0.6547928556089235	1.5798231230000002	-0.9250302673910766
85950000	85999999	0.39688706140577423	1.5798231230000002	-1.182936061594226
86000000	86049999	0.7086739161313875	1.5798231230000002	-0.8711492068686126
86050000	86099999	0.5146772348649813	1.5798231230000002	-1.0651458881350189
86100000	86149999	0.5889897596161134	1.5798231230000002	-0.9908333633838867
86150000	86199999	0.6163035638775941	1.5798231230000002	-0.963519559122406
86200000	86249999	0.6043049520472628	1.5798231230000002	-0.9755181709527374
86250000	86299999	0.5580979299363404	1.5798231230000002	-1.0217251930636597
86300000	86349999	0.7652987618503053	1.5798231230000002	-0.8145243611496948
86350000	86399999	0.3954136604623659	1.5798231230000002	-1.1844094625376342
86400000	86449999	0.7356208529218293	1.5798231230000002	-0.8442022700781708
86450000	86499999	0.5913225807597109	1.5798231230000002	-0.9885005422402893
86500000	86549999	0.4536548165236025	1.5798231230000002	-1.1261683064763977
86550000	86599999	0.3976293396791566	1.5798231230000002	-1.1821937833208436
86600000	86649999	0.6373908890036561	1.5798231230000002	-0.942432233996344
86650000	86699999	0.8039045366177431	1.5798231230000002	-0.7759185863822571
86700000	86749999	0.5665014635574281	1.5798231230000002	-1.013321659442572
86750000	86799999	0.5555998564926852	1.5798231230000002	-1.024223266507315
86800000	86849999	0.7341156795838228	1.5798231230000002	-0.8457074434161773
86850000	86899999	0.5577451799634645	1.5798231230000002	-1.0220779430365357
86900000	86949999	0.7656131719739534	1.5798231230000002	-0.8142099510260468
86950000	86999999	0.7268289138804231	1.5798231230000002	-0.852994209119577
87000000	87049999	0.9110396306187654	1.5798231230000002	-0.6687834923812348
87050000	87099999	0.7658258246167757	1.5798231230000002	-0.8139972983832244
87100000	87149999	0.6634297627352084	1.5798231230000002	-0.9163933602647918
87150000	87199999	0.6329808372116121	1.5798231230000002	-0.946842285788388
87200000	87249999	0.8211467246291658	1.5798231230000002	-0.7586763983708343
87250000	87299999	0.8677092275548647	1.5798231230000002	-0.7121138954451355
87300000	87349999	0.6983111348926241	1.5798231230000002	-0.8815119881073761
87350000	87399999	0.4915287788282776	1.5798231230000002	-1.0882943441717225
87400000	87449999	0.5574252809911622	1.5798231230000002	-1.022397842008838
87450000	87499999	0.735126597169385	1.5798231230000002	-0.8446965258306152
87500000	87549999	0.7444516698679201	1.5798231230000002	-0.83537145313208
87550000	87599999	0.5845500582383303	1.5798231230000002	-0.9952730647616699
87600000	87649999	0.9584790626282472	1.5798231230000002	-0.6213440603717529
87650000	87699999	0.8788269624315187	1.5798231230000002	-0.7009961605684815
87700000	87749999	0.8744588568432398	1.5798231230000002	-0.7053642661567604
87750000	87799999	0.7108351957457766	1.5798231230000002	-0.8689879272542236
87800000	87849999	0.8159653786821901	1.5798231230000002	-0.7638577443178101
87850000	87899999	0.8898355216085192	1.5798231230000002	-0.689987601391481
87900000	87949999	0.8212258610292269	1.5798231230000002	-0.7585972619707733
87950000	87999999	0.8210380662485841	1.5798231230000002	-0.758785056751416
88000000	88049999	0.8419894751250322	1.5798231230000002	-0.737833647874968
88050000	88099999	0.7982834124579835	1.5798231230000002	-0.7815397105420167
88100000	88149999	0.5937142351259707	1.5798231230000002	-0.9861088878740295
88150000	88199999	0.5744436833694309	1.5798231230000002	-1.0053794396305693
88200000	88249999	0.7695395451051896	1.5798231230000002	-0.8102835778948105
88250000	88299999	0.827868681249196	1.5798231230000002	-0.7519544417508042
88300000	88349999	0.5365497096692078	1.5798231230000002	-1.0432734133307924
88350000	88399999	0.2148247212000003	1.5798231230000002	-1.3649984017999999
88400000	88449999	0.9500288131969179	1.5798231230000002	-0.6297943098030823
88450000	88499999	1.5338435843081548	1.5798231230000002	-0.045979538691845345
88500000	88549999	1.5354984970862733	1.5798231230000002	-0.04432462591372688
88550000	88599999	1.4641014217097628	1.5798231230000002	-0.1157217012902374
88600000	88649999	0.7965440161296663	1.5798231230000002	-0.7832791068703339
88650000	88699999	0.9505894377081942	1.5798231230000002	-0.629233685291806
88700000	88749999	1.2317192490711726	1.5798231230000002	-0.3481038739288276
88750000	88799999	1.1644944272956106	1.5798231230000002	-0.41532869570438957
88800000	88849999	1.148513250746178	1.5798231230000002	-0.4313098722538222
88850000	88899999	1.3728314992695574	1.5798231230000002	-0.20699162373044278
88900000	88949999	0.7359880556856631	1.5798231230000002	-0.8438350673143371
88950000	88999999	1.2840746855022163	1.5798231230000002	-0.2957484374977839
89000000	89049999	1.2299908750617328	1.5798231230000002	-0.3498322479382674
89050000	89099999	0.8708173542551729	1.5798231230000002	-0.7090057687448272
89100000	89149999	0.9240540799174318	1.5798231230000002	-0.6557690430825683
89150000	89199999	1.8247685091260286	1.5798231230000002	0.24494538612602845
89200000	89249999	1.4333167089590915	1.5798231230000002	-0.1465064140409087
89250000	89299999	1.7901832464489136	1.5798231230000002	0.21036012344891342
89300000	89349999	1.7766746933816917	1.5798231230000002	0.19685157038169154
89350000	89399999	1.021076366260219	1.5798231230000002	-0.5587467567397812
89400000	89449999	0.9940826272682406	1.5798231230000002	-0.5857404957317596
89450000	89499999	0.29473837361232924	1.5798231230000002	-1.285084749387671
89500000	89549999	0.5230956712228578	1.5798231230000002	-1.0567274517771423
89550000	89599999	1.2784966059333627	1.5798231230000002	-0.3013265170666375
89600000	89649999	1.6787183891278687	1.5798231230000002	0.09889526612786859
89650000	89699999	1.08276848832828	1.5798231230000002	-0.4970546346717202
89700000	89749999	1.2485415926983157	1.5798231230000002	-0.3312815303016845
89750000	89799999	1.0576766078495166	1.5798231230000002	-0.5221465151504836
89800000	89849999	1.0499723593722765	1.5798231230000002	-0.5298507636277237
89850000	89899999	0.8712045111258608	1.5798231230000002	-0.7086186118741393
89900000	89949999	1.6080831034689607	1.5798231230000002	0.0282599804689605
89950000	89999999	1.197158334069802	1.5798231230000002	-0.3826647889301982
90000000	90049999	0.9478808864516923	1.5798231230000002	-0.6319422365483078
90050000	90099999	1.0922440807978495	1.5798231230000002	-0.48757904220215065
90100000	90149999	1.2255234056322264	1.5798231230000002	-0.35429971736777377
90150000	90199999	1.3021090903281964	1.5798231230000002	-0.2777140326718037
90200000	90249999	1.1147154832733503	1.5798231230000002	-0.4651076397266498
90250000	90299999	1.2556476685055513	1.5798231230000002	-0.32417545449444884
90300000	90349999	1.3525530546567797	1.5798231230000002	-0.2272700683432205
90350000	90399999	0.45327424129005145	1.5798231230000002	-1.1265488817099487
90400000	90449999	0.7409219949441408	1.5798231230000002	-0.8389011280558594
90450000	90499999	1.7281708199220338	1.5798231230000002	0.14834769692203364
90500000	90549999	1.0410289906780503	1.5798231230000002	-0.5387941323219498
90550000	90599999	1.2916266032744814	1.5798231230000002	-0.28819651972551874
90600000	90649999	1.5285184492452242	1.5798231230000002	-0.05130467375477599
90650000	90699999	0.8662547765314058	1.5798231230000002	-0.7135683464685944
90700000	90749999	0.348357756593036	1.5798231230000002	-1.2314653664069641
90750000	90799999	1.3971424823225778	1.5798231230000002	-0.1826806406774224
90800000	90849999	1.8724873117079834	1.5798231230000002	0.2926641887079833
90850000	90899999	1.3324477793663272	1.5798231230000002	-0.24737534363367297
90900000	90949999	1.8370762010412416	1.5798231230000002	0.2572530780412414
90950000	90999999	1.400806865473012	1.5798231230000002	-0.17901625752698824
91000000	91049999	1.6811109156375643	1.5798231230000002	0.10128779263756416
91050000	91099999	1.6342893846108095	1.5798231230000002	0.05446626161080936
91100000	91149999	1.554554912891057	1.5798231230000002	-0.0252682101089432
91150000	91199999	1.201524936984218	1.5798231230000002	-0.37829818601578213
91200000	91249999	1.2683169477630956	1.5798231230000002	-0.3115061752369046
91250000	91299999	1.514317649150542	1.5798231230000002	-0.06550547384945826
91300000	91349999	1.3265647830560992	1.5798231230000002	-0.253258339943901
91350000	91399999	1.6325397091160616	1.5798231230000002	0.05271658611606145
91400000	91449999	2.1644320357444	1.5798231230000002	0.5846089127443999
91450000	91499999	2.263147860766577	1.5798231230000002	0.683324737766577
91500000	91549999	1.9423284185553713	1.5798231230000002	0.36250529555537114
91550000	91599999	1.8822343898799225	1.5798231230000002	0.30241126687992237
91600000	91649999	0.881916963094501	1.5798231230000002	-0.6979061599054992
91650000	91699999	1.9879795094158144	1.5798231230000002	0.4081563864158142
91700000	91749999	1.7356789272013948	1.5798231230000002	0.15585580420139467
91750000	91799999	0.7721069288300173	1.5798231230000002	-0.8077161941699829
91800000	91849999	2.0030150884115416	1.5798231230000002	0.42319196541154147
91850000	91899999	1.4720989889300355	1.5798231230000002	-0.10772413406996462
91900000	91949999	1.2885299177632783	1.5798231230000002	-0.29129320523672186
91950000	91999999	1.2444365010502	1.5798231230000002	-0.33538662194980007
92000000	92049999	1.777619376469037	1.5798231230000002	0.19779625346903673
92050000	92099999	1.7983856890267915	1.5798231230000002	0.21856256602679136
92100000	92149999	1.341897740181765	1.5798231230000002	-0.23792538281823505
92150000	92199999	2.0145057025131683	1.5798231230000002	0.43468257951316813
92200000	92249999	2.1997259880328617	1.5798231230000002	0.6199028650328615
92250000	92299999	2.3455046189528197	1.5798231230000002	0.7656814959528195
92300000	92349999	1.376060486458487	1.5798231230000002	-0.20376263654151305
92350000	92399999	1.0856742722023607	1.5798231230000002	-0.4941488507976395
92400000	92449999	1.070884691845868	1.5798231230000002	-0.5089384311541321
92450000	92499999	1.6857601972507081	1.5798231230000002	0.10593707425070797
92500000	92549999	1.7987497005963136	1.5798231230000002	0.2189265775963134
92550000	92599999	1.5584466271369493	1.5798231230000002	-0.021376495863050904
92600000	92649999	1.1327226713122591	1.5798231230000002	-0.44710045168774104
92650000	92699999	1.2259789328745003	1.5798231230000002	-0.35384419012549984
92700000	92749999	1.6389546270588045	1.5798231230000002	0.059131504058804296
92750000	92799999	1.5790642762035005	1.5798231230000002	-0.0007588467964996237
92800000	92849999	1.4928290813951295	1.5798231230000002	-0.08699404160487068
92850000	92899999	1.320994704616141	1.5798231230000002	-0.25882841838385917
92900000	92949999	1.2747773264260072	1.5798231230000002	-0.305045796573993
92950000	92999999	1.3893232323976183	1.5798231230000002	-0.19049989060238182
93000000	93049999	1.5295430401224854	1.5798231230000002	-0.05028008287751473
93050000	93099999	1.8134244758618105	1.5798231230000002	0.23360135286181039
93100000	93149999	1.2417720028216257	1.5798231230000002	-0.33805112017837446
93150000	93199999	1.1222367823330957	1.5798231230000002	-0.4575863406669045
93200000	93249999	2.2109787541862307	1.5798231230000002	0.6311556311862305
93250000	93299999	1.2165887271143618	1.5798231230000002	-0.36323439588563833
93300000	93349999	1.509694148660164	1.5798231230000002	-0.07012897433983611
93350000	93399999	1.1094961927251874	1.5798231230000002	-0.47032693027481276
93400000	93449999	1.0817693665174226	1.5798231230000002	-0.49805375648257755
93450000	93499999	1.8356959154304018	1.5798231230000002	0.2558727924304016
93500000	93549999	1.9389467603620119	1.5798231230000002	0.3591236373620117
93550000	93599999	1.59753510627912	1.5798231230000002	0.017711983279119936
93600000	93649999	1.5569999549449434	1.5798231230000002	-0.022823168055056797
93650000	93699999	0.8731294932403475	1.5798231230000002	-0.7066936297596527
93700000	93749999	1.711158290150055	1.5798231230000002	0.1313351671500549
93750000	93799999	2.1741737234086185	1.5798231230000002	0.5943506004086183
93800000	93849999	1.253498095805284	1.5798231230000002	-0.32632502719471623
93850000	93899999	1.631249650739386	1.5798231230000002	0.05142652773938594
93900000	93949999	2.026374996736951	1.5798231230000002	0.4465518737369507
93950000	93999999	1.7077513935043673	1.5798231230000002	0.12792827050436717
94000000	94049999	1.4211951828485674	1.5798231230000002	-0.15862794015143278
94050000	94099999	1.1552120268461306	1.5798231230000002	-0.4246110961538696
94100000	94149999	1.217781960310425	1.5798231230000002	-0.3620411626895752
94150000	94199999	1.2810253322185075	1.5798231230000002	-0.2987977907814927
94200000	94249999	1.1869419116104647	1.5798231230000002	-0.39288121138953547
94250000	94299999	1.480077027100711	1.5798231230000002	-0.09974609589928907
94300000	94349999	1.5846270467417451	1.5798231230000002	0.0048039237417449865
94350000	94399999	0.7863587592181002	1.5798231230000002	-0.7934643637819
94400000	94449999	1.3309510520201433	1.5798231230000002	-0.24887207097985686
94450000	94499999	0.9151040101188387	1.5798231230000002	-0.6647191128811615
94500000	94549999	1.7247258429447327	1.5798231230000002	0.14490271994473258
94550000	94599999	2.008601360032257	1.5798231230000002	0.4287782370322568
94600000	94649999	0.9081215961438478	1.5798231230000002	-0.6717015268561524
94650000	94699999	1.3115271366485384	1.5798231230000002	-0.2682959863514618
94700000	94749999	1.9388224274342776	1.5798231230000002	0.3589993044342774
94750000	94799999	1.101464441482558	1.5798231230000002	-0.4783586815174421
94800000	94849999	1.0959834464983926	1.5798231230000002	-0.48383967650160753
94850000	94899999	1.047698483750889	1.5798231230000002	-0.5321246392491112
94900000	94949999	1.482578616711438	1.5798231230000002	-0.09724450628856207
94950000	94999999	1.3493579551704546	1.5798231230000002	-0.23046516782954551
95000000	95049999	1.083201929580076	1.5798231230000002	-0.49662119341992406
95050000	95099999	1.1320011459082315	1.5798231230000002	-0.44782197709176863
95100000	95149999	0.7112402690115663	1.5798231230000002	-0.8685828539884338
95150000	95199999	1.0832601960866053	1.5798231230000002	-0.4965629269133949
95200000	95249999	1.1959951190275566	1.5798231230000002	-0.38382800397244354
95250000	95299999	1.1199168846134642	1.5798231230000002	-0.459906238386536
95300000	95349999	1.112724955125324	1.5798231230000002	-0.4670981678746762
95350000	95399999	1.1181204350369485	1.5798231230000002	-0.4617026879630517
95400000	95449999	1.1631322827784616	1.5798231230000002	-0.41669084022153857
95450000	95499999	1.429692608096651	1.5798231230000002	-0.15013051490334917
95500000	95549999	1.2349451920959391	1.5798231230000002	-0.34487793090406105
95550000	95599999	1.8910846851395464	1.5798231230000002	0.31126156213954626
95600000	95649999	1.6603233471420107	1.5798231230000002	0.08050022414201052
95650000	95699999	1.0571930525276505	1.5798231230000002	-0.5226300704723497
95700000	95749999	1.3129614035133241	1.5798231230000002	-0.26686171948667603
95750000	95799999	1.5022685133271487	1.5798231230000002	-0.07755460967285144
95800000	95849999	1.3920595231939652	1.5798231230000002	-0.18776359980603496
95850000	95899999	0.7858641184343111	1.5798231230000002	-0.793959004565689
95900000	95949999	1.1698803829707605	1.5798231230000002	-0.4099427400292397
95950000	95999999	1.809830600476825	1.5798231230000002	0.23000747747682482
96000000	96049999	0.4017716080292666	1.5798231230000002	-1.1780515149707336
96050000	96099999	1.191887762981936	1.5798231230000002	-0.38793536001806417
96100000	96149999	1.8170532907799868	1.5798231230000002	0.23723016777998662
96150000	96199999	1.4667418672226564	1.5798231230000002	-0.11308125577734374
96200000	96249999	1.1913086391419112	1.5798231230000002	-0.38851448385808895
96250000	96299999	1.3769925792769167	1.5798231230000002	-0.2028305437230835
96300000	96349999	1.5369936302494935	1.5798231230000002	-0.042829492750506626
96350000	96399999	1.536788080081116	1.5798231230000002	-0.04303504291888416
96400000	96449999	1.1923832407849733	1.5798231230000002	-0.3874398822150269
96450000	96499999	1.0298721854579835	1.5798231230000002	-0.5499509375420166
96500000	96549999	1.0784474442371652	1.5798231230000002	-0.501375678762835
96550000	96599999	1.0387256423839204	1.5798231230000002	-0.5410974806160798
96600000	96649999	1.750299626205774	1.5798231230000002	0.1704765032057738
96650000	96699999	1.6923082896163333	1.5798231230000002	0.11248516661633312
96700000	96749999	0.9777732835895387	1.5798231230000002	-0.6020498394104614
96750000	96799999	1.5915564283396242	1.5798231230000002	0.011733305339624023
96800000	96849999	2.5610772122000003	1.5798231230000002	0.9812540892000001
96850000	96899999	1.7218273371916841	1.5798231230000002	0.14200421419168396
96900000	96949999	1.5300468133033525	1.5798231230000002	-0.0497763096966477
96950000	96999999	1.3515926370628175	1.5798231230000002	-0.22823048593718265
97000000	97049999	1.1334995479335572	1.5798231230000002	-0.44632357506644293
97050000	97099999	1.6515216680880282	1.5798231230000002	0.07169854508802809
97100000	97149999	2.221295305129047	1.5798231230000002	0.6414721821290468
97150000	97199999	1.5065892242292962	1.5798231230000002	-0.07323389877070396
97200000	97249999	1.2778152354702486	1.5798231230000002	-0.3020078875297516
97250000	97299999	2.6164227249406524	1.5798231230000002	1.0365996019406523
97300000	97349999	2.754258908888721	1.5798231230000002	1.1744357858887207
97350000	97399999	1.6091624912073486	1.5798231230000002	0.029339368207348393
97400000	97449999	1.3658062426976367	1.5798231230000002	-0.21401688030236343
97450000	97499999	1.5060909263493936	1.5798231230000002	-0.0737321966506066
97500000	97549999	1.7916258400542024	1.5798231230000002	0.21180271705420228
97550000	97599999	1.5618601698032695	1.5798231230000002	-0.01796295319673069
97600000	97649999	0.7557572278995668	1.5798231230000002	-0.8240658951004334
97650000	97699999	0.8793521301276506	1.5798231230000002	-0.7004709928723496
97700000	97749999	1.1557419240336873	1.5798231230000002	-0.4240811989663129
97750000	97799999	0.8114350702671663	1.5798231230000002	-0.7683880527328338
97800000	97849999	0.9861732404022989	1.5798231230000002	-0.5936498825977012
97850000	97899999	0.9114591286963014	1.5798231230000002	-0.6683639943036987
97900000	97949999	0.925394682126967	1.5798231230000002	-0.6544284408730332
97950000	97999999	0.8115398753116213	1.5798231230000002	-0.7682832476883789
98000000	98049999	1.1329940591534355	1.5798231230000002	-0.4468290638465646
98050000	98099999	1.2317992272444718	1.5798231230000002	-0.3480238957555284
98100000	98149999	1.1029489442110925	1.5798231230000002	-0.4768741787889077
98150000	98199999	0.9251507017278197	1.5798231230000002	-0.6546724212721805
98200000	98249999	1.017489735098993	1.5798231230000002	-0.5623333879010071
98250000	98299999	0.9980613572402641	1.5798231230000002	-0.581761765759736
98300000	98349999	0.9937576393048736	1.5798231230000002	-0.5860654836951266
98350000	98399999	0.906301476351047	1.5798231230000002	-0.6735216466489532
98400000	98449999	1.2089273289382327	1.5798231230000002	-0.3708957940617674
98450000	98499999	0.8929252324781709	1.5798231230000002	-0.6868978905218293
98500000	98549999	0.8545400437811022	1.5798231230000002	-0.725283079218898
98550000	98599999	1.0254528781623353	1.5798231230000002	-0.5543702448376648
98600000	98649999	0.987135267475382	1.5798231230000002	-0.5926878555246181
98650000	98699999	1.0449365463666405	1.5798231230000002	-0.5348865766333597
98700000	98749999	0.900197585833737	1.5798231230000002	-0.6796255371662632
98750000	98799999	0.9148191655969797	1.5798231230000002	-0.6650039574030204
98800000	98849999	1.0874487788669396	1.5798231230000002	-0.4923743441330606
98850000	98899999	1.268660942147394	1.5798231230000002	-0.31116218085260616
98900000	98949999	0.8934082884191179	1.5798231230000002	-0.6864148345808823
98950000	98999999	1.1249912804768005	1.5798231230000002	-0.45483184252319964
99000000	99049999	1.1357442867708956	1.5798231230000002	-0.4440788362291046
99050000	99099999	1.0727184767135263	1.5798231230000002	-0.5071046462864739
99100000	99149999	1.2618036147081981	1.5798231230000002	-0.31801950829180203
99150000	99199999	1.0507730052758508	1.5798231230000002	-0.5290501177241493
99200000	99249999	1.0308063450389955	1.5798231230000002	-0.5490167779610047
99250000	99299999	0.9832842270034075	1.5798231230000002	-0.5965388959965927
99300000	99349999	0.8264038259341981	1.5798231230000002	-0.753419297065802
99350000	99399999	1.038946212951104	1.5798231230000002	-0.5408769100488962
99400000	99449999	1.3456581017435778	1.5798231230000002	-0.23416502125642236
99450000	99499999	0.9211261875444292	1.5798231230000002	-0.658696935455571
99500000	99549999	0.9695858995669908	1.5798231230000002	-0.6102372234330093
99550000	99599999	1.0499987962428103	1.5798231230000002	-0.5298243267571898
99600000	99649999	1.0912918513222991	1.5798231230000002	-0.48853127167770105
99650000	99699999	1.1207154546597724	1.5798231230000002	-0.45910766834022776
99700000	99749999	0.7552039925733217	1.5798231230000002	-0.8246191304266784
99750000	99799999	0.6359347771962007	1.5798231230000002	-0.9438883458037994
99800000	99849999	1.4383677009318667	1.5798231230000002	-0.14145542206813344
99850000	99899999	1.1443164548736513	1.5798231230000002	-0.43550666812634886
99900000	99949999	1.3053571756914448	1.5798231230000002	-0.27446594730855534
99950000	99999999	0.9083795004170534	1.5798231230000002	-0.6714436225829468
100000000	100049999	2.2661840462000002	1.5798231230000002	0.6863609232000001
100050000	100099999	1.9433492140548463	1.5798231230000002	0.3635260910548461
100100000	100149999	1.0860979811218003	1.5798231230000002	-0.4937251418781998
100150000	100199999	1.099913942999922	1.5798231230000002	-0.4799091800000781
100200000	100249999	1.6290427232919802	1.5798231230000002	0.049219600291980026
100250000	100299999	2.0388050668134765	1.5798231230000002	0.45898194381347635
100300000	100349999	1.884254447658713	1.5798231230000002	0.3044313246587129
100350000	100399999	1.3244706408578035	1.5798231230000002	-0.25535248214219664
100400000	100449999	1.1002920513566226	1.5798231230000002	-0.4795310716433776
100450000	100499999	2.137774855645154	1.5798231230000002	0.557951732645154
100500000	100549999	2.224004690245722	1.5798231230000002	0.6441815672457216
100550000	100599999	1.8678793003921206	1.5798231230000002	0.2880561773921204
100600000	100649999	1.9760944450206055	1.5798231230000002	0.39627132202060533
100650000	100699999	1.7166323280130524	1.5798231230000002	0.13680920501305227
100700000	100749999	1.5053767100963364	1.5798231230000002	-0.07444641290366372
100750000	100799999	1.695565588397046	1.5798231230000002	0.1157424653970458
100800000	100849999	0.8730752512719393	1.5798231230000002	-0.7067478717280609
100850000	100899999	1.1284215171855287	1.5798231230000002	-0.4514016058144714
100900000	100949999	2.1293817277871585	1.5798231230000002	0.5495586047871583
100950000	100999999	1.7372901636053286	1.5798231230000002	0.15746704060532846
101000000	101049999	2.00746678415871	1.5798231230000002	0.4276436611587098
101050000	101099999	2.0693238127736144	1.5798231230000002	0.4895006897736143
101100000	101149999	0.9547462623755678	1.5798231230000002	-0.6250768606244324
101150000	101199999	2.0238178708776795	1.5798231230000002	0.44399474787767934
101200000	101249999	2.3945974536000003	1.5798231230000002	0.8147743306000002
101250000	101299999	2.043270444757825	1.5798231230000002	0.46344732175782477
101300000	101349999	1.3606069393078326	1.5798231230000002	-0.21921618369216755
101350000	101399999	0.7543455737243776	1.5798231230000002	-0.8254775492756226
101400000	101449999	2.531032552298557	1.5798231230000002	0.9512094292985567
101450000	101499999	1.7235702007886262	1.5798231230000002	0.14374707778862605
101500000	101549999	1.457476384353467	1.5798231230000002	-0.12234673864653312
101550000	101599999	1.6324666046063752	1.5798231230000002	0.052643481606375
101600000	101649999	1.6197856514796847	1.5798231230000002	0.03996252847968451
101650000	101699999	1.3090857717896716	1.5798231230000002	-0.2707373512103286
101700000	101749999	1.2477325853266328	1.5798231230000002	-0.3320905376733674
101750000	101799999	1.4788676635205384	1.5798231230000002	-0.10095545947946172
101800000	101849999	1.7555891741050171	1.5798231230000002	0.17576605110501697
101850000	101899999	1.7374445408122317	1.5798231230000002	0.1576214178122315
101900000	101949999	1.476141414786655	1.5798231230000002	-0.10368170821334521
101950000	101999999	1.7352396275655886	1.5798231230000002	0.15541650456558842
102000000	102049999	1.6781537899818086	1.5798231230000002	0.09833066698180848
102050000	102099999	1.1109763387809755	1.5798231230000002	-0.4688467842190247
102100000	102149999	1.3845530960137697	1.5798231230000002	-0.19527002698623042
102150000	102199999	1.0143008316466433	1.5798231230000002	-0.5655222913533569
102200000	102249999	1.5879287673953066	1.5798231230000002	0.008105644395306477
102250000	102299999	1.944049753245154	1.5798231230000002	0.3642266302451538
102300000	102349999	1.8685467404922091	1.5798231230000002	0.288723617492209
102350000	102399999	1.3214495142233393	1.5798231230000002	-0.2583736087766608
102400000	102449999	1.224780340692113	1.5798231230000002	-0.3550427823078872
102450000	102499999	1.8538668274820864	1.5798231230000002	0.27404370448208626
102500000	102549999	1.960142175714551	1.5798231230000002	0.3803190527145508
102550000	102599999	1.6492839397337968	1.5798231230000002	0.06946081673379667
102600000	102649999	2.2029399548810424	1.5798231230000002	0.6231168318810423
102650000	102699999	1.7354521369357119	1.5798231230000002	0.1556290139357117
102700000	102749999	2.2094999396949833	1.5798231230000002	0.6296768166949831
102750000	102799999	1.452603213667364	1.5798231230000002	-0.12721990933263627
102800000	102849999	1.426899469636147	1.5798231230000002	-0.15292365336385316
102850000	102899999	1.831378187995035	1.5798231230000002	0.2515550649950349
102900000	102949999	2.006540278453235	1.5798231230000002	0.42671715545323474
102950000	102999999	1.4870067505335358	1.5798231230000002	-0.09281637246646435
103000000	103049999	2.2307556012915954	1.5798231230000002	0.6509324782915953
103050000	103099999	1.9331716534989747	1.5798231230000002	0.3533485304989745
103100000	103149999	2.171915721964447	1.5798231230000002	0.592092598964447
103150000	103199999	1.3985973638148217	1.5798231230000002	-0.18122575918517847
103200000	103249999	1.449988920567328	1.5798231230000002	-0.12983420243267219
103250000	103299999	2.0813289734892275	1.5798231230000002	0.5015058504892274
103300000	103349999	2.2381970946162295	1.5798231230000002	0.6583739716162293
103350000	103399999	1.2689183267671176	1.5798231230000002	-0.3109047962328826
103400000	103449999	1.353558845715523	1.5798231230000002	-0.22626427728447718
103450000	103499999	1.9187909953559146	1.5798231230000002	0.3389678723559144
103500000	103549999	0.9702508549497133	1.5798231230000002	-0.6095722680502869
103550000	103599999	1.6520541257269046	1.5798231230000002	0.07223100272690441
103600000	103649999	2.010094799282965	1.5798231230000002	0.43027167628296503
103650000	103699999	2.2024592855000003	1.5798231230000002	0.6226361625000001
103700000	103749999	2.0723844896611268	1.5798231230000002	0.4925613666611266
103750000	103799999	1.3330499718069988	1.5798231230000002	-0.24677315119300136
103800000	103849999	2.277918737723456	1.5798231230000002	0.698095614723456
103850000	103899999	2.0272569591576173	1.5798231230000002	0.4474338361576171
103900000	103949999	1.9883450515987002	1.5798231230000002	0.40852192859870007
103950000	103999999	1.316152132998378	1.5798231230000002	-0.2636709900016221
104000000	104049999	1.0726693132768221	1.5798231230000002	-0.507153809723178
104050000	104099999	2.154769160926233	1.5798231230000002	0.574946037926233
104100000	104149999	2.108691497946094	1.5798231230000002	0.5288683749460938
104150000	104199999	1.5073448963179261	1.5798231230000002	-0.07247822668207404
104200000	104249999	1.4746591984128297	1.5798231230000002	-0.1051639245871705
104250000	104299999	1.795677177976819	1.5798231230000002	0.21585405497681887
104300000	104349999	2.1822470791	1.5798231230000002	0.6024239561
104350000	104399999	1.903186438824921	1.5798231230000002	0.3233633158249207
104400000	104449999	2.1522604773959477	1.5798231230000002	0.5724373543959476
104450000	104499999	1.5553507894809329	1.5798231230000002	-0.024472333519067302
104500000	104549999	1.1643911882399216	1.5798231230000002	-0.41543193476007856
104550000	104599999	1.2978278256373292	1.5798231230000002	-0.2819952973626709
104600000	104649999	1.7199289890198428	1.5798231230000002	0.14010586601984265
104650000	104699999	1.5814470516534058	1.5798231230000002	0.0016239286534056596
104700000	104749999	1.6272810915372622	1.5798231230000002	0.04745796853726203
104750000	104799999	1.5558467892584962	1.5798231230000002	-0.023976333741503986
104800000	104849999	1.6847947784522583	1.5798231230000002	0.10497165545225817
104850000	104899999	1.4546253387217347	1.5798231230000002	-0.12519778427826544
104900000	104949999	1.6205292428727907	1.5798231230000002	0.04070611987279049
104950000	104999999	1.6277425383328676	1.5798231230000002	0.04791941533286748
105000000	105049999	1.6317484091901644	1.5798231230000002	0.05192528619016423
105050000	105099999	1.3515831870718813	1.5798231230000002	-0.22823993592811886
105100000	105149999	1.2589841238053774	1.5798231230000002	-0.3208389991946228
105150000	105199999	1.538949602637018	1.5798231230000002	-0.040873520362982196
105200000	105249999	1.5535451581049289	1.5798231230000002	-0.026277964895071282
105250000	105299999	2.1896473925000004	1.5798231230000002	0.6098242695000002
105300000	105349999	1.5854781652045595	1.5798231230000002	0.0056550422045593685
105350000	105399999	1.4762321575089326	1.5798231230000002	-0.10359096549106761
105400000	105449999	1.7093647078769105	1.5798231230000002	0.12954158487691037
105450000	105499999	2.22247049	1.5798231230000002	0.6426473669999999
105500000	105549999	1.2376355299850177	1.5798231230000002	-0.34218759301498247
105550000	105599999	1.4164116645744387	1.5798231230000002	-0.16341145842556148
105600000	105649999	2.0088587146737855	1.5798231230000002	0.42903559167378535
105650000	105699999	1.5551162089836854	1.5798231230000002	-0.02470691401631475
105700000	105749999	2.1469542758	1.5798231230000002	0.5671311528
105750000	105799999	1.9498402928234315	1.5798231230000002	0.37001716982343136
105800000	105849999	1.1497667701045047	1.5798231230000002	-0.4300563528954955
105850000	105899999	1.9878636386979616	1.5798231230000002	0.4080405156979614
105900000	105949999	2.2438719789	1.5798231230000002	0.6640488559
105950000	105999999	0.8621617478982606	1.5798231230000002	-0.7176613751017396
106000000	106049999	0.26032038235783084	1.5798231230000002	-1.3195027406421693
106050000	106099999	1.7294681944793702	1.5798231230000002	0.14964507147937
106100000	106149999	2.0187676739000002	1.5798231230000002	0.43894455090000006
106150000	106199999	1.8813847764	1.5798231230000002	0.30156165339999985
106200000	106249999	1.4221506354823825	1.5798231230000002	-0.15767248751761764
106250000	106299999	1.7676427451268006	1.5798231230000002	0.18781962212680048
106300000	106349999	1.5652769853549684	1.5798231230000002	-0.014546137645031765
106350000	106399999	1.3377794505582887	1.5798231230000002	-0.24204367244171143
106400000	106449999	1.241878447808008	1.5798231230000002	-0.3379446751919921
106450000	106499999	1.2921772085436143	1.5798231230000002	-0.2876459144563859
106500000	106549999	1.2113672576244745	1.5798231230000002	-0.36845586537552566
106550000	106599999	1.8874890839154665	1.5798231230000002	0.3076659609154664
106600000	106649999	2.2135735363478335	1.5798231230000002	0.6337504133478333
106650000	106699999	1.6741942142435304	1.5798231230000002	0.09437109124353027
106700000	106749999	1.5658579513859376	1.5798231230000002	-0.013965171614062521
106750000	106799999	1.5936243194310182	1.5798231230000002	0.01380119643101807
106800000	106849999	1.1913759893589517	1.5798231230000002	-0.38844713364104844
106850000	106899999	1.490127507621811	1.5798231230000002	-0.08969561537818915
106900000	106949999	1.8592994637773195	1.5798231230000002	0.2794763407773193
106950000	106999999	1.5489601810272187	1.5798231230000002	-0.0308629419727815
107000000	107049999	1.3580873500807376	1.5798231230000002	-0.2217357729192626
107050000	107099999	1.4673567914915926	1.5798231230000002	-0.11246633150840757
107100000	107149999	1.685745876070154	1.5798231230000002	0.10592275307015386
107150000	107199999	1.9097883183942324	1.5798231230000002	0.3299651953942322
107200000	107249999	1.9270611526977541	1.5798231230000002	0.34723802969775397
107250000	107299999	1.2682719003185654	1.5798231230000002	-0.31155122268143476
107300000	107349999	0.5798231230000002	1.5798231230000002	-1.0
