start	end	obs	exp	var
0	49999	1.5535605164000001	1.5535605164000001	0.0
50000	99999	1.458597450120112	1.5535605164000001	-0.09496306627988815
100000	149999	1.458597450120112	1.5535605164000001	-0.09496306627988815
150000	199999	1.458597450120112	1.5535605164000001	-0.09496306627988815
200000	249999	1.458597450120112	1.5535605164000001	-0.09496306627988815
250000	299999	1.458597450120112	1.5535605164000001	-0.09496306627988815
300000	349999	1.458597450120112	1.5535605164000001	-0.09496306627988815
350000	399999	1.458597450120112	1.5535605164000001	-0.09496306627988815
400000	449999	1.458597450120112	1.5535605164000001	-0.09496306627988815
450000	499999	1.458597450120112	1.5535605164000001	-0.09496306627988815
500000	549999	1.458597450120112	1.5535605164000001	-0.09496306627988815
550000	599999	1.458597450120112	1.5535605164000001	-0.09496306627988815
600000	649999	1.458597450120112	1.5535605164000001	-0.09496306627988815
650000	699999	1.458597450120112	1.5535605164000001	-0.09496306627988815
700000	749999	1.458597450120112	1.5535605164000001	-0.09496306627988815
750000	799999	1.458597450120112	1.5535605164000001	-0.09496306627988815
800000	849999	1.458597450120112	1.5535605164000001	-0.09496306627988815
850000	899999	1.458597450120112	1.5535605164000001	-0.09496306627988815
900000	949999	1.458597450120112	1.5535605164000001	-0.09496306627988815
950000	999999	1.458597450120112	1.5535605164000001	-0.09496306627988815
1000000	1049999	1.458597450120112	1.5535605164000001	-0.09496306627988815
1050000	1099999	1.458597450120112	1.5535605164000001	-0.09496306627988815
1100000	1149999	1.458597450120112	1.5535605164000001	-0.09496306627988815
1150000	1199999	1.458597450120112	1.5535605164000001	-0.09496306627988815
1200000	1249999	1.458597450120112	1.5535605164000001	-0.09496306627988815
1250000	1299999	1.458597450120112	1.5535605164000001	-0.09496306627988815
1300000	1349999	1.458597450120112	1.5535605164000001	-0.09496306627988815
1350000	1399999	1.458597450120112	1.5535605164000001	-0.09496306627988815
1400000	1449999	1.458597450120112	1.5535605164000001	-0.09496306627988815
1450000	1499999	1.458597450120112	1.5535605164000001	-0.09496306627988815
1500000	1549999	1.458597450120112	1.5535605164000001	-0.09496306627988815
1550000	1599999	1.458597450120112	1.5535605164000001	-0.09496306627988815
1600000	1649999	1.458597450120112	1.5535605164000001	-0.09496306627988815
1650000	1699999	1.458597450120112	1.5535605164000001	-0.09496306627988815
1700000	1749999	1.458597450120112	1.5535605164000001	-0.09496306627988815
1750000	1799999	1.458597450120112	1.5535605164000001	-0.09496306627988815
1800000	1849999	1.458597450120112	1.5535605164000001	-0.09496306627988815
1850000	1899999	1.458597450120112	1.5535605164000001	-0.09496306627988815
1900000	1949999	1.458597450120112	1.5535605164000001	-0.09496306627988815
1950000	1999999	1.458597450120112	1.5535605164000001	-0.09496306627988815
2000000	2049999	1.458597450120112	1.5535605164000001	-0.09496306627988815
2050000	2099999	1.458597450120112	1.5535605164000001	-0.09496306627988815
2100000	2149999	1.458597450120112	1.5535605164000001	-0.09496306627988815
2150000	2199999	1.458597450120112	1.5535605164000001	-0.09496306627988815
2200000	2249999	1.458597450120112	1.5535605164000001	-0.09496306627988815
2250000	2299999	1.458597450120112	1.5535605164000001	-0.09496306627988815
2300000	2349999	1.458597450120112	1.5535605164000001	-0.09496306627988815
2350000	2399999	1.458597450120112	1.5535605164000001	-0.09496306627988815
2400000	2449999	1.458597450120112	1.5535605164000001	-0.09496306627988815
2450000	2499999	1.458597450120112	1.5535605164000001	-0.09496306627988815
2500000	2549999	1.458597450120112	1.5535605164000001	-0.09496306627988815
2550000	2599999	1.458597450120112	1.5535605164000001	-0.09496306627988815
2600000	2649999	1.458597450120112	1.5535605164000001	-0.09496306627988815
2650000	2699999	1.458597450120112	1.5535605164000001	-0.09496306627988815
2700000	2749999	1.458597450120112	1.5535605164000001	-0.09496306627988815
2750000	2799999	1.458597450120112	1.5535605164000001	-0.09496306627988815
2800000	2849999	1.458597450120112	1.5535605164000001	-0.09496306627988815
2850000	2899999	1.458597450120112	1.5535605164000001	-0.09496306627988815
2900000	2949999	1.458597450120112	1.5535605164000001	-0.09496306627988815
2950000	2999999	1.458597450120112	1.5535605164000001	-0.09496306627988815
3000000	3049999	1.458597450120112	1.5535605164000001	-0.09496306627988815
3050000	3099999	1.458597450120112	1.5535605164000001	-0.09496306627988815
3100000	3149999	1.458597450120112	1.5535605164000001	-0.09496306627988815
3150000	3199999	1.458597450120112	1.5535605164000001	-0.09496306627988815
3200000	3249999	1.458597450120112	1.5535605164000001	-0.09496306627988815
3250000	3299999	1.458597450120112	1.5535605164000001	-0.09496306627988815
3300000	3349999	1.458597450120112	1.5535605164000001	-0.09496306627988815
3350000	3399999	1.458597450120112	1.5535605164000001	-0.09496306627988815
3400000	3449999	1.458597450120112	1.5535605164000001	-0.09496306627988815
3450000	3499999	1.458597450120112	1.5535605164000001	-0.09496306627988815
3500000	3549999	1.458597450120112	1.5535605164000001	-0.09496306627988815
3550000	3599999	1.458597450120112	1.5535605164000001	-0.09496306627988815
3600000	3649999	1.458597450120112	1.5535605164000001	-0.09496306627988815
3650000	3699999	1.458597450120112	1.5535605164000001	-0.09496306627988815
3700000	3749999	1.458597450120112	1.5535605164000001	-0.09496306627988815
3750000	3799999	1.458597450120112	1.5535605164000001	-0.09496306627988815
3800000	3849999	1.458597450120112	1.5535605164000001	-0.09496306627988815
3850000	3899999	1.458597450120112	1.5535605164000001	-0.09496306627988815
3900000	3949999	1.458597450120112	1.5535605164000001	-0.09496306627988815
3950000	3999999	1.458597450120112	1.5535605164000001	-0.09496306627988815
4000000	4049999	1.458597450120112	1.5535605164000001	-0.09496306627988815
4050000	4099999	1.458597450120112	1.5535605164000001	-0.09496306627988815
4100000	4149999	1.458597450120112	1.5535605164000001	-0.09496306627988815
4150000	4199999	1.458597450120112	1.5535605164000001	-0.09496306627988815
4200000	4249999	1.458597450120112	1.5535605164000001	-0.09496306627988815
4250000	4299999	1.458597450120112	1.5535605164000001	-0.09496306627988815
4300000	4349999	1.458597450120112	1.5535605164000001	-0.09496306627988815
4350000	4399999	1.458597450120112	1.5535605164000001	-0.09496306627988815
4400000	4449999	1.458597450120112	1.5535605164000001	-0.09496306627988815
4450000	4499999	1.458597450120112	1.5535605164000001	-0.09496306627988815
4500000	4549999	1.458597450120112	1.5535605164000001	-0.09496306627988815
4550000	4599999	1.458597450120112	1.5535605164000001	-0.09496306627988815
4600000	4649999	1.458597450120112	1.5535605164000001	-0.09496306627988815
4650000	4699999	1.458597450120112	1.5535605164000001	-0.09496306627988815
4700000	4749999	1.458597450120112	1.5535605164000001	-0.09496306627988815
4750000	4799999	1.458597450120112	1.5535605164000001	-0.09496306627988815
4800000	4849999	1.458597450120112	1.5535605164000001	-0.09496306627988815
4850000	4899999	1.458597450120112	1.5535605164000001	-0.09496306627988815
4900000	4949999	1.458597450120112	1.5535605164000001	-0.09496306627988815
4950000	4999999	1.458597450120112	1.5535605164000001	-0.09496306627988815
5000000	5049999	1.458597450120112	1.5535605164000001	-0.09496306627988815
5050000	5099999	1.458597450120112	1.5535605164000001	-0.09496306627988815
5100000	5149999	1.458597450120112	1.5535605164000001	-0.09496306627988815
5150000	5199999	1.458597450120112	1.5535605164000001	-0.09496306627988815
5200000	5249999	1.458597450120112	1.5535605164000001	-0.09496306627988815
5250000	5299999	1.458597450120112	1.5535605164000001	-0.09496306627988815
5300000	5349999	1.458597450120112	1.5535605164000001	-0.09496306627988815
5350000	5399999	1.458597450120112	1.5535605164000001	-0.09496306627988815
5400000	5449999	1.458597450120112	1.5535605164000001	-0.09496306627988815
5450000	5499999	1.458597450120112	1.5535605164000001	-0.09496306627988815
5500000	5549999	1.458597450120112	1.5535605164000001	-0.09496306627988815
5550000	5599999	1.458597450120112	1.5535605164000001	-0.09496306627988815
5600000	5649999	1.458597450120112	1.5535605164000001	-0.09496306627988815
5650000	5699999	1.458597450120112	1.5535605164000001	-0.09496306627988815
5700000	5749999	1.458597450120112	1.5535605164000001	-0.09496306627988815
5750000	5799999	1.458597450120112	1.5535605164000001	-0.09496306627988815
5800000	5849999	1.458597450120112	1.5535605164000001	-0.09496306627988815
5850000	5899999	1.458597450120112	1.5535605164000001	-0.09496306627988815
5900000	5949999	1.458597450120112	1.5535605164000001	-0.09496306627988815
5950000	5999999	1.458597450120112	1.5535605164000001	-0.09496306627988815
6000000	6049999	1.458597450120112	1.5535605164000001	-0.09496306627988815
6050000	6099999	1.458597450120112	1.5535605164000001	-0.09496306627988815
6100000	6149999	1.458597450120112	1.5535605164000001	-0.09496306627988815
6150000	6199999	1.458597450120112	1.5535605164000001	-0.09496306627988815
6200000	6249999	1.458597450120112	1.5535605164000001	-0.09496306627988815
6250000	6299999	1.458597450120112	1.5535605164000001	-0.09496306627988815
6300000	6349999	1.458597450120112	1.5535605164000001	-0.09496306627988815
6350000	6399999	1.458597450120112	1.5535605164000001	-0.09496306627988815
6400000	6449999	1.458597450120112	1.5535605164000001	-0.09496306627988815
6450000	6499999	1.458597450120112	1.5535605164000001	-0.09496306627988815
6500000	6549999	1.458597450120112	1.5535605164000001	-0.09496306627988815
6550000	6599999	1.458597450120112	1.5535605164000001	-0.09496306627988815
6600000	6649999	1.458597450120112	1.5535605164000001	-0.09496306627988815
6650000	6699999	1.458597450120112	1.5535605164000001	-0.09496306627988815
6700000	6749999	1.458597450120112	1.5535605164000001	-0.09496306627988815
6750000	6799999	1.458597450120112	1.5535605164000001	-0.09496306627988815
6800000	6849999	1.458597450120112	1.5535605164000001	-0.09496306627988815
6850000	6899999	1.458597450120112	1.5535605164000001	-0.09496306627988815
6900000	6949999	1.458597450120112	1.5535605164000001	-0.09496306627988815
6950000	6999999	1.458597450120112	1.5535605164000001	-0.09496306627988815
7000000	7049999	1.458597450120112	1.5535605164000001	-0.09496306627988815
7050000	7099999	1.458597450120112	1.5535605164000001	-0.09496306627988815
7100000	7149999	1.458597450120112	1.5535605164000001	-0.09496306627988815
7150000	7199999	1.458597450120112	1.5535605164000001	-0.09496306627988815
7200000	7249999	1.458597450120112	1.5535605164000001	-0.09496306627988815
7250000	7299999	1.458597450120112	1.5535605164000001	-0.09496306627988815
7300000	7349999	1.458597450120112	1.5535605164000001	-0.09496306627988815
7350000	7399999	1.458597450120112	1.5535605164000001	-0.09496306627988815
7400000	7449999	1.458597450120112	1.5535605164000001	-0.09496306627988815
7450000	7499999	1.458597450120112	1.5535605164000001	-0.09496306627988815
7500000	7549999	1.458597450120112	1.5535605164000001	-0.09496306627988815
7550000	7599999	1.458597450120112	1.5535605164000001	-0.09496306627988815
7600000	7649999	1.458597450120112	1.5535605164000001	-0.09496306627988815
7650000	7699999	1.458597450120112	1.5535605164000001	-0.09496306627988815
7700000	7749999	1.458597450120112	1.5535605164000001	-0.09496306627988815
7750000	7799999	1.458597450120112	1.5535605164000001	-0.09496306627988815
7800000	7849999	1.458597450120112	1.5535605164000001	-0.09496306627988815
7850000	7899999	1.458597450120112	1.5535605164000001	-0.09496306627988815
7900000	7949999	1.458597450120112	1.5535605164000001	-0.09496306627988815
7950000	7999999	1.458597450120112	1.5535605164000001	-0.09496306627988815
8000000	8049999	1.458597450120112	1.5535605164000001	-0.09496306627988815
8050000	8099999	1.458597450120112	1.5535605164000001	-0.09496306627988815
8100000	8149999	1.458597450120112	1.5535605164000001	-0.09496306627988815
8150000	8199999	1.458597450120112	1.5535605164000001	-0.09496306627988815
8200000	8249999	1.458597450120112	1.5535605164000001	-0.09496306627988815
8250000	8299999	1.458597450120112	1.5535605164000001	-0.09496306627988815
8300000	8349999	1.458597450120112	1.5535605164000001	-0.09496306627988815
8350000	8399999	1.458597450120112	1.5535605164000001	-0.09496306627988815
8400000	8449999	1.458597450120112	1.5535605164000001	-0.09496306627988815
8450000	8499999	1.458597450120112	1.5535605164000001	-0.09496306627988815
8500000	8549999	1.458597450120112	1.5535605164000001	-0.09496306627988815
8550000	8599999	1.458597450120112	1.5535605164000001	-0.09496306627988815
8600000	8649999	1.458597450120112	1.5535605164000001	-0.09496306627988815
8650000	8699999	1.458597450120112	1.5535605164000001	-0.09496306627988815
8700000	8749999	1.458597450120112	1.5535605164000001	-0.09496306627988815
8750000	8799999	1.458597450120112	1.5535605164000001	-0.09496306627988815
8800000	8849999	1.458597450120112	1.5535605164000001	-0.09496306627988815
8850000	8899999	1.458597450120112	1.5535605164000001	-0.09496306627988815
8900000	8949999	1.458597450120112	1.5535605164000001	-0.09496306627988815
8950000	8999999	1.458597450120112	1.5535605164000001	-0.09496306627988815
9000000	9049999	1.458597450120112	1.5535605164000001	-0.09496306627988815
9050000	9099999	1.458597450120112	1.5535605164000001	-0.09496306627988815
9100000	9149999	1.458597450120112	1.5535605164000001	-0.09496306627988815
9150000	9199999	1.458597450120112	1.5535605164000001	-0.09496306627988815
9200000	9249999	1.458597450120112	1.5535605164000001	-0.09496306627988815
9250000	9299999	1.458597450120112	1.5535605164000001	-0.09496306627988815
9300000	9349999	1.458597450120112	1.5535605164000001	-0.09496306627988815
9350000	9399999	1.458597450120112	1.5535605164000001	-0.09496306627988815
9400000	9449999	1.458597450120112	1.5535605164000001	-0.09496306627988815
9450000	9499999	1.458597450120112	1.5535605164000001	-0.09496306627988815
9500000	9549999	1.458597450120112	1.5535605164000001	-0.09496306627988815
9550000	9599999	1.458597450120112	1.5535605164000001	-0.09496306627988815
9600000	9649999	1.458597450120112	1.5535605164000001	-0.09496306627988815
9650000	9699999	1.458597450120112	1.5535605164000001	-0.09496306627988815
9700000	9749999	1.458597450120112	1.5535605164000001	-0.09496306627988815
9750000	9799999	1.458597450120112	1.5535605164000001	-0.09496306627988815
9800000	9849999	1.458597450120112	1.5535605164000001	-0.09496306627988815
9850000	9899999	1.458597450120112	1.5535605164000001	-0.09496306627988815
9900000	9949999	1.458597450120112	1.5535605164000001	-0.09496306627988815
9950000	9999999	1.458597450120112	1.5535605164000001	-0.09496306627988815
10000000	10049999	1.458597450120112	1.5535605164000001	-0.09496306627988815
10050000	10099999	1.458597450120112	1.5535605164000001	-0.09496306627988815
10100000	10149999	1.458597450120112	1.5535605164000001	-0.09496306627988815
10150000	10199999	1.458597450120112	1.5535605164000001	-0.09496306627988815
10200000	10249999	1.458597450120112	1.5535605164000001	-0.09496306627988815
10250000	10299999	1.458597450120112	1.5535605164000001	-0.09496306627988815
10300000	10349999	1.458597450120112	1.5535605164000001	-0.09496306627988815
10350000	10399999	1.458597450120112	1.5535605164000001	-0.09496306627988815
10400000	10449999	1.458597450120112	1.5535605164000001	-0.09496306627988815
10450000	10499999	1.458597450120112	1.5535605164000001	-0.09496306627988815
10500000	10549999	1.458597450120112	1.5535605164000001	-0.09496306627988815
10550000	10599999	1.458597450120112	1.5535605164000001	-0.09496306627988815
10600000	10649999	1.458597450120112	1.5535605164000001	-0.09496306627988815
10650000	10699999	1.458597450120112	1.5535605164000001	-0.09496306627988815
10700000	10749999	1.458597450120112	1.5535605164000001	-0.09496306627988815
10750000	10799999	1.458597450120112	1.5535605164000001	-0.09496306627988815
10800000	10849999	1.458597450120112	1.5535605164000001	-0.09496306627988815
10850000	10899999	1.458597450120112	1.5535605164000001	-0.09496306627988815
10900000	10949999	1.458597450120112	1.5535605164000001	-0.09496306627988815
10950000	10999999	1.458597450120112	1.5535605164000001	-0.09496306627988815
11000000	11049999	1.458597450120112	1.5535605164000001	-0.09496306627988815
11050000	11099999	1.458597450120112	1.5535605164000001	-0.09496306627988815
11100000	11149999	1.458597450120112	1.5535605164000001	-0.09496306627988815
11150000	11199999	1.458597450120112	1.5535605164000001	-0.09496306627988815
11200000	11249999	1.458597450120112	1.5535605164000001	-0.09496306627988815
11250000	11299999	1.458597450120112	1.5535605164000001	-0.09496306627988815
11300000	11349999	1.458597450120112	1.5535605164000001	-0.09496306627988815
11350000	11399999	1.458597450120112	1.5535605164000001	-0.09496306627988815
11400000	11449999	1.458597450120112	1.5535605164000001	-0.09496306627988815
11450000	11499999	1.458597450120112	1.5535605164000001	-0.09496306627988815
11500000	11549999	1.458597450120112	1.5535605164000001	-0.09496306627988815
11550000	11599999	1.458597450120112	1.5535605164000001	-0.09496306627988815
11600000	11649999	1.458597450120112	1.5535605164000001	-0.09496306627988815
11650000	11699999	1.458597450120112	1.5535605164000001	-0.09496306627988815
11700000	11749999	1.458597450120112	1.5535605164000001	-0.09496306627988815
11750000	11799999	1.458597450120112	1.5535605164000001	-0.09496306627988815
11800000	11849999	1.458597450120112	1.5535605164000001	-0.09496306627988815
11850000	11899999	1.458597450120112	1.5535605164000001	-0.09496306627988815
11900000	11949999	1.458597450120112	1.5535605164000001	-0.09496306627988815
11950000	11999999	1.458597450120112	1.5535605164000001	-0.09496306627988815
12000000	12049999	1.458597450120112	1.5535605164000001	-0.09496306627988815
12050000	12099999	1.458597450120112	1.5535605164000001	-0.09496306627988815
12100000	12149999	1.458597450120112	1.5535605164000001	-0.09496306627988815
12150000	12199999	1.458597450120112	1.5535605164000001	-0.09496306627988815
12200000	12249999	1.458597450120112	1.5535605164000001	-0.09496306627988815
12250000	12299999	1.458597450120112	1.5535605164000001	-0.09496306627988815
12300000	12349999	1.458597450120112	1.5535605164000001	-0.09496306627988815
12350000	12399999	1.458597450120112	1.5535605164000001	-0.09496306627988815
12400000	12449999	1.458597450120112	1.5535605164000001	-0.09496306627988815
12450000	12499999	1.458597450120112	1.5535605164000001	-0.09496306627988815
12500000	12549999	1.458597450120112	1.5535605164000001	-0.09496306627988815
12550000	12599999	1.458597450120112	1.5535605164000001	-0.09496306627988815
12600000	12649999	1.458597450120112	1.5535605164000001	-0.09496306627988815
12650000	12699999	1.458597450120112	1.5535605164000001	-0.09496306627988815
12700000	12749999	1.458597450120112	1.5535605164000001	-0.09496306627988815
12750000	12799999	1.458597450120112	1.5535605164000001	-0.09496306627988815
12800000	12849999	1.458597450120112	1.5535605164000001	-0.09496306627988815
12850000	12899999	1.458597450120112	1.5535605164000001	-0.09496306627988815
12900000	12949999	1.458597450120112	1.5535605164000001	-0.09496306627988815
12950000	12999999	1.458597450120112	1.5535605164000001	-0.09496306627988815
13000000	13049999	1.458597450120112	1.5535605164000001	-0.09496306627988815
13050000	13099999	1.458597450120112	1.5535605164000001	-0.09496306627988815
13100000	13149999	1.458597450120112	1.5535605164000001	-0.09496306627988815
13150000	13199999	1.458597450120112	1.5535605164000001	-0.09496306627988815
13200000	13249999	1.458597450120112	1.5535605164000001	-0.09496306627988815
13250000	13299999	1.458597450120112	1.5535605164000001	-0.09496306627988815
13300000	13349999	1.458597450120112	1.5535605164000001	-0.09496306627988815
13350000	13399999	1.458597450120112	1.5535605164000001	-0.09496306627988815
13400000	13449999	1.458597450120112	1.5535605164000001	-0.09496306627988815
13450000	13499999	1.458597450120112	1.5535605164000001	-0.09496306627988815
13500000	13549999	1.458597450120112	1.5535605164000001	-0.09496306627988815
13550000	13599999	1.458597450120112	1.5535605164000001	-0.09496306627988815
13600000	13649999	1.458597450120112	1.5535605164000001	-0.09496306627988815
13650000	13699999	1.458597450120112	1.5535605164000001	-0.09496306627988815
13700000	13749999	1.458597450120112	1.5535605164000001	-0.09496306627988815
13750000	13799999	1.458597450120112	1.5535605164000001	-0.09496306627988815
13800000	13849999	1.458597450120112	1.5535605164000001	-0.09496306627988815
13850000	13899999	1.458597450120112	1.5535605164000001	-0.09496306627988815
13900000	13949999	1.458597450120112	1.5535605164000001	-0.09496306627988815
13950000	13999999	1.458597450120112	1.5535605164000001	-0.09496306627988815
14000000	14049999	1.458597450120112	1.5535605164000001	-0.09496306627988815
14050000	14099999	1.458597450120112	1.5535605164000001	-0.09496306627988815
14100000	14149999	1.458597450120112	1.5535605164000001	-0.09496306627988815
14150000	14199999	1.458597450120112	1.5535605164000001	-0.09496306627988815
14200000	14249999	1.458597450120112	1.5535605164000001	-0.09496306627988815
14250000	14299999	1.458597450120112	1.5535605164000001	-0.09496306627988815
14300000	14349999	1.458597450120112	1.5535605164000001	-0.09496306627988815
14350000	14399999	1.458597450120112	1.5535605164000001	-0.09496306627988815
14400000	14449999	1.458597450120112	1.5535605164000001	-0.09496306627988815
14450000	14499999	1.458597450120112	1.5535605164000001	-0.09496306627988815
14500000	14549999	1.458597450120112	1.5535605164000001	-0.09496306627988815
14550000	14599999	1.458597450120112	1.5535605164000001	-0.09496306627988815
14600000	14649999	1.458597450120112	1.5535605164000001	-0.09496306627988815
14650000	14699999	1.458597450120112	1.5535605164000001	-0.09496306627988815
14700000	14749999	1.458597450120112	1.5535605164000001	-0.09496306627988815
14750000	14799999	1.458597450120112	1.5535605164000001	-0.09496306627988815
14800000	14849999	1.458597450120112	1.5535605164000001	-0.09496306627988815
14850000	14899999	1.458597450120112	1.5535605164000001	-0.09496306627988815
14900000	14949999	1.458597450120112	1.5535605164000001	-0.09496306627988815
14950000	14999999	1.458597450120112	1.5535605164000001	-0.09496306627988815
15000000	15049999	1.458597450120112	1.5535605164000001	-0.09496306627988815
15050000	15099999	1.458597450120112	1.5535605164000001	-0.09496306627988815
15100000	15149999	1.458597450120112	1.5535605164000001	-0.09496306627988815
15150000	15199999	1.458597450120112	1.5535605164000001	-0.09496306627988815
15200000	15249999	1.458597450120112	1.5535605164000001	-0.09496306627988815
15250000	15299999	1.458597450120112	1.5535605164000001	-0.09496306627988815
15300000	15349999	1.458597450120112	1.5535605164000001	-0.09496306627988815
15350000	15399999	1.458597450120112	1.5535605164000001	-0.09496306627988815
15400000	15449999	1.458597450120112	1.5535605164000001	-0.09496306627988815
15450000	15499999	1.458597450120112	1.5535605164000001	-0.09496306627988815
15500000	15549999	1.458597450120112	1.5535605164000001	-0.09496306627988815
15550000	15599999	1.458597450120112	1.5535605164000001	-0.09496306627988815
15600000	15649999	1.458597450120112	1.5535605164000001	-0.09496306627988815
15650000	15699999	1.458597450120112	1.5535605164000001	-0.09496306627988815
15700000	15749999	1.458597450120112	1.5535605164000001	-0.09496306627988815
15750000	15799999	1.458597450120112	1.5535605164000001	-0.09496306627988815
15800000	15849999	1.458597450120112	1.5535605164000001	-0.09496306627988815
15850000	15899999	1.458597450120112	1.5535605164000001	-0.09496306627988815
15900000	15949999	1.458597450120112	1.5535605164000001	-0.09496306627988815
15950000	15999999	1.458597450120112	1.5535605164000001	-0.09496306627988815
16000000	16049999	1.458597450120112	1.5535605164000001	-0.09496306627988815
16050000	16099999	1.458597450120112	1.5535605164000001	-0.09496306627988815
16100000	16149999	1.458597450120112	1.5535605164000001	-0.09496306627988815
16150000	16199999	1.458597450120112	1.5535605164000001	-0.09496306627988815
16200000	16249999	1.458597450120112	1.5535605164000001	-0.09496306627988815
16250000	16299999	1.458597450120112	1.5535605164000001	-0.09496306627988815
16300000	16349999	1.458597450120112	1.5535605164000001	-0.09496306627988815
16350000	16399999	1.458597450120112	1.5535605164000001	-0.09496306627988815
16400000	16449999	1.458597450120112	1.5535605164000001	-0.09496306627988815
16450000	16499999	1.458597450120112	1.5535605164000001	-0.09496306627988815
16500000	16549999	1.458597450120112	1.5535605164000001	-0.09496306627988815
16550000	16599999	1.458597450120112	1.5535605164000001	-0.09496306627988815
16600000	16649999	1.458597450120112	1.5535605164000001	-0.09496306627988815
16650000	16699999	1.458597450120112	1.5535605164000001	-0.09496306627988815
16700000	16749999	1.458597450120112	1.5535605164000001	-0.09496306627988815
16750000	16799999	1.458597450120112	1.5535605164000001	-0.09496306627988815
16800000	16849999	1.458597450120112	1.5535605164000001	-0.09496306627988815
16850000	16899999	1.458597450120112	1.5535605164000001	-0.09496306627988815
16900000	16949999	1.458597450120112	1.5535605164000001	-0.09496306627988815
16950000	16999999	1.458597450120112	1.5535605164000001	-0.09496306627988815
17000000	17049999	1.458597450120112	1.5535605164000001	-0.09496306627988815
17050000	17099999	1.458597450120112	1.5535605164000001	-0.09496306627988815
17100000	17149999	1.458597450120112	1.5535605164000001	-0.09496306627988815
17150000	17199999	1.458597450120112	1.5535605164000001	-0.09496306627988815
17200000	17249999	1.458597450120112	1.5535605164000001	-0.09496306627988815
17250000	17299999	1.458597450120112	1.5535605164000001	-0.09496306627988815
17300000	17349999	1.458597450120112	1.5535605164000001	-0.09496306627988815
17350000	17399999	1.458597450120112	1.5535605164000001	-0.09496306627988815
17400000	17449999	1.458597450120112	1.5535605164000001	-0.09496306627988815
17450000	17499999	1.458597450120112	1.5535605164000001	-0.09496306627988815
17500000	17549999	1.458597450120112	1.5535605164000001	-0.09496306627988815
17550000	17599999	1.458597450120112	1.5535605164000001	-0.09496306627988815
17600000	17649999	1.458597450120112	1.5535605164000001	-0.09496306627988815
17650000	17699999	1.458597450120112	1.5535605164000001	-0.09496306627988815
17700000	17749999	1.458597450120112	1.5535605164000001	-0.09496306627988815
17750000	17799999	1.458597450120112	1.5535605164000001	-0.09496306627988815
17800000	17849999	1.458597450120112	1.5535605164000001	-0.09496306627988815
17850000	17899999	1.458597450120112	1.5535605164000001	-0.09496306627988815
17900000	17949999	1.458597450120112	1.5535605164000001	-0.09496306627988815
17950000	17999999	1.458597450120112	1.5535605164000001	-0.09496306627988815
18000000	18049999	1.458597450120112	1.5535605164000001	-0.09496306627988815
18050000	18099999	1.458597450120112	1.5535605164000001	-0.09496306627988815
18100000	18149999	1.458597450120112	1.5535605164000001	-0.09496306627988815
18150000	18199999	1.458597450120112	1.5535605164000001	-0.09496306627988815
18200000	18249999	1.458597450120112	1.5535605164000001	-0.09496306627988815
18250000	18299999	1.458597450120112	1.5535605164000001	-0.09496306627988815
18300000	18349999	1.458597450120112	1.5535605164000001	-0.09496306627988815
18350000	18399999	1.458597450120112	1.5535605164000001	-0.09496306627988815
18400000	18449999	1.458597450120112	1.5535605164000001	-0.09496306627988815
18450000	18499999	1.458597450120112	1.5535605164000001	-0.09496306627988815
18500000	18549999	1.458597450120112	1.5535605164000001	-0.09496306627988815
18550000	18599999	1.458597450120112	1.5535605164000001	-0.09496306627988815
18600000	18649999	1.458597450120112	1.5535605164000001	-0.09496306627988815
18650000	18699999	1.458597450120112	1.5535605164000001	-0.09496306627988815
18700000	18749999	1.458597450120112	1.5535605164000001	-0.09496306627988815
18750000	18799999	1.458597450120112	1.5535605164000001	-0.09496306627988815
18800000	18849999	1.458597450120112	1.5535605164000001	-0.09496306627988815
18850000	18899999	1.458597450120112	1.5535605164000001	-0.09496306627988815
18900000	18949999	1.458597450120112	1.5535605164000001	-0.09496306627988815
18950000	18999999	1.458597450120112	1.5535605164000001	-0.09496306627988815
19000000	19049999	0.589816193420112	1.5535605164000001	-0.9637443229798881
19050000	19099999	1.7589660823414675	1.5535605164000001	0.2054055659414673
19100000	19149999	1.4185436667059816	1.5535605164000001	-0.1350168496940185
19150000	19199999	0.9202830208000017	1.5535605164000001	-0.6332774955999985
19200000	19249999	1.2011675022423112	1.5535605164000001	-0.352393014157689
19250000	19299999	1.2577300406023675	1.5535605164000001	-0.29583047579763266
19300000	19349999	1.6071480975795596	1.5535605164000001	0.05358758117955942
19350000	19399999	2.1179406906171754	1.5535605164000001	0.5643801742171752
19400000	19449999	3.4093237980338014	1.5535605164000001	1.8557632816338012
19450000	19499999	2.1552659198580506	1.5535605164000001	0.6017054034580505
19500000	19549999	1.3478899037572512	1.5535605164000001	-0.205670612642749
19550000	19599999	1.3047088032336855	1.5535605164000001	-0.2488517131663146
19600000	19649999	1.3776164514979037	1.5535605164000001	-0.17594406490209646
19650000	19699999	1.1568017190591662	1.5535605164000001	-0.39675879734083397
19700000	19749999	1.173062746139931	1.5535605164000001	-0.38049777026006915
19750000	19799999	1.59328213066066	1.5535605164000001	0.03972161426065979
19800000	19849999	1.414237193997928	1.5535605164000001	-0.13932332240207224
19850000	19899999	1.60294963631073	1.5535605164000001	0.04938911991072992
19900000	19949999	1.6025868248403565	1.5535605164000001	0.04902630844035638
19950000	19999999	1.472926901917331	1.5535605164000001	-0.08063361448266915
20000000	20049999	1.6503007841021715	1.5535605164000001	0.09674026770217137
20050000	20099999	1.788617845609476	1.5535605164000001	0.23505732920947575
20100000	20149999	1.516217710138646	1.5535605164000001	-0.03734280626135411
20150000	20199999	1.3425952080380095	1.5535605164000001	-0.21096530836199068
20200000	20249999	1.1186644339848	1.5535605164000001	-0.43489608241520017
20250000	20299999	2.0641731703896484	1.5535605164000001	0.5106126539896483
20300000	20349999	1.8412786833228334	1.5535605164000001	0.28771816692283325
20350000	20399999	2.1762501034923893	1.5535605164000001	0.6226895870923892
20400000	20449999	1.7645401277110415	1.5535605164000001	0.21097961131104137
20450000	20499999	2.0691586090564393	1.5535605164000001	0.5155980926564392
20500000	20549999	1.3858999316503144	1.5535605164000001	-0.1676605847496857
20550000	20599999	1.748506386586583	1.5535605164000001	0.19494587018658294
20600000	20649999	2.0876299925484774	1.5535605164000001	0.5340694761484772
20650000	20699999	2.0945571229099	1.5535605164000001	0.5409966065098999
20700000	20749999	1.09374394677369	1.5535605164000001	-0.4598165696263101
20750000	20799999	0.9605224119666811	1.5535605164000001	-0.5930381044333191
20800000	20849999	1.755448132068036	1.5535605164000001	0.2018876156680358
20850000	20899999	1.5697358149755525	1.5535605164000001	0.016175298575552333
20900000	20949999	1.551134361753281	1.5535605164000001	-0.0024261546467192474
20950000	20999999	1.6169454751009888	1.5535605164000001	0.0633849587009887
21000000	21049999	0.8752134518670702	1.5535605164000001	-0.6783470645329299
21050000	21099999	0.5685122654846376	1.5535605164000001	-0.9850482509153625
21100000	21149999	1.912384645863605	1.5535605164000001	0.35882412946360476
21150000	21199999	2.102761791157837	1.5535605164000001	0.549201274757837
21200000	21249999	1.8907052090695589	1.5535605164000001	0.3371446926695587
21250000	21299999	1.3340423262830279	1.5535605164000001	-0.21951819011697227
21300000	21349999	1.8695331817388123	1.5535605164000001	0.3159726653388122
21350000	21399999	1.9331611475028048	1.5535605164000001	0.3796006311028046
21400000	21449999	2.096210896343698	1.5535605164000001	0.5426503799436979
21450000	21499999	1.0012730127349168	1.5535605164000001	-0.5522875036650834
21500000	21549999	0.8077189242424349	1.5535605164000001	-0.7458415921575653
21550000	21599999	1.7034127588118104	1.5535605164000001	0.14985224241181028
21600000	21649999	1.7638074038480287	1.5535605164000001	0.21024688744802855
21650000	21699999	1.7211731060505007	1.5535605164000001	0.16761258965050052
21700000	21749999	1.6318011730148194	1.5535605164000001	0.07824065661481927
21750000	21799999	1.0308548803284134	1.5535605164000001	-0.5227056360715867
21800000	21849999	1.2487828551607123	1.5535605164000001	-0.30477766123928784
21850000	21899999	1.1400904150014588	1.5535605164000001	-0.41347010139854135
21900000	21949999	1.607518698588669	1.5535605164000001	0.05395818218866877
21950000	21999999	2.387638363321393	1.5535605164000001	0.8340778469213928
22000000	22049999	1.2508089952354127	1.5535605164000001	-0.3027515211645875
22050000	22099999	1.2644380607936059	1.5535605164000001	-0.28912245560639427
22100000	22149999	2.203807355266626	1.5535605164000001	0.650246838866626
22150000	22199999	1.4389927182929934	1.5535605164000001	-0.11456779810700679
22200000	22249999	0.7891923072468202	1.5535605164000001	-0.7643682091531799
22250000	22299999	1.6851336186627175	1.5535605164000001	0.13157310226271735
22300000	22349999	1.4248496231475511	1.5535605164000001	-0.128710893252449
22350000	22399999	1.2711216989863803	1.5535605164000001	-0.28243881741361987
22400000	22449999	1.0461827773844885	1.5535605164000001	-0.5073777390155116
22450000	22499999	1.0818308109708261	1.5535605164000001	-0.47172970542917403
22500000	22549999	1.2566173061251054	1.5535605164000001	-0.2969432102748948
22550000	22599999	1.5088702246148165	1.5535605164000001	-0.04469029178518369
22600000	22649999	1.394836126244368	1.5535605164000001	-0.1587243901556321
22650000	22699999	1.1721004261227967	1.5535605164000001	-0.3814600902772034
22700000	22749999	1.4071087343906483	1.5535605164000001	-0.14645178200935183
22750000	22799999	1.1521969969201478	1.5535605164000001	-0.4013635194798524
22800000	22849999	1.1340390623724526	1.5535605164000001	-0.4195214540275476
22850000	22899999	1.1426418801689482	1.5535605164000001	-0.41091863623105196
22900000	22949999	1.393026215314772	1.5535605164000001	-0.16053430108522804
22950000	22999999	1.488162475474637	1.5535605164000001	-0.06539804092536317
23000000	23049999	1.4490653392415986	1.5535605164000001	-0.10449517715840151
23050000	23099999	1.5393854680269228	1.5535605164000001	-0.01417504837307737
23100000	23149999	1.6569861259998933	1.5535605164000001	0.10342560959989311
23150000	23199999	1.3872841374052407	1.5535605164000001	-0.16627637899475944
23200000	23249999	1.3928614038770724	1.5535605164000001	-0.1606991125229278
23250000	23299999	1.2397354065001365	1.5535605164000001	-0.3138251098998637
23300000	23349999	0.7092494046201295	1.5535605164000001	-0.8443111117798706
23350000	23399999	0.36915695380000013	1.5535605164000001	-1.1844035626
23400000	23449999	1.579108047073041	1.5535605164000001	0.02554753067304083
23450000	23499999	1.8315226410002503	1.5535605164000001	0.27796212460025016
23500000	23549999	1.4663558710821292	1.5535605164000001	-0.08720464531787098
23550000	23599999	1.4773079154429476	1.5535605164000001	-0.07625260095705255
23600000	23649999	1.4501372087095001	1.5535605164000001	-0.10342330769050001
23650000	23699999	1.2660627497673838	1.5535605164000001	-0.2874977666326164
23700000	23749999	1.236769177552192	1.5535605164000001	-0.3167913388478081
23750000	23799999	1.1812648672388932	1.5535605164000001	-0.3722956491611069
23800000	23849999	1.7330959201311615	1.5535605164000001	0.1795354037311614
23850000	23899999	1.396917713304036	1.5535605164000001	-0.15664280309596412
23900000	23949999	1.3393583074227595	1.5535605164000001	-0.21420220897724063
23950000	23999999	1.161191766345788	1.5535605164000001	-0.3923687500542121
24000000	24049999	0.8873218629308809	1.5535605164000001	-0.6662386534691193
24050000	24099999	1.2099970320502644	1.5535605164000001	-0.3435634843497357
24100000	24149999	1.5596168242127717	1.5535605164000001	0.006056307812771555
24150000	24199999	1.3688072154358126	1.5535605164000001	-0.18475330096418752
24200000	24249999	1.44317612503996	1.5535605164000001	-0.11038439136004019
24250000	24299999	0.9925087829340078	1.5535605164000001	-0.5610517334659924
24300000	24349999	1.5257347851490877	1.5535605164000001	-0.027825731250912478
24350000	24399999	2.0349023791509646	1.5535605164000001	0.48134186275096447
24400000	24449999	1.4628879355656021	1.5535605164000001	-0.090672580834398
24450000	24499999	0.25803501584386623	1.5535605164000001	-1.295525500556134
24500000	24549999	0.6713646247065767	1.5535605164000001	-0.8821958916934235
24550000	24599999	0.995990807563518	1.5535605164000001	-0.5575697088364822
24600000	24649999	1.2975402890124894	1.5535605164000001	-0.25602022738751073
24650000	24699999	1.725667612224048	1.5535605164000001	0.17210709582404782
24700000	24749999	1.7179852103721802	1.5535605164000001	0.16442469397218007
24750000	24799999	1.2359245846344133	1.5535605164000001	-0.3176359317655868
24800000	24849999	0.7649230622407106	1.5535605164000001	-0.7886374541592895
24850000	24899999	1.113797119784401	1.5535605164000001	-0.43976339661559916
24900000	24949999	1.1377989468899492	1.5535605164000001	-0.41576156951005094
24950000	24999999	1.2223980655596858	1.5535605164000001	-0.33116245084031437
25000000	25049999	1.5742792144966218	1.5535605164000001	0.020718698096621635
25050000	25099999	1.9254288945489015	1.5535605164000001	0.3718683781489014
25100000	25149999	1.1070428512227113	1.5535605164000001	-0.44651766517728886
25150000	25199999	1.495254887945633	1.5535605164000001	-0.05830562845436704
25200000	25249999	1.8899143387837343	1.5535605164000001	0.3363538223837341
25250000	25299999	1.3009375645192476	1.5535605164000001	-0.25262295188075257
25300000	25349999	1.3121546652416018	1.5535605164000001	-0.2414058511583983
25350000	25399999	2.0370507876808537	1.5535605164000001	0.48349027128085353
25400000	25449999	1.9706446961779207	1.5535605164000001	0.41708417977792056
25450000	25499999	2.1931053229499087	1.5535605164000001	0.6395448065499085
25500000	25549999	1.6171533185955949	1.5535605164000001	0.06359280219559471
25550000	25599999	0.8160474964223023	1.5535605164000001	-0.7375130199776978
25600000	25649999	2.0009859578540166	1.5535605164000001	0.4474254414540164
25650000	25699999	1.7756979964681856	1.5535605164000001	0.22213748006818546
25700000	25749999	1.3546032261447405	1.5535605164000001	-0.19895729025525966
25750000	25799999	1.2279896796330896	1.5535605164000001	-0.32557083676691057
25800000	25849999	1.509388788428038	1.5535605164000001	-0.04417172797196223
25850000	25899999	2.049489704783536	1.5535605164000001	0.4959291883835357
25900000	25949999	2.1251556572799437	1.5535605164000001	0.5715951408799436
25950000	25999999	1.9946709197505128	1.5535605164000001	0.44111040335051266
26000000	26049999	1.5307395895976106	1.5535605164000001	-0.022820926802389563
26050000	26099999	1.0429920102802732	1.5535605164000001	-0.5105685061197269
26100000	26149999	0.8032636239524843	1.5535605164000001	-0.7502968924475159
26150000	26199999	0.988041651903235	1.5535605164000001	-0.5655188644967651
26200000	26249999	1.4065077577485552	1.5535605164000001	-0.14705275865144496
26250000	26299999	1.4740682143539918	1.5535605164000001	-0.07949230204600832
26300000	26349999	1.420795456754532	1.5535605164000001	-0.13276505964546814
26350000	26399999	1.4256119325705088	1.5535605164000001	-0.12794858382949137
26400000	26449999	1.1620684631836198	1.5535605164000001	-0.39149205321638036
26450000	26499999	1.2769914274172214	1.5535605164000001	-0.27656908898277877
26500000	26549999	1.209244412792879	1.5535605164000001	-0.34431610360712117
26550000	26599999	1.3805537103545533	1.5535605164000001	-0.17300680604544683
26600000	26649999	1.1499671946217649	1.5535605164000001	-0.40359332177823526
26650000	26699999	1.2876814982127505	1.5535605164000001	-0.2658790181872497
26700000	26749999	0.6031769005319032	1.5535605164000001	-0.9503836158680969
26750000	26799999	0.8075851697680787	1.5535605164000001	-0.7459753466319214
26800000	26849999	2.0515352739983097	1.5535605164000001	0.49797475759830956
26850000	26899999	2.4943279933050966	1.5535605164000001	0.9407674769050964
26900000	26949999	2.2772799786351503	1.5535605164000001	0.7237194622351502
26950000	26999999	1.7249552168624818	1.5535605164000001	0.17139470046248162
27000000	27049999	1.3125633405307318	1.5535605164000001	-0.2409971758692684
27050000	27099999	0.9758915945858384	1.5535605164000001	-0.5776689218141617
27100000	27149999	1.4002972617862244	1.5535605164000001	-0.15326325461377577
27150000	27199999	1.5794524963037844	1.5535605164000001	0.025891979903784224
27200000	27249999	1.3539011769535905	1.5535605164000001	-0.19965933944640968
27250000	27299999	0.8510104668365327	1.5535605164000001	-0.7025500495634674
27300000	27349999	1.1758777520309418	1.5535605164000001	-0.37768276436905834
27350000	27399999	1.5548428361050814	1.5535605164000001	0.0012823197050813029
27400000	27449999	1.5108812868539185	1.5535605164000001	-0.04267922954608161
27450000	27499999	0.60057901907782	1.5535605164000001	-0.9529814973221802
27500000	27549999	0.32334493730000013	1.5535605164000001	-1.2302155791
27550000	27599999	1.2731338045908278	1.5535605164000001	-0.28042671180917234
27600000	27649999	2.0227654162291078	1.5535605164000001	0.4692048998291076
27650000	27699999	2.3584610285601015	1.5535605164000001	0.8049005121601014
27700000	27749999	2.4749126998683413	1.5535605164000001	0.9213521834683411
27750000	27799999	2.362466926678705	1.5535605164000001	0.8089064102787047
27800000	27849999	1.8072525211290347	1.5535605164000001	0.2536920047290345
27850000	27899999	1.566622761322333	1.5535605164000001	0.013062244922332766
27900000	27949999	0.45093747365982684	1.5535605164000001	-1.1026230427401733
27950000	27999999	1.0323957290904144	1.5535605164000001	-0.5211647873095857
28000000	28049999	2.150377708267444	1.5535605164000001	0.5968171918674439
28050000	28099999	1.335975681886616	1.5535605164000001	-0.21758483451338417
28100000	28149999	1.603717041979364	1.5535605164000001	0.0501565255793639
28150000	28199999	2.1435958636282044	1.5535605164000001	0.5900353472282043
28200000	28249999	2.215903892166742	1.5535605164000001	0.6623433757667421
28250000	28299999	1.7156901517286713	1.5535605164000001	0.1621296353286712
28300000	28349999	1.436950239999637	1.5535605164000001	-0.11661027640036314
28350000	28399999	1.0326255192302232	1.5535605164000001	-0.520934997169777
28400000	28449999	1.0991928111208025	1.5535605164000001	-0.4543677052791977
28450000	28499999	2.0650545646619936	1.5535605164000001	0.5114940482619934
28500000	28549999	1.3018137408855455	1.5535605164000001	-0.2517467755144547
28550000	28599999	0.40777998301152363	1.5535605164000001	-1.1457805333884765
28600000	28649999	1.1523379379163439	1.5535605164000001	-0.4012225784836563
28650000	28699999	1.7074418176186432	1.5535605164000001	0.15388130121864307
28700000	28749999	1.9133883652880617	1.5535605164000001	0.3598278488880615
28750000	28799999	2.4011844393899415	1.5535605164000001	0.8476239229899414
28800000	28849999	1.9476091748789766	1.5535605164000001	0.3940486584789764
28850000	28899999	1.1252445139637346	1.5535605164000001	-0.42831600243626555
28900000	28949999	1.60056604729675	1.5535605164000001	0.04700553089674986
28950000	28999999	2.5698754967	1.5535605164000001	1.0163149802999998
29000000	29049999	2.392424654729126	1.5535605164000001	0.838864138329126
29050000	29099999	1.870239748088196	1.5535605164000001	0.3166792316881959
29100000	29149999	2.0269543344578373	1.5535605164000001	0.4733938180578372
29150000	29199999	2.3327011427104676	1.5535605164000001	0.7791406263104674
29200000	29249999	1.3851659120924715	1.5535605164000001	-0.16839460430752862
29250000	29299999	1.6833653915507478	1.5535605164000001	0.12980487515074768
29300000	29349999	1.9398413601575502	1.5535605164000001	0.38628084375755
29350000	29399999	0.7255060807712344	1.5535605164000001	-0.8280544356287658
29400000	29449999	0.9421574630302614	1.5535605164000001	-0.6114030533697388
29450000	29499999	1.454865868485074	1.5535605164000001	-0.09869464791492621
29500000	29549999	1.2661086400591341	1.5535605164000001	-0.287451876340866
29550000	29599999	1.3039911976424272	1.5535605164000001	-0.24956931875757293
29600000	29649999	1.2899967487239838	1.5535605164000001	-0.2635637676760163
29650000	29699999	1.594911284095856	1.5535605164000001	0.04135076769585577
29700000	29749999	1.4533572457016817	1.5535605164000001	-0.10020327069831847
29750000	29799999	1.360102163765868	1.5535605164000001	-0.19345835263413225
29800000	29849999	1.4522577619869845	1.5535605164000001	-0.10130275441301562
29850000	29899999	1.319185777314075	1.5535605164000001	-0.2343747390859252
29900000	29949999	0.858300340188608	1.5535605164000001	-0.6952601762113921
29950000	29999999	1.4621368154020142	1.5535605164000001	-0.09142370099798591
30000000	30049999	1.44259522619825	1.5535605164000001	-0.11096529020175017
30050000	30099999	0.5969815524633851	1.5535605164000001	-0.956578963936615
30100000	30149999	1.344581680054361	1.5535605164000001	-0.20897883634563907
30150000	30199999	1.7360103924441317	1.5535605164000001	0.18244987604413154
30200000	30249999	1.8844320072108185	1.5535605164000001	0.33087149081081835
30250000	30299999	1.05960060236393	1.5535605164000001	-0.4939599140360702
30300000	30349999	0.9011209314191042	1.5535605164000001	-0.6524395849808959
30350000	30399999	1.8033651895961762	1.5535605164000001	0.24980467319617605
30400000	30449999	1.5145461379847414	1.5535605164000001	-0.03901437841525879
30450000	30499999	1.3645845854946916	1.5535605164000001	-0.1889759309053085
30500000	30549999	1.2771664083038499	1.5535605164000001	-0.2763941080961503
30550000	30599999	1.518427599806366	1.5535605164000001	-0.035132916593634045
30600000	30649999	1.6126626506019288	1.5535605164000001	0.05910213420192867
30650000	30699999	0.7711769802869417	1.5535605164000001	-0.7823835361130584
30700000	30749999	0.49359212351832893	1.5535605164000001	-1.0599683928816712
30750000	30799999	1.443336086277875	1.5535605164000001	-0.11022443012212513
30800000	30849999	2.0917647456140385	1.5535605164000001	0.5382042292140383
30850000	30899999	2.0216034713585755	1.5535605164000001	0.4680429549585754
30900000	30949999	1.6120464408344088	1.5535605164000001	0.0584859244344087
30950000	30999999	1.749461756407355	1.5535605164000001	0.19590124000735476
31000000	31049999	1.6258044882967133	1.5535605164000001	0.07224397189671317
31050000	31099999	1.9791520707255432	1.5535605164000001	0.4255915543255431
31100000	31149999	1.671789212656888	1.5535605164000001	0.11822869625688792
31150000	31199999	1.6029924197458056	1.5535605164000001	0.049431903345805495
31200000	31249999	1.5735171029239807	1.5535605164000001	0.01995658652398058
31250000	31299999	1.4618081133815797	1.5535605164000001	-0.09175240301842047
31300000	31349999	1.8049516457724428	1.5535605164000001	0.2513911293724427
31350000	31399999	1.3243064152470063	1.5535605164000001	-0.22925410115299383
31400000	31449999	0.857495035769597	1.5535605164000001	-0.6960654806304032
31450000	31499999	1.0462421843987078	1.5535605164000001	-0.5073183320012924
31500000	31549999	1.441655535289844	1.5535605164000001	-0.11190498111015623
31550000	31599999	1.4417602116701813	1.5535605164000001	-0.11180030472981883
31600000	31649999	1.2618894531292275	1.5535605164000001	-0.29167106327077263
31650000	31699999	1.1689489349796633	1.5535605164000001	-0.3846115814203368
31700000	31749999	1.2266486021243241	1.5535605164000001	-0.326911914275676
31750000	31799999	0.9051173719868684	1.5535605164000001	-0.6484431444131318
31800000	31849999	1.172039318140884	1.5535605164000001	-0.38152119825911623
31850000	31899999	1.5875970396411805	1.5535605164000001	0.03403652324118034
31900000	31949999	1.3917370258194612	1.5535605164000001	-0.1618234905805389
31950000	31999999	1.0016948515622606	1.5535605164000001	-0.5518656648377396
32000000	32049999	0.9818496469066926	1.5535605164000001	-0.5717108694933075
32050000	32099999	1.2805468794063615	1.5535605164000001	-0.2730136369936387
32100000	32149999	1.3607002165520203	1.5535605164000001	-0.1928602998479798
32150000	32199999	1.571329695645267	1.5535605164000001	0.017769179245266775
32200000	32249999	1.5617366234757173	1.5535605164000001	0.008176107075717143
32250000	32299999	1.1874340800041687	1.5535605164000001	-0.3661264363958314
32300000	32349999	1.226887579142206	1.5535605164000001	-0.3266729372577941
32350000	32399999	1.018087467012607	1.5535605164000001	-0.5354730493873932
32400000	32449999	0.7277962006758485	1.5535605164000001	-0.8257643157241517
32450000	32499999	0.9282789570271058	1.5535605164000001	-0.6252815593728943
32500000	32549999	1.50363168690488	1.5535605164000001	-0.04992882949512012
32550000	32599999	0.9835788109827112	1.5535605164000001	-0.569981705417289
32600000	32649999	1.3491791929281762	1.5535605164000001	-0.20438132347182392
32650000	32699999	1.681239626520743	1.5535605164000001	0.12767911012074284
32700000	32749999	1.691184256675763	1.5535605164000001	0.13762374027576296
32750000	32799999	1.6345545838328828	1.5535605164000001	0.08099406743288262
32800000	32849999	1.4012454297039363	1.5535605164000001	-0.15231508669606386
32850000	32899999	1.1537330055824802	1.5535605164000001	-0.39982751081752
32900000	32949999	1.4966747538175018	1.5535605164000001	-0.056885762582498334
32950000	32999999	1.6357330601499545	1.5535605164000001	0.08217254374995431
33000000	33049999	1.5245140938608492	1.5535605164000001	-0.029046422539150907
33050000	33099999	1.987182347094324	1.5535605164000001	0.4336218306943238
33100000	33149999	1.37613517356459	1.5535605164000001	-0.17742534283541023
33150000	33199999	1.6310762241313723	1.5535605164000001	0.07751570773137217
33200000	33249999	1.7530708746794192	1.5535605164000001	0.1995103582794191
33250000	33299999	1.3959580578742792	1.5535605164000001	-0.15760245852572097
33300000	33349999	1.9682405893682893	1.5535605164000001	0.4146800729682891
33350000	33399999	1.3439208422375284	1.5535605164000001	-0.20963967416247176
33400000	33449999	1.2615950501520556	1.5535605164000001	-0.2919654662479445
33450000	33499999	1.2599128291157138	1.5535605164000001	-0.29364768728428636
33500000	33549999	1.165450652594347	1.5535605164000001	-0.38810986380565304
33550000	33599999	1.1806342510020635	1.5535605164000001	-0.3729262653979366
33600000	33649999	1.289911583197274	1.5535605164000001	-0.2636489332027261
33650000	33699999	1.1104653058715646	1.5535605164000001	-0.4430952105284356
33700000	33749999	1.202829274611825	1.5535605164000001	-0.35073124178817516
33750000	33799999	0.9544732414689576	1.5535605164000001	-0.5990872749310425
33800000	33849999	1.0695808510433058	1.5535605164000001	-0.48397966535669434
33850000	33899999	1.3346428386422746	1.5535605164000001	-0.21891767775772553
33900000	33949999	1.0976691096608466	1.5535605164000001	-0.4558914067391535
33950000	33999999	1.243914490640967	1.5535605164000001	-0.3096460257590332
34000000	34049999	1.123915526189938	1.5535605164000001	-0.4296449902100621
34050000	34099999	1.2594343798476533	1.5535605164000001	-0.2941261365523469
34100000	34149999	1.4142393521087495	1.5535605164000001	-0.13932116429125063
34150000	34199999	1.1118680144907784	1.5535605164000001	-0.4416925019092217
34200000	34249999	1.109076828631038	1.5535605164000001	-0.4444836877689622
34250000	34299999	1.1565421930914015	1.5535605164000001	-0.39701832330859865
34300000	34349999	0.8863847803757066	1.5535605164000001	-0.6671757360242936
34350000	34399999	1.474548289037817	1.5535605164000001	-0.07901222736218316
34400000	34449999	1.2538822513057037	1.5535605164000001	-0.2996782650942964
34450000	34499999	0.5971089510059633	1.5535605164000001	-0.9564515653940369
34500000	34549999	0.9490102334374956	1.5535605164000001	-0.6045502829625046
34550000	34599999	1.1003490406178749	1.5535605164000001	-0.4532114757821253
34600000	34649999	0.9441266065107072	1.5535605164000001	-0.6094339098892929
34650000	34699999	1.0260223103865724	1.5535605164000001	-0.5275382060134277
34700000	34749999	1.1911445519735109	1.5535605164000001	-0.36241596442648927
34750000	34799999	1.115115485473213	1.5535605164000001	-0.4384450309267871
34800000	34849999	1.0740790610753899	1.5535605164000001	-0.4794814553246103
34850000	34899999	1.257337999504982	1.5535605164000001	-0.2962225168950181
34900000	34949999	0.9491782474558622	1.5535605164000001	-0.6043822689441379
34950000	34999999	1.1274370199459	1.5535605164000001	-0.4261234964541001
35000000	35049999	1.0734764678529003	1.5535605164000001	-0.48008404854709985
35050000	35099999	1.1862932338964753	1.5535605164000001	-0.3672672825035248
35100000	35149999	1.122371035875017	1.5535605164000001	-0.4311894805249832
35150000	35199999	1.215629018221489	1.5535605164000001	-0.3379314981785111
35200000	35249999	1.089476131811783	1.5535605164000001	-0.4640843845882172
35250000	35299999	1.0843949587303383	1.5535605164000001	-0.46916555766966184
35300000	35349999	1.1686655667256263	1.5535605164000001	-0.3848949496743739
35350000	35399999	1.1907737151827011	1.5535605164000001	-0.362786801217299
35400000	35449999	1.0789447693433534	1.5535605164000001	-0.4746157470566468
35450000	35499999	1.0930855226415086	1.5535605164000001	-0.46047499375849155
35500000	35549999	1.2743201954353502	1.5535605164000001	-0.2792403209646499
35550000	35599999	1.2938217816938813	1.5535605164000001	-0.25973873470611886
35600000	35649999	1.237986485643828	1.5535605164000001	-0.3155740307561721
35650000	35699999	0.968033036680745	1.5535605164000001	-0.5855274797192551
35700000	35749999	0.8587430657893587	1.5535605164000001	-0.6948174506106415
35750000	35799999	0.6754992494636781	1.5535605164000001	-0.878061266936322
35800000	35849999	0.9013720484115251	1.5535605164000001	-0.6521884679884751
35850000	35899999	0.9000733129701051	1.5535605164000001	-0.6534872034298951
35900000	35949999	1.4325824500447542	1.5535605164000001	-0.120978066355246
35950000	35999999	1.288105399496608	1.5535605164000001	-0.2654551169033921
36000000	36049999	1.0347846993282084	1.5535605164000001	-0.5187758170717918
36050000	36099999	1.412321566771692	1.5535605164000001	-0.14123894962830819
36100000	36149999	1.2917066948047655	1.5535605164000001	-0.2618538215952346
36150000	36199999	0.9660598570807161	1.5535605164000001	-0.5875006593192841
36200000	36249999	0.9109092825804368	1.5535605164000001	-0.6426512338195634
36250000	36299999	0.9740458429511615	1.5535605164000001	-0.5795146734488387
36300000	36349999	0.9948676186407991	1.5535605164000001	-0.5586928977592011
36350000	36399999	0.6845087310725191	1.5535605164000001	-0.8690517853274811
36400000	36449999	0.6494155274016847	1.5535605164000001	-0.9041449889983154
36450000	36499999	0.812331301379053	1.5535605164000001	-0.7412292150209472
36500000	36549999	0.31201778871030283	1.5535605164000001	-1.2415427276896973
36550000	36599999	0.793397056652234	1.5535605164000001	-0.7601634597477661
36600000	36649999	1.2353097810753049	1.5535605164000001	-0.3182507353246953
36650000	36699999	1.6532935584913477	1.5535605164000001	0.09973304209134759
36700000	36749999	1.1710392530926752	1.5535605164000001	-0.38252126330732494
36750000	36799999	1.4634398549500345	1.5535605164000001	-0.09012066144996567
36800000	36849999	1.1711392138363315	1.5535605164000001	-0.3824213025636687
36850000	36899999	0.8663244515984072	1.5535605164000001	-0.6872360648015929
36900000	36949999	1.5364679008928925	1.5535605164000001	-0.01709261550710761
36950000	36999999	1.1225550238274615	1.5535605164000001	-0.4310054925725386
37000000	37049999	1.05563371819135	1.5535605164000001	-0.49792679820865016
37050000	37099999	1.3878823630020274	1.5535605164000001	-0.16567815339797276
37100000	37149999	1.3842231672426424	1.5535605164000001	-0.16933734915735776
37150000	37199999	1.3364083020344568	1.5535605164000001	-0.21715221436554333
37200000	37249999	1.3050244599778276	1.5535605164000001	-0.24853605642217258
37250000	37299999	1.0681041662213144	1.5535605164000001	-0.4854563501786857
37300000	37349999	1.1331456577241137	1.5535605164000001	-0.42041485867588646
37350000	37399999	1.3144627241598998	1.5535605164000001	-0.2390977922401003
37400000	37449999	1.2089008701569117	1.5535605164000001	-0.3446596462430884
37450000	37499999	1.8568151414932252	1.5535605164000001	0.3032546250932251
37500000	37549999	1.4419078927976514	1.5535605164000001	-0.11165262360234873
37550000	37599999	1.4242224645329764	1.5535605164000001	-0.12933805186702374
37600000	37649999	0.5579568419634523	1.5535605164000001	-0.9956036744365478
37650000	37699999	0.5490781747536255	1.5535605164000001	-1.0044823416463746
37700000	37749999	0.8768777595321	1.5535605164000001	-0.6766827568679001
37750000	37799999	1.173833507126577	1.5535605164000001	-0.37972700927342307
37800000	37849999	1.3000968706286578	1.5535605164000001	-0.2534636457713424
37850000	37899999	1.4040906250788423	1.5535605164000001	-0.14946989132115784
37900000	37949999	1.432930672345041	1.5535605164000001	-0.12062984405495913
37950000	37999999	1.2823303954792755	1.5535605164000001	-0.2712301209207246
38000000	38049999	1.6619298028442995	1.5535605164000001	0.10836928644429933
38050000	38099999	1.4034225372756868	1.5535605164000001	-0.15013797912431337
38100000	38149999	1.398201392160498	1.5535605164000001	-0.15535912423950204
38150000	38199999	1.0348291981695588	1.5535605164000001	-0.5187313182304414
38200000	38249999	1.1702851893935793	1.5535605164000001	-0.38327532700642086
38250000	38299999	1.7775903126462922	1.5535605164000001	0.22402979624629205
38300000	38349999	1.330491465499154	1.5535605164000001	-0.22306905090084617
38350000	38399999	1.2136260464560746	1.5535605164000001	-0.3399344699439255
38400000	38449999	1.219163591924074	1.5535605164000001	-0.33439692447592617
38450000	38499999	2.078691083178778	1.5535605164000001	0.525130566778778
38500000	38549999	2.001504958714704	1.5535605164000001	0.44794444231470365
38550000	38599999	1.6303181278887284	1.5535605164000001	0.07675761148872828
38600000	38649999	0.8637520709728883	1.5535605164000001	-0.6898084454271118
38650000	38699999	1.2988769877757074	1.5535605164000001	-0.2546835286242928
38700000	38749999	1.3352829075383843	1.5535605164000001	-0.21827760886161585
38750000	38799999	1.3592272868228736	1.5535605164000001	-0.1943332295771265
38800000	38849999	1.495058162038605	1.5535605164000001	-0.05850235436139517
38850000	38899999	1.6023175570778796	1.5535605164000001	0.04875704067787945
38900000	38949999	1.905797074735376	1.5535605164000001	0.3522365583353759
38950000	38999999	1.2351657199913622	1.5535605164000001	-0.318394796408638
39000000	39049999	1.3682367518100595	1.5535605164000001	-0.1853237645899406
39050000	39099999	1.3180495289015735	1.5535605164000001	-0.2355109874984267
39100000	39149999	1.2620816111133737	1.5535605164000001	-0.29147890528662646
39150000	39199999	1.2179515667258027	1.5535605164000001	-0.3356089496741974
39200000	39249999	1.0318376190111773	1.5535605164000001	-0.5217228973888228
39250000	39299999	1.2332127637153802	1.5535605164000001	-0.3203477526846199
39300000	39349999	1.3670922333432038	1.5535605164000001	-0.1864682830567963
39350000	39399999	1.2287688794835447	1.5535605164000001	-0.3247916369164554
39400000	39449999	1.1082441083766434	1.5535605164000001	-0.4453164080233567
39450000	39499999	0.8046234296892274	1.5535605164000001	-0.7489370867107727
39500000	39549999	0.9308931930255251	1.5535605164000001	-0.6226673233744751
39550000	39599999	1.0987486853860413	1.5535605164000001	-0.45481183101395883
39600000	39649999	1.047905827194983	1.5535605164000001	-0.5056546892050171
39650000	39699999	1.248108265318236	1.5535605164000001	-0.3054522510817641
39700000	39749999	1.3854925563552407	1.5535605164000001	-0.16806796004475943
39750000	39799999	1.6334930946952912	1.5535605164000001	0.0799325782952911
39800000	39849999	1.3085668848793985	1.5535605164000001	-0.2449936315206016
39850000	39899999	1.1658929084090577	1.5535605164000001	-0.38766760799094246
39900000	39949999	1.3049396026106082	1.5535605164000001	-0.248620913789392
39950000	39999999	1.4646289694821184	1.5535605164000001	-0.08893154691788174
40000000	40049999	1.2000794522270368	1.5535605164000001	-0.3534810641729633
40050000	40099999	1.3214882762792535	1.5535605164000001	-0.23207224012074668
40100000	40149999	1.3443191032035509	1.5535605164000001	-0.2092414131964493
40150000	40199999	0.8658285623117433	1.5535605164000001	-0.6877319540882568
40200000	40249999	1.1911215919578828	1.5535605164000001	-0.36243892444211734
40250000	40299999	1.4900890894515717	1.5535605164000001	-0.06347142694842844
40300000	40349999	1.4170412532934802	1.5535605164000001	-0.13651926310651996
40350000	40399999	1.3314064041673443	1.5535605164000001	-0.2221541122326558
40400000	40449999	1.3488024360702133	1.5535605164000001	-0.20475808032978682
40450000	40499999	1.519241334434073	1.5535605164000001	-0.034319181965927203
40500000	40549999	1.0623585861432596	1.5535605164000001	-0.4912019302567405
40550000	40599999	0.9270226444442812	1.5535605164000001	-0.626537871955719
40600000	40649999	0.9938774038422578	1.5535605164000001	-0.5596831125577424
40650000	40699999	1.331113867427189	1.5535605164000001	-0.2224466489728112
40700000	40749999	1.219611565562741	1.5535605164000001	-0.33394895083725906
40750000	40799999	1.2165835420168862	1.5535605164000001	-0.3369769743831139
40800000	40849999	1.2922731610821088	1.5535605164000001	-0.2612873553178914
40850000	40899999	1.2300841812293895	1.5535605164000001	-0.3234763351706107
40900000	40949999	1.117064574619619	1.5535605164000001	-0.4364959417803811
40950000	40999999	1.3356421051989213	1.5535605164000001	-0.2179184112010788
41000000	41049999	1.169079179312881	1.5535605164000001	-0.3844813370871192
41050000	41099999	1.2590507705937921	1.5535605164000001	-0.29450974580620803
41100000	41149999	1.438323305577565	1.5535605164000001	-0.1152372108224351
41150000	41199999	1.5088072432439104	1.5535605164000001	-0.04475327315608979
41200000	41249999	1.070138644579262	1.5535605164000001	-0.48342187182073815
41250000	41299999	1.221306421568996	1.5535605164000001	-0.3322540948310042
41300000	41349999	1.2789639693700883	1.5535605164000001	-0.2745965470299119
41350000	41399999	1.0045480956018435	1.5535605164000001	-0.5490124207981566
41400000	41449999	1.9909357181708254	1.5535605164000001	0.43737520177082523
41450000	41499999	1.5679102095841997	1.5535605164000001	0.014349693184199541
41500000	41549999	1.2875957394721644	1.5535605164000001	-0.2659647769278357
41550000	41599999	2.7545154273042054	1.5535605164000001	1.2009549109042053
41600000	41649999	1.089062184989563	1.5535605164000001	-0.46449833141043717
41650000	41699999	1.7259041028777162	1.5535605164000001	0.17234358647771608
41700000	41749999	2.48970451	1.5535605164000001	0.9361439936
41750000	41799999	1.8056755236197084	1.5535605164000001	0.25211500721970825
41800000	41849999	1.641680733577199	1.5535605164000001	0.08812021717719887
41850000	41899999	1.6094763880394625	1.5535605164000001	0.05591587163946232
41900000	41949999	1.6045186174015686	1.5535605164000001	0.0509581010015685
41950000	41999999	1.4841432536599855	1.5535605164000001	-0.0694172627400147
42000000	42049999	1.7818274734965944	1.5535605164000001	0.22826695709659428
42050000	42099999	1.969185228914502	1.5535605164000001	0.41562471251450184
42100000	42149999	1.5257015498103517	1.5535605164000001	-0.02785896658964848
42150000	42199999	1.4238411142411134	1.5535605164000001	-0.12971940215888678
42200000	42249999	1.1189866173864655	1.5535605164000001	-0.4345738990135346
42250000	42299999	2.061536928581348	1.5535605164000001	0.5079764121813479
42300000	42349999	2.338867525924579	1.5535605164000001	0.7853070095245789
42350000	42399999	2.2603221251658603	1.5535605164000001	0.7067616087658601
42400000	42449999	1.8712609163361085	1.5535605164000001	0.3177003999361083
42450000	42499999	1.6991686922643663	1.5535605164000001	0.14560817586436614
42500000	42549999	2.127398497082941	1.5535605164000001	0.5738379806829408
42550000	42599999	2.3228279487559877	1.5535605164000001	0.7692674323559876
42600000	42649999	1.8522764923842225	1.5535605164000001	0.2987159759842224
42650000	42699999	1.4069280533850779	1.5535605164000001	-0.14663246301492228
42700000	42749999	1.7631767281814241	1.5535605164000001	0.20961621178142398
42750000	42799999	1.9834039032998887	1.5535605164000001	0.42984338689988855
42800000	42849999	1.807794203717566	1.5535605164000001	0.2542336873175659
42850000	42899999	1.6976380174353913	1.5535605164000001	0.1440775010353912
42900000	42949999	1.0308480706683136	1.5535605164000001	-0.5227124457316865
42950000	42999999	1.515559770054013	1.5535605164000001	-0.038000746345987046
43000000	43049999	1.4145386336616288	1.5535605164000001	-0.13902188273837135
43050000	43099999	1.250444698407596	1.5535605164000001	-0.30311581799240406
43100000	43149999	1.0419831662833186	1.5535605164000001	-0.5115773501166816
43150000	43199999	0.9407630854267885	1.5535605164000001	-0.6127974309732116
43200000	43249999	1.2162886836546758	1.5535605164000001	-0.33727183274532435
43250000	43299999	1.3083558589448587	1.5535605164000001	-0.24520465745514142
43300000	43349999	1.2079001633296902	1.5535605164000001	-0.34566035307030996
43350000	43399999	1.2396640539303125	1.5535605164000001	-0.3138964624696876
43400000	43449999	0.8704502568817551	1.5535605164000001	-0.683110259518245
43450000	43499999	1.317141417571608	1.5535605164000001	-0.23641909882839207
43500000	43549999	0.8177592444880983	1.5535605164000001	-0.7358012719119018
43550000	43599999	1.1572209036643906	1.5535605164000001	-0.3963396127356096
43600000	43649999	1.2684735075084552	1.5535605164000001	-0.2850870088915449
43650000	43699999	1.1898980287387468	1.5535605164000001	-0.3636624876612533
43700000	43749999	0.9849391712576829	1.5535605164000001	-0.5686213451423172
43750000	43799999	1.2694619820841972	1.5535605164000001	-0.2840985343158029
43800000	43849999	1.2179057260493344	1.5535605164000001	-0.3356547903506657
43850000	43899999	1.0877138075563821	1.5535605164000001	-0.465846708843618
43900000	43949999	1.1118251652307005	1.5535605164000001	-0.44173535116929963
43950000	43999999	1.2106255855554973	1.5535605164000001	-0.3429349308445029
44000000	44049999	1.2874159261680518	1.5535605164000001	-0.26614459023194836
44050000	44099999	1.3005095213107076	1.5535605164000001	-0.2530509950892925
44100000	44149999	1.3229732754386636	1.5535605164000001	-0.23058724096133654
44150000	44199999	1.0144205905064883	1.5535605164000001	-0.5391399258935119
44200000	44249999	1.3349031224026369	1.5535605164000001	-0.21865739399736328
44250000	44299999	1.2213739742438525	1.5535605164000001	-0.3321865421561476
44300000	44349999	1.1707137439427122	1.5535605164000001	-0.38284677245728793
44350000	44399999	0.7583317205438753	1.5535605164000001	-0.7952287958561248
44400000	44449999	0.8362103974438234	1.5535605164000001	-0.7173501189561767
44450000	44499999	0.7912729362828432	1.5535605164000001	-0.7622875801171569
44500000	44549999	1.2292144311073838	1.5535605164000001	-0.3243460852926163
44550000	44599999	1.537560929866678	1.5535605164000001	-0.01599958653332223
44600000	44649999	1.3736322311224183	1.5535605164000001	-0.17992828527758187
44650000	44699999	1.7241080875972656	1.5535605164000001	0.1705475711972655
44700000	44749999	1.52646480186261	1.5535605164000001	-0.027095714537390236
44750000	44799999	1.308973960691129	1.5535605164000001	-0.2445865557088711
44800000	44849999	1.5420170648339677	1.5535605164000001	-0.011543451566032426
44850000	44899999	2.4431993481625307	1.5535605164000001	0.8896388317625306
44900000	44949999	2.25418188722099	1.5535605164000001	0.7006213708209899
44950000	44999999	1.806521428211493	1.5535605164000001	0.25296091181149283
45000000	45049999	0.5473176424000001	1.5535605164000001	-1.006242874
45050000	45099999	0.7674755399398072	1.5535605164000001	-0.7860849764601929
45100000	45149999	2.2982808895056914	1.5535605164000001	0.7447203731056913
45150000	45199999	1.5899972670051332	1.5535605164000001	0.03643675060513307
45200000	45249999	1.4082527825435152	1.5535605164000001	-0.145307733856485
45250000	45299999	1.43504357593165	1.5535605164000001	-0.11851694046835015
45300000	45349999	1.4547264683531558	1.5535605164000001	-0.09883404804684437
45350000	45399999	1.4648276546613634	1.5535605164000001	-0.0887328617386367
45400000	45449999	1.4106363105321154	1.5535605164000001	-0.1429242058678848
45450000	45499999	1.4936834210298127	1.5535605164000001	-0.05987709537018748
45500000	45549999	1.4251128721754571	1.5535605164000001	-0.12844764422454302
45550000	45599999	1.0004791525301546	1.5535605164000001	-0.5530813638698455
45600000	45649999	1.2528403019157839	1.5535605164000001	-0.30072021448421626
45650000	45699999	1.9289613815112368	1.5535605164000001	0.3754008651112366
45700000	45749999	2.0756675802631657	1.5535605164000001	0.5221070638631655
45750000	45799999	2.294094665254474	1.5535605164000001	0.7405341488544739
45800000	45849999	2.0654460262996768	1.5535605164000001	0.5118855098996766
45850000	45899999	0.9523741396683352	1.5535605164000001	-0.601186376731665
45900000	45949999	1.154855403146805	1.5535605164000001	-0.39870511325319513
45950000	45999999	1.851987228431598	1.5535605164000001	0.29842671203159776
46000000	46049999	2.062240583113349	1.5535605164000001	0.5086800667133486
46050000	46099999	1.360241318836586	1.5535605164000001	-0.1933191975634141
46100000	46149999	1.1838411008335474	1.5535605164000001	-0.3697194155664527
46150000	46199999	1.4404334074270007	1.5535605164000001	-0.11312710897299949
46200000	46249999	2.0454408173880188	1.5535605164000001	0.4918803009880186
46250000	46299999	1.722957947169684	1.5535605164000001	0.16939743076968394
46300000	46349999	1.3501320550982125	1.5535605164000001	-0.2034284613017876
46350000	46399999	1.4368234206784196	1.5535605164000001	-0.11673709572158053
46400000	46449999	1.5786832810181641	1.5535605164000001	0.025122764618163984
46450000	46499999	1.486869581927405	1.5535605164000001	-0.06669093447259522
46500000	46549999	1.4294820920016957	1.5535605164000001	-0.12407842439830441
46550000	46599999	2.186494317538965	1.5535605164000001	0.6329338011389649
46600000	46649999	2.4613356832031066	1.5535605164000001	0.9077751668031064
46650000	46699999	1.9260591221361543	1.5535605164000001	0.3724986057361541
46700000	46749999	1.2012827693498582	1.5535605164000001	-0.3522777470501419
46750000	46799999	1.767757980505423	1.5535605164000001	0.21419746410542295
46800000	46849999	2.6968220070920292	1.5535605164000001	1.143261490692029
46850000	46899999	1.4286763935771907	1.5535605164000001	-0.12488412282280947
46900000	46949999	1.185958690153325	1.5535605164000001	-0.36760182624667515
46950000	46999999	1.5640947274752137	1.5535605164000001	0.010534211075213573
47000000	47049999	1.413677398487157	1.5535605164000001	-0.13988311791284325
47050000	47099999	1.1809060151505304	1.5535605164000001	-0.37265450124946975
47100000	47149999	1.4567561689554536	1.5535605164000001	-0.09680434744454658
47150000	47199999	2.0437197517191468	1.5535605164000001	0.4901592353191466
47200000	47249999	2.125451237511487	1.5535605164000001	0.5718907211114868
47250000	47299999	1.462882799700403	1.5535605164000001	-0.09067771669959712
47300000	47349999	0.605537690586609	1.5535605164000001	-0.9480228258133911
47350000	47399999	1.3388243654859926	1.5535605164000001	-0.21473615091400755
47400000	47449999	1.277435507437128	1.5535605164000001	-0.2761250089628722
47450000	47499999	1.2018003293599169	1.5535605164000001	-0.35176018704008327
47500000	47549999	0.8338190179164522	1.5535605164000001	-0.719741498483548
47550000	47599999	1.0967681209907105	1.5535605164000001	-0.4567923954092896
47600000	47649999	1.732347269956537	1.5535605164000001	0.17878675355653684
47650000	47699999	1.921512393353235	1.5535605164000001	0.36795187695323484
47700000	47749999	1.9258891075333986	1.5535605164000001	0.37232859113339845
47750000	47799999	1.3939178347186678	1.5535605164000001	-0.15964268168133233
47800000	47849999	1.0974969513735566	1.5535605164000001	-0.4560635650264435
47850000	47899999	1.558610908554996	1.5535605164000001	0.005050392154995809
47900000	47949999	1.5357408808950623	1.5535605164000001	-0.017819635504937814
47950000	47999999	1.29035035123441	1.5535605164000001	-0.26321016516559004
48000000	48049999	1.2348159045444858	1.5535605164000001	-0.3187446118555144
48050000	48099999	1.2241866914469086	1.5535605164000001	-0.32937382495309153
48100000	48149999	1.338255363319675	1.5535605164000001	-0.21530515308032516
48150000	48199999	1.2953033261801072	1.5535605164000001	-0.2582571902198929
48200000	48249999	1.348188633159894	1.5535605164000001	-0.20537188324010613
48250000	48299999	1.2506486238862276	1.5535605164000001	-0.3029118925137726
48300000	48349999	1.3246991882004846	1.5535605164000001	-0.22886132819951555
48350000	48399999	0.8921522723962487	1.5535605164000001	-0.6614082440037514
48400000	48449999	1.095629329667252	1.5535605164000001	-0.45793118673274824
48450000	48499999	1.1117803897154928	1.5535605164000001	-0.4417801266845074
48500000	48549999	1.4152986946475072	1.5535605164000001	-0.1382618217524929
48550000	48599999	1.3534847143561524	1.5535605164000001	-0.20007580204384778
48600000	48649999	0.7243900502703066	1.5535605164000001	-0.8291704661296936
48650000	48699999	0.8202255411522615	1.5535605164000001	-0.7333349752477386
48700000	48749999	1.6161518002962771	1.5535605164000001	0.062591283896277
48750000	48799999	2.1290250967079225	1.5535605164000001	0.5754645803079224
48800000	48849999	1.687923188889664	1.5535605164000001	0.13436267248966383
48850000	48899999	1.182405121224236	1.5535605164000001	-0.37115539517576424
48900000	48949999	1.650501323495041	1.5535605164000001	0.09694080709504083
48950000	48999999	1.673488997111365	1.5535605164000001	0.11992848071136475
49000000	49049999	1.6601529695135255	1.5535605164000001	0.10659245311352539
49050000	49099999	1.7260884164568666	1.5535605164000001	0.17252790005686647
49100000	49149999	1.4603446501975468	1.5535605164000001	-0.09321586620245337
49150000	49199999	0.9002394142335512	1.5535605164000001	-0.6533211021664489
49200000	49249999	1.8496232836691224	1.5535605164000001	0.2960627672691223
49250000	49299999	1.8630691980685	1.5535605164000001	0.30950868166849976
49300000	49349999	0.8480366016323366	1.5535605164000001	-0.7055239147676635
49350000	49399999	0.5890156969372378	1.5535605164000001	-0.9645448194627624
49400000	49449999	1.300572546151305	1.5535605164000001	-0.25298797024869524
49450000	49499999	1.8051708428475832	1.5535605164000001	0.2516103264475831
49500000	49549999	1.7418329890637148	1.5535605164000001	0.1882724726637146
49550000	49599999	1.9141159131375796	1.5535605164000001	0.3605553967375794
49600000	49649999	1.9650446044703005	1.5535605164000001	0.41148408807030035
49650000	49699999	1.7212019063645105	1.5535605164000001	0.1676413899645104
49700000	49749999	1.706949012502582	1.5535605164000001	0.15338849610258176
49750000	49799999	1.309892237377627	1.5535605164000001	-0.2436682790223732
49800000	49849999	1.2772010985146784	1.5535605164000001	-0.2763594178853217
49850000	49899999	0.9331154970628236	1.5535605164000001	-0.6204450193371766
49900000	49949999	2.2551539150562077	1.5535605164000001	0.7015933986562075
49950000	49999999	1.9245005651514375	1.5535605164000001	0.3709400487514374
50000000	50049999	1.8346239176630572	1.5535605164000001	0.28106340126305707
50050000	50099999	1.7516039599432924	1.5535605164000001	0.19804344354329229
50100000	50149999	1.8551919788072573	1.5535605164000001	0.30163146240725713
50150000	50199999	1.0014973887313752	1.5535605164000001	-0.552063127668625
50200000	50249999	0.7369845752327272	1.5535605164000001	-0.816575941167273
50250000	50299999	1.6005975801014314	1.5535605164000001	0.047037063701431236
50300000	50349999	2.33913798973642	1.5535605164000001	0.7855774733364198
50350000	50399999	1.7368542531338502	1.5535605164000001	0.18329373673385008
50400000	50449999	1.21635316902803	1.5535605164000001	-0.3372073473719701
50450000	50499999	1.4475583000644632	1.5535605164000001	-0.10600221633553697
50500000	50549999	1.1040788376585176	1.5535605164000001	-0.4494816787414826
50550000	50599999	0.9397961114547548	1.5535605164000001	-0.6137644049452453
50600000	50649999	2.0473935318529635	1.5535605164000001	0.4938330154529633
50650000	50699999	1.3720016190326767	1.5535605164000001	-0.18155889736732345
50700000	50749999	1.696983667595401	1.5535605164000001	0.14342315119540094
50750000	50799999	1.901010625988257	1.5535605164000001	0.34745010958825695
50800000	50849999	1.847435625523749	1.5535605164000001	0.2938751091237488
50850000	50899999	2.102161647823285	1.5535605164000001	0.5486011314232848
50900000	50949999	1.6089546342852952	1.5535605164000001	0.055394117885295024
50950000	50999999	1.4498486130447938	1.5535605164000001	-0.1037119033552063
51000000	51049999	1.9412391783398988	1.5535605164000001	0.38767866193989864
51050000	51099999	1.6067492421346055	1.5535605164000001	0.05318872573460531
51100000	51149999	1.6640078737140551	1.5535605164000001	0.11044735731405497
51150000	51199999	1.656070788703595	1.5535605164000001	0.10251027230359488
51200000	51249999	1.7545796896591614	1.5535605164000001	0.2010191732591613
51250000	51299999	1.9231788858571444	1.5535605164000001	0.3696183694571442
51300000	51349999	1.4571699705505632	1.5535605164000001	-0.09639054584943696
51350000	51399999	1.4350509327659586	1.5535605164000001	-0.11850958363404152
51400000	51449999	1.6682123165778444	1.5535605164000001	0.11465180017784427
51450000	51499999	1.3390225416750108	1.5535605164000001	-0.21453797472498937
51500000	51549999	1.6353709256064424	1.5535605164000001	0.08181040920644223
51550000	51599999	1.6987668820159976	1.5535605164000001	0.14520636561599742
51600000	51649999	1.3354426288129249	1.5535605164000001	-0.2181178875870753
51650000	51699999	0.6760073046788575	1.5535605164000001	-0.8775532117211426
51700000	51749999	1.07759125838359	1.5535605164000001	-0.4759692580164101
51750000	51799999	1.9477710346055237	1.5535605164000001	0.39421051820552355
51800000	51849999	1.7874715620121124	1.5535605164000001	0.2339110456121123
51850000	51899999	1.3616917844578333	1.5535605164000001	-0.1918687319421668
51900000	51949999	1.4035256067375013	1.5535605164000001	-0.15003490966249888
51950000	51999999	1.9572484709374673	1.5535605164000001	0.4036879545374672
52000000	52049999	1.3465286476566933	1.5535605164000001	-0.2070318687433068
52050000	52099999	2.2547677638503236	1.5535605164000001	0.7012072474503235
52100000	52149999	2.00883123519173	1.5535605164000001	0.45527071879172976
52150000	52199999	1.7013418604852144	1.5535605164000001	0.14778134408521426
52200000	52249999	1.9366268175552248	1.5535605164000001	0.38306630115522466
52250000	52299999	1.985495351409833	1.5535605164000001	0.4319348350098329
52300000	52349999	1.1630633994118775	1.5535605164000001	-0.3904971169881226
52350000	52399999	0.9241414384541535	1.5535605164000001	-0.6294190779458466
52400000	52449999	1.4075564089449186	1.5535605164000001	-0.14600410745508152
52450000	52499999	1.5236291362376375	1.5535605164000001	-0.02993138016236263
52500000	52549999	1.865251075691907	1.5535605164000001	0.3116905592919068
52550000	52599999	1.7190753012685458	1.5535605164000001	0.16551478486854565
52600000	52649999	2.1648784966768924	1.5535605164000001	0.6113179802768922
52650000	52699999	1.7964278084212952	1.5535605164000001	0.2428672920212951
52700000	52749999	1.4003545114246134	1.5535605164000001	-0.15320600497538672
52750000	52799999	1.5189339440411538	1.5535605164000001	-0.034626572358846364
52800000	52849999	0.9161936158791018	1.5535605164000001	-0.6373669005208984
52850000	52899999	1.3173781771553474	1.5535605164000001	-0.2361823392446527
52900000	52949999	1.2416469159924621	1.5535605164000001	-0.311913600407538
52950000	52999999	1.7392458622059999	1.5535605164000001	0.1856853458059997
53000000	53049999	1.0292524186840608	1.5535605164000001	-0.5243080977159393
53050000	53099999	1.3265490321552935	1.5535605164000001	-0.22701148424470663
53100000	53149999	0.8257852589934247	1.5535605164000001	-0.7277752574065754
53150000	53199999	1.141943144327176	1.5535605164000001	-0.41161737207282423
53200000	53249999	1.568666637277385	1.5535605164000001	0.015106120877384832
53250000	53299999	1.568621197856702	1.5535605164000001	0.015060681456701808
53300000	53349999	1.7279808099501528	1.5535605164000001	0.17442029355015265
53350000	53399999	1.259986157584305	1.5535605164000001	-0.29357435881569516
53400000	53449999	1.005151345326726	1.5535605164000001	-0.5484091710732741
53450000	53499999	1.1974028332073228	1.5535605164000001	-0.3561576831926774
53500000	53549999	1.1597295265111276	1.5535605164000001	-0.39383098988887255
53550000	53599999	1.2622596586488488	1.5535605164000001	-0.29130085775115133
53600000	53649999	1.2460980407098474	1.5535605164000001	-0.3074624756901527
53650000	53699999	1.0895967843561696	1.5535605164000001	-0.46396373204383057
53700000	53749999	0.7490940247009096	1.5535605164000001	-0.8044664916990906
53750000	53799999	0.06518455210000007	1.5535605164000001	-1.4883759643
53800000	53849999	0.5714640729955873	1.5535605164000001	-0.9820964434044128
53850000	53899999	0.4491473972074098	1.5535605164000001	-1.1044131191925903
53900000	53949999	0.7039092728682161	1.5535605164000001	-0.849651243531784
53950000	53999999	0.8848309584200365	1.5535605164000001	-0.6687295579799637
54000000	54049999	0.8322772917466913	1.5535605164000001	-0.7212832246533089
54050000	54099999	0.8103937844904451	1.5535605164000001	-0.7431667319095551
54100000	54149999	0.7563228594091127	1.5535605164000001	-0.7972376569908874
54150000	54199999	1.072065366922023	1.5535605164000001	-0.4814951494779771
54200000	54249999	1.211354738760691	1.5535605164000001	-0.34220577763930904
54250000	54299999	0.8098524915193239	1.5535605164000001	-0.7437080248806762
54300000	54349999	0.2821334374350466	1.5535605164000001	-1.2714270789649535
54350000	54399999	0.8089069017983217	1.5535605164000001	-0.7446536146016784
54400000	54449999	0.7386578654429475	1.5535605164000001	-0.8149026509570526
54450000	54499999	0.9052987830401765	1.5535605164000001	-0.6482617333598236
54500000	54549999	0.6257578031754731	1.5535605164000001	-0.927802713224527
54550000	54599999	0.9315740214377931	1.5535605164000001	-0.621986494962207
54600000	54649999	0.8688477486100747	1.5535605164000001	-0.6847127677899254
54650000	54699999	0.9472368704228319	1.5535605164000001	-0.6063236459771683
54700000	54749999	0.6816365850123232	1.5535605164000001	-0.871923931387677
54750000	54799999	0.5578321295962007	1.5535605164000001	-0.9957283868037995
54800000	54849999	0.9783016782642824	1.5535605164000001	-0.5752588381357178
54850000	54899999	0.48573786897951354	1.5535605164000001	-1.0678226474204866
54900000	54949999	1.0211008671578607	1.5535605164000001	-0.5324596492421394
54950000	54999999	0.925192259059427	1.5535605164000001	-0.6283682573405731
55000000	55049999	0.9245393043759416	1.5535605164000001	-0.6290212120240586
55050000	55099999	0.6905009630024873	1.5535605164000001	-0.8630595533975128
55100000	55149999	0.8183372565000673	1.5535605164000001	-0.7352232598999329
55150000	55199999	0.9267569134752915	1.5535605164000001	-0.6268036029247086
55200000	55249999	0.8854106958711503	1.5535605164000001	-0.6681498205288499
55250000	55299999	0.6775451883596818	1.5535605164000001	-0.8760153280403183
55300000	55349999	0.7158110314208437	1.5535605164000001	-0.8377494849791565
55350000	55399999	0.7075471728453095	1.5535605164000001	-0.8460133435546906
55400000	55449999	0.8823235518983141	1.5535605164000001	-0.671236964501686
55450000	55499999	0.6623935799358552	1.5535605164000001	-0.8911669364641449
55500000	55549999	0.589628504390439	1.5535605164000001	-0.9639320120095611
55550000	55599999	0.5666181829593813	1.5535605164000001	-0.9869423334406189
55600000	55649999	0.6075684805387727	1.5535605164000001	-0.9459920358612275
55650000	55699999	0.8121982328799136	1.5535605164000001	-0.7413622835200866
55700000	55749999	0.7235113886881318	1.5535605164000001	-0.8300491277118683
55750000	55799999	0.8797399648273545	1.5535605164000001	-0.6738205515726456
55800000	55849999	0.7095035116974702	1.5535605164000001	-0.84405700470253
55850000	55899999	0.8134051297161424	1.5535605164000001	-0.7401553866838577
55900000	55949999	0.8103025804717623	1.5535605164000001	-0.7432579359282379
55950000	55999999	0.8913534431749834	1.5535605164000001	-0.6622070732250167
56000000	56049999	0.7874305298205461	1.5535605164000001	-0.7661299865794541
56050000	56099999	0.8861436100404299	1.5535605164000001	-0.6674169063595703
56100000	56149999	0.8105183818719239	1.5535605164000001	-0.7430421345280762
56150000	56199999	0.597988978843976	1.5535605164000001	-0.9555715375560242
56200000	56249999	0.7838300493877854	1.5535605164000001	-0.7697304670122147
56250000	56299999	0.5773322283079652	1.5535605164000001	-0.976228288092035
56300000	56349999	0.8443255830260896	1.5535605164000001	-0.7092349333739105
56350000	56399999	0.6147828359076601	1.5535605164000001	-0.93877768049234
56400000	56449999	0.8205104205827334	1.5535605164000001	-0.7330500958172668
56450000	56499999	0.8128369467786485	1.5535605164000001	-0.7407235696213517
56500000	56549999	0.39810049575356454	1.5535605164000001	-1.1554600206464356
56550000	56599999	0.7858920616891543	1.5535605164000001	-0.7676684547108459
56600000	56649999	0.8634317497308885	1.5535605164000001	-0.6901287666691116
56650000	56699999	0.4830768137182955	1.5535605164000001	-1.0704837026817047
56700000	56749999	0.9248036292051394	1.5535605164000001	-0.6287568871948608
56750000	56799999	0.8956865423682832	1.5535605164000001	-0.657873974031717
56800000	56849999	0.8359859423260363	1.5535605164000001	-0.7175745740739639
56850000	56899999	0.9063890977147524	1.5535605164000001	-0.6471714186852477
56900000	56949999	0.8335156731289979	1.5535605164000001	-0.7200448432710023
56950000	56999999	1.0539625877916552	1.5535605164000001	-0.49959792860834495
57000000	57049999	1.02788438041681	1.5535605164000001	-0.5256761359831901
57050000	57099999	0.9008920152767336	1.5535605164000001	-0.6526685011232666
57100000	57149999	0.6337150729141481	1.5535605164000001	-0.9198454434858521
57150000	57199999	0.8535108961024751	1.5535605164000001	-0.700049620297525
57200000	57249999	0.8602756423996507	1.5535605164000001	-0.6932848740003494
57250000	57299999	1.0856812903198045	1.5535605164000001	-0.4678792260801956
57300000	57349999	0.591237235032007	1.5535605164000001	-0.9623232813679932
57350000	57399999	0.7081350762077516	1.5535605164000001	-0.8454254401922485
57400000	57449999	0.6732314414613771	1.5535605164000001	-0.880329074938623
57450000	57499999	0.7333725215264314	1.5535605164000001	-0.8201879948735687
57500000	57549999	0.8854766116517518	1.5535605164000001	-0.6680839047482483
57550000	57599999	0.9560836010915208	1.5535605164000001	-0.5974769153084794
57600000	57649999	0.8936054518502237	1.5535605164000001	-0.6599550645497765
57650000	57699999	0.6468859192495271	1.5535605164000001	-0.906674597150473
57700000	57749999	0.17741683774730244	1.5535605164000001	-1.3761436786526977
57750000	57799999	0.2904381836092713	1.5535605164000001	-1.2631223327907288
57800000	57849999	0.6751040995546449	1.5535605164000001	-0.8784564168453552
57850000	57899999	0.8201373350808199	1.5535605164000001	-0.7334231813191803
57900000	57949999	0.392768173553534	1.5535605164000001	-1.1607923428464662
57950000	57999999	0.719352747823752	1.5535605164000001	-0.8342077685762481
58000000	58049999	0.9857609008923998	1.5535605164000001	-0.5677996155076004
58050000	58099999	0.6630432536271517	1.5535605164000001	-0.8905172627728485
58100000	58149999	0.85022946439628	1.5535605164000001	-0.7033310520037201
58150000	58199999	0.2344591017374391	1.5535605164000001	-1.319101414662561
58200000	58249999	0.6355758885671143	1.5535605164000001	-0.9179846278328858
58250000	58299999	0.9055089448214448	1.5535605164000001	-0.6480515715785553
58300000	58349999	0.8155831901224886	1.5535605164000001	-0.7379773262775116
58350000	58399999	0.9277628705163118	1.5535605164000001	-0.6257976458836884
58400000	58449999	1.0107891373723938	1.5535605164000001	-0.5427713790276063
58450000	58499999	1.06782841656281	1.5535605164000001	-0.4857320998371901
58500000	58549999	0.8095030868746613	1.5535605164000001	-0.7440574295253388
58550000	58599999	0.9159726651411042	1.5535605164000001	-0.6375878512588959
58600000	58649999	1.0500199710692812	1.5535605164000001	-0.5035405453307189
58650000	58699999	1.145387991975544	1.5535605164000001	-0.40817252442445606
58700000	58749999	0.9798848216867129	1.5535605164000001	-0.5736756947132873
58750000	58799999	0.8525419790491899	1.5535605164000001	-0.7010185373508102
58800000	58849999	1.0348384154865404	1.5535605164000001	-0.5187221009134597
58850000	58899999	0.8321522138411851	1.5535605164000001	-0.721408302558815
58900000	58949999	0.7368588584371767	1.5535605164000001	-0.8167016579628235
58950000	58999999	0.9377298365328188	1.5535605164000001	-0.6158306798671813
59000000	59049999	0.8666133232467379	1.5535605164000001	-0.6869471931532622
59050000	59099999	0.8661255237285204	1.5535605164000001	-0.6874349926714798
59100000	59149999	0.6875827246341218	1.5535605164000001	-0.8659777917658783
59150000	59199999	0.6845500085358736	1.5535605164000001	-0.8690105078641266
59200000	59249999	1.0264230291701524	1.5535605164000001	-0.5271374872298478
59250000	59299999	0.5711916607649293	1.5535605164000001	-0.9823688556350708
59300000	59349999	0.8462264177369203	1.5535605164000001	-0.7073340986630798
59350000	59399999	0.8409045869834657	1.5535605164000001	-0.7126559294165344
59400000	59449999	1.007164934118586	1.5535605164000001	-0.5463955822814142
59450000	59499999	0.8539388324996553	1.5535605164000001	-0.6996216839003448
59500000	59549999	0.7177355995731691	1.5535605164000001	-0.835824916826831
59550000	59599999	0.696467497176407	1.5535605164000001	-0.8570930192235932
59600000	59649999	0.6469532619691529	1.5535605164000001	-0.9066072544308472
59650000	59699999	0.9672605438198183	1.5535605164000001	-0.5862999725801818
59700000	59749999	0.9800295562978472	1.5535605164000001	-0.573530960102153
59750000	59799999	1.0213938284235629	1.5535605164000001	-0.5321666879764373
59800000	59849999	1.0179540333631638	1.5535605164000001	-0.5356064830368363
59850000	59899999	0.7656689539207246	1.5535605164000001	-0.7878915624792755
59900000	59949999	0.7985405827668641	1.5535605164000001	-0.755019933633136
59950000	59999999	0.9327078813287752	1.5535605164000001	-0.6208526350712249
60000000	60049999	1.2196096942176897	1.5535605164000001	-0.3339508221823104
60050000	60099999	1.6410981051329194	1.5535605164000001	0.08753758873291928
60100000	60149999	1.3821035717135972	1.5535605164000001	-0.17145694468640293
60150000	60199999	1.1966144928131697	1.5535605164000001	-0.3569460235868305
60200000	60249999	0.6578849738463136	1.5535605164000001	-0.8956755425536865
60250000	60299999	0.8939319077864565	1.5535605164000001	-0.6596286086135437
60300000	60349999	1.279913501996503	1.5535605164000001	-0.27364701440349726
60350000	60399999	1.4103087454758454	1.5535605164000001	-0.14325177092415475
60400000	60449999	1.5213139483555185	1.5535605164000001	-0.03224656804448167
60450000	60499999	1.678453679446625	1.5535605164000001	0.12489316304662479
60500000	60549999	1.2961393849286835	1.5535605164000001	-0.2574211314713166
60550000	60599999	1.3362370864774888	1.5535605164000001	-0.2173234299225113
60600000	60649999	1.814998442006679	1.5535605164000001	0.2614379256066788
60650000	60699999	1.8926309303987383	1.5535605164000001	0.33907041399873816
60700000	60749999	1.7705252751193994	1.5535605164000001	0.21696475871939924
60750000	60799999	1.9007178388406114	1.5535605164000001	0.34715732244061126
60800000	60849999	1.5188287388545998	1.5535605164000001	-0.034731777545400355
60850000	60899999	1.0898767817594164	1.5535605164000001	-0.46368373464058377
60900000	60949999	1.0577170829818208	1.5535605164000001	-0.4958434334181794
60950000	60999999	1.1167649151452608	1.5535605164000001	-0.4367956012547394
61000000	61049999	0.7413049319000002	1.5535605164000001	-0.8122555844999999
61050000	61099999	0.9382923255142122	1.5535605164000001	-0.615268190885788
61100000	61149999	1.9772309960686005	1.5535605164000001	0.4236704796686004
61150000	61199999	0.7970856100984834	1.5535605164000001	-0.7564749063015167
61200000	61249999	0.5353584322073366	1.5535605164000001	-1.0182020841926636
61250000	61299999	0.8229174246697999	1.5535605164000001	-0.7306430917302003
61300000	61349999	0.8172411945841157	1.5535605164000001	-0.7363193218158844
61350000	61399999	1.0474795205807599	1.5535605164000001	-0.5060809958192403
61400000	61449999	0.7276459993287538	1.5535605164000001	-0.8259145170712463
61450000	61499999	0.8672185112254243	1.5535605164000001	-0.6863420051745759
61500000	61549999	1.0288378147009263	1.5535605164000001	-0.5247227016990739
61550000	61599999	0.8154300561207765	1.5535605164000001	-0.7381304602792237
61600000	61649999	1.1788221930396814	1.5535605164000001	-0.37473832336031876
61650000	61699999	0.8548022901251184	1.5535605164000001	-0.6987582262748817
61700000	61749999	0.955643232350728	1.5535605164000001	-0.5979172840492721
61750000	61799999	0.6098216991583589	1.5535605164000001	-0.9437388172416412
61800000	61849999	0.7279108840378312	1.5535605164000001	-0.8256496323621689
61850000	61899999	0.7652871545275514	1.5535605164000001	-0.7882733618724488
61900000	61949999	0.8637436528469362	1.5535605164000001	-0.6898168635530639
61950000	61999999	0.6193616656739503	1.5535605164000001	-0.9341988507260498
62000000	62049999	0.8364143970594973	1.5535605164000001	-0.7171461193405029
62050000	62099999	0.799104111233246	1.5535605164000001	-0.7544564051667542
62100000	62149999	1.046639784348414	1.5535605164000001	-0.506920732051586
62150000	62199999	0.7804607050495516	1.5535605164000001	-0.7730998113504486
62200000	62249999	0.8757112976628999	1.5535605164000001	-0.6778492187371002
62250000	62299999	0.6325967339052309	1.5535605164000001	-0.9209637824947693
62300000	62349999	0.8386112554940737	1.5535605164000001	-0.7149492609059265
62350000	62399999	0.6577656862916261	1.5535605164000001	-0.895794830108374
62400000	62449999	1.0652218415583246	1.5535605164000001	-0.4883386748416756
62450000	62499999	0.7439312860002352	1.5535605164000001	-0.809629230399765
62500000	62549999	0.5211891680077394	1.5535605164000001	-1.0323713483922607
62550000	62599999	0.826515172157007	1.5535605164000001	-0.7270453442429932
62600000	62649999	0.38674087744977426	1.5535605164000001	-1.166819638950226
62650000	62699999	0.7146733145866426	1.5535605164000001	-0.8388872018133575
62700000	62749999	0.5007788613606294	1.5535605164000001	-1.0527816550393707
62750000	62799999	0.6837628189145724	1.5535605164000001	-0.8697976974854278
62800000	62849999	0.6581464510482667	1.5535605164000001	-0.8954140653517334
62850000	62899999	1.0573851608660898	1.5535605164000001	-0.49617535553391034
62900000	62949999	0.8383202298621919	1.5535605164000001	-0.7152402865378082
62950000	62999999	0.6524897631317262	1.5535605164000001	-0.9010707532682739
63000000	63049999	0.8835439988012972	1.5535605164000001	-0.670016517598703
63050000	63099999	0.8341558669699983	1.5535605164000001	-0.7194046494300018
63100000	63149999	0.8252841898656527	1.5535605164000001	-0.7282763265343475
63150000	63199999	0.7286991969958101	1.5535605164000001	-0.82486131940419
63200000	63249999	0.9876625584925524	1.5535605164000001	-0.5658979579074478
63250000	63299999	0.7098171535706361	1.5535605164000001	-0.843743362829364
63300000	63349999	0.641042336907599	1.5535605164000001	-0.9125181794924011
63350000	63399999	0.7258457566112825	1.5535605164000001	-0.8277147597887177
63400000	63449999	0.7992978468121889	1.5535605164000001	-0.7542626695878113
63450000	63499999	0.6740984438967409	1.5535605164000001	-0.8794620725032593
63500000	63549999	0.7563929540104433	1.5535605164000001	-0.7971675623895569
63550000	63599999	0.5641541377302614	1.5535605164000001	-0.9894063786697388
63600000	63649999	1.153471562635303	1.5535605164000001	-0.4000889537646972
63650000	63699999	0.5301091212621585	1.5535605164000001	-1.0234513951378417
63700000	63749999	0.8240218881519015	1.5535605164000001	-0.7295386282480987
63750000	63799999	0.8014688264600419	1.5535605164000001	-0.7520916899399582
63800000	63849999	0.8695378491900285	1.5535605164000001	-0.6840226672099716
63850000	63899999	0.8510147235560213	1.5535605164000001	-0.7025457928439789
63900000	63949999	0.7536203393321077	1.5535605164000001	-0.7999401770678924
63950000	63999999	0.5862011164175112	1.5535605164000001	-0.967359399982489
64000000	64049999	1.1314349158222046	1.5535605164000001	-0.4221256005777956
64050000	64099999	0.8193099335512728	1.5535605164000001	-0.7342505828487274
64100000	64149999	0.779937597483188	1.5535605164000001	-0.7736229189168121
64150000	64199999	0.882611829345131	1.5535605164000001	-0.6709486870548691
64200000	64249999	0.6257801885041109	1.5535605164000001	-0.9277803278958893
64250000	64299999	0.7747198628533662	1.5535605164000001	-0.7788406535466339
64300000	64349999	0.4146898864479738	1.5535605164000001	-1.1388706299520264
64350000	64399999	0.5509722746016481	1.5535605164000001	-1.002588241798352
64400000	64449999	0.4493737986827182	1.5535605164000001	-1.104186717717282
64450000	64499999	0.7228038849512239	1.5535605164000001	-0.8307566314487762
64500000	64549999	0.93928788688295	1.5535605164000001	-0.6142726295170502
64550000	64599999	1.2678097977081697	1.5535605164000001	-0.28575071869183044
64600000	64649999	1.3243379980896715	1.5535605164000001	-0.2292225183103287
64650000	64699999	0.8417273952649629	1.5535605164000001	-0.7118331211350373
64700000	64749999	1.04794448949322	1.5535605164000001	-0.5056160269067802
64750000	64799999	1.0616741150788362	1.5535605164000001	-0.4918864013211639
64800000	64849999	1.5322008583917315	1.5535605164000001	-0.021359658008268667
64850000	64899999	1.3406960289916665	1.5535605164000001	-0.21286448740833364
64900000	64949999	0.8327413426098054	1.5535605164000001	-0.7208191737901948
64950000	64999999	0.9690644413809449	1.5535605164000001	-0.5844960750190552
65000000	65049999	0.7218701037954042	1.5535605164000001	-0.831690412604596
65050000	65099999	0.9203146337724931	1.5535605164000001	-0.633245882627507
65100000	65149999	0.7480541949352113	1.5535605164000001	-0.8055063214647888
65150000	65199999	0.5885647624050416	1.5535605164000001	-0.9649957539949585
65200000	65249999	0.8129268970885195	1.5535605164000001	-0.7406336193114806
65250000	65299999	0.700465841289609	1.5535605164000001	-0.8530946751103912
65300000	65349999	0.9699952608601519	1.5535605164000001	-0.5835652555398483
65350000	65399999	0.9065369974707063	1.5535605164000001	-0.6470235189292939
65400000	65449999	1.0238248047771135	1.5535605164000001	-0.5297357116228867
65450000	65499999	0.6637166724667483	1.5535605164000001	-0.8898438439332519
65500000	65549999	0.9842416511838701	1.5535605164000001	-0.5693188652161301
65550000	65599999	0.8522771303691912	1.5535605164000001	-0.701283386030809
65600000	65649999	0.9894792552796785	1.5535605164000001	-0.5640812611203216
65650000	65699999	0.9322372578545457	1.5535605164000001	-0.6213232585454544
65700000	65749999	1.164641068591649	1.5535605164000001	-0.3889194478083511
65750000	65799999	0.7642637957297211	1.5535605164000001	-0.789296720670279
65800000	65849999	0.5842893141008119	1.5535605164000001	-0.9692712022991883
65850000	65899999	0.8758108715288179	1.5535605164000001	-0.6777496448711823
65900000	65949999	1.0961971749940458	1.5535605164000001	-0.45736334140595436
65950000	65999999	0.7644241418817842	1.5535605164000001	-0.7891363745182159
66000000	66049999	0.8699851611037264	1.5535605164000001	-0.6835753552962738
66050000	66099999	0.7503543200225038	1.5535605164000001	-0.8032061963774964
66100000	66149999	0.6728241179391083	1.5535605164000001	-0.8807363984608918
66150000	66199999	0.6681025591885317	1.5535605164000001	-0.8854579572114685
66200000	66249999	0.7543572886706026	1.5535605164000001	-0.7992032277293976
66250000	66299999	0.7411121171452029	1.5535605164000001	-0.8124483992547973
66300000	66349999	0.7788857060579562	1.5535605164000001	-0.774674810342044
66350000	66399999	0.9591948011148408	1.5535605164000001	-0.5943657152851594
66400000	66449999	0.8323590175999147	1.5535605164000001	-0.7212014988000854
66450000	66499999	0.9649363057029084	1.5535605164000001	-0.5886242106970917
66500000	66549999	0.7108582489913575	1.5535605164000001	-0.8427022674086426
66550000	66599999	0.9274284127588548	1.5535605164000001	-0.6261321036411454
66600000	66649999	1.329455099598305	1.5535605164000001	-0.22410541680169516
66650000	66699999	1.27109043410731	1.5535605164000001	-0.2824700822926902
66700000	66749999	0.7533902803735322	1.5535605164000001	-0.800170236026468
66750000	66799999	0.9094350786099274	1.5535605164000001	-0.6441254377900727
66800000	66849999	0.7820643216852968	1.5535605164000001	-0.7714961947147033
66850000	66899999	1.0272394996767855	1.5535605164000001	-0.5263210167232146
66900000	66949999	0.9667695998376222	1.5535605164000001	-0.5867909165623779
66950000	66999999	0.8831444081274018	1.5535605164000001	-0.6704161082725983
67000000	67049999	1.1454262248388338	1.5535605164000001	-0.4081342915611663
67050000	67099999	0.6875361596908265	1.5535605164000001	-0.8660243567091737
67100000	67149999	0.9924897150098848	1.5535605164000001	-0.5610708013901153
67150000	67199999	1.126237522216057	1.5535605164000001	-0.42732299418394315
67200000	67249999	1.0054999238021578	1.5535605164000001	-0.5480605925978423
67250000	67299999	1.0043543501263459	1.5535605164000001	-0.5492061662736543
67300000	67349999	1.079366390210463	1.5535605164000001	-0.47419412618953705
67350000	67399999	1.077898171179183	1.5535605164000001	-0.4756623452208171
67400000	67449999	0.9305170690170625	1.5535605164000001	-0.6230434473829376
67450000	67499999	1.3638877691701425	1.5535605164000001	-0.1896727472298576
67500000	67549999	1.5277551664820264	1.5535605164000001	-0.025805349917973786
67550000	67599999	1.184168862959523	1.5535605164000001	-0.3693916534404771
67600000	67649999	1.3159873563880145	1.5535605164000001	-0.2375731600119857
67650000	67699999	1.5700160670644294	1.5535605164000001	0.016455550664429275
67700000	67749999	1.5340518466744302	1.5535605164000001	-0.01950866972556997
67750000	67799999	0.6609636336000002	1.5535605164000001	-0.8925968827999999
67800000	67849999	0.35531101220000005	1.5535605164000001	-1.1982495042
67850000	67899999	0.558429573679889	1.5535605164000001	-0.9951309427201112
67900000	67949999	1.1366133071027589	1.5535605164000001	-0.4169472092972413
67950000	67999999	0.48315451137537857	1.5535605164000001	-1.0704060050246216
68000000	68049999	0.7969968213427492	1.5535605164000001	-0.756563695057251
68050000	68099999	1.5302774005627429	1.5535605164000001	-0.023283115837257284
68100000	68149999	1.2719171570103913	1.5535605164000001	-0.2816433593896088
68150000	68199999	1.0328344245319339	1.5535605164000001	-0.5207260918680663
68200000	68249999	1.0963640483229493	1.5535605164000001	-0.45719646807705083
68250000	68299999	0.7652922850205385	1.5535605164000001	-0.7882682313794617
68300000	68349999	0.9168807016747591	1.5535605164000001	-0.636679814725241
68350000	68399999	0.8894462624754975	1.5535605164000001	-0.6641142539245026
68400000	68449999	0.9957349712105226	1.5535605164000001	-0.5578255451894776
68450000	68499999	0.720662040380475	1.5535605164000001	-0.8328984760195252
68500000	68549999	0.9390777286809586	1.5535605164000001	-0.6144827877190415
68550000	68599999	1.050843147740609	1.5535605164000001	-0.5027173686593911
68600000	68649999	0.9763511352155977	1.5535605164000001	-0.5772093811844025
68650000	68699999	0.8175736310349031	1.5535605164000001	-0.735986885365097
68700000	68749999	0.7320694502154542	1.5535605164000001	-0.8214910661845459
68750000	68799999	0.9875763566458986	1.5535605164000001	-0.5659841597541015
68800000	68849999	0.5891493939398134	1.5535605164000001	-0.9644111224601868
68850000	68899999	0.9901846568532868	1.5535605164000001	-0.5633758595467133
68900000	68949999	0.9652767589688287	1.5535605164000001	-0.5882837574311715
68950000	68999999	1.2035092536923049	1.5535605164000001	-0.35005126270769527
69000000	69049999	1.0395517265782028	1.5535605164000001	-0.5140087898217973
69050000	69099999	1.0867526850555382	1.5535605164000001	-0.4668078313444619
69100000	69149999	1.039993943373047	1.5535605164000001	-0.5135665730269532
69150000	69199999	1.1630341052874344	1.5535605164000001	-0.3905264111125657
69200000	69249999	1.5346518970786776	1.5535605164000001	-0.018908619321322595
69250000	69299999	1.4716041819801606	1.5535605164000001	-0.08195633441983952
69300000	69349999	1.3689681094995512	1.5535605164000001	-0.18459240690044898
69350000	69399999	1.0083508739916993	1.5535605164000001	-0.5452096424083008
69400000	69449999	1.137979719461247	1.5535605164000001	-0.41558079693875305
69450000	69499999	0.806794947062436	1.5535605164000001	-0.7467655693375641
69500000	69549999	0.7628245586006105	1.5535605164000001	-0.7907359577993897
69550000	69599999	1.0895795571810778	1.5535605164000001	-0.46398095921892235
69600000	69649999	1.0777796266178774	1.5535605164000001	-0.47578088978212274
69650000	69699999	0.9101833407880799	1.5535605164000001	-0.6433771756119202
69700000	69749999	1.2266875727131739	1.5535605164000001	-0.3268729436868263
69750000	69799999	1.0851535872469409	1.5535605164000001	-0.46840692915305926
69800000	69849999	1.1955955174144623	1.5535605164000001	-0.3579649989855378
69850000	69899999	1.208239514319417	1.5535605164000001	-0.34532100208058325
69900000	69949999	0.8336139303988497	1.5535605164000001	-0.7199465860011505
69950000	69999999	0.911709599663315	1.5535605164000001	-0.6418509167366852
70000000	70049999	0.9444251878929384	1.5535605164000001	-0.6091353285070618
70050000	70099999	0.44065464064465343	1.5535605164000001	-1.1129058757553467
70100000	70149999	0.449301551746625	1.5535605164000001	-1.1042589646533751
70150000	70199999	1.1297864336803483	1.5535605164000001	-0.4237740827196519
70200000	70249999	1.676810343974698	1.5535605164000001	0.12324982757469782
70250000	70299999	1.5140351308362536	1.5535605164000001	-0.03952538556374652
70300000	70349999	1.370211386195331	1.5535605164000001	-0.18334913020466925
70350000	70399999	1.2152755034058371	1.5535605164000001	-0.338285012994163
70400000	70449999	0.7434533279901491	1.5535605164000001	-0.8101071884098511
70450000	70499999	0.27193905236362936	1.5535605164000001	-1.2816214640363708
70500000	70549999	0.9263551528894562	1.5535605164000001	-0.6272053635105439
70550000	70599999	0.9074411971184664	1.5535605164000001	-0.6461193192815338
70600000	70649999	1.1290820278902816	1.5535605164000001	-0.4244784885097186
70650000	70699999	0.8400870595469423	1.5535605164000001	-0.7134734568530579
70700000	70749999	0.843711323228496	1.5535605164000001	-0.7098491931715042
70750000	70799999	1.0405645295763173	1.5535605164000001	-0.5129959868236829
70800000	70849999	0.9679213689557755	1.5535605164000001	-0.5856391474442246
70850000	70899999	1.094662211448825	1.5535605164000001	-0.45889830495117523
70900000	70949999	0.9447729953029802	1.5535605164000001	-0.60878752109702
70950000	70999999	0.939964562997391	1.5535605164000001	-0.6135959534026092
71000000	71049999	1.0109464572275149	1.5535605164000001	-0.5426140591724853
71050000	71099999	0.9662990638551774	1.5535605164000001	-0.5872614525448228
71100000	71149999	0.7720166343261476	1.5535605164000001	-0.7815438820738525
71150000	71199999	0.4967211076898743	1.5535605164000001	-1.0568394087101258
71200000	71249999	0.6792811228924531	1.5535605164000001	-0.874279393507547
71250000	71299999	0.7404669637537263	1.5535605164000001	-0.8130935526462738
71300000	71349999	0.83614328709086	1.5535605164000001	-0.7174172293091401
71350000	71399999	0.9136058892029527	1.5535605164000001	-0.6399546271970474
71400000	71449999	0.9941950154905351	1.5535605164000001	-0.559365500909465
71450000	71499999	0.614061290739554	1.5535605164000001	-0.9394992256604462
71500000	71549999	1.0325597200423409	1.5535605164000001	-0.5210007963576593
71550000	71599999	1.0093212057876924	1.5535605164000001	-0.5442393106123078
71600000	71649999	0.8623229156257585	1.5535605164000001	-0.6912376007742417
71650000	71699999	1.0654353227207736	1.5535605164000001	-0.4881251936792266
71700000	71749999	1.0531558464996893	1.5535605164000001	-0.5004046699003109
71750000	71799999	1.2805812489358508	1.5535605164000001	-0.27297926746414936
71800000	71849999	0.8030163428862824	1.5535605164000001	-0.7505441735137177
71850000	71899999	0.8909395623724611	1.5535605164000001	-0.6626209540275391
71900000	71949999	0.955290143991919	1.5535605164000001	-0.5982703724080811
71950000	71999999	1.103687185129147	1.5535605164000001	-0.44987333127085316
72000000	72049999	1.1414033602248657	1.5535605164000001	-0.4121571561751345
72050000	72099999	0.9604668334181001	1.5535605164000001	-0.5930936829819
72100000	72149999	0.9039228136918444	1.5535605164000001	-0.6496377027081558
72150000	72199999	1.0768743336460687	1.5535605164000001	-0.4766861827539315
72200000	72249999	0.9616004274561327	1.5535605164000001	-0.5919600889438674
72250000	72299999	0.6834539199079652	1.5535605164000001	-0.8701065964920349
72300000	72349999	0.9841125219390618	1.5535605164000001	-0.5694479944609383
72350000	72399999	1.0738694845555055	1.5535605164000001	-0.4796910318444947
72400000	72449999	1.105830631710711	1.5535605164000001	-0.4477298846892892
72450000	72499999	1.2391214207144776	1.5535605164000001	-0.31443909568552253
72500000	72549999	1.0152777953016237	1.5535605164000001	-0.5382827210983765
72550000	72599999	0.8755626825123171	1.5535605164000001	-0.6779978338876831
72600000	72649999	0.9452599419522493	1.5535605164000001	-0.6083005744477509
72650000	72699999	1.0230885469587525	1.5535605164000001	-0.5304719694412476
72700000	72749999	1.1156496869310595	1.5535605164000001	-0.43791082946894067
72750000	72799999	0.8802126803538576	1.5535605164000001	-0.6733478360461426
72800000	72849999	0.6963087964917177	1.5535605164000001	-0.8572517199082824
72850000	72899999	1.0831441222003542	1.5535605164000001	-0.470416394199646
72900000	72949999	1.0725636485851548	1.5535605164000001	-0.4809968678148453
72950000	72999999	0.9661713504977816	1.5535605164000001	-0.5873891659022186
73000000	73049999	1.088766473216116	1.5535605164000001	-0.4647940431838842
73050000	73099999	1.0522940928183657	1.5535605164000001	-0.5012664235816344
73100000	73149999	0.6447726515648072	1.5535605164000001	-0.9087878648351929
73150000	73199999	0.6249292308847261	1.5535605164000001	-0.9286312855152741
73200000	73249999	0.5307966992871949	1.5535605164000001	-1.0227638171128053
73250000	73299999	0.3361435151471559	1.5535605164000001	-1.2174170012528442
73300000	73349999	0.9807957613789735	1.5535605164000001	-0.5727647550210266
73350000	73399999	1.105982950650702	1.5535605164000001	-0.4475775657492982
73400000	73449999	1.2408608120138598	1.5535605164000001	-0.31269970438614036
73450000	73499999	1.6491632132100609	1.5535605164000001	0.09560269681006073
73500000	73549999	1.394596486552261	1.5535605164000001	-0.15896402984773905
73550000	73599999	1.3363834836736288	1.5535605164000001	-0.21717703272637134
73600000	73649999	1.1734024493785158	1.5535605164000001	-0.38015806702148436
73650000	73699999	1.3983491582856766	1.5535605164000001	-0.15521135811432352
73700000	73749999	1.0337994809823914	1.5535605164000001	-0.5197610354176088
73750000	73799999	1.2410027060889368	1.5535605164000001	-0.31255781031106333
73800000	73849999	1.0792106916717104	1.5535605164000001	-0.4743498247282898
73850000	73899999	1.265941300359402	1.5535605164000001	-0.28761921604059815
73900000	73949999	1.1789103847700548	1.5535605164000001	-0.3746501316299453
73950000	73999999	0.935480290854413	1.5535605164000001	-0.6180802255455872
74000000	74049999	1.091818917666246	1.5535605164000001	-0.4617415987337541
74050000	74099999	1.1937658394139699	1.5535605164000001	-0.3597946769860303
74100000	74149999	1.1467223105892208	1.5535605164000001	-0.40683820581077934
74150000	74199999	1.2056742635197928	1.5535605164000001	-0.34788625288020736
74200000	74249999	1.0192997970595135	1.5535605164000001	-0.5342607193404867
74250000	74299999	0.5634937366538637	1.5535605164000001	-0.9900667797461364
74300000	74349999	0.2402313103494813	1.5535605164000001	-1.3133292060505188
74350000	74399999	0.6562952353644502	1.5535605164000001	-0.8972652810355499
74400000	74449999	0.7842934363456879	1.5535605164000001	-0.7692670800543122
74450000	74499999	1.0199066790853983	1.5535605164000001	-0.5336538373146018
74500000	74549999	1.2735048530494395	1.5535605164000001	-0.28005566335056065
74550000	74599999	1.0623222222986963	1.5535605164000001	-0.4912382941013038
74600000	74649999	1.082350882141699	1.5535605164000001	-0.4712096342583012
74650000	74699999	1.419743235758992	1.5535605164000001	-0.13381728064100806
74700000	74749999	0.9370799058840097	1.5535605164000001	-0.6164806105159905
74750000	74799999	0.982732288506862	1.5535605164000001	-0.5708282278931381
74800000	74849999	1.0271957071128677	1.5535605164000001	-0.5263648092871325
74850000	74899999	1.2649236349598862	1.5535605164000001	-0.2886368814401139
74900000	74949999	1.0193171233745344	1.5535605164000001	-0.5342433930254658
74950000	74999999	1.158782370759804	1.5535605164000001	-0.3947781456401962
75000000	75049999	1.115482198962993	1.5535605164000001	-0.4380783174370071
75050000	75099999	0.9675040023342302	1.5535605164000001	-0.58605651406577
75100000	75149999	1.0589610625565928	1.5535605164000001	-0.4945994538434073
75150000	75199999	1.2009322391109243	1.5535605164000001	-0.35262827728907586
75200000	75249999	1.2348828157599863	1.5535605164000001	-0.3186777006400139
75250000	75299999	1.0433705480042739	1.5535605164000001	-0.5101899683957263
75300000	75349999	0.8359599132763673	1.5535605164000001	-0.7176006031236328
75350000	75399999	0.9052266884986085	1.5535605164000001	-0.6483338279013916
75400000	75449999	1.5405827076144503	1.5535605164000001	-0.012977808785549882
75450000	75499999	1.9820494845131502	1.5535605164000001	0.42848896811315007
75500000	75549999	1.8053384255262575	1.5535605164000001	0.2517779091262573
75550000	75599999	1.3272740564230494	1.5535605164000001	-0.22628645997695074
75600000	75649999	1.2235895326297874	1.5535605164000001	-0.3299709837702127
75650000	75699999	1.2643372941611857	1.5535605164000001	-0.28922322223881447
75700000	75749999	1.1236684634891825	1.5535605164000001	-0.42989205291081767
75750000	75799999	0.5475487419206666	1.5535605164000001	-1.0060117744793335
75800000	75849999	0.1658896823813234	1.5535605164000001	-1.3876708340186767
75850000	75899999	0.9551242434785188	1.5535605164000001	-0.5984362729214814
75900000	75949999	1.3292179597887452	1.5535605164000001	-0.2243425566112549
75950000	75999999	1.5956369892372957	1.5535605164000001	0.04207647283729554
76000000	76049999	1.788375805084073	1.5535605164000001	0.23481528868407286
76050000	76099999	1.4715690991194643	1.5535605164000001	-0.08199141728053583
76100000	76149999	1.4767870062498134	1.5535605164000001	-0.07677351015018674
76150000	76199999	1.708614351260825	1.5535605164000001	0.1550538348608248
76200000	76249999	0.7267664044054536	1.5535605164000001	-0.8267941119945466
76250000	76299999	0.8684664192063143	1.5535605164000001	-0.6850940971936859
76300000	76349999	1.4451323119893449	1.5535605164000001	-0.10842820441065526
76350000	76399999	1.323498772447339	1.5535605164000001	-0.2300617439526611
76400000	76449999	0.5366956030489443	1.5535605164000001	-1.0168649133510559
76450000	76499999	1.0025025445808564	1.5535605164000001	-0.5510579718191437
76500000	76549999	2.165300501550763	1.5535605164000001	0.6117399851507628
76550000	76599999	2.0945077125416747	1.5535605164000001	0.5409471961416745
76600000	76649999	1.4673471638660154	1.5535605164000001	-0.08621335253398477
76650000	76699999	1.008661774503177	1.5535605164000001	-0.5448987418968232
76700000	76749999	1.2405074345891065	1.5535605164000001	-0.31305308181089364
76750000	76799999	1.1921805744796208	1.5535605164000001	-0.36137994192037937
76800000	76849999	1.1455537402080158	1.5535605164000001	-0.40800677619198433
76850000	76899999	1.4919805312872316	1.5535605164000001	-0.06157998511276852
76900000	76949999	1.4079963115273681	1.5535605164000001	-0.145564204872632
76950000	76999999	1.3764874945882264	1.5535605164000001	-0.17707302181177376
77000000	77049999	1.2560731004703192	1.5535605164000001	-0.297487415929681
77050000	77099999	0.931560317963408	1.5535605164000001	-0.6220001984365922
77100000	77149999	1.2450628517798707	1.5535605164000001	-0.3084976646201294
77150000	77199999	1.1588336538144945	1.5535605164000001	-0.3947268625855056
77200000	77249999	1.0511010436720891	1.5535605164000001	-0.502459472727911
77250000	77299999	1.1861840532833108	1.5535605164000001	-0.36737646311668937
77300000	77349999	1.12332446783274	1.5535605164000001	-0.43023604856726005
77350000	77399999	1.1555049316993227	1.5535605164000001	-0.3980555847006775
77400000	77449999	1.2674610302098588	1.5535605164000001	-0.28609948619014136
77450000	77499999	1.2956038174986864	1.5535605164000001	-0.2579566989013138
77500000	77549999	1.3648654965171632	1.5535605164000001	-0.188695019882837
77550000	77599999	0.7814641133854616	1.5535605164000001	-0.7720964030145385
77600000	77649999	1.1352322060766755	1.5535605164000001	-0.4183283103233246
77650000	77699999	2.0742575650517763	1.5535605164000001	0.5206970486517761
77700000	77749999	2.1101196854711857	1.5535605164000001	0.5565591690711855
77750000	77799999	1.9671461894518953	1.5535605164000001	0.4135856730518952
77800000	77849999	2.042985032360599	1.5535605164000001	0.48942451596059877
77850000	77899999	1.815207720006299	1.5535605164000001	0.2616472036062989
77900000	77949999	1.245547792671293	1.5535605164000001	-0.30801272372870714
77950000	77999999	1.553864939926076	1.5535605164000001	0.00030442352607584766
78000000	78049999	1.4955221626265993	1.5535605164000001	-0.05803835377340083
78050000	78099999	1.0677509860647463	1.5535605164000001	-0.48580953033525387
78100000	78149999	0.874685673507837	1.5535605164000001	-0.6788748428921632
78150000	78199999	1.0806002183082093	1.5535605164000001	-0.47296029809179085
78200000	78249999	1.2775005553877228	1.5535605164000001	-0.27605996101227737
78250000	78299999	0.9605275225164552	1.5535605164000001	-0.5930329938835449
78300000	78349999	0.8700826645524691	1.5535605164000001	-0.6834778518475311
78350000	78399999	0.945376475276462	1.5535605164000001	-0.6081840411235382
78400000	78449999	1.230775654742512	1.5535605164000001	-0.3227848616574882
78450000	78499999	1.4438012018853639	1.5535605164000001	-0.10975931451463627
78500000	78549999	1.2554126178568787	1.5535605164000001	-0.2981478985431214
78550000	78599999	1.0402200030147892	1.5535605164000001	-0.5133405133852109
78600000	78649999	0.9126826734806764	1.5535605164000001	-0.6408778429193237
78650000	78699999	0.858637341347452	1.5535605164000001	-0.6949231750525482
78700000	78749999	0.5300727360096253	1.5535605164000001	-1.0234877803903748
78750000	78799999	1.1630876295914834	1.5535605164000001	-0.3904728868085168
78800000	78849999	1.118559378222928	1.5535605164000001	-0.4350011381770722
78850000	78899999	1.1549701934766594	1.5535605164000001	-0.39859032292334073
78900000	78949999	1.0613442714951067	1.5535605164000001	-0.49221624490489346
78950000	78999999	0.9632167547456086	1.5535605164000001	-0.5903437616543915
79000000	79049999	1.1272147175020057	1.5535605164000001	-0.4263457988979944
79050000	79099999	0.8510289911583543	1.5535605164000001	-0.7025315252416459
79100000	79149999	1.0270699982532105	1.5535605164000001	-0.5264905181467896
79150000	79199999	1.1570438690684037	1.5535605164000001	-0.3965166473315964
79200000	79249999	1.756198257247397	1.5535605164000001	0.20263774084739694
79250000	79299999	1.2235713826997614	1.5535605164000001	-0.32998913370023875
79300000	79349999	1.1451021241719386	1.5535605164000001	-0.4084583922280616
79350000	79399999	1.2595057499280695	1.5535605164000001	-0.29405476647193063
79400000	79449999	0.9778597158327174	1.5535605164000001	-0.5757008005672828
79450000	79499999	1.3560053143300417	1.5535605164000001	-0.19755520206995847
79500000	79549999	1.0639059859178601	1.5535605164000001	-0.48965453048214
79550000	79599999	0.5957950368467531	1.5535605164000001	-0.9577654795532471
79600000	79649999	1.000139705388466	1.5535605164000001	-0.5534208110115342
79650000	79699999	1.145992873241443	1.5535605164000001	-0.4075676431585571
79700000	79749999	1.130920649456275	1.5535605164000001	-0.42263986694372524
79750000	79799999	1.2938659821667602	1.5535605164000001	-0.25969453423323996
79800000	79849999	1.1159399833904406	1.5535605164000001	-0.4376205330095595
79850000	79899999	0.9611304195123507	1.5535605164000001	-0.5924300968876495
79900000	79949999	1.611985879028085	1.5535605164000001	0.05842536262808484
79950000	79999999	1.4432301646899584	1.5535605164000001	-0.1103303517100418
80000000	80049999	2.412630431411566	1.5535605164000001	0.8590699150115659
80050000	80099999	2.73447152762569	1.5535605164000001	1.1809110112256898
80100000	80149999	0.7701215762000002	1.5535605164000001	-0.7834389401999999
80150000	80199999	0.5065038553432313	1.5535605164000001	-1.0470566610567689
80200000	80249999	1.0686966735380419	1.5535605164000001	-0.48486384286195827
80250000	80299999	1.0334263862291628	1.5535605164000001	-0.5201341301708373
80300000	80349999	1.074433290347545	1.5535605164000001	-0.47912722605245506
80350000	80399999	0.9605284873381524	1.5535605164000001	-0.5930320290618477
80400000	80449999	0.8918412586274472	1.5535605164000001	-0.6617192577725529
80450000	80499999	0.9812891524543695	1.5535605164000001	-0.5722713639456306
80500000	80549999	1.0109217217466384	1.5535605164000001	-0.5426387946533617
80550000	80599999	1.0152497768833704	1.5535605164000001	-0.5383107395166298
80600000	80649999	1.0282324612470988	1.5535605164000001	-0.5253280551529014
80650000	80699999	1.0769433626614404	1.5535605164000001	-0.47661715373855973
80700000	80749999	0.9841639753972162	1.5535605164000001	-0.5693965410027839
80750000	80799999	0.8750710098666734	1.5535605164000001	-0.6784895065333267
80800000	80849999	1.1352569069910754	1.5535605164000001	-0.41830360940892475
80850000	80899999	1.22474907006626	1.5535605164000001	-0.32881144633374015
80900000	80949999	1.0496394587459108	1.5535605164000001	-0.5039210576540893
80950000	80999999	0.6925767405885743	1.5535605164000001	-0.8609837758114258
81000000	81049999	0.4624088607141421	1.5535605164000001	-1.091151655685858
81050000	81099999	0.8310301712000001	1.5535605164000001	-0.7225303452
81100000	81149999	3.0578843996000002	1.5535605164000001	1.5043238832
81150000	81199999	4.953500654772214	1.5535605164000001	3.399940138372214
81200000	81249999	4.991362242324217	1.5535605164000001	3.437801725924217
81250000	81299999	3.715424914697008	1.5535605164000001	2.161864398297008
81300000	81349999	4.665693034889929	1.5535605164000001	3.112132518489929
81350000	81399999	4.864868912189745	1.5535605164000001	3.3113083957897445
81400000	81449999	4.361759905443589	1.5535605164000001	2.8081993890435886
81450000	81499999	1.1781092912000002	1.5535605164000001	-0.37545122519999996
81500000	81549999	0.0821445150000002	1.5535605164000001	-1.4714160014
81550000	81599999	0.5823396989775513	1.5535605164000001	-0.9712208174224488
81600000	81649999	0.5829440521129854	1.5535605164000001	-0.9706164642870148
81650000	81699999	0.4049825481497804	1.5535605164000001	-1.1485779682502197
81700000	81749999	0.5273589247362063	1.5535605164000001	-1.0262015916637939
81750000	81799999	0.664714058259714	1.5535605164000001	-0.8888464581402862
81800000	81849999	1.2301426199964753	1.5535605164000001	-0.3234178964035248
81850000	81899999	1.0480977336616457	1.5535605164000001	-0.5054627827383544
81900000	81949999	1.1493008679461716	1.5535605164000001	-0.40425964845382856
81950000	81999999	0.9967774123176911	1.5535605164000001	-0.556783104082309
82000000	82049999	0.8721499662901674	1.5535605164000001	-0.6814105501098328
82050000	82099999	0.8816472710608583	1.5535605164000001	-0.6719132453391419
82100000	82149999	0.8369415549754396	1.5535605164000001	-0.7166189614245605
82150000	82199999	0.6872310114755709	1.5535605164000001	-0.8663295049244293
82200000	82249999	0.901697593827205	1.5535605164000001	-0.6518629225727951
82250000	82299999	1.0168082298363017	1.5535605164000001	-0.5367522865636984
82300000	82349999	0.6455181801607301	1.5535605164000001	-0.90804233623927
82350000	82399999	0.6424408764038972	1.5535605164000001	-0.9111196399961029
82400000	82449999	0.6498449331230683	1.5535605164000001	-0.9037155832769318
82450000	82499999	0.5366078292649537	1.5535605164000001	-1.0169526871350465
82500000	82549999	1.0295851797077689	1.5535605164000001	-0.5239753366922313
82550000	82599999	0.735947277944095	1.5535605164000001	-0.8176132384559052
82600000	82649999	0.6370071444232424	1.5535605164000001	-0.9165533719767578
82650000	82699999	1.0221025742463503	1.5535605164000001	-0.5314579421536498
82700000	82749999	1.0133606546239045	1.5535605164000001	-0.5401998617760957
82750000	82799999	1.1394277866856042	1.5535605164000001	-0.41413272971439596
82800000	82849999	0.7828721553325777	1.5535605164000001	-0.7706883610674224
82850000	82899999	0.8780065476188692	1.5535605164000001	-0.6755539687811309
82900000	82949999	0.6535573576593019	1.5535605164000001	-0.9000031587406983
82950000	82999999	1.220183984743413	1.5535605164000001	-0.3333765316565871
83000000	83049999	1.2182561129690646	1.5535605164000001	-0.3353044034309356
83050000	83099999	0.980261104092531	1.5535605164000001	-0.5732994123074692
83100000	83149999	0.990704578436683	1.5535605164000001	-0.5628559379633171
83150000	83199999	1.004782856358562	1.5535605164000001	-0.5487776600414382
83200000	83249999	0.9910713097036135	1.5535605164000001	-0.5624892066963867
83250000	83299999	0.7301745154102113	1.5535605164000001	-0.8233860009897889
83300000	83349999	0.7941935728351717	1.5535605164000001	-0.7593669435648285
83350000	83399999	1.0054937777629183	1.5535605164000001	-0.5480667386370819
83400000	83449999	1.0096101048545687	1.5535605164000001	-0.5439504115454314
83450000	83499999	1.0950515257307252	1.5535605164000001	-0.458508990669275
83500000	83549999	1.1248017172962068	1.5535605164000001	-0.42875879910379333
83550000	83599999	1.3974181411565532	1.5535605164000001	-0.15614237524344698
83600000	83649999	1.687730560092125	1.5535605164000001	0.13417004369212493
83650000	83699999	1.33230143422968	1.5535605164000001	-0.2212590821703202
83700000	83749999	0.9883133136565889	1.5535605164000001	-0.5652472027434112
83750000	83799999	0.9183490516222261	1.5535605164000001	-0.635211464777774
83800000	83849999	0.693645676139734	1.5535605164000001	-0.8599148402602661
83850000	83899999	0.8156827681275484	1.5535605164000001	-0.7378777482724518
83900000	83949999	0.8923025536941134	1.5535605164000001	-0.6612579627058868
83950000	83999999	1.1790073926146263	1.5535605164000001	-0.37455312378537386
84000000	84049999	0.7237325844954285	1.5535605164000001	-0.8298279319045716
84050000	84099999	1.0435013507465976	1.5535605164000001	-0.5100591656534026
84100000	84149999	0.7007478640009676	1.5535605164000001	-0.8528126523990326
84150000	84199999	0.6562904739999299	1.5535605164000001	-0.8972700424000702
84200000	84249999	1.0570910816183443	1.5535605164000001	-0.49646943478165584
84250000	84299999	1.1170490974502176	1.5535605164000001	-0.4365114189497825
84300000	84349999	0.8942613699624101	1.5535605164000001	-0.65929914643759
84350000	84399999	0.8340112991283632	1.5535605164000001	-0.7195492172716369
84400000	84449999	0.9344452586202562	1.5535605164000001	-0.619115257779744
84450000	84499999	0.7593751876996797	1.5535605164000001	-0.7941853287003204
84500000	84549999	0.6840550264476014	1.5535605164000001	-0.8695054899523987
84550000	84599999	0.6895780612899081	1.5535605164000001	-0.8639824551100921
84600000	84649999	0.6546329401338442	1.5535605164000001	-0.8989275762661559
84650000	84699999	0.826412760814081	1.5535605164000001	-0.7271477555859192
84700000	84749999	0.6672766593205934	1.5535605164000001	-0.8862838570794067
84750000	84799999	1.0626056497835077	1.5535605164000001	-0.49095486661649246
84800000	84849999	0.6439255816317689	1.5535605164000001	-0.9096349347682312
84850000	84899999	0.8024476746076753	1.5535605164000001	-0.7511128417923248
84900000	84949999	0.7720523004744906	1.5535605164000001	-0.7815082159255096
84950000	84999999	0.7023173006177065	1.5535605164000001	-0.8512432157822937
85000000	85049999	0.7449397764024202	1.5535605164000001	-0.80862073999758
85050000	85099999	0.9280827789498994	1.5535605164000001	-0.6254777374501007
85100000	85149999	0.9443374091475557	1.5535605164000001	-0.6092231072524444
85150000	85199999	0.8285776441528352	1.5535605164000001	-0.724982872247165
85200000	85249999	0.6289498985950319	1.5535605164000001	-0.9246106178049682
85250000	85299999	0.7671880924362551	1.5535605164000001	-0.7863724239637451
85300000	85349999	0.7196327095755891	1.5535605164000001	-0.833927806824411
85350000	85399999	0.4191586084809815	1.5535605164000001	-1.1344019079190186
85400000	85449999	0.17360427194971928	1.5535605164000001	-1.3799562444502809
85450000	85499999	0.4190885984046999	1.5535605164000001	-1.1344719179953002
85500000	85549999	0.6577088286934633	1.5535605164000001	-0.8958516877065369
85550000	85599999	0.7043885880728518	1.5535605164000001	-0.8491719283271484
85600000	85649999	0.918105314429474	1.5535605164000001	-0.6354552019705262
85650000	85699999	0.7349072357089632	1.5535605164000001	-0.8186532806910369
85700000	85749999	0.8374414440963411	1.5535605164000001	-0.716119072303659
85750000	85799999	0.7331426513873139	1.5535605164000001	-0.8204178650126862
85800000	85849999	0.8676183470556429	1.5535605164000001	-0.6859421693443573
85850000	85899999	1.2226521190208635	1.5535605164000001	-0.3309083973791367
85900000	85949999	0.7163884769819399	1.5535605164000001	-0.8371720394180603
85950000	85999999	0.721877805829294	1.5535605164000001	-0.8316827105707062
86000000	86049999	0.8450227035375886	1.5535605164000001	-0.7085378128624116
86050000	86099999	1.0187789041952455	1.5535605164000001	-0.5347816122047546
86100000	86149999	0.7639157118439516	1.5535605164000001	-0.7896448045560486
86150000	86199999	0.8789052246439715	1.5535605164000001	-0.6746552917560287
86200000	86249999	0.7641673052279268	1.5535605164000001	-0.7893932111720734
86250000	86299999	0.9260072917270662	1.5535605164000001	-0.627553224672934
86300000	86349999	0.6322686145403138	1.5535605164000001	-0.9212919018596863
86350000	86399999	0.588877438478174	1.5535605164000001	-0.9646830779218262
86400000	86449999	0.08286888050000019	1.5535605164000001	-1.4706916359
86450000	86499999	0.2380499676695802	1.5535605164000001	-1.31551054873042
86500000	86549999	0.44191288790563377	1.5535605164000001	-1.1116476284943664
86550000	86599999	0.781491464062253	1.5535605164000001	-0.7720690523377471
86600000	86649999	0.8602190407544877	1.5535605164000001	-0.6933414756455124
86650000	86699999	0.7269225024665376	1.5535605164000001	-0.8266380139334626
86700000	86749999	1.0600702253991625	1.5535605164000001	-0.49349029100083763
86750000	86799999	1.009494119420112	1.5535605164000001	-0.5440663969798882
86800000	86849999	1.458597450120112	1.5535605164000001	-0.09496306627988815
86850000	86899999	1.458597450120112	1.5535605164000001	-0.09496306627988815
86900000	86949999	0.746051546920112	1.5535605164000001	-0.8075089694798882
86950000	86999999	1.021444758670354	1.5535605164000001	-0.5321157577296463
87000000	87049999	0.803549660151584	1.5535605164000001	-0.7500108562484161
87050000	87099999	0.615964349971396	1.5535605164000001	-0.9375961664286041
87100000	87149999	1.07472641150042	1.5535605164000001	-0.4788341048995801
87150000	87199999	0.96209363986113	1.5535605164000001	-0.5914668765388702
87200000	87249999	0.6975849692404055	1.5535605164000001	-0.8559755471595947
87250000	87299999	0.7977429797270753	1.5535605164000001	-0.7558175366729248
87300000	87349999	0.6720525121591768	1.5535605164000001	-0.8815080042408233
87350000	87399999	0.6451523404747834	1.5535605164000001	-0.9084081759252167
87400000	87449999	0.6709426792094941	1.5535605164000001	-0.882617837190506
87450000	87499999	0.7327610426680635	1.5535605164000001	-0.8207994737319366
87500000	87549999	0.48974785736301296	1.5535605164000001	-1.0638126590369872
87550000	87599999	1.2122588500337674	1.5535605164000001	-0.3413016663662327
87600000	87649999	1.1363031436008806	1.5535605164000001	-0.41725737279911956
87650000	87699999	1.2869697925065782	1.5535605164000001	-0.266590723893422
87700000	87749999	0.9965412222449693	1.5535605164000001	-0.5570192941550308
87750000	87799999	1.124894020333074	1.5535605164000001	-0.4286664960669262
87800000	87849999	0.868935778957979	1.5535605164000001	-0.6846247374420211
87850000	87899999	0.8879360824296602	1.5535605164000001	-0.66562443397034
87900000	87949999	0.6973729172395571	1.5535605164000001	-0.8561875991604431
87950000	87999999	0.46195389344835225	1.5535605164000001	-1.091606622951648
88000000	88049999	0.6470811876736208	1.5535605164000001	-0.9064793287263794
88050000	88099999	0.9703876393616151	1.5535605164000001	-0.583172877038385
88100000	88149999	0.9428760334435121	1.5535605164000001	-0.610684482956488
88150000	88199999	0.7581126941387758	1.5535605164000001	-0.7954478222612243
88200000	88249999	0.8570550014215929	1.5535605164000001	-0.6965055149784073
88250000	88299999	0.6668899651626589	1.5535605164000001	-0.8866705512373413
88300000	88349999	0.7783373127071992	1.5535605164000001	-0.775223203692801
88350000	88399999	0.6375176247490144	1.5535605164000001	-0.9160428916509857
88400000	88449999	0.6552883603043062	1.5535605164000001	-0.898272156095694
88450000	88499999	0.6889961389322694	1.5535605164000001	-0.8645643774677307
88500000	88549999	0.8894418684419084	1.5535605164000001	-0.6641186479580917
88550000	88599999	0.9129580146832277	1.5535605164000001	-0.6406025017167725
88600000	88649999	0.6964687544935213	1.5535605164000001	-0.8570917619064788
88650000	88699999	0.6902246534562441	1.5535605164000001	-0.8633358629437561
88700000	88749999	0.6688394210050569	1.5535605164000001	-0.8847210953949433
88750000	88799999	0.8452008182946779	1.5535605164000001	-0.7083596981053223
88800000	88849999	0.8080447083900529	1.5535605164000001	-0.7455158080099472
88850000	88899999	0.6657660300903901	1.5535605164000001	-0.88779448630961
88900000	88949999	0.9587686559868688	1.5535605164000001	-0.5947918604131314
88950000	88999999	0.9140190017423402	1.5535605164000001	-0.63954151465766
89000000	89049999	0.8585213137296343	1.5535605164000001	-0.6950392026703659
89050000	89099999	0.7642448947732179	1.5535605164000001	-0.7893156216267823
89100000	89149999	0.8708983186117281	1.5535605164000001	-0.6826621977882721
89150000	89199999	0.6137920726931398	1.5535605164000001	-0.9397684437068603
89200000	89249999	0.7685960998716401	1.5535605164000001	-0.78496441652836
89250000	89299999	1.1353455049418564	1.5535605164000001	-0.41821501145814377
89300000	89349999	0.9412779691767519	1.5535605164000001	-0.6122825472232483
89350000	89399999	0.82978871978024	1.5535605164000001	-0.7237717966197601
89400000	89449999	0.8030648164865999	1.5535605164000001	-0.7504956999134003
89450000	89499999	0.8719284393031206	1.5535605164000001	-0.6816320770968796
89500000	89549999	0.6998967341792788	1.5535605164000001	-0.8536637822207214
89550000	89599999	1.1237467793329783	1.5535605164000001	-0.42981373706702186
89600000	89649999	0.8521907210278902	1.5535605164000001	-0.70136979537211
89650000	89699999	0.6748602087618226	1.5535605164000001	-0.8787003076381775
89700000	89749999	0.8812353199314791	1.5535605164000001	-0.6723251964685211
89750000	89799999	0.765894386545337	1.5535605164000001	-0.7876661298546631
89800000	89849999	0.7283433537778993	1.5535605164000001	-0.8252171626221009
89850000	89899999	0.726476275991446	1.5535605164000001	-0.8270842404085541
89900000	89949999	0.8432982756465974	1.5535605164000001	-0.7102622407534027
89950000	89999999	0.9883193503092713	1.5535605164000001	-0.5652411660907288
90000000	90049999	0.8664196327097261	1.5535605164000001	-0.687140883690274
90050000	90099999	0.7970040709948427	1.5535605164000001	-0.7565564454051574
90100000	90149999	0.9578805251921876	1.5535605164000001	-0.5956799912078126
90150000	90199999	0.6275390423731538	1.5535605164000001	-0.9260214740268463
90200000	90249999	1.0060539076934227	1.5535605164000001	-0.5475066087065774
90250000	90299999	0.8448045636069093	1.5535605164000001	-0.7087559527930909
90300000	90349999	0.9995798747496137	1.5535605164000001	-0.5539806416503864
90350000	90399999	0.3616239693742982	1.5535605164000001	-1.191936547025702
90400000	90449999	0.6931080676000001	1.5535605164000001	-0.8604524488
90450000	90499999	4.053575068912598	1.5535605164000001	2.5000145525125976
90500000	90549999	4.251524084204911	1.5535605164000001	2.697963567804911
90550000	90599999	4.276724481571462	1.5535605164000001	2.7231639651714614
90600000	90649999	4.581089698142882	1.5535605164000001	3.0275291817428815
90650000	90699999	4.065659493291239	1.5535605164000001	2.512098976891239
90700000	90749999	4.554558766849475	1.5535605164000001	3.0009982504494745
90750000	90799999	4.712014879070117	1.5535605164000001	3.158454362670117
90800000	90849999	4.601353889427533	1.5535605164000001	3.047793373027533
90850000	90899999	4.123440869221861	1.5535605164000001	2.569880352821861
90900000	90949999	3.979569305222678	1.5535605164000001	2.426008788822678
90950000	90999999	4.500630313041852	1.5535605164000001	2.947069796641852
91000000	91049999	4.416819564654418	1.5535605164000001	2.8632590482544176
91050000	91099999	4.526897194096197	1.5535605164000001	2.9733366776961967
91100000	91149999	4.23867448116914	1.5535605164000001	2.6851139647691395
91150000	91199999	4.582945929925149	1.5535605164000001	3.029385413525149
91200000	91249999	5.58008314395286	1.5535605164000001	4.02652262755286
91250000	91299999	3.947440964981304	1.5535605164000001	2.393880448581304
91300000	91349999	3.89109146305487	1.5535605164000001	2.3375309466548697
91350000	91399999	4.283954793496454	1.5535605164000001	2.7303942770964538
91400000	91449999	4.608245259922758	1.5535605164000001	3.054684743522758
91450000	91499999	3.767257816995845	1.5535605164000001	2.213697300595845
91500000	91549999	3.8321161588656696	1.5535605164000001	2.2785556424656694
91550000	91599999	4.401278582167575	1.5535605164000001	2.847718065767575
91600000	91649999	4.470663946563177	1.5535605164000001	2.917103430163177
91650000	91699999	4.498056198524661	1.5535605164000001	2.9444956821246606
91700000	91749999	4.357659648734821	1.5535605164000001	2.804099132334821
91750000	91799999	4.7971423666950725	1.5535605164000001	3.2435818502950724
91800000	91849999	4.734812616658044	1.5535605164000001	3.1812521002580443
91850000	91899999	5.350911245851018	1.5535605164000001	3.7973507294510176
91900000	91949999	5.634629786778016	1.5535605164000001	4.081069270378016
91950000	91999999	5.300151080129326	1.5535605164000001	3.7465905637293258
92000000	92049999	5.640175497084674	1.5535605164000001	4.086614980684674
92050000	92099999	3.6151408985502296	1.5535605164000001	2.0615803821502294
92100000	92149999	5.2949560002305	1.5535605164000001	3.7413954838305
92150000	92199999	5.354987107362256	1.5535605164000001	3.801426590962256
92200000	92249999	5.383624327485699	1.5535605164000001	3.830063811085699
92250000	92299999	4.569460520340357	1.5535605164000001	3.0159000039403567
92300000	92349999	5.846055980237481	1.5535605164000001	4.292495463837481
92350000	92399999	5.196969798460773	1.5535605164000001	3.643409282060773
92400000	92449999	4.710302280094473	1.5535605164000001	3.1567417636944732
92450000	92499999	1.8099693855	1.5535605164000001	0.25640886909999994
92500000	92549999	0.12033420433305686	1.5535605164000001	-1.4332263120669433
92550000	92599999	1.2115214118486954	1.5535605164000001	-0.3420391045513047
92600000	92649999	1.158238232278238	1.5535605164000001	-0.39532228412176207
92650000	92699999	1.2805654310517518	1.5535605164000001	-0.27299508534824835
92700000	92749999	1.1355418662862142	1.5535605164000001	-0.4180186501137859
92750000	92799999	0.885913843328737	1.5535605164000001	-0.6676466730712631
92800000	92849999	0.7548836433880404	1.5535605164000001	-0.7986768730119598
92850000	92899999	0.9940618692943071	1.5535605164000001	-0.5594986471056931
92900000	92949999	0.3197719204	1.5535605164000001	-1.2337885960000001
92950000	92999999	4.824669480881018	1.5535605164000001	3.2711089644810176
93000000	93049999	5.374235410379048	1.5535605164000001	3.8206748939790476
93050000	93099999	5.30944136686066	1.5535605164000001	3.7558808504606596
93100000	93149999	4.158639312114548	1.5535605164000001	2.6050787957145483
93150000	93199999	4.814335810760695	1.5535605164000001	3.2607752943606947
93200000	93249999	4.79869342385448	1.5535605164000001	3.2451329074544795
93250000	93299999	4.179793901144277	1.5535605164000001	2.6262333847442765
93300000	93349999	2.7684706894	1.5535605164000001	1.2149101729999998
93350000	93399999	0.10077592160000015	1.5535605164000001	-1.4527845948
93400000	93449999	1.2753678201361636	1.5535605164000001	-0.2781926962638366
93450000	93499999	1.0971136894443232	1.5535605164000001	-0.45644682695567695
93500000	93549999	1.196824797272876	1.5535605164000001	-0.3567357191271241
93550000	93599999	1.0376680289436209	1.5535605164000001	-0.5158924874563793
93600000	93649999	1.0442590236476033	1.5535605164000001	-0.5093014927523969
93650000	93699999	1.1235966584586716	1.5535605164000001	-0.4299638579413285
93700000	93749999	0.8129758373687395	1.5535605164000001	-0.7405846790312607
93750000	93799999	1.0226144681366685	1.5535605164000001	-0.5309460482633317
93800000	93849999	0.0	1.5535605164000001	-1.5535605164000001
93850000	93899999	4.3188331397	1.5535605164000001	2.7652726232999996
93900000	93949999	6.3475454480182805	1.5535605164000001	4.79398493161828
93950000	93999999	6.021725691435694	1.5535605164000001	4.468165175035693
94000000	94049999	2.3548212416	1.5535605164000001	0.8012607251999997
94050000	94099999	0.05964052370000017	1.5535605164000001	-1.4939199927
94100000	94149999	0.8388285848582903	1.5535605164000001	-0.7147319315417099
94150000	94199999	1.0751629142023122	1.5535605164000001	-0.4783976021976879
94200000	94249999	1.10412055215343	1.5535605164000001	-0.44943996424657007
94250000	94299999	0.9613136053883913	1.5535605164000001	-0.5922469110116089
94300000	94349999	1.1035425710560927	1.5535605164000001	-0.4500179453439075
94350000	94399999	1.2371042180325778	1.5535605164000001	-0.3164562983674224
94400000	94449999	1.0015924108789833	1.5535605164000001	-0.5519681055210168
94450000	94499999	1.2049827175027925	1.5535605164000001	-0.34857779889720764
94500000	94549999	1.0783685098151377	1.5535605164000001	-0.4751920065848625
94550000	94599999	0.7756438975527284	1.5535605164000001	-0.7779166188472717
94600000	94649999	1.1483442865160742	1.5535605164000001	-0.4052162298839259
94650000	94699999	1.2333921909085432	1.5535605164000001	-0.3201683254914569
94700000	94749999	1.1778184844965205	1.5535605164000001	-0.37574203190347966
94750000	94799999	1.237293481674068	1.5535605164000001	-0.3162670347259322
94800000	94849999	1.0586747349344483	1.5535605164000001	-0.49488578146555184
94850000	94899999	1.1378317631634352	1.5535605164000001	-0.415728753236565
94900000	94949999	0.9263731835583681	1.5535605164000001	-0.6271873328416321
94950000	94999999	0.8028974144244142	1.5535605164000001	-0.750663101975586
95000000	95049999	0.6948936732191041	1.5535605164000001	-0.858666843180896
95050000	95099999	1.0180555054361422	1.5535605164000001	-0.5355050109638579
95100000	95149999	1.4826994000088105	1.5535605164000001	-0.07086111639118964
95150000	95199999	1.5245771566893036	1.5535605164000001	-0.028983359710696543
95200000	95249999	1.564013043743547	1.5535605164000001	0.010452527343546958
95250000	95299999	1.344473069842357	1.5535605164000001	-0.2090874465576431
95300000	95349999	1.540178588559848	1.5535605164000001	-0.01338192784015213
95350000	95399999	1.1587228632352449	1.5535605164000001	-0.3948376531647553
95400000	95449999	1.5159083483994318	1.5535605164000001	-0.037652168000568365
95450000	95499999	1.5443752302705354	1.5535605164000001	-0.009185286129464787
95500000	95549999	1.3565674741685763	1.5535605164000001	-0.1969930422314239
95550000	95599999	1.6182312786175586	1.5535605164000001	0.06467076221755841
95600000	95649999	1.1983738420100283	1.5535605164000001	-0.35518667438997187
95650000	95699999	1.0957217146948397	1.5535605164000001	-0.45783880170516045
95700000	95749999	1.4150148678252503	1.5535605164000001	-0.13854564857474982
95750000	95799999	1.488219158454886	1.5535605164000001	-0.06534135794511409
95800000	95849999	0.7332818549146364	1.5535605164000001	-0.8202786614853638
95850000	95899999	1.9156678300487673	1.5535605164000001	0.36210731364876714
95900000	95949999	2.3185131614294923	1.5535605164000001	0.7649526450294921
95950000	95999999	2.2627088326171325	1.5535605164000001	0.7091483162171324
96000000	96049999	1.274594003978116	1.5535605164000001	-0.2789665124218841
96050000	96099999	1.3549689790451462	1.5535605164000001	-0.1985915373548539
96100000	96149999	0.8828485325837525	1.5535605164000001	-0.6707119838162476
96150000	96199999	1.0638388692693148	1.5535605164000001	-0.48972164713068533
96200000	96249999	1.4545369074587617	1.5535605164000001	-0.0990236089412384
96250000	96299999	1.0690101884703562	1.5535605164000001	-0.4845503279296439
96300000	96349999	1.311141616670105	1.5535605164000001	-0.24241889972989505
96350000	96399999	1.877862816494336	1.5535605164000001	0.3243023000943359
96400000	96449999	1.8001229859882693	1.5535605164000001	0.2465624695882691
96450000	96499999	1.2691191043416445	1.5535605164000001	-0.2844414120583556
96500000	96549999	1.41687207222876	1.5535605164000001	-0.13668844417124015
96550000	96599999	1.8528928299772494	1.5535605164000001	0.2993323135772492
96600000	96649999	1.2425396856334627	1.5535605164000001	-0.3110208307665374
96650000	96699999	1.4107582309782682	1.5535605164000001	-0.1428022854217319
96700000	96749999	1.1371297570336905	1.5535605164000001	-0.4164307593663097
96750000	96799999	1.217127791820995	1.5535605164000001	-0.3364327245790051
96800000	96849999	1.3118829816133608	1.5535605164000001	-0.24167753478663934
96850000	96899999	1.1946129650240902	1.5535605164000001	-0.35894755137590995
96900000	96949999	0.9755149077666445	1.5535605164000001	-0.5780456086333556
96950000	96999999	1.2733908198944763	1.5535605164000001	-0.2801696965055238
97000000	97049999	1.3768100675809969	1.5535605164000001	-0.17675044881900326
97050000	97099999	1.2600543038328462	1.5535605164000001	-0.2935062125671539
97100000	97149999	1.4869182096675966	1.5535605164000001	-0.06664230673240357
97150000	97199999	1.335964771094707	1.5535605164000001	-0.21759574530529324
97200000	97249999	1.3702308164293688	1.5535605164000001	-0.1833296999706313
97250000	97299999	1.375780091383072	1.5535605164000001	-0.17778042501692815
97300000	97349999	1.2438317808184998	1.5535605164000001	-0.3097287355815004
97350000	97399999	1.4111642899888293	1.5535605164000001	-0.1423962264111709
97400000	97449999	1.256795789409111	1.5535605164000001	-0.29676472699088907
97450000	97499999	1.0598602723625574	1.5535605164000001	-0.4937002440374427
97500000	97549999	1.2121274492704577	1.5535605164000001	-0.34143306712954247
97550000	97599999	0.9819058001365235	1.5535605164000001	-0.5716547162634766
97600000	97649999	0.580363170781891	1.5535605164000001	-0.9731973456181091
97650000	97699999	0.3092074979057924	1.5535605164000001	-1.2443530184942078
97700000	97749999	1.0090488304879732	1.5535605164000001	-0.5445116859120269
97750000	97799999	1.1794552140314196	1.5535605164000001	-0.37410530236858053
97800000	97849999	2.4283055950000003	1.5535605164000001	0.8747450786000002
97850000	97899999	2.0352867009127014	1.5535605164000001	0.4817261845127012
97900000	97949999	2.199427597439441	1.5535605164000001	0.6458670810394409
97950000	97999999	1.342582172199657	1.5535605164000001	-0.21097834420034323
98000000	98049999	1.1858320268716127	1.5535605164000001	-0.36772848952838744
98050000	98099999	1.6314357687025673	1.5535605164000001	0.0778752523025672
98100000	98149999	1.9002110029817019	1.5535605164000001	0.3466504865817017
98150000	98199999	1.353536631161787	1.5535605164000001	-0.20002388523821324
98200000	98249999	0.9783921899349275	1.5535605164000001	-0.5751683264650727
98250000	98299999	1.243540845390343	1.5535605164000001	-0.3100196710096572
98300000	98349999	1.3262153807998414	1.5535605164000001	-0.2273451356001588
98350000	98399999	1.4722310499238893	1.5535605164000001	-0.08132946647611083
98400000	98449999	1.2052960843637774	1.5535605164000001	-0.3482644320362227
98450000	98499999	0.7070824442843324	1.5535605164000001	-0.8464780721156677
98500000	98549999	1.1511217045580715	1.5535605164000001	-0.40243881184192865
98550000	98599999	1.4814648224018099	1.5535605164000001	-0.07209569399819027
98600000	98649999	1.3237182441395998	1.5535605164000001	-0.22984227226040033
98650000	98699999	0.928753767391681	1.5535605164000001	-0.6248067490083191
98700000	98749999	1.3483409557331605	1.5535605164000001	-0.20521956066683966
98750000	98799999	1.443082053756122	1.5535605164000001	-0.11047846264387817
98800000	98849999	1.5903278037615571	1.5535605164000001	0.03676728736155699
98850000	98899999	1.5225484454296907	1.5535605164000001	-0.031012070970309447
98900000	98949999	1.5192244746263002	1.5535605164000001	-0.03433604177369998
98950000	98999999	1.4019770174967072	1.5535605164000001	-0.15158349890329292
99000000	99049999	1.3842212340389788	1.5535605164000001	-0.16933928236102136
99050000	99099999	0.728485328248285	1.5535605164000001	-0.8250751881517151
99100000	99149999	1.048614653332207	1.5535605164000001	-0.5049458630677932
99150000	99199999	2.2262705939000003	1.5535605164000001	0.6727100775000001
99200000	99249999	1.7579436784088074	1.5535605164000001	0.20438316200880724
99250000	99299999	1.388570423487101	1.5535605164000001	-0.16499009291289912
99300000	99349999	0.9826444691887362	1.5535605164000001	-0.570916047211264
99350000	99399999	1.4155341193381228	1.5535605164000001	-0.13802639706187736
99400000	99449999	1.5502366613628298	1.5535605164000001	-0.0033238550371703646
99450000	99499999	1.2598357449776567	1.5535605164000001	-0.29372477142234343
99500000	99549999	1.0434698857163316	1.5535605164000001	-0.5100906306836686
99550000	99599999	1.907667805646631	1.5535605164000001	0.3541072892466308
99600000	99649999	2.0616395569515014	1.5535605164000001	0.5080790405515012
99650000	99699999	1.9422593396866488	1.5535605164000001	0.3886988232866486
99700000	99749999	1.7332583998220552	1.5535605164000001	0.17969788342205506
99750000	99799999	1.8461437041852053	1.5535605164000001	0.2925831877852052
99800000	99849999	1.7158484633107638	1.5535605164000001	0.16228794691076365
99850000	99899999	1.9919980526373353	1.5535605164000001	0.43843753623733517
99900000	99949999	1.4682171671381807	1.5535605164000001	-0.08534334926181941
99950000	99999999	2.5210787322000003	1.5535605164000001	0.9675182158000002
100000000	100049999	1.87798995824032	1.5535605164000001	0.32442944184031974
100050000	100099999	1.0839806462918848	1.5535605164000001	-0.4695798701081153
100100000	100149999	1.7862520060690645	1.5535605164000001	0.2326914896690644
100150000	100199999	1.9769653433736238	1.5535605164000001	0.4234048269736237
100200000	100249999	1.473137537421286	1.5535605164000001	-0.08042297897871409
100250000	100299999	0.8253152796640291	1.5535605164000001	-0.7282452367359711
100300000	100349999	1.1021359793831347	1.5535605164000001	-0.45142453701686547
100350000	100399999	1.3378242341651994	1.5535605164000001	-0.2157362822348008
100400000	100449999	1.8206357183103883	1.5535605164000001	0.26707520191038814
100450000	100499999	1.7059983937882661	1.5535605164000001	0.15243787738826597
100500000	100549999	0.985487981720276	1.5535605164000001	-0.5680725346797242
100550000	100599999	0.8264117464636294	1.5535605164000001	-0.7271487699363708
100600000	100649999	1.5102373403639682	1.5535605164000001	-0.043323176036031974
100650000	100699999	1.6065272729922975	1.5535605164000001	0.052966756592297326
100700000	100749999	1.4242613090067766	1.5535605164000001	-0.12929920739322354
100750000	100799999	1.8531831914835877	1.5535605164000001	0.29962267508358753
100800000	100849999	1.835915509278946	1.5535605164000001	0.28235499287894594
100850000	100899999	0.9353850818203553	1.5535605164000001	-0.6181754345796449
100900000	100949999	1.2501337068835527	1.5535605164000001	-0.3034268095164474
100950000	100999999	1.8207705202069704	1.5535605164000001	0.26721000380697024
101000000	101049999	2.032080470667517	1.5535605164000001	0.4785199542675169
101050000	101099999	1.7431793415868655	1.5535605164000001	0.18961882518686535
101100000	101149999	1.1297004026750237	1.5535605164000001	-0.42386011372497645
101150000	101199999	0.5036020479947878	1.5535605164000001	-1.0499584684052123
101200000	101249999	0.715045761290207	1.5535605164000001	-0.8385147551097931
101250000	101299999	1.9963041673372255	1.5535605164000001	0.44274365093722534
101300000	101349999	1.2282743203344664	1.5535605164000001	-0.3252861960655338
101350000	101399999	0.9544683772622857	1.5535605164000001	-0.5990921391377144
101400000	101449999	1.2518408044293978	1.5535605164000001	-0.3017197119706023
101450000	101499999	1.2513218679393754	1.5535605164000001	-0.30223864846062476
101500000	101549999	1.3632828819449587	1.5535605164000001	-0.19027763445504142
101550000	101599999	1.1902815406605174	1.5535605164000001	-0.36327897573948276
101600000	101649999	1.1151991668377024	1.5535605164000001	-0.4383613495622978
101650000	101699999	1.044965848660602	1.5535605164000001	-0.5085946677393982
101700000	101749999	0.8661490841408175	1.5535605164000001	-0.6874114322591827
101750000	101799999	0.3747700573975159	1.5535605164000001	-1.1787904590024842
101800000	101849999	0.19691298663316048	1.5535605164000001	-1.3566475297668397
101850000	101899999	0.9225790947238192	1.5535605164000001	-0.630981421676181
101900000	101949999	0.9484332301116296	1.5535605164000001	-0.6051272862883705
101950000	101999999	1.0193246796393818	1.5535605164000001	-0.5342358367606184
102000000	102049999	1.2846418400838624	1.5535605164000001	-0.26891867631613775
102050000	102099999	1.1381404867624774	1.5535605164000001	-0.4154200296375228
102100000	102149999	1.1754898874855608	1.5535605164000001	-0.3780706289144393
102150000	102199999	1.0244797495512308	1.5535605164000001	-0.5290807668487694
102200000	102249999	0.994525173002218	1.5535605164000001	-0.5590353433977822
102250000	102299999	1.1884027158207444	1.5535605164000001	-0.36515780057925573
102300000	102349999	1.2825606917641161	1.5535605164000001	-0.270999824635884
102350000	102399999	1.0336681963893106	1.5535605164000001	-0.5198923200106895
102400000	102449999	1.3084075464862748	1.5535605164000001	-0.24515296991372537
102450000	102499999	1.1265790189951712	1.5535605164000001	-0.42698149740482894
102500000	102549999	1.049474630674968	1.5535605164000001	-0.5040858857250321
102550000	102599999	1.0033316936845984	1.5535605164000001	-0.5502288227154017
102600000	102649999	0.990411137803177	1.5535605164000001	-0.5631493785968231
102650000	102699999	1.27373731092614	1.5535605164000001	-0.2798232054738601
102700000	102749999	0.8216998640846102	1.5535605164000001	-0.73186065231539
102750000	102799999	0.9210857020472596	1.5535605164000001	-0.6324748143527406
102800000	102849999	1.152685084512044	1.5535605164000001	-0.40087543188795616
102850000	102899999	1.1324275837559614	1.5535605164000001	-0.4211329326440387
102900000	102949999	1.241355575983475	1.5535605164000001	-0.31220494041652525
102950000	102999999	1.4079691769632783	1.5535605164000001	-0.14559133943672187
103000000	103049999	1.2666315798815768	1.5535605164000001	-0.2869289365184233
103050000	103099999	1.0027287510681195	1.5535605164000001	-0.5508317653318806
103100000	103149999	1.1762448389354416	1.5535605164000001	-0.3773156774645585
103150000	103199999	0.36840415366887225	1.5535605164000001	-1.185156362731128
103200000	103249999	0.3764361836000001	1.5535605164000001	-1.1771243328
103250000	103299999	1.8715011940129944	1.5535605164000001	0.31794067761299427
103300000	103349999	1.9141282523118746	1.5535605164000001	0.3605677359118744
103350000	103399999	1.9160640822185182	1.5535605164000001	0.36250356581851806
103400000	103449999	1.7632636266644868	1.5535605164000001	0.20970311026448663
103450000	103499999	0.9291834081666352	1.5535605164000001	-0.6243771082333649
103500000	103549999	0.3887689980000002	1.5535605164000001	-1.1647915184
103550000	103599999	0.35416408130639665	1.5535605164000001	-1.1993964350936035
103600000	103649999	0.6981922597034333	1.5535605164000001	-0.8553682566965668
103650000	103699999	0.9240804250625215	1.5535605164000001	-0.6294800913374786
103700000	103749999	0.6262464788558931	1.5535605164000001	-0.927314037544107
103750000	103799999	0.9500514122579399	1.5535605164000001	-0.6035091041420603
103800000	103849999	0.919244706807789	1.5535605164000001	-0.6343158095922111
103850000	103899999	0.7514676337817476	1.5535605164000001	-0.8020928826182525
103900000	103949999	1.060272740256484	1.5535605164000001	-0.49328777614351615
103950000	103999999	0.9939012205845125	1.5535605164000001	-0.5596592958154877
104000000	104049999	0.9720326688198727	1.5535605164000001	-0.5815278475801274
104050000	104099999	0.7995944880940202	1.5535605164000001	-0.7539660283059799
104100000	104149999	1.071176415578344	1.5535605164000001	-0.48238410082165606
104150000	104199999	0.9990362176972909	1.5535605164000001	-0.5545242987027093
104200000	104249999	1.0040917428070024	1.5535605164000001	-0.5494687735929977
104250000	104299999	0.7023241980366243	1.5535605164000001	-0.8512363183633759
104300000	104349999	0.9330917566930635	1.5535605164000001	-0.6204687597069366
104350000	104399999	0.8429276841804613	1.5535605164000001	-0.7106328322195389
104400000	104449999	0.7511887490053529	1.5535605164000001	-0.8023717673946472
104450000	104499999	0.8093503020545335	1.5535605164000001	-0.7442102143454666
104500000	104549999	0.8274816641735017	1.5535605164000001	-0.7260788522264985
104550000	104599999	1.0120647027871088	1.5535605164000001	-0.5414958136128913
104600000	104649999	0.9362023590646074	1.5535605164000001	-0.6173581573353928
104650000	104699999	0.8474861717154909	1.5535605164000001	-0.7060743446845092
104700000	104749999	0.9965498058291101	1.5535605164000001	-0.55701071057089
104750000	104799999	1.0190613578399068	1.5535605164000001	-0.5344991585600933
104800000	104849999	0.6357370131740663	1.5535605164000001	-0.9178235032259339
104850000	104899999	0.9231235000212586	1.5535605164000001	-0.6304370163787415
104900000	104949999	0.6958030894410372	1.5535605164000001	-0.857757426958963
104950000	104999999	0.8480485178989282	1.5535605164000001	-0.7055119985010719
105000000	105049999	0.8483333736359895	1.5535605164000001	-0.7052271427640107
105050000	105099999	0.6004255984218507	1.5535605164000001	-0.9531349179781494
105100000	105149999	0.7710374624782717	1.5535605164000001	-0.7825230539217285
105150000	105199999	0.9744963582695467	1.5535605164000001	-0.5790641581304534
105200000	105249999	0.8177533339198244	1.5535605164000001	-0.7358071824801757
105250000	105299999	0.808205691621567	1.5535605164000001	-0.7453548247784332
105300000	105349999	0.9817928232314714	1.5535605164000001	-0.5717676931685287
105350000	105399999	0.8731794536452211	1.5535605164000001	-0.680381062754779
105400000	105449999	0.691292409783246	1.5535605164000001	-0.8622681066167541
105450000	105499999	1.097913792909197	1.5535605164000001	-0.45564672349080304
105500000	105549999	0.8971287641059328	1.5535605164000001	-0.6564317522940674
105550000	105599999	0.9288601739117616	1.5535605164000001	-0.6247003424882386
105600000	105649999	0.8667856371712663	1.5535605164000001	-0.6867748792287338
105650000	105699999	1.0709459879919354	1.5535605164000001	-0.48261452840806474
105700000	105749999	1.0265792207483797	1.5535605164000001	-0.5269812956516204
105750000	105799999	0.8896515330611162	1.5535605164000001	-0.6639089833388839
105800000	105849999	0.9617792547193555	1.5535605164000001	-0.5917812616806446
105850000	105899999	0.693629027249814	1.5535605164000001	-0.8599314891501861
105900000	105949999	0.780925132024968	1.5535605164000001	-0.7726353843750321
105950000	105999999	0.8778269789021913	1.5535605164000001	-0.6757335374978088
106000000	106049999	0.45738536064101565	1.5535605164000001	-1.0961751557589845
106050000	106099999	0.9658108761443833	1.5535605164000001	-0.5877496402556168
106100000	106149999	0.9384237232375245	1.5535605164000001	-0.6151367931624756
106150000	106199999	0.9731683270809144	1.5535605164000001	-0.5803921893190858
106200000	106249999	0.8143212889311433	1.5535605164000001	-0.7392392274688568
106250000	106299999	0.9359039941799516	1.5535605164000001	-0.6176565222200485
106300000	106349999	0.9348934058614702	1.5535605164000001	-0.61866711053853
106350000	106399999	0.987399022815261	1.5535605164000001	-0.5661614935847391
106400000	106449999	0.9695670691988985	1.5535605164000001	-0.5839934472011017
106450000	106499999	0.755025414975049	1.5535605164000001	-0.7985351014249511
106500000	106549999	0.8479438838357805	1.5535605164000001	-0.7056166325642197
106550000	106599999	0.8927533131131394	1.5535605164000001	-0.6608072032868607
106600000	106649999	0.7822428603606996	1.5535605164000001	-0.7713176560393006
106650000	106699999	0.5912710283961946	1.5535605164000001	-0.9622894880038055
106700000	106749999	0.8744998426162248	1.5535605164000001	-0.6790606737837753
106750000	106799999	1.0365790537333799	1.5535605164000001	-0.5169814626666203
106800000	106849999	0.7018413844019472	1.5535605164000001	-0.8517191319980529
106850000	106899999	0.9282564164888517	1.5535605164000001	-0.6253040999111484
106900000	106949999	0.9108976982907869	1.5535605164000001	-0.6426628181092132
106950000	106999999	0.9404347169534577	1.5535605164000001	-0.6131257994465424
107000000	107049999	0.8363648776405611	1.5535605164000001	-0.717195638759439
107050000	107099999	1.0778573021540778	1.5535605164000001	-0.4757032142459223
107100000	107149999	1.3202386887022461	1.5535605164000001	-0.233321827697754
107150000	107199999	0.7350418521165987	1.5535605164000001	-0.8185186642834015
107200000	107249999	0.9789112755268373	1.5535605164000001	-0.5746492408731628
107250000	107299999	0.7061637519644686	1.5535605164000001	-0.8473967644355316
107300000	107349999	0.8339490303356843	1.5535605164000001	-0.7196114860643158
107350000	107399999	0.8762569822248354	1.5535605164000001	-0.6773035341751648
107400000	107449999	0.8023575347552454	1.5535605164000001	-0.7512029816447547
107450000	107499999	0.9698961124209138	1.5535605164000001	-0.5836644039790864
107500000	107549999	0.858638905777321	1.5535605164000001	-0.6949216106226791
107550000	107599999	0.4818409832891879	1.5535605164000001	-1.0717195331108123
107600000	107649999	0.6928259773585176	1.5535605164000001	-0.8607345390414826
107650000	107699999	0.9894419675076566	1.5535605164000001	-0.5641185488923436
107700000	107749999	1.013510455380719	1.5535605164000001	-0.5400500610192811
107750000	107799999	0.6879502575437441	1.5535605164000001	-0.8656102588562561
107800000	107849999	0.3376139015304629	1.5535605164000001	-1.2159466148695373
107850000	107899999	0.5973880324865571	1.5535605164000001	-0.956172483913443
107900000	107949999	0.7776425246829836	1.5535605164000001	-0.7759179917170166
107950000	107999999	1.184423522039432	1.5535605164000001	-0.36913699436056824
108000000	108049999	1.0756311007919828	1.5535605164000001	-0.4779294156080174
108050000	108099999	1.2839411220846255	1.5535605164000001	-0.2696193943153746
108100000	108149999	1.282455183729239	1.5535605164000001	-0.2711053326707611
108150000	108199999	1.232685874427701	1.5535605164000001	-0.3208746419722992
108200000	108249999	1.2580593790506622	1.5535605164000001	-0.2955011373493379
108250000	108299999	1.141032876022455	1.5535605164000001	-0.4125276403775451
108300000	108349999	0.9945149685211905	1.5535605164000001	-0.5590455478788097
108350000	108399999	0.8002541646539384	1.5535605164000001	-0.7533063517460618
108400000	108449999	1.1771420641977495	1.5535605164000001	-0.3764184522022507
108450000	108499999	0.12767765580000012	1.5535605164000001	-1.4258828606
108500000	108549999	3.9500313084000007	1.5535605164000001	2.3964707920000006
108550000	108599999	6.434693397163355	1.5535605164000001	4.881132880763355
108600000	108649999	8.74584037891443	1.5535605164000001	7.19227986251443
108650000	108699999	1.7219792127	1.5535605164000001	0.16841869629999984
108700000	108749999	0.31802640099040547	1.5535605164000001	-1.2355341154095947
108750000	108799999	0.7309747247027467	1.5535605164000001	-0.8225857916972534
108800000	108849999	0.5288949088366091	1.5535605164000001	-1.024665607563391
108850000	108899999	1.198204446884865	1.5535605164000001	-0.3553560695151352
108900000	108949999	1.3808190731746013	1.5535605164000001	-0.17274144322539886
108950000	108999999	1.0311315060003632	1.5535605164000001	-0.522429010399637
109000000	109049999	1.4170108635368501	1.5535605164000001	-0.13654965286315002
109050000	109099999	1.4563492036769654	1.5535605164000001	-0.09721131272303474
109100000	109149999	1.301822046748961	1.5535605164000001	-0.2517384696510392
109150000	109199999	1.3493367700906558	1.5535605164000001	-0.20422374630934437
109200000	109249999	1.44512659928434	1.5535605164000001	-0.10843391711566008
109250000	109299999	1.6053048874895448	1.5535605164000001	0.05174437108954466
109300000	109349999	1.7264358009885987	1.5535605164000001	0.17287528458859858
109350000	109399999	1.9180118215608033	1.5535605164000001	0.36445130516080315
109400000	109449999	1.635007049143912	1.5535605164000001	0.08144653274391178
109450000	109499999	1.7130684183793612	1.5535605164000001	0.15950790197936104
109500000	109549999	0.8335868231251711	1.5535605164000001	-0.7199736932748291
109550000	109599999	0.23469889090000007	1.5535605164000001	-1.3188616255
109600000	109649999	1.0368766326102021	1.5535605164000001	-0.516683883789798
109650000	109699999	1.3853048433467028	1.5535605164000001	-0.16825567305329736
109700000	109749999	1.4035900621150377	1.5535605164000001	-0.14997045428496247
109750000	109799999	1.0986748521616552	1.5535605164000001	-0.454885664238345
109800000	109849999	1.000140059883452	1.5535605164000001	-0.5534204565165481
109850000	109899999	1.1326163296589629	1.5535605164000001	-0.4209441867410373
109900000	109949999	1.0760870179042499	1.5535605164000001	-0.47747349849575027
109950000	109999999	1.0328786041563198	1.5535605164000001	-0.5206819122436803
110000000	110049999	0.9324120986514112	1.5535605164000001	-0.621148417748589
110050000	110099999	0.9547623112695292	1.5535605164000001	-0.598798205130471
110100000	110149999	1.2302062760485928	1.5535605164000001	-0.32335424035140736
110150000	110199999	1.0437219777380995	1.5535605164000001	-0.5098385386619007
110200000	110249999	1.2802056226354288	1.5535605164000001	-0.27335489376457134
110250000	110299999	0.7893751296500551	1.5535605164000001	-0.7641853867499451
110300000	110349999	1.3383521648398957	1.5535605164000001	-0.21520835156010443
110350000	110399999	2.2345010854515137	1.5535605164000001	0.6809405690515136
110400000	110449999	1.260680553223093	1.5535605164000001	-0.29287996317690723
110450000	110499999	1.1169812705979132	1.5535605164000001	-0.43657924580208696
110500000	110549999	1.4156282416171464	1.5535605164000001	-0.13793227478285375
110550000	110599999	1.4623814118009142	1.5535605164000001	-0.09117910459908596
110600000	110649999	1.1638458746494043	1.5535605164000001	-0.3897146417505959
110650000	110699999	1.2729547691656573	1.5535605164000001	-0.28060574723434284
110700000	110749999	1.3164029687823717	1.5535605164000001	-0.23715754761762842
110750000	110799999	0.7200340579634126	1.5535605164000001	-0.8335264584365876
110800000	110849999	0.7683481586816499	1.5535605164000001	-0.7852123577183503
110850000	110899999	1.0761760756632517	1.5535605164000001	-0.47738444073674846
110900000	110949999	1.5559049804170504	1.5535605164000001	0.0023444640170502407
110950000	110999999	1.7329017787458985	1.5535605164000001	0.1793412623458983
111000000	111049999	1.4275388932218265	1.5535605164000001	-0.12602162317817367
111050000	111099999	0.36629717478106105	1.5535605164000001	-1.187263341618939
111100000	111149999	1.1578103138050575	1.5535605164000001	-0.39575020259494265
111150000	111199999	2.3194753542	1.5535605164000001	0.7659148378
111200000	111249999	1.633737898678592	1.5535605164000001	0.08017738227859184
111250000	111299999	1.619361001523218	1.5535605164000001	0.0658004851232179
111300000	111349999	1.6294465167576968	1.5535605164000001	0.07588600035769666
111350000	111399999	1.5179536324686402	1.5535605164000001	-0.03560688393135991
111400000	111449999	1.8868104910951233	1.5535605164000001	0.3332499746951232
111450000	111499999	1.154934020294271	1.5535605164000001	-0.3986264961057291
111500000	111549999	1.7266969415157838	1.5535605164000001	0.17313642511578364
111550000	111599999	1.2400579183352722	1.5535605164000001	-0.3135025980647279
111600000	111649999	2.3134775369000002	1.5535605164000001	0.7599170205000001
111650000	111699999	1.7506945629047608	1.5535605164000001	0.19713404650476063
111700000	111749999	0.892667258842772	1.5535605164000001	-0.6608932575572282
111750000	111799999	1.5972509219646547	1.5535605164000001	0.04369040556465453
111800000	111849999	1.8026748203676088	1.5535605164000001	0.2491143039676087
111850000	111899999	1.377989662226758	1.5535605164000001	-0.17557085417324214
111900000	111949999	1.2396569820288361	1.5535605164000001	-0.31390353437116403
111950000	111999999	1.3661532568100037	1.5535605164000001	-0.1874072595899965
112000000	112049999	1.5956636132848268	1.5535605164000001	0.04210309688482661
112050000	112099999	1.1626199926527467	1.5535605164000001	-0.3909405237472534
112100000	112149999	0.8270529534585832	1.5535605164000001	-0.7265075629414169
112150000	112199999	1.1380872999197589	1.5535605164000001	-0.41547321648024127
112200000	112249999	1.439198308027942	1.5535605164000001	-0.11436220837205813
112250000	112299999	1.3444764188328462	1.5535605164000001	-0.20908409756715396
112300000	112349999	0.8206038065065492	1.5535605164000001	-0.732956709893451
112350000	112399999	0.888337358520112	1.5535605164000001	-0.6652231578798882
112400000	112449999	1.458597450120112	1.5535605164000001	-0.09496306627988815
112450000	112499999	1.458597450120112	1.5535605164000001	-0.09496306627988815
112500000	112549999	0.916619394720112	1.5535605164000001	-0.6369411216798881
112550000	112599999	1.270519204661136	1.5535605164000001	-0.28304131173886415
112600000	112649999	1.2332925739868226	1.5535605164000001	-0.3202679424131776
112650000	112699999	1.1238983403621614	1.5535605164000001	-0.42966217603783874
112700000	112749999	1.0766641648989594	1.5535605164000001	-0.4768963515010407
112750000	112799999	1.3399675371802005	1.5535605164000001	-0.2135929792197997
112800000	112849999	1.2153683177599457	1.5535605164000001	-0.33819219864005445
112850000	112899999	1.2443581616916415	1.5535605164000001	-0.30920235470835866
112900000	112949999	1.1928727728384279	1.5535605164000001	-0.3606877435615723
112950000	112999999	1.15631815709169	1.5535605164000001	-0.3972423593083101
113000000	113049999	1.3920546083023317	1.5535605164000001	-0.1615059080976684
113050000	113099999	1.0694165185785518	1.5535605164000001	-0.48414399782144835
113100000	113149999	0.5133482917489443	1.5535605164000001	-1.040212224651056
113150000	113199999	1.7284303953099855	1.5535605164000001	0.1748698789099854
113200000	113249999	1.631643595525751	1.5535605164000001	0.07808307912575074
113250000	113299999	1.1776612892591238	1.5535605164000001	-0.3758992271408763
113300000	113349999	1.728916143834131	1.5535605164000001	0.1753556274341308
113350000	113399999	2.0992743667315064	1.5535605164000001	0.5457138503315062
113400000	113449999	1.7685464106756899	1.5535605164000001	0.2149858942756897
113450000	113499999	1.5833167848104006	1.5535605164000001	0.029756268410400466
113500000	113549999	0.8542639840707125	1.5535605164000001	-0.6992965323292877
113550000	113599999	0.8955746393202912	1.5535605164000001	-0.6579858770797089
113600000	113649999	1.8288574975033387	1.5535605164000001	0.27529698110333856
113650000	113699999	1.6319427934769961	1.5535605164000001	0.07838227707699597
113700000	113749999	1.5540328766938722	1.5535605164000001	0.0004723602938720983
113750000	113799999	1.590440107222113	1.5535605164000001	0.036879590822112895
113800000	113849999	1.552053794640198	1.5535605164000001	-0.0015067217598021543
113850000	113899999	1.8200496919875002	1.5535605164000001	0.26648917558750007
113900000	113949999	1.8312925753219118	1.5535605164000001	0.27773205892191166
113950000	113999999	2.0921748612	1.5535605164000001	0.5386143448
114000000	114049999	1.6517475642622743	1.5535605164000001	0.09818704786227417
114050000	114099999	1.3772657135300386	1.5535605164000001	-0.17629480286996158
114100000	114149999	1.3531062192085193	1.5535605164000001	-0.2004542971914809
114150000	114199999	1.9535647800375613	1.5535605164000001	0.40000426363756114
114200000	114249999	1.4929182087005342	1.5535605164000001	-0.06064230769946599
114250000	114299999	1.2523219613445438	1.5535605164000001	-0.3012385550554564
114300000	114349999	1.150965180920112	1.5535605164000001	-0.40259533547988813
114350000	114399999	2.5535605164	1.5535605164000001	1.0
114400000	114449999	1.2994325639201119	1.5535605164000001	-0.2541279524798883
114450000	114499999	1.8593136588616885	1.5535605164000001	0.3057531424616884
114500000	114549999	1.9151874970519838	1.5535605164000001	0.3616269806519836
114550000	114599999	2.0202051553	1.5535605164000001	0.4666446389000001
114600000	114649999	1.032707629920112	1.5535605164000001	-0.5208528864798883
114650000	114699999	1.6520201848575082	1.5535605164000001	0.09845966845750809
114700000	114749999	1.184951092020112	1.5535605164000001	-0.3686094243798881
114750000	114799999	1.6537862184783143	1.5535605164000001	0.10022570207831416
114800000	114849999	1.9688228068	1.5535605164000001	0.41526229039999984
114850000	114899999	1.9381250552209597	1.5535605164000001	0.38456453882095953
114900000	114949999	1.9877409658	1.5535605164000001	0.4341804493999999
114950000	114999999	1.5192630706244232	1.5535605164000001	-0.03429744577557692
115000000	115049999	1.6106447601911287	1.5535605164000001	0.05708424379112853
115050000	115099999	2.3338733719	1.5535605164000001	0.7803128555000001
115100000	115149999	1.620809891020112	1.5535605164000001	0.06724937462011193
115150000	115199999	0.5535605164000001	1.5535605164000001	-1.0
