start	end	obs	exp	var
0	49999	1.9484871441	1.9484871441	0.0
50000	99999	1.7768499676292755	1.9484871441	-0.17163717647072452
100000	149999	2.4983445147280943	1.9484871441	0.5498573706280943
150000	199999	3.0045042565999998	1.9484871441	1.0560171124999997
200000	249999	2.172667873904175	1.9484871441	0.22418072980417492
250000	299999	2.4068296446789765	1.9484871441	0.4583425005789765
300000	349999	2.8839499342	1.9484871441	0.9354627900999999
350000	399999	2.4067824523869445	1.9484871441	0.45829530828694454
400000	449999	1.9388327266798249	1.9484871441	-0.009654417420175143
450000	499999	2.730827208922522	1.9484871441	0.782340064822522
500000	549999	2.8119283896000002	1.9484871441	0.8634412455000002
550000	599999	2.1415738698704683	1.9484871441	0.19308672577046826
600000	649999	2.1457301401765596	1.9484871441	0.1972429960765596
650000	699999	2.8002982976	1.9484871441	0.8518111534999999
700000	749999	1.6694742032825745	1.9484871441	-0.27901294081742556
750000	799999	2.5619337510423703	1.9484871441	0.6134466069423703
800000	849999	2.489002901622418	1.9484871441	0.5405157575224182
850000	899999	1.8171540919207017	1.9484871441	-0.13133305217929836
900000	949999	2.4454355045184633	1.9484871441	0.49694836041846324
950000	999999	2.4047865104853883	1.9484871441	0.45629936638538826
1000000	1049999	2.6517505429	1.9484871441	0.7032633987999999
1050000	1099999	2.6865767200999633	1.9484871441	0.7380895759999633
1100000	1149999	2.0993139309003417	1.9484871441	0.15082678680034167
1150000	1199999	2.6987410836592893	1.9484871441	0.7502539395592893
1200000	1249999	2.7303936925202574	1.9484871441	0.7819065484202574
1250000	1299999	1.818595952432824	1.9484871441	-0.1298911916671761
1300000	1349999	1.9468698287448898	1.9484871441	-0.001617315355110227
1350000	1399999	2.1423724576352203	1.9484871441	0.19388531353522032
1400000	1449999	2.3586173371890657	1.9484871441	0.41013019308906573
1450000	1499999	2.5332858382862184	1.9484871441	0.5847986941862184
1500000	1549999	2.4633031212818115	1.9484871441	0.5148159771818115
1550000	1599999	2.4282246141688173	1.9484871441	0.4797374700688173
1600000	1649999	2.3097317233362977	1.9484871441	0.3612445792362977
1650000	1699999	2.161731819559961	1.9484871441	0.21324467545996084
1700000	1749999	2.4208245670582764	1.9484871441	0.4723374229582764
1750000	1799999	2.0403862930483445	1.9484871441	0.0918991489483445
1800000	1849999	1.8418228510693422	1.9484871441	-0.10666429303065783
1850000	1899999	1.961619545424675	1.9484871441	0.01313240132467497
1900000	1949999	3.0194098948	1.9484871441	1.0709227506999999
1950000	1999999	2.495887875754935	1.9484871441	0.547400731654935
2000000	2049999	1.5319413779637452	1.9484871441	-0.4165457661362548
2050000	2099999	2.028759202693657	1.9484871441	0.08027205859365694
2100000	2149999	2.6131191913	1.9484871441	0.6646320472
2150000	2199999	2.316566845710562	1.9484871441	0.3680797016105619
2200000	2249999	2.229273764849643	1.9484871441	0.2807866207496428
2250000	2299999	2.1191764492910217	1.9484871441	0.17068930519102166
2300000	2349999	1.6521792474536134	1.9484871441	-0.29630789664638657
2350000	2399999	2.2484939712445158	1.9484871441	0.30000682714451576
2400000	2449999	3.1519886346	1.9484871441	1.2035014904999999
2450000	2499999	2.2384909369529877	1.9484871441	0.2900037928529877
2500000	2549999	2.530007727852075	1.9484871441	0.5815205837520749
2550000	2599999	1.7630176736143888	1.9484871441	-0.18546947048561124
2600000	2649999	1.2640953453820374	1.9484871441	-0.6843917987179626
2650000	2699999	1.817631798190332	1.9484871441	-0.13085534590966796
2700000	2749999	1.5583690198569777	1.9484871441	-0.3901181242430223
2750000	2799999	2.2349747708354677	1.9484871441	0.2864876267354677
2800000	2849999	2.5379804490831726	1.9484871441	0.5894933049831725
2850000	2899999	2.559373872998358	1.9484871441	0.6108867288983579
2900000	2949999	2.8828367734	1.9484871441	0.9343496293000002
2950000	2999999	2.374257048175339	1.9484871441	0.4257699040753389
3000000	3049999	1.9495490609035615	1.9484871441	0.0010619168035614912
3050000	3099999	2.3380416600792513	1.9484871441	0.3895545159792513
3100000	3149999	2.882667302576575	1.9484871441	0.934180158476575
3150000	3199999	2.8780601124900085	1.9484871441	0.9295729683900085
3200000	3249999	1.7849077048763902	1.9484871441	-0.16357943922360985
3250000	3299999	2.569179435366687	1.9484871441	0.6206922912666868
3300000	3349999	2.6732581807313904	1.9484871441	0.7247710366313904
3350000	3399999	2.7109730347833008	1.9484871441	0.7624858906833007
3400000	3449999	2.935346968532434	1.9484871441	0.9868598244324338
3450000	3499999	2.756332413345392	1.9484871441	0.8078452692453921
3500000	3549999	1.8715313113205945	1.9484871441	-0.07695583277940554
3550000	3599999	2.0042534185441916	1.9484871441	0.05576627444419158
3600000	3649999	2.534138058697644	1.9484871441	0.5856509145976441
3650000	3699999	2.461864474179941	1.9484871441	0.5133773300799409
3700000	3749999	1.8119916996231469	1.9484871441	-0.13649544447685313
3750000	3799999	2.090534191786435	1.9484871441	0.14204704768643506
3800000	3849999	2.283559659909082	1.9484871441	0.33507251580908193
3850000	3899999	3.218657673345416	1.9484871441	1.2701705292454162
3900000	3949999	2.1518197605620744	1.9484871441	0.20333261646207434
3950000	3999999	1.7352920633667572	1.9484871441	-0.21319508073324278
4000000	4049999	2.0977875657302048	1.9484871441	0.14930042163020474
4050000	4099999	2.5142727941092287	1.9484871441	0.5657856500092286
4100000	4149999	2.7427678633958497	1.9484871441	0.7942807192958496
4150000	4199999	2.4555380125999973	1.9484871441	0.5070508684999973
4200000	4249999	2.459481349663055	1.9484871441	0.5109942055630552
4250000	4299999	2.4372738450495515	1.9484871441	0.48878670094955146
4300000	4349999	2.6942858175956177	1.9484871441	0.7457986734956177
4350000	4399999	2.5445611862320314	1.9484871441	0.5960740421320314
4400000	4449999	2.056787642775891	1.9484871441	0.10830049867589109
4450000	4499999	1.6908998002818727	1.9484871441	-0.2575873438181273
4500000	4549999	1.6559125084820312	1.9484871441	-0.2925746356179688
4550000	4599999	2.477045688804785	1.9484871441	0.5285585447047851
4600000	4649999	2.82868984137959	1.9484871441	0.8802026972795898
4650000	4699999	2.112142279886525	1.9484871441	0.16365513578652502
4700000	4749999	1.8371810970767455	1.9484871441	-0.11130604702325453
4750000	4799999	1.912758238025153	1.9484871441	-0.03572890607484691
4800000	4849999	2.8503359040624936	1.9484871441	0.9018487599624936
4850000	4899999	2.1792180362608278	1.9484871441	0.23073089216082776
4900000	4949999	2.463230284896973	1.9484871441	0.5147431407969729
4950000	4999999	2.0355853044294046	1.9484871441	0.08709816032940454
5000000	5049999	1.7688617143844376	1.9484871441	-0.1796254297155624
5050000	5099999	2.4528007112112338	1.9484871441	0.5043135671112338
5100000	5149999	1.93159951275739	1.9484871441	-0.016887631342610065
5150000	5199999	2.329614203231456	1.9484871441	0.38112705913145595
5200000	5249999	2.032817215807655	1.9484871441	0.08433007170765494
5250000	5299999	1.5502958748147644	1.9484871441	-0.3981912692852356
5300000	5349999	2.268658964248952	1.9484871441	0.32017182014895207
5350000	5399999	2.0775371312218702	1.9484871441	0.1290499871218702
5400000	5449999	1.9534161650765456	1.9484871441	0.004929020976545573
5450000	5499999	1.813286153435147	1.9484871441	-0.13520099066485303
5500000	5549999	1.549065951725232	1.9484871441	-0.3994211923747679
5550000	5599999	1.7604314737436024	1.9484871441	-0.1880556703563976
5600000	5649999	1.9812835142083558	1.9484871441	0.03279637010835579
5650000	5699999	1.3557312193763673	1.9484871441	-0.5927559247236327
5700000	5749999	1.3188638960465942	1.9484871441	-0.6296232480534059
5750000	5799999	1.6205986757907707	1.9484871441	-0.32788846830922935
5800000	5849999	1.738819351277083	1.9484871441	-0.20966779282291692
5850000	5899999	1.709765180499787	1.9484871441	-0.23872196360021292
5900000	5949999	1.801949417644902	1.9484871441	-0.146537726455098
5950000	5999999	1.4924637907922562	1.9484871441	-0.4560233533077438
6000000	6049999	1.754834114703729	1.9484871441	-0.19365302939627105
6050000	6099999	1.762931266070411	1.9484871441	-0.18555587802958895
6100000	6149999	1.6831225024051941	1.9484871441	-0.2653646416948059
6150000	6199999	1.7099963649614982	1.9484871441	-0.2384907791385018
6200000	6249999	1.5430014169828599	1.9484871441	-0.40548572711714015
6250000	6299999	1.5979448873786697	1.9484871441	-0.3505422567213303
6300000	6349999	1.7573171567617554	1.9484871441	-0.19116998733824464
6350000	6399999	1.8683619018599995	1.9484871441	-0.0801252422400005
6400000	6449999	1.8583468242247285	1.9484871441	-0.09014031987527149
6450000	6499999	1.6280200249025993	1.9484871441	-0.3204671191974007
6500000	6549999	1.603379908068654	1.9484871441	-0.3451072360313461
6550000	6599999	1.6765109805573575	1.9484871441	-0.27197616354264254
6600000	6649999	1.483481376486911	1.9484871441	-0.465005767613089
6650000	6699999	1.2808193884246584	1.9484871441	-0.6676677556753416
6700000	6749999	0.8459751805	1.9484871441	-1.1025119636
6750000	6799999	1.4017815151453004	1.9484871441	-0.5467056289546997
6800000	6849999	1.7268538495702621	1.9484871441	-0.2216332945297379
6850000	6899999	1.6186556992527925	1.9484871441	-0.3298314448472075
6900000	6949999	1.625354575492877	1.9484871441	-0.3231325686071229
6950000	6999999	1.6602912547865456	1.9484871441	-0.2881958893134544
7000000	7049999	1.3484723099847655	1.9484871441	-0.6000148341152345
7050000	7099999	1.4242553693534301	1.9484871441	-0.5242317747465699
7100000	7149999	1.590106910579477	1.9484871441	-0.35838023352052306
7150000	7199999	1.8277117797033111	1.9484871441	-0.1207753643966889
7200000	7249999	1.839104007649612	1.9484871441	-0.10938313645038811
7250000	7299999	1.5727468787604675	1.9484871441	-0.37574026533953253
7300000	7349999	1.7157891793976838	1.9484871441	-0.23269796470231618
7350000	7399999	1.6811153042767226	1.9484871441	-0.2673718398232774
7400000	7449999	1.6686237723385895	1.9484871441	-0.2798633717614105
7450000	7499999	1.6179406405060686	1.9484871441	-0.33054650359393145
7500000	7549999	1.587234824430803	1.9484871441	-0.361252319669197
7550000	7599999	1.6642622760511214	1.9484871441	-0.2842248680488786
7600000	7649999	1.6225783757306487	1.9484871441	-0.32590876836935134
7650000	7699999	1.7181775058282622	1.9484871441	-0.23030963827173778
7700000	7749999	1.8858547694463426	1.9484871441	-0.06263237465365745
7750000	7799999	1.7765502641816162	1.9484871441	-0.1719368799183838
7800000	7849999	1.6778581013725555	1.9484871441	-0.2706290427274445
7850000	7899999	1.5238799751774323	1.9484871441	-0.42460716892256767
7900000	7949999	1.865213691228366	1.9484871441	-0.0832734528716339
7950000	7999999	1.7976446475493408	1.9484871441	-0.15084249655065918
8000000	8049999	1.6945847327384795	1.9484871441	-0.2539024113615205
8050000	8099999	2.1300413122420254	1.9484871441	0.1815541681420254
8100000	8149999	2.364683981856566	1.9484871441	0.41619683775656613
8150000	8199999	2.2841456702229186	1.9484871441	0.3356585261229186
8200000	8249999	1.3646653841186462	1.9484871441	-0.5838217599813538
8250000	8299999	1.3258280766838868	1.9484871441	-0.6226590674161132
8300000	8349999	1.7245969600182405	1.9484871441	-0.22389018408175954
8350000	8399999	1.6457483981874312	1.9484871441	-0.3027387459125688
8400000	8449999	1.6624740281077117	1.9484871441	-0.2860131159922883
8450000	8499999	1.715680803011844	1.9484871441	-0.232806341088156
8500000	8549999	1.6215901565961122	1.9484871441	-0.32689698750388785
8550000	8599999	0.9607486557	1.9484871441	-0.9877384884
8600000	8649999	2.5171012376524535	1.9484871441	0.5686140935524535
8650000	8699999	3.8455113063830018	1.9484871441	1.8970241622830017
8700000	8749999	2.0012695263341125	1.9484871441	0.05278238223411247
8750000	8799999	1.9210289729584389	1.9484871441	-0.027458171141561127
8800000	8849999	2.495245439380359	1.9484871441	0.5467582952803589
8850000	8899999	1.7330604738795654	1.9484871441	-0.2154266702204346
8900000	8949999	2.268087052678891	1.9484871441	0.319599908578891
8950000	8999999	1.7339946646262665	1.9484871441	-0.2144924794737335
9000000	9049999	2.2815032486722657	1.9484871441	0.3330161045722657
9050000	9099999	2.8441756890049437	1.9484871441	0.8956885449049437
9100000	9149999	2.3863290126471393	1.9484871441	0.43784186854713925
9150000	9199999	2.4268550266599886	1.9484871441	0.47836788255998863
9200000	9249999	0.9795796940000001	1.9484871441	-0.9689074500999999
9250000	9299999	1.6090155114298188	1.9484871441	-0.3394716326701812
9300000	9349999	1.7908550432903825	1.9484871441	-0.15763210080961754
9350000	9399999	1.514246852247748	1.9484871441	-0.4342402918522521
9400000	9449999	1.7511704926705085	1.9484871441	-0.1973166514294915
9450000	9499999	1.8624288353226621	1.9484871441	-0.08605830877733789
9500000	9549999	1.7146956482728195	1.9484871441	-0.2337914958271805
9550000	9599999	1.6961361532833892	1.9484871441	-0.25235099081661083
9600000	9649999	1.722589657991072	1.9484871441	-0.22589748610892801
9650000	9699999	2.3467209899222166	1.9484871441	0.39823384582221655
9700000	9749999	2.063709874171	1.9484871441	0.11522273007099981
9750000	9799999	1.6132350988186508	1.9484871441	-0.3352520452813492
9800000	9849999	1.8265907363656853	1.9484871441	-0.12189640773431476
9850000	9899999	1.8217668879143616	1.9484871441	-0.12672025618563842
9900000	9949999	1.7295629168326951	1.9484871441	-0.21892422726730487
9950000	9999999	1.8043403170564072	1.9484871441	-0.14414682704359283
10000000	10049999	1.8159934688042894	1.9484871441	-0.13249367529571066
10050000	10099999	1.8149165491107588	1.9484871441	-0.13357059498924118
10100000	10149999	1.7447519882490434	1.9484871441	-0.20373515585095658
10150000	10199999	2.0455164923828475	1.9484871441	0.09702934828284748
10200000	10249999	1.7890071496684676	1.9484871441	-0.15947999443153238
10250000	10299999	1.3081096353627868	1.9484871441	-0.6403775087372132
10300000	10349999	1.1718912159312256	1.9484871441	-0.7765959281687744
10350000	10399999	1.6745507641627106	1.9484871441	-0.27393637993728936
10400000	10449999	2.507401051017511	1.9484871441	0.5589139069175109
10450000	10499999	2.9943800214645933	1.9484871441	1.0458928773645932
10500000	10549999	3.0169674701186953	1.9484871441	1.0684803260186952
10550000	10599999	1.9732922405170623	1.9484871441	0.0248050964170623
10600000	10649999	1.0666768864	1.9484871441	-0.8818102577
10650000	10699999	2.253166551196909	1.9484871441	0.30467940709690877
10700000	10749999	2.529715700798395	1.9484871441	0.5812285566983948
10750000	10799999	1.8796312999489229	1.9484871441	-0.06885584415107715
10800000	10849999	1.4138406760011963	1.9484871441	-0.5346464680988037
10850000	10899999	1.8379233012346452	1.9484871441	-0.11056384286535481
10900000	10949999	2.3892008632512605	1.9484871441	0.44071371915126045
10950000	10999999	2.094947355002329	1.9484871441	0.1464602109023292
11000000	11049999	1.0930312527	1.9484871441	-0.8554558914000001
11050000	11099999	1.2169493639301514	1.9484871441	-0.7315377801698486
11100000	11149999	2.8014276694800233	1.9484871441	0.8529405253800233
11150000	11199999	2.605256108811121	1.9484871441	0.6567689647111208
11200000	11249999	2.790466901316779	1.9484871441	0.8419797572167789
11250000	11299999	3.2135807328376464	1.9484871441	1.2650935887376464
11300000	11349999	2.1898766858430463	1.9484871441	0.24138954174304628
11350000	11399999	2.0370875206359833	1.9484871441	0.0886003765359833
11400000	11449999	2.4335714089545837	1.9484871441	0.48508426485458367
11450000	11499999	1.1560559905266174	1.9484871441	-0.7924311535733826
11500000	11549999	2.1859216606383773	1.9484871441	0.23743451653837733
11550000	11599999	2.4267375228710817	1.9484871441	0.4782503787710817
11600000	11649999	2.0103170089844364	1.9484871441	0.061829864884436425
11650000	11699999	2.833884605284302	1.9484871441	0.8853974611843021
11700000	11749999	2.526754404385269	1.9484871441	0.5782672602852692
11750000	11799999	1.8134193557929064	1.9484871441	-0.13506778830709365
11800000	11849999	2.140734090115104	1.9484871441	0.19224694601510395
11850000	11899999	2.4628938340659117	1.9484871441	0.5144066899659117
11900000	11949999	2.168924364836683	1.9484871441	0.22043722073668315
11950000	11999999	1.9647464895979507	1.9484871441	0.016259345497950717
12000000	12049999	2.234851324558954	1.9484871441	0.28636418045895384
12050000	12099999	2.8090694698498964	1.9484871441	0.8605823257498963
12100000	12149999	3.1907086008619996	1.9484871441	1.2422214567619996
12150000	12199999	1.2612550048529785	1.9484871441	-0.6872321392470215
12200000	12249999	2.015356517703779	1.9484871441	0.06686937360377909
12250000	12299999	2.37352194542688	1.9484871441	0.4250348013268801
12300000	12349999	1.959344589769331	1.9484871441	0.01085744566933089
12350000	12399999	1.9263850580543458	1.9484871441	-0.022102086045654223
12400000	12449999	1.835313090638559	1.9484871441	-0.11317405346144094
12450000	12499999	2.189200028047638	1.9484871441	0.240712883947638
12500000	12549999	1.7127155658419388	1.9484871441	-0.23577157825806117
12550000	12599999	1.7942141654255173	1.9484871441	-0.15427297867448275
12600000	12649999	1.85434039788563	1.9484871441	-0.09414674621436991
12650000	12699999	1.7723062946476837	1.9484871441	-0.17618084945231627
12700000	12749999	2.534063992541458	1.9484871441	0.5855768484414581
12750000	12799999	2.359439523805339	1.9484871441	0.41095237970533915
12800000	12849999	2.5487193175236147	1.9484871441	0.6002321734236147
12850000	12899999	2.5192944152982912	1.9484871441	0.5708072711982912
12900000	12949999	1.2709960483296632	1.9484871441	-0.6774910957703368
12950000	12999999	1.2237471962023072	1.9484871441	-0.7247399478976928
13000000	13049999	1.7237245069105316	1.9484871441	-0.22476263718946843
13050000	13099999	1.7763097425202752	1.9484871441	-0.17217740157972483
13100000	13149999	1.6750850113091766	1.9484871441	-0.27340213279082337
13150000	13199999	1.6422976429113831	1.9484871441	-0.3061895011886169
13200000	13249999	1.7008297602559908	1.9484871441	-0.24765738384400926
13250000	13299999	1.7821040847373628	1.9484871441	-0.1663830593626372
13300000	13349999	1.6279722965255294	1.9484871441	-0.3205148475744706
13350000	13399999	1.825635170568839	1.9484871441	-0.12285197353116106
13400000	13449999	1.7971903342318005	1.9484871441	-0.1512968098681995
13450000	13499999	1.6516696214059312	1.9484871441	-0.2968175226940688
13500000	13549999	1.6653552524263642	1.9484871441	-0.28313189167363584
13550000	13599999	1.6654536080160494	1.9484871441	-0.28303353608395065
13600000	13649999	1.6183191358428926	1.9484871441	-0.33016800825710746
13650000	13699999	1.8415847704924135	1.9484871441	-0.10690237360758648
13700000	13749999	1.8623742101103684	1.9484871441	-0.0861129339896316
13750000	13799999	2.105886911409952	1.9484871441	0.15739976730995187
13800000	13849999	1.8449411689277175	1.9484871441	-0.10354597517228248
13850000	13899999	2.0359247786078543	1.9484871441	0.08743763450785424
13900000	13949999	1.8036752601691313	1.9484871441	-0.14481188393086875
13950000	13999999	1.030682344227124	1.9484871441	-0.917804799872876
14000000	14049999	1.5376802211085876	1.9484871441	-0.4108069229914124
14050000	14099999	2.314183752053683	1.9484871441	0.3656966079536832
14100000	14149999	2.39169582638064	1.9484871441	0.4432086822806398
14150000	14199999	2.3348129496727434	1.9484871441	0.38632580557274343
14200000	14249999	2.9439458328805603	1.9484871441	0.9954586887805603
14250000	14299999	2.6915070845738818	1.9484871441	0.7430199404738818
14300000	14349999	1.960744114457776	1.9484871441	0.012256970357775954
14350000	14399999	1.4371546993889892	1.9484871441	-0.5113324447110108
14400000	14449999	2.054829399288846	1.9484871441	0.10634225518884577
14450000	14499999	2.425361767337903	1.9484871441	0.4768746232379031
14500000	14549999	2.5450004394441343	1.9484871441	0.5965132953441343
14550000	14599999	2.7320038317938566	1.9484871441	0.7835166876938566
14600000	14649999	1.9154825852560944	1.9484871441	-0.03300455884390563
14650000	14699999	1.8366896960741028	1.9484871441	-0.1117974480258972
14700000	14749999	2.158785811641559	1.9484871441	0.2102986675415588
14750000	14799999	1.5642142600292757	1.9484871441	-0.38427288407072435
14800000	14849999	0.4015422185034545	1.9484871441	-1.5469449255965455
14850000	14899999	1.2417406507292754	1.9484871441	-0.7067464933707246
14900000	14949999	0.6139462452	1.9484871441	-1.3345408989
14950000	14999999	0.8011481682000001	1.9484871441	-1.1473389759
15000000	15049999	1.6852527342600596	1.9484871441	-0.2632344098399404
15050000	15099999	3.458901530059607	1.9484871441	1.5104143859596069
15100000	15149999	2.131279724118001	1.9484871441	0.1827925800180008
15150000	15199999	1.4989411770688843	1.9484871441	-0.4495459670311157
15200000	15249999	1.8676527097961717	1.9484871441	-0.0808344343038283
15250000	15299999	1.6219520081777108	1.9484871441	-0.3265351359222892
15300000	15349999	0.6415938457828978	1.9484871441	-1.3068932983171022
15350000	15399999	1.5231401746016542	1.9484871441	-0.42534696949834583
15400000	15449999	0.6930563116999999	1.9484871441	-1.2554308324
15450000	15499999	1.8560189809772645	1.9484871441	-0.09246816312273554
15500000	15549999	2.1928714268564686	1.9484871441	0.24438428275646862
15550000	15599999	2.829547940687189	1.9484871441	0.8810607965871888
15600000	15649999	2.537112334454105	1.9484871441	0.5886251903541049
15650000	15699999	2.7171208993451783	1.9484871441	0.7686337552451783
15700000	15749999	2.3486481984090943	1.9484871441	0.4001610543090943
15750000	15799999	1.8202557451926438	1.9484871441	-0.12823139890735624
15800000	15849999	1.2659798248749512	1.9484871441	-0.6825073192250488
15850000	15899999	1.8967299408559342	1.9484871441	-0.05175720324406585
15900000	15949999	2.049536757792441	1.9484871441	0.10104961369244103
15950000	15999999	2.27540443299537	1.9484871441	0.3269172888953702
16000000	16049999	2.8586053750670652	1.9484871441	0.9101182309670652
16050000	16099999	2.81178835002334	1.9484871441	0.86330120592334
16100000	16149999	2.5774081842870364	1.9484871441	0.6289210401870364
16150000	16199999	2.1191111270797895	1.9484871441	0.17062398297978953
16200000	16249999	1.5864221794837494	1.9484871441	-0.3620649646162506
16250000	16299999	1.4272159785315979	1.9484871441	-0.5212711655684021
16300000	16349999	1.4036704412215149	1.9484871441	-0.5448167028784852
16350000	16399999	0.12887516580000002	1.9484871441	-1.8196119783
16400000	16449999	0.19863622696734007	1.9484871441	-1.74985091713266
16450000	16499999	1.165776441741591	1.9484871441	-0.782710702358409
16500000	16549999	0.413980735	1.9484871441	-1.5345064091
16550000	16599999	0.9794653026489166	1.9484871441	-0.9690218414510834
16600000	16649999	0.4586135551083008	1.9484871441	-1.4898735889916992
16650000	16699999	1.0897758751451783	1.9484871441	-0.8587112689548217
16700000	16749999	0.5898620661	1.9484871441	-1.358625078
16750000	16799999	0.25860578012707514	1.9484871441	-1.6898813639729249
16800000	16849999	0.8624790823039796	1.9484871441	-1.0860080617960204
16850000	16899999	2.030954764395199	1.9484871441	0.08246762029519905
16900000	16949999	1.6273735657458666	1.9484871441	-0.32111357835413346
16950000	16999999	1.8003349168704377	1.9484871441	-0.14815222722956234
17000000	17049999	2.105996978997233	1.9484871441	0.1575098348972328
17050000	17099999	2.130229831788469	1.9484871441	0.18174268768846913
17100000	17149999	2.518359304792746	1.9484871441	0.5698721606927459
17150000	17199999	2.0745780693369356	1.9484871441	0.12609092523693555
17200000	17249999	1.6020514420716219	1.9484871441	-0.34643570202837815
17250000	17299999	1.4084505331538208	1.9484871441	-0.5400366109461792
17300000	17349999	1.6186242016590562	1.9484871441	-0.32986294244094383
17350000	17399999	1.836261229760623	1.9484871441	-0.11222591433937712
17400000	17449999	1.769917864182025	1.9484871441	-0.178569279917975
17450000	17499999	1.9456937920566242	1.9484871441	-0.0027933520433758297
17500000	17549999	1.7538768289042679	1.9484871441	-0.19461031519573213
17550000	17599999	1.3806994584410797	1.9484871441	-0.5677876856589203
17600000	17649999	1.3449259120483217	1.9484871441	-0.6035612320516783
17650000	17699999	1.8618819618033562	1.9484871441	-0.08660518229664382
17700000	17749999	1.8195379140158592	1.9484871441	-0.12894923008414083
17750000	17799999	1.8135631425966765	1.9484871441	-0.1349240015033235
17800000	17849999	1.6322603123809298	1.9484871441	-0.3162268317190702
17850000	17899999	1.8836740833020211	1.9484871441	-0.06481306079797888
17900000	17949999	1.6949557087213425	1.9484871441	-0.2535314353786575
17950000	17999999	1.5689904778018922	1.9484871441	-0.37949666629810785
18000000	18049999	1.7187645487064316	1.9484871441	-0.22972259539356843
18050000	18099999	1.8825440764732049	1.9484871441	-0.06594306762679514
18100000	18149999	1.8642422081737364	1.9484871441	-0.08424493592626359
18150000	18199999	1.1871574201617585	1.9484871441	-0.7613297239382415
18200000	18249999	0.44266707520000015	1.9484871441	-1.5058200688999999
18250000	18299999	0.8253240627213745	1.9484871441	-1.1231630813786255
18300000	18349999	1.4065223944173477	1.9484871441	-0.5419647496826523
18350000	18399999	0.813897969854541	1.9484871441	-1.134589174245459
18400000	18449999	1.0946216054277096	1.9484871441	-0.8538655386722904
18450000	18499999	0.0022833953000001017	1.9484871441	-1.9462037488
18500000	18549999	0.16647563200000004	1.9484871441	-1.7820115121
18550000	18599999	1.2988509667387511	1.9484871441	-0.6496361773612489
18600000	18649999	1.345518613763742	1.9484871441	-0.602968530336258
18650000	18699999	1.1059112852001818	1.9484871441	-0.8425758588998182
18700000	18749999	0.31436062330000003	1.9484871441	-1.6341265208
18750000	18799999	0.7122221294	1.9484871441	-1.2362650147
18800000	18849999	1.6732995423831483	1.9484871441	-0.27518760171685175
18850000	18899999	3.3605161348249757	1.9484871441	1.4120289907249757
18900000	18949999	3.0801638890790954	1.9484871441	1.1316767449790954
18950000	18999999	1.9605536238851486	1.9484871441	0.012066479785148632
19000000	19049999	2.6767121461769654	1.9484871441	0.7282250020769654
19050000	19099999	1.6676623922243439	1.9484871441	-0.28082475187565614
19100000	19149999	2.5056681880971223	1.9484871441	0.5571810439971223
19150000	19199999	2.19929094895293	1.9484871441	0.25080380485292997
19200000	19249999	1.9435560569894017	1.9484871441	-0.004931087110598309
19250000	19299999	2.4192136819466947	1.9484871441	0.4707265378466947
19300000	19349999	2.398079343599365	1.9484871441	0.449592199499365
19350000	19399999	1.467762255223114	1.9484871441	-0.480724888876886
19400000	19449999	2.237221784052708	1.9484871441	0.288734639952708
19450000	19499999	2.872994677655469	1.9484871441	0.9245075335554689
19500000	19549999	1.8031821625189484	1.9484871441	-0.14530498158105165
19550000	19599999	1.2103793555913085	1.9484871441	-0.7381077885086915
19600000	19649999	1.8846094307072694	1.9484871441	-0.06387771339273063
19650000	19699999	2.1781904180620177	1.9484871441	0.22970327396201773
19700000	19749999	2.235337516538292	1.9484871441	0.28685037243829203
19750000	19799999	2.469841015135022	1.9484871441	0.5213538710350218
19800000	19849999	2.472092753625537	1.9484871441	0.523605609525537
19850000	19899999	1.039992965488092	1.9484871441	-0.9084941786119081
19900000	19949999	0.9801339625000001	1.9484871441	-0.9683531816
19950000	19999999	1.7882262319740336	1.9484871441	-0.16026091212596638
20000000	20049999	2.011616115764267	1.9484871441	0.06312897166426712
20050000	20099999	2.0033345801605775	1.9484871441	0.054847436060577515
20100000	20149999	2.108023543185812	1.9484871441	0.15953639908581208
20150000	20199999	1.9163717771176876	1.9484871441	-0.03211536698231243
20200000	20249999	2.058587891359977	1.9484871441	0.1101007472599771
20250000	20299999	1.9499795709519183	1.9484871441	0.0014924268519183048
20300000	20349999	1.7836217921182687	1.9484871441	-0.16486535198173136
20350000	20399999	1.7462201417189347	1.9484871441	-0.20226700238106532
20400000	20449999	1.4375046596942627	1.9484871441	-0.5109824844057373
20450000	20499999	1.9564481885192246	1.9484871441	0.007961044419224628
20500000	20549999	2.5425535890999997	1.9484871441	0.5940664449999997
20550000	20599999	2.1899615015720233	1.9484871441	0.24147435747202328
20600000	20649999	2.02133106011273	1.9484871441	0.07284391601272988
20650000	20699999	2.8830956926396976	1.9484871441	0.9346085485396975
20700000	20749999	2.128013058869433	1.9484871441	0.17952591476943303
20750000	20799999	2.349907765321189	1.9484871441	0.40142062122118904
20800000	20849999	2.1236355724792877	1.9484871441	0.17514842837928768
20850000	20899999	2.4948546147816897	1.9484871441	0.5463674706816897
20900000	20949999	3.1041055459131472	1.9484871441	1.1556184018131472
20950000	20999999	2.3539627039303648	1.9484871441	0.40547555983036476
21000000	21049999	2.648239077895163	1.9484871441	0.699751933795163
21050000	21099999	2.0761663827671955	1.9484871441	0.12767923866719544
21100000	21149999	1.5445651456315797	1.9484871441	-0.40392199846842036
21150000	21199999	1.5506057224604919	1.9484871441	-0.3978814216395081
21200000	21249999	2.9435948702345645	1.9484871441	0.9951077261345644
21250000	21299999	2.8118322478519655	1.9484871441	0.8633451037519655
21300000	21349999	2.0842142840280014	1.9484871441	0.13572713992800134
21350000	21399999	2.216868401136078	1.9484871441	0.26838125703607796
21400000	21449999	0.08482901650000008	1.9484871441	-1.8636581276
21450000	21499999	0.2030755364000001	1.9484871441	-1.7454116077
21500000	21549999	2.3177940425117445	1.9484871441	0.36930689841174447
21550000	21599999	2.0415096807132507	1.9484871441	0.09302253661325066
21600000	21649999	2.0804969131340676	1.9484871441	0.13200976903406758
21650000	21699999	2.3734491236659396	1.9484871441	0.4249619795659396
21700000	21749999	1.623093385263565	1.9484871441	-0.32539375883643507
21750000	21799999	1.530217951084302	1.9484871441	-0.4182691930156981
21800000	21849999	0.9676575476809876	1.9484871441	-0.9808295964190125
21850000	21899999	1.3828082383887086	1.9484871441	-0.5656789057112914
21900000	21949999	0.8697667101197999	1.9484871441	-1.0787204339802001
21950000	21999999	1.8620709579919037	1.9484871441	-0.08641618610809632
22000000	22049999	2.693484669371072	1.9484871441	0.7449975252710721
22050000	22099999	3.373929561967792	1.9484871441	1.4254424178677918
22100000	22149999	2.5009985491770874	1.9484871441	0.5525114050770874
22150000	22199999	1.2248512058398011	1.9484871441	-0.7236359382601989
22200000	22249999	1.697347366801465	1.9484871441	-0.2511397772985351
22250000	22299999	3.0209289461999997	1.9484871441	1.0724418020999997
22300000	22349999	1.292848560555127	1.9484871441	-0.655638583544873
22350000	22399999	2.435780299701584	1.9484871441	0.4872931556015838
22400000	22449999	2.4098377879386748	1.9484871441	0.46135064383867475
22450000	22499999	0.49803979346006466	1.9484871441	-1.4504473506399354
22500000	22549999	0.023618454600000005	1.9484871441	-1.9248686895
22550000	22599999	0.7738753141000001	1.9484871441	-1.17461183
22600000	22649999	1.7565242667197556	1.9484871441	-0.19196287738024442
22650000	22699999	2.391163022754544	1.9484871441	0.44267587865454416
22700000	22749999	1.6354786178753205	1.9484871441	-0.31300852622467956
22750000	22799999	2.1533419495627557	1.9484871441	0.2048548054627557
22800000	22849999	2.1181017287426176	1.9484871441	0.16961458464261758
22850000	22899999	2.0152841802068893	1.9484871441	0.06679703610688925
22900000	22949999	2.173774452754988	1.9484871441	0.22528730865498803
22950000	22999999	2.171946531512819	1.9484871441	0.2234593874128188
23000000	23049999	1.8739177894786145	1.9484871441	-0.07456935462138548
23050000	23099999	1.6426173016599914	1.9484871441	-0.3058698424400086
23100000	23149999	2.472496099400451	1.9484871441	0.524008955300451
23150000	23199999	1.673615719004129	1.9484871441	-0.27487142509587104
23200000	23249999	1.9459463398934955	1.9484871441	-0.002540804206504488
23250000	23299999	2.4212205862600404	1.9484871441	0.47273344216004043
23300000	23349999	2.2419500341814635	1.9484871441	0.29346289008146353
23350000	23399999	2.3501461148270173	1.9484871441	0.4016589707270173
23400000	23449999	1.7073821660484314	1.9484871441	-0.2411049780515686
23450000	23499999	1.6051157517810273	1.9484871441	-0.34337139231897273
23500000	23549999	2.585731699654602	1.9484871441	0.6372445555546018
23550000	23599999	2.1328040944328475	1.9484871441	0.18431695033284745
23600000	23649999	2.143000424556843	1.9484871441	0.1945132804568428
23650000	23699999	2.3299674250462576	1.9484871441	0.38148028094625763
23700000	23749999	1.8943448360932496	1.9484871441	-0.05414230800675046
23750000	23799999	2.072852792035669	1.9484871441	0.12436564793566918
23800000	23849999	2.4175015980167283	1.9484871441	0.46901445391672825
23850000	23899999	3.0416082166098266	1.9484871441	1.0931210725098266
23900000	23949999	3.132117451386249	1.9484871441	1.1836303072862489
23950000	23999999	2.708679200194693	1.9484871441	0.7601920560946929
24000000	24049999	1.2346768119769838	1.9484871441	-0.7138103321230163
24050000	24099999	1.5189263336783692	1.9484871441	-0.42956081042163086
24100000	24149999	2.358727888452762	1.9484871441	0.41024074435276203
24150000	24199999	2.50894265833087	1.9484871441	0.56045551423087
24200000	24249999	2.108593885273476	1.9484871441	0.1601067411734758
24250000	24299999	2.0178083831687896	1.9484871441	0.06932123906878962
24300000	24349999	2.1748409365306642	1.9484871441	0.22635379243066422
24350000	24399999	2.425358187860028	1.9484871441	0.4768710437600281
24400000	24449999	2.465957180721115	1.9484871441	0.5174700366211149
24450000	24499999	2.113956453565179	1.9484871441	0.16546930946517913
24500000	24549999	1.1683146293	1.9484871441	-0.7801725148
24550000	24599999	2.152482218472019	1.9484871441	0.20399507437201914
24600000	24649999	2.563262615812503	1.9484871441	0.6147754717125031
24650000	24699999	2.40085189122977	1.9484871441	0.4523647471297698
24700000	24749999	2.357117330732724	1.9484871441	0.408630186632724
24750000	24799999	2.8127657657504783	1.9484871441	0.8642786216504783
24800000	24849999	1.8613129831201904	1.9484871441	-0.08717416097980957
24850000	24899999	2.3475969595291506	1.9484871441	0.3991098154291506
24900000	24949999	2.2537361922811097	1.9484871441	0.30524904818110965
24950000	24999999	2.4444038951377642	1.9484871441	0.4959167510377642
25000000	25049999	2.246323801197824	1.9484871441	0.2978366570978239
25050000	25099999	2.3396013759056427	1.9484871441	0.39111423180564264
25100000	25149999	2.262749473187015	1.9484871441	0.3142623290870148
25150000	25199999	2.6909559185874206	1.9484871441	0.7424687744874205
25200000	25249999	1.741444915568524	1.9484871441	-0.2070422285314759
25250000	25299999	1.4583576410897583	1.9484871441	-0.4901295030102417
25300000	25349999	1.9506237634005044	1.9484871441	0.00213661930050435
25350000	25399999	1.889000903918859	1.9484871441	-0.059486240181140904
25400000	25449999	1.9187226242016144	1.9484871441	-0.029764519898385577
25450000	25499999	1.9668610317707955	1.9484871441	0.018373887670795508
25500000	25549999	2.0833083700682224	1.9484871441	0.13482122596822244
25550000	25599999	2.257789058650531	1.9484871441	0.3093019145505309
25600000	25649999	1.989544907533663	1.9484871441	0.041057763433663075
25650000	25699999	1.8659661263303924	1.9484871441	-0.08252101776960763
25700000	25749999	1.3811960208621126	1.9484871441	-0.5672911232378874
25750000	25799999	1.9883468516627847	1.9484871441	0.039859707562784674
25800000	25849999	1.8552314580272782	1.9484871441	-0.09325568607272183
25850000	25899999	1.5017077702217256	1.9484871441	-0.4467793738782744
25900000	25949999	1.7489808275707688	1.9484871441	-0.19950631652923123
25950000	25999999	1.590901020156366	1.9484871441	-0.357586123943634
26000000	26049999	1.7503059109314445	1.9484871441	-0.19818123316855552
26050000	26099999	1.6604108347486908	1.9484871441	-0.28807630935130923
26100000	26149999	1.6130334871106629	1.9484871441	-0.33545365698933716
26150000	26199999	1.7459736600327804	1.9484871441	-0.20251348406721958
26200000	26249999	1.853631305537966	1.9484871441	-0.09485583856203395
26250000	26299999	1.8851809834349305	1.9484871441	-0.06330616066506956
26300000	26349999	1.624735899625096	1.9484871441	-0.323751244474904
26350000	26399999	1.6194526502456879	1.9484871441	-0.32903449385431216
26400000	26449999	1.9317089518477386	1.9484871441	-0.016778192252261404
26450000	26499999	1.834557043309384	1.9484871441	-0.11393010079061594
26500000	26549999	1.4708902823778411	1.9484871441	-0.47759686172215887
26550000	26599999	1.6112549543391648	1.9484871441	-0.33723218976083524
26600000	26649999	1.5588294792597228	1.9484871441	-0.3896576648402772
26650000	26699999	1.4354908096146148	1.9484871441	-0.5129963344853852
26700000	26749999	1.523833301480098	1.9484871441	-0.424653842619902
26750000	26799999	1.6843052167348793	1.9484871441	-0.2641819273651207
26800000	26849999	1.7296820065273182	1.9484871441	-0.21880513757268183
26850000	26899999	1.6219939999526887	1.9484871441	-0.32649314414731134
26900000	26949999	1.6858375543871384	1.9484871441	-0.26264958971286156
26950000	26999999	1.6863722571755249	1.9484871441	-0.26211488692447515
27000000	27049999	2.009656023481996	1.9484871441	0.061168879381996
27050000	27099999	1.662435539171959	1.9484871441	-0.28605160492804105
27100000	27149999	1.3175530762779297	1.9484871441	-0.6309340678220703
27150000	27199999	1.2091872207301086	1.9484871441	-0.7392999233698914
27200000	27249999	2.094647556839302	1.9484871441	0.14616041273930191
27250000	27299999	2.786617512222418	1.9484871441	0.8381303681224179
27300000	27349999	2.3823816658785155	1.9484871441	0.4338945217785155
27350000	27399999	1.8264766927336806	1.9484871441	-0.12201045136631938
27400000	27449999	2.199307710599662	1.9484871441	0.2508205664996619
27450000	27499999	1.466339045108844	1.9484871441	-0.48214809899115596
27500000	27549999	1.6278288553950104	1.9484871441	-0.3206582887049896
27550000	27599999	2.251346613820311	1.9484871441	0.30285946972031086
27600000	27649999	1.7113765998322954	1.9484871441	-0.23711054426770461
27650000	27699999	1.7914782492565444	1.9484871441	-0.1570088948434556
27700000	27749999	2.1168389392703	1.9484871441	0.1683517951703002
27750000	27799999	2.305882081646536	1.9484871441	0.3573949375465362
27800000	27849999	2.19004464894838	1.9484871441	0.2415575048483798
27850000	27899999	1.916572573351262	1.9484871441	-0.03191457074873805
27900000	27949999	2.0291800677123963	1.9484871441	0.08069292361239633
27950000	27999999	2.1138679943487704	1.9484871441	0.16538085024877036
28000000	28049999	2.5681475410840697	1.9484871441	0.6196603969840697
28050000	28099999	1.6423251978574096	1.9484871441	-0.3061619462425904
28100000	28149999	1.4454019718471527	1.9484871441	-0.5030851722528473
28150000	28199999	2.5441427333517916	1.9484871441	0.5956555892517916
28200000	28249999	2.093146533427759	1.9484871441	0.1446593893277588
28250000	28299999	1.8182797177968872	1.9484871441	-0.13020742630311277
28300000	28349999	1.7974787530727065	1.9484871441	-0.15100839102729346
28350000	28399999	1.5234217792389564	1.9484871441	-0.4250653648610436
28400000	28449999	1.4648957901487947	1.9484871441	-0.48359135395120534
28450000	28499999	2.4917300974856444	1.9484871441	0.5432429533856444
28500000	28549999	1.9354752336721015	1.9484871441	-0.01301191042789851
28550000	28599999	2.2859245216603945	1.9484871441	0.3374373775603945
28600000	28649999	2.338147921989049	1.9484871441	0.38966077788904885
28650000	28699999	1.3024798995993507	1.9484871441	-0.6460072445006493
28700000	28749999	1.9544543060335693	1.9484871441	0.005967161933569276
28750000	28799999	1.4665621751335403	1.9484871441	-0.48192496896645975
28800000	28849999	1.8259310292186344	1.9484871441	-0.12255611488136564
28850000	28899999	2.5600934267391664	1.9484871441	0.6116062826391664
28900000	28949999	2.6981607395854676	1.9484871441	0.7496735954854676
28950000	28999999	1.5188022531081147	1.9484871441	-0.42968489099188534
29000000	29049999	2.4917126617345886	1.9484871441	0.5432255176345886
29050000	29099999	2.266982937938919	1.9484871441	0.318495793838919
29100000	29149999	1.7244786094119064	1.9484871441	-0.22400853468809356
29150000	29199999	2.8384602462094115	1.9484871441	0.8899731021094115
29200000	29249999	2.133958589878015	1.9484871441	0.1854714457780151
29250000	29299999	2.5222379796882874	1.9484871441	0.5737508355882874
29300000	29349999	2.2919219520532623	1.9484871441	0.3434348079532623
29350000	29399999	2.416349203984659	1.9484871441	0.4678620598846588
29400000	29449999	2.3881402773546547	1.9484871441	0.4396531332546547
29450000	29499999	0.7598182033312346	1.9484871441	-1.1886689407687654
29500000	29549999	0.963975046612143	1.9484871441	-0.9845120974878571
29550000	29599999	2.7445174374255643	1.9484871441	0.7960302933255643
29600000	29649999	2.4237834644099547	1.9484871441	0.4752963203099547
29650000	29699999	2.4743200535032077	1.9484871441	0.5258329094032077
29700000	29749999	2.0925039066728517	1.9484871441	0.14401676257285168
29750000	29799999	2.7891146877298767	1.9484871441	0.8406275436298767
29800000	29849999	2.175323081285943	1.9484871441	0.22683593718594297
29850000	29899999	2.3880231009178376	1.9484871441	0.43953595681783764
29900000	29949999	2.7828313631387758	1.9484871441	0.8343442190387758
29950000	29999999	2.949531457	1.9484871441	1.0010443129
30000000	30049999	1.4068635103637055	1.9484871441	-0.5416236337362945
30050000	30099999	1.3792571457590883	1.9484871441	-0.5692299983409117
30100000	30149999	2.221853811940497	1.9484871441	0.2733666678404969
30150000	30199999	2.2473876307585696	1.9484871441	0.2989004866585696
30200000	30249999	1.078151323321643	1.9484871441	-0.8703358207783569
30250000	30299999	1.1703937657083014	1.9484871441	-0.7780933783916986
30300000	30349999	2.7657284078121185	1.9484871441	0.8172412637121185
30350000	30399999	2.601226876724872	1.9484871441	0.6527397326248718
30400000	30449999	1.7133749056415772	1.9484871441	-0.23511223845842277
30450000	30499999	2.4854361526195343	1.9484871441	0.5369490085195343
30500000	30549999	2.942253066288849	1.9484871441	0.9937659221888491
30550000	30599999	2.988449906919531	1.9484871441	1.0399627628195312
30600000	30649999	2.366454383906578	1.9484871441	0.41796723980657813
30650000	30699999	1.5105164237136657	1.9484871441	-0.43797072038633433
30700000	30749999	1.7170412338934677	1.9484871441	-0.23144591020653227
30750000	30799999	2.312091373733795	1.9484871441	0.36360422963379513
30800000	30849999	2.644344168224829	1.9484871441	0.695857024124829
30850000	30899999	3.0495517483	1.9484871441	1.1010646041999999
30900000	30949999	1.8297467681291824	1.9484871441	-0.11874037597081766
30950000	30999999	1.110141296116205	1.9484871441	-0.8383458479837951
31000000	31049999	2.5924177861007385	1.9484871441	0.6439306420007385
31050000	31099999	2.654803457335022	1.9484871441	0.7063163132350221
31100000	31149999	2.386865575769174	1.9484871441	0.4383784316691739
31150000	31199999	1.9566954918865722	1.9484871441	0.008208347786572201
31200000	31249999	2.2543093451802676	1.9484871441	0.3058222010802676
31250000	31299999	2.9880995920172913	1.9484871441	1.0396124479172912
31300000	31349999	2.255387618516005	1.9484871441	0.3069004744160049
31350000	31399999	2.2698131132653563	1.9484871441	0.3213259691653563
31400000	31449999	1.9223736263388382	1.9484871441	-0.026113517761161775
31450000	31499999	1.5136457799237457	1.9484871441	-0.4348413641762543
31500000	31549999	1.995370728270034	1.9484871441	0.04688358417003391
31550000	31599999	2.4966882273727906	1.9484871441	0.5482010832727906
31600000	31649999	2.6198451986083615	1.9484871441	0.6713580545083615
31650000	31699999	1.9215662362897545	1.9484871441	-0.026920907810245476
31700000	31749999	2.0721823130175965	1.9484871441	0.12369516891759647
31750000	31799999	2.3603722363599364	1.9484871441	0.4118850922599364
31800000	31849999	1.9660064081179276	1.9484871441	0.017519264017927583
31850000	31899999	1.9511279781115654	1.9484871441	0.0026408340115653406
31900000	31949999	2.526798030812503	1.9484871441	0.5783108867125031
31950000	31999999	1.392779926700534	1.9484871441	-0.5557072173994659
32000000	32049999	0.9135587109999999	1.9484871441	-1.0349284331000002
32050000	32099999	0.7405903909240541	1.9484871441	-1.207896753175946
32100000	32149999	1.3695786333280822	1.9484871441	-0.5789085107719179
32150000	32199999	2.0279032847975955	1.9484871441	0.0794161406975955
32200000	32249999	1.6124096879345429	1.9484871441	-0.33607745616545714
32250000	32299999	0.6073916076999999	1.9484871441	-1.3410955364000001
32300000	32349999	0.7546640604000001	1.9484871441	-1.1938230837
32350000	32399999	2.897444158584952	1.9484871441	0.948957014484952
32400000	32449999	4.571841193696635	1.9484871441	2.6233540495966348
32450000	32499999	2.424465885276269	1.9484871441	0.4759787411762688
32500000	32549999	1.8210420753002579	1.9484871441	-0.12744506879974216
32550000	32599999	1.2802481665436936	1.9484871441	-0.6682389775563065
32600000	32649999	0.7888639725195252	1.9484871441	-1.1596231715804748
32650000	32699999	0.3449883064138428	1.9484871441	-1.6034988376861572
32700000	32749999	0.09235356865023814	1.9484871441	-1.8561335754497619
32750000	32799999	0.9905896405	1.9484871441	-0.9578975036
32800000	32849999	2.851667208	1.9484871441	0.9031800638999998
32850000	32899999	0.5790738071090575	1.9484871441	-1.3694133369909425
32900000	32949999	1.1075820755475814	1.9484871441	-0.8409050685524186
32950000	32999999	0.4492210198875548	1.9484871441	-1.4992661242124452
33000000	33049999	0.8645830608	1.9484871441	-1.0839040833
33050000	33099999	0.8520018559	1.9484871441	-1.0964852882
33100000	33149999	0.0	1.9484871441	-1.9484871441
33150000	33199999	1.9725547513000001	1.9484871441	0.02406760720000012
33200000	33249999	1.162801916957355	1.9484871441	-0.7856852271426451
33250000	33299999	0.20499666930000005	1.9484871441	-1.7434904748
33300000	33349999	1.0443778744	1.9484871441	-0.9041092696999999
33350000	33399999	2.9379952518313677	1.9484871441	0.9895081077313677
33400000	33449999	2.8301705514249753	1.9484871441	0.8816834073249753
33450000	33499999	2.438463196419385	1.9484871441	0.4899760523193848
33500000	33549999	3.538784662092942	1.9484871441	1.590297517992942
33550000	33599999	2.9340719060562837	1.9484871441	0.9855847619562836
33600000	33649999	1.7135636091744781	1.9484871441	-0.23492353492552187
33650000	33699999	0.8052845607216126	1.9484871441	-1.1432025833783874
33700000	33749999	1.0782824993881714	1.9484871441	-0.8702046447118286
33750000	33799999	1.2426639979365937	1.9484871441	-0.7058231461634064
33800000	33849999	1.2076326894631713	1.9484871441	-0.7408544546368288
33850000	33899999	4.260257501783688	1.9484871441	2.3117703576836877
33900000	33949999	1.8092952023424784	1.9484871441	-0.1391919417575216
33950000	33999999	2.731927969744855	1.9484871441	0.7834408256448548
34000000	34049999	1.5925980133292756	1.9484871441	-0.35588913077072437
34050000	34099999	1.6903580540292755	1.9484871441	-0.2581290900707245
34100000	34149999	1.6903580540292755	1.9484871441	-0.2581290900707245
34150000	34199999	2.2424825147292755	1.9484871441	0.2939953706292755
34200000	34249999	1.36509285427258	1.9484871441	-0.58339428982742
34250000	34299999	1.8059476182745453	1.9484871441	-0.1425395258254547
34300000	34349999	1.7683920231214874	1.9484871441	-0.18009512097851266
34350000	34399999	1.324699646908368	1.9484871441	-0.623787497191632
34400000	34449999	1.4740893846640306	1.9484871441	-0.4743977594359694
34450000	34499999	1.879777230134375	1.9484871441	-0.06870991396562509
34500000	34549999	2.162629784871472	1.9484871441	0.21414264077147216
34550000	34599999	2.1117360065924378	1.9484871441	0.16324886249243775
34600000	34649999	1.8654665184717651	1.9484871441	-0.08302062562823487
34650000	34699999	1.6537785119650463	1.9484871441	-0.2947086321349537
34700000	34749999	1.636338405973584	1.9484871441	-0.3121487381264161
34750000	34799999	1.3844137020888445	1.9484871441	-0.5640734420111555
34800000	34849999	1.511429694495749	1.9484871441	-0.43705744960425097
34850000	34899999	1.5266103093026948	1.9484871441	-0.4218768347973052
34900000	34949999	1.3885801759969896	1.9484871441	-0.5599069681030104
34950000	34999999	1.5542519906083925	1.9484871441	-0.39423515349160754
35000000	35049999	1.3629764924791439	1.9484871441	-0.5855106516208561
35050000	35099999	1.9550743097157899	1.9484871441	0.0065871656157898695
35100000	35149999	1.688457815939032	1.9484871441	-0.260029328160968
35150000	35199999	1.21905766752882	1.9484871441	-0.72942947657118
35200000	35249999	2.296531078826697	1.9484871441	0.34804393472669704
35250000	35299999	1.3455823809292755	1.9484871441	-0.6029047631707245
35300000	35349999	1.6903580540292755	1.9484871441	-0.2581290900707245
35350000	35399999	1.6903580540292755	1.9484871441	-0.2581290900707245
35400000	35449999	1.6903580540292755	1.9484871441	-0.2581290900707245
35450000	35499999	1.6903580540292755	1.9484871441	-0.2581290900707245
35500000	35549999	1.6903580540292755	1.9484871441	-0.2581290900707245
35550000	35599999	1.6903580540292755	1.9484871441	-0.2581290900707245
35600000	35649999	1.6903580540292755	1.9484871441	-0.2581290900707245
35650000	35699999	1.6903580540292755	1.9484871441	-0.2581290900707245
35700000	35749999	1.6903580540292755	1.9484871441	-0.2581290900707245
35750000	35799999	1.6903580540292755	1.9484871441	-0.2581290900707245
35800000	35849999	1.6903580540292755	1.9484871441	-0.2581290900707245
35850000	35899999	1.6903580540292755	1.9484871441	-0.2581290900707245
35900000	35949999	1.6903580540292755	1.9484871441	-0.2581290900707245
35950000	35999999	1.6903580540292755	1.9484871441	-0.2581290900707245
36000000	36049999	1.6903580540292755	1.9484871441	-0.2581290900707245
36050000	36099999	1.6903580540292755	1.9484871441	-0.2581290900707245
36100000	36149999	1.6903580540292755	1.9484871441	-0.2581290900707245
36150000	36199999	1.6903580540292755	1.9484871441	-0.2581290900707245
36200000	36249999	1.6903580540292755	1.9484871441	-0.2581290900707245
36250000	36299999	1.6903580540292755	1.9484871441	-0.2581290900707245
36300000	36349999	1.6903580540292755	1.9484871441	-0.2581290900707245
36350000	36399999	1.6903580540292755	1.9484871441	-0.2581290900707245
36400000	36449999	1.6903580540292755	1.9484871441	-0.2581290900707245
36450000	36499999	1.6903580540292755	1.9484871441	-0.2581290900707245
36500000	36549999	1.6903580540292755	1.9484871441	-0.2581290900707245
36550000	36599999	1.6903580540292755	1.9484871441	-0.2581290900707245
36600000	36649999	1.6903580540292755	1.9484871441	-0.2581290900707245
36650000	36699999	1.6903580540292755	1.9484871441	-0.2581290900707245
36700000	36749999	1.6903580540292755	1.9484871441	-0.2581290900707245
36750000	36799999	1.6903580540292755	1.9484871441	-0.2581290900707245
36800000	36849999	1.6903580540292755	1.9484871441	-0.2581290900707245
36850000	36899999	1.6903580540292755	1.9484871441	-0.2581290900707245
36900000	36949999	1.6903580540292755	1.9484871441	-0.2581290900707245
36950000	36999999	1.6903580540292755	1.9484871441	-0.2581290900707245
37000000	37049999	1.6903580540292755	1.9484871441	-0.2581290900707245
37050000	37099999	1.6903580540292755	1.9484871441	-0.2581290900707245
37100000	37149999	1.6903580540292755	1.9484871441	-0.2581290900707245
37150000	37199999	1.6903580540292755	1.9484871441	-0.2581290900707245
37200000	37249999	1.6903580540292755	1.9484871441	-0.2581290900707245
37250000	37299999	1.6903580540292755	1.9484871441	-0.2581290900707245
37300000	37349999	1.6903580540292755	1.9484871441	-0.2581290900707245
37350000	37399999	1.6903580540292755	1.9484871441	-0.2581290900707245
37400000	37449999	1.6903580540292755	1.9484871441	-0.2581290900707245
37450000	37499999	1.6903580540292755	1.9484871441	-0.2581290900707245
37500000	37549999	1.6903580540292755	1.9484871441	-0.2581290900707245
37550000	37599999	1.6903580540292755	1.9484871441	-0.2581290900707245
37600000	37649999	1.6903580540292755	1.9484871441	-0.2581290900707245
37650000	37699999	1.6903580540292755	1.9484871441	-0.2581290900707245
37700000	37749999	1.6903580540292755	1.9484871441	-0.2581290900707245
37750000	37799999	1.6903580540292755	1.9484871441	-0.2581290900707245
37800000	37849999	1.6903580540292755	1.9484871441	-0.2581290900707245
37850000	37899999	1.6903580540292755	1.9484871441	-0.2581290900707245
37900000	37949999	1.6903580540292755	1.9484871441	-0.2581290900707245
37950000	37999999	1.6903580540292755	1.9484871441	-0.2581290900707245
38000000	38049999	1.6903580540292755	1.9484871441	-0.2581290900707245
38050000	38099999	1.6903580540292755	1.9484871441	-0.2581290900707245
38100000	38149999	1.6903580540292755	1.9484871441	-0.2581290900707245
38150000	38199999	1.6903580540292755	1.9484871441	-0.2581290900707245
38200000	38249999	1.6903580540292755	1.9484871441	-0.2581290900707245
38250000	38299999	1.6903580540292755	1.9484871441	-0.2581290900707245
38300000	38349999	1.6903580540292755	1.9484871441	-0.2581290900707245
38350000	38399999	1.6903580540292755	1.9484871441	-0.2581290900707245
38400000	38449999	1.6903580540292755	1.9484871441	-0.2581290900707245
38450000	38499999	1.6903580540292755	1.9484871441	-0.2581290900707245
38500000	38549999	1.6903580540292755	1.9484871441	-0.2581290900707245
38550000	38599999	1.6903580540292755	1.9484871441	-0.2581290900707245
38600000	38649999	1.6903580540292755	1.9484871441	-0.2581290900707245
38650000	38699999	1.6903580540292755	1.9484871441	-0.2581290900707245
38700000	38749999	1.6903580540292755	1.9484871441	-0.2581290900707245
38750000	38799999	1.6903580540292755	1.9484871441	-0.2581290900707245
38800000	38849999	1.6903580540292755	1.9484871441	-0.2581290900707245
38850000	38899999	1.6903580540292755	1.9484871441	-0.2581290900707245
38900000	38949999	1.6903580540292755	1.9484871441	-0.2581290900707245
38950000	38999999	1.6903580540292755	1.9484871441	-0.2581290900707245
39000000	39049999	1.6903580540292755	1.9484871441	-0.2581290900707245
39050000	39099999	1.6903580540292755	1.9484871441	-0.2581290900707245
39100000	39149999	1.6903580540292755	1.9484871441	-0.2581290900707245
39150000	39199999	1.6903580540292755	1.9484871441	-0.2581290900707245
39200000	39249999	1.6903580540292755	1.9484871441	-0.2581290900707245
39250000	39299999	1.6903580540292755	1.9484871441	-0.2581290900707245
39300000	39349999	1.6903580540292755	1.9484871441	-0.2581290900707245
39350000	39399999	1.6903580540292755	1.9484871441	-0.2581290900707245
39400000	39449999	1.6903580540292755	1.9484871441	-0.2581290900707245
39450000	39499999	1.6903580540292755	1.9484871441	-0.2581290900707245
39500000	39549999	1.6903580540292755	1.9484871441	-0.2581290900707245
39550000	39599999	1.6903580540292755	1.9484871441	-0.2581290900707245
39600000	39649999	1.6903580540292755	1.9484871441	-0.2581290900707245
39650000	39699999	1.6903580540292755	1.9484871441	-0.2581290900707245
39700000	39749999	1.6903580540292755	1.9484871441	-0.2581290900707245
39750000	39799999	1.6903580540292755	1.9484871441	-0.2581290900707245
39800000	39849999	1.6903580540292755	1.9484871441	-0.2581290900707245
39850000	39899999	1.6903580540292755	1.9484871441	-0.2581290900707245
39900000	39949999	1.6903580540292755	1.9484871441	-0.2581290900707245
39950000	39999999	1.6903580540292755	1.9484871441	-0.2581290900707245
40000000	40049999	1.6903580540292755	1.9484871441	-0.2581290900707245
40050000	40099999	1.6903580540292755	1.9484871441	-0.2581290900707245
40100000	40149999	1.6903580540292755	1.9484871441	-0.2581290900707245
40150000	40199999	1.6903580540292755	1.9484871441	-0.2581290900707245
40200000	40249999	1.6903580540292755	1.9484871441	-0.2581290900707245
40250000	40299999	1.6903580540292755	1.9484871441	-0.2581290900707245
40300000	40349999	1.6903580540292755	1.9484871441	-0.2581290900707245
40350000	40399999	1.6903580540292755	1.9484871441	-0.2581290900707245
40400000	40449999	1.6903580540292755	1.9484871441	-0.2581290900707245
40450000	40499999	1.6903580540292755	1.9484871441	-0.2581290900707245
40500000	40549999	1.6903580540292755	1.9484871441	-0.2581290900707245
40550000	40599999	1.6903580540292755	1.9484871441	-0.2581290900707245
40600000	40649999	1.6903580540292755	1.9484871441	-0.2581290900707245
40650000	40699999	1.6903580540292755	1.9484871441	-0.2581290900707245
40700000	40749999	1.6903580540292755	1.9484871441	-0.2581290900707245
40750000	40799999	1.6903580540292755	1.9484871441	-0.2581290900707245
40800000	40849999	1.6903580540292755	1.9484871441	-0.2581290900707245
40850000	40899999	1.6903580540292755	1.9484871441	-0.2581290900707245
40900000	40949999	1.6903580540292755	1.9484871441	-0.2581290900707245
40950000	40999999	1.6903580540292755	1.9484871441	-0.2581290900707245
41000000	41049999	1.6903580540292755	1.9484871441	-0.2581290900707245
41050000	41099999	1.6903580540292755	1.9484871441	-0.2581290900707245
41100000	41149999	1.6903580540292755	1.9484871441	-0.2581290900707245
41150000	41199999	1.6903580540292755	1.9484871441	-0.2581290900707245
41200000	41249999	1.6903580540292755	1.9484871441	-0.2581290900707245
41250000	41299999	1.6903580540292755	1.9484871441	-0.2581290900707245
41300000	41349999	1.6903580540292755	1.9484871441	-0.2581290900707245
41350000	41399999	1.6903580540292755	1.9484871441	-0.2581290900707245
41400000	41449999	1.6903580540292755	1.9484871441	-0.2581290900707245
41450000	41499999	1.6903580540292755	1.9484871441	-0.2581290900707245
41500000	41549999	1.6903580540292755	1.9484871441	-0.2581290900707245
41550000	41599999	1.6903580540292755	1.9484871441	-0.2581290900707245
41600000	41649999	1.6903580540292755	1.9484871441	-0.2581290900707245
41650000	41699999	1.6903580540292755	1.9484871441	-0.2581290900707245
41700000	41749999	1.6903580540292755	1.9484871441	-0.2581290900707245
41750000	41799999	1.6903580540292755	1.9484871441	-0.2581290900707245
41800000	41849999	1.6903580540292755	1.9484871441	-0.2581290900707245
41850000	41899999	1.6903580540292755	1.9484871441	-0.2581290900707245
41900000	41949999	1.6903580540292755	1.9484871441	-0.2581290900707245
41950000	41999999	1.6903580540292755	1.9484871441	-0.2581290900707245
42000000	42049999	1.6903580540292755	1.9484871441	-0.2581290900707245
42050000	42099999	1.6903580540292755	1.9484871441	-0.2581290900707245
42100000	42149999	1.6903580540292755	1.9484871441	-0.2581290900707245
42150000	42199999	1.6903580540292755	1.9484871441	-0.2581290900707245
42200000	42249999	1.6903580540292755	1.9484871441	-0.2581290900707245
42250000	42299999	1.6903580540292755	1.9484871441	-0.2581290900707245
42300000	42349999	1.6903580540292755	1.9484871441	-0.2581290900707245
42350000	42399999	1.6903580540292755	1.9484871441	-0.2581290900707245
42400000	42449999	1.6903580540292755	1.9484871441	-0.2581290900707245
42450000	42499999	1.6903580540292755	1.9484871441	-0.2581290900707245
42500000	42549999	1.6903580540292755	1.9484871441	-0.2581290900707245
42550000	42599999	1.6903580540292755	1.9484871441	-0.2581290900707245
42600000	42649999	1.6903580540292755	1.9484871441	-0.2581290900707245
42650000	42699999	1.6903580540292755	1.9484871441	-0.2581290900707245
42700000	42749999	1.6903580540292755	1.9484871441	-0.2581290900707245
42750000	42799999	1.6903580540292755	1.9484871441	-0.2581290900707245
42800000	42849999	1.6903580540292755	1.9484871441	-0.2581290900707245
42850000	42899999	1.6903580540292755	1.9484871441	-0.2581290900707245
42900000	42949999	1.6903580540292755	1.9484871441	-0.2581290900707245
42950000	42999999	1.6903580540292755	1.9484871441	-0.2581290900707245
43000000	43049999	1.6903580540292755	1.9484871441	-0.2581290900707245
43050000	43099999	1.6903580540292755	1.9484871441	-0.2581290900707245
43100000	43149999	1.6903580540292755	1.9484871441	-0.2581290900707245
43150000	43199999	1.6903580540292755	1.9484871441	-0.2581290900707245
43200000	43249999	1.6903580540292755	1.9484871441	-0.2581290900707245
43250000	43299999	1.6903580540292755	1.9484871441	-0.2581290900707245
43300000	43349999	1.6903580540292755	1.9484871441	-0.2581290900707245
43350000	43399999	1.6903580540292755	1.9484871441	-0.2581290900707245
43400000	43449999	1.6903580540292755	1.9484871441	-0.2581290900707245
43450000	43499999	1.6903580540292755	1.9484871441	-0.2581290900707245
43500000	43549999	1.6903580540292755	1.9484871441	-0.2581290900707245
43550000	43599999	1.6903580540292755	1.9484871441	-0.2581290900707245
43600000	43649999	1.6903580540292755	1.9484871441	-0.2581290900707245
43650000	43699999	1.6903580540292755	1.9484871441	-0.2581290900707245
43700000	43749999	1.6903580540292755	1.9484871441	-0.2581290900707245
43750000	43799999	1.6903580540292755	1.9484871441	-0.2581290900707245
43800000	43849999	1.6903580540292755	1.9484871441	-0.2581290900707245
43850000	43899999	1.6903580540292755	1.9484871441	-0.2581290900707245
43900000	43949999	1.6903580540292755	1.9484871441	-0.2581290900707245
43950000	43999999	1.6903580540292755	1.9484871441	-0.2581290900707245
44000000	44049999	1.6903580540292755	1.9484871441	-0.2581290900707245
44050000	44099999	1.6903580540292755	1.9484871441	-0.2581290900707245
44100000	44149999	1.6903580540292755	1.9484871441	-0.2581290900707245
44150000	44199999	1.6903580540292755	1.9484871441	-0.2581290900707245
44200000	44249999	1.6903580540292755	1.9484871441	-0.2581290900707245
44250000	44299999	1.6903580540292755	1.9484871441	-0.2581290900707245
44300000	44349999	1.6903580540292755	1.9484871441	-0.2581290900707245
44350000	44399999	1.6903580540292755	1.9484871441	-0.2581290900707245
44400000	44449999	1.6903580540292755	1.9484871441	-0.2581290900707245
44450000	44499999	1.6903580540292755	1.9484871441	-0.2581290900707245
44500000	44549999	1.6903580540292755	1.9484871441	-0.2581290900707245
44550000	44599999	1.6903580540292755	1.9484871441	-0.2581290900707245
44600000	44649999	1.6903580540292755	1.9484871441	-0.2581290900707245
44650000	44699999	1.6903580540292755	1.9484871441	-0.2581290900707245
44700000	44749999	1.6903580540292755	1.9484871441	-0.2581290900707245
44750000	44799999	1.6903580540292755	1.9484871441	-0.2581290900707245
44800000	44849999	1.6903580540292755	1.9484871441	-0.2581290900707245
44850000	44899999	1.6903580540292755	1.9484871441	-0.2581290900707245
44900000	44949999	1.6903580540292755	1.9484871441	-0.2581290900707245
44950000	44999999	1.6903580540292755	1.9484871441	-0.2581290900707245
45000000	45049999	1.6903580540292755	1.9484871441	-0.2581290900707245
45050000	45099999	1.6903580540292755	1.9484871441	-0.2581290900707245
45100000	45149999	1.6903580540292755	1.9484871441	-0.2581290900707245
45150000	45199999	1.6903580540292755	1.9484871441	-0.2581290900707245
45200000	45249999	1.6903580540292755	1.9484871441	-0.2581290900707245
45250000	45299999	1.6903580540292755	1.9484871441	-0.2581290900707245
45300000	45349999	1.6903580540292755	1.9484871441	-0.2581290900707245
45350000	45399999	1.6903580540292755	1.9484871441	-0.2581290900707245
45400000	45449999	1.6903580540292755	1.9484871441	-0.2581290900707245
45450000	45499999	1.6903580540292755	1.9484871441	-0.2581290900707245
45500000	45549999	1.6903580540292755	1.9484871441	-0.2581290900707245
45550000	45599999	1.6903580540292755	1.9484871441	-0.2581290900707245
45600000	45649999	1.6903580540292755	1.9484871441	-0.2581290900707245
45650000	45699999	1.6903580540292755	1.9484871441	-0.2581290900707245
45700000	45749999	1.6903580540292755	1.9484871441	-0.2581290900707245
45750000	45799999	1.6903580540292755	1.9484871441	-0.2581290900707245
45800000	45849999	1.6903580540292755	1.9484871441	-0.2581290900707245
45850000	45899999	1.6903580540292755	1.9484871441	-0.2581290900707245
45900000	45949999	1.6903580540292755	1.9484871441	-0.2581290900707245
45950000	45999999	1.6903580540292755	1.9484871441	-0.2581290900707245
46000000	46049999	1.6903580540292755	1.9484871441	-0.2581290900707245
46050000	46099999	1.6903580540292755	1.9484871441	-0.2581290900707245
46100000	46149999	1.6903580540292755	1.9484871441	-0.2581290900707245
46150000	46199999	1.6903580540292755	1.9484871441	-0.2581290900707245
46200000	46249999	1.6903580540292755	1.9484871441	-0.2581290900707245
46250000	46299999	1.6903580540292755	1.9484871441	-0.2581290900707245
46300000	46349999	1.6903580540292755	1.9484871441	-0.2581290900707245
46350000	46399999	23.139135488529273	1.9484871441	21.190648344429274
46400000	46449999	24.10815592707041	1.9484871441	22.15966878297041
46450000	46499999	3.6408333325	1.9484871441	1.6923461884000002
46500000	46549999	1.7654443626395446	1.9484871441	-0.18304278146045538
46550000	46599999	1.8437580462206895	1.9484871441	-0.1047290978793105
46600000	46649999	2.225652418342439	1.9484871441	0.2771652742424391
46650000	46699999	1.4265303698520477	1.9484871441	-0.5219567742479523
46700000	46749999	2.1269159162770315	1.9484871441	0.17842877217703146
46750000	46799999	2.7928634854	1.9484871441	0.8443763412999998
46800000	46849999	2.2981147283753356	1.9484871441	0.3496275842753356
46850000	46899999	1.9926561782917855	1.9484871441	0.04416903419178553
46900000	46949999	2.471589199647461	1.9484871441	0.523102055547461
46950000	46999999	1.5525236105632507	1.9484871441	-0.3959635335367493
47000000	47049999	2.188358446282602	1.9484871441	0.239871302182602
47050000	47099999	2.3730228725472307	1.9484871441	0.42453572844723064
47100000	47149999	2.508585647068866	1.9484871441	0.5600985029688661
47150000	47199999	1.9438126909111877	1.9484871441	-0.004674453188812322
47200000	47249999	1.7974013050917619	1.9484871441	-0.15108583900823813
47250000	47299999	2.2380810114599523	1.9484871441	0.2895938673599523
47300000	47349999	2.4809223273577583	1.9484871441	0.5324351832577583
47350000	47399999	2.571867866595273	1.9484871441	0.623380722495273
47400000	47449999	2.6490599576759246	1.9484871441	0.7005728135759246
47450000	47499999	2.404532719967227	1.9484871441	0.4560455758672268
47500000	47549999	2.505851742934767	1.9484871441	0.5573645988347669
47550000	47599999	2.4019949737711106	1.9484871441	0.4535078296711106
47600000	47649999	2.6305237888083672	1.9484871441	0.6820366447083672
47650000	47699999	1.953354159147069	1.9484871441	0.004867015047068879
47700000	47749999	1.5816108668406799	1.9484871441	-0.36687627725932015
47750000	47799999	1.741671598521814	1.9484871441	-0.20681554557818593
47800000	47849999	1.9558561187136483	1.9484871441	0.0073689746136482714
47850000	47899999	1.59675294078657	1.9484871441	-0.3517342033134301
47900000	47949999	1.663026647160329	1.9484871441	-0.285460496939671
47950000	47999999	1.897025411858011	1.9484871441	-0.05146173224198902
48000000	48049999	2.1014457104121016	1.9484871441	0.15295856631210158
48050000	48099999	1.7668667600075225	1.9484871441	-0.1816203840924775
48100000	48149999	1.8169511697913734	1.9484871441	-0.13153597430862662
48150000	48199999	1.4587202618629518	1.9484871441	-0.48976688223704823
48200000	48249999	1.0457304335260926	1.9484871441	-0.9027567105739074
48250000	48299999	1.5749169726590515	1.9484871441	-0.3735701714409485
48300000	48349999	2.6475023725583755	1.9484871441	0.6990152284583755
48350000	48399999	1.851011863596167	1.9484871441	-0.09747528050383303
48400000	48449999	2.1560495197762037	1.9484871441	0.20756237567620373
48450000	48499999	2.111348492498633	1.9484871441	0.16286134839863298
48500000	48549999	1.9708849963157693	1.9484871441	0.022397852215769287
48550000	48599999	1.8517350395626542	1.9484871441	-0.09675210453734584
48600000	48649999	2.346287484333783	1.9484871441	0.3978003402337831
48650000	48699999	0.9267673309	1.9484871441	-1.0217198132
48700000	48749999	0.8474730484489625	1.9484871441	-1.1010140956510375
48750000	48799999	1.6680586753835227	1.9484871441	-0.2804284687164773
48800000	48849999	1.6643072348356753	1.9484871441	-0.2841799092643247
48850000	48899999	1.6962453412049956	1.9484871441	-0.2522418028950044
48900000	48949999	1.6398135116401673	1.9484871441	-0.3086736324598327
48950000	48999999	1.4726751112817351	1.9484871441	-0.4758120328182649
49000000	49049999	1.3698961226261779	1.9484871441	-0.5785910214738221
49050000	49099999	1.5887335110429608	1.9484871441	-0.3597536330570392
49100000	49149999	1.7683987121485611	1.9484871441	-0.18008843195143887
49150000	49199999	1.873113977968766	1.9484871441	-0.07537316613123402
49200000	49249999	1.6577882392390921	1.9484871441	-0.2906989048609079
49250000	49299999	1.6775091730566691	1.9484871441	-0.2709779710433309
49300000	49349999	1.6618331524213337	1.9484871441	-0.28665399167866634
49350000	49399999	1.1312932349169555	1.9484871441	-0.8171939091830445
49400000	49449999	0.9565957793588745	1.9484871441	-0.9918913647411255
49450000	49499999	1.5593894933600143	1.9484871441	-0.3890976507399857
49500000	49549999	1.5755803784522895	1.9484871441	-0.3729067656477105
49550000	49599999	1.8040865194338513	1.9484871441	-0.14440062466614867
49600000	49649999	1.7250621396692003	1.9484871441	-0.2234250044307997
49650000	49699999	1.8080097967384887	1.9484871441	-0.1404773473615113
49700000	49749999	1.7506505607857443	1.9484871441	-0.1978365833142557
49750000	49799999	1.7166510682249079	1.9484871441	-0.23183607587509214
49800000	49849999	1.7913506433603656	1.9484871441	-0.15713650073963437
49850000	49899999	1.770604829781703	1.9484871441	-0.17788231431829704
49900000	49949999	2.1009741856992994	1.9484871441	0.15248704159929938
49950000	49999999	1.606986858961905	1.9484871441	-0.34150028513809505
50000000	50049999	1.6537949177201325	1.9484871441	-0.2946922263798675
50050000	50099999	1.944974030855539	1.9484871441	-0.003513113244461019
50100000	50149999	2.4034996831437345	1.9484871441	0.4550125390437345
50150000	50199999	2.4867213717475405	1.9484871441	0.5382342276475405
50200000	50249999	2.011962301077582	1.9484871441	0.06347515697758199
50250000	50299999	2.248475170054284	1.9484871441	0.299988025954284
50300000	50349999	2.7067515469212404	1.9484871441	0.7582644028212404
50350000	50399999	2.011915811439557	1.9484871441	0.06342866733955699
50400000	50449999	1.7361428912563537	1.9484871441	-0.21234425284364633
50450000	50499999	2.4643524272854673	1.9484871441	0.5158652831854673
50500000	50549999	2.179423888738064	1.9484871441	0.2309367446380639
50550000	50599999	1.6558854554544875	1.9484871441	-0.2926016886455125
50600000	50649999	1.9536556242834373	1.9484871441	0.005168480183437296
50650000	50699999	1.7765913948014695	1.9484871441	-0.17189574929853046
50700000	50749999	1.7394646743717515	1.9484871441	-0.20902246972824856
50750000	50799999	2.557301222636151	1.9484871441	0.6088140785361511
50800000	50849999	2.0089035010301757	1.9484871441	0.06041635693017566
50850000	50899999	1.480856901649246	1.9484871441	-0.4676302424507539
50900000	50949999	1.5879369837041015	1.9484871441	-0.3605501603958985
50950000	50999999	1.628276745293379	1.9484871441	-0.32021039880662094
51000000	51049999	1.5459278989284775	1.9484871441	-0.40255924517152253
51050000	51099999	1.5854759711019486	1.9484871441	-0.3630111729980514
51100000	51149999	1.4670238869826828	1.9484871441	-0.4814632571173172
51150000	51199999	1.358738267083139	1.9484871441	-0.5897488770168611
51200000	51249999	1.1785168677673676	1.9484871441	-0.7699702763326324
51250000	51299999	1.3350381606881638	1.9484871441	-0.6134489834118362
51300000	51349999	1.5845636831958165	1.9484871441	-0.3639234609041835
51350000	51399999	1.4289023753670753	1.9484871441	-0.5195847687329247
51400000	51449999	1.4380641397439438	1.9484871441	-0.5104230043560563
51450000	51499999	1.5419971048819991	1.9484871441	-0.40649003921800086
51500000	51549999	1.558243564462925	1.9484871441	-0.3902435796370751
51550000	51599999	1.4088850917549782	1.9484871441	-0.5396020523450218
51600000	51649999	1.5189302442846513	1.9484871441	-0.4295568998153487
51650000	51699999	1.5160924086900742	1.9484871441	-0.4323947354099258
51700000	51749999	1.5634206412409417	1.9484871441	-0.3850665028590583
51750000	51799999	1.7828834708573296	1.9484871441	-0.16560367324267045
51800000	51849999	1.260079692581369	1.9484871441	-0.6884074515186309
51850000	51899999	1.3133107243584716	1.9484871441	-0.6351764197415284
51900000	51949999	1.5492795668965942	1.9484871441	-0.39920757720340583
51950000	51999999	1.4369239575367843	1.9484871441	-0.5115631865632158
52000000	52049999	1.1634809482259827	1.9484871441	-0.7850061958740173
52050000	52099999	1.0515912013711977	1.9484871441	-0.8968959427288024
52100000	52149999	1.4223703933303375	1.9484871441	-0.5261167507696625
52150000	52199999	1.3155966631651093	1.9484871441	-0.6328904809348908
52200000	52249999	1.5859748451731865	1.9484871441	-0.36251229892681347
52250000	52299999	1.556182126733467	1.9484871441	-0.392305017366533
52300000	52349999	1.5878018911020781	1.9484871441	-0.36068525299792187
52350000	52399999	1.6441310521245573	1.9484871441	-0.30435609197544267
52400000	52449999	1.8341964093457612	1.9484871441	-0.11429073475423879
52450000	52499999	1.7525402681612816	1.9484871441	-0.1959468759387184
52500000	52549999	1.650182460346505	1.9484871441	-0.29830468375349506
52550000	52599999	1.6256929898509842	1.9484871441	-0.3227941542490158
52600000	52649999	1.618017130083361	1.9484871441	-0.330470014016639
52650000	52699999	1.281348158361197	1.9484871441	-0.667138985738803
52700000	52749999	1.6076446024972382	1.9484871441	-0.34084254160276184
52750000	52799999	1.4596558911072952	1.9484871441	-0.4888312529927048
52800000	52849999	1.3589387381062217	1.9484871441	-0.5895484059937783
52850000	52899999	1.6016641849755646	1.9484871441	-0.3468229591244354
52900000	52949999	1.2832943646591035	1.9484871441	-0.6651927794408965
52950000	52999999	1.4612898733101838	1.9484871441	-0.48719727078981623
53000000	53049999	1.1124769719263672	1.9484871441	-0.8360101721736328
53050000	53099999	0.9162623647000001	1.9484871441	-1.0322247794
53100000	53149999	2.454242593025458	1.9484871441	0.5057554489254579
53150000	53199999	2.313812189383534	1.9484871441	0.36532504528353416
53200000	53249999	2.870374514210715	1.9484871441	0.9218873701107149
53250000	53299999	2.6567000168151917	1.9484871441	0.7082128727151917
53300000	53349999	2.228292636859639	1.9484871441	0.27980549275963895
53350000	53399999	1.6164557621400177	1.9484871441	-0.3320313819599823
53400000	53449999	1.9674414184742803	1.9484871441	0.018954274374280322
53450000	53499999	2.0697766803352096	1.9484871441	0.12128953623520955
53500000	53549999	1.394916661100769	1.9484871441	-0.553570482999231
53550000	53599999	0.9754369152415588	1.9484871441	-0.9730502288584412
53600000	53649999	1.757785397641275	1.9484871441	-0.19070174645872506
53650000	53699999	2.147907711866875	1.9484871441	0.19942056776687478
53700000	53749999	2.1003270879706863	1.9484871441	0.15183994387068633
53750000	53799999	1.862201329620819	1.9484871441	-0.08628581447918093
53800000	53849999	1.9746166140041381	1.9484871441	0.026129469904138114
53850000	53899999	2.307546196004544	1.9484871441	0.359059051904544
53900000	53949999	1.5855069341840393	1.9484871441	-0.3629802099159607
53950000	53999999	1.578922967866028	1.9484871441	-0.3695641762339721
54000000	54049999	1.587919868128537	1.9484871441	-0.3605672759714631
54050000	54099999	1.5640637058406082	1.9484871441	-0.38442343825939185
54100000	54149999	1.7598278459086212	1.9484871441	-0.18865929819137883
54150000	54199999	1.5200269956503236	1.9484871441	-0.4284601484496764
54200000	54249999	1.4932704957124239	1.9484871441	-0.45521664838757614
54250000	54299999	1.3629636197251527	1.9484871441	-0.5855235243748473
54300000	54349999	1.2163135822040314	1.9484871441	-0.7321735618959686
54350000	54399999	1.5467642271111557	1.9484871441	-0.4017229169888443
54400000	54449999	1.7399555893157777	1.9484871441	-0.20853155478422236
54450000	54499999	1.8583033069063106	1.9484871441	-0.09018383719368939
54500000	54549999	1.721042346697692	1.9484871441	-0.22744479740230794
54550000	54599999	1.5358896862091431	1.9484871441	-0.4125974578908569
54600000	54649999	1.3827500047517183	1.9484871441	-0.5657371393482817
54650000	54699999	1.3729227677647247	1.9484871441	-0.5755643763352754
54700000	54749999	1.7350162815676469	1.9484871441	-0.21347086253235315
54750000	54799999	1.8918014028217003	1.9484871441	-0.05668574127829973
54800000	54849999	1.581063724154724	1.9484871441	-0.36742341994527594
54850000	54899999	1.5858203812882874	1.9484871441	-0.3626667628117126
54900000	54949999	2.153844283540796	1.9484871441	0.20535713944079603
54950000	54999999	1.367948717296222	1.9484871441	-0.5805384268037781
55000000	55049999	1.3729214774576781	1.9484871441	-0.5755656666423219
55050000	55099999	1.3038208928154296	1.9484871441	-0.6446662512845704
55100000	55149999	1.5138048764792282	1.9484871441	-0.4346822676207718
55150000	55199999	1.7142917315502038	1.9484871441	-0.23419541254979626
55200000	55249999	1.8719877642006977	1.9484871441	-0.07649937989930233
55250000	55299999	1.5771873467408724	1.9484871441	-0.37129979735912766
55300000	55349999	1.2978481477030517	1.9484871441	-0.6506389963969483
55350000	55399999	1.561159700833426	1.9484871441	-0.3873274432665741
55400000	55449999	1.9308658550817581	1.9484871441	-0.017621289018241892
55450000	55499999	1.0663641818002259	1.9484871441	-0.8821229622997742
55500000	55549999	1.4576425088282197	1.9484871441	-0.49084463527178035
55550000	55599999	2.9344490918162536	1.9484871441	0.9859619477162536
55600000	55649999	2.5000901714286132	1.9484871441	0.5516030273286132
55650000	55699999	1.5421423902462403	1.9484871441	-0.4063447538537597
55700000	55749999	1.2716167156845826	1.9484871441	-0.6768704284154174
55750000	55799999	1.8034226231818864	1.9484871441	-0.14506452091811362
55800000	55849999	2.2884544246830503	1.9484871441	0.33996728058305026
55850000	55899999	1.331784627503537	1.9484871441	-0.616702516596463
55900000	55949999	1.505280127102655	1.9484871441	-0.443207016997345
55950000	55999999	2.163181652379942	1.9484871441	0.21469450827994185
56000000	56049999	2.5538104094545684	1.9484871441	0.6053232653545684
56050000	56099999	2.0148903527658115	1.9484871441	0.06640320866581151
56100000	56149999	2.089937178357361	1.9484871441	0.1414500342573608
56150000	56199999	2.2788349252592166	1.9484871441	0.3303477811592166
56200000	56249999	2.0015325449817536	1.9484871441	0.05304540088175358
56250000	56299999	2.4276493129957766	1.9484871441	0.47916216889577656
56300000	56349999	2.051035696350067	1.9484871441	0.1025485522500671
56350000	56399999	1.3929114392871156	1.9484871441	-0.5555757048128844
56400000	56449999	1.8637066306269676	1.9484871441	-0.08478051347303239
56450000	56499999	2.5065913774994675	1.9484871441	0.5581042333994675
56500000	56549999	2.7440931881669433	1.9484871441	0.7956060440669432
56550000	56599999	2.234968408869281	1.9484871441	0.28648126476928093
56600000	56649999	2.3141544316624603	1.9484871441	0.36566728756246025
56650000	56699999	2.8509525024869875	1.9484871441	0.9024653583869875
56700000	56749999	1.796626575534014	1.9484871441	-0.15186056856598595
56750000	56799999	2.152921204003201	1.9484871441	0.20443405990320107
56800000	56849999	2.258605282394751	1.9484871441	0.3101181382947509
56850000	56899999	1.869998738731555	1.9484871441	-0.07848840536844492
56900000	56949999	2.5532064685009583	1.9484871441	0.6047193244009583
56950000	56999999	2.054153812193384	1.9484871441	0.10566666809338399
57000000	57049999	2.306358761994937	1.9484871441	0.3578716178949368
57050000	57099999	2.252110466982524	1.9484871441	0.3036233228825238
57100000	57149999	2.3055382693190793	1.9484871441	0.35705112521907933
57150000	57199999	2.643612473101471	1.9484871441	0.695125329001471
57200000	57249999	2.0723713685883083	1.9484871441	0.12388422448830827
57250000	57299999	2.4247552867910676	1.9484871441	0.47626814269106754
57300000	57349999	1.7851868736178436	1.9484871441	-0.16330027048215645
57350000	57399999	2.8890178882835817	1.9484871441	0.9405307441835817
57400000	57449999	2.1598194410577896	1.9484871441	0.21133229695778954
57450000	57499999	1.8074462190452607	1.9484871441	-0.1410409250547393
57500000	57549999	2.544334196263409	1.9484871441	0.5958470521634092
57550000	57599999	1.9469075368924873	1.9484871441	-0.001579607207512712
57600000	57649999	2.171162459814072	1.9484871441	0.22267531571407195
57650000	57699999	2.885293472870563	1.9484871441	0.936806328770563
57700000	57749999	3.1565352958108766	1.9484871441	1.2080481517108765
57750000	57799999	1.8930991390986756	1.9484871441	-0.05538800500132446
57800000	57849999	2.3857646205468352	1.9484871441	0.43727747644683523
57850000	57899999	2.7013048077560913	1.9484871441	0.7528176636560913
57900000	57949999	2.077481181775984	1.9484871441	0.12899403767598416
57950000	57999999	2.8524895974438476	1.9484871441	0.9040024533438475
58000000	58049999	1.78671723004319	1.9484871441	-0.16176991405681007
58050000	58099999	2.0073530717907726	1.9484871441	0.05886592769077259
58100000	58149999	2.538634516512463	1.9484871441	0.5901473724124631
58150000	58199999	1.8097921015294616	1.9484871441	-0.13869504257053844
58200000	58249999	2.105600102679758	1.9484871441	0.15711295857975793
58250000	58299999	2.9809147172826114	1.9484871441	1.0324275731826114
58300000	58349999	2.213996470868847	1.9484871441	0.26550932676884687
58350000	58399999	1.828752316225583	1.9484871441	-0.11973482787441703
58400000	58449999	2.8168130309267028	1.9484871441	0.8683258868267028
58450000	58499999	2.3924234564301603	1.9484871441	0.4439363123301603
58500000	58549999	0.8171831753000001	1.9484871441	-1.1313039688
58550000	58599999	1.7893393596086151	1.9484871441	-0.1591477844913849
58600000	58649999	2.699780127482965	1.9484871441	0.7512929833829651
58650000	58699999	1.992568604839477	1.9484871441	0.04408146073947705
58700000	58749999	1.980482654413751	1.9484871441	0.03199551031375103
58750000	58799999	1.284543616948285	1.9484871441	-0.6639435271517151
58800000	58849999	0.9358683011	1.9484871441	-1.012618843
58850000	58899999	1.50611063915643	1.9484871441	-0.44237650494356995
58900000	58949999	1.9234653726585706	1.9484871441	-0.025021771441429363
58950000	58999999	1.6136433001604324	1.9484871441	-0.33484384393956756
59000000	59049999	1.4326482760724122	1.9484871441	-0.5158388680275878
59050000	59099999	1.6852027830050078	1.9484871441	-0.2632843610949922
59100000	59149999	1.5142174838447633	1.9484871441	-0.4342696602552367
59150000	59199999	1.3521409412722076	1.9484871441	-0.5963462028277924
59200000	59249999	1.4160240734844787	1.9484871441	-0.5324630706155213
59250000	59299999	1.3074089881750488	1.9484871441	-0.6410781559249512
59300000	59349999	1.5472087438375763	1.9484871441	-0.4012784002624237
59350000	59399999	1.6057569239431166	1.9484871441	-0.34273022015688337
59400000	59449999	1.6251607142518099	1.9484871441	-0.32332642984819016
59450000	59499999	1.6049880552804474	1.9484871441	-0.3434990888195526
59500000	59549999	1.580875518464917	1.9484871441	-0.367611625635083
59550000	59599999	1.4731453143419448	1.9484871441	-0.47534182975805517
59600000	59649999	1.5985039636779328	1.9484871441	-0.3499831804220672
59650000	59699999	1.2991985398358459	1.9484871441	-0.6492886042641541
59700000	59749999	1.2171636966306336	1.9484871441	-0.7313234474693664
59750000	59799999	1.4024991596795227	1.9484871441	-0.5459879844204774
59800000	59849999	1.4004785969594664	1.9484871441	-0.5480085471405336
59850000	59899999	1.3767493981093963	1.9484871441	-0.5717377459906037
59900000	59949999	1.4908877456299072	1.9484871441	-0.4575993984700928
59950000	59999999	1.5055410203932709	1.9484871441	-0.44294612370672914
60000000	60049999	1.1837662556305877	1.9484871441	-0.7647208884694123
60050000	60099999	1.478487923027356	1.9484871441	-0.469999221072644
60100000	60149999	1.0633178662517273	1.9484871441	-0.8851692778482727
60150000	60199999	1.1587020563382997	1.9484871441	-0.7897850877617003
60200000	60249999	1.1768028572345886	1.9484871441	-0.7716842868654115
60250000	60299999	1.1866916190653534	1.9484871441	-0.7617955250346466
60300000	60349999	1.2400092997302674	1.9484871441	-0.7084778443697326
60350000	60399999	1.1234100953566162	1.9484871441	-0.8250770487433838
60400000	60449999	1.2792760747510101	1.9484871441	-0.6692110693489899
60450000	60499999	1.320398224661258	1.9484871441	-0.628088919438742
60500000	60549999	1.312534398345349	1.9484871441	-0.635952745754651
60550000	60599999	1.0969396311977784	1.9484871441	-0.8515475129022216
60600000	60649999	1.0578801567807434	1.9484871441	-0.8906069873192566
60650000	60699999	1.2702225900503663	1.9484871441	-0.6782645540496337
60700000	60749999	1.316884626624405	1.9484871441	-0.631602517475595
60750000	60799999	1.5392219251293242	1.9484871441	-0.4092652189706758
60800000	60849999	1.4133026294526552	1.9484871441	-0.5351845146473448
60850000	60899999	1.3150746305733307	1.9484871441	-0.6334125135266693
60900000	60949999	1.1418933620456055	1.9484871441	-0.8065937820543945
60950000	60999999	1.2219367520905304	1.9484871441	-0.7265503920094696
61000000	61049999	1.273254791474225	1.9484871441	-0.6752323526257751
61050000	61099999	1.370030342223236	1.9484871441	-0.578456801876764
61100000	61149999	1.4387291827763276	1.9484871441	-0.5097579613236725
61150000	61199999	1.250807344039099	1.9484871441	-0.697679800060901
61200000	61249999	1.2009227801947449	1.9484871441	-0.7475643639052552
61250000	61299999	1.3296270661700347	1.9484871441	-0.6188600779299653
61300000	61349999	1.4287092126241638	1.9484871441	-0.5197779314758362
61350000	61399999	1.4917868639823824	1.9484871441	-0.45670028011761765
61400000	61449999	1.3742369303187836	1.9484871441	-0.5742502137812164
61450000	61499999	1.3744526728512176	1.9484871441	-0.5740344712487824
61500000	61549999	1.449690971185791	1.9484871441	-0.49879617291420897
61550000	61599999	1.0552075541509582	1.9484871441	-0.8932795899490418
61600000	61649999	1.177795722006717	1.9484871441	-0.770691422093283
61650000	61699999	1.4959406944334535	1.9484871441	-0.45254644966654656
61700000	61749999	1.5309599321038696	1.9484871441	-0.4175272119961304
61750000	61799999	1.575666321232538	1.9484871441	-0.3728208228674621
61800000	61849999	1.0620898483770875	1.9484871441	-0.8863972957229125
61850000	61899999	1.1892217581453615	1.9484871441	-0.7592653859546385
61900000	61949999	1.3435081236150817	1.9484871441	-0.6049790204849184
61950000	61999999	0.8678920694310182	1.9484871441	-1.0805950746689819
62000000	62049999	1.2290925065077698	1.9484871441	-0.7193946375922302
62050000	62099999	1.0091698282279602	1.9484871441	-0.9393173158720398
62100000	62149999	0.9890669267585449	1.9484871441	-0.9594202173414551
62150000	62199999	0.8160267545314637	1.9484871441	-1.1324603895685363
62200000	62249999	0.8711739501	1.9484871441	-1.077313194
62250000	62299999	1.0584570891886413	1.9484871441	-0.8900300549113587
62300000	62349999	1.2048853082663817	1.9484871441	-0.7436018358336183
62350000	62399999	1.4085218996518556	1.9484871441	-0.5399652444481444
62400000	62449999	1.2764503110126495	1.9484871441	-0.6720368330873505
62450000	62499999	1.4614653084638	1.9484871441	-0.48702183563619994
62500000	62549999	1.122162310493457	1.9484871441	-0.826324833606543
62550000	62599999	1.160006271090155	1.9484871441	-0.7884808730098449
62600000	62649999	1.5418176662020378	1.9484871441	-0.40666947789796226
62650000	62699999	1.1837969839811981	1.9484871441	-0.7646901601188019
62700000	62749999	1.3026028063908692	1.9484871441	-0.6458843377091308
62750000	62799999	1.027672385006891	1.9484871441	-0.9208147590931091
62800000	62849999	1.430544800006726	1.9484871441	-0.517942344093274
62850000	62899999	1.2238335836271577	1.9484871441	-0.7246535604728424
62900000	62949999	1.294862928810437	1.9484871441	-0.653624215289563
62950000	62999999	1.4063338553607514	1.9484871441	-0.5421532887392486
63000000	63049999	0.9223456454608705	1.9484871441	-1.0261414986391295
63050000	63099999	1.3449400432821288	1.9484871441	-0.6035471008178712
63100000	63149999	1.5727104594377197	1.9484871441	-0.3757766846622803
63150000	63199999	1.2214625718318481	1.9484871441	-0.7270245722681519
63200000	63249999	1.1513761649646486	1.9484871441	-0.7971109791353514
63250000	63299999	1.2857448437147034	1.9484871441	-0.6627423003852966
63300000	63349999	0.8396819132050966	1.9484871441	-1.1088052308949035
63350000	63399999	0.8790083437529357	1.9484871441	-1.0694788003470643
63400000	63449999	0.7271490211976075	1.9484871441	-1.2213381229023925
63450000	63499999	1.2984607610299865	1.9484871441	-0.6500263830700135
63500000	63549999	1.4548009395600403	1.9484871441	-0.4936862045399597
63550000	63599999	1.4628328318874084	1.9484871441	-0.4856543122125916
63600000	63649999	1.269590038406366	1.9484871441	-0.6788971056936339
63650000	63699999	1.1889601822826141	1.9484871441	-0.7595269618173859
63700000	63749999	1.2050831794435424	1.9484871441	-0.7434039646564576
63750000	63799999	1.5145845296721436	1.9484871441	-0.4339026144278564
63800000	63849999	1.4930052028753693	1.9484871441	-0.4554819412246307
63850000	63899999	1.1636183316591675	1.9484871441	-0.7848688124408325
63900000	63949999	1.3900075527775513	1.9484871441	-0.5584795913224487
63950000	63999999	1.210392317604718	1.9484871441	-0.738094826495282
64000000	64049999	1.5964584223988374	1.9484871441	-0.3520287217011626
64050000	64099999	1.4946027980356018	1.9484871441	-0.4538843460643982
64100000	64149999	1.2975992161268066	1.9484871441	-0.6508879279731934
64150000	64199999	1.3577688947776092	1.9484871441	-0.5907182493223908
64200000	64249999	1.2968812403337129	1.9484871441	-0.6516059037662871
64250000	64299999	1.1405500297997406	1.9484871441	-0.8079371143002594
64300000	64349999	1.157664384158963	1.9484871441	-0.7908227599410371
64350000	64399999	1.46192745947471	1.9484871441	-0.48655968462529
64400000	64449999	1.4641552625047272	1.9484871441	-0.48433188159527285
64450000	64499999	1.379203535397766	1.9484871441	-0.5692836087022339
64500000	64549999	1.4571087849685547	1.9484871441	-0.49137835913144534
64550000	64599999	1.182801511867041	1.9484871441	-0.765685632232959
64600000	64649999	1.2824409906187897	1.9484871441	-0.6660461534812103
64650000	64699999	1.4065864020393768	1.9484871441	-0.5419007420606232
64700000	64749999	1.5806180546437774	1.9484871441	-0.36786908945622265
64750000	64799999	1.283039337640854	1.9484871441	-0.665447806459146
64800000	64849999	1.213747876018274	1.9484871441	-0.734739268081726
64850000	64899999	1.125431455602893	1.9484871441	-0.823055688497107
64900000	64949999	1.439087296714145	1.9484871441	-0.509399847385855
64950000	64999999	1.1963237646699951	1.9484871441	-0.7521633794300049
65000000	65049999	1.0412772370445191	1.9484871441	-0.9072099070554809
65050000	65099999	1.1774711674260223	1.9484871441	-0.7710159766739777
65100000	65149999	1.1297036168819459	1.9484871441	-0.8187835272180541
65150000	65199999	0.9277978851509705	1.9484871441	-1.0206892589490295
65200000	65249999	1.0509833879629884	1.9484871441	-0.8975037561370116
65250000	65299999	0.9555638693891968	1.9484871441	-0.9929232747108032
65300000	65349999	1.216410181909134	1.9484871441	-0.732076962190866
65350000	65399999	1.43998337665905	1.9484871441	-0.50850376744095
65400000	65449999	1.4289144940023315	1.9484871441	-0.5195726500976685
65450000	65499999	1.4851557116850618	1.9484871441	-0.46333143241493824
65500000	65549999	1.3249191316984374	1.9484871441	-0.6235680124015626
65550000	65599999	1.07171047025813	1.9484871441	-0.8767766738418701
65600000	65649999	1.3789052444310304	1.9484871441	-0.5695818996689697
65650000	65699999	1.4412017977025635	1.9484871441	-0.5072853463974365
65700000	65749999	1.322398761443158	1.9484871441	-0.626088382656842
65750000	65799999	1.66194748931902	1.9484871441	-0.28653965478098
65800000	65849999	1.9373648729295196	1.9484871441	-0.011122271170480369
65850000	65899999	1.6500334806439958	1.9484871441	-0.2984536634560042
65900000	65949999	1.6647824758092162	1.9484871441	-0.2837046682907838
65950000	65999999	1.6957642018973274	1.9484871441	-0.25272294220267266
66000000	66049999	1.8037127252012206	1.9484871441	-0.1447744188987794
66050000	66099999	1.574218204249971	1.9484871441	-0.37426893985002896
66100000	66149999	1.5414492248091491	1.9484871441	-0.40703791929085087
66150000	66199999	1.5587271972951477	1.9484871441	-0.38975994680485226
66200000	66249999	1.696015484785415	1.9484871441	-0.25247165931458504
66250000	66299999	1.4687909085311157	1.9484871441	-0.4796962355688843
66300000	66349999	1.2543298419525328	1.9484871441	-0.6941573021474672
66350000	66399999	1.0263396812467467	1.9484871441	-0.9221474628532533
66400000	66449999	1.7585024612041398	1.9484871441	-0.18998468289586024
66450000	66499999	2.5765152375400815	1.9484871441	0.6280280934400815
66500000	66549999	2.0264239889172493	1.9484871441	0.07793684481724927
66550000	66599999	3.0537957131035216	1.9484871441	1.1053085690035216
66600000	66649999	1.807010342074443	1.9484871441	-0.141476802025557
66650000	66699999	2.3059848111768053	1.9484871441	0.3574976670768053
66700000	66749999	2.680806535866141	1.9484871441	0.7323193917661408
66750000	66799999	2.063059119838586	1.9484871441	0.11457197573858613
66800000	66849999	2.9181782459907346	1.9484871441	0.9696911018907346
66850000	66899999	2.0872105230210445	1.9484871441	0.13872337892104447
66900000	66949999	1.7482401646096009	1.9484871441	-0.20024697949039916
66950000	66999999	2.2837505198362162	1.9484871441	0.33526337573621623
67000000	67049999	2.180891791009813	1.9484871441	0.2324046469098131
67050000	67099999	3.147731575928235	1.9484871441	1.1992444318282351
67100000	67149999	3.0681554877441712	1.9484871441	1.1196683436441712
67150000	67199999	1.9933547834151826	1.9484871441	0.04486763931518256
67200000	67249999	1.7901112652469453	1.9484871441	-0.1583758788530547
67250000	67299999	2.187484213268148	1.9484871441	0.238997069168148
67300000	67349999	2.3867969038073946	1.9484871441	0.4383097597073946
67350000	67399999	3.2340364256000003	1.9484871441	1.2855492815000003
67400000	67449999	2.6270538543988833	1.9484871441	0.6785667102988833
67450000	67499999	2.377799193150694	1.9484871441	0.4293120490506941
67500000	67549999	1.8570668048442445	1.9484871441	-0.09142033925575554
67550000	67599999	2.0320770769702694	1.9484871441	0.08358993287026939
67600000	67649999	3.1742057577000002	1.9484871441	1.2257186136000002
67650000	67699999	1.4826525529354249	1.9484871441	-0.46583459116457515
67700000	67749999	1.530639878884726	1.9484871441	-0.41784726521527404
67750000	67799999	2.7213733274558045	1.9484871441	0.7728861833558045
67800000	67849999	2.487199214685948	1.9484871441	0.538712070585948
67850000	67899999	2.5412096878456634	1.9484871441	0.5927225437456634
67900000	67949999	2.7185484117308105	1.9484871441	0.7700612676308105
67950000	67999999	2.094176274798828	1.9484871441	0.14568913069882816
68000000	68049999	3.2081247364135805	1.9484871441	1.2596375923135805
68050000	68099999	2.437769189511983	1.9484871441	0.48928204541198284
68100000	68149999	1.9730731327922058	1.9484871441	0.02458598869220574
68150000	68199999	2.795388976368451	1.9484871441	0.846901832268451
68200000	68249999	2.3143991562922563	1.9484871441	0.36591201219225633
68250000	68299999	1.8130921954093782	1.9484871441	-0.13539494869062185
68300000	68349999	3.008808044871576	1.9484871441	1.060320900771576
68350000	68399999	1.8132115342274429	1.9484871441	-0.13527560987255716
68400000	68449999	2.278810375870381	1.9484871441	0.33032323177038103
68450000	68499999	2.677343790985846	1.9484871441	0.7288566468858462
68500000	68549999	2.172538220975638	1.9484871441	0.22405107687563808
68550000	68599999	1.9997336670707444	1.9484871441	0.05124652297074439
68600000	68649999	2.303260382250525	1.9484871441	0.35477323815052486
68650000	68699999	2.306948627096991	1.9484871441	0.358461482996991
68700000	68749999	1.7534022575077484	1.9484871441	-0.19508488659225165
68750000	68799999	3.1877976816	1.9484871441	1.2393105375000002
68800000	68849999	2.3598288588790832	1.9484871441	0.4113417147790832
68850000	68899999	1.787577726998221	1.9484871441	-0.16090941710177908
68900000	68949999	1.9866312512765487	1.9484871441	0.0381441071765487
68950000	68999999	2.383801063532996	1.9484871441	0.4353139194329958
69000000	69049999	2.878104652352789	1.9484871441	0.9296175082527891
69050000	69099999	2.8011949205024353	1.9484871441	0.8527077764024353
69100000	69149999	1.7031043023352173	1.9484871441	-0.24538284176478276
69150000	69199999	1.3123009363944458	1.9484871441	-0.6361862077055542
69200000	69249999	2.544918000450754	1.9484871441	0.5964308563507541
69250000	69299999	3.1034925498696717	1.9484871441	1.1550054057696717
69300000	69349999	1.5235749719711609	1.9484871441	-0.42491217212883914
69350000	69399999	1.4197509905778198	1.9484871441	-0.5287361535221802
69400000	69449999	1.9775900721155686	1.9484871441	0.029102928015568574
69450000	69499999	2.8864066740122896	1.9484871441	0.9379195299122896
69500000	69549999	2.6943647394324035	1.9484871441	0.7458775953324035
69550000	69599999	2.8357942993286986	1.9484871441	0.8873071552286986
69600000	69649999	3.0276213517388917	1.9484871441	1.0791342076388917
69650000	69699999	2.7499774151020002	1.9484871441	0.8014902710020002
69700000	69749999	1.8865564482650787	1.9484871441	-0.06193069583492128
69750000	69799999	2.3008000400840487	1.9484871441	0.3523128959840487
69800000	69849999	2.0052106593506362	1.9484871441	0.056723515250636236
69850000	69899999	2.702240326147113	1.9484871441	0.7537531820471131
69900000	69949999	2.9847087191816897	1.9484871441	1.0362215750816897
69950000	69999999	1.5744380790358474	1.9484871441	-0.3740490650641526
70000000	70049999	3.296269116473099	1.9484871441	1.3477819723730988
70050000	70099999	2.735036322134247	1.9484871441	0.7865491780342468
70100000	70149999	1.9458158206611451	1.9484871441	-0.0026713234388549
70150000	70199999	2.6077308860088073	1.9484871441	0.6592437419088073
70200000	70249999	2.136068061787012	1.9484871441	0.1875809176870118
70250000	70299999	2.32927248736821	1.9484871441	0.3807853432682098
70300000	70349999	2.199548928999669	1.9484871441	0.2510617848996688
70350000	70399999	1.773684285219516	1.9484871441	-0.17480285888048397
70400000	70449999	1.9849459659844317	1.9484871441	0.036458821884431725
70450000	70499999	3.0510280513000003	1.9484871441	1.1025409072000003
70500000	70549999	2.0395473939753663	1.9484871441	0.09106024987536632
70550000	70599999	2.169052504747655	1.9484871441	0.22056536064765497
70600000	70649999	2.287658379700992	1.9484871441	0.33917123560099194
70650000	70699999	1.627114767475647	1.9484871441	-0.32137237662435303
70700000	70749999	2.3288588610626375	1.9484871441	0.3803717169626375
70750000	70799999	2.4780984173807923	1.9484871441	0.5296112732807923
70800000	70849999	1.6012979196000703	1.9484871441	-0.3471892244999297
70850000	70899999	1.3512629576234554	1.9484871441	-0.5972241864765446
70900000	70949999	1.3441007139245842	1.9484871441	-0.6043864301754158
70950000	70999999	1.2755326342491062	1.9484871441	-0.6729545098508938
71000000	71049999	1.2330636676896443	1.9484871441	-0.7154234764103558
71050000	71099999	1.398788692415967	1.9484871441	-0.5496984516840331
71100000	71149999	1.7207442657037353	1.9484871441	-0.22774287839626473
71150000	71199999	1.4809686254890977	1.9484871441	-0.4675185186109023
71200000	71249999	2.0269229642192954	1.9484871441	0.0784358201192954
71250000	71299999	2.123381195762375	1.9484871441	0.17489405166237493
71300000	71349999	2.3378676428914886	1.9484871441	0.3893804987914886
71350000	71399999	1.516753369177472	1.9484871441	-0.43173377492252807
71400000	71449999	1.5534331467014344	1.9484871441	-0.3950539973985656
71450000	71499999	2.4241385796243655	1.9484871441	0.4756514355243655
71500000	71549999	2.5244718390363463	1.9484871441	0.5759846949363463
71550000	71599999	2.1624216254785416	1.9484871441	0.21393448137854154
71600000	71649999	2.1984958872517075	1.9484871441	0.2500087431517075
71650000	71699999	1.9170455270370843	1.9484871441	-0.031441617062915705
71700000	71749999	2.517567481273596	1.9484871441	0.5690803371735962
71750000	71799999	2.0412276869462964	1.9484871441	0.0927405428462964
71800000	71849999	2.410575456570598	1.9484871441	0.4620883124705979
71850000	71899999	2.6945928546131652	1.9484871441	0.7461057105131652
71900000	71949999	2.6750666997821444	1.9484871441	0.7265795556821444
71950000	71999999	2.30406485310296	1.9484871441	0.35557770900296015
72000000	72049999	1.9494718135023574	1.9484871441	0.0009846694023574187
72050000	72099999	2.190520311852965	1.9484871441	0.24203316775296502
72100000	72149999	1.7998730182485672	1.9484871441	-0.14861412585143285
72150000	72199999	1.5057416561138246	1.9484871441	-0.4427454879861754
72200000	72249999	1.8960222055961486	1.9484871441	-0.052464938503851366
72250000	72299999	2.05897245388815	1.9484871441	0.11048530978814997
72300000	72349999	2.109769030316282	1.9484871441	0.16128188621628192
72350000	72399999	1.994640810055069	1.9484871441	0.04615366595506898
72400000	72449999	2.2915320442678118	1.9484871441	0.34304490016781175
72450000	72499999	2.0688536487076874	1.9484871441	0.12036650460768739
72500000	72549999	1.9498325472203737	1.9484871441	0.0013454031203736783
72550000	72599999	2.08273593329102	1.9484871441	0.13424878919102
72600000	72649999	2.450199008478882	1.9484871441	0.501711864378882
72650000	72699999	2.5136549027421524	1.9484871441	0.5651677586421524
72700000	72749999	2.0991625422606277	1.9484871441	0.1506753981606277
72750000	72799999	1.8820649674210312	1.9484871441	-0.06642217667896877
72800000	72849999	1.5753855388057496	1.9484871441	-0.3731016052942504
72850000	72899999	1.3431350080475037	1.9484871441	-0.6053521360524963
72900000	72949999	1.7473353522226365	1.9484871441	-0.20115179187736354
72950000	72999999	1.6134163727625221	1.9484871441	-0.33507077133747787
73000000	73049999	1.807407055940689	1.9484871441	-0.14108008815931106
73050000	73099999	1.631057873876319	1.9484871441	-0.31742927022368095
73100000	73149999	1.700176801787085	1.9484871441	-0.24831034231291493
73150000	73199999	1.5554338624304596	1.9484871441	-0.39305328166954046
73200000	73249999	1.393413261194336	1.9484871441	-0.5550738829056641
73250000	73299999	1.4191395241023774	1.9484871441	-0.5293476199976226
73300000	73349999	1.3631375245710786	1.9484871441	-0.5853496195289214
73350000	73399999	1.6082091171916961	1.9484871441	-0.3402780269083039
73400000	73449999	1.5413322276658752	1.9484871441	-0.4071549164341248
73450000	73499999	1.4119933495112702	1.9484871441	-0.5364937945887298
73500000	73549999	1.443260210495105	1.9484871441	-0.5052269336048951
73550000	73599999	1.5341850830391723	1.9484871441	-0.4143020610608277
73600000	73649999	1.6874439668353356	1.9484871441	-0.2610431772646644
73650000	73699999	1.943630435737798	1.9484871441	-0.004856708362201978
73700000	73749999	1.5057481140355775	1.9484871441	-0.4427390300644225
73750000	73799999	1.7666970285071937	1.9484871441	-0.18179011559280633
73800000	73849999	1.8595476250064835	1.9484871441	-0.0889395190935165
73850000	73899999	1.3511572055033265	1.9484871441	-0.5973299385966735
73900000	73949999	1.5561878443754333	1.9484871441	-0.3922992997245667
73950000	73999999	1.6904921374810424	1.9484871441	-0.2579950066189576
74000000	74049999	1.8760113345406082	1.9484871441	-0.07247580955939181
74050000	74099999	1.8530579861513474	1.9484871441	-0.09542915794865259
74100000	74149999	1.836773575826625	1.9484871441	-0.11171356827337497
74150000	74199999	2.271854367491884	1.9484871441	0.32336722339188384
74200000	74249999	2.143240327449542	1.9484871441	0.19475318334954217
74250000	74299999	1.8169407459986116	1.9484871441	-0.13154639810138846
74300000	74349999	1.1152588982	1.9484871441	-0.8332282459
74350000	74399999	2.2414380063398207	1.9484871441	0.2929508622398207
74400000	74449999	3.76271341182025	1.9484871441	1.81422626772025
74450000	74499999	1.0935416821828978	1.9484871441	-0.8549454619171022
74500000	74549999	2.239806652453229	1.9484871441	0.29131950835322895
74550000	74599999	2.7399917710846378	1.9484871441	0.7915046269846377
74600000	74649999	2.426944962796439	1.9484871441	0.4784578186964388
74650000	74699999	1.556978898695053	1.9484871441	-0.391508245404947
74700000	74749999	1.731941836992392	1.9484871441	-0.216545307107608
74750000	74799999	2.2674776406025785	1.9484871441	0.3189904965025785
74800000	74849999	2.584635854898828	1.9484871441	0.6361487107988282
74850000	74899999	2.417087483478342	1.9484871441	0.4686003393783418
74900000	74949999	2.005177989142356	1.9484871441	0.056690845042355775
74950000	74999999	2.135111730897728	1.9484871441	0.18662458679772786
75000000	75049999	1.9479580504646257	1.9484871441	-0.0005290936353743447
75050000	75099999	3.3935970661	1.9484871441	1.4451099219999999
75100000	75149999	2.4177289846504184	1.9484871441	0.4692418405504184
75150000	75199999	1.7526156199511504	1.9484871441	-0.19587152414884956
75200000	75249999	1.3743381739227478	1.9484871441	-0.5741489701772522
75250000	75299999	1.7292666007799713	1.9484871441	-0.21922054332002872
75300000	75349999	2.7048594275333495	1.9484871441	0.7563722834333495
75350000	75399999	2.679571808067688	1.9484871441	0.731084663967688
75400000	75449999	1.689261952833313	1.9484871441	-0.25922519126668697
75450000	75499999	1.6611941933849579	1.9484871441	-0.28729295071504213
75500000	75549999	2.404316240167514	1.9484871441	0.455829096067514
75550000	75599999	2.8354840102214873	1.9484871441	0.8869968661214873
75600000	75649999	2.777796083109021	1.9484871441	0.8293089390090209
75650000	75699999	1.6747067734527405	1.9484871441	-0.27378037064725946
75700000	75749999	2.201946365540039	1.9484871441	0.2534592214400391
75750000	75799999	1.568055204548117	1.9484871441	-0.3804319395518829
75800000	75849999	1.3167249383000001	1.9484871441	-0.6317622057999999
75850000	75899999	1.7697874067486528	1.9484871441	-0.17869973735134725
75900000	75949999	1.8804944088439297	1.9484871441	-0.0679927352560703
75950000	75999999	1.9383378967416922	1.9484871441	-0.0101492473583078
76000000	76049999	1.7850058008222123	1.9484871441	-0.16348134327778774
76050000	76099999	1.8490912086779754	1.9484871441	-0.09939593542202463
76100000	76149999	2.0236924672540115	1.9484871441	0.07520532315401152
76150000	76199999	1.8325101444916125	1.9484871441	-0.11597699960838748
76200000	76249999	1.7739086459882405	1.9484871441	-0.17457849811175952
76250000	76299999	1.7188196601241363	1.9484871441	-0.22966748397586367
76300000	76349999	1.7711379839005852	1.9484871441	-0.17734916019941482
76350000	76399999	1.7431373261964644	1.9484871441	-0.20534981790353557
76400000	76449999	1.6869841298272774	1.9484871441	-0.2615030142727226
76450000	76499999	1.8954757084248008	1.9484871441	-0.05301143567519917
76500000	76549999	1.7340329047021972	1.9484871441	-0.21445423939780284
76550000	76599999	1.8757282804866775	1.9484871441	-0.07275886361332251
76600000	76649999	1.713772275860968	1.9484871441	-0.2347148682390321
76650000	76699999	2.083528943408856	1.9484871441	0.13504179930885618
76700000	76749999	1.5981400650689301	1.9484871441	-0.3503470790310699
76750000	76799999	1.6589888949395064	1.9484871441	-0.2894982491604936
76800000	76849999	1.8688739425242737	1.9484871441	-0.07961320157572627
76850000	76899999	1.873944116238038	1.9484871441	-0.0745430278619621
76900000	76949999	1.8602099319310734	1.9484871441	-0.08827721216892659
76950000	76999999	1.599730005322873	1.9484871441	-0.3487571387771271
77000000	77049999	1.766756035255932	1.9484871441	-0.18173110884406807
77050000	77099999	1.7262263697244813	1.9484871441	-0.22226077437551872
77100000	77149999	1.6160152766813942	1.9484871441	-0.3324718674186058
77150000	77199999	0.9318566716358094	1.9484871441	-1.0166304724641906
77200000	77249999	0.8351351652000001	1.9484871441	-1.1133519789
77250000	77299999	1.0652262642	1.9484871441	-0.8832608798999999
77300000	77349999	1.8752004188209843	1.9484871441	-0.0732867252790157
77350000	77399999	2.2515328626577986	1.9484871441	0.3030457185577986
77400000	77449999	1.8077318104720024	1.9484871441	-0.14075533362799764
77450000	77499999	1.654359722018794	1.9484871441	-0.294127422081206
77500000	77549999	1.9765582095296335	1.9484871441	0.028071065429633446
77550000	77599999	1.7513873994171403	1.9484871441	-0.19709974468285973
77600000	77649999	1.374633156071045	1.9484871441	-0.573853988028955
77650000	77699999	1.3910913643503173	1.9484871441	-0.5573957797496827
77700000	77749999	1.3125861068289246	1.9484871441	-0.6359010372710754
77750000	77799999	2.1755042863655274	1.9484871441	0.22701714226552738
77800000	77849999	1.7875705019778996	1.9484871441	-0.16091664212210044
77850000	77899999	1.7773233117450908	1.9484871441	-0.17116383235490917
77900000	77949999	1.750205586334143	1.9484871441	-0.19828155776585699
77950000	77999999	1.608597178059494	1.9484871441	-0.3398899660405059
78000000	78049999	1.2423303612623169	1.9484871441	-0.7061567828376831
78050000	78099999	1.5329427230916566	1.9484871441	-0.41554442100834343
78100000	78149999	1.2194882825003295	1.9484871441	-0.7289988615996705
78150000	78199999	1.5644145170884705	1.9484871441	-0.38407262701152955
78200000	78249999	1.9053324321921261	1.9484871441	-0.0431547119078739
78250000	78299999	1.499382552964392	1.9484871441	-0.44910459113560797
78300000	78349999	1.8174643802149384	1.9484871441	-0.13102276388506162
78350000	78399999	1.9002744748446387	1.9484871441	-0.04821266925536127
78400000	78449999	2.0832382932180415	1.9484871441	0.13475114911804154
78450000	78499999	2.2881791147186097	1.9484871441	0.3396919706186097
78500000	78549999	1.5688984784431153	1.9484871441	-0.37958866565688476
78550000	78599999	1.6191676215566622	1.9484871441	-0.32931952254333785
78600000	78649999	1.7305634195061446	1.9484871441	-0.21792372459385545
78650000	78699999	1.6917346467122314	1.9484871441	-0.2567524973877686
78700000	78749999	1.7958596672830078	1.9484871441	-0.15262747681699218
78750000	78799999	1.9237794098274155	1.9484871441	-0.024707734272584547
78800000	78849999	1.634405993040576	1.9484871441	-0.3140811510594239
78850000	78899999	1.7446350709873535	1.9484871441	-0.20385207311264653
78900000	78949999	1.766786321085092	1.9484871441	-0.18170082301490798
78950000	78999999	1.6319651837788391	1.9484871441	-0.31652196032116087
79000000	79049999	1.8427667382034332	1.9484871441	-0.10572040589656684
79050000	79099999	1.8216255853204255	1.9484871441	-0.1268615587795745
79100000	79149999	1.9804949325455108	1.9484871441	0.032007788445510776
79150000	79199999	1.9780480859054963	1.9484871441	0.029560941805496288
79200000	79249999	1.9159785814218688	1.9484871441	-0.03250856267813118
79250000	79299999	1.7784607166410096	1.9484871441	-0.17002642745899044
79300000	79349999	1.5245433725331603	1.9484871441	-0.4239437715668397
79350000	79399999	1.8261996606966187	1.9484871441	-0.12228748340338136
79400000	79449999	2.3880463887429064	1.9484871441	0.4395592446429064
79450000	79499999	1.984663985618892	1.9484871441	0.03617684151889189
79500000	79549999	1.8621015342939637	1.9484871441	-0.08638560980603627
79550000	79599999	2.1763443574568067	1.9484871441	0.22785721335680664
79600000	79649999	1.7237446533839171	1.9484871441	-0.22474249071608288
79650000	79699999	1.895476124213849	1.9484871441	-0.05301101988615109
79700000	79749999	2.2572214955075545	1.9484871441	0.30873435140755445
79750000	79799999	2.133407599901804	1.9484871441	0.18492045580180383
79800000	79849999	2.627272801450825	1.9484871441	0.6787856573508249
79850000	79899999	2.8659141031374635	1.9484871441	0.9174269590374635
79900000	79949999	3.096922284027289	1.9484871441	1.148435139927289
79950000	79999999	3.2759769054187378	1.9484871441	1.3274897613187377
80000000	80049999	2.942590049241083	1.9484871441	0.9941029051410828
80050000	80099999	2.5506741770310812	1.9484871441	0.6021870329310812
80100000	80149999	1.4738664504218688	1.9484871441	-0.4746206936781312
80150000	80199999	1.5626280930227234	1.9484871441	-0.3858590510772766
80200000	80249999	2.0905453412165285	1.9484871441	0.14205819711652845
80250000	80299999	1.886971507746862	1.9484871441	-0.06151563635313795
80300000	80349999	1.9658302628394562	1.9484871441	0.017343118739456154
80350000	80399999	1.9038364141649766	1.9484871441	-0.04465072993502339
80400000	80449999	1.9963698848344773	1.9484871441	0.04788274073447729
80450000	80499999	1.8966118347396392	1.9484871441	-0.05187530936036078
80500000	80549999	1.636608924131311	1.9484871441	-0.3118782199686889
80550000	80599999	1.814565089780005	1.9484871441	-0.13392205431999504
80600000	80649999	1.7095053599065124	1.9484871441	-0.2389817841934876
80650000	80699999	1.907647800911383	1.9484871441	-0.04083934318861693
80700000	80749999	1.9786567065447678	1.9484871441	0.03016956244476776
80750000	80799999	1.957299848580086	1.9484871441	0.008812704480086087
80800000	80849999	2.3054415407193174	1.9484871441	0.3569543966193174
80850000	80899999	2.3407265997684052	1.9484871441	0.39223945566840523
80900000	80949999	1.9571974703706756	1.9484871441	0.008710326270675584
80950000	80999999	1.6033254264682861	1.9484871441	-0.3451617176317139
81000000	81049999	2.0713053667125916	1.9484871441	0.12281822261259157
81050000	81099999	2.5980615416653436	1.9484871441	0.6495743975653436
81100000	81149999	2.831609211523944	1.9484871441	0.883122067423944
81150000	81199999	2.6117278824537964	1.9484871441	0.6632407383537964
81200000	81249999	2.199851625685979	1.9484871441	0.2513644815859788
81250000	81299999	2.4577278171821497	1.9484871441	0.5092406730821497
81300000	81349999	2.3572553620688197	1.9484871441	0.4087682179688197
81350000	81399999	2.383543943647952	1.9484871441	0.4350567995479522
81400000	81449999	1.7053915339318788	1.9484871441	-0.2430956101681212
81450000	81499999	2.7587553273895677	1.9484871441	0.8102681832895677
81500000	81549999	3.337243895405487	1.9484871441	1.388756751305487
81550000	81599999	2.625021774139368	1.9484871441	0.676534630039368
81600000	81649999	2.196974675809833	1.9484871441	0.24848753170983295
81650000	81699999	3.0616727294271913	1.9484871441	1.1131855853271913
81700000	81749999	2.112691488872614	1.9484871441	0.1642043447726138
81750000	81799999	1.5617712269366577	1.9484871441	-0.3867159171633423
81800000	81849999	2.555992213040575	1.9484871441	0.6075050689405748
81850000	81899999	2.593116241566925	1.9484871441	0.6446290974669249
81900000	81949999	1.564885106873523	1.9484871441	-0.383602037226477
81950000	81999999	2.3870595066888	1.9484871441	0.43857236258880006
82000000	82049999	2.4192061799123152	1.9484871441	0.4707190358123152
82050000	82099999	2.1135485696073344	1.9484871441	0.16506142550733438
82100000	82149999	2.1689958858030938	1.9484871441	0.22050874170309376
82150000	82199999	2.6935189673855895	1.9484871441	0.7450318232855895
82200000	82249999	1.8179507150425598	1.9484871441	-0.13053642905744023
82250000	82299999	1.4719379772	1.9484871441	-0.47654916689999993
82300000	82349999	1.4861881143533906	1.9484871441	-0.4622990297466094
82350000	82399999	1.852750482771402	1.9484871441	-0.09573666132859793
82400000	82449999	1.8140137806094447	1.9484871441	-0.13447336349055528
82450000	82499999	1.9849205583393366	1.9484871441	0.03643341423933655
82500000	82549999	1.5969094277885132	1.9484871441	-0.3515777163114868
82550000	82599999	1.8901692372478207	1.9484871441	-0.0583179068521793
82600000	82649999	1.8681537285209098	1.9484871441	-0.08033341557909024
82650000	82699999	1.759080108231108	1.9484871441	-0.18940703586889196
82700000	82749999	1.7826614497719422	1.9484871441	-0.16582569432805783
82750000	82799999	1.9514946689124242	1.9484871441	0.003007524812424167
82800000	82849999	1.8203557405926087	1.9484871441	-0.12813140350739127
82850000	82899999	1.8065288201276166	1.9484871441	-0.1419583239723834
82900000	82949999	1.8772145626668992	1.9484871441	-0.07127258143310078
82950000	82999999	2.020830597158411	1.9484871441	0.07234345305841083
83000000	83049999	1.8173628100930963	1.9484871441	-0.1311243340069037
83050000	83099999	1.8620641036083252	1.9484871441	-0.08642304049167482
83100000	83149999	1.8939795759262574	1.9484871441	-0.05450756817374258
83150000	83199999	1.8921668193936396	1.9484871441	-0.05632032470636039
83200000	83249999	1.6235873702671952	1.9484871441	-0.3248997738328048
83250000	83299999	1.6204667827253325	1.9484871441	-0.3280203613746675
83300000	83349999	2.1329170196886076	1.9484871441	0.18442987558860757
83350000	83399999	1.9397298292385818	1.9484871441	-0.008757314861418175
83400000	83449999	1.7746280516519073	1.9484871441	-0.17385909244809272
83450000	83499999	1.7279682137969117	1.9484871441	-0.22051893030308833
83500000	83549999	1.720389359895291	1.9484871441	-0.22809778420470894
83550000	83599999	1.8323876503613907	1.9484871441	-0.11609949373860928
83600000	83649999	2.1070414981746843	1.9484871441	0.15855435407468432
83650000	83699999	1.865269568191387	1.9484871441	-0.08321757590861312
83700000	83749999	2.104280841936671	1.9484871441	0.15579369783667119
83750000	83799999	2.105335851479981	1.9484871441	0.1568487073799809
83800000	83849999	1.985695575817212	1.9484871441	0.03720843171721189
83850000	83899999	2.285968413864743	1.9484871441	0.3374812697647429
83900000	83949999	2.446396416704352	1.9484871441	0.4979092726043519
83950000	83999999	1.7705391142980225	1.9484871441	-0.17794802980197755
84000000	84049999	2.9946102072285705	1.9484871441	1.0461230631285705
84050000	84099999	2.801670434567151	1.9484871441	0.8531832904671508
84100000	84149999	2.3488174958078454	1.9484871441	0.40033035170784537
84150000	84199999	3.3384097515756226	1.9484871441	1.3899226074756226
84200000	84249999	2.0195439109803637	1.9484871441	0.07105676688036366
84250000	84299999	2.5976129443133713	1.9484871441	0.6491258002133713
84300000	84349999	2.380813781872461	1.9484871441	0.43232663777246083
84350000	84399999	2.6465104673881106	1.9484871441	0.6980233232881106
84400000	84449999	2.9630100315215393	1.9484871441	1.0145228874215393
84450000	84499999	2.367663452587912	1.9484871441	0.4191763084879119
84500000	84549999	1.5776930290410645	1.9484871441	-0.37079411505893556
84550000	84599999	2.9028560757438413	1.9484871441	0.9543689316438413
84600000	84649999	3.2360985431940428	1.9484871441	1.2876113990940428
84650000	84699999	2.2519732679184914	1.9484871441	0.3034861238184914
84700000	84749999	3.5445324752	1.9484871441	1.5960453311
84750000	84799999	2.273035187064081	1.9484871441	0.3245480429640808
84800000	84849999	2.498398629971924	1.9484871441	0.5499114858719238
84850000	84899999	3.2614560658410157	1.9484871441	1.3129689217410156
84900000	84949999	3.2739025299158264	1.9484871441	1.3254153858158264
84950000	84999999	2.414755325197969	1.9484871441	0.46626818109796897
85000000	85049999	2.7520369607858046	1.9484871441	0.8035498166858046
85050000	85099999	3.406341659301587	1.9484871441	1.457854515201587
85100000	85149999	2.023628008633324	1.9484871441	0.0751408645333238
85150000	85199999	2.5102618433148223	1.9484871441	0.5617746992148223
85200000	85249999	3.1949653123621946	1.9484871441	1.2464781682621946
85250000	85299999	2.3707061277984227	1.9484871441	0.4222189836984227
85300000	85349999	2.701095297391232	1.9484871441	0.7526081532912321
85350000	85399999	3.1532583412364135	1.9484871441	1.2047711971364135
85400000	85449999	2.816716267804242	1.9484871441	0.8682291237042419
85450000	85499999	2.8377521645072945	1.9484871441	0.8892650204072945
85500000	85549999	3.4191222386	1.9484871441	1.4706350945
85550000	85599999	3.460059714792145	1.9484871441	1.5115725706921448
85600000	85649999	2.9443960231441797	1.9484871441	0.9959088790441797
85650000	85699999	1.6841609064173402	1.9484871441	-0.26432623768265984
85700000	85749999	2.521746935408933	1.9484871441	0.5732597913089328
85750000	85799999	2.202771764883213	1.9484871441	0.254284620783213
85800000	85849999	1.3379482699403749	1.9484871441	-0.6105388741596252
85850000	85899999	1.8720477620624183	1.9484871441	-0.07643938203758172
85900000	85949999	2.8016277185015506	1.9484871441	0.8531405744015506
85950000	85999999	2.583208878146173	1.9484871441	0.634721734046173
86000000	86049999	1.885007624525464	1.9484871441	-0.0634795195745359
86050000	86099999	1.4602522645330476	1.9484871441	-0.48823487956695244
86100000	86149999	1.948639149234398	1.9484871441	0.00015200513439794783
86150000	86199999	2.251505406592862	1.9484871441	0.3030182624928619
86200000	86249999	2.191865397833676	1.9484871441	0.24337825373367616
86250000	86299999	1.7821431310343492	1.9484871441	-0.16634401306565083
86300000	86349999	1.8811813575562348	1.9484871441	-0.06730578654376518
86350000	86399999	2.0260194628462114	1.9484871441	0.07753231874621136
86400000	86449999	2.2912853580924195	1.9484871441	0.3427982139924195
86450000	86499999	2.253426637150525	1.9484871441	0.3049394930505249
86500000	86549999	1.3337065264628754	1.9484871441	-0.6147806176371247
86550000	86599999	0.7840684191	1.9484871441	-1.164418725
86600000	86649999	1.204762658017859	1.9484871441	-0.743724486082141
86650000	86699999	2.4547129514854555	1.9484871441	0.5062258073854555
86700000	86749999	2.068335217861044	1.9484871441	0.11984807376104412
86750000	86799999	2.0402978969458285	1.9484871441	0.09181075284582851
86800000	86849999	2.098634058162018	1.9484871441	0.15014691406201797
86850000	86899999	1.8883236965762689	1.9484871441	-0.06016344752373115
86900000	86949999	2.008771565210353	1.9484871441	0.06028442111035304
86950000	86999999	2.4357527073612366	1.9484871441	0.4872655632612366
87000000	87049999	2.363362794746796	1.9484871441	0.4148756506467959
87050000	87099999	1.8722649553429727	1.9484871441	-0.07622218875702735
87100000	87149999	1.675419718944925	1.9484871441	-0.2730674251550751
87150000	87199999	2.1647992232819306	1.9484871441	0.21631207918193063
87200000	87249999	2.0658681578005114	1.9484871441	0.11738101370051135
87250000	87299999	2.2848796448476745	1.9484871441	0.33639250074767446
87300000	87349999	1.4642102099958618	1.9484871441	-0.4842769341041382
87350000	87399999	2.2545107207711332	1.9484871441	0.3060235766711332
87400000	87449999	1.8710593349348736	1.9484871441	-0.07742780916512637
87450000	87499999	2.0010434819356293	1.9484871441	0.052556337835629297
87500000	87549999	2.6621952939319824	1.9484871441	0.7137081498319824
87550000	87599999	2.3175326417998687	1.9484871441	0.3690454976998687
87600000	87649999	2.4163891015435484	1.9484871441	0.46790195744354834
87650000	87699999	2.332030962284616	1.9484871441	0.383543818184616
87700000	87749999	2.1940538656329043	1.9484871441	0.24556672153290426
87750000	87799999	1.4992045436475343	1.9484871441	-0.4492826004524657
87800000	87849999	2.0725096546410717	1.9484871441	0.12402251054107172
87850000	87899999	3.0299826498	1.9484871441	1.0814955057
87900000	87949999	2.5157470461816542	1.9484871441	0.5672599020816542
87950000	87999999	1.5619721855143798	1.9484871441	-0.38651495858562024
88000000	88049999	1.9822671275802186	1.9484871441	0.0337799834802186
88050000	88099999	2.1056218274976377	1.9484871441	0.1571346833976377
88100000	88149999	2.0349552892451905	1.9484871441	0.08646814514519052
88150000	88199999	2.340214450600037	1.9484871441	0.39172730650003684
88200000	88249999	2.2864183769032316	1.9484871441	0.33793123280323156
88250000	88299999	2.412670967242395	1.9484871441	0.4641838231423949
88300000	88349999	1.9215417134606965	1.9484871441	-0.026945430639303547
88350000	88399999	2.1322078080826934	1.9484871441	0.18372066398269338
88400000	88449999	2.7858142443322693	1.9484871441	0.8373271002322693
88450000	88499999	1.3110698286399414	1.9484871441	-0.6374173154600586
88500000	88549999	2.407095180590735	1.9484871441	0.4586080364907348
88550000	88599999	3.1127268539805666	1.9484871441	1.1642397098805666
88600000	88649999	1.8585724085430282	1.9484871441	-0.08991473555697183
88650000	88699999	2.5608686976345396	1.9484871441	0.6123815535345396
88700000	88749999	2.7949356452448426	1.9484871441	0.8464485011448426
88750000	88799999	2.599166274961896	1.9484871441	0.6506791308618958
88800000	88849999	3.080795556970807	1.9484871441	1.132308412870807
88850000	88899999	1.893007165704464	1.9484871441	-0.05547997839553598
88900000	88949999	1.5570914102651305	1.9484871441	-0.3913957338348695
88950000	88999999	2.0341891818697633	1.9484871441	0.08570203776976326
89000000	89049999	2.3442701112981688	1.9484871441	0.39578296719816874
89050000	89099999	2.7187842026432127	1.9484871441	0.7702970585432127
89100000	89149999	2.807158728940631	1.9484871441	0.8586715848406308
89150000	89199999	2.6291904814492737	1.9484871441	0.6807033373492737
89200000	89249999	1.6672911565066606	1.9484871441	-0.2811959875933394
89250000	89299999	1.3343171028299712	1.9484871441	-0.6141700412700288
89300000	89349999	1.672324612303845	1.9484871441	-0.2761625317961549
89350000	89399999	1.728024444753436	1.9484871441	-0.22046269934656393
89400000	89449999	2.5690839132893126	1.9484871441	0.6205967691893126
89450000	89499999	2.7817335277	1.9484871441	0.8332463836000001
89500000	89549999	2.8597889595890016	1.9484871441	0.9113018154890016
89550000	89599999	2.1597933790337738	1.9484871441	0.21130623493377376
89600000	89649999	1.3743428486211333	1.9484871441	-0.5741442954788667
89650000	89699999	2.645750903523004	1.9484871441	0.697263759423004
89700000	89749999	2.0784473926477296	1.9484871441	0.12996024854772958
89750000	89799999	1.8662989393021163	1.9484871441	-0.08218820479788369
89800000	89849999	2.8210157948	1.9484871441	0.8725286507000001
89850000	89899999	2.9153264433	1.9484871441	0.9668392992000001
89900000	89949999	2.275612274263202	1.9484871441	0.3271251301632021
89950000	89999999	2.0398761855468934	1.9484871441	0.09138904144689342
90000000	90049999	2.5617447178417114	1.9484871441	0.6132575737417114
90050000	90099999	2.3808135638145997	1.9484871441	0.43232641971459973
90100000	90149999	2.417487508331421	1.9484871441	0.4690003642314209
90150000	90199999	2.775311627562024	1.9484871441	0.826824483462024
90200000	90249999	2.1553456491	1.9484871441	0.20685850500000003
90250000	90299999	1.5601200872292755	1.9484871441	-0.3883670568707245
90300000	90349999	1.6903580540292755	1.9484871441	-0.2581290900707245
90350000	90399999	0.9484871441	1.9484871441	-1.0
