start	end	obs	exp	var
0	49999	0.40807001671666676	0.9912076438666667	-0.58313762715
50000	99999	0.34210665806666674	0.9912076438666667	-0.6491009858
100000	149999	0.25491214186666666	0.9912076438666667	-0.736295502
150000	199999	0.1568103221	0.9912076438666667	-0.8343973217666667
200000	249999	0.10970587253333342	0.9912076438666667	-0.8815017713333333
250000	299999	0.09967075916666657	0.9912076438666667	-0.8915368847000001
300000	349999	0.024035688300000024	0.9912076438666667	-0.9671719555666667
350000	399999	0.0	0.9912076438666667	-0.9912076438666667
400000	449999	0.000747975066666795	0.9912076438666667	-0.9904596687999999
450000	499999	0.18126835576666678	0.9912076438666667	-0.8099392880999999
500000	549999	0.8161837625333335	0.9912076438666667	-0.17502388133333324
550000	599999	0.9088370493333334	0.9912076438666667	-0.08237059453333329
600000	649999	0.7716697118	0.9912076438666667	-0.21953793206666672
650000	699999	0.6131836812	0.9912076438666667	-0.3780239626666667
700000	749999	0.9049167982666667	0.9912076438666667	-0.0862908456
750000	799999	1.1989907990333333	0.9912076438666667	0.20778315516666657
800000	849999	1.1342976539333334	0.9912076438666667	0.14309001006666666
850000	899999	1.0991506021	0.9912076438666667	0.10794295823333322
900000	949999	1.1509472867666668	0.9912076438666667	0.1597396429000001
950000	999999	1.0051687331666668	0.9912076438666667	0.013961089300000062
1000000	1049999	1.0029841416333334	0.9912076438666667	0.011776497766666671
1050000	1099999	0.9395338861333334	0.9912076438666667	-0.05167375773333327
1100000	1149999	1.0199036648333335	0.9912076438666667	0.02869602096666679
1150000	1199999	1.041756503	0.9912076438666667	0.05054885913333329
1200000	1249999	1.0627795044000001	0.9912076438666667	0.07157186053333342
1250000	1299999	1.0347899885	0.9912076438666667	0.043582344633333325
1300000	1349999	1.0242727758	0.9912076438666667	0.03306513193333338
1350000	1399999	0.9848578242333333	0.9912076438666667	-0.0063498196333333645
1400000	1449999	1.0091400902	0.9912076438666667	0.01793244633333335
1450000	1499999	1.0656367564333333	0.9912076438666667	0.07442911256666662
1500000	1549999	1.0359239609666666	0.9912076438666667	0.0447163170999999
1550000	1599999	0.9880705135333334	0.9912076438666667	-0.0031371303333332934
1600000	1649999	0.8784487545333334	0.9912076438666667	-0.11275888933333333
1650000	1699999	0.9328779250333333	0.9912076438666667	-0.05832971883333338
1700000	1749999	1.0453262879	0.9912076438666667	0.05411864403333333
1750000	1799999	1.0919438204666667	0.9912076438666667	0.1007361766
1800000	1849999	1.0969359967666668	0.9912076438666667	0.10572835290000004
1850000	1899999	1.0866884182333334	0.9912076438666667	0.09548077436666669
1900000	1949999	1.1156847448	0.9912076438666667	0.1244771009333333
1950000	1999999	1.1056977564666668	0.9912076438666667	0.11449011260000008
2000000	2049999	0.9860543363333334	0.9912076438666667	-0.005153307533333318
2050000	2099999	1.1325452520333334	0.9912076438666667	0.14133760816666674
2100000	2149999	1.1741590116	0.9912076438666667	0.18295136773333331
2150000	2199999	1.1985312983333334	0.9912076438666667	0.20732365446666667
2200000	2249999	1.0277833696333334	0.9912076438666667	0.03657572576666668
2250000	2299999	1.0344091813	0.9912076438666667	0.043201537433333326
2300000	2349999	1.1845304536666668	0.9912076438666667	0.19332280980000005
2350000	2399999	1.3123474617333333	0.9912076438666667	0.32113981786666657
2400000	2449999	1.3215197447	0.9912076438666667	0.3303121008333333
2450000	2499999	1.1565467459666667	0.9912076438666667	0.16533910210000002
2500000	2549999	1.0311354361333334	0.9912076438666667	0.03992779226666665
2550000	2599999	1.4140566875666667	0.9912076438666667	0.4228490437
2600000	2649999	1.4422654367	0.9912076438666667	0.45105779283333336
2650000	2699999	1.3257257856333333	0.9912076438666667	0.3345181417666666
2700000	2749999	0.7538553182333334	0.9912076438666667	-0.2373523256333333
2750000	2799999	0.7580367730333334	0.9912076438666667	-0.23317087083333332
2800000	2849999	0.7403056525	0.9912076438666667	-0.2509019913666667
2850000	2899999	0.8390085768666667	0.9912076438666667	-0.15219906699999997
2900000	2949999	0.7987299906666667	0.9912076438666667	-0.1924776532
2950000	2999999	0.8655655881666667	0.9912076438666667	-0.12564205569999998
3000000	3049999	0.8646064122666667	0.9912076438666667	-0.12660123160000003
3050000	3099999	0.9145408663666668	0.9912076438666667	-0.07666677749999995
3100000	3149999	0.9042491338	0.9912076438666667	-0.08695851006666666
3150000	3199999	0.9685833587666667	0.9912076438666667	-0.02262428510000003
3200000	3249999	0.9344352311666667	0.9912076438666667	-0.0567724127
3250000	3299999	0.9976853482	0.9912076438666667	0.0064777043333332784
3300000	3349999	1.0372310639	0.9912076438666667	0.04602342003333326
3350000	3399999	1.1261559128333334	0.9912076438666667	0.13494826896666667
3400000	3449999	1.2447637437	0.9912076438666667	0.2535560998333334
3450000	3499999	1.2381593865	0.9912076438666667	0.2469517426333333
3500000	3549999	1.2431699996	0.9912076438666667	0.25196235573333337
3550000	3599999	1.2272698775	0.9912076438666667	0.23606223363333323
3600000	3649999	1.3130098614	0.9912076438666667	0.3218022175333334
3650000	3699999	1.3114169925333334	0.9912076438666667	0.3202093486666667
3700000	3749999	1.2299907166333335	0.9912076438666667	0.23878307276666677
3750000	3799999	1.0585538233666667	0.9912076438666667	0.06734617949999999
3800000	3849999	1.0029513081666668	0.9912076438666667	0.011743664300000067
3850000	3899999	0.9685844480333334	0.9912076438666667	-0.022623195833333276
3900000	3949999	1.1048955352333334	0.9912076438666667	0.11368789136666668
3950000	3999999	1.1495462193333332	0.9912076438666667	0.15833857546666652
4000000	4049999	1.1423715272666666	0.9912076438666667	0.15116388339999987
4050000	4099999	0.9588893602333334	0.9912076438666667	-0.03231828363333333
4100000	4149999	0.9115220380666668	0.9912076438666667	-0.07968560579999995
4150000	4199999	0.8946642975666668	0.9912076438666667	-0.09654334629999994
4200000	4249999	1.0244802768333334	0.9912076438666667	0.033272632966666715
4250000	4299999	0.9715138222	0.9912076438666667	-0.019693821666666667
4300000	4349999	0.8697952898	0.9912076438666667	-0.12141235406666673
4350000	4399999	0.6974263951666666	0.9912076438666667	-0.2937812487000001
4400000	4449999	0.7373204727	0.9912076438666667	-0.2538871711666667
4450000	4499999	0.7731565450666666	0.9912076438666667	-0.21805109880000006
4500000	4549999	0.7884836672333334	0.9912076438666667	-0.2027239766333333
4550000	4599999	0.7680110876333334	0.9912076438666667	-0.22319655623333334
4600000	4649999	0.7873386591	0.9912076438666667	-0.2038689847666667
4650000	4699999	0.8178807742666667	0.9912076438666667	-0.1733268696
4700000	4749999	0.7531495651666668	0.9912076438666667	-0.23805807869999995
4750000	4799999	0.7670728677333334	0.9912076438666667	-0.22413477613333332
4800000	4849999	0.7472757577666667	0.9912076438666667	-0.24393188610000005
4850000	4899999	0.7854284773000001	0.9912076438666667	-0.20577916656666662
4900000	4949999	0.7242936234666667	0.9912076438666667	-0.2669140204
4950000	4999999	0.7319010143333333	0.9912076438666667	-0.2593066295333334
5000000	5049999	0.7867275708333333	0.9912076438666667	-0.20448007303333338
5050000	5099999	0.8615026717000001	0.9912076438666667	-0.12970497216666665
5100000	5149999	0.8465008124666668	0.9912076438666667	-0.14470683139999996
5150000	5199999	0.7656362619666668	0.9912076438666667	-0.22557138189999992
5200000	5249999	0.7488654198666668	0.9912076438666667	-0.24234222399999994
5250000	5299999	0.7654332622000001	0.9912076438666667	-0.22577438166666663
5300000	5349999	0.8012385933666667	0.9912076438666667	-0.18996905050000001
5350000	5399999	0.8078772187000001	0.9912076438666667	-0.18333042516666664
5400000	5449999	0.8505254587000001	0.9912076438666667	-0.14068218516666664
5450000	5499999	0.8336130844666667	0.9912076438666667	-0.1575945594
5500000	5549999	0.8614099574666667	0.9912076438666667	-0.1297976864
5550000	5599999	0.9197712850666667	0.9912076438666667	-0.07143635879999999
5600000	5649999	1.0068426916	0.9912076438666667	0.01563504773333324
5650000	5699999	1.0126246757000001	0.9912076438666667	0.021417031833333433
5700000	5749999	0.9598864580333334	0.9912076438666667	-0.03132118583333332
5750000	5799999	0.9330686928	0.9912076438666667	-0.058138951066666666
5800000	5849999	0.9327714449000001	0.9912076438666667	-0.05843619896666663
5850000	5899999	1.0945532802333333	0.9912076438666667	0.1033456363666666
5900000	5949999	1.2098488729666665	0.9912076438666667	0.21864122909999983
5950000	5999999	1.3217367153333333	0.9912076438666667	0.33052907146666655
6000000	6049999	1.2289078828	0.9912076438666667	0.23770023893333325
6050000	6099999	1.2305388159000001	0.9912076438666667	0.23933117203333343
6100000	6149999	1.2368338215	0.9912076438666667	0.2456261776333334
6150000	6199999	1.2729199919	0.9912076438666667	0.28171234803333334
6200000	6249999	1.2674922717333335	0.9912076438666667	0.27628462786666674
6250000	6299999	1.2689906735	0.9912076438666667	0.27778302963333334
6300000	6349999	1.2578810508	0.9912076438666667	0.2666734069333333
6350000	6399999	1.2560001665	0.9912076438666667	0.2647925226333333
6400000	6449999	1.4199031816	0.9912076438666667	0.42869553773333335
6450000	6499999	1.5487631661333334	0.9912076438666667	0.5575555222666667
6500000	6549999	1.6411572006	0.9912076438666667	0.6499495567333332
6550000	6599999	1.4792221445	0.9912076438666667	0.4880145006333333
6600000	6649999	1.3314624730333333	0.9912076438666667	0.3402548291666666
6650000	6699999	1.2593955628	0.9912076438666667	0.26818791893333327
6700000	6749999	1.2966548115666667	0.9912076438666667	0.3054471677
6750000	6799999	1.3788576248666666	0.9912076438666667	0.3876499809999999
6800000	6849999	1.5181221336	0.9912076438666667	0.5269144897333332
6850000	6899999	1.5985126198666668	0.9912076438666667	0.6073049760000001
6900000	6949999	1.5525102757	0.9912076438666667	0.5613026318333333
6950000	6999999	1.2889577746666667	0.9912076438666667	0.2977501308
7000000	7049999	1.1029228222333334	0.9912076438666667	0.11171517836666667
7050000	7099999	1.0670273137333335	0.9912076438666667	0.07581966986666677
7100000	7149999	1.0720364122000001	0.9912076438666667	0.08082876833333341
7150000	7199999	1.0311406017666667	0.9912076438666667	0.039932957899999955
7200000	7249999	0.9921645939333333	0.9912076438666667	0.0009569500666666286
7250000	7299999	1.0036456951666666	0.9912076438666667	0.012438051299999864
7300000	7349999	1.0954733023333334	0.9912076438666667	0.10426565846666669
7350000	7399999	1.0232498310666667	0.9912076438666667	0.03204218719999996
7400000	7449999	0.9588454069000001	0.9912076438666667	-0.032362236966666624
7450000	7499999	0.8688480170666667	0.9912076438666667	-0.12235962680000001
7500000	7549999	0.9034029040666667	0.9912076438666667	-0.08780473980000003
7550000	7599999	0.9739672424666668	0.9912076438666667	-0.01724040139999994
7600000	7649999	0.9533283389	0.9912076438666667	-0.037879304966666694
7650000	7699999	1.0546346409	0.9912076438666667	0.06342699703333332
7700000	7749999	1.0906037265	0.9912076438666667	0.09939608263333322
7750000	7799999	1.2413906163	0.9912076438666667	0.2501829724333332
7800000	7849999	1.3333076852	0.9912076438666667	0.3421000413333334
7850000	7899999	1.3698240835333335	0.9912076438666667	0.3786164396666668
7900000	7949999	1.4096712726333334	0.9912076438666667	0.41846362876666665
7950000	7999999	1.3154706954000002	0.9912076438666667	0.32426305153333346
8000000	8049999	1.3161494086	0.9912076438666667	0.32494176473333336
8050000	8099999	1.3014280357333334	0.9912076438666667	0.3102203918666667
8100000	8149999	1.3659600442333333	0.9912076438666667	0.37475240036666657
8150000	8199999	1.3956321195666668	0.9912076438666667	0.40442447570000006
8200000	8249999	1.3572444088666666	0.9912076438666667	0.36603676499999993
8250000	8299999	1.2920131673	0.9912076438666667	0.3008055234333332
8300000	8349999	1.2272979450666668	0.9912076438666667	0.23609030120000007
8350000	8399999	1.1502352062333334	0.9912076438666667	0.1590275623666667
8400000	8449999	1.2545793649	0.9912076438666667	0.2633717210333334
8450000	8499999	1.3413939220666666	0.9912076438666667	0.3501862781999999
8500000	8549999	1.4530357862333334	0.9912076438666667	0.4618281423666667
8550000	8599999	1.6288903778	0.9912076438666667	0.6376827339333332
8600000	8649999	1.7296883192	0.9912076438666667	0.7384806753333334
8650000	8699999	1.9071158648333333	0.9912076438666667	0.9159082209666666
8700000	8749999	1.730735896	0.9912076438666667	0.7395282521333334
8750000	8799999	1.6984705673333333	0.9912076438666667	0.7072629234666666
8800000	8849999	1.5755335090666667	0.9912076438666667	0.5843258652
8850000	8899999	1.5996467424333334	0.9912076438666667	0.6084390985666667
8900000	8949999	1.5296902709666669	0.9912076438666667	0.5384826271000002
8950000	8999999	1.4288998664333334	0.9912076438666667	0.43769222256666673
9000000	9049999	1.3259604463	0.9912076438666667	0.3347528024333334
9050000	9099999	1.2346335992333333	0.9912076438666667	0.24342595536666656
9100000	9149999	1.1964042300000002	0.9912076438666667	0.20519658613333347
9150000	9199999	1.1621632361666667	0.9912076438666667	0.17095559230000001
9200000	9249999	1.196411873	0.9912076438666667	0.20520422913333325
9250000	9299999	1.2716101883333333	0.9912076438666667	0.28040254446666657
9300000	9349999	1.3265799739666666	0.9912076438666667	0.3353723300999999
9350000	9399999	1.3427158942333333	0.9912076438666667	0.35150825036666655
9400000	9449999	1.2523456782	0.9912076438666667	0.26113803433333327
9450000	9499999	1.1547084735666666	0.9912076438666667	0.1635008296999999
9500000	9549999	1.1757511515666668	0.9912076438666667	0.18454350770000005
9550000	9599999	1.2798248973000002	0.9912076438666667	0.28861725343333344
9600000	9649999	1.3382786306666667	0.9912076438666667	0.34707098680000004
9650000	9699999	1.3334471795333334	0.9912076438666667	0.34223953566666665
9700000	9749999	1.2256563251333334	0.9912076438666667	0.23444868126666674
9750000	9799999	1.2388305911	0.9912076438666667	0.24762294723333322
9800000	9849999	1.2757174241666667	0.9912076438666667	0.28450978029999996
9850000	9899999	1.2978319950000001	0.9912076438666667	0.3066243511333334
9900000	9949999	1.3921889476666667	0.9912076438666667	0.40098130379999997
9950000	9999999	1.4466994449333335	0.9912076438666667	0.45549180106666676
10000000	10049999	1.5464445088	0.9912076438666667	0.5552368649333334
10050000	10099999	1.5494309421	0.9912076438666667	0.5582232982333334
10100000	10149999	1.5234468316333334	0.9912076438666667	0.5322391877666667
10150000	10199999	1.4778230986333334	0.9912076438666667	0.4866154547666667
10200000	10249999	1.4394526540333334	0.9912076438666667	0.44824501016666674
10250000	10299999	1.4913372092000001	0.9912076438666667	0.5001295653333334
10300000	10349999	1.5914856879666668	0.9912076438666667	0.6002780441000001
10350000	10399999	1.5611351545	0.9912076438666667	0.5699275106333334
10400000	10449999	1.5065278458333333	0.9912076438666667	0.5153202019666666
10450000	10499999	1.4553718963333333	0.9912076438666667	0.4641642524666666
10500000	10549999	1.5410882418333334	0.9912076438666667	0.5498805979666667
10550000	10599999	1.5628383825666667	0.9912076438666667	0.5716307387
10600000	10649999	1.4151582093	0.9912076438666667	0.4239505654333332
10650000	10699999	1.3833789988	0.9912076438666667	0.3921713549333333
10700000	10749999	1.3026061307333334	0.9912076438666667	0.3113984868666667
10750000	10799999	1.3738063517	0.9912076438666667	0.3825987078333334
10800000	10849999	1.2224844590333332	0.9912076438666667	0.23127681516666654
10850000	10899999	1.1631060316333333	0.9912076438666667	0.17189838776666655
10900000	10949999	1.1018014781	0.9912076438666667	0.11059383423333335
10950000	10999999	1.1728416033666667	0.9912076438666667	0.18163395949999994
11000000	11049999	1.1825094066333333	0.9912076438666667	0.19130176276666655
11050000	11099999	1.2126231716333333	0.9912076438666667	0.22141552776666662
11100000	11149999	1.2322917608333335	0.9912076438666667	0.24108411696666676
11150000	11199999	1.2757609963666667	0.9912076438666667	0.2845533525
11200000	11249999	1.3581816533666666	0.9912076438666667	0.3669740094999999
11250000	11299999	1.3632903809666668	0.9912076438666667	0.37208273710000006
11300000	11349999	1.3526598871666669	0.9912076438666667	0.36145224330000014
11350000	11399999	1.2988563676333333	0.9912076438666667	0.30764872376666663
11400000	11449999	1.2573111039333333	0.9912076438666667	0.26610346006666663
11450000	11499999	1.2521548694	0.9912076438666667	0.26094722553333327
11500000	11549999	1.207916009	0.9912076438666667	0.21670836513333336
11550000	11599999	1.2060328896666668	0.9912076438666667	0.21482524580000006
11600000	11649999	1.1689763408666667	0.9912076438666667	0.17776869699999998
11650000	11699999	1.2187847232333333	0.9912076438666667	0.2275770793666666
11700000	11749999	1.3568934656666667	0.9912076438666667	0.3656858218
11750000	11799999	1.3943266858	0.9912076438666667	0.40311904193333337
11800000	11849999	1.4348377700666668	0.9912076438666667	0.4436301262000001
11850000	11899999	1.3675731208	0.9912076438666667	0.3763654769333332
11900000	11949999	1.4156430460666667	0.9912076438666667	0.4244354022
11950000	11999999	1.3777563293333333	0.9912076438666667	0.38654868546666654
12000000	12049999	1.3529709409000001	0.9912076438666667	0.36176329703333343
12050000	12099999	1.3036669198	0.9912076438666667	0.3124592759333332
12100000	12149999	1.3103310084666666	0.9912076438666667	0.3191233645999999
12150000	12199999	1.2979596366000001	0.9912076438666667	0.3067519927333334
12200000	12249999	1.3212848913333333	0.9912076438666667	0.33007724746666656
12250000	12299999	1.4602501397333334	0.9912076438666667	0.4690424958666667
12300000	12349999	1.6029307434333333	0.9912076438666667	0.6117230995666666
12350000	12399999	1.7033416928333334	0.9912076438666667	0.7121340489666667
12400000	12449999	1.7391731034333333	0.9912076438666667	0.7479654595666666
12450000	12499999	1.7733741627666666	0.9912076438666667	0.7821665188999999
12500000	12549999	1.7628127106333333	0.9912076438666667	0.7716050667666666
12550000	12599999	1.5835580367	0.9912076438666667	0.5923503928333332
12600000	12649999	1.4186119852666668	0.9912076438666667	0.42740434140000005
12650000	12699999	1.3236571409333333	0.9912076438666667	0.3324494970666666
12700000	12749999	1.2995927489333332	0.9912076438666667	0.3083851050666665
12750000	12799999	1.2625402367333334	0.9912076438666667	0.27133259286666667
12800000	12849999	1.4156668836000001	0.9912076438666667	0.42445923973333344
12850000	12899999	1.8390288526999998	0.9912076438666667	0.8478212088333331
12900000	12949999	1.7292009418333334	0.9912076438666667	0.7379932979666667
12950000	12999999	1.2679671934999999	0.9912076438666667	0.27675954963333316
13000000	13049999	0.4990731426333334	0.9912076438666667	-0.4921345012333333
13050000	13099999	0.30454890560000014	0.9912076438666667	-0.6866587382666666
13100000	13149999	0.39820067316666674	0.9912076438666667	-0.5930069707
13150000	13199999	0.6208389024333334	0.9912076438666667	-0.3703687414333333
13200000	13249999	0.8450982747333333	0.9912076438666667	-0.1461093691333334
13250000	13299999	0.6431662630666668	0.9912076438666667	-0.3480413807999999
13300000	13349999	0.43061602713333336	0.9912076438666667	-0.5605916167333334
13350000	13399999	0.12120776516666676	0.9912076438666667	-0.8699998787
13400000	13449999	0.1292830634333335	0.9912076438666667	-0.8619245804333332
13450000	13499999	0.07375413586666668	0.9912076438666667	-0.917453508
13500000	13549999	0.06476763513333328	0.9912076438666667	-0.9264400087333334
13550000	13599999	0.03402730383333341	0.9912076438666667	-0.9571803400333333
13600000	13649999	0.03195931650000006	0.9912076438666667	-0.9592483273666667
13650000	13699999	0.0627224780333333	0.9912076438666667	-0.9284851658333334
13700000	13749999	0.21539104143333343	0.9912076438666667	-0.7758166024333333
13750000	13799999	0.4893816851666667	0.9912076438666667	-0.5018259587
13800000	13849999	0.7376305748666667	0.9912076438666667	-0.253577069
13850000	13899999	0.8973642765000001	0.9912076438666667	-0.09384336736666665
13900000	13949999	0.9602283182	0.9912076438666667	-0.030979325666666724
13950000	13999999	1.1042305900666667	0.9912076438666667	0.11302294619999997
14000000	14049999	1.2715016975	0.9912076438666667	0.28029405363333326
14050000	14099999	1.2951010478666667	0.9912076438666667	0.303893404
14100000	14149999	1.2293131069666667	0.9912076438666667	0.23810546310000003
14150000	14199999	1.0964647693666667	0.9912076438666667	0.10525712549999999
14200000	14249999	1.0803161695666668	0.9912076438666667	0.08910852570000005
14250000	14299999	1.0850967663666666	0.9912076438666667	0.09388912249999992
14300000	14349999	1.0673370545666667	0.9912076438666667	0.07612941070000001
14350000	14399999	1.1029164976999999	0.9912076438666667	0.11170885383333318
14400000	14449999	1.1199721167333334	0.9912076438666667	0.1287644728666667
14450000	14499999	1.1905251241666668	0.9912076438666667	0.19931748030000007
14500000	14549999	1.1793978989	0.9912076438666667	0.1881902550333333
14550000	14599999	1.2380013286666667	0.9912076438666667	0.24679368479999997
14600000	14649999	1.2963341732666667	0.9912076438666667	0.30512652939999996
14650000	14699999	1.4056793023	0.9912076438666667	0.41447165843333333
14700000	14749999	1.4068970425	0.9912076438666667	0.4156893986333333
14750000	14799999	1.4729978278666667	0.9912076438666667	0.48179018399999995
14800000	14849999	1.4650500537	0.9912076438666667	0.47384240983333326
14850000	14899999	1.4686115169666667	0.9912076438666667	0.4774038731
14900000	14949999	1.3212391114	0.9912076438666667	0.33003146753333323
14950000	14999999	1.2714934415666668	0.9912076438666667	0.28028579770000006
15000000	15049999	1.2789860546333334	0.9912076438666667	0.28777841076666666
15050000	15099999	1.4042464369666667	0.9912076438666667	0.4130387931
15100000	15149999	1.4016241391666666	0.9912076438666667	0.4104164952999999
15150000	15199999	1.3769949452333334	0.9912076438666667	0.3857873013666667
15200000	15249999	1.3110114945666667	0.9912076438666667	0.31980385069999995
15250000	15299999	1.2667547789333333	0.9912076438666667	0.2755471350666666
15300000	15349999	1.2019863153666668	0.9912076438666667	0.21077867150000007
15350000	15399999	1.1967065631333333	0.9912076438666667	0.20549891926666664
15400000	15449999	1.2297563129	0.9912076438666667	0.23854866903333327
15450000	15499999	1.2496830333666669	0.9912076438666667	0.25847538950000015
15500000	15549999	1.2626920645333333	0.9912076438666667	0.27148442066666656
15550000	15599999	1.2997475368666667	0.9912076438666667	0.30853989299999995
15600000	15649999	1.3594619527333334	0.9912076438666667	0.36825430886666666
15650000	15699999	1.3584469435000002	0.9912076438666667	0.36723929963333346
15700000	15749999	1.3790804100666667	0.9912076438666667	0.3878727662
15750000	15799999	1.3168546144333333	0.9912076438666667	0.3256469705666666
15800000	15849999	1.3705488582333334	0.9912076438666667	0.3793412143666667
15850000	15899999	1.3919724148666668	0.9912076438666667	0.4007647710000001
15900000	15949999	1.5026796663333333	0.9912076438666667	0.5114720224666666
15950000	15999999	1.4407843432333334	0.9912076438666667	0.44957669936666667
16000000	16049999	1.3919931422	0.9912076438666667	0.4007854983333333
16050000	16099999	1.4144605182	0.9912076438666667	0.42325287433333336
16100000	16149999	1.4035159915333333	0.9912076438666667	0.4123083476666666
16150000	16199999	1.5419460439666666	0.9912076438666667	0.5507384000999999
16200000	16249999	1.4843779224	0.9912076438666667	0.4931702785333333
16250000	16299999	1.4742173446333333	0.9912076438666667	0.4830097007666666
16300000	16349999	1.3154998772000002	0.9912076438666667	0.32429223333333346
16350000	16399999	1.2729521309000003	0.9912076438666667	0.28174448703333355
16400000	16449999	1.3620468836000001	0.9912076438666667	0.37083923973333344
16450000	16499999	1.4018969460333333	0.9912076438666667	0.41068930216666655
16500000	16549999	1.4325108642333333	0.9912076438666667	0.4413032203666666
16550000	16599999	1.4406926308333334	0.9912076438666667	0.4494849869666667
16600000	16649999	1.4594549437666666	0.9912076438666667	0.4682472998999999
16650000	16699999	1.4521589741	0.9912076438666667	0.46095133023333335
16700000	16749999	1.4042687399666667	0.9912076438666667	0.41306109609999997
16750000	16799999	1.5974352802666667	0.9912076438666667	0.6062276364
16800000	16849999	3.7483403594666664	0.9912076438666667	2.7571327155999996
16850000	16899999	5.114264507933333	0.9912076438666667	4.123056864066666
16900000	16949999	5.684440060833333	0.9912076438666667	4.693232416966667
16950000	16999999	3.724499285533334	0.9912076438666667	2.7332916416666673
17000000	17049999	2.5367985067333336	0.9912076438666667	1.5455908628666668
17050000	17099999	1.9761371687000002	0.9912076438666667	0.9849295248333335
17100000	17149999	2.0861571976333337	0.9912076438666667	1.094949553766667
17150000	17199999	2.0203571860333334	0.9912076438666667	1.0291495421666665
17200000	17249999	1.7207038672000001	0.9912076438666667	0.7294962233333334
17250000	17299999	1.4930809565	0.9912076438666667	0.5018733126333333
17300000	17349999	1.3594554179666667	0.9912076438666667	0.3682477741
17350000	17399999	1.3718397495333334	0.9912076438666667	0.3806321056666667
17400000	17449999	1.2165217750333333	0.9912076438666667	0.22531413116666654
17450000	17499999	1.1578967854666666	0.9912076438666667	0.16668914159999992
17500000	17549999	1.1671756302666667	0.9912076438666667	0.1759679864
17550000	17599999	1.1575706238666668	0.9912076438666667	0.16636298000000005
17600000	17649999	1.1625470335333334	0.9912076438666667	0.17133938966666673
17650000	17699999	1.2468746664333334	0.9912076438666667	0.25566702256666674
17700000	17749999	1.2944348779333334	0.9912076438666667	0.30322723406666674
17750000	17799999	1.3663680468666666	0.9912076438666667	0.37516040299999986
17800000	17849999	1.2492668476	0.9912076438666667	0.25805920373333324
17850000	17899999	1.2440877914333335	0.9912076438666667	0.25288014756666677
17900000	17949999	1.1665906534666668	0.9912076438666667	0.17538300960000008
17950000	17999999	1.1140010587	0.9912076438666667	0.12279341483333328
18000000	18049999	1.0449977314666667	0.9912076438666667	0.053790087600000036
18050000	18099999	0.9999089841000001	0.9912076438666667	0.008701340233333354
18100000	18149999	0.9932702344666667	0.9912076438666667	0.002062590600000025
18150000	18199999	1.0445766706333335	0.9912076438666667	0.05336902676666677
18200000	18249999	1.0917075497	0.9912076438666667	0.10049990583333324
18250000	18299999	1.1444383200666666	0.9912076438666667	0.15323067619999986
18300000	18349999	1.1072405657666666	0.9912076438666667	0.11603292189999992
18350000	18399999	1.0650440585	0.9912076438666667	0.07383641463333335
18400000	18449999	0.9704435152666667	0.9912076438666667	-0.020764128599999987
18450000	18499999	0.9902129574	0.9912076438666667	-0.0009946864666666722
18500000	18549999	1.0076947596666668	0.9912076438666667	0.016487115800000063
18550000	18599999	1.0894154825666666	0.9912076438666667	0.09820783869999994
18600000	18649999	1.1048089927	0.9912076438666667	0.11360134883333328
18650000	18699999	1.1317614613333333	0.9912076438666667	0.14055381746666662
18700000	18749999	1.1814883345333334	0.9912076438666667	0.19028069066666664
18750000	18799999	1.1747287793	0.9912076438666667	0.18352113543333337
18800000	18849999	1.1657562889333333	0.9912076438666667	0.17454864506666656
18850000	18899999	1.1009139542000002	0.9912076438666667	0.10970631033333345
18900000	18949999	1.0977876020333333	0.9912076438666667	0.10657995816666654
18950000	18999999	1.066314036	0.9912076438666667	0.07510639213333337
19000000	19049999	1.1406570089666666	0.9912076438666667	0.14944936509999984
19050000	19099999	1.2485182878666667	0.9912076438666667	0.25731064400000003
19100000	19149999	1.3674399178666667	0.9912076438666667	0.37623227400000003
19150000	19199999	1.4729058494666667	0.9912076438666667	0.4816982056
19200000	19249999	1.4264089957000001	0.9912076438666667	0.4352013518333334
19250000	19299999	1.4053030623	0.9912076438666667	0.4140954184333333
19300000	19349999	1.2708322185333334	0.9912076438666667	0.2796245746666667
19350000	19399999	1.2657446255333333	0.9912076438666667	0.2745369816666666
19400000	19449999	1.4160537015	0.9912076438666667	0.4248460576333334
19450000	19499999	1.6183176740666667	0.9912076438666667	0.6271100302
19500000	19549999	1.6084778522	0.9912076438666667	0.6172702083333333
19550000	19599999	1.3896499713333335	0.9912076438666667	0.39844232746666675
19600000	19649999	1.3101847066333334	0.9912076438666667	0.3189770627666667
19650000	19699999	1.4029440574333334	0.9912076438666667	0.4117364135666667
19700000	19749999	1.4958453593666667	0.9912076438666667	0.5046377155
19750000	19799999	1.4667424186333333	0.9912076438666667	0.4755347747666666
19800000	19849999	1.4312449878	0.9912076438666667	0.44003734393333327
19850000	19899999	1.4880601048000002	0.9912076438666667	0.49685246093333346
19900000	19949999	1.437667509766667	0.9912076438666667	0.4464598659000002
19950000	19999999	1.3630923752000002	0.9912076438666667	0.37188473133333344
20000000	20049999	1.3107544906333333	0.9912076438666667	0.31954684676666656
20050000	20099999	1.2945387372666666	0.9912076438666667	0.30333109339999986
20100000	20149999	1.3921449867333333	0.9912076438666667	0.4009373428666666
20150000	20199999	1.3693939802333333	0.9912076438666667	0.37818633636666654
20200000	20249999	1.3676209744333334	0.9912076438666667	0.3764133305666667
20250000	20299999	1.3348639397666666	0.9912076438666667	0.3436562958999999
20300000	20349999	1.3433948881000002	0.9912076438666667	0.3521872442333335
20350000	20399999	1.3630295818333336	0.9912076438666667	0.37182193796666685
20400000	20449999	1.3164953556	0.9912076438666667	0.3252877117333334
20450000	20499999	1.3439656309	0.9912076438666667	0.3527579870333334
20500000	20549999	1.3084962234666668	0.9912076438666667	0.3172885796000001
20550000	20599999	1.3320446072333334	0.9912076438666667	0.3408369633666667
20600000	20649999	1.2612335408000002	0.9912076438666667	0.27002589693333345
20650000	20699999	1.2353559052666667	0.9912076438666667	0.2441482614
20700000	20749999	1.1731321792666667	0.9912076438666667	0.18192453539999998
20750000	20799999	1.1279135319666667	0.9912076438666667	0.13670588809999995
20800000	20849999	1.1985480551666667	0.9912076438666667	0.20734041130000003
20850000	20899999	1.2577519142666667	0.9912076438666667	0.26654427039999995
20900000	20949999	1.2971430802000001	0.9912076438666667	0.3059354363333334
20950000	20999999	1.2519418278333334	0.9912076438666667	0.2607341839666667
21000000	21049999	1.2535638698333333	0.9912076438666667	0.26235622596666663
21050000	21099999	1.2382914782	0.9912076438666667	0.24708383433333336
21100000	21149999	1.377001414	0.9912076438666667	0.38579377013333327
21150000	21199999	1.6231995946	0.9912076438666667	0.6319919507333333
21200000	21249999	1.8308430759	0.9912076438666667	0.8396354320333334
21250000	21299999	2.0086235712000002	0.9912076438666667	1.0174159273333334
21300000	21349999	1.8597761909333335	0.9912076438666667	0.8685685470666668
21350000	21399999	1.8982473298000002	0.9912076438666667	0.9070396859333335
21400000	21449999	1.7048542145	0.9912076438666667	0.7136465706333334
21450000	21499999	1.5882185948333334	0.9912076438666667	0.5970109509666667
21500000	21549999	1.424563746	0.9912076438666667	0.4333561021333333
21550000	21599999	1.3488113191666666	0.9912076438666667	0.3576036752999999
21600000	21649999	1.3686917191333334	0.9912076438666667	0.3774840752666667
21650000	21699999	1.4019740363333333	0.9912076438666667	0.4107663924666666
21700000	21749999	1.4437472896333334	0.9912076438666667	0.4525396457666667
21750000	21799999	1.3883637899666668	0.9912076438666667	0.39715614610000005
21800000	21849999	1.3067610336666666	0.9912076438666667	0.3155533897999999
21850000	21899999	1.2635943519666668	0.9912076438666667	0.2723867081000001
21900000	21949999	1.4024921150333334	0.9912076438666667	0.41128447116666667
21950000	21999999	1.5103954935333332	0.9912076438666667	0.5191878496666665
22000000	22049999	1.6144625784666666	0.9912076438666667	0.6232549345999999
22050000	22099999	1.5864226897	0.9912076438666667	0.5952150458333333
22100000	22149999	1.4511999108000002	0.9912076438666667	0.4599922669333335
22150000	22199999	1.3312722163666666	0.9912076438666667	0.3400645724999999
22200000	22249999	1.2905345831666666	0.9912076438666667	0.2993269392999999
22250000	22299999	1.3643199333	0.9912076438666667	0.3731122894333333
22300000	22349999	1.4960377462	0.9912076438666667	0.5048301023333334
22350000	22399999	1.5248011564000001	0.9912076438666667	0.5335935125333334
22400000	22449999	1.5780034921333335	0.9912076438666667	0.5867958482666668
22450000	22499999	1.5369122942	0.9912076438666667	0.5457046503333333
22500000	22549999	1.3929403777666667	0.9912076438666667	0.40173273389999997
22550000	22599999	1.3018895463	0.9912076438666667	0.31068190243333327
22600000	22649999	1.1719338815	0.9912076438666667	0.1807262376333333
22650000	22699999	1.2840728859666668	0.9912076438666667	0.2928652421000001
22700000	22749999	1.2952574471333334	0.9912076438666667	0.30404980326666664
22750000	22799999	1.4036236557333333	0.9912076438666667	0.41241601186666654
22800000	22849999	1.3915848365666665	0.9912076438666667	0.40037719269999983
22850000	22899999	1.3484101778	0.9912076438666667	0.35720253393333323
22900000	22949999	1.2184499471	0.9912076438666667	0.2272423032333334
22950000	22999999	1.1194784128666668	0.9912076438666667	0.12827076900000012
23000000	23049999	1.1222355521	0.9912076438666667	0.13102790823333332
23050000	23099999	1.1335024586666667	0.9912076438666667	0.14229481479999995
23100000	23149999	1.2161133214333333	0.9912076438666667	0.22490567756666657
23150000	23199999	1.2140990076333336	0.9912076438666667	0.22289136376666685
23200000	23249999	1.188035105	0.9912076438666667	0.19682746113333327
23250000	23299999	1.1979762886333334	0.9912076438666667	0.20676864476666668
23300000	23349999	1.5740801250333334	0.9912076438666667	0.5828724811666667
23350000	23399999	1.8635786961333334	0.9912076438666667	0.8723710522666667
23400000	23449999	1.9148727674666666	0.9912076438666667	0.9236651235999999
23450000	23499999	1.6076467851	0.9912076438666667	0.6164391412333333
23500000	23549999	1.4564717992	0.9912076438666667	0.4652641553333333
23550000	23599999	1.6605298961666668	0.9912076438666667	0.6693222523000001
23600000	23649999	1.6504129922333335	0.9912076438666667	0.6592053483666668
23650000	23699999	1.6331042139666667	0.9912076438666667	0.6418965701
23700000	23749999	1.3971522550333333	0.9912076438666667	0.4059446111666666
23750000	23799999	1.3817257058666668	0.9912076438666667	0.39051806200000005
23800000	23849999	1.3889064311666668	0.9912076438666667	0.3976987873000001
23850000	23899999	1.386242039	0.9912076438666667	0.3950343951333334
23900000	23949999	1.3352669423666668	0.9912076438666667	0.34405929850000005
23950000	23999999	1.3490294284333335	0.9912076438666667	0.3578217845666668
24000000	24049999	1.3028162348333334	0.9912076438666667	0.3116085909666667
24050000	24099999	1.3403031720333334	0.9912076438666667	0.34909552816666667
24100000	24149999	1.2665346639333332	0.9912076438666667	0.27532702006666654
24150000	24199999	1.2730460737666667	0.9912076438666667	0.28183842989999996
24200000	24249999	0.9303907472333334	0.9912076438666667	-0.06081689663333334
24250000	24299999	0.5258014353666667	0.9912076438666667	-0.46540620850000003
24300000	24349999	0.40565475483333335	0.9912076438666667	-0.5855528890333334
24350000	24399999	0.7444551787	0.9912076438666667	-0.2467524651666667
24400000	24449999	1.138299131	0.9912076438666667	0.1470914871333332
24450000	24499999	1.2346352200333333	0.9912076438666667	0.24342757616666655
24500000	24549999	1.2230432685666668	0.9912076438666667	0.23183562470000008
24550000	24599999	1.2603959583	0.9912076438666667	0.26918831443333324
24600000	24649999	1.2995354477666667	0.9912076438666667	0.30832780390000003
24650000	24699999	1.4423438549666667	0.9912076438666667	0.4511362111
24700000	24749999	1.4624497546666668	0.9912076438666667	0.4712421108000001
24750000	24799999	1.4787594729666667	0.9912076438666667	0.48755182909999994
24800000	24849999	1.3557117349	0.9912076438666667	0.36450409103333337
24850000	24899999	1.2846069164333334	0.9912076438666667	0.29339927256666665
24900000	24949999	1.2891132148333333	0.9912076438666667	0.2979055709666666
24950000	24999999	1.2742265280333334	0.9912076438666667	0.28301888416666665
25000000	25049999	1.3675932072666668	0.9912076438666667	0.37638556340000007
25050000	25099999	1.3915741388333334	0.9912076438666667	0.40036649496666665
25100000	25149999	1.3624871517666668	0.9912076438666667	0.3712795079000001
25150000	25199999	1.2716784260666667	0.9912076438666667	0.2804707822
25200000	25249999	1.2471281011666666	0.9912076438666667	0.2559204572999999
25250000	25299999	1.2167296425	0.9912076438666667	0.22552199863333333
25300000	25349999	1.2243110220333333	0.9912076438666667	0.2331033781666666
25350000	25399999	1.2539137237666667	0.9912076438666667	0.26270607989999994
25400000	25449999	1.3609407131666669	0.9912076438666667	0.36973306930000016
25450000	25499999	1.3815463046333334	0.9912076438666667	0.3903386607666667
25500000	25549999	1.4661996422333334	0.9912076438666667	0.4749919983666667
25550000	25599999	1.2838108848	0.9912076438666667	0.29260324093333334
25600000	25649999	1.2250990540333333	0.9912076438666667	0.2338914101666666
25650000	25699999	1.1348114168	0.9912076438666667	0.14360377293333337
25700000	25749999	1.3781720487333335	0.9912076438666667	0.38696440486666683
25750000	25799999	1.4324509926333335	0.9912076438666667	0.4412433487666668
25800000	25849999	1.4548218594	0.9912076438666667	0.46361421553333326
25850000	25899999	1.3107006528666667	0.9912076438666667	0.319493009
25900000	25949999	1.3048897247666666	0.9912076438666667	0.31368208089999994
25950000	25999999	1.2737676199	0.9912076438666667	0.2825599760333334
26000000	26049999	1.3490985509666666	0.9912076438666667	0.35789090709999993
26050000	26099999	1.4423520345	0.9912076438666667	0.45114439063333334
26100000	26149999	1.519174768	0.9912076438666667	0.5279671241333334
26150000	26199999	1.5426816509333334	0.9912076438666667	0.5514740070666667
26200000	26249999	1.5564682405666668	0.9912076438666667	0.5652605967000001
26250000	26299999	1.5687039613333333	0.9912076438666667	0.5774963174666666
26300000	26349999	1.5889269254333334	0.9912076438666667	0.5977192815666666
26350000	26399999	1.6489519516333333	0.9912076438666667	0.6577443077666666
26400000	26449999	1.6063514128333334	0.9912076438666667	0.6151437689666667
26450000	26499999	1.4945931623333335	0.9912076438666667	0.5033855184666668
26500000	26549999	1.4228289907333334	0.9912076438666667	0.43162134686666664
26550000	26599999	1.4620642291666668	0.9912076438666667	0.4708565853000001
26600000	26649999	1.5258339274333335	0.9912076438666667	0.5346262835666667
26650000	26699999	1.5226578398333332	0.9912076438666667	0.5314501959666665
26700000	26749999	1.4009224559	0.9912076438666667	0.40971481203333326
26750000	26799999	1.3976203480333333	0.9912076438666667	0.40641270416666664
26800000	26849999	1.3523389634333334	0.9912076438666667	0.36113131956666666
26850000	26899999	1.4508079713333335	0.9912076438666667	0.4596003274666668
26900000	26949999	1.4938756531666668	0.9912076438666667	0.5026680093000001
26950000	26999999	1.5451530289000002	0.9912076438666667	0.5539453850333335
27000000	27049999	1.5373138527333334	0.9912076438666667	0.5461062088666667
27050000	27099999	1.4722026590000001	0.9912076438666667	0.4809950151333334
27100000	27149999	1.3972667913666665	0.9912076438666667	0.40605914749999983
27150000	27199999	1.3266425673333333	0.9912076438666667	0.3354349234666666
27200000	27249999	1.3598486929333333	0.9912076438666667	0.3686410490666666
27250000	27299999	1.3687556578333333	0.9912076438666667	0.3775480139666666
27300000	27349999	1.3929165389666667	0.9912076438666667	0.40170889509999996
27350000	27399999	1.3638624692	0.9912076438666667	0.3726548253333334
27400000	27449999	1.3864081533666668	0.9912076438666667	0.3952005095000001
27450000	27499999	1.4265207561333333	0.9912076438666667	0.4353131122666666
27500000	27549999	1.4775602694333334	0.9912076438666667	0.4863526255666667
27550000	27599999	1.4335419748333336	0.9912076438666667	0.44233433096666686
27600000	27649999	1.3885133464000001	0.9912076438666667	0.3973057025333334
27650000	27699999	1.3568369565666667	0.9912076438666667	0.3656293127
27700000	27749999	1.4717815123666667	0.9912076438666667	0.48057386849999995
27750000	27799999	1.4542464809	0.9912076438666667	0.46303883703333326
27800000	27849999	1.4981038828	0.9912076438666667	0.5068962389333332
27850000	27899999	1.4085788471	0.9912076438666667	0.4173712032333333
27900000	27949999	1.4143586723666668	0.9912076438666667	0.4231510285000001
27950000	27999999	1.4135052755333333	0.9912076438666667	0.42229763166666656
28000000	28049999	1.4705548361666667	0.9912076438666667	0.4793471923
28050000	28099999	1.5436523657666668	0.9912076438666667	0.5524447219
28100000	28149999	1.4623759576333335	0.9912076438666667	0.4711683137666668
28150000	28199999	1.4505248999	0.9912076438666667	0.4593172560333333
28200000	28249999	1.3565948727666668	0.9912076438666667	0.3653872289000001
28250000	28299999	1.4834416625666667	0.9912076438666667	0.49223401869999994
28300000	28349999	1.6975328439666668	0.9912076438666667	0.7063252001000001
28350000	28399999	1.8616550055333336	0.9912076438666667	0.8704473616666669
28400000	28449999	1.8553085849000004	0.9912076438666667	0.8641009410333337
28450000	28499999	1.5918534709	0.9912076438666667	0.6006458270333334
28500000	28549999	1.5235023484333334	0.9912076438666667	0.5322947045666667
28550000	28599999	1.4551371166	0.9912076438666667	0.4639294727333333
28600000	28649999	1.5297933320000001	0.9912076438666667	0.5385856881333334
28650000	28699999	1.5855095884	0.9912076438666667	0.5943019445333332
28700000	28749999	1.6554474702666666	0.9912076438666667	0.6642398263999999
28750000	28799999	1.6392194691333333	0.9912076438666667	0.6480118252666666
28800000	28849999	1.4607081668	0.9912076438666667	0.4695005229333332
28850000	28899999	1.3816066128666666	0.9912076438666667	0.39039896899999993
28900000	28949999	1.3673452202666667	0.9912076438666667	0.3761375764
28950000	28999999	1.4616118728333334	0.9912076438666667	0.47040422896666667
29000000	29049999	1.4568891328	0.9912076438666667	0.4656814889333333
29050000	29099999	1.3798671822666666	0.9912076438666667	0.3886595383999999
29100000	29149999	1.3847739872	0.9912076438666667	0.3935663433333333
29150000	29199999	1.3993906047	0.9912076438666667	0.4081829608333333
29200000	29249999	1.6245955344666667	0.9912076438666667	0.6333878906
29250000	29299999	1.7116671062333335	0.9912076438666667	0.7204594623666668
29300000	29349999	1.845935507	0.9912076438666667	0.8547278631333334
29350000	29399999	1.6946593059000001	0.9912076438666667	0.7034516620333334
29400000	29449999	1.5474988377666667	0.9912076438666667	0.5562911939
29450000	29499999	1.4456673378333333	0.9912076438666667	0.45445969396666663
29500000	29549999	1.4286474243333334	0.9912076438666667	0.43743978046666665
29550000	29599999	1.4045724245666666	0.9912076438666667	0.41336478069999993
29600000	29649999	1.3192973931	0.9912076438666667	0.32808974923333334
29650000	29699999	1.2316432331333333	0.9912076438666667	0.24043558926666664
29700000	29749999	1.1896435538333334	0.9912076438666667	0.1984359099666667
29750000	29799999	1.1911619641	0.9912076438666667	0.19995432023333326
29800000	29849999	1.3666791393666666	0.9912076438666667	0.3754714954999999
29850000	29899999	1.3217126905333334	0.9912076438666667	0.3305050466666667
29900000	29949999	1.2225318200666666	0.9912076438666667	0.2313241761999999
29950000	29999999	0.9699068168333334	0.9912076438666667	-0.021300827033333358
30000000	30049999	1.0716835483666667	0.9912076438666667	0.08047590449999997
30050000	30099999	1.1301273635333333	0.9912076438666667	0.1389197196666666
30100000	30149999	1.1858385172333334	0.9912076438666667	0.19463087336666673
30150000	30199999	1.1095771965333334	0.9912076438666667	0.11836955266666671
30200000	30249999	1.0951376104333335	0.9912076438666667	0.10392996656666675
30250000	30299999	1.1126834067666667	0.9912076438666667	0.12147576289999995
30300000	30349999	1.0909892789666666	0.9912076438666667	0.09978163509999993
30350000	30399999	1.1210172302666668	0.9912076438666667	0.12980958640000007
30400000	30449999	1.0573194430000001	0.9912076438666667	0.06611179913333343
30450000	30499999	1.0890494084	0.9912076438666667	0.09784176453333326
30500000	30549999	1.1437528599333333	0.9912076438666667	0.1525452160666666
30550000	30599999	1.2758631261333333	0.9912076438666667	0.2846554822666666
30600000	30649999	1.2789662854000001	0.9912076438666667	0.2877586415333334
30650000	30699999	1.2101959202333334	0.9912076438666667	0.21898827636666673
30700000	30749999	1.1984829634	0.9912076438666667	0.20727531953333334
30750000	30799999	1.1530562449666666	0.9912076438666667	0.16184860109999988
30800000	30849999	1.1382358498	0.9912076438666667	0.14702820593333332
30850000	30899999	1.0815078921666668	0.9912076438666667	0.09030024830000005
30900000	30949999	1.1055476993666669	0.9912076438666667	0.11434005550000015
30950000	30999999	1.1393351558666667	0.9912076438666667	0.14812751199999996
31000000	31049999	1.1683016552666667	0.9912076438666667	0.17709401140000003
31050000	31099999	1.2485993102333333	0.9912076438666667	0.25739166636666655
31100000	31149999	1.3184601682666668	0.9912076438666667	0.3272525244000001
31150000	31199999	1.5053903849	0.9912076438666667	0.5141827410333334
31200000	31249999	1.6171526288666667	0.9912076438666667	0.625944985
31250000	31299999	1.5909684629666667	0.9912076438666667	0.5997608191
31300000	31349999	1.4897884105666668	0.9912076438666667	0.49858076670000007
31350000	31399999	1.4749235248666666	0.9912076438666667	0.48371588099999985
31400000	31449999	1.7563133647666667	0.9912076438666667	0.7651057209
31450000	31499999	1.7630771769	0.9912076438666667	0.7718695330333333
31500000	31549999	1.7090476522333333	0.9912076438666667	0.7178400083666666
31550000	31599999	1.4674014009	0.9912076438666667	0.47619375703333333
31600000	31649999	1.4023171444666667	0.9912076438666667	0.41110950059999996
31650000	31699999	1.3821907066	0.9912076438666667	0.3909830627333334
31700000	31749999	1.4053548921666668	0.9912076438666667	0.41414724830000005
31750000	31799999	1.4594097701000002	0.9912076438666667	0.46820212623333346
31800000	31849999	1.4152176607666667	0.9912076438666667	0.42401001689999995
31850000	31899999	1.2853916131666667	0.9912076438666667	0.2941839693
31900000	31949999	1.2285721913666667	0.9912076438666667	0.23736454750000002
31950000	31999999	1.2615167598666668	0.9912076438666667	0.27030911600000007
32000000	32049999	1.3134695644333334	0.9912076438666667	0.3222619205666667
32050000	32099999	1.3817170533666667	0.9912076438666667	0.3905094095
32100000	32149999	1.419225554	0.9912076438666667	0.42801791013333335
32150000	32199999	1.5153908449	0.9912076438666667	0.5241832010333333
32200000	32249999	1.4716547941	0.9912076438666667	0.4804471502333333
32250000	32299999	1.4795255993	0.9912076438666667	0.48831795543333334
32300000	32349999	1.5293510775	0.9912076438666667	0.5381434336333334
32350000	32399999	1.6162517952000002	0.9912076438666667	0.6250441513333335
32400000	32449999	1.6536918405666667	0.9912076438666667	0.6624841967
32450000	32499999	1.5864138543666666	0.9912076438666667	0.5952062104999999
32500000	32549999	1.5840995311333335	0.9912076438666667	0.5928918872666668
32550000	32599999	1.5551130383	0.9912076438666667	0.5639053944333333
32600000	32649999	1.4838408167666666	0.9912076438666667	0.49263317289999986
32650000	32699999	1.3754507835333334	0.9912076438666667	0.3842431396666667
32700000	32749999	1.3781009465666667	0.9912076438666667	0.3868933027
32750000	32799999	1.3322672054	0.9912076438666667	0.3410595615333333
32800000	32849999	1.3999298479333335	0.9912076438666667	0.4087222040666668
32850000	32899999	1.3537748836666668	0.9912076438666667	0.36256723980000005
32900000	32949999	1.4405168091666667	0.9912076438666667	0.4493091653
32950000	32999999	1.4399813064333333	0.9912076438666667	0.4487736625666666
33000000	33049999	1.5282708006666668	0.9912076438666667	0.5370631568
33050000	33099999	1.5395798426666667	0.9912076438666667	0.5483721988
33100000	33149999	1.5386123397	0.9912076438666667	0.5474046958333333
33150000	33199999	1.4455316482666667	0.9912076438666667	0.4543240044
33200000	33249999	1.4286500489666667	0.9912076438666667	0.4374424051
33250000	33299999	1.3243797527666668	0.9912076438666667	0.33317210890000004
33300000	33349999	1.3077617221333333	0.9912076438666667	0.3165540782666666
33350000	33399999	1.2598205115	0.9912076438666667	0.26861286763333336
33400000	33449999	1.3659368648	0.9912076438666667	0.3747292209333334
33450000	33499999	1.3221391663333333	0.9912076438666667	0.33093152246666657
33500000	33549999	1.3348362943333334	0.9912076438666667	0.3436286504666667
33550000	33599999	1.2639625001333332	0.9912076438666667	0.2727548562666665
33600000	33649999	1.3841447440333334	0.9912076438666667	0.3929371001666667
33650000	33699999	1.3353981206666667	0.9912076438666667	0.34419047680000003
33700000	33749999	1.2801526043666667	0.9912076438666667	0.28894496049999996
33750000	33799999	1.1662805413	0.9912076438666667	0.1750728974333332
33800000	33849999	1.3087152424666666	0.9912076438666667	0.3175075985999999
33850000	33899999	1.4499805276	0.9912076438666667	0.45877288373333325
33900000	33949999	1.4537505043333334	0.9912076438666667	0.4625428604666667
33950000	33999999	1.3576699683333335	0.9912076438666667	0.3664623244666668
34000000	34049999	1.2024108585333333	0.9912076438666667	0.21120321466666658
34050000	34099999	1.1055950352333335	0.9912076438666667	0.11438739136666676
34100000	34149999	1.0141168776666667	0.9912076438666667	0.022909233799999984
34150000	34199999	1.0222301217333334	0.9912076438666667	0.031022477866666676
34200000	34249999	1.0413778812666667	0.9912076438666667	0.05017023740000004
34250000	34299999	1.0522564138333332	0.9912076438666667	0.06104876996666653
34300000	34349999	0.9658893112	0.9912076438666667	-0.02531833266666672
34350000	34399999	1.0381255952	0.9912076438666667	0.04691795133333321
34400000	34449999	1.0400568514666668	0.9912076438666667	0.04884920760000011
34450000	34499999	1.0474108779666667	0.9912076438666667	0.056203234099999944
34500000	34549999	0.9155649200666667	0.9912076438666667	-0.07564272380000003
34550000	34599999	0.8275664690333334	0.9912076438666667	-0.1636411748333333
34600000	34649999	0.8426650246333334	0.9912076438666667	-0.14854261923333334
34650000	34699999	0.8760789024333334	0.9912076438666667	-0.11512874143333329
34700000	34749999	0.9390344544	0.9912076438666667	-0.052173189466666714
34750000	34799999	0.9943608014333333	0.9912076438666667	0.0031531575666665645
34800000	34849999	1.0646903103333334	0.9912076438666667	0.07348266646666668
34850000	34899999	1.1099016474	0.9912076438666667	0.11869400353333337
34900000	34949999	1.0898319312333333	0.9912076438666667	0.09862428736666662
34950000	34999999	1.0469447421	0.9912076438666667	0.05573709823333328
35000000	35049999	1.0362834401666667	0.9912076438666667	0.045075796300000026
35050000	35099999	1.0573091361	0.9912076438666667	0.06610149223333328
35100000	35149999	1.1142305951333333	0.9912076438666667	0.12302295126666662
35150000	35199999	1.0702940563666667	0.9912076438666667	0.07908641250000004
35200000	35249999	1.1109865021	0.9912076438666667	0.11977885823333334
35250000	35299999	1.1934190387333334	0.9912076438666667	0.20221139486666673
35300000	35349999	1.2390364006333334	0.9912076438666667	0.2478287567666667
35350000	35399999	1.2308248326000002	0.9912076438666667	0.23961718873333349
35400000	35449999	1.2492537600666667	0.9912076438666667	0.25804611619999995
35450000	35499999	1.3374245622333334	0.9912076438666667	0.3462169183666667
35500000	35549999	1.3914391693666668	0.9912076438666667	0.4002315255000001
35550000	35599999	1.4012615992666668	0.9912076438666667	0.4100539554000001
35600000	35649999	1.3884388612666667	0.9912076438666667	0.3972312174
35650000	35699999	1.4205383044	0.9912076438666667	0.42933066053333324
35700000	35749999	1.4974715254	0.9912076438666667	0.5062638815333332
35750000	35799999	1.7233006374666668	0.9912076438666667	0.7320929936000001
35800000	35849999	1.7067910879333335	0.9912076438666667	0.7155834440666667
35850000	35899999	1.6147467081000002	0.9912076438666667	0.6235390642333335
35900000	35949999	1.4627336887666669	0.9912076438666667	0.47152604490000016
35950000	35999999	1.4146589713000002	0.9912076438666667	0.42345132743333347
36000000	36049999	1.3537600948333335	0.9912076438666667	0.3625524509666668
36050000	36099999	1.3194967798666668	0.9912076438666667	0.3282891360000001
36100000	36149999	1.3609509477666668	0.9912076438666667	0.3697433039000001
36150000	36199999	1.4488670273333333	0.9912076438666667	0.45765938346666657
36200000	36249999	1.4726801885333334	0.9912076438666667	0.48147254466666667
36250000	36299999	1.5082411133333333	0.9912076438666667	0.5170334694666666
36300000	36349999	1.5073466654666667	0.9912076438666667	0.5161390216
36350000	36399999	1.7267724277000003	0.9912076438666667	0.7355647838333336
36400000	36449999	1.8153580329333334	0.9912076438666667	0.8241503890666667
36450000	36499999	1.8669120575666667	0.9912076438666667	0.8757044137
36500000	36549999	1.5820191536333335	0.9912076438666667	0.5908115097666667
36550000	36599999	1.4107098441666668	0.9912076438666667	0.41950220030000007
36600000	36649999	1.3542136792	0.9912076438666667	0.3630060353333332
36650000	36699999	1.4019065130333335	0.9912076438666667	0.41069886916666676
36700000	36749999	1.4390789653666667	0.9912076438666667	0.4478713215
36750000	36799999	1.3824659407333333	0.9912076438666667	0.3912582968666666
36800000	36849999	1.3928963163666666	0.9912076438666667	0.40168867249999984
36850000	36899999	1.4568278915	0.9912076438666667	0.4656202476333332
36900000	36949999	1.4765992869666666	0.9912076438666667	0.48539164309999994
36950000	36999999	1.398051934	0.9912076438666667	0.40684429013333323
37000000	37049999	1.2610131781666667	0.9912076438666667	0.2698055343
37050000	37099999	1.2177873418666667	0.9912076438666667	0.226579698
37100000	37149999	1.1917190456333335	0.9912076438666667	0.20051140176666682
37150000	37199999	1.1685460927333333	0.9912076438666667	0.1773384488666666
37200000	37249999	1.1263380794	0.9912076438666667	0.13513043553333326
37250000	37299999	1.1986323605333333	0.9912076438666667	0.20742471666666662
37300000	37349999	1.1919818973	0.9912076438666667	0.20077425343333333
37350000	37399999	1.1516898965333333	0.9912076438666667	0.1604822526666666
37400000	37449999	1.0450042573333334	0.9912076438666667	0.05379661346666664
37450000	37499999	1.0966931550666668	0.9912076438666667	0.10548551120000005
37500000	37549999	1.1479497361000002	0.9912076438666667	0.15674209223333346
37550000	37599999	1.1997229031666667	0.9912076438666667	0.20851525930000003
37600000	37649999	1.3045735069000002	0.9912076438666667	0.31336586303333347
37650000	37699999	1.2709215063333335	0.9912076438666667	0.27971386246666674
37700000	37749999	1.2560474099333334	0.9912076438666667	0.2648397660666667
37750000	37799999	1.1506974468	0.9912076438666667	0.15948980293333326
37800000	37849999	1.2058143367	0.9912076438666667	0.21460669283333333
37850000	37899999	1.2614287581	0.9912076438666667	0.2702211142333334
37900000	37949999	1.3591727193666667	0.9912076438666667	0.3679650755
37950000	37999999	1.4639873778666668	0.9912076438666667	0.47277973400000006
38000000	38049999	1.4931456384666668	0.9912076438666667	0.5019379946000001
38050000	38099999	1.3681491393	0.9912076438666667	0.37694149543333333
38100000	38149999	1.2998538808666666	0.9912076438666667	0.30864623699999993
38150000	38199999	1.2542001614666667	0.9912076438666667	0.2629925176
38200000	38249999	1.2890663995666667	0.9912076438666667	0.2978587557
38250000	38299999	1.3700685224	0.9912076438666667	0.3788608785333333
38300000	38349999	1.4475823104333334	0.9912076438666667	0.4563746665666667
38350000	38399999	1.5081840353	0.9912076438666667	0.5169763914333333
38400000	38449999	1.4359917124	0.9912076438666667	0.4447840685333332
38450000	38499999	1.3436161996	0.9912076438666667	0.3524085557333333
38500000	38549999	1.2941874049000002	0.9912076438666667	0.30297976103333346
38550000	38599999	1.2786874955666667	0.9912076438666667	0.2874798517
38600000	38649999	1.3470447219333335	0.9912076438666667	0.35583707806666676
38650000	38699999	1.4023086354333334	0.9912076438666667	0.4111009915666667
38700000	38749999	1.5151844631333333	0.9912076438666667	0.5239768192666666
38750000	38799999	1.5494682854666668	0.9912076438666667	0.5582606416000001
38800000	38849999	1.6161579461333333	0.9912076438666667	0.6249503022666666
38850000	38899999	1.5236521337666666	0.9912076438666667	0.5324444898999999
38900000	38949999	1.491959373	0.9912076438666667	0.5007517291333333
38950000	38999999	1.4010794953666665	0.9912076438666667	0.40987185149999983
39000000	39049999	1.3746098293	0.9912076438666667	0.38340218543333326
39050000	39099999	1.2379994510666665	0.9912076438666667	0.24679180719999982
39100000	39149999	1.2733575936333335	0.9912076438666667	0.28214994976666674
39150000	39199999	1.3281098576666666	0.9912076438666667	0.33690221379999985
39200000	39249999	1.5268374737666668	0.9912076438666667	0.5356298299000001
39250000	39299999	1.5335900878333333	0.9912076438666667	0.5423824439666666
39300000	39349999	1.4915273439666668	0.9912076438666667	0.5003197001
39350000	39399999	1.4557844128	0.9912076438666667	0.4645767689333332
39400000	39449999	1.4906722396666667	0.9912076438666667	0.4994645958
39450000	39499999	1.5225298273333334	0.9912076438666667	0.5313221834666667
39500000	39549999	1.4889911522000001	0.9912076438666667	0.4977835083333334
39550000	39599999	1.5006212307666666	0.9912076438666667	0.5094135868999999
39600000	39649999	1.5572732792666666	0.9912076438666667	0.5660656353999999
39650000	39699999	1.5433848955333334	0.9912076438666667	0.5521772516666666
39700000	39749999	1.4886156828666668	0.9912076438666667	0.4974080390000001
39750000	39799999	1.4950169258000001	0.9912076438666667	0.5038092819333334
39800000	39849999	1.5311059131	0.9912076438666667	0.5398982692333333
39850000	39899999	1.5368933168333334	0.9912076438666667	0.5456856729666667
39900000	39949999	1.2972957554333333	0.9912076438666667	0.3060881115666666
39950000	39999999	1.1937071290333334	0.9912076438666667	0.20249948516666672
40000000	40049999	1.1671317897	0.9912076438666667	0.17592414583333327
40050000	40099999	1.3431528496666667	0.9912076438666667	0.3519452058
40100000	40149999	1.3504069722666667	0.9912076438666667	0.3591993284
40150000	40199999	1.2024184104333333	0.9912076438666667	0.2112107665666666
40200000	40249999	1.1544801358333334	0.9912076438666667	0.1632724919666667
40250000	40299999	1.2434956775333335	0.9912076438666667	0.25228803366666674
40300000	40349999	1.4263813559666667	0.9912076438666667	0.4351737121
40350000	40399999	1.4783919645666668	0.9912076438666667	0.48718432070000006
40400000	40449999	1.4612146859666666	0.9912076438666667	0.4700070420999999
40450000	40499999	1.4938924619	0.9912076438666667	0.5026848180333333
40500000	40549999	1.5427351237666667	0.9912076438666667	0.5515274799
40550000	40599999	1.6090306213666667	0.9912076438666667	0.6178229775
40600000	40649999	1.6301162448666666	0.9912076438666667	0.6389086009999999
40650000	40699999	1.6517164517	0.9912076438666667	0.6605088078333333
40700000	40749999	1.4862272408000001	0.9912076438666667	0.4950195969333334
40750000	40799999	1.4495804678666668	0.9912076438666667	0.4583728240000001
40800000	40849999	1.4013884964333334	0.9912076438666667	0.4101808525666667
40850000	40899999	1.4406457859000001	0.9912076438666667	0.44943814203333343
40900000	40949999	1.3931629045	0.9912076438666667	0.4019552606333333
40950000	40999999	1.3477961860666667	0.9912076438666667	0.3565885422
41000000	41049999	1.3040705169333333	0.9912076438666667	0.3128628730666666
41050000	41099999	1.2483842589666667	0.9912076438666667	0.2571766151
41100000	41149999	1.3772636765333335	0.9912076438666667	0.38605603266666677
41150000	41199999	1.4739557719333334	0.9912076438666667	0.48274812806666667
41200000	41249999	1.5733466318666667	0.9912076438666667	0.582138988
41250000	41299999	1.4438088930333333	0.9912076438666667	0.45260124916666655
41300000	41349999	1.445922184	0.9912076438666667	0.45471454013333334
41350000	41399999	1.4450510407333335	0.9912076438666667	0.45384339686666675
41400000	41449999	1.4318324733	0.9912076438666667	0.44062482943333336
41450000	41499999	1.4220400783666667	0.9912076438666667	0.43083243449999997
41500000	41549999	1.5650815929	0.9912076438666667	0.5738739490333332
41550000	41599999	1.7424807398333333	0.9912076438666667	0.7512730959666666
41600000	41649999	1.9008168947333335	0.9912076438666667	0.9096092508666668
41650000	41699999	1.6896789763	0.9912076438666667	0.6984713324333333
41700000	41749999	1.5337251941333334	0.9912076438666667	0.5425175502666667
41750000	41799999	1.2676146113666666	0.9912076438666667	0.27640696749999993
41800000	41849999	1.2512563998666668	0.9912076438666667	0.2600487560000001
41850000	41899999	1.221333354	0.9912076438666667	0.23012571013333327
41900000	41949999	1.1970625070666667	0.9912076438666667	0.20585486320000002
41950000	41999999	1.1673588719	0.9912076438666667	0.17615122803333338
42000000	42049999	1.1517961896666669	0.9912076438666667	0.16058854580000015
42050000	42099999	1.1939358853000002	0.9912076438666667	0.20272824143333346
42100000	42149999	1.1870118754666668	0.9912076438666667	0.19580423160000004
42150000	42199999	1.1374136714666667	0.9912076438666667	0.1462060276
42200000	42249999	1.1189179368333333	0.9912076438666667	0.12771029296666658
42250000	42299999	1.1292398889333333	0.9912076438666667	0.13803224506666656
42300000	42349999	1.1984544537666668	0.9912076438666667	0.2072468099000001
42350000	42399999	1.2327654210333334	0.9912076438666667	0.2415577771666667
42400000	42449999	1.2784868535666667	0.9912076438666667	0.2872792097
42450000	42499999	1.2365196111333334	0.9912076438666667	0.2453119672666667
42500000	42549999	1.2707035511	0.9912076438666667	0.2794959072333333
42550000	42599999	1.1646256893333333	0.9912076438666667	0.17341804546666661
42600000	42649999	1.3361793497666667	0.9912076438666667	0.34497170590000004
42650000	42699999	1.4392685795666667	0.9912076438666667	0.44806093569999994
42700000	42749999	1.7857602549333333	0.9912076438666667	0.7945526110666666
42750000	42799999	1.6315925962	0.9912076438666667	0.6403849523333333
42800000	42849999	1.5474967572333336	0.9912076438666667	0.5562891133666669
42850000	42899999	1.3703902239333334	0.9912076438666667	0.3791825800666667
42900000	42949999	1.4209498112	0.9912076438666667	0.42974216733333337
42950000	42999999	1.5277329723333333	0.9912076438666667	0.5365253284666666
43000000	43049999	1.5052187213666668	0.9912076438666667	0.5140110775000001
43050000	43099999	1.5506436262	0.9912076438666667	0.5594359823333334
43100000	43149999	1.4590109104	0.9912076438666667	0.46780326653333326
43150000	43199999	1.3999434460333333	0.9912076438666667	0.4087358021666666
43200000	43249999	1.4089302449333334	0.9912076438666667	0.4177226010666667
43250000	43299999	1.4456428035	0.9912076438666667	0.45443515963333325
43300000	43349999	1.4621179873666668	0.9912076438666667	0.47091034350000005
43350000	43399999	1.4140816468000001	0.9912076438666667	0.42287400293333344
43400000	43449999	1.3110151174000002	0.9912076438666667	0.3198074735333335
43450000	43499999	1.335070969066667	0.9912076438666667	0.3438633252000002
43500000	43549999	1.4049102438333334	0.9912076438666667	0.4137025999666667
43550000	43599999	1.4894472223333335	0.9912076438666667	0.4982395784666668
43600000	43649999	1.5199440218000002	0.9912076438666667	0.5287363779333335
43650000	43699999	1.3707432392333334	0.9912076438666667	0.3795355953666667
43700000	43749999	1.3436558764000002	0.9912076438666667	0.35244823253333346
43750000	43799999	1.2857131078	0.9912076438666667	0.2945054639333332
43800000	43849999	1.3964997663333334	0.9912076438666667	0.4052921224666667
43850000	43899999	1.3509651374	0.9912076438666667	0.3597574935333333
43900000	43949999	1.2989502776	0.9912076438666667	0.3077426337333332
43950000	43999999	1.2506629710333335	0.9912076438666667	0.25945532716666675
44000000	44049999	1.2460281541333333	0.9912076438666667	0.25482051026666663
44050000	44099999	1.2381414923333334	0.9912076438666667	0.24693384846666666
44100000	44149999	1.2105378857333333	0.9912076438666667	0.2193302418666666
44150000	44199999	1.3551042788	0.9912076438666667	0.36389663493333335
44200000	44249999	1.5210263439666667	0.9912076438666667	0.5298187001
44250000	44299999	1.6128110782666667	0.9912076438666667	0.6216034344
44300000	44349999	1.4853045798333333	0.9912076438666667	0.4940969359666666
44350000	44399999	1.481275835	0.9912076438666667	0.4900681911333332
44400000	44449999	1.4584930972666668	0.9912076438666667	0.46728545340000005
44450000	44499999	1.6055300687666667	0.9912076438666667	0.6143224249
44500000	44549999	1.6019759281666668	0.9912076438666667	0.6107682843000001
44550000	44599999	1.5733917915666669	0.9912076438666667	0.5821841477000002
44600000	44649999	1.5260358535	0.9912076438666667	0.5348282096333333
44650000	44699999	1.5117739575333333	0.9912076438666667	0.5205663136666666
44700000	44749999	1.5679853923333333	0.9912076438666667	0.5767777484666666
44750000	44799999	1.5435452384666668	0.9912076438666667	0.5523375946000001
44800000	44849999	1.3887002043333334	0.9912076438666667	0.3974925604666667
44850000	44899999	1.3986185302	0.9912076438666667	0.40741088633333333
44900000	44949999	1.3415713063	0.9912076438666667	0.3503636624333334
44950000	44999999	1.4547082235333333	0.9912076438666667	0.4635005796666666
45000000	45049999	1.3658929577666667	0.9912076438666667	0.37468531390000004
45050000	45099999	1.4152088042666666	0.9912076438666667	0.4240011603999999
45100000	45149999	1.4161887065	0.9912076438666667	0.42498106263333335
45150000	45199999	1.4437861404	0.9912076438666667	0.4525784965333334
45200000	45249999	1.401906155	0.9912076438666667	0.41069851113333333
45250000	45299999	1.3689601703333334	0.9912076438666667	0.3777525264666667
45300000	45349999	1.4386170788333335	0.9912076438666667	0.44740943496666674
45350000	45399999	1.5251183779333335	0.9912076438666667	0.5339107340666668
45400000	45449999	1.5860674064666667	0.9912076438666667	0.5948597626
45450000	45499999	1.5333340333333334	0.9912076438666667	0.5421263894666667
45500000	45549999	1.4154778740333334	0.9912076438666667	0.42427023016666665
45550000	45599999	1.5348403675666669	0.9912076438666667	0.5436327237000002
45600000	45649999	1.5547086750666668	0.9912076438666667	0.5635010312000001
45650000	45699999	1.6033555788	0.9912076438666667	0.6121479349333333
45700000	45749999	1.4236182431	0.9912076438666667	0.43241059923333325
45750000	45799999	1.4009152075	0.9912076438666667	0.40970756363333327
45800000	45849999	1.4791531919666667	0.9912076438666667	0.4879455481
45850000	45899999	1.5908835104333334	0.9912076438666667	0.5996758665666667
45900000	45949999	1.6146914759	0.9912076438666667	0.6234838320333332
45950000	45999999	1.5790082689333333	0.9912076438666667	0.5878006250666666
46000000	46049999	1.4632041359333334	0.9912076438666667	0.4719964920666667
46050000	46099999	1.4936143701333333	0.9912076438666667	0.5024067262666666
46100000	46149999	1.4630783687666666	0.9912076438666667	0.4718707248999999
46150000	46199999	1.5047829599666667	0.9912076438666667	0.5135753161
46200000	46249999	1.4986578142	0.9912076438666667	0.5074501703333333
46250000	46299999	1.6378298702	0.9912076438666667	0.6466222263333333
46300000	46349999	1.6452483961	0.9912076438666667	0.6540407522333332
46350000	46399999	1.6607603547	0.9912076438666667	0.6695527108333333
46400000	46449999	1.5226483369000001	0.9912076438666667	0.5314406930333334
46450000	46499999	1.5116384910333334	0.9912076438666667	0.5204308471666667
46500000	46549999	1.5227502672333335	0.9912076438666667	0.5315426233666668
46550000	46599999	1.5982419407000001	0.9912076438666667	0.6070342968333334
46600000	46649999	1.5675872278	0.9912076438666667	0.5763795839333333
46650000	46699999	1.4333860662000002	0.9912076438666667	0.4421784223333335
46700000	46749999	1.3704333467666667	0.9912076438666667	0.3792257029
46750000	46799999	1.3927925134666665	0.9912076438666667	0.40158486959999984
46800000	46849999	1.4583430983666665	0.9912076438666667	0.4671354544999998
46850000	46899999	1.5053666231333334	0.9912076438666667	0.5141589792666666
46900000	46949999	1.4881060523333334	0.9912076438666667	0.49689840846666666
46950000	46999999	1.5005483869333334	0.9912076438666667	0.5093407430666667
47000000	47049999	1.4517274372	0.9912076438666667	0.46051979333333326
47050000	47099999	1.4539469170666668	0.9912076438666667	0.4627392732000001
47100000	47149999	1.5232269304666666	0.9912076438666667	0.5320192865999999
47150000	47199999	1.4101003120666666	0.9912076438666667	0.41889266819999993
47200000	47249999	1.3499925531666666	0.9912076438666667	0.35878490929999984
47250000	47299999	1.3543293351333334	0.9912076438666667	0.3631216912666667
47300000	47349999	1.4075414884333335	0.9912076438666667	0.4163338445666668
47350000	47399999	1.4219176334666668	0.9912076438666667	0.43070998960000006
47400000	47449999	1.3160119538	0.9912076438666667	0.3248043099333332
47450000	47499999	1.3824360184	0.9912076438666667	0.39122837453333326
47500000	47549999	1.5512995974666668	0.9912076438666667	0.5600919536000001
47550000	47599999	1.6128725671333335	0.9912076438666667	0.6216649232666668
47600000	47649999	1.6532249167000002	0.9912076438666667	0.6620172728333334
47650000	47699999	1.5699692352666668	0.9912076438666667	0.5787615914
47700000	47749999	1.5838941412333334	0.9912076438666667	0.5926864973666667
47750000	47799999	1.6005558833666669	0.9912076438666667	0.6093482395000002
47800000	47849999	1.5129619902666667	0.9912076438666667	0.5217543464
47850000	47899999	1.405328325966667	0.9912076438666667	0.4141206821000002
47900000	47949999	1.2955342994333334	0.9912076438666667	0.3043266555666667
47950000	47999999	1.2578916211333333	0.9912076438666667	0.2666839772666666
48000000	48049999	1.1835042368666666	0.9912076438666667	0.1922965929999999
48050000	48099999	1.1335237423	0.9912076438666667	0.14231609843333326
48100000	48149999	1.1303633209666666	0.9912076438666667	0.13915567709999987
48150000	48199999	1.1848815758	0.9912076438666667	0.19367393193333327
48200000	48249999	1.1488976886333333	0.9912076438666667	0.1576900447666666
48250000	48299999	1.1407254633666666	0.9912076438666667	0.14951781949999987
48300000	48349999	1.1257635082333333	0.9912076438666667	0.13455586436666656
48350000	48399999	1.0630304748666668	0.9912076438666667	0.07182283100000009
48400000	48449999	1.0451386671	0.9912076438666667	0.05393102323333332
48450000	48499999	1.0104674828333333	0.9912076438666667	0.01925983896666661
48500000	48549999	0.9947976592333334	0.9912076438666667	0.003590015366666699
48550000	48599999	1.0294740986333335	0.9912076438666667	0.03826645476666679
48600000	48649999	0.8808239154333334	0.9912076438666667	-0.11038372843333333
48650000	48699999	0.8624139557333333	0.9912076438666667	-0.12879368813333336
48700000	48749999	0.8023604581333333	0.9912076438666667	-0.18884718573333337
48750000	48799999	0.8663817357666667	0.9912076438666667	-0.12482590810000005
48800000	48849999	0.9675127151	0.9912076438666667	-0.02369492876666668
48850000	48899999	0.9088269983333334	0.9912076438666667	-0.08238064553333335
48900000	48949999	0.9239421689666667	0.9912076438666667	-0.06726547490000001
48950000	48999999	0.8401791635666667	0.9912076438666667	-0.15102848030000005
49000000	49049999	0.8734291876	0.9912076438666667	-0.11777845626666672
49050000	49099999	0.9006792839000001	0.9912076438666667	-0.09052835996666664
49100000	49149999	0.8764720218666667	0.9912076438666667	-0.11473562199999998
49150000	49199999	0.8438448544	0.9912076438666667	-0.1473627894666667
49200000	49249999	0.7899043436333334	0.9912076438666667	-0.20130330023333332
49250000	49299999	0.8713795684333333	0.9912076438666667	-0.1198280754333334
49300000	49349999	0.8778253235000001	0.9912076438666667	-0.11338232036666662
49350000	49399999	0.8785999065000001	0.9912076438666667	-0.11260773736666663
49400000	49449999	0.7728520359666667	0.9912076438666667	-0.21835560789999997
49450000	49499999	0.7575921535333334	0.9912076438666667	-0.2336154903333333
49500000	49549999	0.7569572337	0.9912076438666667	-0.2342504101666667
49550000	49599999	0.8159762535333334	0.9912076438666667	-0.17523139033333335
49600000	49649999	0.9376910805666667	0.9912076438666667	-0.053516563299999986
49650000	49699999	0.9744587954	0.9912076438666667	-0.016748848466666688
49700000	49749999	0.9561972161333334	0.9912076438666667	-0.035010427733333294
49750000	49799999	0.8858865201333334	0.9912076438666667	-0.10532112373333335
49800000	49849999	0.9261850333333335	0.9912076438666667	-0.06502261053333325
49850000	49899999	0.9901508044666668	0.9912076438666667	-0.0010568393999998982
49900000	49949999	1.0190603153666666	0.9912076438666667	0.027852671499999926
49950000	49999999	0.9043277441	0.9912076438666667	-0.08687989976666666
50000000	50049999	0.9316123786	0.9912076438666667	-0.0595952652666667
50050000	50099999	0.9733472287666667	0.9912076438666667	-0.017860415100000027
50100000	50149999	1.1387200929	0.9912076438666667	0.14751244903333338
50150000	50199999	1.1146917381333334	0.9912076438666667	0.12348409426666673
50200000	50249999	1.0710375074666667	0.9912076438666667	0.0798298636
50250000	50299999	0.8998473396666667	0.9912076438666667	-0.09136030419999996
50300000	50349999	0.8883746443	0.9912076438666667	-0.1028329995666667
50350000	50399999	0.9020017339666667	0.9912076438666667	-0.08920590989999999
50400000	50449999	0.9970713355333334	0.9912076438666667	0.0058636916666666705
50450000	50499999	0.9892855144000001	0.9912076438666667	-0.001922129466666589
50500000	50549999	1.016916206	0.9912076438666667	0.02570856213333339
50550000	50599999	0.9881259557000001	0.9912076438666667	-0.003081688166666652
50600000	50649999	0.9415054485333334	0.9912076438666667	-0.04970219533333331
50650000	50699999	0.8433926747000001	0.9912076438666667	-0.1478149691666666
50700000	50749999	0.8737883374000001	0.9912076438666667	-0.11741930646666665
50750000	50799999	0.9454018124000001	0.9912076438666667	-0.04580583146666661
50800000	50849999	0.9880360619666667	0.9912076438666667	-0.003171581899999998
50850000	50899999	1.1818172002666667	0.9912076438666667	0.1906095564
50900000	50949999	1.3420164251333333	0.9912076438666667	0.3508087812666666
50950000	50999999	1.7250875928333333	0.9912076438666667	0.7338799489666666
51000000	51049999	1.7520032799	0.9912076438666667	0.7607956360333333
51050000	51099999	1.7712649104333336	0.9912076438666667	0.7800572665666669
51100000	51149999	1.5137044625	0.9912076438666667	0.5224968186333333
51150000	51199999	1.5731189852666667	0.9912076438666667	0.5819113414
51200000	51249999	1.7164790558	0.9912076438666667	0.7252714119333333
51250000	51299999	1.9189132679333334	0.9912076438666667	0.9277056240666667
51300000	51349999	1.8829594405	0.9912076438666667	0.8917517966333334
51350000	51399999	1.7730865901000001	0.9912076438666667	0.7818789462333334
51400000	51449999	1.7278503598000001	0.9912076438666667	0.7366427159333334
51450000	51499999	1.6643995582666666	0.9912076438666667	0.6731919143999999
51500000	51549999	1.7065566232	0.9912076438666667	0.7153489793333333
51550000	51599999	1.6693598503333336	0.9912076438666667	0.6781522064666669
51600000	51649999	1.7082384957666668	0.9912076438666667	0.7170308519
51650000	51699999	1.6500809498333333	0.9912076438666667	0.6588733059666666
51700000	51749999	1.5100248018666667	0.9912076438666667	0.518817158
51750000	51799999	1.4630439880333332	0.9912076438666667	0.47183634416666653
51800000	51849999	1.5906938675	0.9912076438666667	0.5994862236333333
51850000	51899999	1.8578957247333334	0.9912076438666667	0.8666880808666667
51900000	51949999	1.9153814457	0.9912076438666667	0.9241738018333333
51950000	51999999	1.8383274152333335	0.9912076438666667	0.8471197713666668
52000000	52049999	1.6936171139333336	0.9912076438666667	0.7024094700666669
52050000	52099999	1.8220210138666668	0.9912076438666667	0.8308133700000001
52100000	52149999	1.7364531571000001	0.9912076438666667	0.7452455132333334
52150000	52199999	1.9485800702	0.9912076438666667	0.9573724263333333
52200000	52249999	1.8853549613666667	0.9912076438666667	0.8941473175
52250000	52299999	1.9532902893333333	0.9912076438666667	0.9620826454666666
52300000	52349999	1.6485107575333333	0.9912076438666667	0.6573031136666666
52350000	52399999	1.4921941858	0.9912076438666667	0.5009865419333334
52400000	52449999	1.3546671428333334	0.9912076438666667	0.36345949896666674
52450000	52499999	1.4080918274333334	0.9912076438666667	0.4168841835666667
52500000	52549999	1.4841195918	0.9912076438666667	0.49291194793333337
52550000	52599999	1.5529318691333334	0.9912076438666667	0.5617242252666667
52600000	52649999	1.5619337392000001	0.9912076438666667	0.5707260953333334
52650000	52699999	1.6613161258	0.9912076438666667	0.6701084819333333
52700000	52749999	1.6879646510000001	0.9912076438666667	0.6967570071333334
52750000	52799999	1.5398903441333334	0.9912076438666667	0.5486827002666667
52800000	52849999	1.4148941890666666	0.9912076438666667	0.42368654519999993
52850000	52899999	1.4390449916666668	0.9912076438666667	0.44783734780000006
52900000	52949999	1.6978019983666668	0.9912076438666667	0.7065943545000001
52950000	52999999	1.6751584724333335	0.9912076438666667	0.6839508285666668
53000000	53049999	1.5278066432666666	0.9912076438666667	0.5365989993999999
53050000	53099999	1.3789886403333333	0.9912076438666667	0.38778099646666664
53100000	53149999	1.3589232419333332	0.9912076438666667	0.36771559806666654
53150000	53199999	1.5079273747666666	0.9912076438666667	0.5167197308999999
53200000	53249999	1.5728544896	0.9912076438666667	0.5816468457333334
53250000	53299999	1.5397742738	0.9912076438666667	0.5485666299333333
53300000	53349999	1.4218051448	0.9912076438666667	0.43059750093333327
53350000	53399999	1.4261003299333335	0.9912076438666667	0.43489268606666676
53400000	53449999	1.5593588714333333	0.9912076438666667	0.5681512275666666
53450000	53499999	1.5400743488333333	0.9912076438666667	0.5488667049666666
53500000	53549999	1.3647722916	0.9912076438666667	0.3735646477333333
53550000	53599999	1.2390342252333333	0.9912076438666667	0.24782658136666658
53600000	53649999	1.3265395007333334	0.9912076438666667	0.33533185686666667
53650000	53699999	1.3670255716333333	0.9912076438666667	0.37581792776666656
53700000	53749999	1.421670825	0.9912076438666667	0.4304631811333334
53750000	53799999	1.3249430771666666	0.9912076438666667	0.3337354332999999
53800000	53849999	1.3267354928333335	0.9912076438666667	0.33552784896666676
53850000	53899999	1.1338483783666666	0.9912076438666667	0.14264073449999992
53900000	53949999	1.0878214602	0.9912076438666667	0.09661381633333332
53950000	53999999	1.0786434934	0.9912076438666667	0.08743584953333328
54000000	54049999	1.1539940628	0.9912076438666667	0.16278641893333334
54050000	54099999	1.176549094	0.9912076438666667	0.18534145013333336
54100000	54149999	1.1376962357666667	0.9912076438666667	0.14648859189999996
54150000	54199999	1.2742239747333333	0.9912076438666667	0.28301633086666655
54200000	54249999	1.4556517076	0.9912076438666667	0.46444406373333325
54250000	54299999	1.5927690763	0.9912076438666667	0.6015614324333333
54300000	54349999	1.5132521089333333	0.9912076438666667	0.5220444650666666
54350000	54399999	1.4439394101	0.9912076438666667	0.45273176623333333
54400000	54449999	1.3593872956333333	0.9912076438666667	0.36817965176666656
54450000	54499999	1.5271379964333334	0.9912076438666667	0.5359303525666667
54500000	54549999	1.4831002865666667	0.9912076438666667	0.4918926427
54550000	54599999	1.4952139751	0.9912076438666667	0.5040063312333333
54600000	54649999	1.3787194516666665	0.9912076438666667	0.38751180779999983
54650000	54699999	1.3871032409666668	0.9912076438666667	0.3958955971000001
54700000	54749999	1.4155400981333335	0.9912076438666667	0.42433245426666677
54750000	54799999	1.3373177551333333	0.9912076438666667	0.3461101112666666
54800000	54849999	1.3231550169666666	0.9912076438666667	0.3319473730999999
54850000	54899999	1.3001628326666668	0.9912076438666667	0.30895518880000006
54900000	54949999	1.3004804150333333	0.9912076438666667	0.3092727711666666
54950000	54999999	1.1863785828000002	0.9912076438666667	0.19517093893333348
55000000	55049999	1.1195920025333335	0.9912076438666667	0.12838435866666675
55050000	55099999	1.1409642306333334	0.9912076438666667	0.1497565867666667
55100000	55149999	1.2217380569	0.9912076438666667	0.23053041303333333
55150000	55199999	1.3089946881	0.9912076438666667	0.31778704423333337
55200000	55249999	1.1859539604	0.9912076438666667	0.1947463165333333
55250000	55299999	1.0942135002333333	0.9912076438666667	0.10300585636666659
55300000	55349999	0.9864957396	0.9912076438666667	-0.004711904266666678
55350000	55399999	0.9856581484	0.9912076438666667	-0.005549495466666721
55400000	55449999	0.9508578066666667	0.9912076438666667	-0.04034983719999996
55450000	55499999	0.9023341796666667	0.9912076438666667	-0.08887346419999997
55500000	55549999	1.0890538565666668	0.9912076438666667	0.09784621270000005
55550000	55599999	1.4916258549666668	0.9912076438666667	0.5004182111000001
55600000	55649999	1.6862258088666668	0.9912076438666667	0.6950181650000001
55650000	55699999	1.6167032260333336	0.9912076438666667	0.6254955821666669
55700000	55749999	1.2169064498000002	0.9912076438666667	0.22569880593333347
55750000	55799999	1.0253081430333335	0.9912076438666667	0.0341004991666668
55800000	55849999	0.9259433722000001	0.9912076438666667	-0.0652642716666666
55850000	55899999	0.9392957917333334	0.9912076438666667	-0.05191185213333327
55900000	55949999	0.8922098063666667	0.9912076438666667	-0.09899783750000002
55950000	55999999	0.8123521602666667	0.9912076438666667	-0.17885548360000003
56000000	56049999	0.7508431127666667	0.9912076438666667	-0.2403645311
56050000	56099999	0.7499384921000001	0.9912076438666667	-0.24126915176666663
56100000	56149999	0.7265170456666667	0.9912076438666667	-0.26469059819999996
56150000	56199999	0.7233319718333333	0.9912076438666667	-0.2678756720333334
56200000	56249999	0.6859312113	0.9912076438666667	-0.3052764325666667
56250000	56299999	0.7506298931333334	0.9912076438666667	-0.24057775073333332
56300000	56349999	0.7465940802666667	0.9912076438666667	-0.24461356359999997
56350000	56399999	0.7743560732666667	0.9912076438666667	-0.21685157060000004
56400000	56449999	0.6735075147333334	0.9912076438666667	-0.31770012913333334
56450000	56499999	0.6615684043666668	0.9912076438666667	-0.32963923949999996
56500000	56549999	0.6585678034	0.9912076438666667	-0.3326398404666667
56550000	56599999	0.7207543873	0.9912076438666667	-0.27045325656666674
56600000	56649999	0.7299763857000001	0.9912076438666667	-0.2612312581666666
56650000	56699999	0.7058420620000001	0.9912076438666667	-0.2853655818666666
56700000	56749999	0.6918205073666668	0.9912076438666667	-0.29938713649999993
56750000	56799999	0.6702100924666667	0.9912076438666667	-0.32099755139999997
56800000	56849999	0.6951672315333333	0.9912076438666667	-0.29604041233333345
56850000	56899999	0.7239336456333334	0.9912076438666667	-0.2672739982333333
56900000	56949999	0.7777816370333334	0.9912076438666667	-0.21342600683333335
56950000	56999999	0.7742139416666667	0.9912076438666667	-0.21699370220000003
57000000	57049999	0.7978938872666667	0.9912076438666667	-0.19331375660000005
57050000	57099999	0.8332224805333334	0.9912076438666667	-0.15798516333333334
57100000	57149999	0.9416200450666666	0.9912076438666667	-0.04958759880000008
57150000	57199999	1.0304647433	0.9912076438666667	0.03925709943333333
57200000	57249999	1.0214854567333334	0.9912076438666667	0.030277812866666642
57250000	57299999	0.9957456368666667	0.9912076438666667	0.004537993000000018
57300000	57349999	0.9206143453000001	0.9912076438666667	-0.07059329856666663
57350000	57399999	0.9124385813	0.9912076438666667	-0.07876906256666671
57400000	57449999	0.8647561389333334	0.9912076438666667	-0.12645150493333335
57450000	57499999	0.8551464251333334	0.9912076438666667	-0.13606121873333332
57500000	57549999	0.8421355942333334	0.9912076438666667	-0.14907204963333331
57550000	57599999	0.9080588185666667	0.9912076438666667	-0.0831488253
57600000	57649999	0.9807871133666667	0.9912076438666667	-0.010420530500000025
57650000	57699999	1.0037663978333333	0.9912076438666667	0.012558753966666614
57700000	57749999	0.9750823958666667	0.9912076438666667	-0.016125248000000036
57750000	57799999	0.9068392373333334	0.9912076438666667	-0.08436840653333333
57800000	57849999	0.8831033889666667	0.9912076438666667	-0.10810425489999997
57850000	57899999	0.859006412	0.9912076438666667	-0.13220123186666666
57900000	57949999	0.8121593979	0.9912076438666667	-0.17904824596666669
57950000	57999999	0.7611226524333334	0.9912076438666667	-0.23008499143333327
58000000	58049999	0.7554837907666667	0.9912076438666667	-0.2357238531
58050000	58099999	0.79049586	0.9912076438666667	-0.20071178386666666
58100000	58149999	0.8021642456333333	0.9912076438666667	-0.18904339823333338
58150000	58199999	0.8119528489000001	0.9912076438666667	-0.17925479496666663
58200000	58249999	0.8102607536	0.9912076438666667	-0.18094689026666666
58250000	58299999	0.8113881206333334	0.9912076438666667	-0.17981952323333328
58300000	58349999	0.7584496659000001	0.9912076438666667	-0.23275797796666664
58350000	58399999	0.7651824380333334	0.9912076438666667	-0.2260252058333333
58400000	58449999	0.8405110633	0.9912076438666667	-0.15069658056666668
58450000	58499999	0.8327611134666667	0.9912076438666667	-0.1584465304
58500000	58549999	0.7725286814666668	0.9912076438666667	-0.21867896239999995
58550000	58599999	0.6861175624	0.9912076438666667	-0.3050900814666667
58600000	58649999	0.7108642940000001	0.9912076438666667	-0.28034334986666665
58650000	58699999	0.718688713	0.9912076438666667	-0.2725189308666667
58700000	58749999	0.7981969668666667	0.9912076438666667	-0.19301067699999996
58750000	58799999	0.7817479765666667	0.9912076438666667	-0.20945966729999999
58800000	58849999	0.8815363095666667	0.9912076438666667	-0.10967133429999998
58850000	58899999	0.8922725172000001	0.9912076438666667	-0.0989351266666666
58900000	58949999	1.1722574348666668	0.9912076438666667	0.18104979100000007
58950000	58999999	1.2170431416333334	0.9912076438666667	0.22583549776666667
59000000	59049999	1.219452235	0.9912076438666667	0.2282445911333334
59050000	59099999	1.156116109	0.9912076438666667	0.16490846513333335
59100000	59149999	1.1679910565	0.9912076438666667	0.1767834126333333
59150000	59199999	1.2230898149666667	0.9912076438666667	0.23188217109999998
59200000	59249999	1.1591704904	0.9912076438666667	0.16796284653333327
59250000	59299999	1.2607416861333334	0.9912076438666667	0.26953404226666666
59300000	59349999	1.3502571155666667	0.9912076438666667	0.3590494717
59350000	59399999	1.3032093268333333	0.9912076438666667	0.31200168296666664
59400000	59449999	1.2141535303333333	0.9912076438666667	0.22294588646666658
59450000	59499999	1.1780019368333332	0.9912076438666667	0.1867942929666665
59500000	59549999	1.2805959449333333	0.9912076438666667	0.2893883010666666
59550000	59599999	1.2310053845333333	0.9912076438666667	0.2397977406666666
59600000	59649999	1.1116934343333333	0.9912076438666667	0.12048579046666663
59650000	59699999	0.9787196927666667	0.9912076438666667	-0.012487951100000005
59700000	59749999	0.9954236222	0.9912076438666667	0.0042159783333333145
59750000	59799999	0.9880038749333334	0.9912076438666667	-0.0032037689333332953
59800000	59849999	1.1323312585333334	0.9912076438666667	0.14112361466666667
59850000	59899999	1.1335833808	0.9912076438666667	0.14237573693333327
59900000	59949999	1.1713236308	0.9912076438666667	0.1801159869333332
59950000	59999999	1.0193413273	0.9912076438666667	0.028133683433333334
60000000	60049999	0.9473353179333334	0.9912076438666667	-0.043872325933333345
60050000	60099999	0.9177169487666668	0.9912076438666667	-0.07349069509999995
60100000	60149999	0.9501557272333334	0.9912076438666667	-0.041051916633333296
60150000	60199999	1.0187948726666667	0.9912076438666667	0.027587228799999974
60200000	60249999	1.1317800704333334	0.9912076438666667	0.14057242656666669
60250000	60299999	1.2139249940333334	0.9912076438666667	0.22271735016666672
60300000	60349999	1.1053848378	0.9912076438666667	0.11417719393333325
60350000	60399999	0.9606880202333333	0.9912076438666667	-0.03051962363333338
60400000	60449999	0.8600120613333333	0.9912076438666667	-0.1311955825333334
60450000	60499999	0.8707248664333334	0.9912076438666667	-0.12048277743333335
60500000	60549999	0.9040686251333334	0.9912076438666667	-0.0871390187333333
60550000	60599999	0.8342328308666667	0.9912076438666667	-0.15697481300000005
60600000	60649999	0.7966197722	0.9912076438666667	-0.1945878716666667
60650000	60699999	0.7048294806666667	0.9912076438666667	-0.2863781632
60700000	60749999	0.7555359296333334	0.9912076438666667	-0.23567171423333333
60750000	60799999	0.7660858998666668	0.9912076438666667	-0.22512174399999996
60800000	60849999	0.8675555135666667	0.9912076438666667	-0.1236521303
60850000	60899999	0.8034105522	0.9912076438666667	-0.1877970916666667
60900000	60949999	0.8524227814	0.9912076438666667	-0.13878486246666666
60950000	60999999	0.8644598760666666	0.9912076438666667	-0.12674776780000008
61000000	61049999	0.9518390946999999	0.9912076438666667	-0.039368549166666766
61050000	61099999	0.9048385403666667	0.9912076438666667	-0.08636910350000004
61100000	61149999	0.8726258670333333	0.9912076438666667	-0.11858177683333337
61150000	61199999	0.8271867658666667	0.9912076438666667	-0.16402087799999998
61200000	61249999	0.9236352137666667	0.9912076438666667	-0.06757243010000002
61250000	61299999	1.0889222183333334	0.9912076438666667	0.09771457446666665
61300000	61349999	1.1797518537333334	0.9912076438666667	0.18854420986666665
61350000	61399999	1.2801694008666666	0.9912076438666667	0.28896175699999993
61400000	61449999	1.2249331885	0.9912076438666667	0.2337255446333334
61450000	61499999	1.2426127949333334	0.9912076438666667	0.2514051510666667
61500000	61549999	1.5512049694	0.9912076438666667	0.5599973255333334
61550000	61599999	1.6711576085666666	0.9912076438666667	0.6799499646999999
61600000	61649999	1.8166224672	0.9912076438666667	0.8254148233333333
61650000	61699999	1.6998121068666667	0.9912076438666667	0.708604463
61700000	61749999	1.6584331004000001	0.9912076438666667	0.6672254565333334
61750000	61799999	1.5836804055	0.9912076438666667	0.5924727616333333
61800000	61849999	1.4082102631333333	0.9912076438666667	0.4170026192666666
61850000	61899999	1.2962547856	0.9912076438666667	0.30504714173333325
61900000	61949999	1.1594593311333332	0.9912076438666667	0.1682516872666665
61950000	61999999	1.0462806507333333	0.9912076438666667	0.05507300686666661
62000000	62049999	1.0153253321333335	0.9912076438666667	0.024117688266666826
62050000	62099999	1.0317202147333333	0.9912076438666667	0.0405125708666666
62100000	62149999	1.0630493261	0.9912076438666667	0.07184168223333331
62150000	62199999	1.0323769274	0.9912076438666667	0.04116928353333338
62200000	62249999	1.0316125196666668	0.9912076438666667	0.04040487580000007
62250000	62299999	0.9823628463333334	0.9912076438666667	-0.008844797533333337
62300000	62349999	0.9760547780333334	0.9912076438666667	-0.015152865833333307
62350000	62399999	0.9863516574666666	0.9912076438666667	-0.004855986400000067
62400000	62449999	0.9720622793666667	0.9912076438666667	-0.01914536450000004
62450000	62499999	0.9702212208000001	0.9912076438666667	-0.02098642306666665
62500000	62549999	0.8912205190333334	0.9912076438666667	-0.09998712483333327
62550000	62599999	0.8650533738333334	0.9912076438666667	-0.12615427003333335
62600000	62649999	0.8083466621000001	0.9912076438666667	-0.18286098176666665
62650000	62699999	0.7761941481000001	0.9912076438666667	-0.21501349576666662
62700000	62749999	0.7448372004333333	0.9912076438666667	-0.24637044343333336
62750000	62799999	0.7581314862666667	0.9912076438666667	-0.2330761576
62800000	62849999	0.8609749541333334	0.9912076438666667	-0.13023268973333335
62850000	62899999	0.9873952690333334	0.9912076438666667	-0.0038123748333332985
62900000	62949999	1.2974274596000002	0.9912076438666667	0.30621981573333346
62950000	62999999	1.5088932023666668	0.9912076438666667	0.5176855585000001
63000000	63049999	1.7109625394	0.9912076438666667	0.7197548955333334
63050000	63099999	1.9875578829666667	0.9912076438666667	0.9963502391
63100000	63149999	1.7670835296	0.9912076438666667	0.7758758857333333
63150000	63199999	1.5423090460666669	0.9912076438666667	0.5511014022000001
63200000	63249999	1.1737795444666668	0.9912076438666667	0.18257190060000006
63250000	63299999	1.4335333835	0.9912076438666667	0.4423257396333332
63300000	63349999	1.41717211	0.9912076438666667	0.4259644661333334
63350000	63399999	1.2260257755666668	0.9912076438666667	0.2348181317000001
63400000	63449999	0.9536134521666667	0.9912076438666667	-0.0375941917
63450000	63499999	0.9149701464666667	0.9912076438666667	-0.07623749739999996
63500000	63549999	1.0390413667666667	0.9912076438666667	0.047833722899999986
63550000	63599999	1.0852463272000001	0.9912076438666667	0.09403868333333343
63600000	63649999	1.1553142542666668	0.9912076438666667	0.16410661040000007
63650000	63699999	1.1230381072333335	0.9912076438666667	0.13183046336666682
63700000	63749999	1.0340167542333334	0.9912076438666667	0.04280911036666668
63750000	63799999	1.0129779344333334	0.9912076438666667	0.021770290566666683
63800000	63849999	1.0980659869666667	0.9912076438666667	0.10685834309999998
63850000	63899999	1.2098177066666667	0.9912076438666667	0.21861006279999995
63900000	63949999	1.4192702835666666	0.9912076438666667	0.4280626396999999
63950000	63999999	1.4354588721	0.9912076438666667	0.4442512282333332
64000000	64049999	1.3616573930666667	0.9912076438666667	0.37044974919999996
64050000	64099999	1.0803728645333335	0.9912076438666667	0.08916522066666677
64100000	64149999	0.8471568137333334	0.9912076438666667	-0.1440508301333333
64150000	64199999	0.7698847348666666	0.9912076438666667	-0.22132290900000007
64200000	64249999	0.749761234	0.9912076438666667	-0.24144640986666666
64250000	64299999	0.8503501262000001	0.9912076438666667	-0.14085751766666665
64300000	64349999	0.8775441862000001	0.9912076438666667	-0.11366345766666663
64350000	64399999	0.9786050069666667	0.9912076438666667	-0.012602636899999964
64400000	64449999	0.9620798876666667	0.9912076438666667	-0.029127756199999966
64450000	64499999	1.040541557	0.9912076438666667	0.04933391313333335
64500000	64549999	0.9735409324333334	0.9912076438666667	-0.017666711433333315
64550000	64599999	0.9618541964	0.9912076438666667	-0.029353447466666682
64600000	64649999	0.8719631308666668	0.9912076438666667	-0.11924451299999994
64650000	64699999	0.9142882476	0.9912076438666667	-0.07691939626666666
64700000	64749999	0.9154801047000001	0.9912076438666667	-0.07572753916666664
64750000	64799999	0.9063986097000001	0.9912076438666667	-0.08480903416666663
64800000	64849999	0.821266825	0.9912076438666667	-0.16994081886666668
64850000	64899999	0.7208246526000001	0.9912076438666667	-0.27038299126666665
64900000	64949999	0.7753191326000001	0.9912076438666667	-0.21588851126666664
64950000	64999999	0.9000611123333334	0.9912076438666667	-0.0911465315333333
65000000	65049999	1.0223849852666667	0.9912076438666667	0.031177341399999947
65050000	65099999	1.1089696739666668	0.9912076438666667	0.11776203010000008
65100000	65149999	1.0743289905333335	0.9912076438666667	0.08312134666666682
65150000	65199999	1.2222949205	0.9912076438666667	0.23108727663333328
65200000	65249999	1.3436441593333335	0.9912076438666667	0.35243651546666677
65250000	65299999	1.374584206466667	0.9912076438666667	0.3833765626000002
65300000	65349999	1.3458248712666667	0.9912076438666667	0.3546172274
65350000	65399999	1.2926963249666668	0.9912076438666667	0.30148868110000004
65400000	65449999	1.3128188619333334	0.9912076438666667	0.3216112180666667
65450000	65499999	1.262614868	0.9912076438666667	0.2714072241333333
65500000	65549999	1.1625185379333334	0.9912076438666667	0.17131089406666666
65550000	65599999	1.1758686794666668	0.9912076438666667	0.18466103560000013
65600000	65649999	1.2431887471666667	0.9912076438666667	0.2519811033
65650000	65699999	1.3776558063333333	0.9912076438666667	0.3864481624666666
65700000	65749999	1.4699845662	0.9912076438666667	0.47877692233333324
65750000	65799999	1.4886318659	0.9912076438666667	0.49742422203333325
65800000	65849999	1.5946567802	0.9912076438666667	0.6034491363333333
65850000	65899999	1.5465408107666667	0.9912076438666667	0.5553331669
65900000	65949999	1.6233697298666667	0.9912076438666667	0.632162086
65950000	65999999	1.4415217943666667	0.9912076438666667	0.4503141505
66000000	66049999	1.692027899666667	0.9912076438666667	0.7008202558000002
66050000	66099999	1.6685123616666668	0.9912076438666667	0.6773047178000001
66100000	66149999	1.6317032462000003	0.9912076438666667	0.6404956023333336
66150000	66199999	1.3698572979666668	0.9912076438666667	0.37864965410000007
66200000	66249999	1.2629866232333333	0.9912076438666667	0.2717789793666666
66250000	66299999	1.2723301881333333	0.9912076438666667	0.2811225442666666
66300000	66349999	1.2974337206666666	0.9912076438666667	0.3062260767999999
66350000	66399999	1.2923263894333334	0.9912076438666667	0.30111874556666673
66400000	66449999	1.2643165151	0.9912076438666667	0.2731088712333333
66450000	66499999	1.1338232423333334	0.9912076438666667	0.14261559846666672
66500000	66549999	1.0590577035333335	0.9912076438666667	0.0678500596666668
66550000	66599999	1.0461455365333334	0.9912076438666667	0.05493789266666671
66600000	66649999	0.9781449203333334	0.9912076438666667	-0.013062723533333265
66650000	66699999	0.9518164730666667	0.9912076438666667	-0.039391170799999986
66700000	66749999	0.9342861618666667	0.9912076438666667	-0.05692148200000002
66750000	66799999	1.0083616645666666	0.9912076438666667	0.01715402069999994
66800000	66849999	0.9522671634	0.9912076438666667	-0.03894048046666676
66850000	66899999	0.9145065068	0.9912076438666667	-0.0767011370666667
66900000	66949999	0.9444106689	0.9912076438666667	-0.04679697496666668
66950000	66999999	1.0342408953666666	0.9912076438666667	0.043033251499999925
67000000	67049999	1.1158559572666666	0.9912076438666667	0.12464831339999993
67050000	67099999	1.1024971574666667	0.9912076438666667	0.11128951359999995
67100000	67149999	1.1529986557333334	0.9912076438666667	0.16179101186666667
67150000	67199999	1.3173901384333333	0.9912076438666667	0.3261824945666666
67200000	67249999	1.4389038661333333	0.9912076438666667	0.4476962222666666
67250000	67299999	1.518860286266667	0.9912076438666667	0.5276526424000002
67300000	67349999	1.4242423884333335	0.9912076438666667	0.4330347445666668
67350000	67399999	1.5498010939000002	0.9912076438666667	0.5585934500333335
67400000	67449999	1.5474385865666669	0.9912076438666667	0.5562309427000002
67450000	67499999	1.4197712825333335	0.9912076438666667	0.4285636386666668
67500000	67549999	1.3266136085333335	0.9912076438666667	0.33540596466666683
67550000	67599999	1.2986969896	0.9912076438666667	0.3074893457333333
67600000	67649999	1.4086409164333333	0.9912076438666667	0.4174332725666666
67650000	67699999	1.3237421686	0.9912076438666667	0.3325345247333332
67700000	67749999	1.2172245740333334	0.9912076438666667	0.22601693016666669
67750000	67799999	1.1726348162333333	0.9912076438666667	0.1814271723666666
67800000	67849999	1.1469859298333334	0.9912076438666667	0.15577828596666665
67850000	67899999	1.2083190029333333	0.9912076438666667	0.21711135906666656
67900000	67949999	1.2579306342333334	0.9912076438666667	0.2667229903666667
67950000	67999999	1.2318303090666667	0.9912076438666667	0.24062266519999997
68000000	68049999	1.2175814237666667	0.9912076438666667	0.22637377989999996
68050000	68099999	1.3635098838666666	0.9912076438666667	0.3723022399999999
68100000	68149999	1.4207567650333335	0.9912076438666667	0.42954912116666677
68150000	68199999	1.5349930554333333	0.9912076438666667	0.5437854115666666
68200000	68249999	1.3380094254333335	0.9912076438666667	0.34680178156666674
68250000	68299999	1.3919352795	0.9912076438666667	0.40072763563333325
68300000	68349999	1.3589531922	0.9912076438666667	0.3677455483333333
68350000	68399999	1.4038934788333335	0.9912076438666667	0.4126858349666668
68400000	68449999	1.3198241075000001	0.9912076438666667	0.3286164636333334
68450000	68499999	1.2023201377333335	0.9912076438666667	0.21111249386666675
68500000	68549999	1.0970545187333334	0.9912076438666667	0.10584687486666666
68550000	68599999	0.9926040205000001	0.9912076438666667	0.0013963766333333627
68600000	68649999	0.9322905835666667	0.9912076438666667	-0.05891706029999999
68650000	68699999	0.9149769233	0.9912076438666667	-0.07623072056666669
68700000	68749999	0.8976106032333334	0.9912076438666667	-0.0935970406333333
68750000	68799999	0.8868019709333334	0.9912076438666667	-0.10440567293333336
68800000	68849999	0.8516574943	0.9912076438666667	-0.13955014956666667
68850000	68899999	0.9622255791333334	0.9912076438666667	-0.028982064733333313
68900000	68949999	1.0333223897666668	0.9912076438666667	0.04211474590000008
68950000	68999999	1.0603548442666668	0.9912076438666667	0.06914720040000011
69000000	69049999	0.9656447140000001	0.9912076438666667	-0.02556292986666664
69050000	69099999	0.8745618713666666	0.9912076438666667	-0.11664577250000008
69100000	69149999	0.821323858	0.9912076438666667	-0.16988378586666675
69150000	69199999	0.7324646907333334	0.9912076438666667	-0.2587429531333333
69200000	69249999	0.6665461720666668	0.9912076438666667	-0.32466147179999993
69250000	69299999	0.6294480302000001	0.9912076438666667	-0.36175961366666665
69300000	69349999	0.6254836716000001	0.9912076438666667	-0.36572397226666664
69350000	69399999	0.6404118952666668	0.9912076438666667	-0.35079574859999996
69400000	69449999	0.7153047387	0.9912076438666667	-0.2759029051666667
69450000	69499999	0.7029737692	0.9912076438666667	-0.2882338746666667
69500000	69549999	0.6847122081333334	0.9912076438666667	-0.30649543573333327
69550000	69599999	0.6978745570333333	0.9912076438666667	-0.29333308683333337
69600000	69649999	0.8234787250666668	0.9912076438666667	-0.16772891879999996
69650000	69699999	0.9179350328333333	0.9912076438666667	-0.07327261103333338
69700000	69749999	0.9294218134333334	0.9912076438666667	-0.0617858304333333
69750000	69799999	0.8428889248333333	0.9912076438666667	-0.14831871903333338
69800000	69849999	0.8407752219666667	0.9912076438666667	-0.15043242190000006
69850000	69899999	0.8605248968666667	0.9912076438666667	-0.13068274700000004
69900000	69949999	0.9749709254333334	0.9912076438666667	-0.016236718433333297
69950000	69999999	0.9827374597	0.9912076438666667	-0.008470184166666672
70000000	70049999	1.0880520720333333	0.9912076438666667	0.09684442816666661
70050000	70099999	1.1050847140000002	0.9912076438666667	0.11387707013333348
70100000	70149999	1.1051256989	0.9912076438666667	0.1139180550333333
70150000	70199999	1.0238623171	0.9912076438666667	0.032654673233333376
70200000	70249999	0.9460021573	0.9912076438666667	-0.045205486566666675
70250000	70299999	0.9340292798333334	0.9912076438666667	-0.05717836403333332
70300000	70349999	0.8801239080333334	0.9912076438666667	-0.11108373583333331
70350000	70399999	0.9999390045000001	0.9912076438666667	0.008731360633333352
70400000	70449999	1.1652694536000001	0.9912076438666667	0.1740618097333334
70450000	70499999	1.4852320568666668	0.9912076438666667	0.4940244130000001
70500000	70549999	1.5987918683	0.9912076438666667	0.6075842244333333
70550000	70599999	1.7303252461666667	0.9912076438666667	0.7391176023
70600000	70649999	1.6566694792333334	0.9912076438666667	0.6654618353666667
70650000	70699999	1.6664728882333333	0.9912076438666667	0.6752652443666666
70700000	70749999	1.5938179336333334	0.9912076438666667	0.6026102897666666
70750000	70799999	1.4866590629666667	0.9912076438666667	0.4954514191
70800000	70849999	1.3647610912	0.9912076438666667	0.3735534473333334
70850000	70899999	1.2109085948333334	0.9912076438666667	0.21970095096666664
70900000	70949999	1.2720527582666667	0.9912076438666667	0.28084511440000004
70950000	70999999	1.2879397952333334	0.9912076438666667	0.29673215136666664
71000000	71049999	1.2309224739666667	0.9912076438666667	0.23971483009999994
71050000	71099999	1.3169743356666668	0.9912076438666667	0.32576669180000006
71100000	71149999	1.3509234602333335	0.9912076438666667	0.35971581636666683
71150000	71199999	1.4303511419666668	0.9912076438666667	0.4391434981000001
71200000	71249999	1.2002219405	0.9912076438666667	0.20901429663333337
71250000	71299999	1.1636726103000001	0.9912076438666667	0.17246496643333342
71300000	71349999	1.1864392452333334	0.9912076438666667	0.19523160136666673
71350000	71399999	1.2486962077000001	0.9912076438666667	0.2574885638333334
71400000	71449999	1.3041359899	0.9912076438666667	0.3129283460333333
71450000	71499999	1.3779733865	0.9912076438666667	0.3867657426333332
71500000	71549999	1.2762879545333334	0.9912076438666667	0.2850803106666667
71550000	71599999	1.015280816	0.9912076438666667	0.024073172133333265
71600000	71649999	0.7514911566	0.9912076438666667	-0.23971648726666672
71650000	71699999	0.7218609199333335	0.9912076438666667	-0.26934672393333325
71700000	71749999	0.7767790735000001	0.9912076438666667	-0.21442857036666663
71750000	71799999	0.7908511097333334	0.9912076438666667	-0.20035653413333332
71800000	71849999	0.7915422924666667	0.9912076438666667	-0.19966535139999997
71850000	71899999	0.8260356729666667	0.9912076438666667	-0.16517197090000002
71900000	71949999	0.7811349497	0.9912076438666667	-0.21007269416666674
71950000	71999999	0.8136532757666667	0.9912076438666667	-0.17755436810000003
72000000	72049999	0.7544006476333334	0.9912076438666667	-0.23680699623333334
72050000	72099999	0.8481183391	0.9912076438666667	-0.1430893047666667
72100000	72149999	0.792742178	0.9912076438666667	-0.1984654658666667
72150000	72199999	0.8370346561	0.9912076438666667	-0.15417298776666666
72200000	72249999	0.8156016443333334	0.9912076438666667	-0.17560599953333333
72250000	72299999	0.8208517991666667	0.9912076438666667	-0.17035584469999998
72300000	72349999	0.7630454593	0.9912076438666667	-0.2281621845666667
72350000	72399999	0.7692837230666667	0.9912076438666667	-0.2219239208
72400000	72449999	0.7938593460333334	0.9912076438666667	-0.1973482978333333
72450000	72499999	0.8723125519	0.9912076438666667	-0.1188950919666667
72500000	72549999	0.9171387626666667	0.9912076438666667	-0.07406888119999999
72550000	72599999	0.8798390231333334	0.9912076438666667	-0.11136862073333331
72600000	72649999	0.8411858755666668	0.9912076438666667	-0.1500217682999999
72650000	72699999	0.7888001900666668	0.9912076438666667	-0.20240745379999991
72700000	72749999	0.6755752476666668	0.9912076438666667	-0.31563239619999994
72750000	72799999	0.6086947733666668	0.9912076438666667	-0.38251287049999994
72800000	72849999	0.5842003354666667	0.9912076438666667	-0.4070073084
72850000	72899999	0.7085820883666667	0.9912076438666667	-0.2826255555
72900000	72949999	0.7580073434333334	0.9912076438666667	-0.23320030043333329
72950000	72999999	0.737435013	0.9912076438666667	-0.2537726308666667
73000000	73049999	0.7330622829	0.9912076438666667	-0.25814536096666674
73050000	73099999	0.7396965835	0.9912076438666667	-0.2515110603666667
73100000	73149999	0.7784656795333333	0.9912076438666667	-0.21274196433333337
73150000	73199999	0.8490596010666667	0.9912076438666667	-0.14214804280000004
73200000	73249999	0.8299145079666667	0.9912076438666667	-0.16129313590000005
73250000	73299999	0.8399138041666667	0.9912076438666667	-0.1512938397
73300000	73349999	0.7439677043666667	0.9912076438666667	-0.2472399395
73350000	73399999	0.7334004408666668	0.9912076438666667	-0.25780720299999993
73400000	73449999	0.7155461853666667	0.9912076438666667	-0.2756614585
73450000	73499999	0.7550276655333333	0.9912076438666667	-0.23617997833333337
73500000	73549999	0.8106967928333334	0.9912076438666667	-0.1805108510333333
73550000	73599999	0.784907919	0.9912076438666667	-0.2062997248666667
73600000	73649999	0.7736029094	0.9912076438666667	-0.21760473446666673
73650000	73699999	0.7599610877	0.9912076438666667	-0.23124655616666667
73700000	73749999	0.7744640783333333	0.9912076438666667	-0.2167435655333334
73750000	73799999	0.816900792	0.9912076438666667	-0.17430685186666672
73800000	73849999	0.7870832923000001	0.9912076438666667	-0.20412435156666664
73850000	73899999	0.7945252191000001	0.9912076438666667	-0.19668242476666664
73900000	73949999	0.7352435168	0.9912076438666667	-0.2559641270666667
73950000	73999999	0.7722453573000001	0.9912076438666667	-0.2189622865666666
74000000	74049999	0.7749423095000001	0.9912076438666667	-0.21626533436666662
74050000	74099999	0.8163476165333334	0.9912076438666667	-0.17486002733333328
74100000	74149999	0.7799243843333333	0.9912076438666667	-0.21128325953333338
74150000	74199999	0.8432638910666667	0.9912076438666667	-0.14794375280000005
74200000	74249999	0.8586322578333334	0.9912076438666667	-0.1325753860333333
74250000	74299999	0.9240431851333334	0.9912076438666667	-0.06716445873333332
74300000	74349999	0.9149299993333334	0.9912076438666667	-0.0762776445333333
74350000	74399999	0.9419412061666667	0.9912076438666667	-0.049266437700000054
74400000	74449999	0.8990060915	0.9912076438666667	-0.09220155236666672
74450000	74499999	0.8942947313333334	0.9912076438666667	-0.09691291253333334
74500000	74549999	0.8284631010333333	0.9912076438666667	-0.1627445428333334
74550000	74599999	0.8642627693	0.9912076438666667	-0.1269448745666667
74600000	74649999	0.8439405377	0.9912076438666667	-0.14726710616666672
74650000	74699999	0.8326128675000001	0.9912076438666667	-0.15859477636666663
74700000	74749999	0.8471516193333334	0.9912076438666667	-0.14405602453333333
74750000	74799999	0.7916395958666668	0.9912076438666667	-0.19956804799999994
74800000	74849999	0.7798813753333333	0.9912076438666667	-0.21132626853333336
74850000	74899999	0.6582563304333333	0.9912076438666667	-0.3329513134333334
74900000	74949999	0.6560737876333333	0.9912076438666667	-0.33513385623333336
74950000	74999999	0.6603920158333334	0.9912076438666667	-0.3308156280333333
75000000	75049999	0.7509781829000001	0.9912076438666667	-0.24022946096666664
75050000	75099999	0.8233104673	0.9912076438666667	-0.1678971765666667
75100000	75149999	0.9070296011666668	0.9912076438666667	-0.08417804269999996
75150000	75199999	0.9380343376	0.9912076438666667	-0.05317330626666672
75200000	75249999	0.9860904458666667	0.9912076438666667	-0.0051171979999999895
75250000	75299999	0.9094617781000001	0.9912076438666667	-0.08174586576666665
75300000	75349999	0.8697691935	0.9912076438666667	-0.12143845036666667
75350000	75399999	0.7850897569333334	0.9912076438666667	-0.20611788693333333
75400000	75449999	0.7880891411000001	0.9912076438666667	-0.20311850276666665
75450000	75499999	0.7971677380666667	0.9912076438666667	-0.19403990579999997
75500000	75549999	0.7984359639333334	0.9912076438666667	-0.19277167993333333
75550000	75599999	0.8180082066333334	0.9912076438666667	-0.1731994372333333
75600000	75649999	1.02091474	0.9912076438666667	0.029707096133333333
75650000	75699999	1.1878469303	0.9912076438666667	0.1966392864333334
75700000	75749999	1.4571737149000001	0.9912076438666667	0.46596607103333343
75750000	75799999	1.3391088973	0.9912076438666667	0.34790125343333334
75800000	75849999	1.2647973162333335	0.9912076438666667	0.27358967236666676
75850000	75899999	1.2128894523	0.9912076438666667	0.2216818084333333
75900000	75949999	1.3161702608666666	0.9912076438666667	0.32496261699999984
75950000	75999999	1.4741767547	0.9912076438666667	0.48296911083333327
76000000	76049999	1.3156447744333333	0.9912076438666667	0.32443713056666657
76050000	76099999	1.2882183387666668	0.9912076438666667	0.2970106949000001
76100000	76149999	1.1859463141666666	0.9912076438666667	0.19473867029999992
76150000	76199999	1.2482232327666667	0.9912076438666667	0.2570155889
76200000	76249999	1.2719145708	0.9912076438666667	0.2807069269333332
76250000	76299999	1.2198064298333333	0.9912076438666667	0.2285987859666666
76300000	76349999	1.2680097082333335	0.9912076438666667	0.27680206436666677
76350000	76399999	1.0980993722333334	0.9912076438666667	0.10689172836666672
76400000	76449999	1.0823585903000001	0.9912076438666667	0.09115094643333344
76450000	76499999	0.9205761370000001	0.9912076438666667	-0.07063150686666664
76500000	76549999	0.8441541261333334	0.9912076438666667	-0.1470535177333333
76550000	76599999	0.7366570137000001	0.9912076438666667	-0.25455063016666657
76600000	76649999	0.6926513710000001	0.9912076438666667	-0.29855627286666664
76650000	76699999	0.6916914517333335	0.9912076438666667	-0.29951619213333325
76700000	76749999	0.6897629284000001	0.9912076438666667	-0.3014447154666666
76750000	76799999	0.7046585322666667	0.9912076438666667	-0.28654911159999996
76800000	76849999	0.7735375569	0.9912076438666667	-0.21767008696666668
76850000	76899999	0.7662458808333333	0.9912076438666667	-0.22496176303333337
76900000	76949999	0.7717015207333334	0.9912076438666667	-0.2195061231333333
76950000	76999999	0.7473902205666667	0.9912076438666667	-0.2438174233
77000000	77049999	0.7843020860333334	0.9912076438666667	-0.2069055578333333
77050000	77099999	0.7769168274333333	0.9912076438666667	-0.21429081643333336
77100000	77149999	0.737330608	0.9912076438666667	-0.25387703586666666
77150000	77199999	0.7099483407333333	0.9912076438666667	-0.28125930313333336
77200000	77249999	0.7208662949333333	0.9912076438666667	-0.2703413489333334
77250000	77299999	0.7484174243666667	0.9912076438666667	-0.24279021950000002
77300000	77349999	0.7822563001666667	0.9912076438666667	-0.20895134370000001
77350000	77399999	0.7659750465333334	0.9912076438666667	-0.22523259733333334
77400000	77449999	0.7138474419	0.9912076438666667	-0.27736020196666666
77450000	77499999	0.7175294466333334	0.9912076438666667	-0.2736781972333333
77500000	77549999	0.8587842918666667	0.9912076438666667	-0.132423352
77550000	77599999	1.0903767002333333	0.9912076438666667	0.09916905636666662
77600000	77649999	1.2468057544333333	0.9912076438666667	0.2555981105666666
77650000	77699999	1.1705671203999999	0.9912076438666667	0.17935947653333317
77700000	77749999	1.1263669226	0.9912076438666667	0.13515927873333322
77750000	77799999	1.1002036677666667	0.9912076438666667	0.10899602389999996
77800000	77849999	1.0817065645000001	0.9912076438666667	0.09049892063333342
77850000	77899999	1.0312059535	0.9912076438666667	0.039998309633333284
77900000	77949999	0.8977483437333333	0.9912076438666667	-0.09345930013333337
77950000	77999999	1.0376870465	0.9912076438666667	0.04647940263333339
78000000	78049999	1.2580469316666667	0.9912076438666667	0.2668392878
78050000	78099999	1.4776099654000001	0.9912076438666667	0.4864023215333334
78100000	78149999	1.4756409041666667	0.9912076438666667	0.4844332603
78150000	78199999	1.3443313266999999	0.9912076438666667	0.3531236828333332
78200000	78249999	1.2366827650666667	0.9912076438666667	0.24547512120000003
78250000	78299999	1.2040228539000002	0.9912076438666667	0.21281521003333348
78300000	78349999	1.1125491467333335	0.9912076438666667	0.12134150286666678
78350000	78399999	1.2415970901000002	0.9912076438666667	0.2503894462333335
78400000	78449999	1.4114793737000002	0.9912076438666667	0.4202717298333335
78450000	78499999	1.4446897755	0.9912076438666667	0.4534821316333334
78500000	78549999	1.3023727847000002	0.9912076438666667	0.31116514083333346
78550000	78599999	1.0365487944666667	0.9912076438666667	0.04534115059999999
78600000	78649999	0.8906090534333334	0.9912076438666667	-0.1005985904333333
78650000	78699999	0.7453151047666667	0.9912076438666667	-0.24589253909999997
78700000	78749999	0.6856843526333334	0.9912076438666667	-0.3055232912333333
78750000	78799999	0.6692158092333333	0.9912076438666667	-0.32199183463333336
78800000	78849999	0.7089999351	0.9912076438666667	-0.2822077087666667
78850000	78899999	0.7388120021	0.9912076438666667	-0.25239564176666673
78900000	78949999	0.7518436308333334	0.9912076438666667	-0.23936401303333332
78950000	78999999	0.7174344769333334	0.9912076438666667	-0.2737731669333333
79000000	79049999	0.7215597516666667	0.9912076438666667	-0.26964789219999996
79050000	79099999	0.8037653779666667	0.9912076438666667	-0.18744226590000002
79100000	79149999	0.8642011535	0.9912076438666667	-0.12700649036666667
79150000	79199999	0.8794083703000001	0.9912076438666667	-0.11179927356666663
79200000	79249999	0.8764658741333333	0.9912076438666667	-0.11474176973333339
79250000	79299999	0.7792927868	0.9912076438666667	-0.21191485706666668
79300000	79349999	0.7777928682333334	0.9912076438666667	-0.21341477563333333
79350000	79399999	0.7570382492000001	0.9912076438666667	-0.23416939466666664
79400000	79449999	0.7935351395333334	0.9912076438666667	-0.19767250433333328
79450000	79499999	0.8021424902333334	0.9912076438666667	-0.18906515363333332
79500000	79549999	0.7758326871666668	0.9912076438666667	-0.21537495669999995
79550000	79599999	0.7832501534	0.9912076438666667	-0.20795749046666667
79600000	79649999	0.7527620078333334	0.9912076438666667	-0.23844563603333335
79650000	79699999	0.7589054821333333	0.9912076438666667	-0.2323021617333334
79700000	79749999	0.7633131803000001	0.9912076438666667	-0.22789446356666665
79750000	79799999	0.7698562098666667	0.9912076438666667	-0.221351434
79800000	79849999	0.7622178854666667	0.9912076438666667	-0.22898975840000002
79850000	79899999	0.7526503315333334	0.9912076438666667	-0.23855731233333333
79900000	79949999	0.7083045616333334	0.9912076438666667	-0.28290308223333327
79950000	79999999	0.7065798318000001	0.9912076438666667	-0.28462781206666665
80000000	80049999	0.7460140558333334	0.9912076438666667	-0.24519358803333335
80050000	80099999	0.7643449747000001	0.9912076438666667	-0.22686266916666664
80100000	80149999	0.7248329861666667	0.9912076438666667	-0.2663746577
80150000	80199999	0.6939923535666668	0.9912076438666667	-0.29721529029999993
80200000	80249999	0.7370606544666667	0.9912076438666667	-0.2541469894
80250000	80299999	0.7689058086	0.9912076438666667	-0.2223018352666667
80300000	80349999	0.7658418702666667	0.9912076438666667	-0.22536577359999999
80350000	80399999	0.7107138421000001	0.9912076438666667	-0.2804938017666666
80400000	80449999	0.7131898903	0.9912076438666667	-0.2780177535666667
80450000	80499999	0.6877040404333334	0.9912076438666667	-0.30350360343333327
80500000	80549999	0.7061782519	0.9912076438666667	-0.28502939196666666
80550000	80599999	0.7065915931000001	0.9912076438666667	-0.28461605076666663
80600000	80649999	0.7784943520666667	0.9912076438666667	-0.21271329179999998
80650000	80699999	0.856810693	0.9912076438666667	-0.1343969508666667
80700000	80749999	0.8636418934000001	0.9912076438666667	-0.12756575046666663
80750000	80799999	0.8510409188666667	0.9912076438666667	-0.14016672500000005
80800000	80849999	0.7190779226000001	0.9912076438666667	-0.27212972126666657
80850000	80899999	0.7255405022000001	0.9912076438666667	-0.2656671416666666
80900000	80949999	0.7146699934666667	0.9912076438666667	-0.2765376504
80950000	80999999	0.8200123666000001	0.9912076438666667	-0.1711952772666666
81000000	81049999	0.7916673699333334	0.9912076438666667	-0.1995402739333333
81050000	81099999	0.8382846190000001	0.9912076438666667	-0.15292302486666665
81100000	81149999	0.7968316165333333	0.9912076438666667	-0.19437602733333337
81150000	81199999	0.8602304794333334	0.9912076438666667	-0.1309771644333333
81200000	81249999	0.8139675699333334	0.9912076438666667	-0.1772400739333333
81250000	81299999	0.8334130911000001	0.9912076438666667	-0.15779455276666665
81300000	81349999	0.8378219043333334	0.9912076438666667	-0.15338573953333334
81350000	81399999	0.7507718369	0.9912076438666667	-0.24043580696666667
81400000	81449999	0.7349123575000001	0.9912076438666667	-0.25629528636666665
81450000	81499999	0.7332234973666667	0.9912076438666667	-0.2579841465
81500000	81549999	0.8582697125666667	0.9912076438666667	-0.13293793129999998
81550000	81599999	0.8005611952	0.9912076438666667	-0.1906464486666667
81600000	81649999	0.7863671342	0.9912076438666667	-0.20484050966666667
81650000	81699999	0.6995260518	0.9912076438666667	-0.29168159206666666
81700000	81749999	0.7631942676666668	0.9912076438666667	-0.22801337619999995
81750000	81799999	0.7063753530333334	0.9912076438666667	-0.2848322908333333
81800000	81849999	0.7407956972666667	0.9912076438666667	-0.2504119466
81850000	81899999	0.7060012146666668	0.9912076438666667	-0.28520642919999994
81900000	81949999	0.671814384	0.9912076438666667	-0.31939325986666667
81950000	81999999	0.6910553804333334	0.9912076438666667	-0.30015226343333334
82000000	82049999	0.6815148507333334	0.9912076438666667	-0.3096927931333333
82050000	82099999	0.7087195895666667	0.9912076438666667	-0.2824880543
82100000	82149999	0.6803021423000001	0.9912076438666667	-0.31090550156666663
82150000	82199999	0.6903921206000001	0.9912076438666667	-0.3008155232666666
82200000	82249999	0.7074595992666668	0.9912076438666667	-0.2837480445999999
82250000	82299999	0.7782701818000001	0.9912076438666667	-0.21293746206666664
82300000	82349999	0.8070619653333334	0.9912076438666667	-0.1841456785333333
82350000	82399999	0.9220817158000001	0.9912076438666667	-0.06912592806666662
82400000	82449999	0.8650486592333334	0.9912076438666667	-0.1261589846333333
82450000	82499999	0.7855513194333335	0.9912076438666667	-0.20565632443333326
82500000	82549999	0.7058821310000001	0.9912076438666667	-0.28532551286666663
82550000	82599999	0.6373640200666667	0.9912076438666667	-0.3538436238
82600000	82649999	0.7288619458000001	0.9912076438666667	-0.26234569806666663
82650000	82699999	0.683913003	0.9912076438666667	-0.3072946408666667
82700000	82749999	0.7649294153666667	0.9912076438666667	-0.2262782285
82750000	82799999	0.6659271944666667	0.9912076438666667	-0.3252804494
82800000	82849999	0.7516582291	0.9912076438666667	-0.2395494147666667
82850000	82899999	0.8059807989666667	0.9912076438666667	-0.18522684489999997
82900000	82949999	0.8860640596333333	0.9912076438666667	-0.10514358423333336
82950000	82999999	0.8553929652333334	0.9912076438666667	-0.1358146786333333
83000000	83049999	0.7956438132000001	0.9912076438666667	-0.1955638306666666
83050000	83099999	0.7983818391333334	0.9912076438666667	-0.19282580473333333
83100000	83149999	0.8304932637666667	0.9912076438666667	-0.16071438010000005
83150000	83199999	0.8370210936666667	0.9912076438666667	-0.15418655020000005
83200000	83249999	0.8440935312333334	0.9912076438666667	-0.1471141126333333
83250000	83299999	0.7615361753333334	0.9912076438666667	-0.2296714685333333
83300000	83349999	0.7966691865666667	0.9912076438666667	-0.19453845729999997
83350000	83399999	0.7163872896000001	0.9912076438666667	-0.2748203542666666
83400000	83449999	0.7403619137666668	0.9912076438666667	-0.2508457300999999
83450000	83499999	0.6826910545666667	0.9912076438666667	-0.30851658930000003
83500000	83549999	0.7811173151333334	0.9912076438666667	-0.21009032873333333
83550000	83599999	0.7522955091666667	0.9912076438666667	-0.23891213470000006
83600000	83649999	0.7521669186000001	0.9912076438666667	-0.23904072526666664
83650000	83699999	0.6959179083666667	0.9912076438666667	-0.29528973550000004
83700000	83749999	0.7103818455333333	0.9912076438666667	-0.28082579833333343
83750000	83799999	0.6832360636000001	0.9912076438666667	-0.3079715802666666
83800000	83849999	0.6534944229333334	0.9912076438666667	-0.33771322093333334
83850000	83899999	0.6434933649000001	0.9912076438666667	-0.3477142789666666
83900000	83949999	0.6543194794666667	0.9912076438666667	-0.3368881644
83950000	83999999	0.7029633396666667	0.9912076438666667	-0.2882443042
84000000	84049999	0.681692832	0.9912076438666667	-0.30951481186666674
84050000	84099999	0.6948898819333333	0.9912076438666667	-0.29631776193333337
84100000	84149999	0.6568440243333333	0.9912076438666667	-0.3343636195333334
84150000	84199999	0.7412695894666667	0.9912076438666667	-0.24993805440000005
84200000	84249999	0.7671248007333333	0.9912076438666667	-0.22408284313333338
84250000	84299999	0.8697474504666667	0.9912076438666667	-0.12146019340000003
84300000	84349999	1.0142387580666667	0.9912076438666667	0.023031114200000036
84350000	84399999	1.1973154025333335	0.9912076438666667	0.20610775866666675
84400000	84449999	1.1740459553	0.9912076438666667	0.1828383114333333
84450000	84499999	1.1165087773	0.9912076438666667	0.12530113343333327
84500000	84549999	1.1932684624666667	0.9912076438666667	0.20206081860000003
84550000	84599999	1.4266224587	0.9912076438666667	0.43541481483333333
84600000	84649999	1.4872206318	0.9912076438666667	0.49601298793333337
84650000	84699999	1.318586241	0.9912076438666667	0.3273785971333333
84700000	84749999	1.2679614008	0.9912076438666667	0.27675375693333326
84750000	84799999	1.1270069869000001	0.9912076438666667	0.1357993430333334
84800000	84849999	1.1820365016666667	0.9912076438666667	0.19082885780000003
84850000	84899999	1.1400204383	0.9912076438666667	0.1488127944333334
84900000	84949999	1.3720099012000002	0.9912076438666667	0.3808022573333335
84950000	84999999	1.4858024605666666	0.9912076438666667	0.49459481669999994
85000000	85049999	1.4474110468666668	0.9912076438666667	0.45620340300000006
85050000	85099999	1.4910505856	0.9912076438666667	0.4998429417333333
85100000	85149999	1.4615762379333335	0.9912076438666667	0.47036859406666676
85150000	85199999	1.3842281364	0.9912076438666667	0.39302049253333327
85200000	85249999	1.1481343634333334	0.9912076438666667	0.1569267195666667
85250000	85299999	0.9613107568	0.9912076438666667	-0.02989688706666671
85300000	85349999	0.90457776	0.9912076438666667	-0.0866298838666667
85350000	85399999	0.9100477636333334	0.9912076438666667	-0.08115988023333331
85400000	85449999	0.9209784711666668	0.9912076438666667	-0.07022917269999995
85450000	85499999	0.9712063311000001	0.9912076438666667	-0.020001312766666612
85500000	85549999	1.0216965715333335	0.9912076438666667	0.030488927666666776
85550000	85599999	1.1911855406	0.9912076438666667	0.19997789673333333
85600000	85649999	1.2636329793666667	0.9912076438666667	0.27242533550000003
85650000	85699999	1.2600536492666667	0.9912076438666667	0.26884600540000003
85700000	85749999	1.0919769212000001	0.9912076438666667	0.1007692773333334
85750000	85799999	1.0943389795333334	0.9912076438666667	0.10313133566666666
85800000	85849999	1.0914693353333333	0.9912076438666667	0.10026169146666664
85850000	85899999	1.0190093366	0.9912076438666667	0.027801692733333216
85900000	85949999	1.0467889042333334	0.9912076438666667	0.05558126036666666
85950000	85999999	0.9950766717666667	0.9912076438666667	0.0038690278999999883
86000000	86049999	1.0409618579666666	0.9912076438666667	0.049754214099999916
86050000	86099999	1.0032225410666666	0.9912076438666667	0.01201489719999993
86100000	86149999	1.0291559379000002	0.9912076438666667	0.03794829403333344
86150000	86199999	1.0062482936333335	0.9912076438666667	0.015040649766666747
86200000	86249999	0.8868140547333334	0.9912076438666667	-0.1043935891333333
86250000	86299999	0.8470644997333334	0.9912076438666667	-0.1441431441333333
86300000	86349999	0.8605417669333334	0.9912076438666667	-0.1306658769333333
86350000	86399999	0.9059980430333334	0.9912076438666667	-0.08520960083333329
86400000	86449999	0.8947015134333334	0.9912076438666667	-0.09650613043333334
86450000	86499999	0.8965519285666667	0.9912076438666667	-0.09465571530000005
86500000	86549999	0.9099395354333334	0.9912076438666667	-0.08126810843333332
86550000	86599999	0.8475436013000001	0.9912076438666667	-0.14366404256666665
86600000	86649999	0.7730701030333333	0.9912076438666667	-0.21813754083333337
86650000	86699999	0.7107029316666666	0.9912076438666667	-0.28050471220000006
86700000	86749999	0.8510387447333334	0.9912076438666667	-0.1401688991333333
86750000	86799999	1.0301875638666667	0.9912076438666667	0.038979919999999946
86800000	86849999	1.1072811332666668	0.9912076438666667	0.11607348940000006
86850000	86899999	1.1588288308666668	0.9912076438666667	0.16762118700000006
86900000	86949999	1.0674753834000001	0.9912076438666667	0.07626773953333343
86950000	86999999	1.1461277223666668	0.9912076438666667	0.1549200785000001
87000000	87049999	1.0401151163	0.9912076438666667	0.048907472433333266
87050000	87099999	1.1109541132333334	0.9912076438666667	0.11974646936666666
87100000	87149999	1.2334935417666668	0.9912076438666667	0.2422858979000001
87150000	87199999	1.3460553265666668	0.9912076438666667	0.3548476827000001
87200000	87249999	1.3774037219666666	0.9912076438666667	0.3861960780999999
87250000	87299999	1.2883988744666668	0.9912076438666667	0.2971912306000001
87300000	87349999	1.288924052	0.9912076438666667	0.29771640813333333
87350000	87399999	1.3832622969000001	0.9912076438666667	0.3920546530333334
87400000	87449999	1.4558526237333334	0.9912076438666667	0.46464497986666664
87450000	87499999	1.5932023545	0.9912076438666667	0.6019947106333333
87500000	87549999	1.5077807717	0.9912076438666667	0.5165731278333333
87550000	87599999	1.3919619318333334	0.9912076438666667	0.4007542879666667
87600000	87649999	1.1500304615666668	0.9912076438666667	0.15882281770000006
87650000	87699999	1.0654923112333334	0.9912076438666667	0.07428466736666672
87700000	87749999	0.9902741049	0.9912076438666667	-0.0009335389666667027
87750000	87799999	1.0110998126	0.9912076438666667	0.019892168733333215
87800000	87849999	1.0139251433666667	0.9912076438666667	0.022717499500000016
87850000	87899999	0.9620932951000001	0.9912076438666667	-0.02911434876666663
87900000	87949999	0.8702310344666667	0.9912076438666667	-0.12097660939999999
87950000	87999999	0.8638254093000001	0.9912076438666667	-0.12738223456666664
88000000	88049999	0.8866607152666667	0.9912076438666667	-0.10454692860000003
88050000	88099999	0.8720420809333334	0.9912076438666667	-0.11916556293333336
88100000	88149999	0.8682710442666667	0.9912076438666667	-0.12293659960000003
88150000	88199999	0.9369546487666667	0.9912076438666667	-0.054252995100000034
88200000	88249999	0.9994912347666667	0.9912076438666667	0.00828359089999997
88250000	88299999	1.0358253041	0.9912076438666667	0.044617660233333356
88300000	88349999	0.9903462431666666	0.9912076438666667	-0.0008614007000000701
88350000	88399999	0.9413090432333333	0.9912076438666667	-0.0498986006333334
88400000	88449999	0.8835577551	0.9912076438666667	-0.1076498887666667
88450000	88499999	0.8341118529	0.9912076438666667	-0.1570957909666667
88500000	88549999	0.8591909238666667	0.9912076438666667	-0.13201671999999998
88550000	88599999	0.8513980686666667	0.9912076438666667	-0.13980957520000004
88600000	88649999	0.8514840565	0.9912076438666667	-0.13972358736666668
88650000	88699999	0.8472184641666667	0.9912076438666667	-0.14398917970000003
88700000	88749999	0.8517480374	0.9912076438666667	-0.13945960646666666
88750000	88799999	0.8437538814000001	0.9912076438666667	-0.14745376246666664
88800000	88849999	0.8541533747333334	0.9912076438666667	-0.1370542691333333
88850000	88899999	0.8073550312666667	0.9912076438666667	-0.18385261259999996
88900000	88949999	0.9098454708333334	0.9912076438666667	-0.08136217303333326
88950000	88999999	0.9648822522666667	0.9912076438666667	-0.026325391600000025
89000000	89049999	1.0606683638666667	0.9912076438666667	0.06946072000000003
89050000	89099999	1.2371594059666666	0.9912076438666667	0.24595176209999992
89100000	89149999	1.3907161909333334	0.9912076438666667	0.3995085470666667
89150000	89199999	1.6132564564333336	0.9912076438666667	0.6220488125666669
89200000	89249999	1.5295836831000003	0.9912076438666667	0.5383760392333335
89250000	89299999	1.4182184072666668	0.9912076438666667	0.4270107634000001
89300000	89349999	1.2054958228666668	0.9912076438666667	0.21428817900000008
89350000	89399999	1.2626016445333335	0.9912076438666667	0.27139400066666675
89400000	89449999	1.2674575169	0.9912076438666667	0.27624987303333326
89450000	89499999	1.2385419668000002	0.9912076438666667	0.24733432293333346
89500000	89549999	1.1847068072333333	0.9912076438666667	0.19349916336666662
89550000	89599999	1.1405847666333333	0.9912076438666667	0.1493771227666666
89600000	89649999	1.1810291413	0.9912076438666667	0.18982149743333332
89650000	89699999	1.1151460517666667	0.9912076438666667	0.12393840789999999
89700000	89749999	1.0167522161	0.9912076438666667	0.025544572233333285
89750000	89799999	0.9115755792666668	0.9912076438666667	-0.07963206459999994
89800000	89849999	0.9000370243333334	0.9912076438666667	-0.09117061953333327
89850000	89899999	1.039127077	0.9912076438666667	0.047919433133333356
89900000	89949999	1.1133383705000002	0.9912076438666667	0.12213072663333346
89950000	89999999	1.3257213425	0.9912076438666667	0.33451369863333336
90000000	90049999	1.3689181968333335	0.9912076438666667	0.3777105529666668
90050000	90099999	1.6230189631666667	0.9912076438666667	0.6318113193
90100000	90149999	1.4737681282666668	0.9912076438666667	0.4825604844000001
90150000	90199999	1.4069172127333334	0.9912076438666667	0.41570956886666666
90200000	90249999	1.2235270996333334	0.9912076438666667	0.23231945576666668
90250000	90299999	1.2944234887000001	0.9912076438666667	0.3032158448333334
90300000	90349999	1.4534841412666668	0.9912076438666667	0.4622764974000001
90350000	90399999	1.4194377402666667	0.9912076438666667	0.4282300964
90400000	90449999	1.5005469278666668	0.9912076438666667	0.5093392840000001
90450000	90499999	1.3412285977	0.9912076438666667	0.3500209538333333
90500000	90549999	1.3566549214333334	0.9912076438666667	0.36544727756666673
90550000	90599999	1.1124464114333334	0.9912076438666667	0.12123876756666674
90600000	90649999	1.0288946614	0.9912076438666667	0.03768701753333337
90650000	90699999	0.9638624928	0.9912076438666667	-0.027345151066666684
90700000	90749999	0.9554267890333333	0.9912076438666667	-0.035780854833333375
90750000	90799999	1.0237899205	0.9912076438666667	0.03258227663333335
90800000	90849999	1.0462118186	0.9912076438666667	0.0550041747333333
90850000	90899999	1.1252941017666667	0.9912076438666667	0.13408645789999996
90900000	90949999	1.0819364057	0.9912076438666667	0.09072876183333334
90950000	90999999	1.0504080231000001	0.9912076438666667	0.05920037923333343
91000000	91049999	1.0195460911333334	0.9912076438666667	0.028338447266666678
91050000	91099999	1.1326009664333334	0.9912076438666667	0.1413933225666667
91100000	91149999	1.0901015149333335	0.9912076438666667	0.0988938710666668
91150000	91199999	1.1056634428333334	0.9912076438666667	0.11445579896666669
91200000	91249999	1.1234938186666668	0.9912076438666667	0.13228617480000004
91250000	91299999	1.1446239718333333	0.9912076438666667	0.1534163279666666
91300000	91349999	1.2414759622666667	0.9912076438666667	0.25026831839999997
91350000	91399999	1.4330931384	0.9912076438666667	0.44188549453333337
91400000	91449999	1.588231746	0.9912076438666667	0.5970241021333332
91450000	91499999	1.4008070041	0.9912076438666667	0.4095993602333333
91500000	91549999	1.0478672135666667	0.9912076438666667	0.05665956969999997
91550000	91599999	0.9273492963333334	0.9912076438666667	-0.0638583475333333
91600000	91649999	0.9468159989	0.9912076438666667	-0.0443916449666667
91650000	91699999	1.1468496195666666	0.9912076438666667	0.15564197569999993
91700000	91749999	1.2540752602666667	0.9912076438666667	0.2628676164
91750000	91799999	1.455724357366667	0.9912076438666667	0.46451671350000023
91800000	91849999	1.3398839031666667	0.9912076438666667	0.3486762593
91850000	91899999	1.2733194552666667	0.9912076438666667	0.28211181139999997
91900000	91949999	1.3274847884	0.9912076438666667	0.33627714453333335
91950000	91999999	1.4388934012	0.9912076438666667	0.4476857573333334
92000000	92049999	1.4953423783333335	0.9912076438666667	0.5041347344666668
92050000	92099999	1.3139190359333335	0.9912076438666667	0.32271139206666677
92100000	92149999	1.3027096007666668	0.9912076438666667	0.31150195690000004
92150000	92199999	1.3492655015000001	0.9912076438666667	0.3580578576333334
92200000	92249999	1.3151326899	0.9912076438666667	0.3239250460333333
92250000	92299999	1.2417525455333334	0.9912076438666667	0.25054490166666665
92300000	92349999	1.1118324036666667	0.9912076438666667	0.12062475979999998
92350000	92399999	1.1109536387	0.9912076438666667	0.11974599483333337
92400000	92449999	1.0877827081	0.9912076438666667	0.09657506423333329
92450000	92499999	1.2043935221333333	0.9912076438666667	0.21318587826666657
92500000	92549999	1.2811367377666667	0.9912076438666667	0.2899290939
92550000	92599999	1.4926666208000001	0.9912076438666667	0.5014589769333334
92600000	92649999	1.4009969434666667	0.9912076438666667	0.4097892996
92650000	92699999	1.4502910196666665	0.9912076438666667	0.4590833757999998
92700000	92749999	1.3918278731333333	0.9912076438666667	0.4006202292666666
92750000	92799999	1.4533588990333333	0.9912076438666667	0.46215125516666655
92800000	92849999	1.3571568820666666	0.9912076438666667	0.3659492381999999
92850000	92899999	1.1475661166	0.9912076438666667	0.15635847273333325
92900000	92949999	1.0947711565666667	0.9912076438666667	0.10356351269999997
92950000	92999999	1.2474424324333335	0.9912076438666667	0.2562347885666668
93000000	93049999	1.4420615113	0.9912076438666667	0.4508538674333332
93050000	93099999	1.6263028954	0.9912076438666667	0.6350952515333333
93100000	93149999	1.6682142302333334	0.9912076438666667	0.6770065863666667
93150000	93199999	1.5792662988333332	0.9912076438666667	0.5880586549666665
93200000	93249999	1.4037806344333332	0.9912076438666667	0.4125729905666665
93250000	93299999	1.2864285151666666	0.9912076438666667	0.29522087129999985
93300000	93349999	1.3215277432333334	0.9912076438666667	0.33032009936666673
93350000	93399999	1.4093648474666667	0.9912076438666667	0.41815720359999997
93400000	93449999	1.3800554031333334	0.9912076438666667	0.3888477592666667
93450000	93499999	1.3366044274333335	0.9912076438666667	0.3453967835666668
93500000	93549999	1.3936361886	0.9912076438666667	0.4024285447333332
93550000	93599999	1.4981691626666667	0.9912076438666667	0.5069615188
93600000	93649999	1.6774402013	0.9912076438666667	0.6862325574333333
93650000	93699999	1.6246383738	0.9912076438666667	0.6334307299333334
93700000	93749999	1.5244343981666666	0.9912076438666667	0.5332267542999999
93750000	93799999	1.4470441211333334	0.9912076438666667	0.45583647726666665
93800000	93849999	1.3573477392	0.9912076438666667	0.36614009533333325
93850000	93899999	1.2617512735666667	0.9912076438666667	0.2705436297
93900000	93949999	1.2172214282666667	0.9912076438666667	0.22601378439999997
93950000	93999999	1.2911292153	0.9912076438666667	0.2999215714333333
94000000	94049999	1.2865044398	0.9912076438666667	0.29529679593333336
94050000	94099999	1.1634387906666668	0.9912076438666667	0.17223114680000007
94100000	94149999	1.0318405663	0.9912076438666667	0.040632922433333385
94150000	94199999	1.0355427164666668	0.9912076438666667	0.044335072600000136
94200000	94249999	1.0060312664333333	0.9912076438666667	0.014823622566666583
94250000	94299999	1.0222612826666668	0.9912076438666667	0.031053638800000116
94300000	94349999	1.1007287329666666	0.9912076438666667	0.10952108909999991
94350000	94399999	1.0859007476333333	0.9912076438666667	0.09469310376666662
94400000	94449999	1.092676326	0.9912076438666667	0.10146868213333338
94450000	94499999	0.9967162898333334	0.9912076438666667	0.00550864596666667
94500000	94549999	0.9716403278	0.9912076438666667	-0.01956731606666673
94550000	94599999	0.9677606990000001	0.9912076438666667	-0.023446944866666652
94600000	94649999	1.1153109612333334	0.9912076438666667	0.12410331736666669
94650000	94699999	1.1326832454	0.9912076438666667	0.14147560153333327
94700000	94749999	1.04406109	0.9912076438666667	0.052853446133333315
94750000	94799999	0.8775793256000001	0.9912076438666667	-0.11362831826666664
94800000	94849999	0.9504199331000001	0.9912076438666667	-0.04078771076666665
94850000	94899999	1.1090188840666668	0.9912076438666667	0.11781124020000011
94900000	94949999	1.1842687106333334	0.9912076438666667	0.19306106676666668
94950000	94999999	1.0982428167666667	0.9912076438666667	0.10703517289999998
95000000	95049999	1.0028287659666666	0.9912076438666667	0.011621122099999881
95050000	95099999	0.9561280242666667	0.9912076438666667	-0.035079619600000056
95100000	95149999	0.9809483081666667	0.9912076438666667	-0.010259335700000038
95150000	95199999	0.9614883798	0.9912076438666667	-0.029719264066666695
95200000	95249999	0.9685566281666667	0.9912076438666667	-0.022651015700000054
95250000	95299999	0.9660734657333333	0.9912076438666667	-0.025134178133333407
95300000	95349999	1.0133169814333334	0.9912076438666667	0.022109337566666665
95350000	95399999	0.9924586032	0.9912076438666667	0.0012509593333333013
95400000	95449999	1.0835212652333333	0.9912076438666667	0.09231362136666654
95450000	95499999	1.1403034563333334	0.9912076438666667	0.1490958124666667
95500000	95549999	1.1945964823000002	0.9912076438666667	0.20338883843333344
95550000	95599999	1.2730621129666666	0.9912076438666667	0.2818544690999999
95600000	95649999	1.2750933852333333	0.9912076438666667	0.28388574136666656
95650000	95699999	1.3794925377666667	0.9912076438666667	0.3882848939
95700000	95749999	1.2477057637333333	0.9912076438666667	0.2564981198666666
95750000	95799999	1.1467643805	0.9912076438666667	0.15555673663333336
95800000	95849999	0.9217932574333334	0.9912076438666667	-0.06941438643333331
95850000	95899999	0.7996644674333334	0.9912076438666667	-0.1915431764333333
95900000	95949999	0.7404507154	0.9912076438666667	-0.25075692846666675
95950000	95999999	0.7623071901333334	0.9912076438666667	-0.22890045373333334
96000000	96049999	0.7999773568333334	0.9912076438666667	-0.19123028703333333
96050000	96099999	0.7639734937666667	0.9912076438666667	-0.22723415010000003
96100000	96149999	0.7997584949333334	0.9912076438666667	-0.1914491489333333
96150000	96199999	0.8179227435333334	0.9912076438666667	-0.17328490033333332
96200000	96249999	0.8884391597666668	0.9912076438666667	-0.10276848409999995
96250000	96299999	0.8336590091	0.9912076438666667	-0.1575486347666667
96300000	96349999	0.8829090443000001	0.9912076438666667	-0.10829859956666665
96350000	96399999	0.8853236898666667	0.9912076438666667	-0.10588395400000006
96400000	96449999	0.9169413499	0.9912076438666667	-0.07426629396666673
96450000	96499999	0.8147207819333334	0.9912076438666667	-0.1764868619333333
96500000	96549999	0.8441938461	0.9912076438666667	-0.14701379776666668
96550000	96599999	0.7711809724333334	0.9912076438666667	-0.22002667143333332
96600000	96649999	0.7874417870333335	0.9912076438666667	-0.20376585683333326
96650000	96699999	0.6990153831000001	0.9912076438666667	-0.2921922607666666
96700000	96749999	0.7890638611666667	0.9912076438666667	-0.2021437827
96750000	96799999	0.7973806897000001	0.9912076438666667	-0.19382695416666662
96800000	96849999	0.8343088131333334	0.9912076438666667	-0.15689883073333333
96850000	96899999	0.7018825088333334	0.9912076438666667	-0.28932513503333335
96900000	96949999	0.6701375697666667	0.9912076438666667	-0.3210700741
96950000	96999999	0.6361303870333334	0.9912076438666667	-0.35507725683333335
97000000	97049999	0.6928239991	0.9912076438666667	-0.2983836447666667
97050000	97099999	0.7737186702666667	0.9912076438666667	-0.21748897359999997
97100000	97149999	0.8974273991333334	0.9912076438666667	-0.09378024473333335
97150000	97199999	1.0571898008333334	0.9912076438666667	0.06598215696666665
97200000	97249999	1.2854660975333334	0.9912076438666667	0.2942584536666667
97250000	97299999	1.1635363994	0.9912076438666667	0.17232875553333338
97300000	97349999	1.0980202874666667	0.9912076438666667	0.10681264359999998
97350000	97399999	0.8468126135	0.9912076438666667	-0.14439503036666668
97400000	97449999	0.8657874712333334	0.9912076438666667	-0.12542017263333327
97450000	97499999	0.7717797404000001	0.9912076438666667	-0.21942790346666663
97500000	97549999	0.7956783989	0.9912076438666667	-0.19552924496666668
97550000	97599999	0.7772056347666667	0.9912076438666667	-0.2140020091
97600000	97649999	0.8344983954	0.9912076438666667	-0.15670924846666667
97650000	97699999	0.8442946005333334	0.9912076438666667	-0.14691304333333333
97700000	97749999	0.8452173080000001	0.9912076438666667	-0.14599033586666665
97750000	97799999	0.7992319169000001	0.9912076438666667	-0.19197572696666665
97800000	97849999	0.7595192118333334	0.9912076438666667	-0.23168843203333334
97850000	97899999	0.8124199940666668	0.9912076438666667	-0.17878764979999995
97900000	97949999	0.8450967851666668	0.9912076438666667	-0.14611085869999996
97950000	97999999	0.8646305225666667	0.9912076438666667	-0.12657712129999998
98000000	98049999	0.8671584330333334	0.9912076438666667	-0.12404921083333331
98050000	98099999	0.8888941965	0.9912076438666667	-0.1023134473666667
98100000	98149999	0.8474460837666667	0.9912076438666667	-0.14376156009999996
98150000	98199999	0.8558715731666667	0.9912076438666667	-0.13533607069999998
98200000	98249999	0.8605867952333334	0.9912076438666667	-0.13062084863333334
98250000	98299999	0.9202358113	0.9912076438666667	-0.07097183256666673
98300000	98349999	0.9145383180333334	0.9912076438666667	-0.0766693258333333
98350000	98399999	0.9044410967333334	0.9912076438666667	-0.08676654713333332
98400000	98449999	0.9418967596000001	0.9912076438666667	-0.04931088426666663
98450000	98499999	0.9603149936	0.9912076438666667	-0.030892650266666655
98500000	98549999	0.9167562969666667	0.9912076438666667	-0.07445134689999999
98550000	98599999	0.8216016590333334	0.9912076438666667	-0.16960598483333333
98600000	98649999	0.8050099412333334	0.9912076438666667	-0.18619770263333335
98650000	98699999	0.8039344319333334	0.9912076438666667	-0.18727321193333335
98700000	98749999	0.8036232190666667	0.9912076438666667	-0.18758442480000004
98750000	98799999	0.7390541539666666	0.9912076438666667	-0.2521534899000001
98800000	98849999	0.8190409324	0.9912076438666667	-0.17216671146666673
98850000	98899999	0.8715560239333334	0.9912076438666667	-0.11965161993333329
98900000	98949999	0.8566265977333334	0.9912076438666667	-0.13458104613333333
98950000	98999999	0.7747583861666667	0.9912076438666667	-0.2164492577
99000000	99049999	0.7454850094333334	0.9912076438666667	-0.2457226344333333
99050000	99099999	0.7563359882666667	0.9912076438666667	-0.2348716556
99100000	99149999	0.7944814303666667	0.9912076438666667	-0.19672621349999997
99150000	99199999	0.8553592837666667	0.9912076438666667	-0.1358483601
99200000	99249999	0.8746853638333334	0.9912076438666667	-0.11652228003333331
99250000	99299999	0.8046570143333334	0.9912076438666667	-0.18655062953333335
99300000	99349999	0.8143298799666667	0.9912076438666667	-0.17687776389999998
99350000	99399999	0.8336092054666667	0.9912076438666667	-0.15759843839999998
99400000	99449999	0.8711382552666667	0.9912076438666667	-0.12006938860000005
99450000	99499999	0.7867144666	0.9912076438666667	-0.20449317726666671
99500000	99549999	0.7894311656666667	0.9912076438666667	-0.2017764782
99550000	99599999	0.8217609491333334	0.9912076438666667	-0.1694466947333333
99600000	99649999	0.8722428423333334	0.9912076438666667	-0.11896480153333333
99650000	99699999	0.9767436716666666	0.9912076438666667	-0.014463972200000064
99700000	99749999	1.0844238689	0.9912076438666667	0.09321622503333338
99750000	99799999	1.0588456902	0.9912076438666667	0.06763804633333337
99800000	99849999	1.0491995251666668	0.9912076438666667	0.0579918813000001
99850000	99899999	1.0157626368666666	0.9912076438666667	0.02455499299999986
99900000	99949999	1.0819523956000001	0.9912076438666667	0.0907447517333334
99950000	99999999	1.2018841694666667	0.9912076438666667	0.21067652559999994
100000000	100049999	1.3036929762666667	0.9912076438666667	0.3124853324
100050000	100099999	1.4557606565	0.9912076438666667	0.4645530126333334
100100000	100149999	1.4400176877000002	0.9912076438666667	0.44881004383333345
100150000	100199999	1.4552084084666668	0.9912076438666667	0.46400076460000006
100200000	100249999	1.3941065069	0.9912076438666667	0.40289886303333333
100250000	100299999	1.4115097294333334	0.9912076438666667	0.4203020855666667
100300000	100349999	1.5322413779000001	0.9912076438666667	0.5410337340333334
100350000	100399999	1.5274910821333334	0.9912076438666667	0.5362834382666667
100400000	100449999	1.6244597330000001	0.9912076438666667	0.6332520891333334
100450000	100499999	1.5075405737666667	0.9912076438666667	0.5163329299
100500000	100549999	1.7166596084333334	0.9912076438666667	0.7254519645666667
100550000	100599999	1.7272489427666669	0.9912076438666667	0.7360412989000001
100600000	100649999	1.6924346481333334	0.9912076438666667	0.7012270042666667
100650000	100699999	1.5566506878	0.9912076438666667	0.5654430439333332
100700000	100749999	1.4440633765333333	0.9912076438666667	0.45285573266666657
100750000	100799999	1.4584989705	0.9912076438666667	0.4672913266333333
100800000	100849999	1.5287184085	0.9912076438666667	0.5375107646333334
100850000	100899999	1.6370945884	0.9912076438666667	0.6458869445333334
100900000	100949999	1.6848990990000001	0.9912076438666667	0.6936914551333334
100950000	100999999	1.4172179746333333	0.9912076438666667	0.4260103307666666
101000000	101049999	1.1533525605666668	0.9912076438666667	0.16214491670000009
101050000	101099999	0.982051776	0.9912076438666667	-0.009155867866666667
101100000	101149999	1.0792927192000001	0.9912076438666667	0.08808507533333343
101150000	101199999	1.3128181989333334	0.9912076438666667	0.3216105550666667
101200000	101249999	1.421511644566667	0.9912076438666667	0.4303040007000002
101250000	101299999	1.4952473410333336	0.9912076438666667	0.5040396971666669
101300000	101349999	1.4960995713666667	0.9912076438666667	0.5048919275
101350000	101399999	1.6224597062	0.9912076438666667	0.6312520623333332
101400000	101449999	1.6982976293	0.9912076438666667	0.7070899854333333
101450000	101499999	1.7564415744333335	0.9912076438666667	0.7652339305666668
101500000	101549999	1.7147541143666667	0.9912076438666667	0.7235464705
101550000	101599999	1.6739215993333334	0.9912076438666667	0.6827139554666667
101600000	101649999	1.4950839883666667	0.9912076438666667	0.5038763445
101650000	101699999	1.3777285873	0.9912076438666667	0.3865209434333333
101700000	101749999	1.1831156632666668	0.9912076438666667	0.19190801940000013
101750000	101799999	1.0467130620333334	0.9912076438666667	0.055505418166666654
101800000	101849999	0.9610983007666667	0.9912076438666667	-0.03010934310000002
101850000	101899999	0.8891123833666668	0.9912076438666667	-0.10209526049999995
101900000	101949999	0.8763246993333333	0.9912076438666667	-0.11488294453333336
101950000	101999999	0.8727771167	0.9912076438666667	-0.11843052716666669
102000000	102049999	0.8895573410333334	0.9912076438666667	-0.10165030283333332
102050000	102099999	0.8435784688333334	0.9912076438666667	-0.14762917503333328
102100000	102149999	0.8127406917333334	0.9912076438666667	-0.1784669521333333
102150000	102199999	0.8639804478666667	0.9912076438666667	-0.127227196
102200000	102249999	0.9272140764666668	0.9912076438666667	-0.06399356739999995
102250000	102299999	0.9611341037000001	0.9912076438666667	-0.030073540166666635
102300000	102349999	0.9319508811666668	0.9912076438666667	-0.05925676269999991
102350000	102399999	0.9321527792000001	0.9912076438666667	-0.05905486466666665
102400000	102449999	0.8778793232000001	0.9912076438666667	-0.11332832066666665
102450000	102499999	0.8616376177333334	0.9912076438666667	-0.12957002613333335
102500000	102549999	0.8491212720000001	0.9912076438666667	-0.14208637186666662
102550000	102599999	0.81784318	0.9912076438666667	-0.1733644638666667
102600000	102649999	0.8302489374333334	0.9912076438666667	-0.16095870643333332
102650000	102699999	0.8624925582	0.9912076438666667	-0.12871508566666667
102700000	102749999	0.8665360041666668	0.9912076438666667	-0.12467163969999995
102750000	102799999	0.8374839622333334	0.9912076438666667	-0.15372368163333328
102800000	102849999	0.8005390507666668	0.9912076438666667	-0.19066859309999995
102850000	102899999	0.8132516083000001	0.9912076438666667	-0.17795603556666661
102900000	102949999	0.7920333014666667	0.9912076438666667	-0.19917434239999998
102950000	102999999	0.7896049421666667	0.9912076438666667	-0.20160270170000005
103000000	103049999	0.8240734747	0.9912076438666667	-0.16713416916666668
103050000	103099999	0.8200480596666667	0.9912076438666667	-0.1711595842
103100000	103149999	0.8019712813666667	0.9912076438666667	-0.18923636249999998
103150000	103199999	0.7381053168	0.9912076438666667	-0.2531023270666667
103200000	103249999	0.7624009178333333	0.9912076438666667	-0.2288067260333334
103250000	103299999	0.7251632068	0.9912076438666667	-0.2660444370666667
103300000	103349999	0.7032374723333334	0.9912076438666667	-0.28797017153333326
103350000	103399999	0.6797097185666667	0.9912076438666667	-0.3114979253
103400000	103449999	0.6972536093666668	0.9912076438666667	-0.2939540344999999
103450000	103499999	0.7106943772666667	0.9912076438666667	-0.2805132666
103500000	103549999	0.7202336862333334	0.9912076438666667	-0.2709739576333333
103550000	103599999	0.7411423210000001	0.9912076438666667	-0.2500653228666666
103600000	103649999	0.8464685246333334	0.9912076438666667	-0.14473911923333327
103650000	103699999	0.8415053728	0.9912076438666667	-0.14970227106666667
103700000	103749999	0.7655095724666667	0.9912076438666667	-0.22569807139999998
103750000	103799999	0.4271591911000001	0.9912076438666667	-0.5640484527666666
103800000	103849999	0.1849099206	0.9912076438666667	-0.8062977232666667
103850000	103899999	0.0786170480666668	0.9912076438666667	-0.9125905957999999
103900000	103949999	0.07864912373333333	0.9912076438666667	-0.9125585201333334
103950000	103999999	0.3285473169333334	0.9912076438666667	-0.6626603269333333
104000000	104049999	0.5530635792333334	0.9912076438666667	-0.43814406463333333
104050000	104099999	0.7710048515000001	0.9912076438666667	-0.22020279236666662
104100000	104149999	0.6038295229666668	0.9912076438666667	-0.3873781208999999
104150000	104199999	0.3088090966	0.9912076438666667	-0.6823985472666667
104200000	104249999	0.10953885543333342	0.9912076438666667	-0.8816687884333333
104250000	104299999	0.23377007803333327	0.9912076438666667	-0.7574375658333334
104300000	104349999	0.4607564305666667	0.9912076438666667	-0.5304512133
104350000	104399999	0.6386321949333333	0.9912076438666667	-0.35257544893333337
104400000	104449999	0.6707017740000001	0.9912076438666667	-0.3205058698666666
104450000	104499999	0.7223157376333333	0.9912076438666667	-0.26889190623333337
104500000	104549999	0.7685801607333334	0.9912076438666667	-0.22262748313333336
104550000	104599999	0.8408893894	0.9912076438666667	-0.1503182544666667
104600000	104649999	0.8091898203	0.9912076438666667	-0.18201782356666674
104650000	104699999	0.8512772742	0.9912076438666667	-0.13993036966666672
104700000	104749999	0.7722309605666667	0.9912076438666667	-0.21897668329999997
104750000	104799999	0.7860662725	0.9912076438666667	-0.20514137136666666
104800000	104849999	0.7892830232666667	0.9912076438666667	-0.20192462060000005
104850000	104899999	0.8400329359666667	0.9912076438666667	-0.15117470789999998
104900000	104949999	0.8203430559	0.9912076438666667	-0.1708645879666667
104950000	104999999	0.7556013933333334	0.9912076438666667	-0.23560625053333328
105000000	105049999	0.7620748930333334	0.9912076438666667	-0.2291327508333333
105050000	105099999	0.7232128898333334	0.9912076438666667	-0.2679947540333333
105100000	105149999	0.7653491546333334	0.9912076438666667	-0.2258584892333333
105150000	105199999	0.7339961300000001	0.9912076438666667	-0.25721151386666663
105200000	105249999	0.8740332479666668	0.9912076438666667	-0.1171743958999999
105250000	105299999	0.8090667470333335	0.9912076438666667	-0.18214089683333323
105300000	105349999	0.7825117247333334	0.9912076438666667	-0.2086959191333333
105350000	105399999	0.7118770273666667	0.9912076438666667	-0.2793306165
105400000	105449999	0.7183666754666667	0.9912076438666667	-0.27284096840000005
105450000	105499999	0.7586328019333334	0.9912076438666667	-0.23257484193333333
105500000	105549999	0.7479792587333334	0.9912076438666667	-0.24322838513333334
105550000	105599999	0.8434842429333334	0.9912076438666667	-0.14772340093333336
105600000	105649999	0.8270614223333334	0.9912076438666667	-0.16414622153333336
105650000	105699999	0.8480174325666667	0.9912076438666667	-0.14319021129999998
105700000	105749999	0.7849942533000001	0.9912076438666667	-0.20621339056666665
105750000	105799999	0.8245563861666667	0.9912076438666667	-0.1666512577
105800000	105849999	0.7710016387	0.9912076438666667	-0.22020600516666666
105850000	105899999	0.8498592426333333	0.9912076438666667	-0.14134840123333337
105900000	105949999	0.8270377188666667	0.9912076438666667	-0.16416992500000005
105950000	105999999	0.8707489928666667	0.9912076438666667	-0.12045865099999997
106000000	106049999	0.8273008524333334	0.9912076438666667	-0.1639067914333333
106050000	106099999	0.7982669863666667	0.9912076438666667	-0.1929406575
106100000	106149999	0.7574748936666666	0.9912076438666667	-0.23373275020000006
106150000	106199999	0.7085506788666667	0.9912076438666667	-0.28265696500000004
106200000	106249999	0.6816351988666667	0.9912076438666667	-0.30957244500000003
106250000	106299999	0.7092472193	0.9912076438666667	-0.2819604245666667
106300000	106349999	0.7160281006	0.9912076438666667	-0.2751795432666667
106350000	106399999	0.8148889253	0.9912076438666667	-0.1763187185666667
106400000	106449999	0.8043092846000001	0.9912076438666667	-0.18689835926666665
106450000	106499999	0.8460300398333334	0.9912076438666667	-0.14517760403333335
106500000	106549999	0.8286637966333334	0.9912076438666667	-0.16254384723333326
106550000	106599999	0.8694019399	0.9912076438666667	-0.12180570396666668
106600000	106649999	0.8501647752333334	0.9912076438666667	-0.14104286863333326
106650000	106699999	0.8015845405666667	0.9912076438666667	-0.18962310329999998
106700000	106749999	0.7874545933	0.9912076438666667	-0.2037530505666667
106750000	106799999	0.8562708430666667	0.9912076438666667	-0.13493680080000003
106800000	106849999	0.8840877875333334	0.9912076438666667	-0.10711985633333332
106850000	106899999	0.8725437201333334	0.9912076438666667	-0.11866392373333334
106900000	106949999	0.8124214884666667	0.9912076438666667	-0.17878615539999998
106950000	106999999	0.8186140230000001	0.9912076438666667	-0.17259362086666663
107000000	107049999	0.8407485966333333	0.9912076438666667	-0.15045904723333337
107050000	107099999	0.8515724316333334	0.9912076438666667	-0.1396352122333333
107100000	107149999	0.8159670821666667	0.9912076438666667	-0.17524056170000002
107150000	107199999	0.8076746050666667	0.9912076438666667	-0.18353303880000005
107200000	107249999	0.8450462489333334	0.9912076438666667	-0.14616139493333336
107250000	107299999	1.0053296488666668	0.9912076438666667	0.014122005000000049
107300000	107349999	1.1232873664	0.9912076438666667	0.13207972253333333
107350000	107399999	1.1370695678333334	0.9912076438666667	0.14586192396666664
107400000	107449999	1.0202658114666667	0.9912076438666667	0.029058167600000018
107450000	107499999	1.0245593390666667	0.9912076438666667	0.03335169520000003
107500000	107549999	1.1122333476333335	0.9912076438666667	0.12102570376666677
107550000	107599999	1.2515557990333335	0.9912076438666667	0.26034815516666676
107600000	107649999	1.2354481846333334	0.9912076438666667	0.24424054076666668
107650000	107699999	1.2178551716333335	0.9912076438666667	0.22664752776666675
107700000	107749999	1.0867295597666666	0.9912076438666667	0.09552191589999992
107750000	107799999	1.0942581251	0.9912076438666667	0.10305048123333338
107800000	107849999	1.0700994981666667	0.9912076438666667	0.07889185430000001
107850000	107899999	1.1941079790666667	0.9912076438666667	0.20290033519999995
107900000	107949999	1.2146281640666667	0.9912076438666667	0.22342052020000003
107950000	107999999	1.1625753066666666	0.9912076438666667	0.17136766279999993
108000000	108049999	1.0091946199333333	0.9912076438666667	0.01798697606666655
108050000	108099999	0.8406255014	0.9912076438666667	-0.15058214246666668
108100000	108149999	0.8939915289000001	0.9912076438666667	-0.0972161149666666
108150000	108199999	1.0622540475333333	0.9912076438666667	0.07104640366666659
108200000	108249999	1.1637960869000001	0.9912076438666667	0.17258844303333343
108250000	108299999	1.2652226558666666	0.9912076438666667	0.2740150119999999
108300000	108349999	1.3070146226333335	0.9912076438666667	0.31580697876666675
108350000	108399999	1.4440311667333334	0.9912076438666667	0.4528235228666667
108400000	108449999	1.3738604724	0.9912076438666667	0.3826528285333334
108450000	108499999	1.2875128493333334	0.9912076438666667	0.2963052054666667
108500000	108549999	1.1972152659000002	0.9912076438666667	0.20600762203333345
108550000	108599999	1.488350335566667	0.9912076438666667	0.49714269170000025
108600000	108649999	1.4636222175333335	0.9912076438666667	0.47241457366666684
108650000	108699999	1.4650458324333335	0.9912076438666667	0.4738381885666668
108700000	108749999	1.0155075421	0.9912076438666667	0.024299898233333228
108750000	108799999	0.7164801039666666	0.9912076438666667	-0.2747275399000001
108800000	108849999	0.8209279704	0.9912076438666667	-0.17027967346666673
108850000	108899999	0.8127579728666667	0.9912076438666667	-0.17844967099999998
108900000	108949999	0.7711287918666667	0.9912076438666667	-0.220078852
108950000	108999999	0.6392067564666667	0.9912076438666667	-0.3520008874
109000000	109049999	1.0312955123	0.9912076438666667	0.04008786843333334
109050000	109099999	1.4724101670333334	0.9912076438666667	0.4812025231666667
109100000	109149999	1.6563577763666668	0.9912076438666667	0.6651501325000001
109150000	109199999	1.4794876050666668	0.9912076438666667	0.48827996120000006
109200000	109249999	1.5473107206333334	0.9912076438666667	0.5561030767666667
109250000	109299999	1.7513065465	0.9912076438666667	0.7600989026333332
109300000	109349999	1.7904317508333334	0.9912076438666667	0.7992241069666667
109350000	109399999	1.8774721158333334	0.9912076438666667	0.8862644719666667
109400000	109449999	1.702911761766667	0.9912076438666667	0.7117041179000002
109450000	109499999	1.7997251428	0.9912076438666667	0.8085174989333334
109500000	109549999	1.7098119357000001	0.9912076438666667	0.7186042918333334
109550000	109599999	1.7130045125	0.9912076438666667	0.7217968686333333
109600000	109649999	1.6862505816	0.9912076438666667	0.6950429377333333
109650000	109699999	1.6863630132333336	0.9912076438666667	0.6951553693666669
109700000	109749999	1.6178210562	0.9912076438666667	0.6266134123333332
109750000	109799999	1.5253858048	0.9912076438666667	0.5341781609333333
109800000	109849999	1.5194154211666666	0.9912076438666667	0.5282077772999999
109850000	109899999	1.6765174516666665	0.9912076438666667	0.6853098077999998
109900000	109949999	1.7993800911	0.9912076438666667	0.8081724472333333
109950000	109999999	1.8082936157	0.9912076438666667	0.8170859718333333
110000000	110049999	1.6691150692	0.9912076438666667	0.6779074253333334
110050000	110099999	1.8275843676333334	0.9912076438666667	0.8363767237666667
110100000	110149999	1.8001130518000001	0.9912076438666667	0.8089054079333334
110150000	110199999	1.5934317367	0.9912076438666667	0.6022240928333332
110200000	110249999	1.3409629114333335	0.9912076438666667	0.34975526756666675
110250000	110299999	1.3940686253333334	0.9912076438666667	0.4028609814666667
110300000	110349999	1.541008908	0.9912076438666667	0.5498012641333333
110350000	110399999	1.5357236707	0.9912076438666667	0.5445160268333332
110400000	110449999	1.4298415178000001	0.9912076438666667	0.4386338739333334
110450000	110499999	1.5624552038333335	0.9912076438666667	0.5712475599666668
110500000	110549999	1.6336571297666667	0.9912076438666667	0.6424494859
110550000	110599999	1.6814382238	0.9912076438666667	0.6902305799333334
110600000	110649999	1.4581948235	0.9912076438666667	0.46698717963333325
110650000	110699999	1.3667176610666667	0.9912076438666667	0.3755100172
110700000	110749999	1.3055678511000002	0.9912076438666667	0.31436020723333347
110750000	110799999	1.3965812701	0.9912076438666667	0.4053736262333333
110800000	110849999	1.4452738707	0.9912076438666667	0.4540662268333332
110850000	110899999	1.5452807508333333	0.9912076438666667	0.5540731069666666
110900000	110949999	1.6647055369000001	0.9912076438666667	0.6734978930333334
110950000	110999999	1.6065174698333333	0.9912076438666667	0.6153098259666666
111000000	111049999	1.5238219130666668	0.9912076438666667	0.5326142692000001
111050000	111099999	1.4070778394333334	0.9912076438666667	0.4158701955666667
111100000	111149999	1.4230711424666667	0.9912076438666667	0.43186349859999995
111150000	111199999	1.4356806502333335	0.9912076438666667	0.44447300636666676
111200000	111249999	1.3541724619666669	0.9912076438666667	0.36296481810000014
111250000	111299999	1.4492000283333335	0.9912076438666667	0.4579923844666668
111300000	111349999	1.5921753068333335	0.9912076438666667	0.6009676629666668
111350000	111399999	1.7892269913	0.9912076438666667	0.7980193474333334
111400000	111449999	2.0356443180333335	0.9912076438666667	1.0444366741666666
111450000	111499999	2.1428234662666665	0.9912076438666667	1.1516158223999997
111500000	111549999	2.1577357688666665	0.9912076438666667	1.1665281249999997
111550000	111599999	1.9767763042333335	0.9912076438666667	0.9855686603666668
111600000	111649999	2.0373120555333335	0.9912076438666667	1.0461044116666667
111650000	111699999	1.9530028385333336	0.9912076438666667	0.9617951946666669
111700000	111749999	1.8575739186000002	0.9912076438666667	0.8663662747333335
111750000	111799999	1.6061404423	0.9912076438666667	0.6149327984333334
111800000	111849999	1.5227787642333332	0.9912076438666667	0.5315711203666665
111850000	111899999	1.4460139509	0.9912076438666667	0.45480630703333336
111900000	111949999	1.4287687120333334	0.9912076438666667	0.43756106816666673
111950000	111999999	1.6098719721666668	0.9912076438666667	0.6186643283000001
112000000	112049999	1.6800066314666668	0.9912076438666667	0.6887989876000001
112050000	112099999	1.7396440901666668	0.9912076438666667	0.7484364463000001
112100000	112149999	1.6360082641333333	0.9912076438666667	0.6448006202666666
112150000	112199999	1.7748184580333333	0.9912076438666667	0.7836108141666666
112200000	112249999	1.7372091728	0.9912076438666667	0.7460015289333334
112250000	112299999	1.7470636765333334	0.9912076438666667	0.7558560326666667
112300000	112349999	1.4966481003666667	0.9912076438666667	0.5054404565
112350000	112399999	1.3966667162333333	0.9912076438666667	0.40545907236666656
112400000	112449999	1.1747836733333332	0.9912076438666667	0.1835760294666665
112450000	112499999	1.1698776202	0.9912076438666667	0.17866997633333337
112500000	112549999	1.1773342621333334	0.9912076438666667	0.18612661826666665
112550000	112599999	1.3251278264000002	0.9912076438666667	0.33392018253333344
112600000	112649999	1.285053076	0.9912076438666667	0.29384543213333336
112650000	112699999	1.2556250857	0.9912076438666667	0.26441744183333327
112700000	112749999	1.2149962686333333	0.9912076438666667	0.2237886247666666
112750000	112799999	1.2247790176	0.9912076438666667	0.23357137373333325
112800000	112849999	1.2195129667333333	0.9912076438666667	0.2283053228666666
112850000	112899999	1.3002223923	0.9912076438666667	0.3090147484333333
112900000	112949999	1.5202655398	0.9912076438666667	0.5290578959333333
112950000	112999999	1.6156225858666668	0.9912076438666667	0.6244149420000001
113000000	113049999	1.5636686756333333	0.9912076438666667	0.5724610317666666
113050000	113099999	1.5768605773333335	0.9912076438666667	0.5856529334666668
113100000	113149999	1.6413208101333334	0.9912076438666667	0.6501131662666667
113150000	113199999	1.6332310893000002	0.9912076438666667	0.6420234454333335
113200000	113249999	1.4683911542666668	0.9912076438666667	0.47718351040000007
113250000	113299999	1.3466330415666667	0.9912076438666667	0.35542539770000003
113300000	113349999	1.5341927413	0.9912076438666667	0.5429850974333333
113350000	113399999	1.6190635808666667	0.9912076438666667	0.627855937
113400000	113449999	1.7845341456333332	0.9912076438666667	0.7933265017666665
113450000	113499999	1.6705997309	0.9912076438666667	0.6793920870333333
113500000	113549999	1.6286533348333334	0.9912076438666667	0.6374456909666667
113550000	113599999	1.4611909818666666	0.9912076438666667	0.4699833379999999
113600000	113649999	1.4769551109333334	0.9912076438666667	0.4857474670666667
113650000	113699999	1.4912205865333334	0.9912076438666667	0.5000129426666667
113700000	113749999	1.5629410185666668	0.9912076438666667	0.5717333747000001
113750000	113799999	1.5150406882666667	0.9912076438666667	0.5238330444
113800000	113849999	1.4968849173666667	0.9912076438666667	0.5056772735
113850000	113899999	1.5127583255000001	0.9912076438666667	0.5215506816333334
113900000	113949999	1.7179047097333333	0.9912076438666667	0.7266970658666666
113950000	113999999	1.8713036451666667	0.9912076438666667	0.8800960013
114000000	114049999	1.9606815329666667	0.9912076438666667	0.9694738891
114050000	114099999	1.9476983365333336	0.9912076438666667	0.9564906926666669
114100000	114149999	1.8836917639333335	0.9912076438666667	0.8924841200666668
114150000	114199999	1.9746513485000001	0.9912076438666667	0.9834437046333334
114200000	114249999	1.9127478063666667	0.9912076438666667	0.9215401625
114250000	114299999	2.187827809233333	0.9912076438666667	1.1966201653666664
114300000	114349999	2.0715606991333333	0.9912076438666667	1.0803530552666665
114350000	114399999	2.0166820697666665	0.9912076438666667	1.0254744258999997
114400000	114449999	1.7764463160333333	0.9912076438666667	0.7852386721666665
114450000	114499999	1.6893900029666669	0.9912076438666667	0.6981823591000001
114500000	114549999	1.5474457376333335	0.9912076438666667	0.5562380937666668
114550000	114599999	1.3889694477666668	0.9912076438666667	0.39776180390000004
114600000	114649999	1.3376882167000002	0.9912076438666667	0.34648057283333344
114650000	114699999	1.3473906820333335	0.9912076438666667	0.35618303816666674
114700000	114749999	1.2926850210333334	0.9912076438666667	0.30147737716666667
114750000	114799999	1.2244811151000001	0.9912076438666667	0.23327347123333342
114800000	114849999	1.2059093058	0.9912076438666667	0.2147016619333334
114850000	114899999	1.4692284844333334	0.9912076438666667	0.4780208405666667
114900000	114949999	1.7682409900333336	0.9912076438666667	0.7770333461666669
114950000	114999999	2.035339007766667	0.9912076438666667	1.0441313639
115000000	115049999	1.8716319742666667	0.9912076438666667	0.8804243304
115050000	115099999	1.7366133708333333	0.9912076438666667	0.7454057269666666
115100000	115149999	1.6569435411666666	0.9912076438666667	0.6657358972999999
115150000	115199999	1.6244584637666668	0.9912076438666667	0.6332508199000001
115200000	115249999	1.7543899763666668	0.9912076438666667	0.7631823325000001
115250000	115299999	1.5678828089333334	0.9912076438666667	0.5766751650666667
115300000	115349999	1.6973857797333336	0.9912076438666667	0.7061781358666669
115350000	115399999	1.5861639701999999	0.9912076438666667	0.5949563263333332
115400000	115449999	1.7840695159000002	0.9912076438666667	0.7928618720333335
115450000	115499999	1.7491316685	0.9912076438666667	0.7579240246333333
115500000	115549999	1.5912370528666666	0.9912076438666667	0.6000294089999999
115550000	115599999	1.3499992595	0.9912076438666667	0.3587916156333334
115600000	115649999	1.1137868928	0.9912076438666667	0.12257924893333338
115650000	115699999	1.1466435105000001	0.9912076438666667	0.15543586663333342
115700000	115749999	1.1483431842333336	0.9912076438666667	0.15713554036666688
115750000	115799999	1.1783673425666668	0.9912076438666667	0.18715969870000004
115800000	115849999	1.0833222756333334	0.9912076438666667	0.09211463176666668
115850000	115899999	1.0830643943666667	0.9912076438666667	0.09185675049999997
115900000	115949999	1.1359643753	0.9912076438666667	0.14475673143333323
115950000	115999999	1.0937560257333334	0.9912076438666667	0.1025483818666667
116000000	116049999	1.0805146776	0.9912076438666667	0.08930703373333337
116050000	116099999	1.1302518843666667	0.9912076438666667	0.13904424049999997
116100000	116149999	1.2130924931333333	0.9912076438666667	0.22188484926666663
116150000	116199999	1.2453061392666667	0.9912076438666667	0.25409849539999996
116200000	116249999	1.2325050657	0.9912076438666667	0.24129742183333336
116250000	116299999	1.2979531877000001	0.9912076438666667	0.3067455438333334
116300000	116349999	1.3054890390333334	0.9912076438666667	0.31428139516666664
116350000	116399999	1.3242117518333334	0.9912076438666667	0.3330041079666667
116400000	116449999	1.2644732785333335	0.9912076438666667	0.27326563466666676
116450000	116499999	1.3521643423333334	0.9912076438666667	0.36095669846666667
116500000	116549999	1.3430731294333333	0.9912076438666667	0.35186548556666664
116550000	116599999	1.5548676753666668	0.9912076438666667	0.5636600315000001
116600000	116649999	1.4201842646	0.9912076438666667	0.4289766207333333
116650000	116699999	1.4662634666333334	0.9912076438666667	0.4750558227666667
116700000	116749999	1.2409075803333334	0.9912076438666667	0.24969993646666666
116750000	116799999	1.3387654959000002	0.9912076438666667	0.34755785203333345
116800000	116849999	1.3282403147000001	0.9912076438666667	0.33703267083333344
116850000	116899999	1.5395575623333335	0.9912076438666667	0.5483499184666668
116900000	116949999	1.7032291156666668	0.9912076438666667	0.7120214718000001
116950000	116999999	1.7706842433	0.9912076438666667	0.7794765994333334
117000000	117049999	1.7134002751	0.9912076438666667	0.7221926312333332
117050000	117099999	1.5190369183999999	0.9912076438666667	0.5278292745333332
117100000	117149999	1.6191523585	0.9912076438666667	0.6279447146333333
117150000	117199999	1.6448907382333335	0.9912076438666667	0.6536830943666668
117200000	117249999	1.6702518094333336	0.9912076438666667	0.6790441655666669
117250000	117299999	1.5290343986333335	0.9912076438666667	0.5378267547666667
117300000	117349999	1.5357378702000002	0.9912076438666667	0.5445302263333335
117350000	117399999	1.5775194033666669	0.9912076438666667	0.5863117595000001
117400000	117449999	1.6246176408000002	0.9912076438666667	0.6334099969333334
117450000	117499999	1.5617940187666668	0.9912076438666667	0.5705863749000001
117500000	117549999	1.6198451266333334	0.9912076438666667	0.6286374827666666
117550000	117599999	1.6147308483333334	0.9912076438666667	0.6235232044666666
117600000	117649999	1.6543163842	0.9912076438666667	0.6631087403333332
117650000	117699999	1.5643363384666666	0.9912076438666667	0.5731286945999999
117700000	117749999	1.4308887373666668	0.9912076438666667	0.43968109350000006
117750000	117799999	1.3446222230333333	0.9912076438666667	0.35341457916666663
117800000	117849999	1.4607018873666666	0.9912076438666667	0.4694942434999999
117850000	117899999	1.7013935	0.9912076438666667	0.7101858561333333
117900000	117949999	1.9817295192666666	0.9912076438666667	0.9905218753999999
117950000	117999999	2.229210123866667	0.9912076438666667	1.23800248
118000000	118049999	2.3011886945333333	0.9912076438666667	1.3099810506666665
118050000	118099999	2.0581651876000002	0.9912076438666667	1.0669575437333334
118100000	118149999	1.8034632097333334	0.9912076438666667	0.8122555658666667
118150000	118199999	1.6256678362	0.9912076438666667	0.6344601923333334
118200000	118249999	1.6388239557	0.9912076438666667	0.6476163118333332
118250000	118299999	1.6119670705666667	0.9912076438666667	0.6207594267
118300000	118349999	1.5173078753	0.9912076438666667	0.5261002314333333
118350000	118399999	1.8267768797666668	0.9912076438666667	0.8355692359000001
118400000	118449999	2.054863601866667	0.9912076438666667	1.063655958
118450000	118499999	2.0441383267333335	0.9912076438666667	1.0529306828666667
118500000	118549999	1.7574847563000002	0.9912076438666667	0.7662771124333335
118550000	118599999	1.4848067199	0.9912076438666667	0.4935990760333332
118600000	118649999	1.4494268192333335	0.9912076438666667	0.4582191753666668
118650000	118699999	1.4301584282333333	0.9912076438666667	0.43895078436666657
118700000	118749999	1.2418274669	0.9912076438666667	0.2506198230333333
118750000	118799999	1.0915799668666666	0.9912076438666667	0.10037232299999987
118800000	118849999	0.9108170068000001	0.9912076438666667	-0.0803906370666666
118850000	118899999	0.9740626773000001	0.9912076438666667	-0.017144966566666642
118900000	118949999	1.100988633	0.9912076438666667	0.10978098913333334
118950000	118999999	1.2177176739666669	0.9912076438666667	0.22651003010000015
119000000	119049999	1.2160107566	0.9912076438666667	0.2248031127333333
119050000	119099999	1.1009848850333335	0.9912076438666667	0.10977724116666676
119100000	119149999	1.0664803711666666	0.9912076438666667	0.0752727272999999
119150000	119199999	1.1338886993	0.9912076438666667	0.1426810554333332
119200000	119249999	1.2020414181333332	0.9912076438666667	0.2108337742666665
119250000	119299999	1.2351767833333334	0.9912076438666667	0.24396913946666665
119300000	119349999	1.1254068339333334	0.9912076438666667	0.1341991900666667
119350000	119399999	1.1517218938	0.9912076438666667	0.1605142499333333
119400000	119449999	1.1402928406666668	0.9912076438666667	0.1490851968000001
119450000	119499999	1.1583712717	0.9912076438666667	0.16716362783333338
119500000	119549999	1.1218105877333335	0.9912076438666667	0.13060294386666682
119550000	119599999	1.1390315819666668	0.9912076438666667	0.14782393810000005
119600000	119649999	1.2828834811	0.9912076438666667	0.29167583723333335
119650000	119699999	1.3333268390000002	0.9912076438666667	0.34211919513333344
119700000	119749999	1.2611096353	0.9912076438666667	0.26990199143333327
119750000	119799999	1.158679207	0.9912076438666667	0.16747156313333333
119800000	119849999	1.1227499806	0.9912076438666667	0.13154233673333338
119850000	119899999	1.0697302618666666	0.9912076438666667	0.07852261799999993
119900000	119949999	1.034778157	0.9912076438666667	0.04357051313333338
119950000	119999999	1.0333199680333334	0.9912076438666667	0.04211232416666666
120000000	120049999	1.1007609895333335	0.9912076438666667	0.10955334566666675
120050000	120099999	1.1637056578333334	0.9912076438666667	0.17249801396666664
120100000	120149999	1.1824289780333335	0.9912076438666667	0.19122133416666676
120150000	120199999	1.3061782177666668	0.9912076438666667	0.31497057390000005
120200000	120249999	1.3543433732333334	0.9912076438666667	0.3631357293666667
120250000	120299999	1.4182465232333334	0.9912076438666667	0.42703887936666673
120300000	120349999	1.3735185581333333	0.9912076438666667	0.38231091426666663
120350000	120399999	1.3751504133333334	0.9912076438666667	0.3839427694666667
120400000	120449999	1.3200359372333335	0.9912076438666667	0.32882829336666675
120450000	120499999	1.1957921228	0.9912076438666667	0.2045844789333332
120500000	120549999	1.3997016592	0.9912076438666667	0.4084940153333333
120550000	120599999	1.4761568025333334	0.9912076438666667	0.48494915866666666
120600000	120649999	1.5686718802666668	0.9912076438666667	0.5774642364000001
120650000	120699999	0.9921190344	0.9912076438666667	0.0009113905333333339
120700000	120749999	0.7933704600666668	0.9912076438666667	-0.19783718379999993
120750000	120799999	0.6478800151666667	0.9912076438666667	-0.3433276287
120800000	120849999	0.9424874281666668	0.9912076438666667	-0.04872021569999996
120850000	120899999	1.5501323777333333	0.9912076438666667	0.5589247338666666
120900000	120949999	1.5810660936333334	0.9912076438666667	0.5898584497666667
120950000	120999999	1.5326409873333333	0.9912076438666667	0.5414333434666666
121000000	121049999	0.7359892366333334	0.9912076438666667	-0.25521840723333333
121050000	121099999	0.7939911218666668	0.9912076438666667	-0.19721652199999995
121100000	121149999	0.9836639158	0.9912076438666667	-0.0075437280666666995
121150000	121199999	1.3484156186	0.9912076438666667	0.3572079747333333
121200000	121249999	1.4238851439333333	0.9912076438666667	0.4326775000666666
121250000	121299999	1.5080235998	0.9912076438666667	0.5168159559333333
121300000	121349999	2.3127348476000003	0.9912076438666667	1.3215272037333334
121350000	121399999	1.865307579	0.9912076438666667	0.8740999351333333
121400000	121449999	55.33851798166666	0.9912076438666667	54.347310337799996
121450000	121499999	54.4242734383	0.9912076438666667	53.43306579443333
121500000	121549999	54.73822929633333	0.9912076438666667	53.747021652466664
121550000	121599999	0.9912076438666667	0.9912076438666667	0.0
121600000	121649999	0.9912076438666667	0.9912076438666667	0.0
121650000	121699999	0.9912076438666667	0.9912076438666667	0.0
121700000	121749999	0.9912076438666667	0.9912076438666667	0.0
121750000	121799999	0.9912076438666667	0.9912076438666667	0.0
121800000	121849999	0.9912076438666667	0.9912076438666667	0.0
121850000	121899999	0.9912076438666667	0.9912076438666667	0.0
121900000	121949999	0.9912076438666667	0.9912076438666667	0.0
121950000	121999999	0.9912076438666667	0.9912076438666667	0.0
122000000	122049999	0.9912076438666667	0.9912076438666667	0.0
122050000	122099999	0.9912076438666667	0.9912076438666667	0.0
122100000	122149999	0.9912076438666667	0.9912076438666667	0.0
122150000	122199999	0.9912076438666667	0.9912076438666667	0.0
122200000	122249999	0.9912076438666667	0.9912076438666667	0.0
122250000	122299999	0.9912076438666667	0.9912076438666667	0.0
122300000	122349999	0.9912076438666667	0.9912076438666667	0.0
122350000	122399999	0.9912076438666667	0.9912076438666667	0.0
122400000	122449999	0.9912076438666667	0.9912076438666667	0.0
122450000	122499999	0.9912076438666667	0.9912076438666667	0.0
122500000	122549999	0.9912076438666667	0.9912076438666667	0.0
122550000	122599999	0.9912076438666667	0.9912076438666667	0.0
122600000	122649999	0.9912076438666667	0.9912076438666667	0.0
122650000	122699999	0.9912076438666667	0.9912076438666667	0.0
122700000	122749999	0.9912076438666667	0.9912076438666667	0.0
122750000	122799999	0.9912076438666667	0.9912076438666667	0.0
122800000	122849999	0.9912076438666667	0.9912076438666667	0.0
122850000	122899999	0.9912076438666667	0.9912076438666667	0.0
122900000	122949999	0.9912076438666667	0.9912076438666667	0.0
122950000	122999999	0.9912076438666667	0.9912076438666667	0.0
123000000	123049999	0.9912076438666667	0.9912076438666667	0.0
123050000	123099999	0.9912076438666667	0.9912076438666667	0.0
123100000	123149999	0.9912076438666667	0.9912076438666667	0.0
123150000	123199999	0.9912076438666667	0.9912076438666667	0.0
123200000	123249999	0.9912076438666667	0.9912076438666667	0.0
123250000	123299999	0.9912076438666667	0.9912076438666667	0.0
123300000	123349999	0.9912076438666667	0.9912076438666667	0.0
123350000	123399999	0.9912076438666667	0.9912076438666667	0.0
123400000	123449999	0.9912076438666667	0.9912076438666667	0.0
123450000	123499999	0.9912076438666667	0.9912076438666667	0.0
123500000	123549999	0.9912076438666667	0.9912076438666667	0.0
123550000	123599999	0.9912076438666667	0.9912076438666667	0.0
123600000	123649999	0.9912076438666667	0.9912076438666667	0.0
123650000	123699999	0.9912076438666667	0.9912076438666667	0.0
123700000	123749999	0.9912076438666667	0.9912076438666667	0.0
123750000	123799999	0.9912076438666667	0.9912076438666667	0.0
123800000	123849999	0.9912076438666667	0.9912076438666667	0.0
123850000	123899999	0.9912076438666667	0.9912076438666667	0.0
123900000	123949999	0.9912076438666667	0.9912076438666667	0.0
123950000	123999999	0.9912076438666667	0.9912076438666667	0.0
124000000	124049999	0.9912076438666667	0.9912076438666667	0.0
124050000	124099999	0.9912076438666667	0.9912076438666667	0.0
124100000	124149999	0.9912076438666667	0.9912076438666667	0.0
124150000	124199999	0.9912076438666667	0.9912076438666667	0.0
124200000	124249999	0.9912076438666667	0.9912076438666667	0.0
124250000	124299999	0.9912076438666667	0.9912076438666667	0.0
124300000	124349999	0.9912076438666667	0.9912076438666667	0.0
124350000	124399999	0.9912076438666667	0.9912076438666667	0.0
124400000	124449999	0.9912076438666667	0.9912076438666667	0.0
124450000	124499999	0.9912076438666667	0.9912076438666667	0.0
124500000	124549999	0.9912076438666667	0.9912076438666667	0.0
124550000	124599999	0.9912076438666667	0.9912076438666667	0.0
124600000	124649999	0.9912076438666667	0.9912076438666667	0.0
124650000	124699999	0.9912076438666667	0.9912076438666667	0.0
124700000	124749999	0.9912076438666667	0.9912076438666667	0.0
124750000	124799999	0.9912076438666667	0.9912076438666667	0.0
124800000	124849999	0.9912076438666667	0.9912076438666667	0.0
124850000	124899999	0.9912076438666667	0.9912076438666667	0.0
124900000	124949999	0.9912076438666667	0.9912076438666667	0.0
124950000	124999999	0.9912076438666667	0.9912076438666667	0.0
125000000	125049999	0.9912076438666667	0.9912076438666667	0.0
125050000	125099999	0.9912076438666667	0.9912076438666667	0.0
125100000	125149999	0.9912076438666667	0.9912076438666667	0.0
125150000	125199999	0.9912076438666667	0.9912076438666667	0.0
125200000	125249999	0.9912076438666667	0.9912076438666667	0.0
125250000	125299999	0.9912076438666667	0.9912076438666667	0.0
125300000	125349999	0.9912076438666667	0.9912076438666667	0.0
125350000	125399999	0.9912076438666667	0.9912076438666667	0.0
125400000	125449999	0.9912076438666667	0.9912076438666667	0.0
125450000	125499999	0.9912076438666667	0.9912076438666667	0.0
125500000	125549999	0.9912076438666667	0.9912076438666667	0.0
125550000	125599999	0.9912076438666667	0.9912076438666667	0.0
125600000	125649999	0.9912076438666667	0.9912076438666667	0.0
125650000	125699999	0.9912076438666667	0.9912076438666667	0.0
125700000	125749999	0.9912076438666667	0.9912076438666667	0.0
125750000	125799999	0.9912076438666667	0.9912076438666667	0.0
125800000	125849999	0.9912076438666667	0.9912076438666667	0.0
125850000	125899999	0.9912076438666667	0.9912076438666667	0.0
125900000	125949999	0.9912076438666667	0.9912076438666667	0.0
125950000	125999999	0.9912076438666667	0.9912076438666667	0.0
126000000	126049999	0.9912076438666667	0.9912076438666667	0.0
126050000	126099999	0.9912076438666667	0.9912076438666667	0.0
126100000	126149999	0.9912076438666667	0.9912076438666667	0.0
126150000	126199999	0.9912076438666667	0.9912076438666667	0.0
126200000	126249999	0.9912076438666667	0.9912076438666667	0.0
126250000	126299999	0.9912076438666667	0.9912076438666667	0.0
126300000	126349999	0.9912076438666667	0.9912076438666667	0.0
126350000	126399999	0.9912076438666667	0.9912076438666667	0.0
126400000	126449999	0.9912076438666667	0.9912076438666667	0.0
126450000	126499999	0.9912076438666667	0.9912076438666667	0.0
126500000	126549999	0.9912076438666667	0.9912076438666667	0.0
126550000	126599999	0.9912076438666667	0.9912076438666667	0.0
126600000	126649999	0.9912076438666667	0.9912076438666667	0.0
126650000	126699999	0.9912076438666667	0.9912076438666667	0.0
126700000	126749999	0.9912076438666667	0.9912076438666667	0.0
126750000	126799999	0.9912076438666667	0.9912076438666667	0.0
126800000	126849999	0.9912076438666667	0.9912076438666667	0.0
126850000	126899999	0.9912076438666667	0.9912076438666667	0.0
126900000	126949999	0.9912076438666667	0.9912076438666667	0.0
126950000	126999999	0.9912076438666667	0.9912076438666667	0.0
127000000	127049999	0.9912076438666667	0.9912076438666667	0.0
127050000	127099999	0.9912076438666667	0.9912076438666667	0.0
127100000	127149999	0.9912076438666667	0.9912076438666667	0.0
127150000	127199999	0.9912076438666667	0.9912076438666667	0.0
127200000	127249999	0.9912076438666667	0.9912076438666667	0.0
127250000	127299999	0.9912076438666667	0.9912076438666667	0.0
127300000	127349999	0.9912076438666667	0.9912076438666667	0.0
127350000	127399999	0.9912076438666667	0.9912076438666667	0.0
127400000	127449999	0.9912076438666667	0.9912076438666667	0.0
127450000	127499999	0.9912076438666667	0.9912076438666667	0.0
127500000	127549999	0.9912076438666667	0.9912076438666667	0.0
127550000	127599999	0.9912076438666667	0.9912076438666667	0.0
127600000	127649999	0.9912076438666667	0.9912076438666667	0.0
127650000	127699999	0.9912076438666667	0.9912076438666667	0.0
127700000	127749999	0.9912076438666667	0.9912076438666667	0.0
127750000	127799999	0.9912076438666667	0.9912076438666667	0.0
127800000	127849999	0.9912076438666667	0.9912076438666667	0.0
127850000	127899999	0.9912076438666667	0.9912076438666667	0.0
127900000	127949999	0.9912076438666667	0.9912076438666667	0.0
127950000	127999999	0.9912076438666667	0.9912076438666667	0.0
128000000	128049999	0.9912076438666667	0.9912076438666667	0.0
128050000	128099999	0.9912076438666667	0.9912076438666667	0.0
128100000	128149999	0.9912076438666667	0.9912076438666667	0.0
128150000	128199999	0.9912076438666667	0.9912076438666667	0.0
128200000	128249999	0.9912076438666667	0.9912076438666667	0.0
128250000	128299999	0.9912076438666667	0.9912076438666667	0.0
128300000	128349999	0.9912076438666667	0.9912076438666667	0.0
128350000	128399999	0.9912076438666667	0.9912076438666667	0.0
128400000	128449999	0.9912076438666667	0.9912076438666667	0.0
128450000	128499999	0.9912076438666667	0.9912076438666667	0.0
128500000	128549999	0.9912076438666667	0.9912076438666667	0.0
128550000	128599999	0.9912076438666667	0.9912076438666667	0.0
128600000	128649999	0.9912076438666667	0.9912076438666667	0.0
128650000	128699999	0.9912076438666667	0.9912076438666667	0.0
128700000	128749999	0.9912076438666667	0.9912076438666667	0.0
128750000	128799999	0.9912076438666667	0.9912076438666667	0.0
128800000	128849999	0.9912076438666667	0.9912076438666667	0.0
128850000	128899999	0.9912076438666667	0.9912076438666667	0.0
128900000	128949999	0.9912076438666667	0.9912076438666667	0.0
128950000	128999999	0.9912076438666667	0.9912076438666667	0.0
129000000	129049999	0.9912076438666667	0.9912076438666667	0.0
129050000	129099999	0.9912076438666667	0.9912076438666667	0.0
129100000	129149999	0.9912076438666667	0.9912076438666667	0.0
129150000	129199999	0.9912076438666667	0.9912076438666667	0.0
129200000	129249999	0.9912076438666667	0.9912076438666667	0.0
129250000	129299999	0.9912076438666667	0.9912076438666667	0.0
129300000	129349999	0.9912076438666667	0.9912076438666667	0.0
129350000	129399999	0.9912076438666667	0.9912076438666667	0.0
129400000	129449999	0.9912076438666667	0.9912076438666667	0.0
129450000	129499999	0.9912076438666667	0.9912076438666667	0.0
129500000	129549999	0.9912076438666667	0.9912076438666667	0.0
129550000	129599999	0.9912076438666667	0.9912076438666667	0.0
129600000	129649999	0.9912076438666667	0.9912076438666667	0.0
129650000	129699999	0.9912076438666667	0.9912076438666667	0.0
129700000	129749999	0.9912076438666667	0.9912076438666667	0.0
129750000	129799999	0.9912076438666667	0.9912076438666667	0.0
129800000	129849999	0.9912076438666667	0.9912076438666667	0.0
129850000	129899999	0.9912076438666667	0.9912076438666667	0.0
129900000	129949999	0.9912076438666667	0.9912076438666667	0.0
129950000	129999999	0.9912076438666667	0.9912076438666667	0.0
130000000	130049999	0.9912076438666667	0.9912076438666667	0.0
130050000	130099999	0.9912076438666667	0.9912076438666667	0.0
130100000	130149999	0.9912076438666667	0.9912076438666667	0.0
130150000	130199999	0.9912076438666667	0.9912076438666667	0.0
130200000	130249999	0.9912076438666667	0.9912076438666667	0.0
130250000	130299999	0.9912076438666667	0.9912076438666667	0.0
130300000	130349999	0.9912076438666667	0.9912076438666667	0.0
130350000	130399999	0.9912076438666667	0.9912076438666667	0.0
130400000	130449999	0.9912076438666667	0.9912076438666667	0.0
130450000	130499999	0.9912076438666667	0.9912076438666667	0.0
130500000	130549999	0.9912076438666667	0.9912076438666667	0.0
130550000	130599999	0.9912076438666667	0.9912076438666667	0.0
130600000	130649999	0.9912076438666667	0.9912076438666667	0.0
130650000	130699999	0.9912076438666667	0.9912076438666667	0.0
130700000	130749999	0.9912076438666667	0.9912076438666667	0.0
130750000	130799999	0.9912076438666667	0.9912076438666667	0.0
130800000	130849999	0.9912076438666667	0.9912076438666667	0.0
130850000	130899999	0.9912076438666667	0.9912076438666667	0.0
130900000	130949999	0.9912076438666667	0.9912076438666667	0.0
130950000	130999999	0.9912076438666667	0.9912076438666667	0.0
131000000	131049999	0.9912076438666667	0.9912076438666667	0.0
131050000	131099999	0.9912076438666667	0.9912076438666667	0.0
131100000	131149999	0.9912076438666667	0.9912076438666667	0.0
131150000	131199999	0.9912076438666667	0.9912076438666667	0.0
131200000	131249999	0.9912076438666667	0.9912076438666667	0.0
131250000	131299999	0.9912076438666667	0.9912076438666667	0.0
131300000	131349999	0.9912076438666667	0.9912076438666667	0.0
131350000	131399999	0.9912076438666667	0.9912076438666667	0.0
131400000	131449999	0.9912076438666667	0.9912076438666667	0.0
131450000	131499999	0.9912076438666667	0.9912076438666667	0.0
131500000	131549999	0.9912076438666667	0.9912076438666667	0.0
131550000	131599999	0.9912076438666667	0.9912076438666667	0.0
131600000	131649999	0.9912076438666667	0.9912076438666667	0.0
131650000	131699999	0.9912076438666667	0.9912076438666667	0.0
131700000	131749999	0.9912076438666667	0.9912076438666667	0.0
131750000	131799999	0.9912076438666667	0.9912076438666667	0.0
131800000	131849999	0.9912076438666667	0.9912076438666667	0.0
131850000	131899999	0.9912076438666667	0.9912076438666667	0.0
131900000	131949999	0.9912076438666667	0.9912076438666667	0.0
131950000	131999999	0.9912076438666667	0.9912076438666667	0.0
132000000	132049999	0.9912076438666667	0.9912076438666667	0.0
132050000	132099999	0.9912076438666667	0.9912076438666667	0.0
132100000	132149999	0.9912076438666667	0.9912076438666667	0.0
132150000	132199999	0.9912076438666667	0.9912076438666667	0.0
132200000	132249999	0.9912076438666667	0.9912076438666667	0.0
132250000	132299999	0.9912076438666667	0.9912076438666667	0.0
132300000	132349999	0.9912076438666667	0.9912076438666667	0.0
132350000	132399999	0.9912076438666667	0.9912076438666667	0.0
132400000	132449999	0.9912076438666667	0.9912076438666667	0.0
132450000	132499999	0.9912076438666667	0.9912076438666667	0.0
132500000	132549999	0.9912076438666667	0.9912076438666667	0.0
132550000	132599999	0.9912076438666667	0.9912076438666667	0.0
132600000	132649999	0.9912076438666667	0.9912076438666667	0.0
132650000	132699999	0.9912076438666667	0.9912076438666667	0.0
132700000	132749999	0.9912076438666667	0.9912076438666667	0.0
132750000	132799999	0.9912076438666667	0.9912076438666667	0.0
132800000	132849999	0.9912076438666667	0.9912076438666667	0.0
132850000	132899999	0.9912076438666667	0.9912076438666667	0.0
132900000	132949999	0.9912076438666667	0.9912076438666667	0.0
132950000	132999999	0.9912076438666667	0.9912076438666667	0.0
133000000	133049999	0.9912076438666667	0.9912076438666667	0.0
133050000	133099999	0.9912076438666667	0.9912076438666667	0.0
133100000	133149999	0.9912076438666667	0.9912076438666667	0.0
133150000	133199999	0.9912076438666667	0.9912076438666667	0.0
133200000	133249999	0.9912076438666667	0.9912076438666667	0.0
133250000	133299999	0.9912076438666667	0.9912076438666667	0.0
133300000	133349999	0.9912076438666667	0.9912076438666667	0.0
133350000	133399999	0.9912076438666667	0.9912076438666667	0.0
133400000	133449999	0.9912076438666667	0.9912076438666667	0.0
133450000	133499999	0.9912076438666667	0.9912076438666667	0.0
133500000	133549999	0.9912076438666667	0.9912076438666667	0.0
133550000	133599999	0.9912076438666667	0.9912076438666667	0.0
133600000	133649999	0.9912076438666667	0.9912076438666667	0.0
133650000	133699999	0.9912076438666667	0.9912076438666667	0.0
133700000	133749999	0.9912076438666667	0.9912076438666667	0.0
133750000	133799999	0.9912076438666667	0.9912076438666667	0.0
133800000	133849999	0.9912076438666667	0.9912076438666667	0.0
133850000	133899999	0.9912076438666667	0.9912076438666667	0.0
133900000	133949999	0.9912076438666667	0.9912076438666667	0.0
133950000	133999999	0.9912076438666667	0.9912076438666667	0.0
134000000	134049999	0.9912076438666667	0.9912076438666667	0.0
134050000	134099999	0.9912076438666667	0.9912076438666667	0.0
134100000	134149999	0.9912076438666667	0.9912076438666667	0.0
134150000	134199999	0.9912076438666667	0.9912076438666667	0.0
134200000	134249999	0.9912076438666667	0.9912076438666667	0.0
134250000	134299999	0.9912076438666667	0.9912076438666667	0.0
134300000	134349999	0.9912076438666667	0.9912076438666667	0.0
134350000	134399999	0.9912076438666667	0.9912076438666667	0.0
134400000	134449999	0.9912076438666667	0.9912076438666667	0.0
134450000	134499999	0.9912076438666667	0.9912076438666667	0.0
134500000	134549999	0.9912076438666667	0.9912076438666667	0.0
134550000	134599999	0.9912076438666667	0.9912076438666667	0.0
134600000	134649999	0.9912076438666667	0.9912076438666667	0.0
134650000	134699999	0.9912076438666667	0.9912076438666667	0.0
134700000	134749999	0.9912076438666667	0.9912076438666667	0.0
134750000	134799999	0.9912076438666667	0.9912076438666667	0.0
134800000	134849999	0.9912076438666667	0.9912076438666667	0.0
134850000	134899999	0.9912076438666667	0.9912076438666667	0.0
134900000	134949999	0.9912076438666667	0.9912076438666667	0.0
134950000	134999999	0.9912076438666667	0.9912076438666667	0.0
135000000	135049999	0.9912076438666667	0.9912076438666667	0.0
135050000	135099999	0.9912076438666667	0.9912076438666667	0.0
135100000	135149999	0.9912076438666667	0.9912076438666667	0.0
135150000	135199999	0.9912076438666667	0.9912076438666667	0.0
135200000	135249999	0.9912076438666667	0.9912076438666667	0.0
135250000	135299999	0.9912076438666667	0.9912076438666667	0.0
135300000	135349999	0.9912076438666667	0.9912076438666667	0.0
135350000	135399999	0.9912076438666667	0.9912076438666667	0.0
135400000	135449999	0.9912076438666667	0.9912076438666667	0.0
135450000	135499999	0.9912076438666667	0.9912076438666667	0.0
135500000	135549999	0.9912076438666667	0.9912076438666667	0.0
135550000	135599999	0.9912076438666667	0.9912076438666667	0.0
135600000	135649999	0.9912076438666667	0.9912076438666667	0.0
135650000	135699999	0.9912076438666667	0.9912076438666667	0.0
135700000	135749999	0.9912076438666667	0.9912076438666667	0.0
135750000	135799999	0.9912076438666667	0.9912076438666667	0.0
135800000	135849999	0.9912076438666667	0.9912076438666667	0.0
135850000	135899999	0.9912076438666667	0.9912076438666667	0.0
135900000	135949999	0.9912076438666667	0.9912076438666667	0.0
135950000	135999999	0.9912076438666667	0.9912076438666667	0.0
136000000	136049999	0.9912076438666667	0.9912076438666667	0.0
136050000	136099999	0.9912076438666667	0.9912076438666667	0.0
136100000	136149999	0.9912076438666667	0.9912076438666667	0.0
136150000	136199999	0.9912076438666667	0.9912076438666667	0.0
136200000	136249999	0.9912076438666667	0.9912076438666667	0.0
136250000	136299999	0.9912076438666667	0.9912076438666667	0.0
136300000	136349999	0.9912076438666667	0.9912076438666667	0.0
136350000	136399999	0.9912076438666667	0.9912076438666667	0.0
136400000	136449999	0.9912076438666667	0.9912076438666667	0.0
136450000	136499999	0.9912076438666667	0.9912076438666667	0.0
136500000	136549999	0.9912076438666667	0.9912076438666667	0.0
136550000	136599999	0.9912076438666667	0.9912076438666667	0.0
136600000	136649999	0.9912076438666667	0.9912076438666667	0.0
136650000	136699999	0.9912076438666667	0.9912076438666667	0.0
136700000	136749999	0.9912076438666667	0.9912076438666667	0.0
136750000	136799999	0.9912076438666667	0.9912076438666667	0.0
136800000	136849999	0.9912076438666667	0.9912076438666667	0.0
136850000	136899999	0.9912076438666667	0.9912076438666667	0.0
136900000	136949999	0.9912076438666667	0.9912076438666667	0.0
136950000	136999999	0.9912076438666667	0.9912076438666667	0.0
137000000	137049999	0.9912076438666667	0.9912076438666667	0.0
137050000	137099999	0.9912076438666667	0.9912076438666667	0.0
137100000	137149999	0.9912076438666667	0.9912076438666667	0.0
137150000	137199999	0.9912076438666667	0.9912076438666667	0.0
137200000	137249999	0.9912076438666667	0.9912076438666667	0.0
137250000	137299999	0.9912076438666667	0.9912076438666667	0.0
137300000	137349999	0.9912076438666667	0.9912076438666667	0.0
137350000	137399999	0.9912076438666667	0.9912076438666667	0.0
137400000	137449999	0.9912076438666667	0.9912076438666667	0.0
137450000	137499999	0.9912076438666667	0.9912076438666667	0.0
137500000	137549999	0.9912076438666667	0.9912076438666667	0.0
137550000	137599999	0.9912076438666667	0.9912076438666667	0.0
137600000	137649999	0.9912076438666667	0.9912076438666667	0.0
137650000	137699999	0.9912076438666667	0.9912076438666667	0.0
137700000	137749999	0.9912076438666667	0.9912076438666667	0.0
137750000	137799999	0.9912076438666667	0.9912076438666667	0.0
137800000	137849999	0.9912076438666667	0.9912076438666667	0.0
137850000	137899999	0.9912076438666667	0.9912076438666667	0.0
137900000	137949999	0.9912076438666667	0.9912076438666667	0.0
137950000	137999999	0.9912076438666667	0.9912076438666667	0.0
138000000	138049999	0.9912076438666667	0.9912076438666667	0.0
138050000	138099999	0.9912076438666667	0.9912076438666667	0.0
138100000	138149999	0.9912076438666667	0.9912076438666667	0.0
138150000	138199999	0.9912076438666667	0.9912076438666667	0.0
138200000	138249999	0.9912076438666667	0.9912076438666667	0.0
138250000	138299999	0.9912076438666667	0.9912076438666667	0.0
138300000	138349999	0.9912076438666667	0.9912076438666667	0.0
138350000	138399999	0.9912076438666667	0.9912076438666667	0.0
138400000	138449999	0.9912076438666667	0.9912076438666667	0.0
138450000	138499999	0.9912076438666667	0.9912076438666667	0.0
138500000	138549999	0.9912076438666667	0.9912076438666667	0.0
138550000	138599999	0.9912076438666667	0.9912076438666667	0.0
138600000	138649999	0.9912076438666667	0.9912076438666667	0.0
138650000	138699999	0.9912076438666667	0.9912076438666667	0.0
138700000	138749999	0.9912076438666667	0.9912076438666667	0.0
138750000	138799999	0.9912076438666667	0.9912076438666667	0.0
138800000	138849999	0.9912076438666667	0.9912076438666667	0.0
138850000	138899999	0.9912076438666667	0.9912076438666667	0.0
138900000	138949999	0.9912076438666667	0.9912076438666667	0.0
138950000	138999999	0.9912076438666667	0.9912076438666667	0.0
139000000	139049999	0.9912076438666667	0.9912076438666667	0.0
139050000	139099999	0.9912076438666667	0.9912076438666667	0.0
139100000	139149999	0.9912076438666667	0.9912076438666667	0.0
139150000	139199999	0.9912076438666667	0.9912076438666667	0.0
139200000	139249999	0.9912076438666667	0.9912076438666667	0.0
139250000	139299999	0.9912076438666667	0.9912076438666667	0.0
139300000	139349999	0.9912076438666667	0.9912076438666667	0.0
139350000	139399999	0.9912076438666667	0.9912076438666667	0.0
139400000	139449999	0.9912076438666667	0.9912076438666667	0.0
139450000	139499999	0.9912076438666667	0.9912076438666667	0.0
139500000	139549999	0.9912076438666667	0.9912076438666667	0.0
139550000	139599999	0.9912076438666667	0.9912076438666667	0.0
139600000	139649999	0.9912076438666667	0.9912076438666667	0.0
139650000	139699999	0.9912076438666667	0.9912076438666667	0.0
139700000	139749999	0.9912076438666667	0.9912076438666667	0.0
139750000	139799999	0.9912076438666667	0.9912076438666667	0.0
139800000	139849999	0.9912076438666667	0.9912076438666667	0.0
139850000	139899999	0.9912076438666667	0.9912076438666667	0.0
139900000	139949999	0.9912076438666667	0.9912076438666667	0.0
139950000	139999999	0.9912076438666667	0.9912076438666667	0.0
140000000	140049999	0.9912076438666667	0.9912076438666667	0.0
140050000	140099999	0.9912076438666667	0.9912076438666667	0.0
140100000	140149999	0.9912076438666667	0.9912076438666667	0.0
140150000	140199999	0.9912076438666667	0.9912076438666667	0.0
140200000	140249999	0.9912076438666667	0.9912076438666667	0.0
140250000	140299999	0.9912076438666667	0.9912076438666667	0.0
140300000	140349999	0.9912076438666667	0.9912076438666667	0.0
140350000	140399999	0.9912076438666667	0.9912076438666667	0.0
140400000	140449999	0.9912076438666667	0.9912076438666667	0.0
140450000	140499999	0.9912076438666667	0.9912076438666667	0.0
140500000	140549999	0.9912076438666667	0.9912076438666667	0.0
140550000	140599999	0.9912076438666667	0.9912076438666667	0.0
140600000	140649999	0.9912076438666667	0.9912076438666667	0.0
140650000	140699999	0.9912076438666667	0.9912076438666667	0.0
140700000	140749999	0.9912076438666667	0.9912076438666667	0.0
140750000	140799999	0.9912076438666667	0.9912076438666667	0.0
140800000	140849999	0.9912076438666667	0.9912076438666667	0.0
140850000	140899999	0.9912076438666667	0.9912076438666667	0.0
140900000	140949999	0.9912076438666667	0.9912076438666667	0.0
140950000	140999999	0.9912076438666667	0.9912076438666667	0.0
141000000	141049999	0.9912076438666667	0.9912076438666667	0.0
141050000	141099999	0.9912076438666667	0.9912076438666667	0.0
141100000	141149999	0.9912076438666667	0.9912076438666667	0.0
141150000	141199999	0.9912076438666667	0.9912076438666667	0.0
141200000	141249999	0.9912076438666667	0.9912076438666667	0.0
141250000	141299999	0.9912076438666667	0.9912076438666667	0.0
141300000	141349999	0.9912076438666667	0.9912076438666667	0.0
141350000	141399999	0.9912076438666667	0.9912076438666667	0.0
141400000	141449999	0.9912076438666667	0.9912076438666667	0.0
141450000	141499999	0.9912076438666667	0.9912076438666667	0.0
141500000	141549999	0.9912076438666667	0.9912076438666667	0.0
141550000	141599999	0.9912076438666667	0.9912076438666667	0.0
141600000	141649999	0.9912076438666667	0.9912076438666667	0.0
141650000	141699999	0.9912076438666667	0.9912076438666667	0.0
141700000	141749999	0.9912076438666667	0.9912076438666667	0.0
141750000	141799999	0.9912076438666667	0.9912076438666667	0.0
141800000	141849999	0.9912076438666667	0.9912076438666667	0.0
141850000	141899999	0.9912076438666667	0.9912076438666667	0.0
141900000	141949999	0.9912076438666667	0.9912076438666667	0.0
141950000	141999999	0.9912076438666667	0.9912076438666667	0.0
142000000	142049999	0.9912076438666667	0.9912076438666667	0.0
142050000	142099999	0.9912076438666667	0.9912076438666667	0.0
142100000	142149999	0.9912076438666667	0.9912076438666667	0.0
142150000	142199999	0.9912076438666667	0.9912076438666667	0.0
142200000	142249999	0.9912076438666667	0.9912076438666667	0.0
142250000	142299999	0.9912076438666667	0.9912076438666667	0.0
142300000	142349999	0.9912076438666667	0.9912076438666667	0.0
142350000	142399999	0.9912076438666667	0.9912076438666667	0.0
142400000	142449999	0.9912076438666667	0.9912076438666667	0.0
142450000	142499999	1.9550971647666668	0.9912076438666667	0.9638895209000001
142500000	142549999	2.7944963536333334	0.9912076438666667	1.8032887097666666
142550000	142599999	3.7782749099333333	0.9912076438666667	2.7870672660666664
142600000	142649999	3.108634053866667	0.9912076438666667	2.11742641
142650000	142699999	2.1112914791333335	0.9912076438666667	1.1200838352666667
142700000	142749999	1.4440330878333334	0.9912076438666667	0.4528254439666667
142750000	142799999	3.9073641197	0.9912076438666667	2.916156475833333
142800000	142849999	4.8911529419	0.9912076438666667	3.899945298033333
142850000	142899999	4.724564559633333	0.9912076438666667	3.7333569157666666
142900000	142949999	1.7334582686	0.9912076438666667	0.7422506247333333
142950000	142999999	0.9076128322666667	0.9912076438666667	-0.08359481160000004
143000000	143049999	0.7576810495333334	0.9912076438666667	-0.23352659433333334
143050000	143099999	1.3185899921666668	0.9912076438666667	0.3273823483000001
143100000	143149999	1.7900861559333334	0.9912076438666667	0.7988785120666667
143150000	143199999	2.1473176111333334	0.9912076438666667	1.1561099672666666
143200000	143249999	2.127559294566667	0.9912076438666667	1.1363516507
143250000	143299999	1.3381149023333334	0.9912076438666667	0.3469072584666667
143300000	143349999	0.9865474635666667	0.9912076438666667	-0.004660180300000039
143350000	143399999	0.7840587946	0.9912076438666667	-0.20714884926666666
143400000	143449999	1.3010647056	0.9912076438666667	0.30985706173333327
143450000	143499999	1.9687692904333334	0.9912076438666667	0.9775616465666667
143500000	143549999	1.8636339276666667	0.9912076438666667	0.8724262838
143550000	143599999	1.3341434411333335	0.9912076438666667	0.3429357972666668
143600000	143649999	0.3710205429333334	0.9912076438666667	-0.6201871009333333
143650000	143699999	0.18266697703333346	0.9912076438666667	-0.8085406668333333
143700000	143749999	0.28237507443333354	0.9912076438666667	-0.7088325694333332
143750000	143799999	0.5721293713666666	0.9912076438666667	-0.41907827250000007
143800000	143849999	0.47904620443333346	0.9912076438666667	-0.5121614394333333
143850000	143899999	0.6238732644666667	0.9912076438666667	-0.3673343794
143900000	143949999	0.5322708719333333	0.9912076438666667	-0.4589367719333334
143950000	143999999	1.1950014163	0.9912076438666667	0.2037937724333333
144000000	144049999	1.2799745295333333	0.9912076438666667	0.28876688566666664
144050000	144099999	1.0425238311	0.9912076438666667	0.05131618723333331
144100000	144149999	0.3338880413666667	0.9912076438666667	-0.6573196025
144150000	144199999	0.0032594837333332904	0.9912076438666667	-0.9879481601333334
144200000	144249999	0.007921710900000045	0.9912076438666667	-0.9832859329666667
144250000	144299999	0.10112024003333342	0.9912076438666667	-0.8900874038333333
144300000	144349999	0.16321818049999992	0.9912076438666667	-0.8279894633666668
144350000	144399999	0.15836412053333349	0.9912076438666667	-0.8328435233333332
144400000	144449999	0.0906535704	0.9912076438666667	-0.9005540734666667
144450000	144499999	0.7023061839333334	0.9912076438666667	-0.28890145993333327
144500000	144549999	0.9158117010666668	0.9912076438666667	-0.07539594279999995
144550000	144599999	1.0350624558666668	0.9912076438666667	0.043854812000000076
144600000	144649999	0.876774921	0.9912076438666667	-0.11443272286666673
144650000	144699999	0.9623546121333334	0.9912076438666667	-0.028853031733333312
144700000	144749999	1.1449578565333334	0.9912076438666667	0.15375021266666666
144750000	144799999	2.029767543466667	0.9912076438666667	1.0385598996
144800000	144849999	2.4927017673	0.9912076438666667	1.501494123433333
144850000	144899999	3.1075621012333334	0.9912076438666667	2.1163544573666666
144900000	144949999	2.628638319233333	0.9912076438666667	1.6374306753666663
144950000	144999999	3.336317997633334	0.9912076438666667	2.345110353766667
145000000	145049999	3.7568472181000003	0.9912076438666667	2.7656395742333335
145050000	145099999	3.711316569066667	0.9912076438666667	2.7201089252000004
145100000	145149999	2.6270281200000003	0.9912076438666667	1.6358204761333335
145150000	145199999	1.8490417636	0.9912076438666667	0.8578341197333333
145200000	145249999	1.688723384366667	0.9912076438666667	0.6975157405000002
145250000	145299999	1.3757523141666668	0.9912076438666667	0.38454467030000006
145300000	145349999	1.2980471198666668	0.9912076438666667	0.30683947600000006
145350000	145399999	0.9867267662333333	0.9912076438666667	-0.00448087763333338
145400000	145449999	1.2694788335333334	0.9912076438666667	0.27827118966666664
145450000	145499999	1.0988033002333333	0.9912076438666667	0.10759565636666657
145500000	145549999	1.0416052467666668	0.9912076438666667	0.05039760290000006
145550000	145599999	0.9811930448	0.9912076438666667	-0.010014599066666685
145600000	145649999	0.9593343615333334	0.9912076438666667	-0.03187328233333331
145650000	145699999	0.9060581886000001	0.9912076438666667	-0.08514945526666662
145700000	145749999	1.0588723102	0.9912076438666667	0.06766466633333323
145750000	145799999	1.1150221082333334	0.9912076438666667	0.12381446436666665
145800000	145849999	0.8199637801333334	0.9912076438666667	-0.17124386373333333
145850000	145899999	0.37422078716666674	0.9912076438666667	-0.6169868567
145900000	145949999	0.018628188366666687	0.9912076438666667	-0.9725794555
145950000	145999999	0.08845852916666663	0.9912076438666667	-0.9027491147000001
146000000	146049999	0.08477039480000004	0.9912076438666667	-0.9064372490666667
146050000	146099999	0.06518738123333345	0.9912076438666667	-0.9260202626333333
146100000	146149999	0.012590819833333433	0.9912076438666667	-0.9786168240333333
146150000	146199999	0.037603011600000125	0.9912076438666667	-0.9536046322666666
146200000	146249999	0.05763397743333332	0.9912076438666667	-0.9335736664333334
146250000	146299999	0.0641675697666666	0.9912076438666667	-0.9270400741000001
146300000	146349999	0.12426582720000012	0.9912076438666667	-0.8669418166666666
146350000	146399999	0.12140050163333338	0.9912076438666667	-0.8698071422333333
146400000	146449999	0.6619251686333334	0.9912076438666667	-0.3292824752333333
146450000	146499999	0.8676927574333334	0.9912076438666667	-0.1235148864333333
146500000	146549999	1.1094770114666668	0.9912076438666667	0.11826936760000006
146550000	146599999	0.9750120823	0.9912076438666667	-0.016195561566666683
146600000	146649999	0.9918473398666667	0.9912076438666667	0.0006396960000000229
146650000	146699999	1.0060113817	0.9912076438666667	0.01480373783333333
146700000	146749999	0.9368794071000001	0.9912076438666667	-0.05432823676666665
146750000	146799999	1.0175604670333334	0.9912076438666667	0.02635282316666665
146800000	146849999	1.1221571706	0.9912076438666667	0.13094952673333327
146850000	146899999	1.0881305707000002	0.9912076438666667	0.09692292683333348
146900000	146949999	1.0138508505000001	0.9912076438666667	0.022643206633333413
146950000	146999999	0.9802088075666667	0.9912076438666667	-0.010998836299999981
147000000	147049999	0.9675833484333334	0.9912076438666667	-0.02362429543333333
147050000	147099999	0.9878314828333333	0.9912076438666667	-0.0033761610333333802
147100000	147149999	0.9589997243	0.9912076438666667	-0.03220791956666669
147150000	147199999	0.9391115806666668	0.9912076438666667	-0.05209606319999993
147200000	147249999	0.8805640636333334	0.9912076438666667	-0.11064358023333332
147250000	147299999	0.9293977616666668	0.9912076438666667	-0.061809882199999944
147300000	147349999	0.9587600300000001	0.9912076438666667	-0.032447613866666614
147350000	147399999	0.8366774628000001	0.9912076438666667	-0.1545301810666666
147400000	147449999	0.4763321773	0.9912076438666667	-0.5148754665666667
147450000	147499999	0.16958184566666668	0.9912076438666667	-0.8216257982
147500000	147549999	0.040819175433333355	0.9912076438666667	-0.9503884684333334
147550000	147599999	0.03919138946666667	0.9912076438666667	-0.9520162544
147600000	147649999	0.025022159600000093	0.9912076438666667	-0.9661854842666666
147650000	147699999	0.17326850770000002	0.9912076438666667	-0.8179391361666667
147700000	147749999	0.38996871386666676	0.9912076438666667	-0.60123893
147750000	147799999	0.5891147345000001	0.9912076438666667	-0.40209290936666664
147800000	147849999	0.45333089570000007	0.9912076438666667	-0.5378767481666666
147850000	147899999	0.3037319853000001	0.9912076438666667	-0.6874756585666666
147900000	147949999	0.2357135511666668	0.9912076438666667	-0.7554940926999999
147950000	147999999	0.3173296338666667	0.9912076438666667	-0.67387801
148000000	148049999	0.5799929005000001	0.9912076438666667	-0.41121474336666664
148050000	148099999	0.7791737781666667	0.9912076438666667	-0.21203386570000005
148100000	148149999	0.7494664892333334	0.9912076438666667	-0.24174115463333334
148150000	148199999	0.7910657215666667	0.9912076438666667	-0.20014192230000005
148200000	148249999	0.4669848074666667	0.9912076438666667	-0.5242228364
148250000	148299999	0.42856128773333335	0.9912076438666667	-0.5626463561333334
148300000	148349999	0.12901482423333333	0.9912076438666667	-0.8621928196333334
148350000	148399999	0.4530957383333334	0.9912076438666667	-0.5381119055333333
148400000	148449999	0.7332604127	0.9912076438666667	-0.25794723116666674
148450000	148499999	1.1325933203333334	0.9912076438666667	0.14138567646666667
148500000	148549999	1.1259539703666666	0.9912076438666667	0.13474632649999985
148550000	148599999	0.9647139370333333	0.9912076438666667	-0.026493706833333408
148600000	148649999	0.6009567656333334	0.9912076438666667	-0.39025087823333326
148650000	148699999	0.27755501463333343	0.9912076438666667	-0.7136526292333333
148700000	148749999	0.1838470977333334	0.9912076438666667	-0.8073605461333333
148750000	148799999	0.40962232946666677	0.9912076438666667	-0.5815853143999999
148800000	148849999	1.1177581222666668	0.9912076438666667	0.1265504784000001
148850000	148899999	1.6275200659333335	0.9912076438666667	0.6363124220666668
148900000	148949999	1.5020033091666667	0.9912076438666667	0.5107956653
148950000	148999999	2.6255874239666666	0.9912076438666667	1.6343797800999997
149000000	149049999	2.3832793185666667	0.9912076438666667	1.3920716747
149050000	149099999	2.4042906320333333	0.9912076438666667	1.4130829881666664
149100000	149149999	0.7717238002666666	0.9912076438666667	-0.21948384360000006
149150000	149199999	0.8879765400333334	0.9912076438666667	-0.10323110383333334
149200000	149249999	1.0570639634666668	0.9912076438666667	0.06585631960000005
149250000	149299999	1.2877214622666666	0.9912076438666667	0.2965138183999999
149300000	149349999	1.0415909093333333	0.9912076438666667	0.050383265466666605
149350000	149399999	0.8295641129666668	0.9912076438666667	-0.16164353089999994
149400000	149449999	0.42338477873333336	0.9912076438666667	-0.5678228651333334
149450000	149499999	0.2613551106333334	0.9912076438666667	-0.7298525332333333
149500000	149549999	0.2288454856333333	0.9912076438666667	-0.7623621582333334
149550000	149599999	0.4006913935333334	0.9912076438666667	-0.5905162503333333
149600000	149649999	0.6964150032333334	0.9912076438666667	-0.2947926406333333
149650000	149699999	0.9245418908666667	0.9912076438666667	-0.066665753
149700000	149749999	0.9664178803666666	0.9912076438666667	-0.02478976350000006
149750000	149799999	0.6934639324	0.9912076438666667	-0.29774371146666667
149800000	149849999	0.6004250277000001	0.9912076438666667	-0.39078261616666665
149850000	149899999	0.7260662889333334	0.9912076438666667	-0.26514135493333335
149900000	149949999	1.0410519737000001	0.9912076438666667	0.04984432983333342
149950000	149999999	1.1623109757333334	0.9912076438666667	0.1711033318666667
150000000	150049999	1.2807097380666668	0.9912076438666667	0.28950209420000006
150050000	150099999	1.2188849445666667	0.9912076438666667	0.22767730070000003
150100000	150149999	1.1844739375333333	0.9912076438666667	0.1932662936666666
150150000	150199999	1.0743197300666667	0.9912076438666667	0.08311208619999999
150200000	150249999	1.1246118243666667	0.9912076438666667	0.13340418050000002
150250000	150299999	1.1303542998	0.9912076438666667	0.1391466559333333
150300000	150349999	1.1881612388666667	0.9912076438666667	0.19695359499999998
150350000	150399999	1.1705859552666666	0.9912076438666667	0.17937831139999993
150400000	150449999	1.1649517955	0.9912076438666667	0.17374415163333323
150450000	150499999	1.0838528648666665	0.9912076438666667	0.09264522099999983
150500000	150549999	1.0973666519333334	0.9912076438666667	0.10615900806666667
150550000	150599999	1.1675237218666668	0.9912076438666667	0.17631607800000004
150600000	150649999	1.2871984172333333	0.9912076438666667	0.29599077336666657
150650000	150699999	1.3260784006333335	0.9912076438666667	0.3348707567666668
150700000	150749999	1.2504994088333334	0.9912076438666667	0.2592917649666667
150750000	150799999	1.1731408433000001	0.9912076438666667	0.18193319943333341
150800000	150849999	1.1598369742	0.9912076438666667	0.16862933033333338
150850000	150899999	1.1479065084333335	0.9912076438666667	0.15669886456666682
150900000	150949999	1.1164476788000002	0.9912076438666667	0.12524003493333347
150950000	150999999	1.1001608845333335	0.9912076438666667	0.10895324066666678
151000000	151049999	1.1286247337666668	0.9912076438666667	0.13741708990000012
151050000	151099999	1.109201617	0.9912076438666667	0.11799397313333337
151100000	151149999	1.1084760624333334	0.9912076438666667	0.1172684185666667
151150000	151199999	1.1259124516	0.9912076438666667	0.13470480773333338
151200000	151249999	1.126778768	0.9912076438666667	0.1355711241333334
151250000	151299999	1.0912308947333333	0.9912076438666667	0.10002325086666664
151300000	151349999	1.1201442053333333	0.9912076438666667	0.12893656146666654
151350000	151399999	1.1687508196	0.9912076438666667	0.17754317573333334
151400000	151449999	1.1717327170333334	0.9912076438666667	0.18052507316666666
151450000	151499999	1.0690115709333332	0.9912076438666667	0.0778039270666665
151500000	151549999	1.0391635369333334	0.9912076438666667	0.0479558930666667
151550000	151599999	1.1429582743666666	0.9912076438666667	0.15175063049999993
151600000	151649999	1.1158938384666666	0.9912076438666667	0.12468619459999986
151650000	151699999	1.1436743380666665	0.9912076438666667	0.1524666941999998
151700000	151749999	1.0407168002666667	0.9912076438666667	0.049509156399999976
151750000	151799999	1.0887693815666668	0.9912076438666667	0.0975617377000001
151800000	151849999	1.1007993422	0.9912076438666667	0.10959169833333327
151850000	151899999	1.1364309925	0.9912076438666667	0.1452233486333333
151900000	151949999	1.1247068672333334	0.9912076438666667	0.13349922336666664
151950000	151999999	1.1682027458000002	0.9912076438666667	0.17699510193333345
152000000	152049999	1.0597803621666668	0.9912076438666667	0.06857271830000011
152050000	152099999	1.0616797556333335	0.9912076438666667	0.07047211176666679
152100000	152149999	0.8857318453333334	0.9912076438666667	-0.10547579853333333
152150000	152199999	0.9466369323666667	0.9912076438666667	-0.044570711500000026
152200000	152249999	0.9767026829666667	0.9912076438666667	-0.014504960899999975
152250000	152299999	1.1666851595333334	0.9912076438666667	0.1754775156666667
152300000	152349999	1.0745257982666667	0.9912076438666667	0.08331815440000001
152350000	152399999	0.9273117805666667	0.9912076438666667	-0.06389586329999997
152400000	152449999	0.6926315758666668	0.9912076438666667	-0.2985760679999999
152450000	152499999	0.7013905863333334	0.9912076438666667	-0.2898170575333333
152500000	152549999	0.6853451470666667	0.9912076438666667	-0.3058624968
152550000	152599999	0.7103081379666667	0.9912076438666667	-0.2808995059
152600000	152649999	0.6979936432666667	0.9912076438666667	-0.2932140006
152650000	152699999	0.7568126113	0.9912076438666667	-0.23439503256666672
152700000	152749999	0.7956476730666667	0.9912076438666667	-0.19555997079999998
152750000	152799999	0.8327109784666668	0.9912076438666667	-0.15849666539999996
152800000	152849999	0.849141558	0.9912076438666667	-0.1420660858666667
152850000	152899999	0.8049691545000001	0.9912076438666667	-0.18623848936666665
152900000	152949999	0.8334430633666667	0.9912076438666667	-0.15776458049999997
152950000	152999999	1.0502443160666668	0.9912076438666667	0.059036672200000084
153000000	153049999	1.2573976412333334	0.9912076438666667	0.2661899973666667
153050000	153099999	1.3541642875333335	0.9912076438666667	0.3629566436666668
153100000	153149999	1.1460468090333333	0.9912076438666667	0.15483916516666663
153150000	153199999	1.0495934618333334	0.9912076438666667	0.05838581796666664
153200000	153249999	0.9769941098666667	0.9912076438666667	-0.014213534000000028
153250000	153299999	1.0489239868666667	0.9912076438666667	0.05771634299999995
153300000	153349999	1.0188609322333333	0.9912076438666667	0.027653288366666584
153350000	153399999	1.0288461465333334	0.9912076438666667	0.037638502666666684
153400000	153449999	1.0087870442666667	0.9912076438666667	0.017579400399999945
153450000	153499999	1.0489720702666667	0.9912076438666667	0.05776442640000001
153500000	153549999	1.0571386903666666	0.9912076438666667	0.06593104649999992
153550000	153599999	1.0881852935	0.9912076438666667	0.09697764963333333
153600000	153649999	1.0473844392666667	0.9912076438666667	0.05617679539999998
153650000	153699999	1.0367073618	0.9912076438666667	0.045499717933333295
153700000	153749999	0.9694113896666667	0.9912076438666667	-0.021796254199999976
153750000	153799999	1.080491867	0.9912076438666667	0.0892842231333334
153800000	153849999	1.1395643152000001	0.9912076438666667	0.1483566713333334
153850000	153899999	1.1717525962333335	0.9912076438666667	0.1805449523666668
153900000	153949999	1.1456416213	0.9912076438666667	0.1544339774333333
153950000	153999999	1.2354202089666666	0.9912076438666667	0.2442125650999999
154000000	154049999	1.2557838807333335	0.9912076438666667	0.26457623686666676
154050000	154099999	1.2834028074	0.9912076438666667	0.2921951635333332
154100000	154149999	1.1698796001	0.9912076438666667	0.17867195623333332
154150000	154199999	1.1667786956333335	0.9912076438666667	0.17557105176666676
154200000	154249999	1.126198355	0.9912076438666667	0.13499071113333339
154250000	154299999	1.0842559462333334	0.9912076438666667	0.09304830236666672
154300000	154349999	1.0388523704666668	0.9912076438666667	0.047644726600000076
154350000	154399999	0.9390038774666668	0.9912076438666667	-0.05220376639999991
154400000	154449999	0.9330811778666668	0.9912076438666667	-0.05812646599999993
154450000	154499999	0.9389472062666667	0.9912076438666667	-0.05226043759999999
154500000	154549999	0.9973971028333334	0.9912076438666667	0.006189458966666672
154550000	154599999	1.0765705759	0.9912076438666667	0.08536293203333323
154600000	154649999	1.0706194380666667	0.9912076438666667	0.0794117942
154650000	154699999	1.0955719864333333	0.9912076438666667	0.1043643425666666
154700000	154749999	1.0841632887666668	0.9912076438666667	0.09295564490000008
154750000	154799999	1.1283449880333334	0.9912076438666667	0.13713734416666667
154800000	154849999	1.1360395615333334	0.9912076438666667	0.1448319176666667
154850000	154899999	1.0953082317333334	0.9912076438666667	0.10410058786666665
154900000	154949999	1.0869542872	0.9912076438666667	0.09574664333333327
154950000	154999999	1.0897679716666668	0.9912076438666667	0.09856032780000012
155000000	155049999	1.0571941170666668	0.9912076438666667	0.06598647320000006
155050000	155099999	1.0704612721666669	0.9912076438666667	0.07925362830000016
155100000	155149999	1.0126073362333334	0.9912076438666667	0.021399692366666723
155150000	155199999	1.0364346606333334	0.9912076438666667	0.04522701676666674
155200000	155249999	1.0400473257666667	0.9912076438666667	0.04883968189999999
155250000	155299999	1.1271234135333335	0.9912076438666667	0.13591576966666674
155300000	155349999	1.1936212778333335	0.9912076438666667	0.20241363396666678
155350000	155399999	1.2627278661	0.9912076438666667	0.2715202222333334
155400000	155449999	1.3114005266666666	0.9912076438666667	0.3201928827999999
155450000	155499999	1.2929051722	0.9912076438666667	0.3016975283333333
155500000	155549999	1.3155279021333333	0.9912076438666667	0.32432025826666655
155550000	155599999	1.1904629362	0.9912076438666667	0.1992552923333334
155600000	155649999	1.2057680591666666	0.9912076438666667	0.21456041529999992
155650000	155699999	1.1020323707	0.9912076438666667	0.11082472683333322
155700000	155749999	1.1580693762666667	0.9912076438666667	0.16686173240000002
155750000	155799999	1.1431337771333334	0.9912076438666667	0.1519261332666667
155800000	155849999	1.1393530314	0.9912076438666667	0.14814538753333328
155850000	155899999	1.0850403455666666	0.9912076438666667	0.09383270169999991
155900000	155949999	1.0631110059	0.9912076438666667	0.07190336203333325
155950000	155999999	1.0483267620333334	0.9912076438666667	0.057119118166666705
156000000	156049999	1.0920818400333334	0.9912076438666667	0.10087419616666671
156050000	156099999	1.0421348798666668	0.9912076438666667	0.05092723600000004
156100000	156149999	1.1005149291	0.9912076438666667	0.10930728523333333
156150000	156199999	1.0333681168333333	0.9912076438666667	0.042160472966666585
156200000	156249999	1.0404232024666666	0.9912076438666667	0.04921555859999993
156250000	156299999	0.9963832733666667	0.9912076438666667	0.005175629499999945
156300000	156349999	1.0484878148	0.9912076438666667	0.057280170933333374
156350000	156399999	1.0510050326333333	0.9912076438666667	0.059797388766666626
156400000	156449999	1.0967217114	0.9912076438666667	0.10551406753333337
156450000	156499999	1.0863845655	0.9912076438666667	0.09517692163333324
156500000	156549999	1.1141040603	0.9912076438666667	0.12289641643333338
156550000	156599999	1.1493526134333334	0.9912076438666667	0.15814496956666668
156600000	156649999	1.2253784199666669	0.9912076438666667	0.23417077610000014
156650000	156699999	1.2812587222	0.9912076438666667	0.2900510783333333
156700000	156749999	1.2791692873666667	0.9912076438666667	0.2879616435
156750000	156799999	1.2891330207	0.9912076438666667	0.2979253768333333
156800000	156849999	1.2812978167	0.9912076438666667	0.29009017283333327
156850000	156899999	1.3363794572	0.9912076438666667	0.34517181333333335
156900000	156949999	1.340666140966667	0.9912076438666667	0.3494584971000002
156950000	156999999	1.3780493857333336	0.9912076438666667	0.38684174186666687
157000000	157049999	1.2659555973666667	0.9912076438666667	0.27474795350000003
157050000	157099999	1.1827818316666667	0.9912076438666667	0.19157418780000002
157100000	157149999	1.1041093156333335	0.9912076438666667	0.11290167176666677
157150000	157199999	1.1040675248	0.9912076438666667	0.11285988093333332
157200000	157249999	1.2160606351333334	0.9912076438666667	0.2248529912666667
157250000	157299999	1.2588763068	0.9912076438666667	0.26766866293333325
157300000	157349999	1.2451869011666667	0.9912076438666667	0.25397925730000004
157350000	157399999	1.098880134	0.9912076438666667	0.10767249013333335
157400000	157449999	1.0201642090333334	0.9912076438666667	0.02895656516666667
157450000	157499999	0.9890722966333334	0.9912076438666667	-0.0021353472333333068
157500000	157549999	0.9792555191666668	0.9912076438666667	-0.011952124699999955
157550000	157599999	0.9985663680666667	0.9912076438666667	0.007358724199999944
157600000	157649999	0.9931921187	0.9912076438666667	0.001984474833333305
157650000	157699999	0.9914411641666667	0.9912076438666667	0.0002335203000000119
157700000	157749999	0.9762445263333334	0.9912076438666667	-0.014963117533333348
157750000	157799999	0.9014222196	0.9912076438666667	-0.08978542426666669
157800000	157849999	0.8768895195	0.9912076438666667	-0.11431812436666666
157850000	157899999	0.8092069494666667	0.9912076438666667	-0.1820006944
157900000	157949999	0.8228666330000001	0.9912076438666667	-0.16834101086666664
157950000	157999999	0.7650638194666667	0.9912076438666667	-0.22614382440000003
158000000	158049999	0.7543373838666667	0.9912076438666667	-0.23687026
158050000	158099999	0.8233722011000001	0.9912076438666667	-0.16783544276666662
158100000	158149999	0.8153746505666667	0.9912076438666667	-0.17583299330000002
158150000	158199999	0.8350985225333334	0.9912076438666667	-0.15610912133333332
158200000	158249999	0.7893729550333334	0.9912076438666667	-0.20183468883333333
158250000	158299999	0.7871675546666668	0.9912076438666667	-0.20404008919999994
158300000	158349999	0.811749563	0.9912076438666667	-0.1794580808666667
158350000	158399999	0.8628132438333334	0.9912076438666667	-0.12839440003333336
158400000	158449999	1.0578021891333333	0.9912076438666667	0.06659454526666664
158450000	158499999	1.1318092659666665	0.9912076438666667	0.14060162209999982
158500000	158549999	1.3024506573333334	0.9912076438666667	0.3112430134666667
158550000	158599999	1.3633478856333334	0.9912076438666667	0.3721402417666667
158600000	158649999	1.5629778022666667	0.9912076438666667	0.5717701584
158650000	158699999	1.4718030969	0.9912076438666667	0.4805954530333333
158700000	158749999	1.4580106782	0.9912076438666667	0.46680303433333326
158750000	158799999	1.3425788566333334	0.9912076438666667	0.3513712127666667
158800000	158849999	1.2868965134	0.9912076438666667	0.2956888695333334
158850000	158899999	1.1310312217333334	0.9912076438666667	0.13982357786666666
158900000	158949999	1.0707223794	0.9912076438666667	0.07951473553333333
158950000	158999999	1.0874266718666667	0.9912076438666667	0.09621902800000004
159000000	159049999	1.0788036185333334	0.9912076438666667	0.08759597466666669
159050000	159099999	0.9605405244666667	0.9912076438666667	-0.030667119399999998
159100000	159149999	0.8483724674	0.9912076438666667	-0.14283517646666666
159150000	159199999	0.8820585615333334	0.9912076438666667	-0.10914908233333331
159200000	159249999	0.9211992475	0.9912076438666667	-0.07000839636666667
159250000	159299999	0.9930192556666667	0.9912076438666667	0.0018116118000000014
159300000	159349999	0.9584390125333333	0.9912076438666667	-0.03276863133333341
159350000	159399999	0.8592339616333333	0.9912076438666667	-0.1319736822333334
159400000	159449999	0.8221026584333334	0.9912076438666667	-0.1691049854333333
159450000	159499999	0.7613673404333334	0.9912076438666667	-0.22984030343333328
159500000	159549999	0.7463558419	0.9912076438666667	-0.24485180196666667
159550000	159599999	0.8056753732666667	0.9912076438666667	-0.1855322706
159600000	159649999	0.8895967098666667	0.9912076438666667	-0.10161093399999999
159650000	159699999	1.0318668539666667	0.9912076438666667	0.040659210099999954
159700000	159749999	0.9884284307333334	0.9912076438666667	-0.0027792131333332915
159750000	159799999	0.9711302139666667	0.9912076438666667	-0.020077429900000054
159800000	159849999	0.9596622804	0.9912076438666667	-0.0315453634666667
159850000	159899999	1.0436025000666667	0.9912076438666667	0.05239485619999995
159900000	159949999	1.0973563359333334	0.9912076438666667	0.10614869206666666
159950000	159999999	1.1790762540666666	0.9912076438666667	0.1878686101999999
160000000	160049999	1.1804281319333334	0.9912076438666667	0.1892204880666667
160050000	160099999	1.2267907775	0.9912076438666667	0.23558313363333327
160100000	160149999	1.2016615946333333	0.9912076438666667	0.21045395076666662
160150000	160199999	1.1936467862	0.9912076438666667	0.20243914233333327
160200000	160249999	1.1703732026666667	0.9912076438666667	0.17916555879999996
160250000	160299999	1.1859214636666666	0.9912076438666667	0.1947138197999999
160300000	160349999	1.1727510512666668	0.9912076438666667	0.18154340740000008
160350000	160399999	1.2544389014	0.9912076438666667	0.2632312575333332
160400000	160449999	1.3282678480666668	0.9912076438666667	0.33706020420000005
160450000	160499999	1.4884496115333334	0.9912076438666667	0.49724196766666673
160500000	160549999	1.5173202970333335	0.9912076438666667	0.5261126531666668
160550000	160599999	1.5150063575666668	0.9912076438666667	0.5237987137000001
160600000	160649999	1.3879100602	0.9912076438666667	0.39670241633333336
160650000	160699999	1.3251069547666667	0.9912076438666667	0.3338993109
160700000	160749999	1.1748593613333334	0.9912076438666667	0.18365171746666664
160750000	160799999	1.1424061949666668	0.9912076438666667	0.15119855110000013
160800000	160849999	1.0780346465333335	0.9912076438666667	0.08682700266666676
160850000	160899999	1.0889300753	0.9912076438666667	0.09772243143333326
160900000	160949999	1.0898439188333335	0.9912076438666667	0.09863627496666683
160950000	160999999	1.0731272792	0.9912076438666667	0.08191963533333324
161000000	161049999	1.1197145980666667	0.9912076438666667	0.12850695420000002
161050000	161099999	1.0983212456666667	0.9912076438666667	0.10711360179999996
161100000	161149999	1.1465646640666667	0.9912076438666667	0.15535702019999997
161150000	161199999	1.1608719376333334	0.9912076438666667	0.1696642937666667
161200000	161249999	1.1778090027	0.9912076438666667	0.1866013588333334
161250000	161299999	1.1900197198666667	0.9912076438666667	0.19881207599999995
161300000	161349999	1.1937986249333334	0.9912076438666667	0.20259098106666673
161350000	161399999	1.1537303874666667	0.9912076438666667	0.16252274359999996
161400000	161449999	1.0505149856666667	0.9912076438666667	0.05930734179999997
161450000	161499999	1.010649199	0.9912076438666667	0.019441555133333233
161500000	161549999	1.0718489054333333	0.9912076438666667	0.08064126156666662
161550000	161599999	1.0348721463333335	0.9912076438666667	0.043664502466666755
161600000	161649999	1.0195962485	0.9912076438666667	0.02838860463333337
161650000	161699999	1.0725108998666668	0.9912076438666667	0.0813032560000001
161700000	161749999	1.3076977503333334	0.9912076438666667	0.31649010646666664
161750000	161799999	1.5140614881333334	0.9912076438666667	0.5228538442666667
161800000	161849999	1.6773604086333336	0.9912076438666667	0.6861527647666669
161850000	161899999	1.5563686412000002	0.9912076438666667	0.5651609973333335
161900000	161949999	1.3619957913666667	0.9912076438666667	0.3707881475
161950000	161999999	1.1007923627	0.9912076438666667	0.10958471883333332
162000000	162049999	1.1330437185666669	0.9912076438666667	0.14183607470000015
162050000	162099999	1.1627148325	0.9912076438666667	0.17150718863333336
162100000	162149999	1.2305107687666665	0.9912076438666667	0.23930312489999983
162150000	162199999	1.2171906543	0.9912076438666667	0.22598301043333324
162200000	162249999	1.1633450778333334	0.9912076438666667	0.1721374339666667
162250000	162299999	1.1627147176666668	0.9912076438666667	0.17150707380000008
162300000	162349999	1.3345944850333336	0.9912076438666667	0.34338684116666685
162350000	162399999	1.4507903661333335	0.9912076438666667	0.45958272226666674
162400000	162449999	1.6075076385333333	0.9912076438666667	0.6162999946666666
162450000	162499999	1.4950966974333335	0.9912076438666667	0.5038890535666668
162500000	162549999	1.6394795002666667	0.9912076438666667	0.6482718564
162550000	162599999	1.6441665685666669	0.9912076438666667	0.6529589247000002
162600000	162649999	1.6904717113333334	0.9912076438666667	0.6992640674666667
162650000	162699999	1.5634494691666667	0.9912076438666667	0.5722418253
162700000	162749999	1.5133816687666668	0.9912076438666667	0.5221740249000001
162750000	162799999	1.4022064279	0.9912076438666667	0.41099878403333323
162800000	162849999	1.2900395231	0.9912076438666667	0.2988318792333332
162850000	162899999	1.2010769980333333	0.9912076438666667	0.20986935416666663
162900000	162949999	1.2149623982666666	0.9912076438666667	0.22375475439999992
162950000	162999999	1.2524113644000001	0.9912076438666667	0.2612037205333334
163000000	163049999	1.2778666325666668	0.9912076438666667	0.28665898870000006
163050000	163099999	1.2385528473666667	0.9912076438666667	0.2473452035
163100000	163149999	1.2845194528000001	0.9912076438666667	0.2933118089333334
163150000	163199999	1.2727435520000001	0.9912076438666667	0.2815359081333334
163200000	163249999	1.4243392408000002	0.9912076438666667	0.4331315969333335
163250000	163299999	1.6115183240666668	0.9912076438666667	0.6203106802000001
163300000	163349999	1.5654606322000002	0.9912076438666667	0.5742529883333335
163350000	163399999	1.4208723723	0.9912076438666667	0.42966472843333336
163400000	163449999	1.0721654660666666	0.9912076438666667	0.08095782219999992
163450000	163499999	1.0158681862666668	0.9912076438666667	0.02466054240000004
163500000	163549999	0.9550184926666667	0.9912076438666667	-0.03618915119999999
163550000	163599999	0.9314570049	0.9912076438666667	-0.05975063896666666
163600000	163649999	1.0171045640666667	0.9912076438666667	0.025896920200000006
163650000	163699999	0.9686011124333334	0.9912076438666667	-0.022606531433333354
163700000	163749999	1.071832372	0.9912076438666667	0.08062472813333332
163750000	163799999	0.9504645776666667	0.9912076438666667	-0.04074306620000001
163800000	163849999	1.0567746890666667	0.9912076438666667	0.06556704520000001
163850000	163899999	1.0071614608000001	0.9912076438666667	0.01595381693333342
163900000	163949999	1.0265337087000002	0.9912076438666667	0.03532606483333345
163950000	163999999	1.0025917220333334	0.9912076438666667	0.011384078166666645
164000000	164049999	1.0204299068666667	0.9912076438666667	0.02922226299999997
164050000	164099999	0.9835854893000001	0.9912076438666667	-0.007622154566666595
164100000	164149999	0.9300414985666667	0.9912076438666667	-0.061166145299999974
164150000	164199999	1.0190987524666668	0.9912076438666667	0.027891108600000103
164200000	164249999	1.0526020296666667	0.9912076438666667	0.061394385800000006
164250000	164299999	1.0599477612666668	0.9912076438666667	0.06874011740000008
164300000	164349999	1.0068601959333334	0.9912076438666667	0.015652552066666714
164350000	164399999	0.9579601470666667	0.9912076438666667	-0.033247496800000054
164400000	164449999	0.9524153354	0.9912076438666667	-0.0387923084666667
164450000	164499999	0.8846709537333334	0.9912076438666667	-0.10653669013333333
164500000	164549999	0.9738600813	0.9912076438666667	-0.017347562566666697
164550000	164599999	1.0275899189333333	0.9912076438666667	0.03638227506666658
164600000	164649999	1.2498660364666667	0.9912076438666667	0.2586583926
164650000	164699999	1.3630412312666667	0.9912076438666667	0.37183358739999994
164700000	164749999	1.4588819198666667	0.9912076438666667	0.467674276
164750000	164799999	1.3508379861333335	0.9912076438666667	0.3596303422666668
164800000	164849999	1.1938719927	0.9912076438666667	0.2026643488333334
164850000	164899999	1.0591731531333335	0.9912076438666667	0.06796550926666678
164900000	164949999	0.9736725419333334	0.9912076438666667	-0.017535101933333297
164950000	164999999	0.9875948853666667	0.9912076438666667	-0.0036127584999999796
165000000	165049999	0.9697844159000001	0.9912076438666667	-0.021423227966666625
165050000	165099999	1.0262739473666667	0.9912076438666667	0.03506630349999995
165100000	165149999	0.9960027506666667	0.9912076438666667	0.004795106799999949
165150000	165199999	1.0211378831333333	0.9912076438666667	0.029930239266666603
165200000	165249999	1.0139223080000002	0.9912076438666667	0.02271466413333345
165250000	165299999	1.0560890129	0.9912076438666667	0.0648813690333333
165300000	165349999	1.1405889382	0.9912076438666667	0.14938129433333336
165350000	165399999	1.1924740759666668	0.9912076438666667	0.20126643210000006
165400000	165449999	1.300107667	0.9912076438666667	0.3089000231333333
165450000	165499999	1.3045307311	0.9912076438666667	0.31332308723333335
165500000	165549999	1.3719389126000001	0.9912076438666667	0.3807312687333334
165550000	165599999	1.4327118265666667	0.9912076438666667	0.4415041827
165600000	165649999	1.5626060188	0.9912076438666667	0.5713983749333332
165650000	165699999	1.7576000072	0.9912076438666667	0.7663923633333333
165700000	165749999	1.7861274365333335	0.9912076438666667	0.7949197926666668
165750000	165799999	1.8069635614666666	0.9912076438666667	0.8157559175999999
165800000	165849999	1.6155575041	0.9912076438666667	0.6243498602333334
165850000	165899999	1.4614233637333334	0.9912076438666667	0.47021571986666666
165900000	165949999	1.3310906047333333	0.9912076438666667	0.3398829608666666
165950000	165999999	1.2172073341	0.9912076438666667	0.22599969023333333
166000000	166049999	1.1400190062666666	0.9912076438666667	0.14881136239999992
166050000	166099999	1.1277844058666668	0.9912076438666667	0.13657676200000013
166100000	166149999	1.1556146211	0.9912076438666667	0.1644069772333333
166150000	166199999	1.2003711347333335	0.9912076438666667	0.20916349086666675
166200000	166249999	1.1538207357333334	0.9912076438666667	0.16261309186666673
166250000	166299999	1.1521863028000001	0.9912076438666667	0.1609786589333334
166300000	166349999	1.1935482363333334	0.9912076438666667	0.2023405924666667
166350000	166399999	1.4089091621	0.9912076438666667	0.41770151823333335
166400000	166449999	1.6274648873333333	0.9912076438666667	0.6362572434666666
166450000	166499999	1.8203538950333336	0.9912076438666667	0.8291462511666668
166500000	166549999	1.8524212880333333	0.9912076438666667	0.8612136441666666
166550000	166599999	1.8627750253	0.9912076438666667	0.8715673814333332
166600000	166649999	1.8720250007333334	0.9912076438666667	0.8808173568666667
166650000	166699999	1.8649024730666668	0.9912076438666667	0.8736948292000001
166700000	166749999	1.6988921554666667	0.9912076438666667	0.7076845116
166750000	166799999	1.5650804912666667	0.9912076438666667	0.5738728474
166800000	166849999	1.4102204238	0.9912076438666667	0.4190127799333333
166850000	166899999	1.3946503044666667	0.9912076438666667	0.4034426606
166900000	166949999	1.5445133943	0.9912076438666667	0.5533057504333333
166950000	166999999	1.5396421002333334	0.9912076438666667	0.5484344563666667
167000000	167049999	1.5412864894666667	0.9912076438666667	0.5500788456
167050000	167099999	1.3658693295666668	0.9912076438666667	0.37466168570000014
167100000	167149999	1.3980286572333334	0.9912076438666667	0.40682101336666665
167150000	167199999	1.6091034244	0.9912076438666667	0.6178957805333333
167200000	167249999	1.7962969267333335	0.9912076438666667	0.8050892828666668
167250000	167299999	1.9003095352333335	0.9912076438666667	0.9091018913666667
167300000	167349999	1.8800707821333336	0.9912076438666667	0.8888631382666669
167350000	167399999	1.7040876643000002	0.9912076438666667	0.7128800204333335
167400000	167449999	1.6352756164666666	0.9912076438666667	0.6440679725999999
167450000	167499999	1.4520243667000001	0.9912076438666667	0.4608167228333334
167500000	167549999	1.550817881	0.9912076438666667	0.5596102371333332
167550000	167599999	1.561553742	0.9912076438666667	0.5703460981333334
167600000	167649999	1.6903178941666668	0.9912076438666667	0.6991102503000001
167650000	167699999	1.7877729150000001	0.9912076438666667	0.7965652711333334
167700000	167749999	1.8522498715	0.9912076438666667	0.8610422276333333
167750000	167799999	1.8553337623000001	0.9912076438666667	0.8641261184333334
167800000	167849999	1.7517146850333334	0.9912076438666667	0.7605070411666667
167850000	167899999	1.906780598	0.9912076438666667	0.9155729541333334
167900000	167949999	2.195519716466667	0.9912076438666667	1.2043120726
167950000	167999999	2.5150873930333333	0.9912076438666667	1.5238797491666665
168000000	168049999	2.1973697408333335	0.9912076438666667	1.2061620969666667
168050000	168099999	1.7799970093333335	0.9912076438666667	0.7887893654666668
168100000	168149999	1.3927375617666669	0.9912076438666667	0.40152991790000014
168150000	168199999	1.4920681988666669	0.9912076438666667	0.5008605550000002
168200000	168249999	1.5516872363333336	0.9912076438666667	0.5604795924666669
168250000	168299999	1.5570950637333336	0.9912076438666667	0.5658874198666669
168300000	168349999	1.5748535942000002	0.9912076438666667	0.5836459503333334
168350000	168399999	1.502021233	0.9912076438666667	0.5108135891333333
168400000	168449999	1.5000163644333333	0.9912076438666667	0.5088087205666666
168450000	168499999	1.4573228479	0.9912076438666667	0.4661152040333333
168500000	168549999	1.4766181727666667	0.9912076438666667	0.4854105289
168550000	168599999	1.4392963494666666	0.9912076438666667	0.4480887055999999
168600000	168649999	1.3416377973333333	0.9912076438666667	0.3504301534666666
168650000	168699999	1.2551702235	0.9912076438666667	0.26396257963333325
168700000	168749999	1.3082356756000002	0.9912076438666667	0.3170280317333335
168750000	168799999	1.3041248489000001	0.9912076438666667	0.3129172050333334
168800000	168849999	1.4085304808666668	0.9912076438666667	0.41732283700000006
168850000	168899999	1.3646845327666668	0.9912076438666667	0.3734768889000001
168900000	168949999	1.3097465950666667	0.9912076438666667	0.3185389512
168950000	168999999	1.2961749626333334	0.9912076438666667	0.3049673187666667
169000000	169049999	1.3080544931666667	0.9912076438666667	0.31684684929999996
169050000	169099999	1.5628519609333333	0.9912076438666667	0.5716443170666666
169100000	169149999	1.7516730692333333	0.9912076438666667	0.7604654253666666
169150000	169199999	1.8321948053	0.9912076438666667	0.8409871614333332
169200000	169249999	1.9885042115	0.9912076438666667	0.9972965676333333
169250000	169299999	2.0744197467	0.9912076438666667	1.083212102833333
169300000	169349999	2.1057241449	0.9912076438666667	1.114516501033333
169350000	169399999	1.9775042572333335	0.9912076438666667	0.9862966133666667
169400000	169449999	1.7703480239	0.9912076438666667	0.7791403800333333
169450000	169499999	1.7599780019	0.9912076438666667	0.7687703580333333
169500000	169549999	1.5177691542333334	0.9912076438666667	0.5265615103666667
169550000	169599999	1.3471379359333335	0.9912076438666667	0.3559302920666668
169600000	169649999	1.1612131827666667	0.9912076438666667	0.17000553890000003
169650000	169699999	1.1923621219666667	0.9912076438666667	0.20115447809999998
169700000	169749999	1.3327426123000001	0.9912076438666667	0.3415349684333334
169750000	169799999	1.4786115816	0.9912076438666667	0.48740393773333335
169800000	169849999	1.4945703028333333	0.9912076438666667	0.5033626589666665
169850000	169899999	1.5447650089333334	0.9912076438666667	0.5535573650666666
169900000	169949999	1.6242523030333333	0.9912076438666667	0.6330446591666666
169950000	169999999	1.7626393100666669	0.9912076438666667	0.7714316662000001
170000000	170049999	1.6188568413666666	0.9912076438666667	0.6276491974999999
170050000	170099999	1.4000383379333334	0.9912076438666667	0.4088306940666667
170100000	170149999	1.1420413304333334	0.9912076438666667	0.15083368656666674
170150000	170199999	1.0191399847333333	0.9912076438666667	0.027932340866666627
170200000	170249999	0.9514153084000001	0.9912076438666667	-0.039792335466666606
170250000	170299999	0.9791622898666668	0.9912076438666667	-0.012045353999999953
170300000	170349999	1.0085076614666666	0.9912076438666667	0.017300017599999884
170350000	170399999	1.0463914482666667	0.9912076438666667	0.055183804400000036
170400000	170449999	1.0845804645666668	0.9912076438666667	0.09337282070000008
170450000	170499999	1.1663514315	0.9912076438666667	0.17514378763333338
170500000	170549999	1.1368324076	0.9912076438666667	0.14562476373333333
170550000	170599999	0.9770367262333334	0.9912076438666667	-0.014170917633333335
170600000	170649999	0.9601178413	0.9912076438666667	-0.031089802566666713
170650000	170699999	0.9031791707000001	0.9912076438666667	-0.08802847316666662
170700000	170749999	0.9987787068666667	0.9912076438666667	0.007571062999999989
170750000	170799999	0.8867064529333334	0.9912076438666667	-0.10450119093333332
170800000	170849999	1.0514314694333333	0.9912076438666667	0.06022382556666661
170850000	170899999	1.0403952247333335	0.9912076438666667	0.04918758086666675
170900000	170949999	1.0931627341	0.9912076438666667	0.10195509023333338
170950000	170999999	0.9745231706666667	0.9912076438666667	-0.016684473199999994
171000000	171049999	1.035207451	0.9912076438666667	0.04399980713333329
171050000	171099999	0.9948959000333334	0.9912076438666667	0.0036882561666666813
171100000	171149999	0.9348350875	0.9912076438666667	-0.056372556366666715
171150000	171199999	0.8222805228333334	0.9912076438666667	-0.1689271210333333
171200000	171249999	0.8345593789000001	0.9912076438666667	-0.15664826496666662
171250000	171299999	0.9091948718666667	0.9912076438666667	-0.08201277200000001
171300000	171349999	1.0500434326666668	0.9912076438666667	0.058835788800000066
171350000	171399999	1.1756170697333332	0.9912076438666667	0.18440942586666653
171400000	171449999	1.3994241172666668	0.9912076438666667	0.4082164734000001
171450000	171499999	1.5490219978000002	0.9912076438666667	0.5578143539333335
171500000	171549999	1.566036166	0.9912076438666667	0.5748285221333332
171550000	171599999	1.3638694225666668	0.9912076438666667	0.37266177870000006
171600000	171649999	1.2414181200333334	0.9912076438666667	0.2502104761666667
171650000	171699999	1.3696158860666667	0.9912076438666667	0.3784082422
171700000	171749999	1.4638973108	0.9912076438666667	0.47268966693333325
171750000	171799999	1.5582059655666667	0.9912076438666667	0.5669983217
171800000	171849999	1.3681342641666667	0.9912076438666667	0.3769266203
171850000	171899999	1.3792020162333334	0.9912076438666667	0.3879943723666667
171900000	171949999	1.3698118039	0.9912076438666667	0.3786041600333333
171950000	171999999	1.2996468583	0.9912076438666667	0.30843921443333333
172000000	172049999	1.1915012537	0.9912076438666667	0.20029360983333333
172050000	172099999	1.1929271801333334	0.9912076438666667	0.20171953626666672
172100000	172149999	1.4243915405333334	0.9912076438666667	0.4331838966666667
172150000	172199999	1.506881063	0.9912076438666667	0.5156734191333333
172200000	172249999	1.4701566215333333	0.9912076438666667	0.47894897766666655
172250000	172299999	1.6675042714666666	0.9912076438666667	0.6762966275999999
172300000	172349999	1.8917337527333333	0.9912076438666667	0.9005261088666666
172350000	172399999	1.9864372838000002	0.9912076438666667	0.9952296399333335
172400000	172449999	1.9602423223333334	0.9912076438666667	0.9690346784666667
172450000	172499999	2.0886312477333333	0.9912076438666667	1.0974236038666665
172500000	172549999	2.2796018318	0.9912076438666667	1.2883941879333332
172550000	172599999	2.0943105754	0.9912076438666667	1.1031029315333334
172600000	172649999	1.7874616696333336	0.9912076438666667	0.7962540257666669
172650000	172699999	1.6449446085000001	0.9912076438666667	0.6537369646333334
172700000	172749999	1.5480254830666667	0.9912076438666667	0.5568178391999999
172750000	172799999	1.4924023516333333	0.9912076438666667	0.5011947077666666
172800000	172849999	1.4331746390333335	0.9912076438666667	0.4419669951666668
172850000	172899999	1.4303412638333335	0.9912076438666667	0.4391336199666668
172900000	172949999	1.4155995599333333	0.9912076438666667	0.4243919160666666
172950000	172999999	1.3069039688666666	0.9912076438666667	0.3156963249999999
173000000	173049999	1.2858154606	0.9912076438666667	0.29460781673333336
173050000	173099999	1.3067756006	0.9912076438666667	0.31556795673333327
173100000	173149999	1.3424049202	0.9912076438666667	0.3511972763333332
173150000	173199999	1.5257734792000002	0.9912076438666667	0.5345658353333335
173200000	173249999	1.7482371295333334	0.9912076438666667	0.7570294856666667
173250000	173299999	1.8159607243333333	0.9912076438666667	0.8247530804666666
173300000	173349999	1.6473037028333333	0.9912076438666667	0.6560960589666666
173350000	173399999	1.547919486	0.9912076438666667	0.5567118421333334
173400000	173449999	1.5145673103666666	0.9912076438666667	0.5233596664999999
173450000	173499999	1.6643019450333334	0.9912076438666667	0.6730943011666667
173500000	173549999	1.5997357178666667	0.9912076438666667	0.608528074
173550000	173599999	1.7881996201	0.9912076438666667	0.7969919762333334
173600000	173649999	1.8106977366666668	0.9912076438666667	0.8194900928000001
173650000	173699999	1.9863694615333334	0.9912076438666667	0.9951618176666667
173700000	173749999	1.8937742359	0.9912076438666667	0.9025665920333333
173750000	173799999	1.7842239598666665	0.9912076438666667	0.7930163159999998
173800000	173849999	1.6226342276333332	0.9912076438666667	0.6314265837666665
173850000	173899999	1.6213341900666667	0.9912076438666667	0.6301265462
173900000	173949999	1.6745757857	0.9912076438666667	0.6833681418333334
173950000	173999999	1.7306440122333335	0.9912076438666667	0.7394363683666668
174000000	174049999	1.7928895773666667	0.9912076438666667	0.8016819334999999
174050000	174099999	1.878062519	0.9912076438666667	0.8868548751333333
174100000	174149999	2.0984915466	0.9912076438666667	1.1072839027333332
174150000	174199999	1.9312035405	0.9912076438666667	0.9399958966333334
174200000	174249999	1.9363856248333335	0.9912076438666667	0.9451779809666668
174250000	174299999	1.6669044315666668	0.9912076438666667	0.6756967877000001
174300000	174349999	1.7986965120333334	0.9912076438666667	0.8074888681666667
174350000	174399999	1.8568668446333334	0.9912076438666667	0.8656592007666667
174400000	174449999	1.8952004578333335	0.9912076438666667	0.9039928139666668
174450000	174499999	1.8619909290666667	0.9912076438666667	0.8707832852
174500000	174549999	1.6937180283333335	0.9912076438666667	0.7025103844666668
174550000	174599999	1.6809127988333334	0.9912076438666667	0.6897051549666667
174600000	174649999	1.5614582355666669	0.9912076438666667	0.5702505917000001
174650000	174699999	1.6235491326	0.9912076438666667	0.6323414887333333
174700000	174749999	1.5845580905	0.9912076438666667	0.5933504466333334
174750000	174799999	1.5805102127666668	0.9912076438666667	0.5893025689000001
174800000	174849999	1.5024031090333334	0.9912076438666667	0.5111954651666667
174850000	174899999	1.6187931756	0.9912076438666667	0.6275855317333333
174900000	174949999	1.7602697954000002	0.9912076438666667	0.7690621515333335
174950000	174999999	1.6800927994666668	0.9912076438666667	0.6888851556000001
175000000	175049999	1.4199761855333335	0.9912076438666667	0.4287685416666668
175050000	175099999	1.2741066564666668	0.9912076438666667	0.28289901260000005
175100000	175149999	1.3137404551	0.9912076438666667	0.3225328112333333
175150000	175199999	1.4660676185333334	0.9912076438666667	0.47485997466666674
175200000	175249999	1.4209155878666668	0.9912076438666667	0.4297079440000001
175250000	175299999	1.4343526304666667	0.9912076438666667	0.4431449866
175300000	175349999	1.3477144054666668	0.9912076438666667	0.35650676160000005
175350000	175399999	1.2728078199000001	0.9912076438666667	0.2816001760333334
175400000	175449999	1.1479419225	0.9912076438666667	0.15673427863333333
175450000	175499999	1.1564644063333334	0.9912076438666667	0.16525676246666665
175500000	175549999	1.1517510431333333	0.9912076438666667	0.1605433992666666
175550000	175599999	1.1549127237333334	0.9912076438666667	0.16370507986666671
175600000	175649999	1.1230737661	0.9912076438666667	0.13186612223333338
175650000	175699999	1.1402961443333335	0.9912076438666667	0.14908850046666677
175700000	175749999	1.2141354635	0.9912076438666667	0.2229278196333332
175750000	175799999	1.1917292503	0.9912076438666667	0.2005216064333334
175800000	175849999	1.2298973751333335	0.9912076438666667	0.23868973126666682
175850000	175899999	1.4383567825666668	0.9912076438666667	0.44714913870000006
175900000	175949999	1.5171883086	0.9912076438666667	0.5259806647333333
175950000	175999999	1.7435385702000001	0.9912076438666667	0.7523309263333334
176000000	176049999	1.6953730413	0.9912076438666667	0.7041653974333334
176050000	176099999	1.9588754066666667	0.9912076438666667	0.9676677628
176100000	176149999	1.8609935517666667	0.9912076438666667	0.8697859079
176150000	176199999	1.7186879170666667	0.9912076438666667	0.7274802732
176200000	176249999	1.4485346295000001	0.9912076438666667	0.4573269856333334
176250000	176299999	1.2911853090666667	0.9912076438666667	0.2999776652
176300000	176349999	1.215379821	0.9912076438666667	0.22417217713333326
176350000	176399999	1.1401007337666667	0.9912076438666667	0.14889308989999994
176400000	176449999	1.1184590700666668	0.9912076438666667	0.12725142620000007
176450000	176499999	1.1279483582333334	0.9912076438666667	0.13674071436666668
176500000	176549999	1.1441635549333333	0.9912076438666667	0.15295591106666662
176550000	176599999	1.2253177385666667	0.9912076438666667	0.2341100947
176600000	176649999	1.2992290073333335	0.9912076438666667	0.30802136346666675
176650000	176699999	1.3448459948333333	0.9912076438666667	0.3536383509666666
176700000	176749999	1.3094991117	0.9912076438666667	0.3182914678333334
176750000	176799999	1.3186767304333333	0.9912076438666667	0.3274690865666666
176800000	176849999	1.2929023781	0.9912076438666667	0.30169473423333326
176850000	176899999	1.2042428137666668	0.9912076438666667	0.21303516990000004
176900000	176949999	1.0671325599333334	0.9912076438666667	0.07592491606666674
176950000	176999999	0.9851040628000001	0.9912076438666667	-0.006103581066666641
177000000	177049999	0.9450993484666667	0.9912076438666667	-0.046108295400000054
177050000	177099999	0.9058902804333333	0.9912076438666667	-0.0853173634333334
177100000	177149999	0.8557543870666667	0.9912076438666667	-0.13545325679999998
177150000	177199999	0.8365470862000001	0.9912076438666667	-0.15466055766666664
177200000	177249999	0.7829220932333334	0.9912076438666667	-0.20828555063333332
177250000	177299999	0.7666946419	0.9912076438666667	-0.22451300196666668
177300000	177349999	0.7110199573	0.9912076438666667	-0.2801876865666667
177350000	177399999	0.7703966731666667	0.9912076438666667	-0.2208109707
177400000	177449999	0.8340658609000001	0.9912076438666667	-0.1571417829666666
177450000	177499999	0.9513881426666667	0.9912076438666667	-0.039819501199999996
177500000	177549999	1.0189791849666667	0.9912076438666667	0.02777154110000002
177550000	177599999	0.9136338605000001	0.9912076438666667	-0.07757378336666665
177600000	177649999	0.8915315654333333	0.9912076438666667	-0.09967607843333337
177650000	177699999	0.7819291348333334	0.9912076438666667	-0.20927850903333334
177700000	177749999	0.7642190074	0.9912076438666667	-0.22698863646666667
177750000	177799999	0.692660984	0.9912076438666667	-0.29854665986666673
177800000	177849999	0.7470502644666667	0.9912076438666667	-0.24415737940000004
177850000	177899999	0.8171936083333334	0.9912076438666667	-0.17401403553333328
177900000	177949999	0.8627099835333334	0.9912076438666667	-0.12849766033333332
177950000	177999999	0.8111508539666668	0.9912076438666667	-0.18005678989999996
178000000	178049999	0.9012635884333333	0.9912076438666667	-0.08994405543333339
178050000	178099999	0.9960105089666667	0.9912076438666667	0.004802865099999942
178100000	178149999	1.1370837347666667	0.9912076438666667	0.14587609089999998
178150000	178199999	1.1673159005333333	0.9912076438666667	0.17610825666666663
178200000	178249999	1.1474978725333334	0.9912076438666667	0.15629022866666664
178250000	178299999	1.1631798421000001	0.9912076438666667	0.17197219823333343
178300000	178349999	1.2080416785333334	0.9912076438666667	0.21683403466666673
178350000	178399999	1.3477327566333335	0.9912076438666667	0.35652511276666676
178400000	178449999	1.2998102543	0.9912076438666667	0.30860261043333337
178450000	178499999	1.1631218289333334	0.9912076438666667	0.17191418506666667
178500000	178549999	0.9915702137333334	0.9912076438666667	0.00036256986666671764
178550000	178599999	0.9839910207	0.9912076438666667	-0.0072166231666667136
178600000	178649999	1.1450523711	0.9912076438666667	0.1538447272333333
178650000	178699999	1.3720066395333332	0.9912076438666667	0.38079899566666653
178700000	178749999	1.6957876040333333	0.9912076438666667	0.7045799601666666
178750000	178799999	1.8779102652	0.9912076438666667	0.8867026213333332
178800000	178849999	2.0003526268666665	0.9912076438666667	1.0091449829999997
178850000	178899999	1.6733785589666665	0.9912076438666667	0.6821709150999998
178900000	178949999	1.5077904366	0.9912076438666667	0.5165827927333332
178950000	178999999	1.3440457024999999	0.9912076438666667	0.3528380586333332
179000000	179049999	1.3641261624666667	0.9912076438666667	0.3729185186
179050000	179099999	1.3937466715333335	0.9912076438666667	0.4025390276666668
179100000	179149999	1.3443354330666668	0.9912076438666667	0.3531277892000001
179150000	179199999	1.4040248456	0.9912076438666667	0.41281720173333325
179200000	179249999	1.3718595641333333	0.9912076438666667	0.3806519202666666
179250000	179299999	1.4279705353	0.9912076438666667	0.43676289143333336
179300000	179349999	1.4609580052333333	0.9912076438666667	0.4697503613666666
179350000	179399999	1.4351438580666667	0.9912076438666667	0.44393621419999996
179400000	179449999	1.4038496124	0.9912076438666667	0.41264196853333324
179450000	179499999	1.3043925337	0.9912076438666667	0.31318488983333326
179500000	179549999	1.3105380884666666	0.9912076438666667	0.31933044459999993
179550000	179599999	1.3846458029333335	0.9912076438666667	0.3934381590666668
179600000	179649999	1.4875710029666669	0.9912076438666667	0.4963633591000002
179650000	179699999	1.4336562355333333	0.9912076438666667	0.4424485916666666
179700000	179749999	1.2998331572333335	0.9912076438666667	0.30862551336666677
179750000	179799999	1.3965565911666666	0.9912076438666667	0.40534894729999993
179800000	179849999	1.6354216499333334	0.9912076438666667	0.6442140060666667
179850000	179899999	1.860120730066667	0.9912076438666667	0.8689130862000002
179900000	179949999	2.1142385217333333	0.9912076438666667	1.1230308778666664
179950000	179999999	2.2922852717666666	0.9912076438666667	1.3010776278999998
180000000	180049999	2.1663036812666667	0.9912076438666667	1.1750960374
180050000	180099999	1.7908581483666668	0.9912076438666667	0.7996505045000001
180100000	180149999	1.3301348296666666	0.9912076438666667	0.3389271857999999
180150000	180199999	1.3068467943666666	0.9912076438666667	0.3156391504999999
180200000	180249999	1.5362256665666667	0.9912076438666667	0.5450180227
180250000	180299999	1.7732070983000001	0.9912076438666667	0.7819994544333334
180300000	180349999	2.0698071902333335	0.9912076438666667	1.0785995463666667
180350000	180399999	2.133073745	0.9912076438666667	1.141866101133333
180400000	180449999	2.1494958811666667	0.9912076438666667	1.1582882372999999
180450000	180499999	1.9144550233666666	0.9912076438666667	0.9232473794999999
180500000	180549999	1.8303013226	0.9912076438666667	0.8390936787333333
180550000	180599999	1.8307918117666668	0.9912076438666667	0.8395841679000001
180600000	180649999	1.8553517923	0.9912076438666667	0.8641441484333333
180650000	180699999	1.9170273059333334	0.9912076438666667	0.9258196620666667
180700000	180749999	2.1725147041	0.9912076438666667	1.1813070602333333
180750000	180799999	2.2319932025	0.9912076438666667	1.2407855586333332
180800000	180849999	1.9768700846666667	0.9912076438666667	0.9856624408
180850000	180899999	1.5231962970666668	0.9912076438666667	0.5319886532000001
180900000	180949999	1.4705098107333334	0.9912076438666667	0.4793021668666667
180950000	180999999	1.5240745112333334	0.9912076438666667	0.5328668673666667
181000000	181049999	1.6511257819666667	0.9912076438666667	0.6599181381
181050000	181099999	1.6260871602	0.9912076438666667	0.6348795163333333
181100000	181149999	1.5004060832000001	0.9912076438666667	0.5091984393333334
181150000	181199999	1.3644899152666667	0.9912076438666667	0.37328227140000003
181200000	181249999	1.2239097611999998	0.9912076438666667	0.23270211733333312
181250000	181299999	1.2516484727666666	0.9912076438666667	0.26044082889999987
181300000	181349999	1.2985095351333333	0.9912076438666667	0.3073018912666666
181350000	181399999	1.3413904761333333	0.9912076438666667	0.3501828322666666
181400000	181449999	1.2730811641666668	0.9912076438666667	0.2818735203000001
181450000	181499999	1.2188360552333335	0.9912076438666667	0.22762841136666678
181500000	181549999	1.1891190363333335	0.9912076438666667	0.19791139246666678
181550000	181599999	1.1401547753333334	0.9912076438666667	0.14894713146666672
181600000	181649999	1.0944477595	0.9912076438666667	0.10324011563333324
181650000	181699999	1.0579895932	0.9912076438666667	0.06678194933333337
181700000	181749999	1.1509717154666668	0.9912076438666667	0.15976407160000006
181750000	181799999	1.2159013578	0.9912076438666667	0.22469371393333326
181800000	181849999	1.2657738935	0.9912076438666667	0.2745662496333333
181850000	181899999	1.3592129772666668	0.9912076438666667	0.3680053334000001
181900000	181949999	1.3580057695	0.9912076438666667	0.36679812563333336
181950000	181999999	1.2900358235	0.9912076438666667	0.2988281796333333
182000000	182049999	1.2807566024333334	0.9912076438666667	0.28954895856666674
182050000	182099999	1.430668448	0.9912076438666667	0.4394608041333333
182100000	182149999	1.6505455314000002	0.9912076438666667	0.6593378875333334
182150000	182199999	1.6737162847333333	0.9912076438666667	0.6825086408666666
182200000	182249999	1.71309786	0.9912076438666667	0.7218902161333333
182250000	182299999	1.6907010206000002	0.9912076438666667	0.6994933767333334
182300000	182349999	1.7020619213666668	0.9912076438666667	0.7108542775000001
182350000	182399999	1.5818807858666668	0.9912076438666667	0.5906731420000001
182400000	182449999	1.4054832141666667	0.9912076438666667	0.41427557029999995
182450000	182499999	1.4058120484	0.9912076438666667	0.41460440453333336
182500000	182549999	1.3677239692333334	0.9912076438666667	0.3765163253666667
182550000	182599999	1.3813168015333335	0.9912076438666667	0.39010915766666676
182600000	182649999	1.2361242929666667	0.9912076438666667	0.2449166491
182650000	182699999	1.1698124300666666	0.9912076438666667	0.17860478619999987
182700000	182749999	1.3131131927666666	0.9912076438666667	0.3219055488999999
182750000	182799999	1.5199248415333333	0.9912076438666667	0.5287171976666666
182800000	182849999	1.7000342028333333	0.9912076438666667	0.7088265589666666
182850000	182899999	1.5995483785	0.9912076438666667	0.6083407346333333
182900000	182949999	1.4256885644666668	0.9912076438666667	0.4344809206000001
182950000	182999999	1.3098320108333334	0.9912076438666667	0.31862436696666674
183000000	183049999	1.3093668569333334	0.9912076438666667	0.3181592130666667
183050000	183099999	1.3339670043333334	0.9912076438666667	0.34275936046666666
183100000	183149999	1.270194863	0.9912076438666667	0.27898721913333324
183150000	183199999	1.2704207055666668	0.9912076438666667	0.27921306170000004
183200000	183249999	1.2272198851666667	0.9912076438666667	0.23601224129999998
183250000	183299999	1.264936734	0.9912076438666667	0.27372909013333324
183300000	183349999	1.1837271371333333	0.9912076438666667	0.19251949326666662
183350000	183399999	1.3439190650666666	0.9912076438666667	0.3527114211999999
183400000	183449999	1.6503209122666667	0.9912076438666667	0.6591132684
183450000	183499999	1.7509479682	0.9912076438666667	0.7597403243333333
183500000	183549999	1.6108392139333332	0.9912076438666667	0.6196315700666665
183550000	183599999	1.3673433813333333	0.9912076438666667	0.3761357374666666
183600000	183649999	1.3448121082	0.9912076438666667	0.35360446433333326
183650000	183699999	1.3906171974333335	0.9912076438666667	0.39940955356666674
183700000	183749999	1.3822790735666666	0.9912076438666667	0.39107142969999986
183750000	183799999	1.4556746582	0.9912076438666667	0.46446701433333326
183800000	183849999	1.5285703935333335	0.9912076438666667	0.5373627496666668
183850000	183899999	1.6854561939666668	0.9912076438666667	0.6942485501000001
183900000	183949999	1.8891435810333335	0.9912076438666667	0.8979359371666668
183950000	183999999	2.1074055771666664	0.9912076438666667	1.1161979332999996
184000000	184049999	1.9832758602666667	0.9912076438666667	0.9920682164
184050000	184099999	1.6556671287333333	0.9912076438666667	0.6644594848666666
184100000	184149999	1.3377447006	0.9912076438666667	0.34653705673333335
184150000	184199999	1.2339563407333334	0.9912076438666667	0.24274869686666667
184200000	184249999	1.2993963881	0.9912076438666667	0.3081887442333332
184250000	184299999	1.2777621805000001	0.9912076438666667	0.2865545366333334
184300000	184349999	1.3020875240333334	0.9912076438666667	0.3108798801666667
184350000	184399999	1.2874224699	0.9912076438666667	0.2962148260333334
184400000	184449999	1.3909455606333334	0.9912076438666667	0.3997379167666667
184450000	184499999	1.4051559412	0.9912076438666667	0.4139482973333334
184500000	184549999	1.3782212534333333	0.9912076438666667	0.38701360956666664
184550000	184599999	1.3352432193333335	0.9912076438666667	0.34403557546666674
184600000	184649999	1.7516829513999999	0.9912076438666667	0.7604753075333331
184650000	184699999	2.0204091151333334	0.9912076438666667	1.0292014712666666
184700000	184749999	2.0193033918666665	0.9912076438666667	1.0280957479999997
184750000	184799999	1.7445878451	0.9912076438666667	0.7533802012333334
184800000	184849999	1.5572020377333335	0.9912076438666667	0.5659943938666668
184850000	184899999	1.6130839612	0.9912076438666667	0.6218763173333334
184900000	184949999	1.5571166519666666	0.9912076438666667	0.5659090080999999
184950000	184999999	1.5457329862333333	0.9912076438666667	0.5545253423666666
185000000	185049999	1.6073057738666667	0.9912076438666667	0.61609813
185050000	185099999	1.7726677298333335	0.9912076438666667	0.7814600859666668
185100000	185149999	1.9571614023000001	0.9912076438666667	0.9659537584333334
185150000	185199999	2.0695933646333335	0.9912076438666667	1.0783857207666667
185200000	185249999	1.9703974055666669	0.9912076438666667	0.9791897617000002
185250000	185299999	1.7922875183333336	0.9912076438666667	0.8010798744666668
185300000	185349999	1.5744930215333333	0.9912076438666667	0.5832853776666665
185350000	185399999	1.4093502112333334	0.9912076438666667	0.41814256736666666
185400000	185449999	1.5436931245	0.9912076438666667	0.5524854806333334
185450000	185499999	1.6233030807666666	0.9912076438666667	0.6320954368999999
185500000	185549999	1.7475576041	0.9912076438666667	0.7563499602333333
185550000	185599999	1.5199028559666667	0.9912076438666667	0.5286952121
185600000	185649999	1.4895975090666669	0.9912076438666667	0.49838986520000017
185650000	185699999	1.4377789812666668	0.9912076438666667	0.4465713374000001
185700000	185749999	1.5343719558666669	0.9912076438666667	0.5431643120000001
185750000	185799999	1.6558816322333334	0.9912076438666667	0.6646739883666667
185800000	185849999	1.6729147240666666	0.9912076438666667	0.6817070801999999
185850000	185899999	1.6347887112666666	0.9912076438666667	0.6435810673999999
185900000	185949999	1.6939043116	0.9912076438666667	0.7026966677333334
185950000	185999999	1.8525383826000001	0.9912076438666667	0.8613307387333334
186000000	186049999	2.1860185807666666	0.9912076438666667	1.1948109368999997
186050000	186099999	1.956299524	0.9912076438666667	0.9650918801333334
186100000	186149999	1.7724928644	0.9912076438666667	0.7812852205333333
186150000	186199999	1.3831094600333333	0.9912076438666667	0.39190181616666664
186200000	186249999	1.4964726969666666	0.9912076438666667	0.5052650530999999
186250000	186299999	1.9381387531333334	0.9912076438666667	0.9469311092666667
186300000	186349999	2.3597414205	0.9912076438666667	1.368533776633333
186350000	186399999	2.272089134	0.9912076438666667	1.280881490133333
186400000	186449999	1.7593387547666666	0.9912076438666667	0.7681311108999999
186450000	186499999	1.2928613185333333	0.9912076438666667	0.3016536746666666
186500000	186549999	1.2325764410333333	0.9912076438666667	0.2413687971666666
186550000	186599999	1.1439624095666667	0.9912076438666667	0.15275476570000002
186600000	186649999	1.2202758581333333	0.9912076438666667	0.22906821426666657
186650000	186699999	1.1835563619666667	0.9912076438666667	0.19234871809999998
186700000	186749999	1.2695385253666667	0.9912076438666667	0.27833088149999996
186750000	186799999	1.2675123388333334	0.9912076438666667	0.27630469496666665
186800000	186849999	1.2160318021333334	0.9912076438666667	0.22482415826666668
186850000	186899999	1.373078754	0.9912076438666667	0.3818711101333333
186900000	186949999	1.4729032163333335	0.9912076438666667	0.48169557246666683
186950000	186999999	1.6413426788666667	0.9912076438666667	0.650135035
187000000	187049999	1.5108741274666668	0.9912076438666667	0.5196664836000001
187050000	187099999	1.3531519048333334	0.9912076438666667	0.36194426096666665
187100000	187149999	1.3038899679333333	0.9912076438666667	0.31268232406666663
187150000	187199999	1.3729929174	0.9912076438666667	0.38178527353333325
187200000	187249999	1.4234421733333333	0.9912076438666667	0.43223452946666663
187250000	187299999	1.2542794645666668	0.9912076438666667	0.2630718207000001
187300000	187349999	1.0654634764	0.9912076438666667	0.07425583253333323
187350000	187399999	0.9823726288333333	0.9912076438666667	-0.008835015033333393
187400000	187449999	1.0969011197666667	0.9912076438666667	0.1056934759
187450000	187499999	1.0588545773666667	0.9912076438666667	0.06764693349999995
187500000	187549999	0.9719063118000001	0.9912076438666667	-0.01930133206666662
187550000	187599999	0.8937663514	0.9912076438666667	-0.09744129246666666
187600000	187649999	0.9389073814333334	0.9912076438666667	-0.0523002624333333
187650000	187699999	0.8661383359000001	0.9912076438666667	-0.1250693079666666
187700000	187749999	0.8968450868333334	0.9912076438666667	-0.0943625570333333
187750000	187799999	0.8561163482333334	0.9912076438666667	-0.13509129563333333
187800000	187849999	1.0266620421333335	0.9912076438666667	0.03545439826666674
187850000	187899999	1.0681128393333335	0.9912076438666667	0.07690519546666674
187900000	187949999	1.1590671824333334	0.9912076438666667	0.1678595385666667
187950000	187999999	1.1038203233000001	0.9912076438666667	0.11261267943333342
188000000	188049999	1.0788376668666668	0.9912076438666667	0.08763002300000011
188050000	188099999	1.0424569617000001	0.9912076438666667	0.05124931783333342
188100000	188149999	1.1099796358666667	0.9912076438666667	0.11877199199999999
188150000	188199999	1.0294533465	0.9912076438666667	0.03824570263333327
188200000	188249999	1.0496622928333332	0.9912076438666667	0.05845464896666652
188250000	188299999	0.9958923800333334	0.9912076438666667	0.004684736166666648
188300000	188349999	1.0801627415000001	0.9912076438666667	0.08895509763333342
188350000	188399999	1.0760437184666667	0.9912076438666667	0.08483607459999998
188400000	188449999	1.0271306948333334	0.9912076438666667	0.0359230509666667
188450000	188499999	0.9837444887333333	0.9912076438666667	-0.007463155133333399
188500000	188549999	0.9554873160666667	0.9912076438666667	-0.03572032780000001
188550000	188599999	1.0270766134	0.9912076438666667	0.035868969533333295
188600000	188649999	1.0471583618333333	0.9912076438666667	0.05595071796666662
188650000	188699999	0.9868825674666667	0.9912076438666667	-0.004325076400000016
188700000	188749999	0.9788821829333334	0.9912076438666667	-0.01232546093333331
188750000	188799999	0.9316355511333334	0.9912076438666667	-0.059572092733333304
188800000	188849999	1.0014607189333333	0.9912076438666667	0.010253075066666617
188850000	188899999	1.0222291746333334	0.9912076438666667	0.031021530766666694
188900000	188949999	1.0679415934	0.9912076438666667	0.07673394953333335
188950000	188999999	1.0892680847	0.9912076438666667	0.09806044083333332
189000000	189049999	1.0709394668666667	0.9912076438666667	0.07973182300000003
189050000	189099999	1.0315882161333334	0.9912076438666667	0.04038057226666669
189100000	189149999	1.0209157148666668	0.9912076438666667	0.029708071000000058
189150000	189199999	1.0136927297666667	0.9912076438666667	0.02248508589999998
189200000	189249999	1.0750586958666668	0.9912076438666667	0.08385105200000009
189250000	189299999	1.0764675496333334	0.9912076438666667	0.08525990576666664
189300000	189349999	1.1358205722333334	0.9912076438666667	0.14461292836666673
189350000	189399999	1.0752210166333334	0.9912076438666667	0.08401337276666665
189400000	189449999	1.1109226410666666	0.9912076438666667	0.1197149971999999
189450000	189499999	1.0610262506666666	0.9912076438666667	0.06981860679999985
189500000	189549999	1.1220514452333332	0.9912076438666667	0.1308438013666665
189550000	189599999	1.1048235981333334	0.9912076438666667	0.11361595426666671
189600000	189649999	1.0854905351333333	0.9912076438666667	0.09428289126666656
189650000	189699999	1.0237847437	0.9912076438666667	0.032577099833333345
189700000	189749999	0.9860873010666668	0.9912076438666667	-0.005120342799999955
189750000	189799999	1.0716079316333333	0.9912076438666667	0.08040028776666663
189800000	189849999	1.1836126716333333	0.9912076438666667	0.19240502776666657
189850000	189899999	1.2001650808	0.9912076438666667	0.20895743693333324
189900000	189949999	1.1548178887	0.9912076438666667	0.1636102448333333
189950000	189999999	1.0880018649	0.9912076438666667	0.09679422103333335
190000000	190049999	1.0901475196333335	0.9912076438666667	0.09893987576666674
190050000	190099999	1.1074718263333334	0.9912076438666667	0.1162641824666667
190100000	190149999	1.1364111508	0.9912076438666667	0.1452035069333334
190150000	190199999	1.1120961600666668	0.9912076438666667	0.12088851620000007
190200000	190249999	1.1378230142	0.9912076438666667	0.14661537033333338
190250000	190299999	1.1046800266666668	0.9912076438666667	0.11347238280000005
190300000	190349999	1.1656838799666667	0.9912076438666667	0.17447623609999996
190350000	190399999	1.1511274899000001	0.9912076438666667	0.15991984603333342
190400000	190449999	1.2327115010666667	0.9912076438666667	0.2415038572
190450000	190499999	1.2611628569333333	0.9912076438666667	0.2699552130666666
190500000	190549999	1.2906683742333334	0.9912076438666667	0.29946073036666665
190550000	190599999	1.2247670868333334	0.9912076438666667	0.23355944296666664
190600000	190649999	1.1457150706333334	0.9912076438666667	0.15450742676666673
190650000	190699999	1.0530863290666668	0.9912076438666667	0.06187868520000006
190700000	190749999	1.1480081207333335	0.9912076438666667	0.15680047686666676
190750000	190799999	1.2556211527666667	0.9912076438666667	0.26441350890000004
190800000	190849999	1.3723738010000002	0.9912076438666667	0.38116615713333346
190850000	190899999	1.3103349213333333	0.9912076438666667	0.3191272774666666
190900000	190949999	1.2698367231	0.9912076438666667	0.27862907923333335
190950000	190999999	1.2864966549666668	0.9912076438666667	0.29528901110000005
191000000	191049999	1.3809358031333334	0.9912076438666667	0.3897281592666667
191050000	191099999	1.4367458018666668	0.9912076438666667	0.4455381580000001
191100000	191149999	1.4475546248333333	0.9912076438666667	0.4563469809666666
191150000	191199999	1.4620176808666667	0.9912076438666667	0.470810037
191200000	191249999	1.4738570500000001	0.9912076438666667	0.4826494061333334
191250000	191299999	1.4493297488666668	0.9912076438666667	0.45812210500000006
191300000	191349999	1.4793221394333333	0.9912076438666667	0.48811449556666664
191350000	191399999	1.5530890633	0.9912076438666667	0.5618814194333334
191400000	191449999	1.6234730159000001	0.9912076438666667	0.6322653720333334
191450000	191499999	1.6760914586666669	0.9912076438666667	0.6848838148000002
191500000	191549999	1.6680051777666667	0.9912076438666667	0.6767975339
191550000	191599999	1.7307992492666666	0.9912076438666667	0.7395916053999999
191600000	191649999	1.5275741691333333	0.9912076438666667	0.5363665252666666
191650000	191699999	1.5569038288666666	0.9912076438666667	0.5656961849999999
191700000	191749999	1.4865746940333333	0.9912076438666667	0.4953670501666666
191750000	191799999	1.5757280405666667	0.9912076438666667	0.5845203967
191800000	191849999	1.5300027632	0.9912076438666667	0.5387951193333332
191850000	191899999	1.4623808856666667	0.9912076438666667	0.4711732418
191900000	191949999	1.5436875546666666	0.9912076438666667	0.5524799107999999
191950000	191999999	1.5508179144333334	0.9912076438666667	0.5596102705666667
192000000	192049999	1.6450906840666666	0.9912076438666667	0.6538830401999999
192050000	192099999	1.6256189161333334	0.9912076438666667	0.6344112722666667
192100000	192149999	1.6641212484	0.9912076438666667	0.6729136045333334
192150000	192199999	1.6479031517333333	0.9912076438666667	0.6566955078666666
192200000	192249999	1.7431794173	0.9912076438666667	0.7519717734333332
192250000	192299999	1.7930169814333334	0.9912076438666667	0.8018093375666667
192300000	192349999	1.7147789275333334	0.9912076438666667	0.7235712836666667
192350000	192399999	1.5886450667666667	0.9912076438666667	0.5974374229
192400000	192449999	1.2901670597	0.9912076438666667	0.2989594158333332
192450000	192499999	1.2273626773	0.9912076438666667	0.23615503343333322
192500000	192549999	1.0794551100666667	0.9912076438666667	0.08824746620000001
192550000	192599999	1.1551477050666668	0.9912076438666667	0.16394006120000004
192600000	192649999	1.1386042271333334	0.9912076438666667	0.14739658326666671
192650000	192699999	1.181153019	0.9912076438666667	0.1899453751333332
192700000	192749999	1.2254104077333334	0.9912076438666667	0.23420276386666672
192750000	192799999	1.2559520360666667	0.9912076438666667	0.2647443922
192800000	192849999	1.2358477036000002	0.9912076438666667	0.24464005973333347
192850000	192899999	1.4037241507666667	0.9912076438666667	0.41251650689999997
192900000	192949999	1.6221076018666667	0.9912076438666667	0.630899958
192950000	192999999	1.9788557610000002	0.9912076438666667	0.9876481171333334
193000000	193049999	2.0182459431333335	0.9912076438666667	1.0270382992666667
193050000	193099999	2.201753183566667	0.9912076438666667	1.2105455397
193100000	193149999	2.0745518151	0.9912076438666667	1.0833441712333332
193150000	193199999	2.0391336588333333	0.9912076438666667	1.0479260149666665
193200000	193249999	1.6941332066666668	0.9912076438666667	0.7029255628000001
193250000	193299999	1.4354027355333334	0.9912076438666667	0.4441950916666667
193300000	193349999	1.2116137523000001	0.9912076438666667	0.22040610843333341
193350000	193399999	1.0201810312666666	0.9912076438666667	0.028973387399999884
193400000	193449999	1.0191147092333335	0.9912076438666667	0.02790706536666676
193450000	193499999	0.9946922281333334	0.9912076438666667	0.003484584266666646
193500000	193549999	1.1163464471333333	0.9912076438666667	0.1251388032666666
193550000	193599999	1.0881128322	0.9912076438666667	0.09690518833333328
193600000	193649999	1.0483540085666667	0.9912076438666667	0.05714636470000001
193650000	193699999	1.0067885351	0.9912076438666667	0.015580891233333394
193700000	193749999	1.0763238201	0.9912076438666667	0.08511617623333334
193750000	193799999	1.059722513	0.9912076438666667	0.06851486913333338
193800000	193849999	1.0694119642333333	0.9912076438666667	0.07820432036666658
193850000	193899999	1.0062990873333333	0.9912076438666667	0.015091443466666576
193900000	193949999	1.0526311691333334	0.9912076438666667	0.06142352526666672
193950000	193999999	1.0309979911333333	0.9912076438666667	0.03979034726666664
194000000	194049999	1.0532074851666668	0.9912076438666667	0.061999841300000136
194050000	194099999	1.1262386648666667	0.9912076438666667	0.13503102099999997
194100000	194149999	1.1434679395333334	0.9912076438666667	0.15226029566666666
194150000	194199999	1.1810163787333334	0.9912076438666667	0.18980873486666672
194200000	194249999	1.1205005465666666	0.9912076438666667	0.12929290269999993
194250000	194299999	1.1699753968333333	0.9912076438666667	0.17876775296666658
194300000	194349999	1.1146448271666667	0.9912076438666667	0.12343718329999998
194350000	194399999	1.1622517228666667	0.9912076438666667	0.17104407899999996
194400000	194449999	1.1782339994	0.9912076438666667	0.18702635553333324
194450000	194499999	1.2274659449666667	0.9912076438666667	0.2362583011
194500000	194549999	1.2819607503333335	0.9912076438666667	0.29075310646666674
194550000	194599999	1.4129275651	0.9912076438666667	0.42171992123333324
194600000	194649999	1.5008392142333333	0.9912076438666667	0.5096315703666666
194650000	194699999	1.5938698662333333	0.9912076438666667	0.6026622223666666
194700000	194749999	1.6510586454333334	0.9912076438666667	0.6598510015666667
194750000	194799999	1.7335960628666667	0.9912076438666667	0.742388419
194800000	194849999	1.6171526381999999	0.9912076438666667	0.6259449943333332
194850000	194899999	1.4750490747	0.9912076438666667	0.4838414308333333
194900000	194949999	1.3803456018666667	0.9912076438666667	0.38913795799999995
194950000	194999999	1.2614697825333334	0.9912076438666667	0.2702621386666667
195000000	195049999	1.1481790084666668	0.9912076438666667	0.15697136460000005
195050000	195099999	0.9655332144666666	0.9912076438666667	-0.025674429400000087
195100000	195149999	1.0193799157666668	0.9912076438666667	0.028172271900000045
195150000	195199999	1.0220713049333332	0.9912076438666667	0.030863661066666492
195200000	195249999	1.0724528638	0.9912076438666667	0.08124521993333322
195250000	195299999	1.1082960134	0.9912076438666667	0.11708836953333324
195300000	195349999	1.1429265346	0.9912076438666667	0.15171889073333322
195350000	195399999	1.1317884484333334	0.9912076438666667	0.14058080456666666
195400000	195449999	1.0737833211	0.9912076438666667	0.08257567723333337
195450000	195499999	1.0688045486666669	0.9912076438666667	0.07759690480000014
195500000	195549999	1.1577089289333333	0.9912076438666667	0.16650128506666662
195550000	195599999	1.2003173852	0.9912076438666667	0.20910974133333327
195600000	195649999	1.26742968	0.9912076438666667	0.2762220361333333
195650000	195699999	1.4296193612	0.9912076438666667	0.4384117173333334
195700000	195749999	1.5170703629666669	0.9912076438666667	0.5258627191000002
195750000	195799999	1.6407117285666666	0.9912076438666667	0.6495040846999999
195800000	195849999	1.5875227629333333	0.9912076438666667	0.5963151190666666
195850000	195899999	1.7284136590333334	0.9912076438666667	0.7372060151666667
195900000	195949999	1.6472921992333334	0.9912076438666667	0.6560845553666667
195950000	195999999	1.5898601333000002	0.9912076438666667	0.5986524894333335
196000000	196049999	1.4346698054	0.9912076438666667	0.4434621615333333
196050000	196099999	1.4400207487666667	0.9912076438666667	0.44881310490000004
196100000	196149999	1.3646073292	0.9912076438666667	0.37339968533333334
196150000	196199999	1.4240360387333333	0.9912076438666667	0.4328283948666666
196200000	196249999	1.4639961406333333	0.9912076438666667	0.47278849676666657
196250000	196299999	1.5909648191333334	0.9912076438666667	0.5997571752666667
196300000	196349999	1.6643694408666667	0.9912076438666667	0.673161797
196350000	196399999	1.6770365995333334	0.9912076438666667	0.6858289556666667
196400000	196449999	1.7349612402	0.9912076438666667	0.7437535963333334
196450000	196499999	1.7350253580666668	0.9912076438666667	0.7438177142000001
196500000	196549999	1.6498472326	0.9912076438666667	0.6586395887333333
196550000	196599999	1.7041875900666668	0.9912076438666667	0.7129799462
196600000	196649999	1.6220975254333334	0.9912076438666667	0.6308898815666667
196650000	196699999	1.4227708096666667	0.9912076438666667	0.4315631658
196700000	196749999	0.9101451549333334	0.9912076438666667	-0.08106248893333334
196750000	196799999	0.7769912120000001	0.9912076438666667	-0.2142164318666666
196800000	196849999	1.0153598285333334	0.9912076438666667	0.024152184666666687
196850000	196899999	1.2972824140333334	0.9912076438666667	0.30607477016666673
196900000	196949999	1.3565284209666668	0.9912076438666667	0.3653207771000001
196950000	196999999	1.3967455218	0.9912076438666667	0.4055378779333333
197000000	197049999	1.6315484754666667	0.9912076438666667	0.6403408316
197050000	197099999	1.8202846491	0.9912076438666667	0.8290770052333333
197100000	197149999	1.9047768506333336	0.9912076438666667	0.9135692067666669
197150000	197199999	1.8342375057000002	0.9912076438666667	0.8430298618333335
197200000	197249999	1.7638935650333334	0.9912076438666667	0.7726859211666667
197250000	197299999	1.6520918356	0.9912076438666667	0.6608841917333333
197300000	197349999	1.5895155552666667	0.9912076438666667	0.5983079114
197350000	197399999	1.6052275537666667	0.9912076438666667	0.6140199099
197400000	197449999	1.6946828717	0.9912076438666667	0.7034752278333333
197450000	197499999	1.7718884382666666	0.9912076438666667	0.7806807943999999
197500000	197549999	1.8374641553666669	0.9912076438666667	0.8462565115000001
197550000	197599999	1.9195901104666666	0.9912076438666667	0.9283824665999999
197600000	197649999	1.9074030070666668	0.9912076438666667	0.9161953632000001
197650000	197699999	2.0164339249	0.9912076438666667	1.025226281033333
197700000	197749999	1.7763042069666668	0.9912076438666667	0.7850965631000001
197750000	197799999	1.7948182400666668	0.9912076438666667	0.8036105962000001
197800000	197849999	1.4199628259	0.9912076438666667	0.4287551820333332
197850000	197899999	1.6035165705	0.9912076438666667	0.6123089266333334
197900000	197949999	1.5266137751	0.9912076438666667	0.5354061312333332
197950000	197999999	1.5783886221999999	0.9912076438666667	0.5871809783333332
198000000	198049999	1.6746896378333334	0.9912076438666667	0.6834819939666666
198050000	198099999	1.7507861818000001	0.9912076438666667	0.7595785379333334
198100000	198149999	1.8780713741666668	0.9912076438666667	0.8868637303000001
198150000	198199999	1.7980677637333333	0.9912076438666667	0.8068601198666666
198200000	198249999	1.8315634755999999	0.9912076438666667	0.8403558317333332
198250000	198299999	1.9020726565333335	0.9912076438666667	0.9108650126666668
198300000	198349999	1.7289423772666668	0.9912076438666667	0.7377347334000001
198350000	198399999	1.6992754216666668	0.9912076438666667	0.7080677778000001
198400000	198449999	1.6722787412666666	0.9912076438666667	0.6810710973999999
198450000	198499999	1.7935658744	0.9912076438666667	0.8023582305333333
198500000	198549999	1.8482748476	0.9912076438666667	0.8570672037333332
198550000	198599999	1.8793376537	0.9912076438666667	0.8881300098333332
198600000	198649999	1.8738566253000002	0.9912076438666667	0.8826489814333335
198650000	198699999	1.868001716666667	0.9912076438666667	0.8767940728000002
198700000	198749999	1.6173752019666667	0.9912076438666667	0.6261675581
198750000	198799999	1.4077937494333335	0.9912076438666667	0.41658610556666675
198800000	198849999	1.1606265413666668	0.9912076438666667	0.16941889750000005
198850000	198899999	1.1201927713666666	0.9912076438666667	0.1289851274999999
198900000	198949999	1.1126819905333334	0.9912076438666667	0.12147434666666668
198950000	198999999	1.1685190809	0.9912076438666667	0.17731143703333319
199000000	199049999	1.1249176381666666	0.9912076438666667	0.13370999429999986
199050000	199099999	1.1374623971	0.9912076438666667	0.14625475323333326
199100000	199149999	1.0212025669333333	0.9912076438666667	0.029994923066666623
199150000	199199999	1.1048590642	0.9912076438666667	0.11365142033333331
199200000	199249999	1.1461283150333335	0.9912076438666667	0.15492067116666675
199250000	199299999	1.1803107445333334	0.9912076438666667	0.1891031006666667
199300000	199349999	1.2088883666666668	0.9912076438666667	0.21768072280000006
199350000	199399999	1.1278105186666667	0.9912076438666667	0.1366028748
199400000	199449999	1.1772136865333334	0.9912076438666667	0.18600604266666665
199450000	199499999	1.1169589785	0.9912076438666667	0.12575133463333332
199500000	199549999	1.0887010530333334	0.9912076438666667	0.09749340916666671
199550000	199599999	1.0478467260333333	0.9912076438666667	0.05663908216666658
199600000	199649999	1.0926172929	0.9912076438666667	0.10140964903333327
199650000	199699999	1.1066041106333335	0.9912076438666667	0.11539646676666682
199700000	199749999	1.1252710642666668	0.9912076438666667	0.13406342040000008
199750000	199799999	1.0448505072	0.9912076438666667	0.053642863333333346
199800000	199849999	1.0792714223666668	0.9912076438666667	0.08806377850000013
199850000	199899999	1.0847159356	0.9912076438666667	0.0935082917333333
199900000	199949999	1.1221635815666668	0.9912076438666667	0.13095593770000014
199950000	199999999	1.0896213669333334	0.9912076438666667	0.09841372306666674
200000000	200049999	1.0812730136666668	0.9912076438666667	0.09006536980000013
200050000	200099999	1.1457102275	0.9912076438666667	0.15450258363333325
200100000	200149999	1.2018711184333335	0.9912076438666667	0.2106634745666668
200150000	200199999	1.2595182654666668	0.9912076438666667	0.2683106216000001
200200000	200249999	1.2309658362666667	0.9912076438666667	0.23975819239999996
200250000	200299999	1.2718253717666668	0.9912076438666667	0.28061772790000006
200300000	200349999	1.3462302961666668	0.9912076438666667	0.3550226523000001
200350000	200399999	1.457846722466667	0.9912076438666667	0.4666390786000002
200400000	200449999	1.4391933758333335	0.9912076438666667	0.4479857319666668
200450000	200499999	1.4177479196	0.9912076438666667	0.4265402757333333
200500000	200549999	1.5232744394666666	0.9912076438666667	0.5320667955999999
200550000	200599999	1.6414880677666668	0.9912076438666667	0.6502804239000001
200600000	200649999	1.6697930012	0.9912076438666667	0.6785853573333333
200650000	200699999	1.5640613160666668	0.9912076438666667	0.5728536722
200700000	200749999	1.6484241117	0.9912076438666667	0.6572164678333333
200750000	200799999	1.5901918158333332	0.9912076438666667	0.5989841719666665
200800000	200849999	1.4537526234333333	0.9912076438666667	0.4625449795666666
200850000	200899999	1.2982864188333334	0.9912076438666667	0.3070787749666667
200900000	200949999	1.3410720735333335	0.9912076438666667	0.34986442966666675
200950000	200999999	1.5053577698666667	0.9912076438666667	0.514150126
201000000	201049999	1.4907089968666667	0.9912076438666667	0.499501353
201050000	201099999	1.4336718695333333	0.9912076438666667	0.44246422566666654
201100000	201149999	1.2912137776000001	0.9912076438666667	0.3000061337333334
201150000	201199999	1.1476620667000001	0.9912076438666667	0.15645442283333344
201200000	201249999	1.1603631065	0.9912076438666667	0.16915546263333325
201250000	201299999	1.2204379013333333	0.9912076438666667	0.2292302574666666
201300000	201349999	1.3773697053333334	0.9912076438666667	0.38616206146666665
201350000	201399999	1.4019319108333335	0.9912076438666667	0.41072426696666675
201400000	201449999	1.4747837595666669	0.9912076438666667	0.48357611570000014
201450000	201499999	1.6922340114	0.9912076438666667	0.7010263675333334
201500000	201549999	1.7209218834000002	0.9912076438666667	0.7297142395333335
201550000	201599999	1.7365131137666667	0.9912076438666667	0.7453054699
201600000	201649999	1.5342263859	0.9912076438666667	0.5430187420333333
201650000	201699999	1.5577066278333334	0.9912076438666667	0.5664989839666666
201700000	201749999	1.5674521547333335	0.9912076438666667	0.5762445108666668
201750000	201799999	1.7743957228333336	0.9912076438666667	0.7831880789666669
201800000	201849999	1.7564711424333335	0.9912076438666667	0.7652634985666668
201850000	201899999	1.7354964972333335	0.9912076438666667	0.7442888533666668
201900000	201949999	1.5693623777666668	0.9912076438666667	0.5781547339
201950000	201999999	1.5249093335333335	0.9912076438666667	0.5337016896666668
202000000	202049999	1.4554059949	0.9912076438666667	0.4641983510333333
202050000	202099999	1.4080475867333333	0.9912076438666667	0.4168399428666666
202100000	202149999	1.2790438790333334	0.9912076438666667	0.2878362351666667
202150000	202199999	1.2307031715666668	0.9912076438666667	0.23949552770000004
202200000	202249999	1.2119940779	0.9912076438666667	0.2207864340333333
202250000	202299999	1.3329266646	0.9912076438666667	0.34171902073333327
202300000	202349999	1.6724802484999999	0.9912076438666667	0.6812726046333332
202350000	202399999	1.8382455940666667	0.9912076438666667	0.8470379502
202400000	202449999	2.338935349133333	0.9912076438666667	1.3477277052666663
202450000	202499999	2.3053468742333334	0.9912076438666667	1.3141392303666666
202500000	202549999	2.1141310373333333	0.9912076438666667	1.1229233934666665
202550000	202599999	1.5651590908000002	0.9912076438666667	0.5739514469333334
202600000	202649999	1.3086650061	0.9912076438666667	0.3174573622333333
202650000	202699999	1.4641362467	0.9912076438666667	0.4729286028333334
202700000	202749999	1.5594657767333335	0.9912076438666667	0.5682581328666668
202750000	202799999	1.5830183367333335	0.9912076438666667	0.5918106928666668
202800000	202849999	1.5038313218666668	0.9912076438666667	0.5126236780000001
202850000	202899999	1.5314132989	0.9912076438666667	0.5402056550333333
202900000	202949999	1.5305468803	0.9912076438666667	0.5393392364333333
202950000	202999999	1.5490005615333333	0.9912076438666667	0.5577929176666666
203000000	203049999	1.4231632353	0.9912076438666667	0.4319555914333334
203050000	203099999	1.4239840841333335	0.9912076438666667	0.43277644026666684
203100000	203149999	1.3912833178333335	0.9912076438666667	0.40007567396666677
203150000	203199999	1.5000180339	0.9912076438666667	0.5088103900333333
203200000	203249999	1.5435380394	0.9912076438666667	0.5523303955333333
203250000	203299999	1.5832091247666669	0.9912076438666667	0.5920014809000002
203300000	203349999	1.4919579631333333	0.9912076438666667	0.5007503192666666
203350000	203399999	1.4140968872	0.9912076438666667	0.4228892433333332
203400000	203449999	1.3359039145	0.9912076438666667	0.3446962706333333
203450000	203499999	1.3512854739333333	0.9912076438666667	0.3600778300666666
203500000	203549999	1.4319282736	0.9912076438666667	0.44072062973333337
203550000	203599999	1.4884548423	0.9912076438666667	0.4972471984333332
203600000	203649999	1.5642915202666667	0.9912076438666667	0.5730838764
203650000	203699999	1.5453125907333334	0.9912076438666667	0.5541049468666667
203700000	203749999	1.6050375062000002	0.9912076438666667	0.6138298623333335
203750000	203799999	1.5856441615333334	0.9912076438666667	0.5944365176666667
203800000	203849999	1.5662528831666669	0.9912076438666667	0.5750452393000002
203850000	203899999	1.4951703809	0.9912076438666667	0.5039627370333334
203900000	203949999	1.4280958386	0.9912076438666667	0.4368881947333333
203950000	203999999	1.3228250001	0.9912076438666667	0.3316173562333332
204000000	204049999	1.2223760822333334	0.9912076438666667	0.23116843836666667
204050000	204099999	1.2499498820666668	0.9912076438666667	0.2587422382000001
204100000	204149999	1.2951563976	0.9912076438666667	0.3039487537333333
204150000	204199999	1.3410835191333335	0.9912076438666667	0.34987587526666675
204200000	204249999	1.3508846298666668	0.9912076438666667	0.3596769860000001
204250000	204299999	1.3893461695666667	0.9912076438666667	0.39813852569999997
204300000	204349999	1.5401109787333334	0.9912076438666667	0.5489033348666666
204350000	204399999	1.5609408467666668	0.9912076438666667	0.5697332029000001
204400000	204449999	1.6608037504666668	0.9912076438666667	0.6695961066000001
204450000	204499999	1.6147212853000001	0.9912076438666667	0.6235136414333334
204500000	204549999	1.5401279023	0.9912076438666667	0.5489202584333334
204550000	204599999	1.4367638377	0.9912076438666667	0.44555619383333334
204600000	204649999	1.4758399583666668	0.9912076438666667	0.4846323145000001
204650000	204699999	1.6015991002333334	0.9912076438666667	0.6103914563666667
204700000	204749999	1.6070122965666669	0.9912076438666667	0.6158046527000002
204750000	204799999	1.4888357665666667	0.9912076438666667	0.4976281227
204800000	204849999	1.3997108450666667	0.9912076438666667	0.40850320119999994
204850000	204899999	1.4656136001333335	0.9912076438666667	0.4744059562666668
204900000	204949999	1.5161363231	0.9912076438666667	0.5249286792333333
204950000	204999999	1.5628635912333335	0.9912076438666667	0.5716559473666668
205000000	205049999	1.6326879002333334	0.9912076438666667	0.6414802563666667
205050000	205099999	1.6721083871333335	0.9912076438666667	0.6809007432666668
205100000	205149999	1.7535987043666668	0.9912076438666667	0.7623910605
205150000	205199999	1.6493624728333334	0.9912076438666667	0.6581548289666667
205200000	205249999	1.5782752676	0.9912076438666667	0.5870676237333333
205250000	205299999	1.5085998638666667	0.9912076438666667	0.51739222
205300000	205349999	1.4426186568000001	0.9912076438666667	0.4514110129333334
205350000	205399999	1.3964926039	0.9912076438666667	0.40528496003333336
205400000	205449999	1.3701997949666667	0.9912076438666667	0.37899215109999995
205450000	205499999	1.2763150521666669	0.9912076438666667	0.28510740830000014
205500000	205549999	1.3587011508	0.9912076438666667	0.36749350693333327
205550000	205599999	1.2997039962	0.9912076438666667	0.3084963523333334
205600000	205649999	1.4824254353000001	0.9912076438666667	0.49121779143333344
205650000	205699999	1.4808200265333333	0.9912076438666667	0.4896123826666666
205700000	205749999	1.5192688113333335	0.9912076438666667	0.5280611674666668
205750000	205799999	1.5279443520333333	0.9912076438666667	0.5367367081666666
205800000	205849999	1.4520385860666667	0.9912076438666667	0.4608309422
205850000	205899999	1.4401334617	0.9912076438666667	0.4489258178333332
205900000	205949999	1.2346156145	0.9912076438666667	0.2434079706333333
205950000	205999999	1.1286871955	0.9912076438666667	0.13747955163333325
206000000	206049999	1.0388869377	0.9912076438666667	0.04767929383333336
206050000	206099999	1.0448698544333332	0.9912076438666667	0.053662210566666535
206100000	206149999	1.1147133209666666	0.9912076438666667	0.12350567709999993
206150000	206199999	1.2226178321333334	0.9912076438666667	0.2314101882666667
206200000	206249999	1.3266407334	0.9912076438666667	0.3354330895333334
206250000	206299999	1.6540625202333334	0.9912076438666667	0.6628548763666667
206300000	206349999	1.4984787152333334	0.9912076438666667	0.5072710713666667
206350000	206399999	1.3884728972333333	0.9912076438666667	0.3972652533666666
206400000	206449999	1.0240849604000002	0.9912076438666667	0.03287731653333348
206450000	206499999	0.9915760735000001	0.9912076438666667	0.0003684296333333892
206500000	206549999	1.0637323635	0.9912076438666667	0.07252471963333329
206550000	206599999	1.1786493936	0.9912076438666667	0.18744174973333327
206600000	206649999	1.3764868042	0.9912076438666667	0.3852791603333333
206650000	206699999	1.4889330991333334	0.9912076438666667	0.49772545526666667
206700000	206749999	1.5981346620666668	0.9912076438666667	0.6069270182000001
206750000	206799999	1.7278858021666668	0.9912076438666667	0.7366781583
206800000	206849999	1.8411286117	0.9912076438666667	0.8499209678333334
206850000	206899999	1.7844338050000002	0.9912076438666667	0.7932261611333334
206900000	206949999	1.7570545474	0.9912076438666667	0.7658469035333334
206950000	206999999	1.6448737145	0.9912076438666667	0.6536660706333334
207000000	207049999	1.635193273	0.9912076438666667	0.6439856291333333
207050000	207099999	1.6266197709	0.9912076438666667	0.6354121270333334
207100000	207149999	1.7709440561	0.9912076438666667	0.7797364122333333
207150000	207199999	1.9457047828666667	0.9912076438666667	0.954497139
207200000	207249999	2.0560872066	0.9912076438666667	1.0648795627333332
207250000	207299999	2.0703168352	0.9912076438666667	1.079109191333333
207300000	207349999	1.9984388051000002	0.9912076438666667	1.0072311612333333
207350000	207399999	1.9203045103333334	0.9912076438666667	0.9290968664666667
207400000	207449999	1.8478809543	0.9912076438666667	0.8566733104333334
207450000	207499999	1.9772832120333335	0.9912076438666667	0.9860755681666667
207500000	207549999	1.8647160212	0.9912076438666667	0.8735083773333333
207550000	207599999	1.9836033524666667	0.9912076438666667	0.9923957086
207600000	207649999	1.8973407802333333	0.9912076438666667	0.9061331363666666
207650000	207699999	1.5874172469666665	0.9912076438666667	0.5962096030999998
207700000	207749999	1.5086778140333332	0.9912076438666667	0.5174701701666665
207750000	207799999	1.4862760730666666	0.9912076438666667	0.49506842919999994
207800000	207849999	1.9631058177333336	0.9912076438666667	0.9718981738666669
207850000	207899999	1.963274543066667	0.9912076438666667	0.9720668992000002
207900000	207949999	1.8295469877000001	0.9912076438666667	0.8383393438333334
207950000	207999999	1.7138645307	0.9912076438666667	0.7226568868333333
208000000	208049999	1.5988167518666667	0.9912076438666667	0.607609108
208050000	208099999	1.6357511598	0.9912076438666667	0.6445435159333334
208100000	208149999	1.6419586809333335	0.9912076438666667	0.6507510370666668
208150000	208199999	1.5985981137333334	0.9912076438666667	0.6073904698666667
208200000	208249999	1.4557728942666668	0.9912076438666667	0.4645652504000001
208250000	208299999	1.3815421961333334	0.9912076438666667	0.3903345522666667
208300000	208349999	1.4409085764666667	0.9912076438666667	0.4497009326
208350000	208399999	1.5317067478333335	0.9912076438666667	0.5404991039666668
208400000	208449999	1.5243329847666667	0.9912076438666667	0.5331253409
208450000	208499999	1.4055271952333332	0.9912076438666667	0.41431955136666654
208500000	208549999	1.3700933232999999	0.9912076438666667	0.3788856794333332
208550000	208599999	1.244630061	0.9912076438666667	0.25342241713333336
208600000	208649999	1.2669925218666667	0.9912076438666667	0.27578487799999996
208650000	208699999	1.125068639	0.9912076438666667	0.13386099513333327
208700000	208749999	1.1177676444666667	0.9912076438666667	0.12656000059999994
208750000	208799999	0.9738618886666667	0.9912076438666667	-0.017345755200000035
208800000	208849999	0.9396342616666666	0.9912076438666667	-0.05157338220000007
208850000	208899999	0.8429124931333334	0.9912076438666667	-0.14829515073333333
208900000	208949999	0.8336407692000001	0.9912076438666667	-0.15756687466666663
208950000	208999999	0.8435604905333334	0.9912076438666667	-0.14764715333333334
209000000	209049999	0.8604691684000001	0.9912076438666667	-0.13073847546666661
209050000	209099999	0.8630795329666667	0.9912076438666667	-0.12812811089999998
209100000	209149999	0.8635512581333334	0.9912076438666667	-0.12765638573333327
209150000	209199999	0.8762965917666667	0.9912076438666667	-0.11491105209999997
209200000	209249999	0.8693844576	0.9912076438666667	-0.12182318626666666
209250000	209299999	0.8249613707	0.9912076438666667	-0.16624627316666674
209300000	209349999	0.8115622944666667	0.9912076438666667	-0.1796453494
209350000	209399999	0.8354212657000001	0.9912076438666667	-0.15578637816666663
209400000	209449999	0.8971011080333334	0.9912076438666667	-0.09410653583333328
209450000	209499999	1.0209071507666667	0.9912076438666667	0.029699506900000006
209500000	209549999	1.1047587013666667	0.9912076438666667	0.11355105749999994
209550000	209599999	1.0952631813666667	0.9912076438666667	0.10405553749999996
209600000	209649999	1.1196287547333332	0.9912076438666667	0.12842111086666652
209650000	209699999	1.0998995751666667	0.9912076438666667	0.10869193129999999
209700000	209749999	1.2620664952666667	0.9912076438666667	0.2708588514
209750000	209799999	1.2911950219000001	0.9912076438666667	0.2999873780333334
209800000	209849999	1.4154015814	0.9912076438666667	0.42419393753333334
209850000	209899999	1.3546757507	0.9912076438666667	0.3634681068333333
209900000	209949999	1.3957507566333334	0.9912076438666667	0.40454311276666666
209950000	209999999	1.3329194999333334	0.9912076438666667	0.34171185606666665
210000000	210049999	1.2185686043666668	0.9912076438666667	0.2273609605000001
210050000	210099999	1.1696723370333335	0.9912076438666667	0.1784646931666668
210100000	210149999	1.2398557154666667	0.9912076438666667	0.24864807160000002
210150000	210199999	1.3723503623666669	0.9912076438666667	0.38114271850000014
210200000	210249999	1.2558655194666666	0.9912076438666667	0.26465787559999987
210250000	210299999	1.1578173025666667	0.9912076438666667	0.1666096587
210300000	210349999	0.9744269892333334	0.9912076438666667	-0.016780654633333336
210350000	210399999	0.8703418297000001	0.9912076438666667	-0.12086581416666664
210400000	210449999	0.7042518266000001	0.9912076438666667	-0.28695581726666664
210450000	210499999	0.7461304258000001	0.9912076438666667	-0.2450772180666666
210500000	210549999	0.8166072046666668	0.9912076438666667	-0.1746004391999999
210550000	210599999	0.8578934219666667	0.9912076438666667	-0.13331422189999997
210600000	210649999	0.8598610714333333	0.9912076438666667	-0.13134657243333336
210650000	210699999	0.8241410233	0.9912076438666667	-0.16706662056666666
210700000	210749999	0.8155957112000001	0.9912076438666667	-0.17561193266666664
210750000	210799999	0.7923932926333334	0.9912076438666667	-0.19881435123333335
210800000	210849999	0.8602595288	0.9912076438666667	-0.1309481150666667
210850000	210899999	0.9053016080666667	0.9912076438666667	-0.0859060358
210900000	210949999	0.9525488461333333	0.9912076438666667	-0.03865879773333336
210950000	210999999	0.9597619283333334	0.9912076438666667	-0.03144571553333331
211000000	211049999	0.9877472609333334	0.9912076438666667	-0.0034603829333332836
211050000	211099999	1.0730707970333335	0.9912076438666667	0.08186315316666681
211100000	211149999	1.0942297109666668	0.9912076438666667	0.10302206710000006
211150000	211199999	1.1151619296000002	0.9912076438666667	0.12395428573333345
211200000	211249999	1.0464376819	0.9912076438666667	0.05523003803333337
211250000	211299999	1.1823709855333333	0.9912076438666667	0.1911633416666666
211300000	211349999	1.2975642502333333	0.9912076438666667	0.3063566063666666
211350000	211399999	1.4819093054999999	0.9912076438666667	0.4907016616333332
211400000	211449999	1.7472766032	0.9912076438666667	0.7560689593333333
211450000	211499999	1.7225128639666667	0.9912076438666667	0.7313052201
211500000	211549999	1.7454362571	0.9912076438666667	0.7542286132333332
211550000	211599999	1.5213651511333333	0.9912076438666667	0.5301575072666666
211600000	211649999	1.5229088077666666	0.9912076438666667	0.5317011638999999
211650000	211699999	1.5228383871333333	0.9912076438666667	0.5316307432666666
211700000	211749999	1.4791725967666667	0.9912076438666667	0.48796495289999997
211750000	211799999	1.5778099313	0.9912076438666667	0.5866022874333333
211800000	211849999	1.5600962188333334	0.9912076438666667	0.5688885749666667
211850000	211899999	1.6487540788000001	0.9912076438666667	0.6575464349333334
211900000	211949999	1.7105330458666668	0.9912076438666667	0.7193254020000001
211950000	211999999	1.7246097051	0.9912076438666667	0.7334020612333333
212000000	212049999	1.59772312	0.9912076438666667	0.6065154761333332
212050000	212099999	1.5387528058666666	0.9912076438666667	0.5475451619999999
212100000	212149999	1.7594101004333333	0.9912076438666667	0.7682024565666666
212150000	212199999	2.0368850392666666	0.9912076438666667	1.0456773953999998
212200000	212249999	2.0958893997	0.9912076438666667	1.104681755833333
212250000	212299999	1.9102379462	0.9912076438666667	0.9190303023333334
212300000	212349999	1.6907028575	0.9912076438666667	0.6994952136333333
212350000	212399999	1.6516874112000002	0.9912076438666667	0.6604797673333335
212400000	212449999	1.5834423873	0.9912076438666667	0.5922347434333334
212450000	212499999	1.8268870701333335	0.9912076438666667	0.8356794262666668
212500000	212549999	1.7145212426333336	0.9912076438666667	0.7233135987666669
212550000	212599999	1.723323769366667	0.9912076438666667	0.7321161255000003
212600000	212649999	1.4212044505666668	0.9912076438666667	0.42999680670000007
212650000	212699999	1.5181706757666666	0.9912076438666667	0.5269630318999999
212700000	212749999	1.4342694347	0.9912076438666667	0.4430617908333333
212750000	212799999	1.4600232119333334	0.9912076438666667	0.4688155680666667
212800000	212849999	1.3640429423333333	0.9912076438666667	0.37283529846666663
212850000	212899999	1.5864455866333333	0.9912076438666667	0.5952379427666666
212900000	212949999	1.6145774583999999	0.9912076438666667	0.6233698145333332
212950000	212999999	1.6053675805333334	0.9912076438666667	0.6141599366666667
213000000	213049999	1.4477143913333335	0.9912076438666667	0.45650674746666675
213050000	213099999	1.4228515006000002	0.9912076438666667	0.4316438567333335
213100000	213149999	1.5270877589666667	0.9912076438666667	0.5358801151
213150000	213199999	1.6794436909333337	0.9912076438666667	0.688236047066667
213200000	213249999	1.9799491866333334	0.9912076438666667	0.9887415427666667
213250000	213299999	2.0275621219333333	0.9912076438666667	1.0363544780666665
213300000	213349999	2.045195743333333	0.9912076438666667	1.0539880994666664
213350000	213399999	2.1051049306	0.9912076438666667	1.1138972867333332
213400000	213449999	1.9979022877999997	0.9912076438666667	1.0066946439333329
213450000	213499999	1.7949292531666667	0.9912076438666667	0.8037216093
213500000	213549999	1.3654066122333335	0.9912076438666667	0.3741989683666668
213550000	213599999	1.2726349643666666	0.9912076438666667	0.28142732049999986
213600000	213649999	1.2897388332333333	0.9912076438666667	0.29853118936666656
213650000	213699999	1.3233038023333334	0.9912076438666667	0.33209615846666674
213700000	213749999	1.278959845966667	0.9912076438666667	0.2877522021000002
213750000	213799999	1.2188486625000001	0.9912076438666667	0.22764101863333341
213800000	213849999	1.1538167267666668	0.9912076438666667	0.1626090829000001
213850000	213899999	1.1720529039666667	0.9912076438666667	0.18084526010000002
213900000	213949999	1.1528454835000002	0.9912076438666667	0.16163783963333345
213950000	213999999	1.2193670405666668	0.9912076438666667	0.22815939670000007
214000000	214049999	1.2593968449666666	0.9912076438666667	0.2681892010999999
214050000	214099999	1.386327442	0.9912076438666667	0.3951197981333333
214100000	214149999	1.3202208080000002	0.9912076438666667	0.3290131641333335
214150000	214199999	1.2633313794333334	0.9912076438666667	0.2721237355666667
214200000	214249999	1.1158706325	0.9912076438666667	0.12466298863333336
214250000	214299999	1.1814504885333332	0.9912076438666667	0.19024284466666652
214300000	214349999	1.2986783727666666	0.9912076438666667	0.30747072889999993
214350000	214399999	1.4834429041666668	0.9912076438666667	0.4922352603000001
214400000	214449999	1.477011200666667	0.9912076438666667	0.4858035568000002
214450000	214499999	1.4289369581	0.9912076438666667	0.4377293142333333
214500000	214549999	1.2863673029	0.9912076438666667	0.2951596590333333
214550000	214599999	1.2476619809333334	0.9912076438666667	0.25645433706666665
214600000	214649999	1.2372379149666668	0.9912076438666667	0.2460302711000001
214650000	214699999	1.2041591095333333	0.9912076438666667	0.21295146566666656
214700000	214749999	1.2003834229	0.9912076438666667	0.2091757790333334
214750000	214799999	1.2301031103	0.9912076438666667	0.23889546643333326
214800000	214849999	1.2298606104666667	0.9912076438666667	0.23865296660000002
214850000	214899999	1.2332767112666667	0.9912076438666667	0.2420690674
214900000	214949999	1.1549128403333335	0.9912076438666667	0.1637051964666668
214950000	214999999	1.0359363252333333	0.9912076438666667	0.044728681366666634
215000000	215049999	1.0165889342333334	0.9912076438666667	0.025381290366666698
215050000	215099999	1.0440969922	0.9912076438666667	0.052889348333333364
215100000	215149999	1.1243612699333334	0.9912076438666667	0.1331536260666667
215150000	215199999	1.1376180674	0.9912076438666667	0.14641042353333333
215200000	215249999	1.1048297225	0.9912076438666667	0.1136220786333334
215250000	215299999	1.1146108988	0.9912076438666667	0.12340325493333337
215300000	215349999	1.1113223059666666	0.9912076438666667	0.12011466209999988
215350000	215399999	1.0266735475333333	0.9912076438666667	0.035465903666666576
215400000	215449999	1.0073068321	0.9912076438666667	0.01609918823333334
215450000	215499999	0.9671752254	0.9912076438666667	-0.024032418466666705
215500000	215549999	0.9174353171333334	0.9912076438666667	-0.07377232673333334
215550000	215599999	0.9125070536666667	0.9912076438666667	-0.07870059019999998
215600000	215649999	0.9876691668	0.9912076438666667	-0.0035384770666666565
215650000	215699999	1.2252734839333335	0.9912076438666667	0.23406584006666675
215700000	215749999	1.5866123917333335	0.9912076438666667	0.5954047478666668
215750000	215799999	1.5220344068666667	0.9912076438666667	0.530826763
215800000	215849999	1.3549913268666667	0.9912076438666667	0.36378368299999997
215850000	215899999	0.9680310093333334	0.9912076438666667	-0.023176634533333296
215900000	215949999	0.9856381507	0.9912076438666667	-0.005569493166666661
215950000	215999999	1.0417146525333334	0.9912076438666667	0.050507008666666686
216000000	216049999	1.0756093206000001	0.9912076438666667	0.08440167673333343
216050000	216099999	1.0466383700666668	0.9912076438666667	0.05543072620000011
216100000	216149999	0.9010382264333334	0.9912076438666667	-0.09016941743333329
216150000	216199999	0.8748607553333334	0.9912076438666667	-0.1163468885333333
216200000	216249999	0.8942381136333334	0.9912076438666667	-0.09696953023333332
216250000	216299999	0.9390004290666667	0.9912076438666667	-0.05220721480000001
216300000	216349999	0.9898121951666666	0.9912076438666667	-0.0013954487000000793
216350000	216399999	0.99683866	0.9912076438666667	0.0056310161333332776
216400000	216449999	1.1004591951	0.9912076438666667	0.1092515512333333
216450000	216499999	1.1772627285333335	0.9912076438666667	0.18605508466666676
216500000	216549999	1.1576409988	0.9912076438666667	0.16643335493333333
216550000	216599999	1.1033692493666667	0.9912076438666667	0.11216160549999998
216600000	216649999	0.9503330802666667	0.9912076438666667	-0.04087456359999997
216650000	216699999	0.9964971386666668	0.9912076438666667	0.005289494800000072
216700000	216749999	1.0192915290333335	0.9912076438666667	0.028083885166666822
216750000	216799999	1.0647180698666667	0.9912076438666667	0.07351042600000002
216800000	216849999	1.0323919027666668	0.9912076438666667	0.041184258900000104
216850000	216899999	0.9905207871333334	0.9912076438666667	-0.000686856733333352
216900000	216949999	0.9983034848000001	0.9912076438666667	0.007095840933333375
216950000	216999999	0.9764300535666668	0.9912076438666667	-0.014777590299999921
217000000	217049999	0.9693121559666668	0.9912076438666667	-0.021895487899999955
217050000	217099999	0.9628628486333334	0.9912076438666667	-0.02834479523333333
217100000	217149999	0.9048535556333334	0.9912076438666667	-0.08635408823333335
217150000	217199999	0.8406808885	0.9912076438666667	-0.1505267553666667
217200000	217249999	0.8214513249000001	0.9912076438666667	-0.16975631896666665
217250000	217299999	0.8215006991333333	0.9912076438666667	-0.16970694473333336
217300000	217349999	0.8971435101666667	0.9912076438666667	-0.0940641337
217350000	217399999	0.8894877293666668	0.9912076438666667	-0.10171991449999995
217400000	217449999	0.9116951047333334	0.9912076438666667	-0.07951253913333334
217450000	217499999	0.8885627975000001	0.9912076438666667	-0.1026448463666666
217500000	217549999	0.8757017116666668	0.9912076438666667	-0.11550593219999994
217550000	217599999	0.8712417522333334	0.9912076438666667	-0.11996589163333327
217600000	217649999	0.9192606319333334	0.9912076438666667	-0.0719470119333333
217650000	217699999	0.9716520767000001	0.9912076438666667	-0.01955556716666662
217700000	217749999	1.1097165262000002	0.9912076438666667	0.11850888233333345
217750000	217799999	1.1533151083666668	0.9912076438666667	0.16210746450000013
217800000	217849999	1.0669020138666667	0.9912076438666667	0.07569437000000001
217850000	217899999	1.0200325466333333	0.9912076438666667	0.028824902766666605
217900000	217949999	1.0479824107333333	0.9912076438666667	0.056774766866666604
217950000	217999999	1.1745987722333333	0.9912076438666667	0.1833911283666666
218000000	218049999	1.0171766549666668	0.9912076438666667	0.02596901110000005
218050000	218099999	0.8878881155666667	0.9912076438666667	-0.10331952830000002
218100000	218149999	0.7561133197333334	0.9912076438666667	-0.2350943241333333
218150000	218199999	0.9052949224333333	0.9912076438666667	-0.0859127214333334
218200000	218249999	0.9375616727333334	0.9912076438666667	-0.05364597113333336
218250000	218299999	1.0516605879	0.9912076438666667	0.060452944033333345
218300000	218349999	1.1147256545333333	0.9912076438666667	0.12351801066666657
218350000	218399999	1.2213594961666667	0.9912076438666667	0.23015185230000001
218400000	218449999	1.3598067521	0.9912076438666667	0.3685991082333332
218450000	218499999	1.3434410255666667	0.9912076438666667	0.35223338169999996
218500000	218549999	1.2252121713666666	0.9912076438666667	0.2340045274999999
218550000	218599999	1.124053988	0.9912076438666667	0.1328463441333333
218600000	218649999	1.0520960019333332	0.9912076438666667	0.06088835806666648
218650000	218699999	1.0947837224333332	0.9912076438666667	0.10357607856666651
218700000	218749999	0.9364278337666667	0.9912076438666667	-0.05477981009999999
218750000	218799999	0.8462446973000001	0.9912076438666667	-0.14496294656666664
218800000	218849999	0.8520923181333334	0.9912076438666667	-0.1391153257333333
218850000	218899999	0.9299273964000001	0.9912076438666667	-0.061280247466666604
218900000	218949999	0.9689121975333335	0.9912076438666667	-0.022295446333333246
218950000	218999999	1.055741631	0.9912076438666667	0.06453398713333336
219000000	219049999	1.0688263671	0.9912076438666667	0.0776187232333333
219050000	219099999	1.1558456994000001	0.9912076438666667	0.16463805553333344
219100000	219149999	1.2302455889333335	0.9912076438666667	0.23903794506666676
219150000	219199999	1.4772464331333335	0.9912076438666667	0.48603878926666677
219200000	219249999	1.6575082775	0.9912076438666667	0.6663006336333334
219250000	219299999	1.922624394	0.9912076438666667	0.9314167501333334
219300000	219349999	2.0534212172333333	0.9912076438666667	1.0622135733666664
219350000	219399999	2.011427036966667	0.9912076438666667	1.0202193931
219400000	219449999	1.5611047739666666	0.9912076438666667	0.5698971300999999
219450000	219499999	1.2681576542666666	0.9912076438666667	0.2769500103999999
219500000	219549999	1.0791902937333333	0.9912076438666667	0.0879826498666666
219550000	219599999	1.0930858234	0.9912076438666667	0.10187817953333334
219600000	219649999	1.1073686639333333	0.9912076438666667	0.11616102006666662
219650000	219699999	1.1170658	0.9912076438666667	0.1258581561333333
219700000	219749999	1.0549109130333334	0.9912076438666667	0.06370326916666669
219750000	219799999	1.1454277567333333	0.9912076438666667	0.1542201128666666
219800000	219849999	1.3090370074666666	0.9912076438666667	0.3178293635999999
219850000	219899999	1.4561907489333334	0.9912076438666667	0.46498310506666674
219900000	219949999	1.3816757001333335	0.9912076438666667	0.3904680562666668
219950000	219999999	1.5918017910666666	0.9912076438666667	0.6005941471999999
220000000	220049999	1.8120336334666667	0.9912076438666667	0.8208259896
220050000	220099999	1.8963468841666666	0.9912076438666667	0.9051392402999999
220100000	220149999	1.9684039215333335	0.9912076438666667	0.9771962776666668
220150000	220199999	1.8466131571333335	0.9912076438666667	0.8554055132666668
220200000	220249999	1.8829631575666668	0.9912076438666667	0.8917555137000001
220250000	220299999	1.6310794613000001	0.9912076438666667	0.6398718174333334
220300000	220349999	1.9077551579333334	0.9912076438666667	0.9165475140666667
220350000	220399999	1.9596239438666667	0.9912076438666667	0.9684163
220400000	220449999	1.9425845905666668	0.9912076438666667	0.9513769467000001
220450000	220499999	1.5687870016333334	0.9912076438666667	0.5775793577666667
220500000	220549999	1.3609936846666666	0.9912076438666667	0.3697860407999999
220550000	220599999	1.2275040083333333	0.9912076438666667	0.23629636446666658
220600000	220649999	1.2625594120333334	0.9912076438666667	0.27135176816666673
220650000	220699999	1.2241518169333334	0.9912076438666667	0.2329441730666667
220700000	220749999	1.2543489382333335	0.9912076438666667	0.2631412943666668
220750000	220799999	1.2342706012	0.9912076438666667	0.24306295733333327
220800000	220849999	1.1682873276666668	0.9912076438666667	0.17707968380000005
220850000	220899999	1.0871707179	0.9912076438666667	0.09596307403333337
220900000	220949999	1.0136869366666668	0.9912076438666667	0.02247929280000005
220950000	220999999	1.0640940418	0.9912076438666667	0.07288639793333329
221000000	221049999	1.0011926945	0.9912076438666667	0.009985050633333326
221050000	221099999	1.0699660962666666	0.9912076438666667	0.0787584523999999
221100000	221149999	1.1051704561333333	0.9912076438666667	0.1139628122666666
221150000	221199999	1.2314770898	0.9912076438666667	0.24026944593333333
221200000	221249999	1.2234011861333334	0.9912076438666667	0.23219354226666666
221250000	221299999	1.2161906851	0.9912076438666667	0.22498304123333324
221300000	221349999	1.1470072936333333	0.9912076438666667	0.1557996497666666
221350000	221399999	0.9728825413333333	0.9912076438666667	-0.018325102533333415
221400000	221449999	0.9245632151666667	0.9912076438666667	-0.06664442869999998
221450000	221499999	0.9632893038666668	0.9912076438666667	-0.02791833999999993
221500000	221549999	1.0331220370333334	0.9912076438666667	0.041914393166666675
221550000	221599999	1.1113015182000001	0.9912076438666667	0.1200938743333334
221600000	221649999	1.1093859720666668	0.9912076438666667	0.11817832820000007
221650000	221699999	1.2154987088333336	0.9912076438666667	0.22429106496666684
221700000	221749999	1.360827142166667	0.9912076438666667	0.3696194983000002
221750000	221799999	1.5836988570000001	0.9912076438666667	0.5924912131333334
221800000	221849999	1.6906448295666667	0.9912076438666667	0.6994371857
221850000	221899999	1.6078687208666667	0.9912076438666667	0.616661077
221900000	221949999	1.3807132091	0.9912076438666667	0.38950556523333335
221950000	221999999	1.2118419151333333	0.9912076438666667	0.22063427126666657
222000000	222049999	1.1047155480000002	0.9912076438666667	0.11350790413333345
222050000	222099999	1.0773466117000001	0.9912076438666667	0.08613896783333341
222100000	222149999	1.0946507755000001	0.9912076438666667	0.10344313163333341
222150000	222199999	0.9905136466333334	0.9912076438666667	-0.0006939972333332989
222200000	222249999	0.9395561170000001	0.9912076438666667	-0.05165152686666663
222250000	222299999	0.9140656287333334	0.9912076438666667	-0.0771420151333333
222300000	222349999	0.9393950134000001	0.9912076438666667	-0.05181263046666662
222350000	222399999	0.9679278482	0.9912076438666667	-0.023279795666666714
222400000	222449999	0.9541411495666667	0.9912076438666667	-0.037066494299999975
222450000	222499999	0.9787544144	0.9912076438666667	-0.012453229466666715
222500000	222549999	0.9344089838666667	0.9912076438666667	-0.05679866
222550000	222599999	0.9317993564333334	0.9912076438666667	-0.05940828743333326
222600000	222649999	1.1850678929333334	0.9912076438666667	0.19386024906666666
222650000	222699999	1.4048566832000002	0.9912076438666667	0.4136490393333335
222700000	222749999	1.6175144220666668	0.9912076438666667	0.6263067782000001
222750000	222799999	1.5991590519	0.9912076438666667	0.6079514080333334
222800000	222849999	1.6558494412333333	0.9912076438666667	0.6646417973666666
222850000	222899999	1.5444386995000001	0.9912076438666667	0.5532310556333334
222900000	222949999	1.3819315450666667	0.9912076438666667	0.3907239012
222950000	222999999	1.2824645308666667	0.9912076438666667	0.29125688699999996
223000000	223049999	1.3210690634333333	0.9912076438666667	0.3298614195666666
223050000	223099999	1.5386659036	0.9912076438666667	0.5474582597333334
223100000	223149999	1.4370261661	0.9912076438666667	0.4458185222333332
223150000	223199999	1.3086447378333332	0.9912076438666667	0.31743709396666653
223200000	223249999	1.0840329741333332	0.9912076438666667	0.0928253302666665
223250000	223299999	1.1247772852666666	0.9912076438666667	0.13356964139999994
223300000	223349999	1.1868291004666667	0.9912076438666667	0.19562145659999997
223350000	223399999	1.3325523920000002	0.9912076438666667	0.3413447481333335
223400000	223449999	1.3126239037	0.9912076438666667	0.32141625983333333
223450000	223499999	1.2076013061	0.9912076438666667	0.21639366223333323
223500000	223549999	1.0405168289666666	0.9912076438666667	0.04930918509999993
223550000	223599999	1.0374060861666667	0.9912076438666667	0.04619844230000003
223600000	223649999	1.1005090431	0.9912076438666667	0.10930139923333326
223650000	223699999	0.9357870335333334	0.9912076438666667	-0.05542061033333334
223700000	223749999	0.8111764732333333	0.9912076438666667	-0.1800311706333334
223750000	223799999	0.8871173758	0.9912076438666667	-0.10409026806666666
223800000	223849999	1.1919403014666667	0.9912076438666667	0.20073265760000003
223850000	223899999	1.3772395780666669	0.9912076438666667	0.38603193420000015
223900000	223949999	1.5247407078000002	0.9912076438666667	0.5335330639333334
223950000	223999999	1.5089723450666668	0.9912076438666667	0.5177647012000001
224000000	224049999	1.6505552655666667	0.9912076438666667	0.6593476216999999
224050000	224099999	1.5239284513333333	0.9912076438666667	0.5327208074666666
224100000	224149999	1.8785311382333334	0.9912076438666667	0.8873234943666667
224150000	224199999	1.7738362698666668	0.9912076438666667	0.782628626
224200000	224249999	1.8114732205666668	0.9912076438666667	0.8202655767000001
224250000	224299999	1.5798591405666667	0.9912076438666667	0.5886514966999999
224300000	224349999	1.6045346093666666	0.9912076438666667	0.6133269654999999
224350000	224399999	1.6463789159333333	0.9912076438666667	0.6551712720666666
224400000	224449999	1.6456114184000001	0.9912076438666667	0.6544037745333334
224450000	224499999	1.6022676245	0.9912076438666667	0.6110599806333333
224500000	224549999	1.7239732269333334	0.9912076438666667	0.7327655830666667
224550000	224599999	1.6334691438	0.9912076438666667	0.6422614999333333
224600000	224649999	1.6696967047333333	0.9912076438666667	0.6784890608666666
224650000	224699999	1.5682999305666667	0.9912076438666667	0.5770922867
224700000	224749999	1.5025251476333334	0.9912076438666667	0.5113175037666667
224750000	224799999	1.4473524728	0.9912076438666667	0.4561448289333333
224800000	224849999	1.2886084347333333	0.9912076438666667	0.2974007908666666
224850000	224899999	1.2128638493333335	0.9912076438666667	0.22165620546666676
224900000	224949999	1.1636760666666668	0.9912076438666667	0.17246842280000008
224950000	224999999	1.1379622986666666	0.9912076438666667	0.14675465479999994
225000000	225049999	1.1283576171	0.9912076438666667	0.13714997323333333
225050000	225099999	1.302913635	0.9912076438666667	0.3117059911333332
225100000	225149999	1.4762894648333333	0.9912076438666667	0.48508182096666663
225150000	225199999	1.6643394833	0.9912076438666667	0.6731318394333333
225200000	225249999	1.6149922086666666	0.9912076438666667	0.6237845647999999
225250000	225299999	1.5369482898333333	0.9912076438666667	0.5457406459666666
225300000	225349999	1.5132594577333334	0.9912076438666667	0.5220518138666667
225350000	225399999	1.5597870503	0.9912076438666667	0.5685794064333333
225400000	225449999	1.5923748344666668	0.9912076438666667	0.6011671906000001
225450000	225499999	1.7229367152666666	0.9912076438666667	0.7317290713999999
225500000	225549999	1.6214395058333333	0.9912076438666667	0.6302318619666666
225550000	225599999	1.5750693811666667	0.9912076438666667	0.5838617373
225600000	225649999	1.3614217253333334	0.9912076438666667	0.3702140814666667
225650000	225699999	1.5177946862	0.9912076438666667	0.5265870423333333
225700000	225749999	1.5477629327333333	0.9912076438666667	0.5565552888666666
225750000	225799999	1.5158124341666668	0.9912076438666667	0.5246047903000001
225800000	225849999	1.3386557594	0.9912076438666667	0.3474481155333332
225850000	225899999	1.3042348014333334	0.9912076438666667	0.31302715756666666
225900000	225949999	1.4176648575666668	0.9912076438666667	0.4264572137000001
225950000	225999999	1.4154620808	0.9912076438666667	0.4242544369333333
226000000	226049999	1.4014342536333333	0.9912076438666667	0.4102266097666666
226050000	226099999	1.3041156876	0.9912076438666667	0.31290804373333325
226100000	226149999	1.3941337434666667	0.9912076438666667	0.40292609960000003
226150000	226199999	1.4883078616333334	0.9912076438666667	0.4971002177666667
226200000	226249999	1.4846805702666668	0.9912076438666667	0.49347292640000007
226250000	226299999	1.3668849101333334	0.9912076438666667	0.37567726626666664
226300000	226349999	1.3705764317	0.9912076438666667	0.3793687878333333
226350000	226399999	1.4025069029000001	0.9912076438666667	0.4112992590333334
226400000	226449999	1.5617224900000002	0.9912076438666667	0.5705148461333335
226450000	226499999	1.4880537049333333	0.9912076438666667	0.4968460610666666
226500000	226549999	1.5036050697999999	0.9912076438666667	0.5123974259333332
226550000	226599999	1.4129175620333334	0.9912076438666667	0.4217099181666667
226600000	226649999	1.3895987158	0.9912076438666667	0.39839107193333334
226650000	226699999	1.3681855603000002	0.9912076438666667	0.37697791643333345
226700000	226749999	1.2671509752333334	0.9912076438666667	0.2759433313666667
226750000	226799999	1.2212999740333332	0.9912076438666667	0.23009233016666653
226800000	226849999	1.1865009774666668	0.9912076438666667	0.19529333360000012
226850000	226899999	1.2235851630666668	0.9912076438666667	0.23237751920000005
226900000	226949999	1.2592808723000002	0.9912076438666667	0.2680732284333335
226950000	226999999	1.3064774250000002	0.9912076438666667	0.3152697811333335
227000000	227049999	1.3304390360666667	0.9912076438666667	0.3392313922
227050000	227099999	1.2597797369333334	0.9912076438666667	0.26857209306666674
227100000	227149999	1.0993116232000002	0.9912076438666667	0.10810397933333349
227150000	227199999	1.5235154509333335	0.9912076438666667	0.5323078070666668
227200000	227249999	1.9786564522333334	0.9912076438666667	0.9874488083666667
227250000	227299999	2.3809811824000002	0.9912076438666667	1.3897735385333334
227300000	227349999	2.1859053934999997	0.9912076438666667	1.1946977496333329
227350000	227399999	2.105319736033333	0.9912076438666667	1.1141120921666663
227400000	227449999	2.0282713443000002	0.9912076438666667	1.0370637004333334
227450000	227499999	1.8953869101	0.9912076438666667	0.9041792662333333
227500000	227549999	1.7187866199666668	0.9912076438666667	0.7275789761000001
227550000	227599999	1.6594778277666669	0.9912076438666667	0.6682701839000001
227600000	227649999	1.4964345331333333	0.9912076438666667	0.5052268892666666
227650000	227699999	1.2805069908666666	0.9912076438666667	0.28929934699999993
227700000	227749999	1.2330419326	0.9912076438666667	0.24183428873333324
227750000	227799999	1.2417861412333333	0.9912076438666667	0.2505784973666666
227800000	227849999	1.3115963414	0.9912076438666667	0.3203886975333333
227850000	227899999	1.1122832797333333	0.9912076438666667	0.12107563586666659
227900000	227949999	1.1404444328	0.9912076438666667	0.14923678893333336
227950000	227999999	1.1862372254666667	0.9912076438666667	0.19502958159999995
228000000	228049999	1.2101570617666666	0.9912076438666667	0.2189494178999999
228050000	228099999	1.1722718816	0.9912076438666667	0.18106423773333324
228100000	228149999	1.0355386111	0.9912076438666667	0.044330967233333296
228150000	228199999	1.0573228295333332	0.9912076438666667	0.06611518566666652
228200000	228249999	1.1165938578666668	0.9912076438666667	0.12538621400000005
228250000	228299999	1.1759638262	0.9912076438666667	0.18475618233333335
228300000	228349999	1.1864729169666668	0.9912076438666667	0.19526527310000008
228350000	228399999	1.1230979655	0.9912076438666667	0.13189032163333325
228400000	228449999	1.2048447054333336	0.9912076438666667	0.21363706156666684
228450000	228499999	1.2681797312666667	0.9912076438666667	0.2769720874
228500000	228549999	1.3336589032333335	0.9912076438666667	0.34245125936666676
228550000	228599999	1.3096597838333335	0.9912076438666667	0.31845213996666677
228600000	228649999	1.2760180308	0.9912076438666667	0.28481038693333327
228650000	228699999	1.0290847246000001	0.9912076438666667	0.0378770807333334
228700000	228749999	0.9745741823666667	0.9912076438666667	-0.016633461500000002
228750000	228799999	0.9885852547	0.9912076438666667	-0.002622389166666683
228800000	228849999	1.2198661490333333	0.9912076438666667	0.22865850516666664
228850000	228899999	1.2114553438666666	0.9912076438666667	0.22024769999999994
228900000	228949999	1.2047635251000002	0.9912076438666667	0.21355588123333347
228950000	228999999	1.1893971953666667	0.9912076438666667	0.19818955149999995
229000000	229049999	1.1374389061	0.9912076438666667	0.14623126223333338
229050000	229099999	1.1141112977	0.9912076438666667	0.12290365383333335
229100000	229149999	1.1470887203000002	0.9912076438666667	0.1558810764333335
229150000	229199999	1.2811300163666668	0.9912076438666667	0.2899223725000001
229200000	229249999	1.3177132697	0.9912076438666667	0.3265056258333333
229250000	229299999	1.2956976601333334	0.9912076438666667	0.3044900162666667
229300000	229349999	1.2760135080333335	0.9912076438666667	0.28480586416666676
229350000	229399999	1.3532669678666667	0.9912076438666667	0.36205932399999996
229400000	229449999	1.4395831397666667	0.9912076438666667	0.44837549590000003
229450000	229499999	1.3934359379666668	0.9912076438666667	0.40222829410000005
229500000	229549999	1.3230267919666667	0.9912076438666667	0.3318191481
229550000	229599999	1.4612129118000001	0.9912076438666667	0.4700052679333334
229600000	229649999	1.5269599314666666	0.9912076438666667	0.5357522875999999
229650000	229699999	1.5474612221666666	0.9912076438666667	0.5562535782999999
229700000	229749999	1.4273691568	0.9912076438666667	0.4361615129333333
229750000	229799999	1.3565785973	0.9912076438666667	0.36537095343333326
229800000	229849999	1.4761096770666666	0.9912076438666667	0.4849020331999999
229850000	229899999	1.350442049	0.9912076438666667	0.35923440513333327
229900000	229949999	1.4264294999666667	0.9912076438666667	0.43522185609999997
229950000	229999999	1.2905111167	0.9912076438666667	0.29930347283333336
230000000	230049999	1.3295164993666668	0.9912076438666667	0.3383088555000001
230050000	230099999	1.3332479784333335	0.9912076438666667	0.3420403345666668
230100000	230149999	1.4262372220666668	0.9912076438666667	0.4350295782000001
230150000	230199999	1.5117818198666666	0.9912076438666667	0.5205741759999999
230200000	230249999	1.5958608253	0.9912076438666667	0.6046531814333332
230250000	230299999	1.5485338933666668	0.9912076438666667	0.5573262495000001
230300000	230349999	1.5257506609333333	0.9912076438666667	0.5345430170666666
230350000	230399999	1.3309316265666666	0.9912076438666667	0.3397239826999999
230400000	230449999	1.2574196370333333	0.9912076438666667	0.26621199316666655
230450000	230499999	1.0842921142	0.9912076438666667	0.09308447033333322
230500000	230549999	1.1497024175333332	0.9912076438666667	0.15849477366666653
230550000	230599999	1.1386937651666666	0.9912076438666667	0.14748612129999994
230600000	230649999	1.2613226478666668	0.9912076438666667	0.2701150040000001
230650000	230699999	1.1982100716333335	0.9912076438666667	0.20700242776666677
230700000	230749999	1.2480766059666668	0.9912076438666667	0.2568689621000001
230750000	230799999	1.2979207294333333	0.9912076438666667	0.30671308556666654
230800000	230849999	1.3754323330666667	0.9912076438666667	0.38422468919999997
230850000	230899999	1.3612887658333332	0.9912076438666667	0.37008112196666654
230900000	230949999	1.3596188827333333	0.9912076438666667	0.3684112388666666
230950000	230999999	1.418422213	0.9912076438666667	0.4272145691333332
231000000	231049999	1.5974876740333332	0.9912076438666667	0.6062800301666665
231050000	231099999	1.6747917210666667	0.9912076438666667	0.6835840772
231100000	231149999	1.7112151403333336	0.9912076438666667	0.7200074964666668
231150000	231199999	1.6400332266	0.9912076438666667	0.6488255827333332
231200000	231249999	1.4843442508	0.9912076438666667	0.4931366069333333
231250000	231299999	1.4465094006333334	0.9912076438666667	0.45530175676666673
231300000	231349999	1.4308393565666668	0.9912076438666667	0.4396317127000001
231350000	231399999	1.469463334	0.9912076438666667	0.47825569013333336
231400000	231449999	1.5374094847	0.9912076438666667	0.5462018408333332
231450000	231499999	1.6276967757333334	0.9912076438666667	0.6364891318666667
231500000	231549999	1.6885604659666666	0.9912076438666667	0.6973528220999999
231550000	231599999	1.6548928295666667	0.9912076438666667	0.6636851857
231600000	231649999	1.7383786254	0.9912076438666667	0.7471709815333333
231650000	231699999	1.7360223449333334	0.9912076438666667	0.7448147010666667
231700000	231749999	1.6653278764000001	0.9912076438666667	0.6741202325333334
231750000	231799999	1.3773094573	0.9912076438666667	0.3861018134333333
231800000	231849999	1.2997950971	0.9912076438666667	0.30858745323333336
231850000	231899999	1.2059583818666666	0.9912076438666667	0.21475073799999989
231900000	231949999	1.1313344859333334	0.9912076438666667	0.1401268420666667
231950000	231999999	1.0648132321666668	0.9912076438666667	0.07360558830000008
232000000	232049999	0.9547759086666667	0.9912076438666667	-0.03643173519999998
232050000	232099999	0.9282806785333334	0.9912076438666667	-0.0629269653333333
232100000	232149999	0.8841539585333333	0.9912076438666667	-0.10705368533333337
232150000	232199999	0.9279136028	0.9912076438666667	-0.0632940410666667
232200000	232249999	0.8502264088333333	0.9912076438666667	-0.14098123503333337
232250000	232299999	0.8250495879666667	0.9912076438666667	-0.1661580559
232300000	232349999	0.7722008616666667	0.9912076438666667	-0.21900678220000003
232350000	232399999	0.841060853	0.9912076438666667	-0.1501467908666667
232400000	232449999	0.7738964488666668	0.9912076438666667	-0.21731119499999996
232450000	232499999	0.866124353	0.9912076438666667	-0.1250832908666667
232500000	232549999	0.8382167809333334	0.9912076438666667	-0.1529908629333333
232550000	232599999	0.9404018073666667	0.9912076438666667	-0.050805836500000034
232600000	232649999	0.9731886743	0.9912076438666667	-0.01801896956666671
232650000	232699999	1.0161504310666667	0.9912076438666667	0.024942787199999983
232700000	232749999	1.0100848236666666	0.9912076438666667	0.01887717979999992
232750000	232799999	0.8945686136666667	0.9912076438666667	-0.09663903019999998
232800000	232849999	0.8506899792333333	0.9912076438666667	-0.14051766463333337
232850000	232899999	0.8687497854666667	0.9912076438666667	-0.12245785840000001
232900000	232949999	0.9848679402	0.9912076438666667	-0.006339703666666696
232950000	232999999	1.0334274748666668	0.9912076438666667	0.04221983100000004
233000000	233049999	1.1295013208666667	0.9912076438666667	0.13829367699999995
233050000	233099999	1.0788625178333333	0.9912076438666667	0.0876548739666666
233100000	233149999	1.0962097859000002	0.9912076438666667	0.10500214203333347
233150000	233199999	1.0664732909	0.9912076438666667	0.07526564703333338
233200000	233249999	1.0607988103000001	0.9912076438666667	0.0695911664333334
233250000	233299999	1.1135702842000001	0.9912076438666667	0.12236264033333344
233300000	233349999	1.0669295160333334	0.9912076438666667	0.0757218721666667
233350000	233399999	1.1616098534	0.9912076438666667	0.17040220953333318
233400000	233449999	1.1628990491666666	0.9912076438666667	0.17169140529999993
233450000	233499999	1.2790154352333334	0.9912076438666667	0.2878077913666667
233500000	233549999	1.2582428142	0.9912076438666667	0.26703517033333324
233550000	233599999	1.2194198476000002	0.9912076438666667	0.2282122037333335
233600000	233649999	1.2106348934333333	0.9912076438666667	0.2194272495666666
233650000	233699999	1.3137819034	0.9912076438666667	0.3225742595333333
233700000	233749999	1.4538768204	0.9912076438666667	0.4626691765333334
233750000	233799999	1.4729459519333332	0.9912076438666667	0.4817383080666665
233800000	233849999	1.5154069931	0.9912076438666667	0.5241993492333333
233850000	233899999	1.4578957969333333	0.9912076438666667	0.46668815306666656
233900000	233949999	1.4103451232333333	0.9912076438666667	0.41913747936666657
233950000	233999999	1.2851795398333334	0.9912076438666667	0.29397189596666673
234000000	234049999	1.2331362129666668	0.9912076438666667	0.24192856910000005
234050000	234099999	1.2049924365	0.9912076438666667	0.21378479263333328
234100000	234149999	1.1957257881666667	0.9912076438666667	0.20451814430000004
234150000	234199999	1.1887960050333333	0.9912076438666667	0.19758836116666656
234200000	234249999	1.2386125617333335	0.9912076438666667	0.24740491786666674
234250000	234299999	1.2348705825666668	0.9912076438666667	0.2436629387000001
234300000	234349999	1.2627157256666668	0.9912076438666667	0.2715080818000001
234350000	234399999	1.2618648091666667	0.9912076438666667	0.27065716529999995
234400000	234449999	1.4211805496666667	0.9912076438666667	0.4299729058
234450000	234499999	1.5202694637333334	0.9912076438666667	0.5290618198666667
234500000	234549999	1.6453180417	0.9912076438666667	0.6541103978333332
234550000	234599999	1.6198070477333335	0.9912076438666667	0.6285994038666668
234600000	234649999	1.6256752790666669	0.9912076438666667	0.6344676352000002
234650000	234699999	1.5651141794	0.9912076438666667	0.5739065355333334
234700000	234749999	1.6192228243666666	0.9912076438666667	0.6280151804999999
234750000	234799999	1.6862082462333334	0.9912076438666667	0.6950006023666667
234800000	234849999	1.6966243091000002	0.9912076438666667	0.7054166652333335
234850000	234899999	1.6148470633	0.9912076438666667	0.6236394194333333
234900000	234949999	1.5201428472333334	0.9912076438666667	0.5289352033666667
234950000	234999999	1.5586556567666667	0.9912076438666667	0.5674480129
235000000	235049999	1.5298034234333333	0.9912076438666667	0.5385957795666666
235050000	235099999	1.6041420115666667	0.9912076438666667	0.6129343677
235100000	235149999	1.8428295236333334	0.9912076438666667	0.8516218797666667
235150000	235199999	2.2395417766666665	0.9912076438666667	1.2483341327999997
235200000	235249999	2.2792685735333333	0.9912076438666667	1.2880609296666665
235250000	235299999	1.9004154168333334	0.9912076438666667	0.9092077729666667
235300000	235349999	1.7816386049666668	0.9912076438666667	0.7904309611000001
235350000	235399999	1.896768606666667	0.9912076438666667	0.9055609628000002
235400000	235449999	1.9824534710000001	0.9912076438666667	0.9912458271333334
235450000	235499999	1.7532726394	0.9912076438666667	0.7620649955333333
235500000	235549999	1.4825616891	0.9912076438666667	0.49135404523333326
235550000	235599999	1.5091658570333333	0.9912076438666667	0.5179582131666666
235600000	235649999	1.4774378495	0.9912076438666667	0.4862302056333333
235650000	235699999	1.4756051553333334	0.9912076438666667	0.48439751146666665
235700000	235749999	1.3466626711333334	0.9912076438666667	0.35545502726666667
235750000	235799999	1.2305637787333334	0.9912076438666667	0.23935613486666674
235800000	235849999	1.3349095213000002	0.9912076438666667	0.34370187743333347
235850000	235899999	1.6014226254666668	0.9912076438666667	0.6102149816000001
235900000	235949999	1.8538736451333335	0.9912076438666667	0.8626660012666668
235950000	235999999	1.7436356751000002	0.9912076438666667	0.7524280312333335
236000000	236049999	1.4678352412333333	0.9912076438666667	0.4766275973666666
236050000	236099999	1.2417302275333335	0.9912076438666667	0.2505225836666668
236100000	236149999	1.1740371857333334	0.9912076438666667	0.18282954186666667
236150000	236199999	1.126785222	0.9912076438666667	0.13557757813333338
236200000	236249999	1.15553267	0.9912076438666667	0.16432502613333322
236250000	236299999	1.1043186299	0.9912076438666667	0.11311098603333336
236300000	236349999	1.4075617143666668	0.9912076438666667	0.41635407050000006
236350000	236399999	1.5623838643333334	0.9912076438666667	0.5711762204666667
236400000	236449999	1.728923652366667	0.9912076438666667	0.7377160085000002
236450000	236499999	1.5624270937333335	0.9912076438666667	0.5712194498666668
236500000	236549999	1.525959459	0.9912076438666667	0.5347518151333334
236550000	236599999	1.4577874893	0.9912076438666667	0.4665798454333333
236600000	236649999	1.448253119	0.9912076438666667	0.4570454751333334
236650000	236699999	1.4847556641000001	0.9912076438666667	0.49354802023333344
236700000	236749999	1.6562216554	0.9912076438666667	0.6650140115333333
236750000	236799999	1.5846545067333333	0.9912076438666667	0.5934468628666666
236800000	236849999	1.3895723106666666	0.9912076438666667	0.39836466679999993
236850000	236899999	1.1874496737333333	0.9912076438666667	0.1962420298666666
236900000	236949999	1.2768601143666667	0.9912076438666667	0.2856524705
236950000	236999999	1.4353852722666667	0.9912076438666667	0.44417762839999997
237000000	237049999	1.4185933807333333	0.9912076438666667	0.4273857368666666
237050000	237099999	1.3131158007	0.9912076438666667	0.3219081568333332
237100000	237149999	1.0572966232333334	0.9912076438666667	0.06608897936666669
237150000	237199999	0.9527709365666667	0.9912076438666667	-0.03843670730000004
237200000	237249999	0.8352113083333333	0.9912076438666667	-0.15599633553333336
237250000	237299999	0.8797692518666668	0.9912076438666667	-0.11143839199999994
237300000	237349999	0.8998138686666667	0.9912076438666667	-0.09139377520000003
237350000	237399999	0.9265332367666667	0.9912076438666667	-0.06467440710000005
237400000	237449999	0.9205079684666667	0.9912076438666667	-0.0706996754
237450000	237499999	1.049974957	0.9912076438666667	0.05876731313333339
237500000	237549999	1.1620303810333334	0.9912076438666667	0.17082273716666674
237550000	237599999	1.1701171142	0.9912076438666667	0.17890947033333326
237600000	237649999	1.0752034300333333	0.9912076438666667	0.08399578616666659
237650000	237699999	0.9968034634666667	0.9912076438666667	0.005595819599999996
237700000	237749999	0.9855192266666667	0.9912076438666667	-0.005688417200000018
237750000	237799999	0.9909827843333334	0.9912076438666667	-0.00022485953333328812
237800000	237849999	0.9831259684666667	0.9912076438666667	-0.008081675400000043
237850000	237899999	1.0416168519	0.9912076438666667	0.050409208033333264
237900000	237949999	0.9862587553666667	0.9912076438666667	-0.0049488884999999705
237950000	237999999	0.8958036562	0.9912076438666667	-0.09540398766666669
238000000	238049999	0.7312593832666667	0.9912076438666667	-0.2599482606
238050000	238099999	0.7385217312333334	0.9912076438666667	-0.2526859126333333
238100000	238149999	0.7494166536333334	0.9912076438666667	-0.24179099023333328
238150000	238199999	0.8055031735333333	0.9912076438666667	-0.18570447033333337
238200000	238249999	0.7524875745333334	0.9912076438666667	-0.23872006933333334
238250000	238299999	0.783889476	0.9912076438666667	-0.20731816786666668
238300000	238349999	0.7619964839000001	0.9912076438666667	-0.22921115996666663
238350000	238399999	0.8363440182666667	0.9912076438666667	-0.1548636256
238400000	238449999	0.8203551793333334	0.9912076438666667	-0.17085246453333336
238450000	238499999	0.8891357170666667	0.9912076438666667	-0.10207192679999999
238500000	238549999	0.8739274587000001	0.9912076438666667	-0.1172801851666666
238550000	238599999	0.9656507649666668	0.9912076438666667	-0.025556878899999913
238600000	238649999	0.9757118318333334	0.9912076438666667	-0.015495812033333278
238650000	238699999	0.9925213231000001	0.9912076438666667	0.0013136792333333647
238700000	238749999	0.9857942605666667	0.9912076438666667	-0.005413383299999963
238750000	238799999	0.9806858070333334	0.9912076438666667	-0.010521836833333298
238800000	238849999	1.0467050314000002	0.9912076438666667	0.05549738753333344
238850000	238899999	1.0159792381333332	0.9912076438666667	0.02477159426666653
238900000	238949999	1.0575453921666667	0.9912076438666667	0.06633774829999994
238950000	238999999	1.0069209434666666	0.9912076438666667	0.015713299599999897
239000000	239049999	1.0220768914333334	0.9912076438666667	0.030869247566666647
239050000	239099999	1.0058839407666667	0.9912076438666667	0.014676296899999941
239100000	239149999	1.0649011454333335	0.9912076438666667	0.07369350156666676
239150000	239199999	1.0579063496	0.9912076438666667	0.06669870573333336
239200000	239249999	0.9394683555666667	0.9912076438666667	-0.051739288299999964
239250000	239299999	0.8606998461666667	0.9912076438666667	-0.13050779769999998
239300000	239349999	0.8711487103666667	0.9912076438666667	-0.12005893349999996
239350000	239399999	0.9584203308333334	0.9912076438666667	-0.032787313033333265
239400000	239449999	0.9868276218333334	0.9912076438666667	-0.0043800220333333195
239450000	239499999	0.9188721077	0.9912076438666667	-0.07233553616666666
239500000	239549999	0.8668623711333333	0.9912076438666667	-0.1243452727333334
239550000	239599999	0.8276001271666666	0.9912076438666667	-0.16360751670000007
239600000	239649999	0.8379372489333333	0.9912076438666667	-0.1532703949333334
239650000	239699999	0.8742727135666667	0.9912076438666667	-0.11693493030000002
239700000	239749999	0.8411715255666667	0.9912076438666667	-0.15003611829999997
239750000	239799999	0.7915810495000001	0.9912076438666667	-0.19962659436666663
239800000	239849999	0.8879004537666667	0.9912076438666667	-0.1033071901
239850000	239899999	0.9310296362333335	0.9912076438666667	-0.06017800763333325
239900000	239949999	0.9652758623000001	0.9912076438666667	-0.025931781566666645
239950000	239999999	0.8437369244666667	0.9912076438666667	-0.1474707194
240000000	240049999	0.8010927052666666	0.9912076438666667	-0.19011493860000006
240050000	240099999	0.7980372582666667	0.9912076438666667	-0.1931703856
240100000	240149999	0.7827933013333334	0.9912076438666667	-0.20841434253333335
240150000	240199999	0.7652568173000001	0.9912076438666667	-0.22595082656666665
240200000	240249999	0.7670916443000001	0.9912076438666667	-0.2241159995666666
240250000	240299999	0.7838605556333333	0.9912076438666667	-0.20734708823333337
240300000	240349999	0.8084897117666667	0.9912076438666667	-0.18271793209999998
240350000	240399999	0.8543481034	0.9912076438666667	-0.1368595404666667
240400000	240449999	0.9160211339333334	0.9912076438666667	-0.07518650993333331
240450000	240499999	1.0002416800333334	0.9912076438666667	0.009034036166666648
240500000	240549999	1.0099586839666668	0.9912076438666667	0.01875104010000006
240550000	240599999	0.9190314270333334	0.9912076438666667	-0.0721762168333333
240600000	240649999	0.8094114438333334	0.9912076438666667	-0.1817962000333333
240650000	240699999	0.7857850550000001	0.9912076438666667	-0.20542258886666664
240700000	240749999	0.7983078537666667	0.9912076438666667	-0.19289979010000002
240750000	240799999	0.8236904629	0.9912076438666667	-0.16751718096666668
240800000	240849999	0.8104883004666668	0.9912076438666667	-0.18071934339999995
240850000	240899999	0.7906186048333333	0.9912076438666667	-0.20058903903333336
240900000	240949999	0.8273833678	0.9912076438666667	-0.16382427606666672
240950000	240999999	0.8856475119666667	0.9912076438666667	-0.10556013190000002
241000000	241049999	0.9523584750333334	0.9912076438666667	-0.038849168833333336
241050000	241099999	0.9625974125333334	0.9912076438666667	-0.02861023133333329
241100000	241149999	0.9191498642666667	0.9912076438666667	-0.07205777960000004
241150000	241199999	0.8989669545000001	0.9912076438666667	-0.09224068936666663
241200000	241249999	0.8291185414000001	0.9912076438666667	-0.16208910246666663
241250000	241299999	0.8002431417666667	0.9912076438666667	-0.19096450210000004
241300000	241349999	0.8144480712000001	0.9912076438666667	-0.17675957266666664
241350000	241399999	0.8383016783	0.9912076438666667	-0.1529059655666667
241400000	241449999	0.8874019831000001	0.9912076438666667	-0.10380566076666664
241450000	241499999	0.8483376963	0.9912076438666667	-0.1428699475666667
241500000	241549999	0.9100971055666667	0.9912076438666667	-0.08111053830000003
241550000	241599999	0.9628478430666667	0.9912076438666667	-0.0283598008
241600000	241649999	1.4883883537	0.9912076438666667	0.4971807098333333
241650000	241699999	1.7663473972000001	0.9912076438666667	0.7751397533333334
241700000	241749999	2.065469137	0.9912076438666667	1.0742614931333332
241750000	241799999	1.7909262954	0.9912076438666667	0.7997186515333333
241800000	241849999	1.8225165526	0.9912076438666667	0.8313089087333333
241850000	241899999	1.8318788495	0.9912076438666667	0.8406712056333333
241900000	241949999	1.9333299397333334	0.9912076438666667	0.9421222958666667
241950000	241999999	1.826933207	0.9912076438666667	0.8357255631333332
242000000	242049999	1.5592867395666667	0.9912076438666667	0.5680790957
242050000	242099999	1.3558378129	0.9912076438666667	0.36463016903333323
242100000	242149999	1.2495646258666668	0.9912076438666667	0.2583569820000001
242150000	242199999	1.1164962994333334	0.9912076438666667	0.12528865556666668
242200000	242249999	1.0253502172333333	0.9912076438666667	0.034142573366666595
242250000	242299999	0.8913220979	0.9912076438666667	-0.09988554596666666
242300000	242349999	0.8623839391	0.9912076438666667	-0.1288237047666667
242350000	242399999	0.7747608115333334	0.9912076438666667	-0.21644683233333328
242400000	242449999	0.7861258431666667	0.9912076438666667	-0.20508180070000004
242450000	242499999	0.7940922156333334	0.9912076438666667	-0.19711542823333328
242500000	242549999	0.7912378058	0.9912076438666667	-0.19996983806666668
242550000	242599999	0.7665621867333334	0.9912076438666667	-0.22464545713333328
242600000	242649999	0.7594183350000001	0.9912076438666667	-0.2317893088666666
242650000	242699999	0.7904225196666668	0.9912076438666667	-0.20078512419999994
242700000	242749999	0.7560469151	0.9912076438666667	-0.23516072876666672
242750000	242799999	0.7458738052666667	0.9912076438666667	-0.24533383860000002
242800000	242849999	0.7427353307000001	0.9912076438666667	-0.24847231316666663
242850000	242899999	0.7946566369666668	0.9912076438666667	-0.19655100689999994
242900000	242949999	0.8805126905666667	0.9912076438666667	-0.11069495330000001
242950000	242999999	0.9306371670333334	0.9912076438666667	-0.060570476833333275
243000000	243049999	1.0551924143333333	0.9912076438666667	0.06398477046666662
243050000	243099999	1.1621925342333332	0.9912076438666667	0.17098489036666653
243100000	243149999	1.5057819314	0.9912076438666667	0.5145742875333333
243150000	243199999	1.4321629933333333	0.9912076438666667	0.4409553494666666
243200000	243249999	1.5223875709333332	0.9912076438666667	0.5311799270666665
243250000	243299999	1.5457100159	0.9912076438666667	0.5545023720333332
243300000	243349999	1.7958906656333333	0.9912076438666667	0.8046830217666666
243350000	243399999	1.8337804100000001	0.9912076438666667	0.8425727661333334
243400000	243449999	1.6491996344333333	0.9912076438666667	0.6579919905666666
243450000	243499999	1.5688733187666668	0.9912076438666667	0.5776656749000001
243500000	243549999	1.6121369667	0.9912076438666667	0.6209293228333334
243550000	243599999	1.5270959848333334	0.9912076438666667	0.5358883409666667
243600000	243649999	1.3919529757	0.9912076438666667	0.4007453318333333
243650000	243699999	1.2457676808333333	0.9912076438666667	0.2545600369666666
243700000	243749999	1.1669946177666666	0.9912076438666667	0.17578697389999987
243750000	243799999	1.1588109583666668	0.9912076438666667	0.1676033145000001
243800000	243849999	1.1349392082	0.9912076438666667	0.14373156433333334
243850000	243899999	1.2190160952	0.9912076438666667	0.22780845133333327
243900000	243949999	1.2369294528	0.9912076438666667	0.2457218089333334
243950000	243999999	1.1599750859	0.9912076438666667	0.16876744203333327
244000000	244049999	1.0722860528333333	0.9912076438666667	0.08107840896666663
244050000	244099999	1.0687078915333335	0.9912076438666667	0.07750024766666674
244100000	244149999	1.0999942208000002	0.9912076438666667	0.10878657693333349
244150000	244199999	1.2012370107666668	0.9912076438666667	0.21002936690000007
244200000	244249999	1.3047189180333334	0.9912076438666667	0.3135112741666667
244250000	244299999	1.283279018	0.9912076438666667	0.2920713741333333
244300000	244349999	1.2292846323666666	0.9912076438666667	0.23807698849999992
244350000	244399999	1.1569148638	0.9912076438666667	0.16570721993333326
244400000	244449999	1.3133881889	0.9912076438666667	0.3221805450333334
244450000	244499999	1.3912045802000002	0.9912076438666667	0.39999693633333344
244500000	244549999	1.5814693828	0.9912076438666667	0.5902617389333332
244550000	244599999	1.6031735907666667	0.9912076438666667	0.6119659469
244600000	244649999	1.6158630110666667	0.9912076438666667	0.6246553672
244650000	244699999	1.4166212928	0.9912076438666667	0.4254136489333332
244700000	244749999	1.3688623140666667	0.9912076438666667	0.3776546702
244750000	244799999	1.4587651827666668	0.9912076438666667	0.46755753890000007
244800000	244849999	1.4309930889666669	0.9912076438666667	0.43978544510000017
244850000	244899999	1.3645351746666667	0.9912076438666667	0.37332753080000003
244900000	244949999	1.2509053286666667	0.9912076438666667	0.2596976848
244950000	244999999	1.4235464862333334	0.9912076438666667	0.43233884236666664
245000000	245049999	1.4529526012333334	0.9912076438666667	0.46174495736666665
245050000	245099999	1.4767445667	0.9912076438666667	0.4855369228333334
245100000	245149999	1.443149578	0.9912076438666667	0.4519419341333334
245150000	245199999	1.5692424210666667	0.9912076438666667	0.5780347772
245200000	245249999	1.5740943752666667	0.9912076438666667	0.5828867314
245250000	245299999	1.4946713567333334	0.9912076438666667	0.5034637128666667
245300000	245349999	1.2633920303	0.9912076438666667	0.2721843864333332
245350000	245399999	1.1800162078	0.9912076438666667	0.18880856393333334
245400000	245449999	1.1150108943333334	0.9912076438666667	0.12380325046666674
245450000	245499999	1.1720362475	0.9912076438666667	0.1808286036333332
245500000	245549999	1.1994060383666667	0.9912076438666667	0.2081983945
245550000	245599999	1.2067061911333334	0.9912076438666667	0.21549854726666673
245600000	245649999	1.2507040899666668	0.9912076438666667	0.2594964461000001
245650000	245699999	1.2527425657333335	0.9912076438666667	0.2615349218666668
245700000	245749999	1.2730222396000002	0.9912076438666667	0.28181459573333345
245750000	245799999	1.2681240630666668	0.9912076438666667	0.2769164192000001
245800000	245849999	1.2369690575666668	0.9912076438666667	0.24576141370000004
245850000	245899999	1.3418045960666667	0.9912076438666667	0.3505969522
245900000	245949999	1.2862296031	0.9912076438666667	0.2950219592333333
245950000	245999999	1.3398641496333332	0.9912076438666667	0.3486565057666665
246000000	246049999	1.3529686941333334	0.9912076438666667	0.3617610502666667
246050000	246099999	1.4250807418	0.9912076438666667	0.4338730979333333
246100000	246149999	1.4725612170666667	0.9912076438666667	0.48135357319999994
246150000	246199999	1.4939714418666665	0.9912076438666667	0.5027637979999998
246200000	246249999	1.6770733403333333	0.9912076438666667	0.6858656964666666
246250000	246299999	1.8262932335	0.9912076438666667	0.8350855896333332
246300000	246349999	1.8745132767333335	0.9912076438666667	0.8833056328666667
246350000	246399999	1.8705874402333333	0.9912076438666667	0.8793797963666666
246400000	246449999	1.8745313303333333	0.9912076438666667	0.8833236864666666
246450000	246499999	1.8255362109333335	0.9912076438666667	0.8343285670666668
246500000	246549999	1.7088840199666668	0.9912076438666667	0.7176763761000001
246550000	246599999	1.6276572064666666	0.9912076438666667	0.6364495625999999
246600000	246649999	1.4802256738000001	0.9912076438666667	0.48901802993333343
246650000	246699999	1.5115210535	0.9912076438666667	0.5203134096333334
246700000	246749999	1.3962257832	0.9912076438666667	0.4050181393333333
246750000	246799999	1.496634583	0.9912076438666667	0.5054269391333334
246800000	246849999	1.4209545241666666	0.9912076438666667	0.42974688029999986
246850000	246899999	1.4152826403333334	0.9912076438666667	0.4240749964666667
246900000	246949999	1.2743173291666667	0.9912076438666667	0.2831096853
246950000	246999999	1.3619767064000001	0.9912076438666667	0.3707690625333334
247000000	247049999	1.4680304373666666	0.9912076438666667	0.4768227934999999
247050000	247099999	1.5350123821000001	0.9912076438666667	0.5438047382333334
247100000	247149999	1.3409255706	0.9912076438666667	0.34971792673333335
247150000	247199999	1.1910461693666667	0.9912076438666667	0.19983852550000003
247200000	247249999	1.0477774589333333	0.9912076438666667	0.056569815066666584
247250000	247299999	1.0387855183	0.9912076438666667	0.04757787443333339
247300000	247349999	1.1155638433	0.9912076438666667	0.1243561994333332
247350000	247399999	1.2954904567666667	0.9912076438666667	0.30428281290000003
247400000	247449999	1.3279789557000001	0.9912076438666667	0.3367713118333334
247450000	247499999	1.2420610361	0.9912076438666667	0.25085339223333325
247500000	247549999	1.1263966414333333	0.9912076438666667	0.13518899756666658
247550000	247599999	1.0732893578	0.9912076438666667	0.0820817139333333
247600000	247649999	1.0209548319000001	0.9912076438666667	0.029747188033333427
247650000	247699999	1.0855123466333334	0.9912076438666667	0.09430470276666669
247700000	247749999	1.1219772694333334	0.9912076438666667	0.13076962556666671
247750000	247799999	1.2041225151333335	0.9912076438666667	0.21291487126666675
247800000	247849999	1.1312431216333334	0.9912076438666667	0.1400354777666667
247850000	247899999	1.1454712372666667	0.9912076438666667	0.15426359339999995
247900000	247949999	1.1060150917333333	0.9912076438666667	0.11480744786666663
247950000	247999999	1.148298754	0.9912076438666667	0.15709111013333332
248000000	248049999	1.0501680949	0.9912076438666667	0.05896045103333336
248050000	248099999	0.9611849683666667	0.9912076438666667	-0.03002267550000004
248100000	248149999	0.9109369372	0.9912076438666667	-0.08027070666666669
248150000	248199999	0.9146212570333334	0.9912076438666667	-0.0765863868333333
248200000	248249999	0.9081109009666667	0.9912076438666667	-0.08309674290000002
248250000	248299999	0.8503655254666667	0.9912076438666667	-0.14084211840000005
248300000	248349999	0.8090003037333334	0.9912076438666667	-0.18220734013333328
248350000	248399999	0.8507497619000001	0.9912076438666667	-0.14045788196666664
248400000	248449999	0.8821803775666668	0.9912076438666667	-0.10902726629999993
248450000	248499999	0.9173000014666668	0.9912076438666667	-0.07390764239999992
248500000	248549999	0.8822951302666667	0.9912076438666667	-0.10891251359999998
248550000	248599999	0.8746410258333334	0.9912076438666667	-0.11656661803333335
248600000	248649999	0.6675337678000001	0.9912076438666667	-0.32367387606666664
248650000	248699999	0.483674119	0.9912076438666667	-0.5075335248666667
248700000	248749999	0.3179021994000001	0.9912076438666667	-0.6733054444666666
248750000	248799999	0.3974582214333334	0.9912076438666667	-0.5937494224333333
248800000	248849999	0.5580889110333334	0.9912076438666667	-0.43311873283333335
248850000	248899999	0.7676698725666667	0.9912076438666667	-0.22353777129999997
248900000	248949999	0.9239807558666667	0.9912076438666667	-0.06722688799999998
248950000	248999999	0.9912251407333333	0.9912076438666667	1.7496866666633082e-05
249000000	249049999	1.1165668485333333	0.9912076438666667	0.1253592046666666
249050000	249099999	1.1103201612	0.9912076438666667	0.11911251733333328
249100000	249149999	1.1993948235	0.9912076438666667	0.20818717963333333
249150000	249199999	1.5327280755333335	0.9912076438666667	0.5415204316666667
249200000	249249999	1.2056414295333333	0.9912076438666667	0.2144337856666666
249250000	249299999	1.1792463289166668	0.9912076438666667	0.1880386850500001
