start	end	obs	exp	var
0	49999	2.021281678433333	0.9910769443333333	1.0302047340999998
50000	99999	1.4979648816666666	0.9910769443333333	0.5068879373333334
100000	149999	1.5059309921	0.9910769443333333	0.5148540477666667
150000	199999	0.7101927151333333	0.9910769443333333	-0.2808842292
200000	249999	0.7885636160666666	0.9910769443333333	-0.20251332826666668
250000	299999	0.6265964081666666	0.9910769443333333	-0.36448053616666665
300000	349999	0.6817278359333332	0.9910769443333333	-0.3093491084000001
350000	399999	0.7253662452	0.9910769443333333	-0.26571069913333323
400000	449999	0.8492176360333332	0.9910769443333333	-0.14185930830000004
450000	499999	0.8020486659999999	0.9910769443333333	-0.18902827833333335
500000	549999	0.7530585496999999	0.9910769443333333	-0.2380183946333334
550000	599999	0.6713875088999999	0.9910769443333333	-0.3196894354333334
600000	649999	0.6944774778999999	0.9910769443333333	-0.29659946643333335
650000	699999	0.7184447404999998	0.9910769443333333	-0.2726322038333334
700000	749999	0.7549706891333332	0.9910769443333333	-0.23610625520000006
750000	799999	0.7732336778	0.9910769443333333	-0.2178432665333333
800000	849999	0.8174696044333333	0.9910769443333333	-0.1736073399
850000	899999	0.9899903782333334	0.9910769443333333	-0.0010865660999999083
900000	949999	1.0859260594	0.9910769443333333	0.09484911506666671
950000	999999	1.0426363287666667	0.9910769443333333	0.05155938443333341
1000000	1049999	0.8576014697666666	0.9910769443333333	-0.13347547456666664
1050000	1099999	0.7704821224999999	0.9910769443333333	-0.22059482183333334
1100000	1149999	0.8302481133999999	0.9910769443333333	-0.16082883093333333
1150000	1199999	0.9365597992999999	0.9910769443333333	-0.05451714503333338
1200000	1249999	1.0250515959666666	0.9910769443333333	0.03397465163333335
1250000	1299999	1.1375027379333331	0.9910769443333333	0.14642579359999985
1300000	1349999	1.1983002376333332	0.9910769443333333	0.2072232932999999
1350000	1399999	1.1648535860666667	0.9910769443333333	0.1737766417333334
1400000	1449999	1.0730266984999999	0.9910769443333333	0.08194975416666661
1450000	1499999	1.0079581801	0.9910769443333333	0.01688123576666667
1500000	1549999	0.9357876396333332	0.9910769443333333	-0.05528930470000004
1550000	1599999	0.8377620211666665	0.9910769443333333	-0.15331492316666673
1600000	1649999	0.7638637538999999	0.9910769443333333	-0.22721319043333332
1650000	1699999	0.7540351952	0.9910769443333333	-0.2370417491333333
1700000	1749999	0.8059581157333332	0.9910769443333333	-0.18511882860000006
1750000	1799999	0.8802136960666666	0.9910769443333333	-0.11086324826666671
1800000	1849999	1.0314893835666665	0.9910769443333333	0.040412439233333264
1850000	1899999	1.0291827491333332	0.9910769443333333	0.03810580479999992
1900000	1949999	0.9491478426	0.9910769443333333	-0.04192910173333331
1950000	1999999	0.7699962929666666	0.9910769443333333	-0.22108065136666666
2000000	2049999	0.7723003605333333	0.9910769443333333	-0.21877658379999998
2050000	2099999	0.7658082226999999	0.9910769443333333	-0.22526872163333334
2100000	2149999	0.7187076038333333	0.9910769443333333	-0.27236934049999995
2150000	2199999	0.5930990981666666	0.9910769443333333	-0.39797784616666665
2200000	2249999	0.5358937092	0.9910769443333333	-0.45518323513333325
2250000	2299999	0.5455240443666666	0.9910769443333333	-0.4455528999666667
2300000	2349999	0.6248273088999999	0.9910769443333333	-0.36624963543333333
2350000	2399999	0.6119096047333332	0.9910769443333333	-0.37916733960000004
2400000	2449999	0.6460749839333333	0.9910769443333333	-0.3450019604
2450000	2499999	0.6055595269333333	0.9910769443333333	-0.3855174174
2500000	2549999	0.6211465407666665	0.9910769443333333	-0.36993040356666673
2550000	2599999	0.6064659706999999	0.9910769443333333	-0.3846109736333334
2600000	2649999	0.6167909584333333	0.9910769443333333	-0.37428598589999995
2650000	2699999	0.6244953989666666	0.9910769443333333	-0.36658154536666665
2700000	2749999	0.6058041339333333	0.9910769443333333	-0.38527281039999994
2750000	2799999	0.5931751608333333	0.9910769443333333	-0.39790178349999994
2800000	2849999	0.5930861044333333	0.9910769443333333	-0.39799083989999995
2850000	2899999	0.6420096312	0.9910769443333333	-0.3490673131333333
2900000	2949999	0.6906937765999999	0.9910769443333333	-0.3003831677333334
2950000	2999999	0.7107857637333332	0.9910769443333333	-0.2802911806
3000000	3049999	0.6971134977	0.9910769443333333	-0.2939634466333333
3050000	3099999	0.6750002570666667	0.9910769443333333	-0.3160766872666666
3100000	3149999	0.6759812183333334	0.9910769443333333	-0.3150957259999999
3150000	3199999	0.6668716084333333	0.9910769443333333	-0.3242053359
3200000	3249999	0.6560607451999999	0.9910769443333333	-0.33501619913333336
3250000	3299999	0.6238336880666666	0.9910769443333333	-0.36724325626666665
3300000	3349999	0.5907071606	0.9910769443333333	-0.4003697837333333
3350000	3399999	0.570720257	0.9910769443333333	-0.4203566873333333
3400000	3449999	0.5750597367999999	0.9910769443333333	-0.4160172075333334
3450000	3499999	0.5720526749666666	0.9910769443333333	-0.4190242693666667
3500000	3549999	0.5648057989333333	0.9910769443333333	-0.4262711454
3550000	3599999	0.5003937568666665	0.9910769443333333	-0.4906831874666667
3600000	3649999	0.5330124668666666	0.9910769443333333	-0.4580644774666667
3650000	3699999	0.5632379734333333	0.9910769443333333	-0.4278389709
3700000	3749999	0.6566184689	0.9910769443333333	-0.3344584754333333
3750000	3799999	0.6758856064999998	0.9910769443333333	-0.3151913378333334
3800000	3849999	0.6692212656999998	0.9910769443333333	-0.3218556786333334
3850000	3899999	0.7106644999333332	0.9910769443333333	-0.2804124444
3900000	3949999	0.7751667681	0.9910769443333333	-0.2159101762333333
3950000	3999999	0.7979358474999999	0.9910769443333333	-0.19314109683333336
4000000	4049999	0.7252037283333332	0.9910769443333333	-0.265873216
4050000	4099999	0.6015799920666666	0.9910769443333333	-0.3894969522666667
4100000	4149999	0.6421715002999999	0.9910769443333333	-0.34890544403333335
4150000	4199999	0.6845718175	0.9910769443333333	-0.3065051268333333
4200000	4249999	0.7750693496	0.9910769443333333	-0.2160075947333333
4250000	4299999	0.7577907837666666	0.9910769443333333	-0.23328616056666662
4300000	4349999	0.7362234571333333	0.9910769443333333	-0.2548534872
4350000	4399999	0.6991974456999999	0.9910769443333333	-0.2918794986333334
4400000	4449999	0.6973256993999999	0.9910769443333333	-0.2937512449333334
4450000	4499999	0.7006583333333333	0.9910769443333333	-0.290418611
4500000	4549999	0.7318903749999999	0.9910769443333333	-0.2591865693333334
4550000	4599999	0.8253307985333332	0.9910769443333333	-0.16574614580000002
4600000	4649999	0.8492115756666666	0.9910769443333333	-0.14186536866666666
4650000	4699999	0.8615398652999999	0.9910769443333333	-0.12953707903333334
4700000	4749999	0.8112673133666666	0.9910769443333333	-0.1798096309666667
4750000	4799999	0.8085835584666666	0.9910769443333333	-0.18249338586666664
4800000	4849999	0.7529777356999999	0.9910769443333333	-0.23809920863333334
4850000	4899999	0.6478998341333333	0.9910769443333333	-0.34317711019999997
4900000	4949999	0.6050241241333332	0.9910769443333333	-0.3860528202000001
4950000	4999999	0.6371937759333333	0.9910769443333333	-0.3538831684
5000000	5049999	0.6369976374666666	0.9910769443333333	-0.35407930686666667
5050000	5099999	0.6277372987	0.9910769443333333	-0.3633396456333333
5100000	5149999	0.5860681501333332	0.9910769443333333	-0.4050087942
5150000	5199999	0.6216395749333332	0.9910769443333333	-0.36943736940000005
5200000	5249999	0.6585555569333332	0.9910769443333333	-0.33252138740000003
5250000	5299999	0.7040379810666666	0.9910769443333333	-0.28703896326666667
5300000	5349999	0.6548809476999999	0.9910769443333333	-0.3361959966333333
5350000	5399999	0.6702108156333333	0.9910769443333333	-0.3208661287
5400000	5449999	0.6310076620333332	0.9910769443333333	-0.3600692823
5450000	5499999	0.6969024221333333	0.9910769443333333	-0.29417452219999995
5500000	5549999	0.6728712443333333	0.9910769443333333	-0.3182056999999999
5550000	5599999	0.6475686647666666	0.9910769443333333	-0.34350827956666663
5600000	5649999	0.6139627774999998	0.9910769443333333	-0.37711416683333343
5650000	5699999	0.6229914695999998	0.9910769443333333	-0.3680854747333334
5700000	5749999	0.6391729748999999	0.9910769443333333	-0.35190396943333335
5750000	5799999	0.6335350899333332	0.9910769443333333	-0.3575418544000001
5800000	5849999	0.6451925340333332	0.9910769443333333	-0.34588441030000006
5850000	5899999	0.6241908214999999	0.9910769443333333	-0.36688612283333333
5900000	5949999	0.6301330602999999	0.9910769443333333	-0.36094388403333333
5950000	5999999	0.5610636432	0.9910769443333333	-0.43001330113333325
6000000	6049999	0.6083230252	0.9910769443333333	-0.38275391913333323
6050000	6099999	0.6045409892666667	0.9910769443333333	-0.3865359550666666
6100000	6149999	0.6343503304666666	0.9910769443333333	-0.3567266138666667
6150000	6199999	0.6305277288333333	0.9910769443333333	-0.36054921549999996
6200000	6249999	0.6424605171999999	0.9910769443333333	-0.3486164271333334
6250000	6299999	0.6576079702333333	0.9910769443333333	-0.3334689741
6300000	6349999	0.6948287988999999	0.9910769443333333	-0.29624814543333333
6350000	6399999	0.7098041538333333	0.9910769443333333	-0.2812727905
6400000	6449999	0.7079045199666667	0.9910769443333333	-0.28317242436666656
6450000	6499999	0.6953003099333332	0.9910769443333333	-0.2957766344
6500000	6549999	0.7090050695666665	0.9910769443333333	-0.28207187476666673
6550000	6599999	0.7192197130333333	0.9910769443333333	-0.27185723129999995
6600000	6649999	0.6861272846666666	0.9910769443333333	-0.30494965966666665
6650000	6699999	0.6678933729	0.9910769443333333	-0.3231835714333333
6700000	6749999	0.6727077668999999	0.9910769443333333	-0.3183691774333334
6750000	6799999	0.7050786906	0.9910769443333333	-0.2859982537333333
6800000	6849999	0.7057451700666666	0.9910769443333333	-0.28533177426666667
6850000	6899999	0.6945439404666666	0.9910769443333333	-0.2965330038666667
6900000	6949999	0.6774621735666666	0.9910769443333333	-0.31361477076666666
6950000	6999999	0.6980135691666666	0.9910769443333333	-0.2930633751666667
7000000	7049999	0.7176074646999999	0.9910769443333333	-0.27346947963333335
7050000	7099999	0.7863745374333332	0.9910769443333333	-0.20470240690000008
7100000	7149999	1.1087481262999999	0.9910769443333333	0.1176711819666666
7150000	7199999	1.5049461578666667	0.9910769443333333	0.5138692135333335
7200000	7249999	1.4783771136666666	0.9910769443333333	0.4873001693333333
7250000	7299999	1.1470962426666667	0.9910769443333333	0.1560192983333334
7300000	7349999	0.8447310014666666	0.9910769443333333	-0.1463459428666667
7350000	7399999	0.9258793186666666	0.9910769443333333	-0.06519762566666665
7400000	7449999	0.9733150600333332	0.9910769443333333	-0.01776188430000003
7450000	7499999	1.0454787203333331	0.9910769443333333	0.054401775999999846
7500000	7549999	1.0432595956	0.9910769443333333	0.05218265126666666
7550000	7599999	1.1025993445333333	0.9910769443333333	0.11152240020000004
7600000	7649999	1.0551796126333333	0.9910769443333333	0.0641026683
7650000	7699999	0.9845635975333333	0.9910769443333333	-0.006513346799999931
7700000	7749999	0.8846942126333334	0.9910769443333333	-0.1063827316999999
7750000	7799999	0.7559022317999999	0.9910769443333333	-0.23517471253333333
7800000	7849999	0.7249656909	0.9910769443333333	-0.2661112534333333
7850000	7899999	0.7272190857333333	0.9910769443333333	-0.2638578586
7900000	7949999	0.750965484	0.9910769443333333	-0.2401114603333333
7950000	7999999	0.7567602229333332	0.9910769443333333	-0.23431672140000004
8000000	8049999	0.7785674845333332	0.9910769443333333	-0.21250945980000002
8050000	8099999	0.7963447107666666	0.9910769443333333	-0.1947322335666667
8100000	8149999	0.8253415077333333	0.9910769443333333	-0.1657354366
8150000	8199999	0.8445156341666666	0.9910769443333333	-0.14656131016666663
8200000	8249999	0.8547807686	0.9910769443333333	-0.1362961757333333
8250000	8299999	0.9849196157333332	0.9910769443333333	-0.006157328600000067
8300000	8349999	1.6040537278999998	0.9910769443333333	0.6129767835666665
8350000	8399999	2.0213690855333333	0.9910769443333333	1.0302921412
8400000	8449999	2.2796599065333334	0.9910769443333333	1.2885829622
8450000	8499999	1.9030369957666666	0.9910769443333333	0.9119600514333334
8500000	8549999	1.4048707014333333	0.9910769443333333	0.4137937571
8550000	8599999	0.9948311284666667	0.9910769443333333	0.0037541841333333936
8600000	8649999	0.7259832101999999	0.9910769443333333	-0.26509373413333337
8650000	8699999	0.7161119265333333	0.9910769443333333	-0.27496501779999993
8700000	8749999	0.6648207192	0.9910769443333333	-0.3262562251333333
8750000	8799999	0.6274727788666666	0.9910769443333333	-0.36360416546666663
8800000	8849999	0.6835757694333333	0.9910769443333333	-0.30750117489999995
8850000	8899999	0.7043037105999999	0.9910769443333333	-0.2867732337333334
8900000	8949999	0.7198832730333333	0.9910769443333333	-0.27119367129999994
8950000	8999999	0.7207355088999999	0.9910769443333333	-0.27034143543333333
9000000	9049999	0.7082102404666666	0.9910769443333333	-0.2828667038666667
9050000	9099999	0.7228588756333333	0.9910769443333333	-0.2682180687
9100000	9149999	0.7201661537333333	0.9910769443333333	-0.2709107906
9150000	9199999	0.7774077282333333	0.9910769443333333	-0.2136692161
9200000	9249999	0.8441325327666666	0.9910769443333333	-0.1469444115666667
9250000	9299999	0.8887332392333332	0.9910769443333333	-0.10234370510000002
9300000	9349999	0.9169839081333333	0.9910769443333333	-0.07409303619999996
9350000	9399999	0.8264992042999999	0.9910769443333333	-0.16457774003333336
9400000	9449999	0.7115942872666665	0.9910769443333333	-0.27948265706666675
9450000	9499999	0.6479315575	0.9910769443333333	-0.3431453868333333
9500000	9549999	0.5693212865666666	0.9910769443333333	-0.4217556577666667
9550000	9599999	0.5853378212	0.9910769443333333	-0.40573912313333327
9600000	9649999	0.3719836135999999	0.9910769443333333	-0.6190933307333334
9650000	9699999	0.32539136673333324	0.9910769443333333	-0.6656855776
9700000	9749999	0.44298228783333327	0.9910769443333333	-0.5480946565
9750000	9799999	0.7850742001	0.9910769443333333	-0.2060027442333333
9800000	9849999	1.0197779063666665	0.9910769443333333	0.028700962033333277
9850000	9899999	1.1618906098666666	0.9910769443333333	0.17081366553333333
9900000	9949999	1.1480560347666666	0.9910769443333333	0.15697909043333336
9950000	9999999	1.1956775574999998	0.9910769443333333	0.20460061316666656
10000000	10049999	1.0564046398333333	0.9910769443333333	0.06532769550000006
10050000	10099999	0.9119088301666666	0.9910769443333333	-0.07916811416666669
10100000	10149999	0.8482510496999999	0.9910769443333333	-0.1428258946333334
10150000	10199999	0.8621675321666666	0.9910769443333333	-0.12890941216666663
10200000	10249999	0.9346599442666667	0.9910769443333333	-0.05641700006666661
10250000	10299999	0.8464912890999999	0.9910769443333333	-0.14458565523333333
10300000	10349999	0.7386428720333332	0.9910769443333333	-0.25243407230000003
10350000	10399999	0.7950368920666666	0.9910769443333333	-0.19604005226666665
10400000	10449999	0.7730594000333333	0.9910769443333333	-0.21801754429999998
10450000	10499999	0.8128471145999999	0.9910769443333333	-0.17822982973333334
10500000	10549999	0.6728163992333333	0.9910769443333333	-0.3182605451
10550000	10599999	0.7844938481666666	0.9910769443333333	-0.2065830961666667
10600000	10649999	0.8830864336333333	0.9910769443333333	-0.10799051069999999
10650000	10699999	0.9983617117	0.9910769443333333	0.007284767366666722
10700000	10749999	1.0146847109333332	0.9910769443333333	0.02360776659999997
10750000	10799999	0.9898340494	0.9910769443333333	-0.001242894933333294
10800000	10849999	0.9466692910666666	0.9910769443333333	-0.044407653266666625
10850000	10899999	0.9742097046666667	0.9910769443333333	-0.01686723966666659
10900000	10949999	1.0772075204666667	0.9910769443333333	0.08613057613333341
10950000	10999999	1.1151127645333332	0.9910769443333333	0.12403582019999992
11000000	11049999	1.0750396229666666	0.9910769443333333	0.08396267863333329
11050000	11099999	1.0452662634333332	0.9910769443333333	0.05418931909999991
11100000	11149999	1.1055212148333333	0.9910769443333333	0.11444427050000006
11150000	11199999	0.9931086523999999	0.9910769443333333	0.0020317080666666376
11200000	11249999	0.9808213477	0.9910769443333333	-0.010255596633333308
11250000	11299999	1.0074613234333332	0.9910769443333333	0.0163843790999999
11300000	11349999	1.1245340614333332	0.9910769443333333	0.13345711709999997
11350000	11399999	0.9675486713666666	0.9910769443333333	-0.023528272966666708
11400000	11449999	0.8849275968	0.9910769443333333	-0.10614934753333327
11450000	11499999	0.6056254593999999	0.9910769443333333	-0.38545148493333337
11500000	11549999	0.6333715078	0.9910769443333333	-0.3577054365333333
11550000	11599999	0.5422400473333333	0.9910769443333333	-0.44883689699999996
11600000	11649999	0.7108035570999999	0.9910769443333333	-0.2802733872333334
11650000	11699999	0.7207494687666666	0.9910769443333333	-0.2703274755666667
11700000	11749999	0.7842917871999999	0.9910769443333333	-0.20678515713333334
11750000	11799999	0.8437502898666666	0.9910769443333333	-0.1473266544666667
11800000	11849999	0.8443583229666666	0.9910769443333333	-0.1467186213666667
11850000	11899999	0.8432564016666666	0.9910769443333333	-0.14782054266666667
11900000	11949999	0.8696569737	0.9910769443333333	-0.12141997063333332
11950000	11999999	0.8607101210666666	0.9910769443333333	-0.1303668232666667
12000000	12049999	0.8483021408666666	0.9910769443333333	-0.1427748034666667
12050000	12099999	0.7809150088333333	0.9910769443333333	-0.21016193549999995
12100000	12149999	0.7717423429333332	0.9910769443333333	-0.21933460140000005
12150000	12199999	0.7390409043333332	0.9910769443333333	-0.25203604
12200000	12249999	0.8067032464333332	0.9910769443333333	-0.18437369790000002
12250000	12299999	0.9419953940666667	0.9910769443333333	-0.04908155026666661
12300000	12349999	1.0294606031	0.9910769443333333	0.03838365876666672
12350000	12399999	0.9589092688666666	0.9910769443333333	-0.032167675466666656
12400000	12449999	0.8079811202999999	0.9910769443333333	-0.18309582403333335
12450000	12499999	0.7600706928	0.9910769443333333	-0.23100625153333332
12500000	12549999	0.7562501158333332	0.9910769443333333	-0.23482682850000003
12550000	12599999	0.7723308049	0.9910769443333333	-0.21874613943333332
12600000	12649999	0.8212444063666666	0.9910769443333333	-0.16983253796666664
12650000	12699999	0.8246451665666665	0.9910769443333333	-0.16643177776666673
12700000	12749999	0.8123791616999999	0.9910769443333333	-0.17869778263333336
12750000	12799999	0.7674412586666666	0.9910769443333333	-0.2236356856666667
12800000	12849999	0.8316317217999999	0.9910769443333333	-0.15944522253333338
12850000	12899999	0.8458581656666666	0.9910769443333333	-0.14521877866666666
12900000	12949999	0.8334385738	0.9910769443333333	-0.1576383705333333
12950000	12999999	0.7884740358333332	0.9910769443333333	-0.20260290850000007
13000000	13049999	0.8042860630666666	0.9910769443333333	-0.18679088126666665
13050000	13099999	0.7904354637666666	0.9910769443333333	-0.20064148056666664
13100000	13149999	0.7926927985333333	0.9910769443333333	-0.19838414579999997
13150000	13199999	0.7725193980999999	0.9910769443333333	-0.21855754623333334
13200000	13249999	0.7722768101999999	0.9910769443333333	-0.21880013413333332
13250000	13299999	0.7524474198666666	0.9910769443333333	-0.23862952446666663
13300000	13349999	0.7468582924999999	0.9910769443333333	-0.24421865183333336
13350000	13399999	0.6866169885666666	0.9910769443333333	-0.3044599557666666
13400000	13449999	0.6642998774333333	0.9910769443333333	-0.32677706689999997
13450000	13499999	0.5890885598666666	0.9910769443333333	-0.4019883844666666
13500000	13549999	0.5602451617333333	0.9910769443333333	-0.4308317826
13550000	13599999	0.5405918766666666	0.9910769443333333	-0.4504850676666666
13600000	13649999	0.5736807638	0.9910769443333333	-0.41739618053333327
13650000	13699999	0.5697841412	0.9910769443333333	-0.4212928031333333
13700000	13749999	0.5577053735666666	0.9910769443333333	-0.43337157076666666
13750000	13799999	0.5495142685666666	0.9910769443333333	-0.44156267576666663
13800000	13849999	0.5662773075333333	0.9910769443333333	-0.4247996368
13850000	13899999	0.5875755789333332	0.9910769443333333	-0.40350136540000003
13900000	13949999	0.6124902358333333	0.9910769443333333	-0.3785867085
13950000	13999999	0.6406533497	0.9910769443333333	-0.3504235946333333
14000000	14049999	0.6533343058666666	0.9910769443333333	-0.33774263846666663
14050000	14099999	0.6096903757	0.9910769443333333	-0.3813865686333333
14100000	14149999	0.6195461588999999	0.9910769443333333	-0.3715307854333334
14150000	14199999	0.6168136398333333	0.9910769443333333	-0.3742633045
14200000	14249999	0.6148961206333332	0.9910769443333333	-0.37618082370000006
14250000	14299999	0.5970345793666666	0.9910769443333333	-0.39404236496666667
14300000	14349999	0.6133283865999999	0.9910769443333333	-0.3777485577333334
14350000	14399999	0.6778127386333332	0.9910769443333333	-0.3132642057
14400000	14449999	0.6905409630999999	0.9910769443333333	-0.30053598123333336
14450000	14499999	0.7449777907333333	0.9910769443333333	-0.2460991536
14500000	14549999	0.8828386562999999	0.9910769443333333	-0.10823828803333335
14550000	14599999	1.0119468016	0.9910769443333333	0.02086985726666668
14600000	14649999	0.9890130791	0.9910769443333333	-0.0020638652333332397
14650000	14699999	0.8396897254666666	0.9910769443333333	-0.15138721886666662
14700000	14749999	0.8017737924666666	0.9910769443333333	-0.18930315186666669
14750000	14799999	0.7749096492666666	0.9910769443333333	-0.21616729506666665
14800000	14849999	0.7563067216333332	0.9910769443333333	-0.23477022270000003
14850000	14899999	0.6444043817333334	0.9910769443333333	-0.3466725625999999
14900000	14949999	0.7513258063	0.9910769443333333	-0.23975113803333326
14950000	14999999	0.7690362911999999	0.9910769443333333	-0.22204065313333332
15000000	15049999	0.8377518512333333	0.9910769443333333	-0.15332509309999998
15050000	15099999	0.7586553598	0.9910769443333333	-0.23242158453333328
15100000	15149999	0.7646932573666666	0.9910769443333333	-0.22638368696666666
15150000	15199999	0.7408403491666666	0.9910769443333333	-0.25023659516666663
15200000	15249999	0.7205395198	0.9910769443333333	-0.2705374245333333
15250000	15299999	0.7055484242333332	0.9910769443333333	-0.28552852010000007
15300000	15349999	0.7135966752666666	0.9910769443333333	-0.2774802690666667
15350000	15399999	0.7546506645666666	0.9910769443333333	-0.23642627976666664
15400000	15449999	0.7752699391	0.9910769443333333	-0.2158070052333333
15450000	15499999	0.7501514960333333	0.9910769443333333	-0.24092544829999996
15500000	15549999	0.6796612395999999	0.9910769443333333	-0.31141570473333335
15550000	15599999	0.6319134846666666	0.9910769443333333	-0.35916345966666663
15600000	15649999	0.5887899590333333	0.9910769443333333	-0.40228698529999996
15650000	15699999	0.5650988464	0.9910769443333333	-0.4259780979333333
15700000	15749999	0.5639718620333333	0.9910769443333333	-0.4271050823
15750000	15799999	0.6415901141666666	0.9910769443333333	-0.3494868301666667
15800000	15849999	0.6586333365999999	0.9910769443333333	-0.33244360773333337
15850000	15899999	0.6728763764666665	0.9910769443333333	-0.31820056786666673
15900000	15949999	0.6130581872666666	0.9910769443333333	-0.37801875706666666
15950000	15999999	0.6007411499666666	0.9910769443333333	-0.39033579436666666
16000000	16049999	0.6427807542333333	0.9910769443333333	-0.3482961901
16050000	16099999	0.6347530197999999	0.9910769443333333	-0.3563239245333334
16100000	16149999	0.6375424475999999	0.9910769443333333	-0.35353449673333337
16150000	16199999	0.5401382981666666	0.9910769443333333	-0.4509386461666667
16200000	16249999	0.5284733562999999	0.9910769443333333	-0.46260358803333335
16250000	16299999	0.5469485139333332	0.9910769443333333	-0.44412843040000005
16300000	16349999	0.6300607470333333	0.9910769443333333	-0.3610161973
16350000	16399999	0.6495386417333332	0.9910769443333333	-0.34153830260000007
16400000	16449999	0.6514084172666665	0.9910769443333333	-0.3396685270666667
16450000	16499999	0.5773025724666666	0.9910769443333333	-0.41377437186666666
16500000	16549999	0.5814128887333333	0.9910769443333333	-0.40966405559999997
16550000	16599999	0.5974109039	0.9910769443333333	-0.3936660404333333
16600000	16649999	0.5777394928666666	0.9910769443333333	-0.41333745146666667
16650000	16699999	0.6487988514333333	0.9910769443333333	-0.3422780929
16700000	16749999	0.5739323393	0.9910769443333333	-0.4171446050333333
16750000	16799999	0.6273412305999999	0.9910769443333333	-0.36373571373333335
16800000	16849999	0.5359916883	0.9910769443333333	-0.4550852560333333
16850000	16899999	0.5710066971999999	0.9910769443333333	-0.4200702471333334
16900000	16949999	0.5917040605666666	0.9910769443333333	-0.3993728837666667
16950000	16999999	0.6132208296333332	0.9910769443333333	-0.3778561147
17000000	17049999	0.6562275358333333	0.9910769443333333	-0.3348494085
17050000	17099999	0.6342818855333333	0.9910769443333333	-0.35679505879999995
17100000	17149999	0.5765101351333333	0.9910769443333333	-0.4145668092
17150000	17199999	0.5245413431666666	0.9910769443333333	-0.4665356011666667
17200000	17249999	0.5275767309333332	0.9910769443333333	-0.4635002134
17250000	17299999	0.5602001852	0.9910769443333333	-0.43087675913333323
17300000	17349999	0.5735544414333333	0.9910769443333333	-0.4175225028999999
17350000	17399999	0.5535172205333332	0.9910769443333333	-0.4375597238000001
17400000	17449999	0.5558542336999999	0.9910769443333333	-0.4352227106333334
17450000	17499999	0.5652957786666666	0.9910769443333333	-0.4257811656666667
17500000	17549999	0.5522469992666665	0.9910769443333333	-0.4388299450666667
17550000	17599999	0.5536175206999999	0.9910769443333333	-0.43745942363333334
17600000	17649999	0.5531683697666665	0.9910769443333333	-0.43790857456666676
17650000	17699999	0.5881525862333332	0.9910769443333333	-0.40292435810000005
17700000	17749999	0.5669949173333333	0.9910769443333333	-0.424082027
17750000	17799999	0.5512525935333332	0.9910769443333333	-0.43982435080000004
17800000	17849999	0.5266226439666666	0.9910769443333333	-0.4644543003666667
17850000	17899999	0.5649771072666665	0.9910769443333333	-0.42609983706666676
17900000	17949999	0.5446122147666665	0.9910769443333333	-0.4464647295666667
17950000	17999999	0.5560508801999999	0.9910769443333333	-0.43502606413333333
18000000	18049999	0.5573164622	0.9910769443333333	-0.4337604821333333
18050000	18099999	0.6084033447999999	0.9910769443333333	-0.38267359953333335
18100000	18149999	0.6281642763666666	0.9910769443333333	-0.36291266796666666
18150000	18199999	0.6485486246	0.9910769443333333	-0.3425283197333333
18200000	18249999	0.6408472965333333	0.9910769443333333	-0.3502296478
18250000	18299999	0.6524395620333333	0.9910769443333333	-0.33863738229999996
18300000	18349999	0.6547638087666666	0.9910769443333333	-0.33631313556666664
18350000	18399999	0.7117214076999999	0.9910769443333333	-0.27935553663333335
18400000	18449999	0.7480218884666666	0.9910769443333333	-0.24305505586666665
18450000	18499999	0.7415213197666666	0.9910769443333333	-0.2495556245666667
18500000	18549999	0.7699588613666666	0.9910769443333333	-0.22111808296666668
18550000	18599999	0.7597259227666666	0.9910769443333333	-0.23135102156666665
18600000	18649999	0.8192032384999999	0.9910769443333333	-0.1718737058333334
18650000	18699999	0.8392094077333333	0.9910769443333333	-0.15186753659999996
18700000	18749999	0.8673458596666666	0.9910769443333333	-0.12373108466666671
18750000	18799999	0.8992692726666666	0.9910769443333333	-0.0918076716666667
18800000	18849999	0.9166481371333333	0.9910769443333333	-0.0744288072
18850000	18899999	0.9451249982999999	0.9910769443333333	-0.04595194603333341
18900000	18949999	0.9546516144333332	0.9910769443333333	-0.036425329900000025
18950000	18999999	0.8982246896666666	0.9910769443333333	-0.09285225466666669
19000000	19049999	0.8526769695333333	0.9910769443333333	-0.1383999748
19050000	19099999	0.7888490231666666	0.9910769443333333	-0.20222792116666666
19100000	19149999	0.7476667324666666	0.9910769443333333	-0.24341021186666667
19150000	19199999	0.7784293949666666	0.9910769443333333	-0.21264754936666663
19200000	19249999	0.8049980257666666	0.9910769443333333	-0.1860789185666667
19250000	19299999	0.9004582139333333	0.9910769443333333	-0.09061873040000001
19300000	19349999	1.0111610044333332	0.9910769443333333	0.020084060099999967
19350000	19399999	1.0693743424	0.9910769443333333	0.07829739806666669
19400000	19449999	0.98092808	0.9910769443333333	-0.010148864333333285
19450000	19499999	0.8062559559333333	0.9910769443333333	-0.18482098839999994
19500000	19549999	0.6851760083333334	0.9910769443333333	-0.3059009359999999
19550000	19599999	0.6885308077999999	0.9910769443333333	-0.3025461365333334
19600000	19649999	0.736396587	0.9910769443333333	-0.2546803573333333
19650000	19699999	0.7200600443999999	0.9910769443333333	-0.27101689993333333
19700000	19749999	0.6527650959333333	0.9910769443333333	-0.33831184839999995
19750000	19799999	0.5544460685666666	0.9910769443333333	-0.4366308757666667
19800000	19849999	0.5116189321666667	0.9910769443333333	-0.4794580121666666
19850000	19899999	0.5012557001999999	0.9910769443333333	-0.4898212441333334
19900000	19949999	0.4613609513333333	0.9910769443333333	-0.5297159929999999
19950000	19999999	0.49260868059999996	0.9910769443333333	-0.4984682637333333
20000000	20049999	0.5063921123333333	0.9910769443333333	-0.484684832
20050000	20099999	0.5802153073666666	0.9910769443333333	-0.41086163696666667
20100000	20149999	0.5764122700333333	0.9910769443333333	-0.4146646743
20150000	20199999	0.5347906660333333	0.9910769443333333	-0.4562862783
20200000	20249999	0.4721721461666666	0.9910769443333333	-0.5189047981666667
20250000	20299999	0.48404930479999997	0.9910769443333333	-0.5070276395333333
20300000	20349999	0.5038797924666666	0.9910769443333333	-0.4871971518666667
20350000	20399999	0.5843242102999999	0.9910769443333333	-0.40675273403333334
20400000	20449999	0.5478694174666665	0.9910769443333333	-0.44320752686666676
20450000	20499999	0.5571275356999998	0.9910769443333333	-0.4339494086333334
20500000	20549999	0.5595445371666665	0.9910769443333333	-0.43153240716666674
20550000	20599999	0.5709215243666665	0.9910769443333333	-0.4201554199666667
20600000	20649999	0.6269601404666666	0.9910769443333333	-0.36411680386666667
20650000	20699999	0.5924195928	0.9910769443333333	-0.39865735153333326
20700000	20749999	0.6483334931666667	0.9910769443333333	-0.3427434511666666
20750000	20799999	0.5613193084333332	0.9910769443333333	-0.42975763590000005
20800000	20849999	0.5759320553666666	0.9910769443333333	-0.4151448889666667
20850000	20899999	0.48477359313333324	0.9910769443333333	-0.5063033512
20900000	20949999	0.49788167256666654	0.9910769443333333	-0.4931952717666667
20950000	20999999	0.4747274142333332	0.9910769443333333	-0.5163495301000001
21000000	21049999	0.5327742241333333	0.9910769443333333	-0.45830272019999996
21050000	21099999	0.5749710398666665	0.9910769443333333	-0.41610590446666673
21100000	21149999	0.6033384613333332	0.9910769443333333	-0.387738483
21150000	21199999	0.6039545291333333	0.9910769443333333	-0.3871224152
21200000	21249999	0.5902347636666666	0.9910769443333333	-0.40084218066666666
21250000	21299999	0.6339570051333332	0.9910769443333333	-0.35711993920000007
21300000	21349999	0.6855663559999998	0.9910769443333333	-0.30551058833333344
21350000	21399999	0.7601548021333332	0.9910769443333333	-0.23092214220000007
21400000	21449999	0.8558387801333333	0.9910769443333333	-0.1352381642
21450000	21499999	0.9515008583666665	0.9910769443333333	-0.03957608596666673
21500000	21549999	1.0087459221666666	0.9910769443333333	0.01766897783333332
21550000	21599999	0.9986664433666665	0.9910769443333333	0.00758949903333328
21600000	21649999	0.9884701550666666	0.9910769443333333	-0.002606789266666687
21650000	21699999	0.9740905886	0.9910769443333333	-0.01698635573333329
21700000	21749999	0.9726849569	0.9910769443333333	-0.018391987433333257
21750000	21799999	0.8699565513999999	0.9910769443333333	-0.12112039293333332
21800000	21849999	0.8948479636666666	0.9910769443333333	-0.09622898066666663
21850000	21899999	0.7946625705999999	0.9910769443333333	-0.19641437373333337
21900000	21949999	0.8840314524333333	0.9910769443333333	-0.10704549190000001
21950000	21999999	0.8571776046333333	0.9910769443333333	-0.1338993397
22000000	22049999	0.9393204372333332	0.9910769443333333	-0.051756507100000015
22050000	22099999	0.9365902908333332	0.9910769443333333	-0.05448665350000004
22100000	22149999	0.9164414940999999	0.9910769443333333	-0.0746354502333334
22150000	22199999	0.9093004158999999	0.9910769443333333	-0.08177652843333338
22200000	22249999	0.7909978004333332	0.9910769443333333	-0.20007914390000003
22250000	22299999	0.7724390250666666	0.9910769443333333	-0.21863791926666665
22300000	22349999	0.6963019345999999	0.9910769443333333	-0.29477500973333337
22350000	22399999	0.7123585845	0.9910769443333333	-0.27871835983333326
22400000	22449999	0.6519785228333332	0.9910769443333333	-0.3390984215
22450000	22499999	0.6773874649666667	0.9910769443333333	-0.3136894793666666
22500000	22549999	0.7372218284333333	0.9910769443333333	-0.2538551159
22550000	22599999	0.893030904	0.9910769443333333	-0.0980460403333333
22600000	22649999	1.0673488896666665	0.9910769443333333	0.07627194533333326
22650000	22699999	1.1602567600666667	0.9910769443333333	0.1691798157333334
22700000	22749999	1.3621672830333333	0.9910769443333333	0.3710903387000001
22750000	22799999	1.4474849854	0.9910769443333333	0.45640804106666677
22800000	22849999	1.4335141148	0.9910769443333333	0.44243717046666664
22850000	22899999	1.3004490165666667	0.9910769443333333	0.3093720722333334
22900000	22949999	1.0982210100666667	0.9910769443333333	0.10714406573333346
22950000	22999999	1.2215592140333333	0.9910769443333333	0.23048226970000008
23000000	23049999	1.1703015467666666	0.9910769443333333	0.17922460243333338
23050000	23099999	1.2832812167333332	0.9910769443333333	0.2922042723999999
23100000	23149999	1.1706797868666665	0.9910769443333333	0.17960284253333325
23150000	23199999	1.1578844901666665	0.9910769443333333	0.16680754583333324
23200000	23249999	1.1279436612333331	0.9910769443333333	0.13686671689999985
23250000	23299999	1.1332059845333333	0.9910769443333333	0.14212904020000006
23300000	23349999	1.2060094632	0.9910769443333333	0.21493251886666676
23350000	23399999	1.2515538159666666	0.9910769443333333	0.26047687163333333
23400000	23449999	1.3438630753999998	0.9910769443333333	0.35278613106666656
23450000	23499999	1.3540947423	0.9910769443333333	0.3630177979666668
23500000	23549999	1.5758891964333333	0.9910769443333333	0.5848122521
23550000	23599999	1.5877836566666665	0.9910769443333333	0.5967067123333333
23600000	23649999	1.6002106278	0.9910769443333333	0.6091336834666666
23650000	23699999	1.6773220009333332	0.9910769443333333	0.6862450565999999
23700000	23749999	1.8266469675666666	0.9910769443333333	0.8355700232333333
23750000	23799999	1.9841084049	0.9910769443333333	0.9930314605666667
23800000	23849999	1.9313786107	0.9910769443333333	0.9403016663666667
23850000	23899999	1.9381015338333334	0.9910769443333333	0.9470245895000001
23900000	23949999	1.9319788897999999	0.9910769443333333	0.9409019454666666
23950000	23999999	1.8429001517666665	0.9910769443333333	0.8518232074333333
24000000	24049999	1.8712341757000002	0.9910769443333333	0.8801572313666669
24050000	24099999	1.8386594269666667	0.9910769443333333	0.8475824826333335
24100000	24149999	1.8292421904666667	0.9910769443333333	0.8381652461333334
24150000	24199999	1.6666769541666668	0.9910769443333333	0.6756000098333336
24200000	24249999	1.6451037298333333	0.9910769443333333	0.6540267855
24250000	24299999	1.5743959026333332	0.9910769443333333	0.5833189582999999
24300000	24349999	1.6264509717333333	0.9910769443333333	0.6353740274
24350000	24399999	1.5241707400333333	0.9910769443333333	0.5330937957
24400000	24449999	1.4301791529	0.9910769443333333	0.4391022085666668
24450000	24499999	1.2246964321333333	0.9910769443333333	0.23361948780000008
24500000	24549999	1.1573843957666665	0.9910769443333333	0.16630745143333325
24550000	24599999	1.1383525670333332	0.9910769443333333	0.14727562269999994
24600000	24649999	1.212923797333333	0.9910769443333333	0.22184685299999984
24650000	24699999	1.1829361613666665	0.9910769443333333	0.1918592170333332
24700000	24749999	1.1896572236999998	0.9910769443333333	0.19858027936666656
24750000	24799999	1.1881192248999999	0.9910769443333333	0.19704228056666662
24800000	24849999	1.2627434286333332	0.9910769443333333	0.27166648429999996
24850000	24899999	1.3338493906333333	0.9910769443333333	0.34277244630000003
24900000	24949999	1.4124820244666667	0.9910769443333333	0.42140508013333344
24950000	24999999	1.4189158631666667	0.9910769443333333	0.42783891883333347
25000000	25049999	1.2946125936	0.9910769443333333	0.30353564926666665
25050000	25099999	1.1632289300666665	0.9910769443333333	0.17215198573333323
25100000	25149999	1.1272004773333333	0.9910769443333333	0.13612353300000002
25150000	25199999	1.2023618742666666	0.9910769443333333	0.21128492993333337
25200000	25249999	1.2941444829333333	0.9910769443333333	0.3030675386
25250000	25299999	1.3308760227	0.9910769443333333	0.3397990783666668
25300000	25349999	1.3365190960333333	0.9910769443333333	0.34544215170000003
25350000	25399999	1.2360119743	0.9910769443333333	0.24493502996666672
25400000	25449999	1.1657248569999998	0.9910769443333333	0.17464791266666657
25450000	25499999	0.9802739505666667	0.9910769443333333	-0.010802993766666602
25500000	25549999	0.9654898898	0.9910769443333333	-0.02558705453333332
25550000	25599999	0.8729333673999999	0.9910769443333333	-0.11814357693333333
25600000	25649999	0.9141019873666666	0.9910769443333333	-0.07697495696666667
25650000	25699999	0.8634745709666666	0.9910769443333333	-0.1276023733666667
25700000	25749999	0.9460547442999999	0.9910769443333333	-0.04502220003333335
25750000	25799999	0.9513144955333332	0.9910769443333333	-0.039762448800000016
25800000	25849999	1.0525914970333332	0.9910769443333333	0.06151455269999995
25850000	25899999	1.1187713138	0.9910769443333333	0.12769436946666668
25900000	25949999	1.1205344276	0.9910769443333333	0.12945748326666673
25950000	25999999	0.9979117118333333	0.9910769443333333	0.006834767500000005
26000000	26049999	0.8740631093666666	0.9910769443333333	-0.11701383496666662
26050000	26099999	0.8588508987666666	0.9910769443333333	-0.13222604556666662
26100000	26149999	1.0309388156666666	0.9910769443333333	0.0398618713333333
26150000	26199999	1.0407208665	0.9910769443333333	0.0496439221666668
26200000	26249999	1.0629922772333333	0.9910769443333333	0.07191533290000007
26250000	26299999	0.9561103576	0.9910769443333333	-0.034966586733333305
26300000	26349999	1.0010081963333333	0.9910769443333333	0.009931252000000002
26350000	26399999	1.0403349693666666	0.9910769443333333	0.04925802503333332
26400000	26449999	1.0478899228666667	0.9910769443333333	0.05681297853333345
26450000	26499999	1.072985895	0.9910769443333333	0.0819089506666667
26500000	26549999	1.1676408664333333	0.9910769443333333	0.17656392210000005
26550000	26599999	1.2361676864	0.9910769443333333	0.2450907420666667
26600000	26649999	1.2753258897333333	0.9910769443333333	0.2842489454
26650000	26699999	1.2894585702333332	0.9910769443333333	0.29838162589999995
26700000	26749999	1.3835148657	0.9910769443333333	0.3924379213666668
26750000	26799999	1.4088271512333332	0.9910769443333333	0.4177502069
26800000	26849999	1.4220212119	0.9910769443333333	0.4309442675666667
26850000	26899999	1.2510206842666667	0.9910769443333333	0.2599437399333334
26900000	26949999	1.1631990247666666	0.9910769443333333	0.17212208043333332
26950000	26999999	1.0655614366	0.9910769443333333	0.07448449226666665
27000000	27049999	1.3288055853333334	0.9910769443333333	0.3377286410000001
27050000	27099999	1.4423240313999999	0.9910769443333333	0.4512470870666666
27100000	27149999	1.4703304023666666	0.9910769443333333	0.4792534580333333
27150000	27199999	1.2772614890999998	0.9910769443333333	0.28618454476666655
27200000	27249999	1.2262518987333333	0.9910769443333333	0.23517495440000002
27250000	27299999	1.1467460814333332	0.9910769443333333	0.15566913709999997
27300000	27349999	1.1793281345666666	0.9910769443333333	0.18825119023333337
27350000	27399999	1.1852524720666666	0.9910769443333333	0.19417552773333335
27400000	27449999	1.2548943243333333	0.9910769443333333	0.26381738
27450000	27499999	1.2352352256999999	0.9910769443333333	0.24415828136666662
27500000	27549999	1.1986178504999998	0.9910769443333333	0.20754090616666654
27550000	27599999	1.1289363282666667	0.9910769443333333	0.1378593839333334
27600000	27649999	1.1360210609999999	0.9910769443333333	0.14494411666666662
27650000	27699999	1.1213064806666666	0.9910769443333333	0.13022953633333334
27700000	27749999	1.1549483481	0.9910769443333333	0.16387140376666676
27750000	27799999	1.1563267158666668	0.9910769443333333	0.16524977153333353
27800000	27849999	1.1981298592	0.9910769443333333	0.20705291486666677
27850000	27899999	1.2036652371666667	0.9910769443333333	0.21258829283333347
27900000	27949999	1.1838233989333333	0.9910769443333333	0.19274645460000006
27950000	27999999	1.2455615157	0.9910769443333333	0.2544845713666667
28000000	28049999	1.3129920247666667	0.9910769443333333	0.3219150804333334
28050000	28099999	1.3290858618333332	0.9910769443333333	0.33800891749999995
28100000	28149999	1.2428531942333332	0.9910769443333333	0.2517762498999999
28150000	28199999	1.2622132448999999	0.9910769443333333	0.2711363005666666
28200000	28249999	1.4168831341666666	0.9910769443333333	0.4258061898333333
28250000	28299999	1.5245023964666666	0.9910769443333333	0.5334254521333334
28300000	28349999	1.6050499199666666	0.9910769443333333	0.6139729756333333
28350000	28399999	1.5947767696333333	0.9910769443333333	0.6036998253
28400000	28449999	1.5990364889333333	0.9910769443333333	0.6079595446
28450000	28499999	1.5716842840333332	0.9910769443333333	0.5806073396999999
28500000	28549999	1.5629542654	0.9910769443333333	0.5718773210666667
28550000	28599999	1.5727649992666666	0.9910769443333333	0.5816880549333333
28600000	28649999	1.5080589511	0.9910769443333333	0.5169820067666667
28650000	28699999	1.3971773971666666	0.9910769443333333	0.4061004528333333
28700000	28749999	1.2599296437	0.9910769443333333	0.2688526993666668
28750000	28799999	1.266158436	0.9910769443333333	0.27508149166666673
28800000	28849999	1.2292264403333333	0.9910769443333333	0.23814949600000002
28850000	28899999	1.1620959450666666	0.9910769443333333	0.17101900073333332
28900000	28949999	1.0430397348	0.9910769443333333	0.05196279046666674
28950000	28999999	1.0039096625666666	0.9910769443333333	0.012832718233333318
29000000	29049999	1.0173722242666665	0.9910769443333333	0.02629527993333325
29050000	29099999	1.0154127027333333	0.9910769443333333	0.024335758400000018
29100000	29149999	1.0103723004333334	0.9910769443333333	0.019295356100000105
29150000	29199999	1.1031948122333333	0.9910769443333333	0.1121178679
29200000	29249999	1.0956172794999999	0.9910769443333333	0.10454033516666661
29250000	29299999	1.032218347	0.9910769443333333	0.04114140266666666
29300000	29349999	1.0075025453666666	0.9910769443333333	0.016425601033333348
29350000	29399999	1.0477505222999999	0.9910769443333333	0.05667357796666661
29400000	29449999	1.1653762883	0.9910769443333333	0.1742993439666668
29450000	29499999	1.2450638639333333	0.9910769443333333	0.2539869196000001
29500000	29549999	1.277746259	0.9910769443333333	0.2866693146666667
29550000	29599999	1.2971579678	0.9910769443333333	0.30608102346666677
29600000	29649999	1.1649177112	0.9910769443333333	0.17384076686666672
29650000	29699999	1.0639099886333332	0.9910769443333333	0.07283304429999993
29700000	29749999	0.9103409579999999	0.9910769443333333	-0.08073598633333334
29750000	29799999	0.8820482971666667	0.9910769443333333	-0.1090286471666666
29800000	29849999	0.9124122816666667	0.9910769443333333	-0.07866466266666661
29850000	29899999	0.8476006678666667	0.9910769443333333	-0.1434762764666666
29900000	29949999	0.7695928745666666	0.9910769443333333	-0.22148406976666668
29950000	29999999	0.6687961937999999	0.9910769443333333	-0.3222807505333334
30000000	30049999	0.7542717925666665	0.9910769443333333	-0.23680515176666672
30050000	30099999	0.7635964912333333	0.9910769443333333	-0.22748045309999998
30100000	30149999	0.7795490914333333	0.9910769443333333	-0.21152785289999998
30150000	30199999	0.7131545063333333	0.9910769443333333	-0.27792243799999994
30200000	30249999	0.7614307279999999	0.9910769443333333	-0.22964621633333338
30250000	30299999	0.7922273927666665	0.9910769443333333	-0.19884955156666673
30300000	30349999	0.8060254780333332	0.9910769443333333	-0.18505146630000002
30350000	30399999	0.7897830468333332	0.9910769443333333	-0.20129389750000004
30400000	30449999	0.7809225178	0.9910769443333333	-0.21015442653333327
30450000	30499999	0.8924455235333333	0.9910769443333333	-0.09863142079999998
30500000	30549999	0.8923639925666667	0.9910769443333333	-0.09871295176666661
30550000	30599999	1.0097278286666667	0.9910769443333333	0.018650884333333395
30600000	30649999	1.0208794475666667	0.9910769443333333	0.029802503233333444
30650000	30699999	1.0429112635666666	0.9910769443333333	0.05183431923333337
30700000	30749999	0.9932279733999999	0.9910769443333333	0.002151029066666643
30750000	30799999	1.160114649	0.9910769443333333	0.1690377046666668
30800000	30849999	1.3862084403	0.9910769443333333	0.39513149596666663
30850000	30899999	1.3569554884333332	0.9910769443333333	0.3658785441
30900000	30949999	1.1241326888333334	0.9910769443333333	0.13305574450000013
30950000	30999999	0.8932907150999999	0.9910769443333333	-0.09778622923333335
31000000	31049999	0.9004781753333333	0.9910769443333333	-0.09059876899999997
31050000	31099999	0.8384878477	0.9910769443333333	-0.1525890966333333
31100000	31149999	0.7855522716666666	0.9910769443333333	-0.20552467266666663
31150000	31199999	0.8246111001333333	0.9910769443333333	-0.1664658442
31200000	31249999	0.9223964757666666	0.9910769443333333	-0.06868046856666665
31250000	31299999	1.1519059756999999	0.9910769443333333	0.1608290313666666
31300000	31349999	1.1096412022	0.9910769443333333	0.11856425786666669
31350000	31399999	1.1740371519333332	0.9910769443333333	0.18296020759999998
31400000	31449999	1.0890457548333332	0.9910769443333333	0.09796881049999995
31450000	31499999	1.1587396308666666	0.9910769443333333	0.16766268653333338
31500000	31549999	1.0962549325333333	0.9910769443333333	0.10517798820000002
31550000	31599999	1.1010463740999998	0.9910769443333333	0.10996942976666657
31600000	31649999	1.1688919059999998	0.9910769443333333	0.17781496166666655
31650000	31699999	1.1690250050333333	0.9910769443333333	0.17794806070000002
31700000	31749999	1.0933909694333332	0.9910769443333333	0.10231402509999998
31750000	31799999	1.1164158869	0.9910769443333333	0.12533894256666678
31800000	31849999	1.2266495947333333	0.9910769443333333	0.23557265040000008
31850000	31899999	1.2888696293666666	0.9910769443333333	0.29779268503333334
31900000	31949999	1.1839347510333333	0.9910769443333333	0.19285780670000008
31950000	31999999	1.1050049892	0.9910769443333333	0.11392804486666674
32000000	32049999	1.1146907634666667	0.9910769443333333	0.12361381913333347
32050000	32099999	1.1626514676333333	0.9910769443333333	0.1715745233
32100000	32149999	1.1919018918333333	0.9910769443333333	0.20082494750000002
32150000	32199999	1.2045389514333333	0.9910769443333333	0.21346200710000007
32200000	32249999	1.1740069563666666	0.9910769443333333	0.18293001203333337
32250000	32299999	1.2228524809666665	0.9910769443333333	0.23177553663333328
32300000	32349999	1.2116526961333332	0.9910769443333333	0.2205757517999999
32350000	32399999	1.2993806331333333	0.9910769443333333	0.30830368880000003
32400000	32449999	1.2802936893333332	0.9910769443333333	0.28921674499999994
32450000	32499999	1.2682476673999998	0.9910769443333333	0.27717072306666657
32500000	32549999	1.1186946735666665	0.9910769443333333	0.12761772923333325
32550000	32599999	1.0904256732333333	0.9910769443333333	0.09934872890000002
32600000	32649999	1.0502584641333332	0.9910769443333333	0.05918151979999997
32650000	32699999	1.0876693827	0.9910769443333333	0.09659243836666664
32700000	32749999	1.0657540087	0.9910769443333333	0.07467706436666666
32750000	32799999	1.0713510203333332	0.9910769443333333	0.08027407599999992
32800000	32849999	1.2046603821	0.9910769443333333	0.21358343776666666
32850000	32899999	1.1813991354333333	0.9910769443333333	0.19032219110000004
32900000	32949999	1.1550729486	0.9910769443333333	0.16399600426666672
32950000	32999999	1.0001836989	0.9910769443333333	0.009106754566666653
33000000	33049999	0.9580540847999999	0.9910769443333333	-0.03302285953333339
33050000	33099999	0.9746017024333332	0.9910769443333333	-0.01647524190000005
33100000	33149999	0.8973492510333333	0.9910769443333333	-0.09372769329999997
33150000	33199999	0.8568394097333333	0.9910769443333333	-0.13423753459999999
33200000	33249999	0.8728814257333333	0.9910769443333333	-0.1181955186
33250000	33299999	0.9000715891333333	0.9910769443333333	-0.09100535519999997
33300000	33349999	0.9034429008999999	0.9910769443333333	-0.08763404343333336
33350000	33399999	0.8028354459999999	0.9910769443333333	-0.18824149833333337
33400000	33449999	0.8113794187	0.9910769443333333	-0.1796975256333333
33450000	33499999	0.9062197164666665	0.9910769443333333	-0.08485722786666672
33500000	33549999	1.1146658068	0.9910769443333333	0.12358886246666667
33550000	33599999	1.2556003118333332	0.9910769443333333	0.26452336749999994
33600000	33649999	1.3771157553	0.9910769443333333	0.3860388109666667
33650000	33699999	1.4319128918333333	0.9910769443333333	0.4408359475
33700000	33749999	1.461298236233333	0.9910769443333333	0.47022129189999984
33750000	33799999	1.5250556710666665	0.9910769443333333	0.5339787267333332
33800000	33849999	1.4061481710333332	0.9910769443333333	0.41507122669999996
33850000	33899999	1.3275034057333333	0.9910769443333333	0.3364264614
33900000	33949999	1.1432415529	0.9910769443333333	0.1521646085666667
33950000	33999999	1.0995103081	0.9910769443333333	0.10843336376666668
34000000	34049999	1.1076523842666668	0.9910769443333333	0.11657543993333352
34050000	34099999	1.0958431754666667	0.9910769443333333	0.10476623113333339
34100000	34149999	1.2317471650333334	0.9910769443333333	0.2406702207000001
34150000	34199999	1.5765909401333333	0.9910769443333333	0.5855139958000001
34200000	34249999	1.5515388378	0.9910769443333333	0.5604618934666666
34250000	34299999	1.3437848846333333	0.9910769443333333	0.3527079403000001
34300000	34349999	0.8860349109	0.9910769443333333	-0.10504203343333329
34350000	34399999	0.7620547096333333	0.9910769443333333	-0.22902223469999994
34400000	34449999	0.8612635029333333	0.9910769443333333	-0.12981344139999995
34450000	34499999	0.8897770752666666	0.9910769443333333	-0.10129986906666666
34500000	34549999	0.8867975884333332	0.9910769443333333	-0.10427935590000004
34550000	34599999	0.7966662001999999	0.9910769443333333	-0.19441074413333337
34600000	34649999	0.7383483706	0.9910769443333333	-0.25272857373333324
34650000	34699999	0.8192618318666666	0.9910769443333333	-0.1718151124666667
34700000	34749999	0.6770107459666665	0.9910769443333333	-0.3140661983666667
34750000	34799999	1.0801630902	0.9910769443333333	0.08908614586666663
34800000	34849999	1.5725199928	0.9910769443333333	0.5814430484666667
34850000	34899999	1.7638138159666665	0.9910769443333333	0.7727368716333333
34900000	34949999	1.4465752777666667	0.9910769443333333	0.45549833343333346
34950000	34999999	0.9910769443333333	0.9910769443333333	0.0
35000000	35049999	0.9910769443333333	0.9910769443333333	0.0
35050000	35099999	0.9910769443333333	0.9910769443333333	0.0
35100000	35149999	0.9910769443333333	0.9910769443333333	0.0
35150000	35199999	0.9910769443333333	0.9910769443333333	0.0
35200000	35249999	0.9910769443333333	0.9910769443333333	0.0
35250000	35299999	0.9910769443333333	0.9910769443333333	0.0
35300000	35349999	0.9910769443333333	0.9910769443333333	0.0
35350000	35399999	0.9910769443333333	0.9910769443333333	0.0
35400000	35449999	0.9910769443333333	0.9910769443333333	0.0
35450000	35499999	0.9910769443333333	0.9910769443333333	0.0
35500000	35549999	0.9910769443333333	0.9910769443333333	0.0
35550000	35599999	0.9910769443333333	0.9910769443333333	0.0
35600000	35649999	0.9910769443333333	0.9910769443333333	0.0
35650000	35699999	0.9910769443333333	0.9910769443333333	0.0
35700000	35749999	0.9910769443333333	0.9910769443333333	0.0
35750000	35799999	0.9910769443333333	0.9910769443333333	0.0
35800000	35849999	0.9910769443333333	0.9910769443333333	0.0
35850000	35899999	0.9910769443333333	0.9910769443333333	0.0
35900000	35949999	0.9910769443333333	0.9910769443333333	0.0
35950000	35999999	0.9910769443333333	0.9910769443333333	0.0
36000000	36049999	0.9910769443333333	0.9910769443333333	0.0
36050000	36099999	0.9910769443333333	0.9910769443333333	0.0
36100000	36149999	0.9910769443333333	0.9910769443333333	0.0
36150000	36199999	0.9910769443333333	0.9910769443333333	0.0
36200000	36249999	0.9910769443333333	0.9910769443333333	0.0
36250000	36299999	0.9910769443333333	0.9910769443333333	0.0
36300000	36349999	0.9910769443333333	0.9910769443333333	0.0
36350000	36399999	0.9910769443333333	0.9910769443333333	0.0
36400000	36449999	0.9910769443333333	0.9910769443333333	0.0
36450000	36499999	0.9910769443333333	0.9910769443333333	0.0
36500000	36549999	0.9910769443333333	0.9910769443333333	0.0
36550000	36599999	0.9910769443333333	0.9910769443333333	0.0
36600000	36649999	0.9910769443333333	0.9910769443333333	0.0
36650000	36699999	0.9910769443333333	0.9910769443333333	0.0
36700000	36749999	0.9910769443333333	0.9910769443333333	0.0
36750000	36799999	0.9910769443333333	0.9910769443333333	0.0
36800000	36849999	0.9910769443333333	0.9910769443333333	0.0
36850000	36899999	0.9910769443333333	0.9910769443333333	0.0
36900000	36949999	0.9910769443333333	0.9910769443333333	0.0
36950000	36999999	0.9910769443333333	0.9910769443333333	0.0
37000000	37049999	0.9910769443333333	0.9910769443333333	0.0
37050000	37099999	0.9910769443333333	0.9910769443333333	0.0
37100000	37149999	0.9910769443333333	0.9910769443333333	0.0
37150000	37199999	0.9910769443333333	0.9910769443333333	0.0
37200000	37249999	0.9910769443333333	0.9910769443333333	0.0
37250000	37299999	0.9910769443333333	0.9910769443333333	0.0
37300000	37349999	0.9910769443333333	0.9910769443333333	0.0
37350000	37399999	0.9910769443333333	0.9910769443333333	0.0
37400000	37449999	0.9910769443333333	0.9910769443333333	0.0
37450000	37499999	0.9910769443333333	0.9910769443333333	0.0
37500000	37549999	0.9910769443333333	0.9910769443333333	0.0
37550000	37599999	0.9910769443333333	0.9910769443333333	0.0
37600000	37649999	0.9910769443333333	0.9910769443333333	0.0
37650000	37699999	0.9910769443333333	0.9910769443333333	0.0
37700000	37749999	0.9910769443333333	0.9910769443333333	0.0
37750000	37799999	0.9910769443333333	0.9910769443333333	0.0
37800000	37849999	1.0935662902333334	0.9910769443333333	0.10248934590000014
37850000	37899999	0.9559869552	0.9910769443333333	-0.03508998913333328
37900000	37949999	0.8726901288	0.9910769443333333	-0.1183868155333333
37950000	37999999	0.7810511091333333	0.9910769443333333	-0.21002583519999996
38000000	38049999	0.8482381246999999	0.9910769443333333	-0.14283881963333334
38050000	38099999	0.7917336297333333	0.9910769443333333	-0.1993433146
38100000	38149999	1.0883110265	0.9910769443333333	0.09723408216666674
38150000	38199999	1.0916957337333333	0.9910769443333333	0.10061878940000002
38200000	38249999	1.3060011432	0.9910769443333333	0.3149241988666668
38250000	38299999	0.9005334145999999	0.9910769443333333	-0.09054352973333335
38300000	38349999	0.9591203996333333	0.9910769443333333	-0.03195654469999998
38350000	38399999	0.6732577093999998	0.9910769443333333	-0.3178192349333334
38400000	38449999	0.6244029368999999	0.9910769443333333	-0.36667400743333334
38450000	38499999	0.46049498719999993	0.9910769443333333	-0.5305819571333333
38500000	38549999	0.47606386589999994	0.9910769443333333	-0.5150130784333333
38550000	38599999	0.5468685646999999	0.9910769443333333	-0.4442083796333334
38600000	38649999	0.6617918877666666	0.9910769443333333	-0.3292850565666666
38650000	38699999	0.8452366595999999	0.9910769443333333	-0.14584028473333333
38700000	38749999	0.8211116085	0.9910769443333333	-0.1699653358333333
38750000	38799999	0.8040537334999999	0.9910769443333333	-0.1870232108333334
38800000	38849999	0.7829042913333333	0.9910769443333333	-0.20817265299999999
38850000	38899999	0.8303059089999999	0.9910769443333333	-0.16077103533333337
38900000	38949999	0.8740893057666665	0.9910769443333333	-0.11698763856666672
38950000	38999999	0.7949733993666666	0.9910769443333333	-0.1961035449666667
39000000	39049999	0.8704886130999999	0.9910769443333333	-0.12058833123333335
39050000	39099999	0.8703050001666666	0.9910769443333333	-0.1207719441666667
39100000	39149999	0.9956787451666667	0.9910769443333333	0.0046018008333333915
39150000	39199999	0.9750925110333333	0.9910769443333333	-0.01598443329999999
39200000	39249999	0.9830766189333333	0.9910769443333333	-0.008000325399999952
39250000	39299999	0.9412716058999999	0.9910769443333333	-0.049805338433333346
39300000	39349999	0.8692831577666666	0.9910769443333333	-0.12179378656666662
39350000	39399999	0.8094198286666666	0.9910769443333333	-0.18165711566666665
39400000	39449999	0.8167019518666666	0.9910769443333333	-0.17437499246666666
39450000	39499999	0.7816833116333333	0.9910769443333333	-0.2093936327
39500000	39549999	0.8181630396333333	0.9910769443333333	-0.1729139047
39550000	39599999	0.7677611892666666	0.9910769443333333	-0.22331575506666668
39600000	39649999	0.8889673379999999	0.9910769443333333	-0.10210960633333332
39650000	39699999	1.1626988367333333	0.9910769443333333	0.17162189240000003
39700000	39749999	1.3554279792333332	0.9910769443333333	0.3643510349
39750000	39799999	1.4110770802000001	0.9910769443333333	0.42000013586666685
39800000	39849999	1.1918448015666665	0.9910769443333333	0.20076785723333324
39850000	39899999	1.1132997511333333	0.9910769443333333	0.12222280680000008
39900000	39949999	1.1187771519999998	0.9910769443333333	0.12770020766666657
39950000	39999999	1.2740189621333333	0.9910769443333333	0.28294201780000006
40000000	40049999	1.2206718355333332	0.9910769443333333	0.22959489119999998
40050000	40099999	1.1431305947666666	0.9910769443333333	0.1520536504333333
40100000	40149999	0.9259658057333333	0.9910769443333333	-0.06511113859999995
40150000	40199999	1.0053717028	0.9910769443333333	0.014294758466666724
40200000	40249999	1.0105138777666665	0.9910769443333333	0.019436933433333192
40250000	40299999	1.113374426	0.9910769443333333	0.12229748166666676
40300000	40349999	0.9904526302	0.9910769443333333	-0.0006243141333333035
40350000	40399999	1.2035134979666666	0.9910769443333333	0.21243655363333336
40400000	40449999	1.2644990205666666	0.9910769443333333	0.27342207623333337
40450000	40499999	1.4447946146	0.9910769443333333	0.45371767026666665
40500000	40549999	1.2379824890333333	0.9910769443333333	0.24690554470000003
40550000	40599999	1.1033950558666665	0.9910769443333333	0.11231811153333326
40600000	40649999	0.9361125978333332	0.9910769443333333	-0.05496434650000004
40650000	40699999	0.9076857967333333	0.9910769443333333	-0.08339114759999999
40700000	40749999	0.8942205758999999	0.9910769443333333	-0.09685636843333334
40750000	40799999	0.9426646325333333	0.9910769443333333	-0.04841231179999994
40800000	40849999	0.9214581562666666	0.9910769443333333	-0.06961878806666666
40850000	40899999	0.8033585674666666	0.9910769443333333	-0.1877183768666667
40900000	40949999	0.7711753705	0.9910769443333333	-0.2199015738333333
40950000	40999999	0.6879792390333332	0.9910769443333333	-0.3030977053
41000000	41049999	0.7857802542666665	0.9910769443333333	-0.20529669006666673
41050000	41099999	0.7571071896333332	0.9910769443333333	-0.23396975470000003
41100000	41149999	0.8764239836333333	0.9910769443333333	-0.11465296069999997
41150000	41199999	0.8887265610333333	0.9910769443333333	-0.10235038330000001
41200000	41249999	0.9331360984333332	0.9910769443333333	-0.05794084590000004
41250000	41299999	1.0177460823333333	0.9910769443333333	0.026669138000000037
41300000	41349999	1.0740098473666666	0.9910769443333333	0.08293290303333334
41350000	41399999	1.003000382	0.9910769443333333	0.011923437666666703
41400000	41449999	0.8427172680333332	0.9910769443333333	-0.14835967630000002
41450000	41499999	0.770135425	0.9910769443333333	-0.22094151933333328
41500000	41549999	0.7612229425	0.9910769443333333	-0.22985400183333327
41550000	41599999	0.8215370411666666	0.9910769443333333	-0.16953990316666667
41600000	41649999	0.8733529789666666	0.9910769443333333	-0.11772396536666663
41650000	41699999	0.9751176266666666	0.9910769443333333	-0.015959317666666695
41700000	41749999	0.9616131728666666	0.9910769443333333	-0.029463771466666677
41750000	41799999	0.9578991000666666	0.9910769443333333	-0.0331778442666667
41800000	41849999	0.9443651738666666	0.9910769443333333	-0.046711770466666636
41850000	41899999	0.9579289994999999	0.9910769443333333	-0.03314794483333339
41900000	41949999	0.9604047542333333	0.9910769443333333	-0.030672190099999996
41950000	41999999	0.839492021	0.9910769443333333	-0.1515849233333333
42000000	42049999	0.7339248124333333	0.9910769443333333	-0.25715213189999997
42050000	42099999	0.6718651104	0.9910769443333333	-0.3192118339333333
42100000	42149999	0.6536054780333332	0.9910769443333333	-0.3374714663
42150000	42199999	0.6855780696	0.9910769443333333	-0.30549887473333326
42200000	42249999	0.6970047621666666	0.9910769443333333	-0.29407218216666664
42250000	42299999	0.7940090605	0.9910769443333333	-0.1970678838333333
42300000	42349999	0.7948037403666666	0.9910769443333333	-0.1962732039666667
42350000	42399999	0.7762528669666666	0.9910769443333333	-0.21482407736666664
42400000	42449999	0.9167031940999999	0.9910769443333333	-0.07437375023333337
42450000	42499999	1.0975254908333332	0.9910769443333333	0.10644854649999991
42500000	42549999	1.3338918879333332	0.9910769443333333	0.3428149436
42550000	42599999	1.2099314209999998	0.9910769443333333	0.21885447666666658
42600000	42649999	1.1146203515333333	0.9910769443333333	0.12354340720000001
42650000	42699999	1.0688035966666667	0.9910769443333333	0.07772665233333342
42700000	42749999	1.2434749705666666	0.9910769443333333	0.2523980262333333
42750000	42799999	1.3565130129333332	0.9910769443333333	0.3654360685999999
42800000	42849999	1.2324117692666665	0.9910769443333333	0.24133482493333325
42850000	42899999	1.0979034633666667	0.9910769443333333	0.1068265190333334
42900000	42949999	0.9962455108666667	0.9910769443333333	0.0051685665333334185
42950000	42999999	0.9529384390666666	0.9910769443333333	-0.03813850526666662
43000000	43049999	0.8439120105	0.9910769443333333	-0.1471649338333333
43050000	43099999	0.756065428	0.9910769443333333	-0.23501151633333328
43100000	43149999	0.7571052412666666	0.9910769443333333	-0.2339717030666667
43150000	43199999	0.8471110977999999	0.9910769443333333	-0.14396584653333333
43200000	43249999	0.8719344362999999	0.9910769443333333	-0.11914250803333337
43250000	43299999	0.8434171766999999	0.9910769443333333	-0.14765976763333333
43300000	43349999	0.8242137007333332	0.9910769443333333	-0.16686324360000004
43350000	43399999	0.8379697483666666	0.9910769443333333	-0.15310719596666666
43400000	43449999	0.9365908684333333	0.9910769443333333	-0.054486075899999986
43450000	43499999	0.9794990672666666	0.9910769443333333	-0.011577877066666686
43500000	43549999	0.9845309514666666	0.9910769443333333	-0.006545992866666683
43550000	43599999	0.9237623868999999	0.9910769443333333	-0.06731455743333337
43600000	43649999	0.9214889122666666	0.9910769443333333	-0.06958803206666664
43650000	43699999	0.9335430175999999	0.9910769443333333	-0.05753392673333335
43700000	43749999	0.9629305037	0.9910769443333333	-0.02814644063333327
43750000	43799999	0.9738131670333332	0.9910769443333333	-0.01726377730000006
43800000	43849999	0.9506100155666666	0.9910769443333333	-0.04046692876666669
43850000	43899999	0.9062678540999999	0.9910769443333333	-0.08480909023333338
43900000	43949999	0.9643358582	0.9910769443333333	-0.02674108613333326
43950000	43999999	1.0168034080333332	0.9910769443333333	0.02572646369999998
44000000	44049999	1.0510642379	0.9910769443333333	0.059987293566666655
44050000	44099999	1.1063149892333333	0.9910769443333333	0.1152380449
44100000	44149999	1.2843752965333333	0.9910769443333333	0.2932983522
44150000	44199999	1.3265346324	0.9910769443333333	0.33545768806666676
44200000	44249999	1.2348113560999998	0.9910769443333333	0.24373441176666655
44250000	44299999	1.0498042279	0.9910769443333333	0.05872728356666668
44300000	44349999	1.0203911673	0.9910769443333333	0.029314222966666637
44350000	44399999	0.8847579346666666	0.9910769443333333	-0.10631900966666663
44400000	44449999	0.8455256641666666	0.9910769443333333	-0.14555128016666663
44450000	44499999	0.7769473467666665	0.9910769443333333	-0.21412959756666672
44500000	44549999	0.7915165211333333	0.9910769443333333	-0.1995604232
44550000	44599999	0.8225728529999999	0.9910769443333333	-0.16850409133333333
44600000	44649999	0.8784998535333333	0.9910769443333333	-0.1125770908
44650000	44699999	0.9125508484999999	0.9910769443333333	-0.07852609583333336
44700000	44749999	0.8861131470666666	0.9910769443333333	-0.10496379726666671
44750000	44799999	0.8111644652999999	0.9910769443333333	-0.1799124790333334
44800000	44849999	0.7027690825333333	0.9910769443333333	-0.2883078618
44850000	44899999	0.7662190513333332	0.9910769443333333	-0.22485789300000003
44900000	44949999	0.8233083974666666	0.9910769443333333	-0.16776854686666665
44950000	44999999	0.8849434135333333	0.9910769443333333	-0.10613353079999999
45000000	45049999	0.7688321963	0.9910769443333333	-0.22224474803333327
45050000	45099999	0.7319491591333334	0.9910769443333333	-0.2591277851999999
45100000	45149999	0.7539849221333332	0.9910769443333333	-0.23709202220000003
45150000	45199999	0.7767429557333333	0.9910769443333333	-0.21433398859999997
45200000	45249999	0.8145877398333332	0.9910769443333333	-0.17648920450000005
45250000	45299999	0.8168272931999999	0.9910769443333333	-0.17424965113333335
45300000	45349999	0.8547129270333332	0.9910769443333333	-0.13636401730000003
45350000	45399999	0.9070059629999999	0.9910769443333333	-0.08407098133333335
45400000	45449999	0.9474632883999999	0.9910769443333333	-0.04361365593333333
45450000	45499999	0.9566321500666666	0.9910769443333333	-0.03444479426666669
45500000	45549999	0.9996139330666666	0.9910769443333333	0.008536988733333306
45550000	45599999	1.0923036079666666	0.9910769443333333	0.10122666363333332
45600000	45649999	1.2456579218333332	0.9910769443333333	0.25458097749999997
45650000	45699999	1.3260719851333334	0.9910769443333333	0.3349950408000001
45700000	45749999	1.3336130632	0.9910769443333333	0.3425361188666668
45750000	45799999	1.2871940220666667	0.9910769443333333	0.2961170777333334
45800000	45849999	1.2538186598333332	0.9910769443333333	0.2627417154999999
45850000	45899999	1.1492156507	0.9910769443333333	0.15813870636666671
45900000	45949999	1.0747512402	0.9910769443333333	0.08367429586666664
45950000	45999999	1.0604558003	0.9910769443333333	0.06937885596666671
46000000	46049999	1.1033168856666666	0.9910769443333333	0.11223994133333337
46050000	46099999	1.2732022263333334	0.9910769443333333	0.2821252820000001
46100000	46149999	1.4781655683666666	0.9910769443333333	0.4870886240333333
46150000	46199999	1.7523614143	0.9910769443333333	0.7612844699666667
46200000	46249999	1.7613537755333333	0.9910769443333333	0.7702768312
46250000	46299999	1.7251212022666667	0.9910769443333333	0.7340442579333334
46300000	46349999	1.6203449572666666	0.9910769443333333	0.6292680129333333
46350000	46399999	1.4532281385666665	0.9910769443333333	0.4621511942333333
46400000	46449999	1.2236314939999997	0.9910769443333333	0.23255454966666644
46450000	46499999	1.1608153735999998	0.9910769443333333	0.1697384292666665
46500000	46549999	1.2507311816666666	0.9910769443333333	0.25965423733333337
46550000	46599999	1.3811596561	0.9910769443333333	0.39008271176666665
46600000	46649999	1.3071006352333332	0.9910769443333333	0.31602369089999993
46650000	46699999	1.3319456280666666	0.9910769443333333	0.34086868373333334
46700000	46749999	1.2065968072333333	0.9910769443333333	0.21551986290000003
46750000	46799999	1.3139837324	0.9910769443333333	0.32290678806666684
46800000	46849999	1.4039874813	0.9910769443333333	0.4129105369666667
46850000	46899999	1.4444964192666667	0.9910769443333333	0.45341947493333346
46900000	46949999	1.4189990490666666	0.9910769443333333	0.42792210473333336
46950000	46999999	1.2349498421666667	0.9910769443333333	0.24387289783333344
47000000	47049999	1.3331052336666667	0.9910769443333333	0.3420282893333334
47050000	47099999	1.2323745549333331	0.9910769443333333	0.24129761059999988
47100000	47149999	1.3686736140666667	0.9910769443333333	0.3775966697333334
47150000	47199999	1.2743439105333332	0.9910769443333333	0.2832669661999999
47200000	47249999	1.2747699892333333	0.9910769443333333	0.2836930449
47250000	47299999	1.1240654291333332	0.9910769443333333	0.13298848479999992
47300000	47349999	1.0884348734	0.9910769443333333	0.09735792906666674
47350000	47399999	1.2041881782666666	0.9910769443333333	0.2131112339333333
47400000	47449999	1.1587500753666666	0.9910769443333333	0.16767313103333337
47450000	47499999	1.3216085415666665	0.9910769443333333	0.33053159723333325
47500000	47549999	1.2510405127333333	0.9910769443333333	0.2599635684
47550000	47599999	1.3702313112333333	0.9910769443333333	0.37915436690000004
47600000	47649999	1.2888516682666666	0.9910769443333333	0.2977747239333334
47650000	47699999	1.2989253617333332	0.9910769443333333	0.3078484173999999
47700000	47749999	1.2699807832999999	0.9910769443333333	0.2789038389666666
47750000	47799999	1.2058953194	0.9910769443333333	0.21481837506666668
47800000	47849999	1.1499354041999998	0.9910769443333333	0.15885845986666658
47850000	47899999	1.0653011486666666	0.9910769443333333	0.07422420433333332
47900000	47949999	1.0541960996	0.9910769443333333	0.06311915526666667
47950000	47999999	1.1064324255	0.9910769443333333	0.11535548116666672
48000000	48049999	1.3301099182999998	0.9910769443333333	0.33903297396666654
48050000	48099999	1.3907695050666666	0.9910769443333333	0.39969256073333337
48100000	48149999	1.3637519981333333	0.9910769443333333	0.3726750538
48150000	48199999	1.2164252671666667	0.9910769443333333	0.2253483228333334
48200000	48249999	1.1574454591999999	0.9910769443333333	0.1663685148666666
48250000	48299999	1.1727488252	0.9910769443333333	0.18167188086666675
48300000	48349999	1.1115702403999999	0.9910769443333333	0.12049329606666659
48350000	48399999	1.1293992668	0.9910769443333333	0.13832232246666665
48400000	48449999	1.2481200483	0.9910769443333333	0.25704310396666663
48450000	48499999	1.3150064630333334	0.9910769443333333	0.3239295187000001
48500000	48549999	1.3388936547999999	0.9910769443333333	0.3478167104666666
48550000	48599999	1.3752034985666666	0.9910769443333333	0.3841265542333333
48600000	48649999	1.493191491333333	0.9910769443333333	0.5021145469999998
48650000	48699999	1.3507665260333332	0.9910769443333333	0.3596895817
48700000	48749999	1.2542819054333332	0.9910769443333333	0.2632049610999999
48750000	48799999	1.2255430656	0.9910769443333333	0.23446612126666666
48800000	48849999	1.3446228266333333	0.9910769443333333	0.35354588230000006
48850000	48899999	1.2472802151333333	0.9910769443333333	0.25620327080000005
48900000	48949999	1.1395713665666665	0.9910769443333333	0.1484944222333332
48950000	48999999	1.1695514384333332	0.9910769443333333	0.17847449409999994
49000000	49049999	1.2606166745666667	0.9910769443333333	0.26953973023333344
49050000	49099999	1.2569389883	0.9910769443333333	0.2658620439666667
49100000	49149999	1.2037998084333332	0.9910769443333333	0.21272286409999996
49150000	49199999	1.1206607058333333	0.9910769443333333	0.12958376150000006
49200000	49249999	1.1121541256	0.9910769443333333	0.12107718126666678
49250000	49299999	1.0955588427333334	0.9910769443333333	0.1044818984000001
49300000	49349999	1.0822805021666666	0.9910769443333333	0.09120355783333334
49350000	49399999	1.0523463389333334	0.9910769443333333	0.06126939460000014
49400000	49449999	1.0460337534	0.9910769443333333	0.05495680906666667
49450000	49499999	1.0807100598	0.9910769443333333	0.08963311546666664
49500000	49549999	1.1408686938333332	0.9910769443333333	0.14979174949999996
49550000	49599999	1.2216823157666665	0.9910769443333333	0.23060537143333326
49600000	49649999	1.2283511422333333	0.9910769443333333	0.23727419790000004
49650000	49699999	1.1833186935333333	0.9910769443333333	0.19224174920000003
49700000	49749999	1.2165001951333334	0.9910769443333333	0.22542325080000014
49750000	49799999	1.2303631856333332	0.9910769443333333	0.23928624129999998
49800000	49849999	1.2779115549	0.9910769443333333	0.2868346105666667
49850000	49899999	1.1429853084	0.9910769443333333	0.15190836406666663
49900000	49949999	1.0456904232333333	0.9910769443333333	0.05461347890000001
49950000	49999999	1.0185942713333334	0.9910769443333333	0.02751732700000009
50000000	50049999	1.1187721093666667	0.9910769443333333	0.12769516503333345
50050000	50099999	1.2730124219999999	0.9910769443333333	0.2819354776666666
50100000	50149999	1.2474391113666665	0.9910769443333333	0.25636216703333325
50150000	50199999	1.1694006358333333	0.9910769443333333	0.17832369150000005
50200000	50249999	1.0356559129333331	0.9910769443333333	0.04457896859999988
50250000	50299999	1.0417204826	0.9910769443333333	0.05064353826666668
50300000	50349999	1.0292180702666665	0.9910769443333333	0.038141125933333186
50350000	50399999	1.0683825477333333	0.9910769443333333	0.07730560340000003
50400000	50449999	1.0592052844	0.9910769443333333	0.06812834006666668
50450000	50499999	1.0862845786666666	0.9910769443333333	0.09520763433333335
50500000	50549999	1.1009816641999999	0.9910769443333333	0.10990471986666661
50550000	50599999	1.1956325408	0.9910769443333333	0.20455559646666666
50600000	50649999	1.3254449592666666	0.9910769443333333	0.33436801493333335
50650000	50699999	1.3637327929333334	0.9910769443333333	0.3726558486000001
50700000	50749999	1.3380861135	0.9910769443333333	0.3470091691666667
50750000	50799999	1.2893971743	0.9910769443333333	0.29832022996666663
50800000	50849999	1.2608962356999998	0.9910769443333333	0.2698192913666665
50850000	50899999	1.2244195778	0.9910769443333333	0.23334263346666673
50900000	50949999	1.2093188732666666	0.9910769443333333	0.21824192893333338
50950000	50999999	1.2640429913999998	0.9910769443333333	0.2729660470666665
51000000	51049999	1.4848586539333333	0.9910769443333333	0.4937817096
51050000	51099999	1.4703507293	0.9910769443333333	0.4792737849666667
51100000	51149999	1.4032708988333333	0.9910769443333333	0.41219395450000007
51150000	51199999	1.2144018644333334	0.9910769443333333	0.22332492010000016
51200000	51249999	1.2715841247666666	0.9910769443333333	0.28050718043333334
51250000	51299999	1.2850844998333333	0.9910769443333333	0.2940075555
51300000	51349999	1.2768630339	0.9910769443333333	0.28578608956666673
51350000	51399999	1.2387894566	0.9910769443333333	0.24771251226666668
51400000	51449999	1.2407876898666665	0.9910769443333333	0.24971074553333328
51450000	51499999	1.2463764989000001	0.9910769443333333	0.25529955456666686
51500000	51549999	1.1971205976666668	0.9910769443333333	0.20604365333333352
51550000	51599999	1.1950975283	0.9910769443333333	0.20402058396666678
51600000	51649999	1.2056043238	0.9910769443333333	0.21452737946666678
51650000	51699999	1.2403949354333332	0.9910769443333333	0.24931799109999997
51700000	51749999	1.2246285577	0.9910769443333333	0.23355161336666674
51750000	51799999	1.1573098917666667	0.9910769443333333	0.1662329474333334
51800000	51849999	1.0805232975999999	0.9910769443333333	0.08944635326666661
51850000	51899999	0.9834570142	0.9910769443333333	-0.007619930133333286
51900000	51949999	0.9536980542	0.9910769443333333	-0.03737889013333329
51950000	51999999	1.0087172594333333	0.9910769443333333	0.01764031510000008
52000000	52049999	1.1457016980999999	0.9910769443333333	0.15462475376666662
52050000	52099999	1.2318926008333333	0.9910769443333333	0.24081565650000003
52100000	52149999	1.1900699664333332	0.9910769443333333	0.19899302209999992
52150000	52199999	1.0889015236	0.9910769443333333	0.09782457926666666
52200000	52249999	1.0335256380666666	0.9910769443333333	0.042448693733333376
52250000	52299999	1.0244236635666666	0.9910769443333333	0.03334671923333332
52300000	52349999	1.0862794927666666	0.9910769443333333	0.09520254843333331
52350000	52399999	1.1184956714666665	0.9910769443333333	0.12741872713333324
52400000	52449999	1.1142917074333332	0.9910769443333333	0.1232147630999999
52450000	52499999	1.0379198610333331	0.9910769443333333	0.04684291669999985
52500000	52549999	0.9567427347333333	0.9910769443333333	-0.0343342096
52550000	52599999	0.9400011748666666	0.9910769443333333	-0.0510757694666667
52600000	52649999	0.9465633719	0.9910769443333333	-0.044513572433333315
52650000	52699999	0.9518343212333332	0.9910769443333333	-0.03924262310000004
52700000	52749999	0.9925287094999999	0.9910769443333333	0.0014517651666666742
52750000	52799999	0.9751209517999999	0.9910769443333333	-0.015955992533333352
52800000	52849999	0.9963693288999999	0.9910769443333333	0.005292384566666586
52850000	52899999	0.9757805421666667	0.9910769443333333	-0.015296402166666612
52900000	52949999	1.0352117671333332	0.9910769443333333	0.04413482279999992
52950000	52999999	1.1440106318	0.9910769443333333	0.1529336874666668
53000000	53049999	1.2195542089333333	0.9910769443333333	0.22847726460000006
53050000	53099999	1.185720460233333	0.9910769443333333	0.19464351589999984
53100000	53149999	1.1299669332666666	0.9910769443333333	0.13888998893333337
53150000	53199999	1.0931805348666668	0.9910769443333333	0.10210359053333351
53200000	53249999	1.1534118120999999	0.9910769443333333	0.1623348677666666
53250000	53299999	1.1775069824	0.9910769443333333	0.1864300380666667
53300000	53349999	1.1813556642999998	0.9910769443333333	0.19027871996666657
53350000	53399999	1.1257579505	0.9910769443333333	0.13468100616666667
53400000	53449999	1.0853418017333332	0.9910769443333333	0.0942648573999999
53450000	53499999	1.1063760671666667	0.9910769443333333	0.11529912283333343
53500000	53549999	1.0943946523333332	0.9910769443333333	0.10331770799999995
53550000	53599999	1.0379360896333334	0.9910769443333333	0.04685914530000013
53600000	53649999	1.0088183253333334	0.9910769443333333	0.01774138100000011
53650000	53699999	1.0740328720333332	0.9910769443333333	0.08295592769999993
53700000	53749999	1.1803357946	0.9910769443333333	0.18925885026666667
53750000	53799999	1.1532467964	0.9910769443333333	0.16216985206666668
53800000	53849999	1.1093860811666665	0.9910769443333333	0.11830913683333322
53850000	53899999	1.0592773073	0.9910769443333333	0.06820036296666665
53900000	53949999	1.1509127551	0.9910769443333333	0.15983581076666675
53950000	53999999	1.2495454294	0.9910769443333333	0.25846848506666664
54000000	54049999	1.2926180131333334	0.9910769443333333	0.3015410688000001
54050000	54099999	1.2079029693	0.9910769443333333	0.2168260249666668
54100000	54149999	1.1852079136666667	0.9910769443333333	0.1941309693333334
54150000	54199999	1.1614924488333331	0.9910769443333333	0.17041550449999987
54200000	54249999	1.181793905833333	0.9910769443333333	0.19071696149999984
54250000	54299999	1.0885306914666666	0.9910769443333333	0.09745374713333332
54300000	54349999	1.0598326483	0.9910769443333333	0.06875570396666675
54350000	54399999	1.0120677177333333	0.9910769443333333	0.020990773399999996
54400000	54449999	1.2047656925999999	0.9910769443333333	0.21368874826666662
54450000	54499999	1.2058190711666665	0.9910769443333333	0.21474212683333327
54500000	54549999	1.2664276843333333	0.9910769443333333	0.27535074000000004
54550000	54599999	1.1680367524	0.9910769443333333	0.17695980806666667
54600000	54649999	1.4442613109666667	0.9910769443333333	0.4531843666333334
54650000	54699999	1.5038255238333331	0.9910769443333333	0.5127485794999999
54700000	54749999	1.5707292896666667	0.9910769443333333	0.5796523453333334
54750000	54799999	1.3379308028666665	0.9910769443333333	0.3468538585333333
54800000	54849999	1.325800342	0.9910769443333333	0.3347233976666667
54850000	54899999	1.2700734966333331	0.9910769443333333	0.27899655229999987
54900000	54949999	1.2330866692666667	0.9910769443333333	0.2420097249333334
54950000	54999999	1.1378085034999998	0.9910769443333333	0.14673155916666658
55000000	55049999	1.0850149920666665	0.9910769443333333	0.09393804773333325
55050000	55099999	1.1195346418333332	0.9910769443333333	0.1284576974999999
55100000	55149999	1.1267390083333333	0.9910769443333333	0.13566206400000003
55150000	55199999	1.1117219185333331	0.9910769443333333	0.12064497419999987
55200000	55249999	1.2258578235666666	0.9910769443333333	0.23478087923333335
55250000	55299999	1.2474376012666666	0.9910769443333333	0.2563606569333333
55300000	55349999	1.2801009946666666	0.9910769443333333	0.28902405033333334
55350000	55399999	1.1560510848666665	0.9910769443333333	0.16497414053333326
55400000	55449999	1.1687098785999999	0.9910769443333333	0.1776329342666666
55450000	55499999	1.1974094222999998	0.9910769443333333	0.20633247796666654
55500000	55549999	1.1863642602666666	0.9910769443333333	0.19528731593333337
55550000	55599999	1.1336792256333332	0.9910769443333333	0.14260228129999997
55600000	55649999	1.1914074112	0.9910769443333333	0.20033046686666667
55650000	55699999	1.1965712542666664	0.9910769443333333	0.20549430993333317
55700000	55749999	1.2985298314333331	0.9910769443333333	0.30745288709999985
55750000	55799999	1.1686728056333333	0.9910769443333333	0.17759586130000005
55800000	55849999	1.2275538579999998	0.9910769443333333	0.23647691366666657
55850000	55899999	1.1988323400333334	0.9910769443333333	0.20775539570000012
55900000	55949999	1.3166620343666666	0.9910769443333333	0.32558509003333336
55950000	55999999	1.2198421693	0.9910769443333333	0.22876522496666662
56000000	56049999	1.1646465168666666	0.9910769443333333	0.17356957253333338
56050000	56099999	1.1097377558666666	0.9910769443333333	0.1186608115333333
56100000	56149999	1.1642636939333333	0.9910769443333333	0.17318674960000002
56150000	56199999	1.1784691333666666	0.9910769443333333	0.18739218903333332
56200000	56249999	1.1491982781999999	0.9910769443333333	0.1581213338666666
56250000	56299999	1.1495507324333332	0.9910769443333333	0.1584737880999999
56300000	56349999	1.1942827762333332	0.9910769443333333	0.20320583189999997
56350000	56399999	1.1857174979666665	0.9910769443333333	0.1946405536333332
56400000	56449999	1.1532493818999998	0.9910769443333333	0.16217243756666655
56450000	56499999	1.1038423984333332	0.9910769443333333	0.11276545409999994
56500000	56549999	1.0708421280666667	0.9910769443333333	0.07976518373333341
56550000	56599999	1.0507432284333333	0.9910769443333333	0.05966628410000008
56600000	56649999	1.0564961445666665	0.9910769443333333	0.06541920023333325
56650000	56699999	1.0791153681666665	0.9910769443333333	0.08803842383333327
56700000	56749999	1.2101064161333333	0.9910769443333333	0.2190294718
56750000	56799999	1.2104142954666666	0.9910769443333333	0.2193373511333333
56800000	56849999	1.2070088800666667	0.9910769443333333	0.21593193573333347
56850000	56899999	1.1131497886	0.9910769443333333	0.12207284426666665
56900000	56949999	1.0770586194333331	0.9910769443333333	0.08598167509999988
56950000	56999999	1.1024636992666665	0.9910769443333333	0.11138675493333328
57000000	57049999	1.1213388663666666	0.9910769443333333	0.1302619220333333
57050000	57099999	1.1612519970666666	0.9910769443333333	0.17017505273333333
57100000	57149999	1.1320963800333332	0.9910769443333333	0.14101943569999997
57150000	57199999	1.1504871302333333	0.9910769443333333	0.1594101859
57200000	57249999	1.1488715411333332	0.9910769443333333	0.15779459679999996
57250000	57299999	1.1411251844333332	0.9910769443333333	0.15004824009999995
57300000	57349999	1.1348476385	0.9910769443333333	0.14377069416666666
57350000	57399999	1.1416123903999997	0.9910769443333333	0.15053544606666647
57400000	57449999	1.1478210201666665	0.9910769443333333	0.15674407583333327
57450000	57499999	1.1109879321333334	0.9910769443333333	0.11991098780000009
57500000	57549999	1.1962857448	0.9910769443333333	0.20520880046666667
57550000	57599999	1.2826427463999999	0.9910769443333333	0.2915658020666666
57600000	57649999	1.2799234177666667	0.9910769443333333	0.2888464734333335
57650000	57699999	1.267885929	0.9910769443333333	0.2768089846666667
57700000	57749999	1.2106459512	0.9910769443333333	0.2195690068666668
57750000	57799999	1.2184959974999998	0.9910769443333333	0.22741905316666655
57800000	57849999	1.0893427292666666	0.9910769443333333	0.09826578493333338
57850000	57899999	1.0313103522333333	0.9910769443333333	0.04023340790000007
57900000	57949999	0.9914869864333332	0.9910769443333333	0.0004100420999999521
57950000	57999999	0.9424483386333332	0.9910769443333333	-0.04862860570000005
58000000	58049999	1.0175726812666666	0.9910769443333333	0.02649573693333329
58050000	58099999	1.0064392412666665	0.9910769443333333	0.015362296933333242
58100000	58149999	1.0956617723333333	0.9910769443333333	0.10458482800000002
58150000	58199999	1.0524247707	0.9910769443333333	0.0613478263666668
58200000	58249999	1.0968999461333333	0.9910769443333333	0.10582300180000004
58250000	58299999	1.1186152648666665	0.9910769443333333	0.12753832053333325
58300000	58349999	1.1260991690333333	0.9910769443333333	0.13502222470000003
58350000	58399999	1.0367607438666666	0.9910769443333333	0.04568379953333335
58400000	58449999	0.8986149294999999	0.9910769443333333	-0.09246201483333338
58450000	58499999	0.8392465946666666	0.9910769443333333	-0.15183034966666664
58500000	58549999	0.8737756516333333	0.9910769443333333	-0.1173012927
58550000	58599999	0.8582591152	0.9910769443333333	-0.1328178291333333
58600000	58649999	0.8027064656999999	0.9910769443333333	-0.18837047863333334
58650000	58699999	0.6715420468666666	0.9910769443333333	-0.31953489746666663
58700000	58749999	0.7060389858666665	0.9910769443333333	-0.2850379584666668
58750000	58799999	0.6717206102	0.9910769443333333	-0.3193563341333333
58800000	58849999	0.6883109436333332	0.9910769443333333	-0.30276600070000004
58850000	58899999	0.6969481579666665	0.9910769443333333	-0.29412878636666673
58900000	58949999	0.7131685017333332	0.9910769443333333	-0.2779084426
58950000	58999999	0.7649558042	0.9910769443333333	-0.2261211401333333
59000000	59049999	0.7366608413666667	0.9910769443333333	-0.2544161029666666
59050000	59099999	0.7907436814	0.9910769443333333	-0.2003332629333333
59100000	59149999	0.8012583357333333	0.9910769443333333	-0.1898186086
59150000	59199999	0.7889235398666666	0.9910769443333333	-0.20215340446666663
59200000	59249999	0.7094939339999999	0.9910769443333333	-0.28158301033333333
59250000	59299999	0.6522844460666666	0.9910769443333333	-0.3387924982666667
59300000	59349999	0.7104245966666667	0.9910769443333333	-0.2806523476666666
59350000	59399999	0.7916729094333332	0.9910769443333333	-0.19940403490000003
59400000	59449999	0.8000429734999999	0.9910769443333333	-0.1910339708333334
59450000	59499999	0.7555458696999999	0.9910769443333333	-0.23553107463333334
59500000	59549999	0.7700310882999999	0.9910769443333333	-0.22104585603333338
59550000	59599999	0.8084292909666666	0.9910769443333333	-0.18264765336666666
59600000	59649999	0.8531019895666666	0.9910769443333333	-0.13797495476666666
59650000	59699999	0.7852751425333333	0.9910769443333333	-0.20580180179999996
59700000	59749999	0.7857309059666666	0.9910769443333333	-0.20534603836666665
59750000	59799999	0.8099514605	0.9910769443333333	-0.18112548383333327
59800000	59849999	0.8266332687	0.9910769443333333	-0.16444367563333329
59850000	59899999	0.6801508503	0.9910769443333333	-0.31092609403333327
59900000	59949999	0.6133846169666666	0.9910769443333333	-0.3776923273666667
59950000	59999999	0.6269381218999999	0.9910769443333333	-0.3641388224333334
60000000	60049999	0.8315238651333332	0.9910769443333333	-0.15955307920000006
60050000	60099999	0.8161926711999999	0.9910769443333333	-0.17488427313333332
60100000	60149999	0.8334939072666666	0.9910769443333333	-0.15758303706666665
60150000	60199999	0.7874504778666667	0.9910769443333333	-0.2036264664666666
60200000	60249999	0.8381465363333332	0.9910769443333333	-0.15293040800000002
60250000	60299999	0.8218000740666667	0.9910769443333333	-0.1692768702666666
60300000	60349999	0.8491582841666666	0.9910769443333333	-0.14191866016666665
60350000	60399999	0.8520419512999999	0.9910769443333333	-0.13903499303333333
60400000	60449999	0.9226789992333332	0.9910769443333333	-0.06839794510000008
60450000	60499999	1.0611475706333333	0.9910769443333333	0.07007062630000005
60500000	60549999	1.2743569549333333	0.9910769443333333	0.2832800106000001
60550000	60599999	1.3429918502	0.9910769443333333	0.35191490586666674
60600000	60649999	1.2743601861333334	0.9910769443333333	0.2832832418000001
60650000	60699999	1.2210062296333333	0.9910769443333333	0.2299292853
60700000	60749999	1.1225481627333334	0.9910769443333333	0.1314712184000001
60750000	60799999	1.0643277841333334	0.9910769443333333	0.07325083980000013
60800000	60849999	0.9358583538999999	0.9910769443333333	-0.055218590433333326
60850000	60899999	0.9589306959333332	0.9910769443333333	-0.03214624840000002
60900000	60949999	0.8988951255	0.9910769443333333	-0.09218181883333332
60950000	60999999	0.8423069717999999	0.9910769443333333	-0.14876997253333335
61000000	61049999	0.8195621038666666	0.9910769443333333	-0.17151484046666665
61050000	61099999	0.874959042	0.9910769443333333	-0.1161179023333333
61100000	61149999	0.9173151557333333	0.9910769443333333	-0.07376178859999993
61150000	61199999	0.8915957925333333	0.9910769443333333	-0.09948115179999995
61200000	61249999	0.8929410120666667	0.9910769443333333	-0.09813593226666661
61250000	61299999	0.8664263352999999	0.9910769443333333	-0.12465060903333336
61300000	61349999	0.8738168780333333	0.9910769443333333	-0.11726006629999997
61350000	61399999	0.8296917529333333	0.9910769443333333	-0.16138519139999996
61400000	61449999	0.7822459570333333	0.9910769443333333	-0.20883098729999994
61450000	61499999	0.7484345967333332	0.9910769443333333	-0.24264234760000003
61500000	61549999	0.7322727641333333	0.9910769443333333	-0.25880418019999996
61550000	61599999	0.7546855299333333	0.9910769443333333	-0.2363914144
61600000	61649999	0.7295073663666667	0.9910769443333333	-0.2615695779666666
61650000	61699999	0.7059853696666666	0.9910769443333333	-0.2850915746666667
61700000	61749999	0.7474271898666666	0.9910769443333333	-0.2436497544666667
61750000	61799999	0.7658022101666666	0.9910769443333333	-0.22527473416666666
61800000	61849999	0.8304182172333333	0.9910769443333333	-0.16065872709999995
61850000	61899999	0.7760444825999999	0.9910769443333333	-0.21503246173333335
61900000	61949999	0.7662124304666666	0.9910769443333333	-0.22486451386666662
61950000	61999999	0.8267318871	0.9910769443333333	-0.16434505723333326
62000000	62049999	0.8446079301666666	0.9910769443333333	-0.1464690141666667
62050000	62099999	0.8668419784666666	0.9910769443333333	-0.12423496586666671
62100000	62149999	0.8509571196666665	0.9910769443333333	-0.14011982466666673
62150000	62199999	0.9529102202666666	0.9910769443333333	-0.03816672406666666
62200000	62249999	0.9693376946	0.9910769443333333	-0.0217392497333333
62250000	62299999	0.8839308967666666	0.9910769443333333	-0.10714604756666668
62300000	62349999	0.8527574817333332	0.9910769443333333	-0.13831946260000005
62350000	62399999	0.9332937864333333	0.9910769443333333	-0.05778315789999999
62400000	62449999	1.0764791943	0.9910769443333333	0.08540224996666679
62450000	62499999	1.1196476009	0.9910769443333333	0.12857065656666677
62500000	62549999	1.2168749104333332	0.9910769443333333	0.2257979660999999
62550000	62599999	1.3699448543666666	0.9910769443333333	0.3788679100333333
62600000	62649999	1.7043233962333333	0.9910769443333333	0.7132464519
62650000	62699999	1.8402121817666668	0.9910769443333333	0.8491352374333335
62700000	62749999	1.9854965650333334	0.9910769443333333	0.9944196207000001
62750000	62799999	1.7205525616	0.9910769443333333	0.7294756172666667
62800000	62849999	1.5677785809999998	0.9910769443333333	0.5767016366666665
62850000	62899999	1.3794482068333331	0.9910769443333333	0.38837126249999987
62900000	62949999	1.6056058846	0.9910769443333333	0.6145289402666668
62950000	62999999	1.5586471375	0.9910769443333333	0.5675701931666667
63000000	63049999	1.5439834966333335	0.9910769443333333	0.5529065523000002
63050000	63099999	1.2496943316	0.9910769443333333	0.2586173872666667
63100000	63149999	1.2264217062	0.9910769443333333	0.23534476186666675
63150000	63199999	1.0928525924666666	0.9910769443333333	0.10177564813333329
63200000	63249999	1.1249164205333333	0.9910769443333333	0.13383947620000003
63250000	63299999	1.1044917420666667	0.9910769443333333	0.1134147977333334
63300000	63349999	1.2147358736	0.9910769443333333	0.22365892926666675
63350000	63399999	1.2262290200333332	0.9910769443333333	0.23515207569999996
63400000	63449999	1.2812374164666667	0.9910769443333333	0.2901604721333334
63450000	63499999	1.1188965167666667	0.9910769443333333	0.12781957243333342
63500000	63549999	1.0007445486666666	0.9910769443333333	0.009667604333333357
63550000	63599999	0.9233663163999999	0.9910769443333333	-0.06771062793333338
63600000	63649999	0.9675542336333333	0.9910769443333333	-0.023522710700000005
63650000	63699999	0.8995144942	0.9910769443333333	-0.0915624501333333
63700000	63749999	0.8495855393333333	0.9910769443333333	-0.14149140500000001
63750000	63799999	0.8117550645333332	0.9910769443333333	-0.17932187980000003
63800000	63849999	0.8490403597666666	0.9910769443333333	-0.14203658456666668
63850000	63899999	0.8031896329333333	0.9910769443333333	-0.18788731139999992
63900000	63949999	0.9480644279666667	0.9910769443333333	-0.04301251636666659
63950000	63999999	1.2838385319999999	0.9910769443333333	0.2927615876666666
64000000	64049999	1.4421503636	0.9910769443333333	0.45107341926666666
64050000	64099999	1.3208860942	0.9910769443333333	0.32980914986666676
64100000	64149999	1.1456067598	0.9910769443333333	0.15452981546666666
64150000	64199999	1.0276596256	0.9910769443333333	0.03658268126666664
64200000	64249999	1.0005073937	0.9910769443333333	0.009430449366666704
64250000	64299999	0.8849631164999999	0.9910769443333333	-0.10611382783333334
64300000	64349999	0.8663640139	0.9910769443333333	-0.12471293043333331
64350000	64399999	0.8766094328666666	0.9910769443333333	-0.11446751146666667
64400000	64449999	0.8882694728333332	0.9910769443333333	-0.10280747150000002
64450000	64499999	0.906639601	0.9910769443333333	-0.0844373433333333
64500000	64549999	0.9021726606333332	0.9910769443333333	-0.08890428370000003
64550000	64599999	0.9708812382333333	0.9910769443333333	-0.020195706099999988
64600000	64649999	0.9922831978999999	0.9910769443333333	0.001206253566666593
64650000	64699999	1.0279121109666667	0.9910769443333333	0.036835166633333416
64700000	64749999	1.0102377157333333	0.9910769443333333	0.019160771400000054
64750000	64799999	1.1477672860666666	0.9910769443333333	0.1566903417333333
64800000	64849999	1.3016229785	0.9910769443333333	0.3105460341666667
64850000	64899999	1.2944078811	0.9910769443333333	0.30333093676666667
64900000	64949999	1.2485545434333334	0.9910769443333333	0.2574775991000001
64950000	64999999	1.1196149264666666	0.9910769443333333	0.12853798213333334
65000000	65049999	1.1017979386999999	0.9910769443333333	0.1107209943666666
65050000	65099999	1.1325480448333334	0.9910769443333333	0.1414711005000001
65100000	65149999	1.1189025874	0.9910769443333333	0.12782564306666677
65150000	65199999	1.0438000273333332	0.9910769443333333	0.05272308299999995
65200000	65249999	0.9103295078333333	0.9910769443333333	-0.08074743649999994
65250000	65299999	0.9116048252	0.9910769443333333	-0.0794721191333333
65300000	65349999	0.9538416753	0.9910769443333333	-0.037235269033333296
65350000	65399999	0.9967597921666667	0.9910769443333333	0.005682847833333393
65400000	65449999	1.0168264718333333	0.9910769443333333	0.025749527500000036
65450000	65499999	1.0847550012333333	0.9910769443333333	0.09367805690000008
65500000	65549999	1.2983859298666665	0.9910769443333333	0.3073089855333332
65550000	65599999	1.5225366342333333	0.9910769443333333	0.5314596899
65600000	65649999	1.5152456375999999	0.9910769443333333	0.5241686932666666
65650000	65699999	1.3375493133666665	0.9910769443333333	0.3464723690333332
65700000	65749999	1.0846221033333332	0.9910769443333333	0.09354515899999993
65750000	65799999	1.0865169989999999	0.9910769443333333	0.09544005466666661
65800000	65849999	1.0185780502	0.9910769443333333	0.027501105866666653
65850000	65899999	0.8613261978666666	0.9910769443333333	-0.12975074646666662
65900000	65949999	0.8141847398	0.9910769443333333	-0.17689220453333332
65950000	65999999	0.9294884247333333	0.9910769443333333	-0.0615885196
66000000	66049999	1.1226357076333333	0.9910769443333333	0.13155876330000005
66050000	66099999	1.0776673379333332	0.9910769443333333	0.08659039359999998
66100000	66149999	1.0116994134666666	0.9910769443333333	0.02062246913333332
66150000	66199999	0.8958364405333333	0.9910769443333333	-0.09524050379999993
66200000	66249999	0.9364905470999999	0.9910769443333333	-0.05458639723333336
66250000	66299999	0.8986766654999999	0.9910769443333333	-0.09240027883333335
66300000	66349999	0.9320736256666666	0.9910769443333333	-0.05900331866666664
66350000	66399999	0.9558778466	0.9910769443333333	-0.035199097733333296
66400000	66449999	1.3959888206333333	0.9910769443333333	0.40491187630000003
66450000	66499999	1.4557308482	0.9910769443333333	0.4646539038666667
66500000	66549999	1.4174123342666667	0.9910769443333333	0.4263353899333334
66550000	66599999	1.0462343873666666	0.9910769443333333	0.055157443033333364
66600000	66649999	1.0655922348333333	0.9910769443333333	0.07451529050000005
66650000	66699999	1.0939279737333334	0.9910769443333333	0.10285102940000013
66700000	66749999	1.0271996139666666	0.9910769443333333	0.036122669633333326
66750000	66799999	0.9736926594333332	0.9910769443333333	-0.017384284900000102
66800000	66849999	0.8940901822999999	0.9910769443333333	-0.09698676203333334
66850000	66899999	0.8665619636666666	0.9910769443333333	-0.12451498066666666
66900000	66949999	0.8171755859	0.9910769443333333	-0.17390135843333332
66950000	66999999	0.9313816987	0.9910769443333333	-0.05969524563333328
67000000	67049999	0.9807480984666667	0.9910769443333333	-0.010328845866666603
67050000	67099999	1.0790228922666667	0.9910769443333333	0.08794594793333343
67100000	67149999	1.0219532354666665	0.9910769443333333	0.030876291133333233
67150000	67199999	1.0350465258	0.9910769443333333	0.04396958146666663
67200000	67249999	0.9838332339666667	0.9910769443333333	-0.0072437103666666
67250000	67299999	1.0094877965333333	0.9910769443333333	0.01841085220000005
67300000	67349999	1.0095141942333332	0.9910769443333333	0.018437249899999952
67350000	67399999	1.0131189798666667	0.9910769443333333	0.022042035533333393
67400000	67449999	0.9613165574666666	0.9910769443333333	-0.02976038686666671
67450000	67499999	0.8995700635999999	0.9910769443333333	-0.09150688073333335
67500000	67549999	0.9220123515666666	0.9910769443333333	-0.06906459276666665
67550000	67599999	1.0578611387333332	0.9910769443333333	0.06678419439999994
67600000	67649999	1.2475596073666666	0.9910769443333333	0.25648266303333334
67650000	67699999	1.3072324250666667	0.9910769443333333	0.31615548073333344
67700000	67749999	1.1737095092999998	0.9910769443333333	0.18263256496666658
67750000	67799999	1.0406881924333333	0.9910769443333333	0.04961124810000006
67800000	67849999	0.9131989972999999	0.9910769443333333	-0.0778779470333334
67850000	67899999	0.8588263500666665	0.9910769443333333	-0.13225059426666674
67900000	67949999	0.9000502498333333	0.9910769443333333	-0.0910266945
67950000	67999999	0.9219589691333332	0.9910769443333333	-0.06911797520000007
68000000	68049999	1.0890352432666666	0.9910769443333333	0.0979582989333333
68050000	68099999	0.9453395379999999	0.9910769443333333	-0.04573740633333334
68100000	68149999	0.8793313961999999	0.9910769443333333	-0.11174554813333337
68150000	68199999	0.7377218996999999	0.9910769443333333	-0.25335504463333336
68200000	68249999	0.8133614870999999	0.9910769443333333	-0.17771545723333337
68250000	68299999	0.8598410868333333	0.9910769443333333	-0.1312358575
68300000	68349999	0.9596978413333332	0.9910769443333333	-0.03137910300000002
68350000	68399999	1.0663093623666666	0.9910769443333333	0.07523241803333336
68400000	68449999	1.1692219376666666	0.9910769443333333	0.17814499333333333
68450000	68499999	1.2080188485666665	0.9910769443333333	0.21694190423333326
68500000	68549999	1.2304256247999998	0.9910769443333333	0.23934868046666657
68550000	68599999	1.3379883398999999	0.9910769443333333	0.3469113955666666
68600000	68649999	1.3488980116666667	0.9910769443333333	0.3578210673333334
68650000	68699999	1.3422758204666667	0.9910769443333333	0.35119887613333345
68700000	68749999	1.2669219396	0.9910769443333333	0.2758449952666667
68750000	68799999	1.2319434998666665	0.9910769443333333	0.24086655553333325
68800000	68849999	1.2717331002666667	0.9910769443333333	0.2806561559333335
68850000	68899999	1.3141279821333334	0.9910769443333333	0.3230510378000001
68900000	68949999	1.3489899454333334	0.9910769443333333	0.3579130011000001
68950000	68999999	1.3042709821999998	0.9910769443333333	0.31319403786666655
69000000	69049999	1.2670750866999998	0.9910769443333333	0.27599814236666653
69050000	69099999	1.3136869268	0.9910769443333333	0.3226099824666667
69100000	69149999	1.3062666539333332	0.9910769443333333	0.3151897095999999
69150000	69199999	1.3145842914333332	0.9910769443333333	0.32350734709999995
69200000	69249999	1.2710734904	0.9910769443333333	0.2799965460666668
69250000	69299999	1.1611742715	0.9910769443333333	0.1700973271666667
69300000	69349999	1.0484040480333334	0.9910769443333333	0.05732710370000016
69350000	69399999	0.9741475868999999	0.9910769443333333	-0.016929357433333347
69400000	69449999	1.0589153405666667	0.9910769443333333	0.06783839623333343
69450000	69499999	1.0340099292333331	0.9910769443333333	0.04293298489999986
69500000	69549999	1.0323692472	0.9910769443333333	0.04129230286666663
69550000	69599999	1.0838278982333334	0.9910769443333333	0.0927509539000001
69600000	69649999	1.4531495598333333	0.9910769443333333	0.4620726155
69650000	69699999	1.4914268495999998	0.9910769443333333	0.5003499052666666
69700000	69749999	1.5039690306	0.9910769443333333	0.5128920862666667
69750000	69799999	1.2464403307	0.9910769443333333	0.2553633863666668
69800000	69849999	1.2929185492666666	0.9910769443333333	0.30184160493333334
69850000	69899999	1.2893228687	0.9910769443333333	0.29824592436666675
69900000	69949999	1.3551204704	0.9910769443333333	0.3640435260666667
69950000	69999999	1.3203388605666666	0.9910769443333333	0.32926191623333334
70000000	70049999	1.2534316744999998	0.9910769443333333	0.26235473016666655
70050000	70099999	1.2623022338999998	0.9910769443333333	0.2712252895666666
70100000	70149999	1.2713761871	0.9910769443333333	0.28029924276666673
70150000	70199999	1.2593664291666666	0.9910769443333333	0.26828948483333337
70200000	70249999	1.1386233900666665	0.9910769443333333	0.1475464457333332
70250000	70299999	1.0217830451999999	0.9910769443333333	0.030706100866666586
70300000	70349999	0.9780934641999999	0.9910769443333333	-0.012983480133333392
70350000	70399999	0.9163599200666666	0.9910769443333333	-0.07471702426666671
70400000	70449999	0.9783039628666665	0.9910769443333333	-0.012772981466666722
70450000	70499999	1.0730873307	0.9910769443333333	0.08201038636666669
70500000	70549999	1.1850507888	0.9910769443333333	0.19397384446666666
70550000	70599999	1.3135550291666664	0.9910769443333333	0.3224780848333332
70600000	70649999	1.3257483799999998	0.9910769443333333	0.3346714356666666
70650000	70699999	1.5816919980666666	0.9910769443333333	0.5906150537333333
70700000	70749999	1.5115062838666666	0.9910769443333333	0.5204293395333334
70750000	70799999	1.4117777784999999	0.9910769443333333	0.4207008341666666
70800000	70849999	1.0755550969333334	0.9910769443333333	0.08447815260000013
70850000	70899999	1.0263456661666666	0.9910769443333333	0.035268721833333294
70900000	70949999	1.1255996616666666	0.9910769443333333	0.13452271733333332
70950000	70999999	1.1953599583333332	0.9910769443333333	0.20428301399999993
71000000	71049999	1.4293071333	0.9910769443333333	0.43823018896666677
71050000	71099999	1.4516654927333332	0.9910769443333333	0.46058854839999996
71100000	71149999	1.4274339083666665	0.9910769443333333	0.43635696403333324
71150000	71199999	1.2601416940333332	0.9910769443333333	0.26906474969999994
71200000	71249999	1.2345357755333333	0.9910769443333333	0.2434588312
71250000	71299999	1.1935058062	0.9910769443333333	0.20242886186666664
71300000	71349999	1.2627391330333333	0.9910769443333333	0.27166218870000003
71350000	71399999	1.2290429112333334	0.9910769443333333	0.23796596690000016
71400000	71449999	1.2165030759666666	0.9910769443333333	0.22542613163333336
71450000	71499999	1.0626803432666665	0.9910769443333333	0.07160339893333323
71500000	71549999	1.0614487262333332	0.9910769443333333	0.07037178189999993
71550000	71599999	1.2564100803666665	0.9910769443333333	0.2653331360333332
71600000	71649999	1.471651522	0.9910769443333333	0.48057457766666667
71650000	71699999	1.5947567286333333	0.9910769443333333	0.6036797843
71700000	71749999	1.5797366695666666	0.9910769443333333	0.5886597252333333
71750000	71799999	1.4257878308666667	0.9910769443333333	0.43471088653333345
71800000	71849999	1.3939254703666666	0.9910769443333333	0.4028485260333333
71850000	71899999	1.2869560337666666	0.9910769443333333	0.2958790894333333
71900000	71949999	1.3667681007999999	0.9910769443333333	0.3756911564666666
71950000	71999999	1.5832531884666667	0.9910769443333333	0.5921762441333335
72000000	72049999	1.7449625256333334	0.9910769443333333	0.7538855813000002
72050000	72099999	1.7234780489000001	0.9910769443333333	0.7324011045666668
72100000	72149999	1.5544954268333333	0.9910769443333333	0.5634184825
72150000	72199999	1.3967059401666666	0.9910769443333333	0.40562899583333334
72200000	72249999	1.4387278596333333	0.9910769443333333	0.4476509153
72250000	72299999	1.3961620799333332	0.9910769443333333	0.4050851355999999
72300000	72349999	1.2972130659999999	0.9910769443333333	0.3061361216666666
72350000	72399999	1.1461639871333333	0.9910769443333333	0.15508704280000007
72400000	72449999	0.9972557538666666	0.9910769443333333	0.006178809533333385
72450000	72499999	0.9692439188333333	0.9910769443333333	-0.021833025499999992
72500000	72549999	0.8983468662333333	0.9910769443333333	-0.0927300781
72550000	72599999	0.9159200285333332	0.9910769443333333	-0.07515691580000006
72600000	72649999	0.9212978748333333	0.9910769443333333	-0.06977906950000001
72650000	72699999	0.9483765095333333	0.9910769443333333	-0.042700434799999964
72700000	72749999	0.8663866103333333	0.9910769443333333	-0.12469033399999996
72750000	72799999	0.9353370997999999	0.9910769443333333	-0.05573984453333336
72800000	72849999	0.9776500566999999	0.9910769443333333	-0.013426887633333329
72850000	72899999	0.9518874448999999	0.9910769443333333	-0.039189499433333386
72900000	72949999	0.9401913279999999	0.9910769443333333	-0.05088561633333333
72950000	72999999	0.8862242992333332	0.9910769443333333	-0.10485264510000003
73000000	73049999	0.9231627764333333	0.9910769443333333	-0.06791416789999993
73050000	73099999	0.8146072982333332	0.9910769443333333	-0.17646964610000004
73100000	73149999	0.8217417227999999	0.9910769443333333	-0.16933522153333336
73150000	73199999	0.7697023046	0.9910769443333333	-0.22137463973333327
73200000	73249999	0.8337544806	0.9910769443333333	-0.15732246373333325
73250000	73299999	0.8208859028	0.9910769443333333	-0.1701910415333333
73300000	73349999	0.8431309329666666	0.9910769443333333	-0.14794601136666663
73350000	73399999	0.8193116597	0.9910769443333333	-0.1717652846333333
73400000	73449999	0.8155259437333333	0.9910769443333333	-0.17555100059999995
73450000	73499999	0.8041500275	0.9910769443333333	-0.1869269168333333
73500000	73549999	0.7816424689666666	0.9910769443333333	-0.2094344753666667
73550000	73599999	0.7666342440666666	0.9910769443333333	-0.22444270026666668
73600000	73649999	0.7917873127999999	0.9910769443333333	-0.19928963153333334
73650000	73699999	0.860644295	0.9910769443333333	-0.13043264933333332
73700000	73749999	0.8420432542333333	0.9910769443333333	-0.1490336901
73750000	73799999	0.8140923427333333	0.9910769443333333	-0.17698460159999996
73800000	73849999	0.7807358230999999	0.9910769443333333	-0.21034112123333337
73850000	73899999	0.8096863331666666	0.9910769443333333	-0.18139061116666666
73900000	73949999	0.8588235389	0.9910769443333333	-0.1322534054333333
73950000	73999999	0.8500138156999999	0.9910769443333333	-0.14106312863333337
74000000	74049999	0.8552581204999999	0.9910769443333333	-0.13581882383333332
74050000	74099999	0.8208746725333332	0.9910769443333333	-0.17020227180000003
74100000	74149999	0.8475486067999999	0.9910769443333333	-0.14352833753333338
74150000	74199999	0.8943821667666666	0.9910769443333333	-0.09669477756666667
74200000	74249999	1.0170080233666665	0.9910769443333333	0.02593107903333325
74250000	74299999	1.0926021486333333	0.9910769443333333	0.1015252043
74300000	74349999	1.1103190281	0.9910769443333333	0.11924208376666667
74350000	74399999	1.1777443533	0.9910769443333333	0.18666740896666678
74400000	74449999	1.1880223811333332	0.9910769443333333	0.19694543679999998
74450000	74499999	1.276606344	0.9910769443333333	0.2855293996666667
74500000	74549999	1.2796190783333332	0.9910769443333333	0.28854213399999995
74550000	74599999	1.3596379026999998	0.9910769443333333	0.3685609583666666
74600000	74649999	1.2989241659	0.9910769443333333	0.30784722156666666
74650000	74699999	1.2412504311666666	0.9910769443333333	0.2501734868333333
74700000	74749999	1.1679848383	0.9910769443333333	0.17690789396666673
74750000	74799999	1.2877556596	0.9910769443333333	0.29667871526666667
74800000	74849999	1.3344866772666666	0.9910769443333333	0.3434097329333333
74850000	74899999	1.3763650268666665	0.9910769443333333	0.38528808253333324
74900000	74949999	1.1960898720333333	0.9910769443333333	0.2050129277
74950000	74999999	1.0834038633666665	0.9910769443333333	0.09232691903333323
75000000	75049999	0.9102164885999999	0.9910769443333333	-0.08086045573333334
75050000	75099999	0.8296816927999999	0.9910769443333333	-0.16139525153333334
75100000	75149999	0.7697746265333333	0.9910769443333333	-0.22130231779999998
75150000	75199999	0.7757004961666666	0.9910769443333333	-0.21537644816666668
75200000	75249999	0.7726445415333333	0.9910769443333333	-0.21843240279999998
75250000	75299999	0.7572574349	0.9910769443333333	-0.2338195094333333
75300000	75349999	0.7768182566999999	0.9910769443333333	-0.21425868763333333
75350000	75399999	0.8397258677666666	0.9910769443333333	-0.1513510765666667
75400000	75449999	0.9096719217666666	0.9910769443333333	-0.08140502256666671
75450000	75499999	0.9607557512666666	0.9910769443333333	-0.030321193066666696
75500000	75549999	0.9671882798666666	0.9910769443333333	-0.02388866446666671
75550000	75599999	0.9398118580999999	0.9910769443333333	-0.05126508623333337
75600000	75649999	0.9437206906333333	0.9910769443333333	-0.04735625369999996
75650000	75699999	1.0175772991999998	0.9910769443333333	0.026500354866666576
75700000	75749999	1.0761739635333334	0.9910769443333333	0.08509701920000012
75750000	75799999	1.039117812	0.9910769443333333	0.04804086766666671
75800000	75849999	1.0742037514333334	0.9910769443333333	0.08312680710000009
75850000	75899999	1.1359991125333333	0.9910769443333333	0.14492216820000003
75900000	75949999	1.2413160956666667	0.9910769443333333	0.2502391513333334
75950000	75999999	1.3735436731	0.9910769443333333	0.38246672876666665
76000000	76049999	1.4309354192	0.9910769443333333	0.4398584748666666
76050000	76099999	1.4372348097333334	0.9910769443333333	0.44615786540000013
76100000	76149999	1.3359240813	0.9910769443333333	0.3448471369666667
76150000	76199999	1.3056925525333334	0.9910769443333333	0.3146156082000001
76200000	76249999	1.3264227661666665	0.9910769443333333	0.3353458218333333
76250000	76299999	1.2551402603666668	0.9910769443333333	0.26406331603333355
76300000	76349999	1.1736356795333334	0.9910769443333333	0.1825587352000001
76350000	76399999	1.1373837245333334	0.9910769443333333	0.1463067802000001
76400000	76449999	1.249078154	0.9910769443333333	0.25800120966666673
76450000	76499999	1.2836268105333333	0.9910769443333333	0.2925498662
76500000	76549999	1.2581119568666665	0.9910769443333333	0.2670350125333333
76550000	76599999	1.1758853590333334	0.9910769443333333	0.1848084147000001
76600000	76649999	1.1237347221333334	0.9910769443333333	0.1326577778000001
76650000	76699999	1.2056368015333332	0.9910769443333333	0.21455985719999993
76700000	76749999	1.3331404342333333	0.9910769443333333	0.3420634899
76750000	76799999	1.5385608241666666	0.9910769443333333	0.5474838798333334
76800000	76849999	1.5528132058333333	0.9910769443333333	0.5617362615
76850000	76899999	1.60298009	0.9910769443333333	0.6119031456666667
76900000	76949999	1.4612881774	0.9910769443333333	0.4702112330666667
76950000	76999999	1.3665479555333333	0.9910769443333333	0.37547101120000004
77000000	77049999	1.1543438513666666	0.9910769443333333	0.16326690703333335
77050000	77099999	1.1095211378	0.9910769443333333	0.11844419346666679
77100000	77149999	1.1551392703999999	0.9910769443333333	0.1640623260666666
77150000	77199999	1.4056719461666667	0.9910769443333333	0.4145950018333334
77200000	77249999	1.3711151165333333	0.9910769443333333	0.3800381722
77250000	77299999	1.3287260127999998	0.9910769443333333	0.33764906846666654
77300000	77349999	1.0672592454666665	0.9910769443333333	0.07618230113333324
77350000	77399999	1.0728328661666666	0.9910769443333333	0.08175592183333336
77400000	77449999	0.9719206109333333	0.9910769443333333	-0.019156333400000003
77450000	77499999	0.8998665498333333	0.9910769443333333	-0.09121039450000001
77500000	77549999	0.8316769051999999	0.9910769443333333	-0.15940003913333334
77550000	77599999	0.798529686	0.9910769443333333	-0.1925472583333333
77600000	77649999	0.7663486087	0.9910769443333333	-0.22472833563333328
77650000	77699999	0.7613917955333334	0.9910769443333333	-0.2296851487999999
77700000	77749999	0.7976932690666666	0.9910769443333333	-0.19338367526666667
77750000	77799999	0.8268607109999999	0.9910769443333333	-0.16421623333333335
77800000	77849999	0.8131799204333332	0.9910769443333333	-0.17789702390000006
77850000	77899999	0.8209610039333333	0.9910769443333333	-0.1701159404
77900000	77949999	0.8514270540333332	0.9910769443333333	-0.13964989030000008
77950000	77999999	0.8824013008666666	0.9910769443333333	-0.1086756434666667
78000000	78049999	0.8704797622333332	0.9910769443333333	-0.12059718210000003
78050000	78099999	0.8036297044666666	0.9910769443333333	-0.18744723986666667
78100000	78149999	0.7566711757333333	0.9910769443333333	-0.23440576859999995
78150000	78199999	0.7252631772666667	0.9910769443333333	-0.2658137670666666
78200000	78249999	0.7565124519333333	0.9910769443333333	-0.2345644924
78250000	78299999	0.8624749768666666	0.9910769443333333	-0.12860196746666663
78300000	78349999	0.9358795636666666	0.9910769443333333	-0.055197380666666684
78350000	78399999	0.8986823721999999	0.9910769443333333	-0.09239457213333335
78400000	78449999	0.8087484959333332	0.9910769443333333	-0.18232844840000006
78450000	78499999	0.8052402164999999	0.9910769443333333	-0.18583672783333338
78500000	78549999	0.8926035763666665	0.9910769443333333	-0.09847336796666672
78550000	78599999	0.9019657998666666	0.9910769443333333	-0.08911114446666668
78600000	78649999	0.8128330695999999	0.9910769443333333	-0.17824387473333336
78650000	78699999	0.8357974896666666	0.9910769443333333	-0.1552794546666667
78700000	78749999	0.8354462069666666	0.9910769443333333	-0.15563073736666666
78750000	78799999	0.9311438654666666	0.9910769443333333	-0.059933078866666656
78800000	78849999	0.8023766495666665	0.9910769443333333	-0.18870029476666672
78850000	78899999	0.7814903054666665	0.9910769443333333	-0.20958663886666673
78900000	78949999	0.7321926175	0.9910769443333333	-0.2588843268333333
78950000	78999999	0.7485846491666666	0.9910769443333333	-0.2424922951666667
79000000	79049999	0.7850419460333332	0.9910769443333333	-0.20603499830000005
79050000	79099999	0.7758391064999999	0.9910769443333333	-0.2152378378333334
79100000	79149999	0.8036537128	0.9910769443333333	-0.1874232315333333
79150000	79199999	0.7980861096666666	0.9910769443333333	-0.19299083466666667
79200000	79249999	0.8219622648666666	0.9910769443333333	-0.1691146794666667
79250000	79299999	0.8282011288666666	0.9910769443333333	-0.16287581546666663
79300000	79349999	0.8533315163666666	0.9910769443333333	-0.13774542796666667
79350000	79399999	0.7732163177333333	0.9910769443333333	-0.21786062659999994
79400000	79449999	0.8025827310666667	0.9910769443333333	-0.1884942132666666
79450000	79499999	0.7740800615333333	0.9910769443333333	-0.21699688279999996
79500000	79549999	0.8583346077999999	0.9910769443333333	-0.13274233653333334
79550000	79599999	0.8137093323333333	0.9910769443333333	-0.17736761199999995
79600000	79649999	0.9093298663999999	0.9910769443333333	-0.08174707793333336
79650000	79699999	0.8296533636	0.9910769443333333	-0.1614235807333333
79700000	79749999	0.8761329486999999	0.9910769443333333	-0.11494399563333335
79750000	79799999	0.7604139624999999	0.9910769443333333	-0.23066298183333334
79800000	79849999	0.6422829247333333	0.9910769443333333	-0.3487940196
79850000	79899999	0.5270027033666667	0.9910769443333333	-0.4640742409666666
79900000	79949999	0.5076199232	0.9910769443333333	-0.4834570211333332
79950000	79999999	0.6882503068	0.9910769443333333	-0.3028266375333333
80000000	80049999	0.7455027561666666	0.9910769443333333	-0.24557418816666665
80050000	80099999	0.8107195822	0.9910769443333333	-0.1803573621333333
80100000	80149999	1.1899664305	0.9910769443333333	0.19888948616666668
80150000	80199999	1.4544385004999998	0.9910769443333333	0.4633615561666665
80200000	80249999	1.6622028586666666	0.9910769443333333	0.6711259143333334
80250000	80299999	1.5166578437	0.9910769443333333	0.5255808993666667
80300000	80349999	1.3898731857666666	0.9910769443333333	0.39879624143333336
80350000	80399999	1.3822927069666666	0.9910769443333333	0.39121576263333335
80400000	80449999	1.2364634043666665	0.9910769443333333	0.2453864600333332
80450000	80499999	1.1448837771333333	0.9910769443333333	0.15380683280000007
80500000	80549999	0.9592939376666666	0.9910769443333333	-0.03178300666666667
80550000	80599999	0.8164394736999999	0.9910769443333333	-0.17463747063333335
80600000	80649999	0.7742994687333332	0.9910769443333333	-0.21677747560000005
80650000	80699999	0.7409707344333333	0.9910769443333333	-0.2501062099
80700000	80749999	0.8056706781999999	0.9910769443333333	-0.18540626613333333
80750000	80799999	0.8096341037666667	0.9910769443333333	-0.1814428405666666
80800000	80849999	0.7708293970333333	0.9910769443333333	-0.22024754729999996
80850000	80899999	0.7647642279333333	0.9910769443333333	-0.22631271639999995
80900000	80949999	0.7919404132333333	0.9910769443333333	-0.19913653109999996
80950000	80999999	0.8616739312999999	0.9910769443333333	-0.12940301303333335
81000000	81049999	0.8539892252	0.9910769443333333	-0.13708771913333329
81050000	81099999	0.8459958507666666	0.9910769443333333	-0.14508109356666665
81100000	81149999	0.7481477143333333	0.9910769443333333	-0.24292923
81150000	81199999	0.7435543331333333	0.9910769443333333	-0.24752261119999996
81200000	81249999	0.7883500936666666	0.9910769443333333	-0.20272685066666662
81250000	81299999	0.8350495846333332	0.9910769443333333	-0.15602735970000003
81300000	81349999	0.7975536638999999	0.9910769443333333	-0.19352328043333333
81350000	81399999	0.7691022882999999	0.9910769443333333	-0.22197465603333333
81400000	81449999	0.7533668551333332	0.9910769443333333	-0.23771008920000003
81450000	81499999	0.8212335587999999	0.9910769443333333	-0.16984338553333334
81500000	81549999	0.8179505848666666	0.9910769443333333	-0.17312635946666666
81550000	81599999	0.8441411588666665	0.9910769443333333	-0.14693578546666675
81600000	81649999	0.8648342218999999	0.9910769443333333	-0.12624272243333334
81650000	81699999	0.8845504142999999	0.9910769443333333	-0.10652653003333334
81700000	81749999	0.9510334755666666	0.9910769443333333	-0.040043468766666646
81750000	81799999	0.9024513795666665	0.9910769443333333	-0.08862556476666672
81800000	81849999	0.8543991017999999	0.9910769443333333	-0.13667784253333337
81850000	81899999	0.7957599673333332	0.9910769443333333	-0.19531697700000006
81900000	81949999	0.8002748614999999	0.9910769443333333	-0.19080208283333333
81950000	81999999	0.8458897669	0.9910769443333333	-0.14518717743333331
82000000	82049999	0.8077923819666666	0.9910769443333333	-0.18328456236666668
82050000	82099999	0.7968249454666666	0.9910769443333333	-0.19425199886666666
82100000	82149999	0.7439868814999999	0.9910769443333333	-0.24709006283333335
82150000	82199999	0.7778555905666666	0.9910769443333333	-0.21322135376666662
82200000	82249999	0.7386370741999999	0.9910769443333333	-0.25243987013333336
82250000	82299999	0.7433128404666666	0.9910769443333333	-0.2477641038666667
82300000	82349999	0.7254104117333333	0.9910769443333333	-0.26566653259999995
82350000	82399999	0.7731795173999999	0.9910769443333333	-0.21789742693333336
82400000	82449999	0.7606688260666666	0.9910769443333333	-0.23040811826666663
82450000	82499999	0.7689733767999999	0.9910769443333333	-0.22210356753333338
82500000	82549999	0.7581019805999999	0.9910769443333333	-0.23297496373333337
82550000	82599999	0.7569801749333332	0.9910769443333333	-0.23409676940000002
82600000	82649999	0.7622991316	0.9910769443333333	-0.2287778127333333
82650000	82699999	0.8588447742666666	0.9910769443333333	-0.13223217006666665
82700000	82749999	0.9177508686333333	0.9910769443333333	-0.07332607569999994
82750000	82799999	0.927660728	0.9910769443333333	-0.06341621633333328
82800000	82849999	0.8641684222333332	0.9910769443333333	-0.12690852210000003
82850000	82899999	0.8363848753333333	0.9910769443333333	-0.154692069
82900000	82949999	0.8333551426666665	0.9910769443333333	-0.15772180166666672
82950000	82999999	0.8157104936666666	0.9910769443333333	-0.17536645066666667
83000000	83049999	0.7627631546999999	0.9910769443333333	-0.22831378963333337
83050000	83099999	0.701008074	0.9910769443333333	-0.2900688703333333
83100000	83149999	0.6134000716	0.9910769443333333	-0.3776768727333333
83150000	83199999	0.6783995794666666	0.9910769443333333	-0.31267736486666664
83200000	83249999	0.7219024513999999	0.9910769443333333	-0.2691744929333334
83250000	83299999	0.8086996244666665	0.9910769443333333	-0.18237731986666672
83300000	83349999	0.8834302727333333	0.9910769443333333	-0.10764667159999997
83350000	83399999	1.0501824020333332	0.9910769443333333	0.059105457699999975
83400000	83449999	1.1674017555666665	0.9910769443333333	0.1763248112333332
83450000	83499999	1.1857514866999999	0.9910769443333333	0.1946745423666666
83500000	83549999	1.2401468678999998	0.9910769443333333	0.24906992356666657
83550000	83599999	1.2293707142333332	0.9910769443333333	0.23829376989999995
83600000	83649999	1.2056406678666667	0.9910769443333333	0.21456372353333342
83650000	83699999	1.0783960549666665	0.9910769443333333	0.0873191106333332
83700000	83749999	1.0897225480333332	0.9910769443333333	0.09864560369999997
83750000	83799999	1.0126343348333333	0.9910769443333333	0.02155739050000005
83800000	83849999	0.9672628083999999	0.9910769443333333	-0.02381413593333337
83850000	83899999	0.8210889596666666	0.9910769443333333	-0.16998798466666665
83900000	83949999	0.7936504252	0.9910769443333333	-0.1974265191333333
83950000	83999999	0.7647505260333333	0.9910769443333333	-0.2263264183
84000000	84049999	0.7248689252666667	0.9910769443333333	-0.2662080190666666
84050000	84099999	0.6878018019666665	0.9910769443333333	-0.30327514236666675
84100000	84149999	0.6582024795999999	0.9910769443333333	-0.3328744647333334
84150000	84199999	0.7020636873666666	0.9910769443333333	-0.2890132569666667
84200000	84249999	0.7416824743999999	0.9910769443333333	-0.24939446993333336
84250000	84299999	0.7759781035	0.9910769443333333	-0.2150988408333333
84300000	84349999	0.7898438778333332	0.9910769443333333	-0.20123306650000006
84350000	84399999	0.7737950445666666	0.9910769443333333	-0.21728189976666668
84400000	84449999	0.7496998840666667	0.9910769443333333	-0.2413770602666666
84450000	84499999	0.6852249935666666	0.9910769443333333	-0.3058519507666667
84500000	84549999	0.6963875387999998	0.9910769443333333	-0.29468940553333345
84550000	84599999	0.6984345665333331	0.9910769443333333	-0.29264237780000013
84600000	84649999	0.7550737305666666	0.9910769443333333	-0.23600321376666666
84650000	84699999	0.7765078265333333	0.9910769443333333	-0.2145691178
84700000	84749999	0.7312101514333333	0.9910769443333333	-0.2598667928999999
84750000	84799999	0.7450411217999999	0.9910769443333333	-0.24603582253333334
84800000	84849999	0.7546272662666665	0.9910769443333333	-0.23644967806666672
84850000	84899999	0.8225736263	0.9910769443333333	-0.1685033180333333
84900000	84949999	0.8084222277333333	0.9910769443333333	-0.1826547166
84950000	84999999	0.8052180332666666	0.9910769443333333	-0.18585891106666663
85000000	85049999	0.8039011310999999	0.9910769443333333	-0.18717581323333332
85050000	85099999	0.8199859853999999	0.9910769443333333	-0.17109095893333337
85100000	85149999	0.8031673185666666	0.9910769443333333	-0.1879096257666667
85150000	85199999	0.8295005621333332	0.9910769443333333	-0.16157638220000003
85200000	85249999	0.8615255309333333	0.9910769443333333	-0.12955141339999998
85250000	85299999	0.8626669881333332	0.9910769443333333	-0.12840995620000006
85300000	85349999	0.8189412994333333	0.9910769443333333	-0.1721356449
85350000	85399999	0.8113865418999999	0.9910769443333333	-0.17969040243333334
85400000	85449999	0.8041286754666666	0.9910769443333333	-0.1869482688666667
85450000	85499999	0.8575713009999999	0.9910769443333333	-0.13350564333333337
85500000	85549999	0.8048852066666665	0.9910769443333333	-0.18619173766666675
85550000	85599999	0.8002873706666666	0.9910769443333333	-0.1907895736666667
85600000	85649999	0.8303977647999998	0.9910769443333333	-0.16067917953333344
85650000	85699999	0.8631090012333332	0.9910769443333333	-0.12796794310000004
85700000	85749999	0.9298565484999999	0.9910769443333333	-0.061220395833333385
85750000	85799999	0.8724087110333333	0.9910769443333333	-0.11866823329999998
85800000	85849999	0.8787211249333333	0.9910769443333333	-0.11235581939999995
85850000	85899999	0.9311722401333333	0.9910769443333333	-0.059904704199999936
85900000	85949999	0.9848684822666667	0.9910769443333333	-0.006208462066666587
85950000	85999999	0.9679727644666666	0.9910769443333333	-0.023104179866666685
86000000	86049999	0.8813088122333332	0.9910769443333333	-0.10976813210000003
86050000	86099999	0.8705876345999999	0.9910769443333333	-0.12048930973333338
86100000	86149999	0.8295946340666666	0.9910769443333333	-0.1614823102666667
86150000	86199999	0.8483032586666666	0.9910769443333333	-0.1427736856666667
86200000	86249999	0.8249324363333332	0.9910769443333333	-0.16614450800000002
86250000	86299999	0.8268603157	0.9910769443333333	-0.1642166286333333
86300000	86349999	0.8176228816333333	0.9910769443333333	-0.17345406269999997
86350000	86399999	0.7663588433333333	0.9910769443333333	-0.224718101
86400000	86449999	0.7790460845333332	0.9910769443333333	-0.21203085980000003
86450000	86499999	0.7808827808666666	0.9910769443333333	-0.21019416346666664
86500000	86549999	0.7923657644	0.9910769443333333	-0.19871117993333332
86550000	86599999	0.8246204356666665	0.9910769443333333	-0.16645650866666672
86600000	86649999	0.7893667691333333	0.9910769443333333	-0.2017101752
86650000	86699999	0.7751386128666666	0.9910769443333333	-0.21593833146666663
86700000	86749999	0.7591566405	0.9910769443333333	-0.23192030383333329
86750000	86799999	0.7692657065333333	0.9910769443333333	-0.2218112378
86800000	86849999	0.7359841983333333	0.9910769443333333	-0.255092746
86850000	86899999	0.7010595977999998	0.9910769443333333	-0.29001734653333344
86900000	86949999	0.6672639883999999	0.9910769443333333	-0.32381295593333337
86950000	86999999	0.7185794055333332	0.9910769443333333	-0.27249753880000005
87000000	87049999	0.8157227311333333	0.9910769443333333	-0.1753542132
87050000	87099999	0.8388131664999999	0.9910769443333333	-0.15226377783333334
87100000	87149999	0.7721847205333333	0.9910769443333333	-0.21889222379999995
87150000	87199999	0.6610844636666666	0.9910769443333333	-0.32999248066666664
87200000	87249999	0.6606304923666666	0.9910769443333333	-0.33044645196666667
87250000	87299999	0.6980447490333332	0.9910769443333333	-0.2930321953
87300000	87349999	0.7297348944666666	0.9910769443333333	-0.26134204986666665
87350000	87399999	0.7907719893666666	0.9910769443333333	-0.20030495496666667
87400000	87449999	0.7900127044666666	0.9910769443333333	-0.20106423986666666
87450000	87499999	0.7731203902333332	0.9910769443333333	-0.21795655410000003
87500000	87549999	0.6942012172333333	0.9910769443333333	-0.2968757271
87550000	87599999	1.3480415175	0.9910769443333333	0.35696457316666674
87600000	87649999	1.3834364517666666	0.9910769443333333	0.39235950743333337
87650000	87699999	1.4304935145333333	0.9910769443333333	0.4394165702
87700000	87749999	0.7852120936999999	0.9910769443333333	-0.20586485063333337
87750000	87799999	0.7104410505999998	0.9910769443333333	-0.2806358937333334
87800000	87849999	0.6831394721333333	0.9910769443333333	-0.3079374722
87850000	87899999	0.7053912857	0.9910769443333333	-0.2856856586333333
87900000	87949999	0.7670849330333332	0.9910769443333333	-0.22399201130000002
87950000	87999999	0.7938077036666666	0.9910769443333333	-0.19726924066666662
88000000	88049999	0.7441760151333333	0.9910769443333333	-0.24690092919999995
88050000	88099999	0.7443452516999999	0.9910769443333333	-0.2467316926333334
88100000	88149999	0.7657467971333333	0.9910769443333333	-0.2253301472
88150000	88199999	0.8614016533999999	0.9910769443333333	-0.1296752909333334
88200000	88249999	0.9285027656333332	0.9910769443333333	-0.06257417870000004
88250000	88299999	0.8317404740666666	0.9910769443333333	-0.15933647026666664
88300000	88349999	0.7843271206333333	0.9910769443333333	-0.20674982369999995
88350000	88399999	0.8302445111666665	0.9910769443333333	-0.16083243316666673
88400000	88449999	1.100911215	0.9910769443333333	0.10983427066666673
88450000	88499999	1.4540930296999999	0.9910769443333333	0.4630160853666666
88500000	88549999	1.4920004808999998	0.9910769443333333	0.5009235365666665
88550000	88599999	1.2878737102333333	0.9910769443333333	0.29679676590000004
88600000	88649999	0.9769720465333332	0.9910769443333333	-0.014104897800000016
88650000	88699999	0.8685369064666666	0.9910769443333333	-0.12254003786666667
88700000	88749999	0.8551077535333332	0.9910769443333333	-0.13596919080000003
88750000	88799999	0.8366389947666666	0.9910769443333333	-0.15443794956666668
88800000	88849999	0.8238810118	0.9910769443333333	-0.1671959325333333
88850000	88899999	0.8855392443	0.9910769443333333	-0.10553770003333329
88900000	88949999	0.8661480371999999	0.9910769443333333	-0.12492890713333338
88950000	88999999	0.8314703162666666	0.9910769443333333	-0.1596066280666667
89000000	89049999	0.8083613767	0.9910769443333333	-0.1827155676333333
89050000	89099999	0.8206484131666666	0.9910769443333333	-0.17042853116666667
89100000	89149999	0.8354878767333332	0.9910769443333333	-0.15558906760000002
89150000	89199999	0.7853620970666666	0.9910769443333333	-0.20571484726666667
89200000	89249999	0.8245809075333332	0.9910769443333333	-0.16649603680000002
89250000	89299999	0.8703449882	0.9910769443333333	-0.12073195613333332
89300000	89349999	1.0333919468666666	0.9910769443333333	0.04231500253333331
89350000	89399999	1.1228326667333333	0.9910769443333333	0.1317557224
89400000	89449999	1.1973517435333332	0.9910769443333333	0.20627479919999991
89450000	89499999	1.2026962606666665	0.9910769443333333	0.2116193163333332
89500000	89549999	1.3234846073	0.9910769443333333	0.3324076629666667
89550000	89599999	1.4287746981999998	0.9910769443333333	0.43769775386666654
89600000	89649999	1.5491938401666667	0.9910769443333333	0.5581168958333335
89650000	89699999	1.4036734074333332	0.9910769443333333	0.4125964631
89700000	89749999	1.3075644857	0.9910769443333333	0.3164875413666667
89750000	89799999	1.2026385313333332	0.9910769443333333	0.21156158699999994
89800000	89849999	1.1628111024333332	0.9910769443333333	0.17173415809999992
89850000	89899999	1.1840799559666666	0.9910769443333333	0.19300301163333333
89900000	89949999	1.3185140219666667	0.9910769443333333	0.3274370776333334
89950000	89999999	1.5019075250333334	0.9910769443333333	0.5108305807000001
90000000	90049999	1.8080762082333333	0.9910769443333333	0.8169992639
90050000	90099999	1.6998476492	0.9910769443333333	0.7087707048666668
90100000	90149999	1.6834603933666665	0.9910769443333333	0.6923834490333333
90150000	90199999	1.4040402373666665	0.9910769443333333	0.41296329303333323
90200000	90249999	1.3925502071	0.9910769443333333	0.4014732627666667
90250000	90299999	1.3125379918666666	0.9910769443333333	0.3214610475333334
90300000	90349999	1.3701142079	0.9910769443333333	0.37903726356666667
90350000	90399999	1.3491959452666666	0.9910769443333333	0.3581190009333334
90400000	90449999	1.3264746882	0.9910769443333333	0.33539774386666676
90450000	90499999	1.133010708	0.9910769443333333	0.14193376366666677
90500000	90549999	1.074976447	0.9910769443333333	0.08389950266666679
90550000	90599999	0.9315322564666666	0.9910769443333333	-0.05954468786666667
90600000	90649999	0.9497793261999999	0.9910769443333333	-0.041297618133333325
90650000	90699999	0.8765663125333333	0.9910769443333333	-0.11451063179999998
90700000	90749999	0.8988015578999999	0.9910769443333333	-0.09227538643333333
90750000	90799999	0.8451452409999999	0.9910769443333333	-0.14593170333333338
90800000	90849999	0.8078321080333333	0.9910769443333333	-0.1832448363
90850000	90899999	0.7665466522	0.9910769443333333	-0.2245302921333333
90900000	90949999	0.8143727436999999	0.9910769443333333	-0.17670420063333336
90950000	90999999	0.8260816444666665	0.9910769443333333	-0.16499529986666672
91000000	91049999	0.8704243026666666	0.9910769443333333	-0.12065264166666667
91050000	91099999	0.8493861060333332	0.9910769443333333	-0.14169083830000007
91100000	91149999	0.8912992220999999	0.9910769443333333	-0.09977772223333337
91150000	91199999	0.9191359626666666	0.9910769443333333	-0.07194098166666663
91200000	91249999	0.9229471339666666	0.9910769443333333	-0.06812981036666665
91250000	91299999	0.8683440656666666	0.9910769443333333	-0.12273287866666671
91300000	91349999	0.9636133362333332	0.9910769443333333	-0.027463608100000036
91350000	91399999	1.0287943581666665	0.9910769443333333	0.03771741383333327
91400000	91449999	1.1534020157666665	0.9910769443333333	0.1623250714333332
91450000	91499999	1.1709896124666666	0.9910769443333333	0.1799126681333333
91500000	91549999	1.2425821855999999	0.9910769443333333	0.2515052412666666
91550000	91599999	1.2984245449	0.9910769443333333	0.30734760056666677
91600000	91649999	1.3230812551333333	0.9910769443333333	0.33200431080000004
91650000	91699999	1.4886562761333333	0.9910769443333333	0.4975793318
91700000	91749999	1.5722954240666667	0.9910769443333333	0.5812184797333334
91750000	91799999	1.7327847872666666	0.9910769443333333	0.7417078429333334
91800000	91849999	1.6620591968	0.9910769443333333	0.6709822524666668
91850000	91899999	1.7001179735666665	0.9910769443333333	0.7090410292333332
91900000	91949999	1.6849596680999999	0.9910769443333333	0.6938827237666666
91950000	91999999	1.7472215064999999	0.9910769443333333	0.7561445621666666
92000000	92049999	1.8371541381666665	0.9910769443333333	0.8460771938333332
92050000	92099999	1.7120520595666666	0.9910769443333333	0.7209751152333334
92100000	92149999	1.7526483375333333	0.9910769443333333	0.7615713932
92150000	92199999	1.7657054450333334	0.9910769443333333	0.7746285007000001
92200000	92249999	1.8305770477999999	0.9910769443333333	0.8395001034666666
92250000	92299999	1.7259537681	0.9910769443333333	0.7348768237666666
92300000	92349999	1.5829508780333332	0.9910769443333333	0.5918739337
92350000	92399999	1.4694037467666665	0.9910769443333333	0.47832680243333325
92400000	92449999	1.4014487235666666	0.9910769443333333	0.41037177923333334
92450000	92499999	1.3717094887999999	0.9910769443333333	0.3806325444666666
92500000	92549999	1.4815282156333334	0.9910769443333333	0.4904512713000001
92550000	92599999	1.5358754427666665	0.9910769443333333	0.5447984984333333
92600000	92649999	1.5092708264333332	0.9910769443333333	0.5181938821
92650000	92699999	1.3736533400333333	0.9910769443333333	0.3825763957
92700000	92749999	1.3507755783333333	0.9910769443333333	0.359698634
92750000	92799999	1.4014155529333332	0.9910769443333333	0.41033860859999993
92800000	92849999	1.4746904069666666	0.9910769443333333	0.4836134626333334
92850000	92899999	1.478148925	0.9910769443333333	0.4870719806666667
92900000	92949999	1.4158485603333333	0.9910769443333333	0.424771616
92950000	92999999	1.4088567905666667	0.9910769443333333	0.4177798462333334
93000000	93049999	1.2649160762333334	0.9910769443333333	0.2738391319000001
93050000	93099999	1.1695503701666667	0.9910769443333333	0.17847342583333348
93100000	93149999	1.2934915528666666	0.9910769443333333	0.30241460853333335
93150000	93199999	1.5869978835333332	0.9910769443333333	0.5959209391999999
93200000	93249999	1.6806327410333333	0.9910769443333333	0.6895557967
93250000	93299999	1.4156004796	0.9910769443333333	0.42452353526666664
93300000	93349999	1.1862961133	0.9910769443333333	0.1952191689666668
93350000	93399999	1.1941282245	0.9910769443333333	0.20305128016666674
93400000	93449999	1.2867879011333332	0.9910769443333333	0.2957109567999999
93450000	93499999	1.3105790582333332	0.9910769443333333	0.31950211389999994
93500000	93549999	1.2613859216	0.9910769443333333	0.2703089772666668
93550000	93599999	1.2828177771333333	0.9910769443333333	0.29174083280000007
93600000	93649999	1.3022813266	0.9910769443333333	0.3112043822666667
93650000	93699999	1.2980490848666666	0.9910769443333333	0.3069721405333333
93700000	93749999	1.2953121222666666	0.9910769443333333	0.3042351779333333
93750000	93799999	1.2897813603333332	0.9910769443333333	0.298704416
93800000	93849999	1.3241833921666666	0.9910769443333333	0.3331064478333333
93850000	93899999	1.3773950545	0.9910769443333333	0.38631811016666673
93900000	93949999	1.3848579939333332	0.9910769443333333	0.39378104959999993
93950000	93999999	1.4219306394666664	0.9910769443333333	0.43085369513333316
94000000	94049999	1.4250532311666666	0.9910769443333333	0.43397628683333334
94050000	94099999	1.5332065615	0.9910769443333333	0.5421296171666666
94100000	94149999	1.6324034968666665	0.9910769443333333	0.6413265525333333
94150000	94199999	1.5841814786	0.9910769443333333	0.5931045342666666
94200000	94249999	1.4546834433666667	0.9910769443333333	0.4636064990333334
94250000	94299999	1.2891470735333332	0.9910769443333333	0.2980701292
94300000	94349999	1.2957518591	0.9910769443333333	0.30467491476666664
94350000	94399999	1.2177940657	0.9910769443333333	0.22671712136666666
94400000	94449999	1.2264065519	0.9910769443333333	0.23532960756666677
94450000	94499999	1.091905955	0.9910769443333333	0.10082901066666683
94500000	94549999	1.1076247229333331	0.9910769443333333	0.11654777859999987
94550000	94599999	1.0611779428666666	0.9910769443333333	0.07010099853333329
94600000	94649999	1.0485423157666665	0.9910769443333333	0.05746537143333319
94650000	94699999	1.1188110296333331	0.9910769443333333	0.12773408529999986
94700000	94749999	1.2269440348666665	0.9910769443333333	0.2358670905333332
94750000	94799999	1.3193670242666666	0.9910769443333333	0.32829007993333337
94800000	94849999	1.2663014097666665	0.9910769443333333	0.27522446543333323
94850000	94899999	1.0974272329666666	0.9910769443333333	0.10635028863333329
94900000	94949999	1.0196493541999998	0.9910769443333333	0.028572409866666537
94950000	94999999	0.9346763941333333	0.9910769443333333	-0.05640055020000001
95000000	95049999	0.9217776621333333	0.9910769443333333	-0.06929928219999992
95050000	95099999	0.9275777316666666	0.9910769443333333	-0.0634992126666667
95100000	95149999	0.9252976982666666	0.9910769443333333	-0.06577924606666663
95150000	95199999	0.9724727517333333	0.9910769443333333	-0.018604192600000014
95200000	95249999	0.9656783118	0.9910769443333333	-0.0253986325333333
95250000	95299999	0.9895910099999999	0.9910769443333333	-0.0014859343333333275
95300000	95349999	1.0058867341	0.9910769443333333	0.014809789766666692
95350000	95399999	1.1150080674333334	0.9910769443333333	0.1239311231000001
95400000	95449999	1.1779079233333334	0.9910769443333333	0.18683097900000012
95450000	95499999	1.2218107085	0.9910769443333333	0.2307337641666668
95500000	95549999	1.2054293235666667	0.9910769443333333	0.2143523792333334
95550000	95599999	1.2240305166333334	0.9910769443333333	0.23295357230000013
95600000	95649999	1.3473306551	0.9910769443333333	0.3562537107666667
95650000	95699999	1.3183685815	0.9910769443333333	0.32729163716666665
95700000	95749999	1.2602942984999999	0.9910769443333333	0.2692173541666666
95750000	95799999	1.0916111719666666	0.9910769443333333	0.1005342276333333
95800000	95849999	1.1337712674	0.9910769443333333	0.14269432306666674
95850000	95899999	1.1678716940333334	0.9910769443333333	0.1767947497000001
95900000	95949999	1.2025570738666667	0.9910769443333333	0.2114801295333334
95950000	95999999	1.0605110936666666	0.9910769443333333	0.06943414933333336
96000000	96049999	1.0067659082333333	0.9910769443333333	0.015688963900000075
96050000	96099999	0.9534912011666666	0.9910769443333333	-0.03758574316666663
96100000	96149999	0.9404217861666666	0.9910769443333333	-0.05065515816666666
96150000	96199999	0.9322693913	0.9910769443333333	-0.05880755303333329
96200000	96249999	0.9531652764666666	0.9910769443333333	-0.037911667866666665
96250000	96299999	0.9136121882333332	0.9910769443333333	-0.07746475610000003
96300000	96349999	0.8977843132666666	0.9910769443333333	-0.09329263106666663
96350000	96399999	0.9078438986666666	0.9910769443333333	-0.08323304566666667
96400000	96449999	0.9752972489666666	0.9910769443333333	-0.01577969536666668
96450000	96499999	0.9770735019666666	0.9910769443333333	-0.014003442366666619
96500000	96549999	0.9010023881333333	0.9910769443333333	-0.09007455619999993
96550000	96599999	0.9114822183	0.9910769443333333	-0.07959472603333329
96600000	96649999	1.134811788	0.9910769443333333	0.14373484366666667
96650000	96699999	1.3028221057999998	0.9910769443333333	0.31174516146666653
96700000	96749999	1.4135080906	0.9910769443333333	0.42243114626666667
96750000	96799999	1.2393822771333332	0.9910769443333333	0.2483053327999999
96800000	96849999	1.1029434284333333	0.9910769443333333	0.1118664841
96850000	96899999	1.0572672966999999	0.9910769443333333	0.0661903523666666
96900000	96949999	1.0513249894666665	0.9910769443333333	0.06024804513333326
96950000	96999999	1.0028341507666667	0.9910769443333333	0.011757206433333445
97000000	97049999	0.8627017739999999	0.9910769443333333	-0.12837517033333334
97050000	97099999	0.7121759947333333	0.9910769443333333	-0.2789009496
97100000	97149999	0.7373359925333332	0.9910769443333333	-0.2537409518000001
97150000	97199999	0.7293182881666666	0.9910769443333333	-0.2617586561666667
97200000	97249999	0.8203108792666666	0.9910769443333333	-0.1707660650666667
97250000	97299999	1.0632191284666666	0.9910769443333333	0.07214218413333329
97300000	97349999	1.2555821262	0.9910769443333333	0.2645051818666667
97350000	97399999	1.2445565637	0.9910769443333333	0.25347961936666674
97400000	97449999	0.9939751601	0.9910769443333333	0.002898215766666712
97450000	97499999	0.7688436804666666	0.9910769443333333	-0.22223326386666664
97500000	97549999	0.6998303370999999	0.9910769443333333	-0.2912466072333334
97550000	97599999	0.6512213996333333	0.9910769443333333	-0.3398555447
97600000	97649999	0.6479840554999999	0.9910769443333333	-0.34309288883333333
97650000	97699999	0.6293684829999999	0.9910769443333333	-0.36170846133333334
97700000	97749999	0.6204589037666666	0.9910769443333333	-0.3706180405666667
97750000	97799999	0.653616424	0.9910769443333333	-0.3374605203333333
97800000	97849999	0.7709668205333333	0.9910769443333333	-0.22011012379999995
97850000	97899999	0.8135116707	0.9910769443333333	-0.1775652736333333
97900000	97949999	0.7870092586666666	0.9910769443333333	-0.20406768566666666
97950000	97999999	0.6707630102	0.9910769443333333	-0.3203139341333333
98000000	98049999	0.5875418184666666	0.9910769443333333	-0.4035351258666666
98050000	98099999	0.5679836454	0.9910769443333333	-0.42309329893333325
98100000	98149999	0.5793433551333333	0.9910769443333333	-0.4117335891999999
98150000	98199999	0.6420914985999999	0.9910769443333333	-0.34898544573333334
98200000	98249999	0.7211458808	0.9910769443333333	-0.2699310635333333
98250000	98299999	0.7585447984999999	0.9910769443333333	-0.23253214583333337
98300000	98349999	0.7463702255666665	0.9910769443333333	-0.24470671876666672
98350000	98399999	0.7367389676999999	0.9910769443333333	-0.25433797663333335
98400000	98449999	0.7447236632666666	0.9910769443333333	-0.24635328106666665
98450000	98499999	0.7385457944333333	0.9910769443333333	-0.2525311498999999
98500000	98549999	0.7273893213666667	0.9910769443333333	-0.2636876229666666
98550000	98599999	0.699470378	0.9910769443333333	-0.29160656633333326
98600000	98649999	0.7400747961666667	0.9910769443333333	-0.25100214816666655
98650000	98699999	0.7776857885333333	0.9910769443333333	-0.2133911558
98700000	98749999	0.8391423831666667	0.9910769443333333	-0.1519345611666666
98750000	98799999	0.8270345065666667	0.9910769443333333	-0.1640424377666666
98800000	98849999	0.9111271242333333	0.9910769443333333	-0.07994982009999996
98850000	98899999	1.0307307374999999	0.9910769443333333	0.03965379316666662
98900000	98949999	1.1870570275666665	0.9910769443333333	0.19598008323333327
98950000	98999999	1.2259093909666667	0.9910769443333333	0.23483244663333347
99000000	99049999	1.2959346107	0.9910769443333333	0.3048576663666668
99050000	99099999	1.2348224206	0.9910769443333333	0.24374547626666676
99100000	99149999	1.1803300394333331	0.9910769443333333	0.18925309509999988
99150000	99199999	1.0159300687333332	0.9910769443333333	0.024853124399999982
99200000	99249999	0.9787298041999999	0.9910769443333333	-0.012347140133333379
99250000	99299999	0.9463748346333333	0.9910769443333333	-0.04470210969999999
99300000	99349999	0.9571295231999999	0.9910769443333333	-0.03394742113333338
99350000	99399999	0.9059998288666665	0.9910769443333333	-0.08507711546666674
99400000	99449999	0.8577388763999999	0.9910769443333333	-0.13333806793333336
99450000	99499999	0.7953817797333332	0.9910769443333333	-0.19569516460000003
99500000	99549999	0.788110966	0.9910769443333333	-0.2029659783333333
99550000	99599999	0.7976743977666666	0.9910769443333333	-0.19340254656666667
99600000	99649999	0.8253744695666666	0.9910769443333333	-0.16570247476666666
99650000	99699999	0.8380185901999999	0.9910769443333333	-0.15305835413333335
99700000	99749999	0.8787752326333332	0.9910769443333333	-0.11230171170000003
99750000	99799999	0.8780335291333332	0.9910769443333333	-0.11304341520000005
99800000	99849999	0.8543652155999999	0.9910769443333333	-0.13671172873333337
99850000	99899999	0.8570732782666666	0.9910769443333333	-0.1340036660666667
99900000	99949999	0.8790514272333333	0.9910769443333333	-0.11202551709999997
99950000	99999999	0.8523919445999999	0.9910769443333333	-0.13868499973333337
100000000	100049999	0.8433913934999999	0.9910769443333333	-0.14768555083333335
100050000	100099999	0.7813537927333332	0.9910769443333333	-0.2097231516000001
100100000	100149999	0.8310554784999999	0.9910769443333333	-0.16002146583333332
100150000	100199999	0.8304506921666666	0.9910769443333333	-0.1606262521666667
100200000	100249999	0.9003705779333333	0.9910769443333333	-0.09070636639999996
100250000	100299999	0.9182297937333332	0.9910769443333333	-0.07284715060000002
100300000	100349999	0.9222411761666666	0.9910769443333333	-0.0688357681666667
100350000	100399999	1.0070922576333332	0.9910769443333333	0.016015313299999945
100400000	100449999	1.1245851460666667	0.9910769443333333	0.13350820173333344
100450000	100499999	1.1445159675666665	0.9910769443333333	0.15343902323333325
100500000	100549999	1.0299017923666667	0.9910769443333333	0.038824848033333414
100550000	100599999	1.0169421815	0.9910769443333333	0.025865237166666666
100600000	100649999	1.0480514479	0.9910769443333333	0.05697450356666678
100650000	100699999	1.1519538254666666	0.9910769443333333	0.16087688113333332
100700000	100749999	1.0671988662666665	0.9910769443333333	0.07612192193333323
100750000	100799999	0.9811543715999999	0.9910769443333333	-0.009922572733333412
100800000	100849999	0.8916774473666665	0.9910769443333333	-0.09939949696666672
100850000	100899999	0.8863895951333333	0.9910769443333333	-0.1046873492
100900000	100949999	0.9165654216333332	0.9910769443333333	-0.07451152270000005
100950000	100999999	0.8797208870333333	0.9910769443333333	-0.11135605729999998
101000000	101049999	0.8236106180666666	0.9910769443333333	-0.1674663262666667
101050000	101099999	0.7876869720333333	0.9910769443333333	-0.2033899723
101100000	101149999	0.7760703180333333	0.9910769443333333	-0.2150066263
101150000	101199999	0.8387054661999999	0.9910769443333333	-0.1523714781333334
101200000	101249999	0.7670464325333333	0.9910769443333333	-0.2240305118
101250000	101299999	0.7945091322666666	0.9910769443333333	-0.19656781206666663
101300000	101349999	0.7102086262666667	0.9910769443333333	-0.28086831806666657
101350000	101399999	0.7593355536666666	0.9910769443333333	-0.23174139066666666
101400000	101449999	0.7127744563333334	0.9910769443333333	-0.2783024879999999
101450000	101499999	0.7275340942666666	0.9910769443333333	-0.26354285006666667
101500000	101549999	0.8898794847666666	0.9910769443333333	-0.1011974595666667
101550000	101599999	0.8983541917	0.9910769443333333	-0.0927227526333333
101600000	101649999	0.9669069456333332	0.9910769443333333	-0.024169998700000028
101650000	101699999	0.9935528122666666	0.9910769443333333	0.00247586793333332
101700000	101749999	1.1704048019	0.9910769443333333	0.1793278575666667
101750000	101799999	1.2317246019333332	0.9910769443333333	0.24064765759999995
101800000	101849999	1.1412292872666665	0.9910769443333333	0.15015234293333324
101850000	101899999	1.0273007978333333	0.9910769443333333	0.036223853500000014
101900000	101949999	1.0765722347333333	0.9910769443333333	0.08549529040000003
101950000	101999999	1.224086499	0.9910769443333333	0.23300955466666673
102000000	102049999	1.3198583304333333	0.9910769443333333	0.3287813861000001
102050000	102099999	1.4092729274333333	0.9910769443333333	0.41819598310000006
102100000	102149999	1.3772072797	0.9910769443333333	0.38613033536666663
102150000	102199999	1.3939365011	0.9910769443333333	0.40285955676666674
102200000	102249999	1.2468462577	0.9910769443333333	0.25576931336666664
102250000	102299999	1.1545240408333333	0.9910769443333333	0.1634470965
102300000	102349999	1.1878338164666666	0.9910769443333333	0.19675687213333337
102350000	102399999	1.347874933	0.9910769443333333	0.3567979886666667
102400000	102449999	1.6071948161333334	0.9910769443333333	0.6161178718000001
102450000	102499999	1.6578617790666668	0.9910769443333333	0.6667848347333335
102500000	102549999	1.7745506912333333	0.9910769443333333	0.7834737469
102550000	102599999	1.6149408189999999	0.9910769443333333	0.6238638746666666
102600000	102649999	1.6033925979333332	0.9910769443333333	0.6123156536
102650000	102699999	1.3520874194999999	0.9910769443333333	0.3610104751666666
102700000	102749999	1.2977426503333334	0.9910769443333333	0.3066657060000001
102750000	102799999	1.1780330110666666	0.9910769443333333	0.18695606673333331
102800000	102849999	1.1918729755333333	0.9910769443333333	0.2007960312
102850000	102899999	1.1622460308666667	0.9910769443333333	0.1711690865333334
102900000	102949999	1.149965672	0.9910769443333333	0.15888872766666673
102950000	102999999	1.1709773825333332	0.9910769443333333	0.1799004381999999
103000000	103049999	1.0854516221333332	0.9910769443333333	0.09437467779999997
103050000	103099999	1.0739075423666666	0.9910769443333333	0.08283059803333337
103100000	103149999	0.9869199178	0.9910769443333333	-0.0041570265333332745
103150000	103199999	0.9339488465	0.9910769443333333	-0.05712809783333328
103200000	103249999	0.8672327298333332	0.9910769443333333	-0.12384421450000005
103250000	103299999	0.833717465	0.9910769443333333	-0.15735947933333327
103300000	103349999	0.7906719446333332	0.9910769443333333	-0.20040499970000003
103350000	103399999	0.7444711764333333	0.9910769443333333	-0.2466057679
103400000	103449999	0.6662358490333333	0.9910769443333333	-0.32484109529999994
103450000	103499999	0.7427510330666666	0.9910769443333333	-0.2483259112666667
103500000	103549999	0.7670827782666666	0.9910769443333333	-0.22399416606666667
103550000	103599999	0.7370070017666666	0.9910769443333333	-0.2540699425666667
103600000	103649999	0.7175323144333332	0.9910769443333333	-0.27354462990000006
103650000	103699999	0.6958684320999999	0.9910769443333333	-0.29520851223333333
103700000	103749999	0.7692983993666666	0.9910769443333333	-0.2217785449666667
103750000	103799999	0.7365713660333333	0.9910769443333333	-0.2545055783
103800000	103849999	0.7591862615999999	0.9910769443333333	-0.23189068273333335
103850000	103899999	0.7695778506333333	0.9910769443333333	-0.22149909369999998
103900000	103949999	0.9408720106666666	0.9910769443333333	-0.05020493366666667
103950000	103999999	0.9387573126666666	0.9910769443333333	-0.052319631666666644
104000000	104049999	0.9967408245999999	0.9910769443333333	0.005663880266666643
104050000	104099999	0.963547912	0.9910769443333333	-0.02752903233333326
104100000	104149999	1.0056345668666666	0.9910769443333333	0.01455762253333337
104150000	104199999	1.0899316652666666	0.9910769443333333	0.09885472093333336
104200000	104249999	1.0786298383	0.9910769443333333	0.08755289396666666
104250000	104299999	1.1939351410999999	0.9910769443333333	0.2028581967666666
104300000	104349999	1.1993844217333334	0.9910769443333333	0.2083074774000001
104350000	104399999	1.2223320905	0.9910769443333333	0.23125514616666665
104400000	104449999	1.2873951716666667	0.9910769443333333	0.29631822733333346
104450000	104499999	1.2897883306666666	0.9910769443333333	0.2987113863333334
104500000	104549999	1.2772160239333332	0.9910769443333333	0.28613907959999996
104550000	104599999	1.2144585802	0.9910769443333333	0.22338163586666682
104600000	104649999	1.1676309237333333	0.9910769443333333	0.17655397940000006
104650000	104699999	1.1500504668333333	0.9910769443333333	0.15897352250000008
104700000	104749999	1.0881673279666666	0.9910769443333333	0.09709038363333333
104750000	104799999	1.1322495904666665	0.9910769443333333	0.14117264613333325
104800000	104849999	1.2026767998999999	0.9910769443333333	0.2115998555666666
104850000	104899999	1.3458962025999999	0.9910769443333333	0.3548192582666666
104900000	104949999	1.2678716109666666	0.9910769443333333	0.2767946666333333
104950000	104999999	1.2508605013333334	0.9910769443333333	0.2597835570000001
105000000	105049999	1.1118348632333332	0.9910769443333333	0.12075791889999998
105050000	105099999	1.1107525164666665	0.9910769443333333	0.11967557213333324
105100000	105149999	1.1927790629666666	0.9910769443333333	0.20170211863333332
105150000	105199999	1.2893443079333333	0.9910769443333333	0.29826736360000006
105200000	105249999	1.4947788255666667	0.9910769443333333	0.5037018812333335
105250000	105299999	1.4956567222333332	0.9910769443333333	0.5045797779
105300000	105349999	1.4398242488333333	0.9910769443333333	0.4487473045
105350000	105399999	1.2935206987999999	0.9910769443333333	0.3024437544666666
105400000	105449999	1.2118383208333332	0.9910769443333333	0.22076137649999994
105450000	105499999	1.4545216033333332	0.9910769443333333	0.463444659
105500000	105549999	1.4784873429666665	0.9910769443333333	0.48741039863333324
105550000	105599999	1.412854863433333	0.9910769443333333	0.42177791909999984
105600000	105649999	1.1390393712	0.9910769443333333	0.14796242686666672
105650000	105699999	0.9917167132999999	0.9910769443333333	0.0006397689666666206
105700000	105749999	0.9959430333999999	0.9910769443333333	0.0048660890666666345
105750000	105799999	0.9108811994333332	0.9910769443333333	-0.08019574490000003
105800000	105849999	0.9276289455333332	0.9910769443333333	-0.06344799880000007
105850000	105899999	0.8755032597	0.9910769443333333	-0.11557368463333328
105900000	105949999	0.8929463190333333	0.9910769443333333	-0.09813062529999994
105950000	105999999	0.8873300238666666	0.9910769443333333	-0.10374692046666667
106000000	106049999	0.9036278588	0.9910769443333333	-0.0874490855333333
106050000	106099999	0.909854192	0.9910769443333333	-0.08122275233333331
106100000	106149999	0.8698946243666666	0.9910769443333333	-0.12118231996666662
106150000	106199999	0.8946318826333333	0.9910769443333333	-0.0964450617
106200000	106249999	0.9492290545	0.9910769443333333	-0.04184788983333332
106250000	106299999	1.0786033961333332	0.9910769443333333	0.08752645179999996
106300000	106349999	1.0625151644	0.9910769443333333	0.07143822006666667
106350000	106399999	1.0252420761666665	0.9910769443333333	0.03416513183333325
106400000	106449999	0.9690647436333333	0.9910769443333333	-0.022012200699999984
106450000	106499999	0.9279742489999999	0.9910769443333333	-0.06310269533333335
106500000	106549999	0.9020519032333333	0.9910769443333333	-0.08902504109999998
106550000	106599999	0.8736249633333333	0.9910769443333333	-0.11745198099999998
106600000	106649999	1.0042124435333333	0.9910769443333333	0.013135499200000011
106650000	106699999	1.0773553916999998	0.9910769443333333	0.08627844736666657
106700000	106749999	1.1548827842333331	0.9910769443333333	0.16380583989999986
106750000	106799999	1.2404677047	0.9910769443333333	0.24939076036666663
106800000	106849999	1.2092524614666667	0.9910769443333333	0.21817551713333339
106850000	106899999	1.2125873061666668	0.9910769443333333	0.2215103618333335
106900000	106949999	0.9853924308666666	0.9910769443333333	-0.005684513466666652
106950000	106999999	0.9648676845333333	0.9910769443333333	-0.026209259799999995
107000000	107049999	0.9403743006999999	0.9910769443333333	-0.05070264363333332
107050000	107099999	1.0677370447333332	0.9910769443333333	0.07666010039999993
107100000	107149999	1.1737392119666665	0.9910769443333333	0.18266226763333326
107150000	107199999	1.3655270992333333	0.9910769443333333	0.3744501549
107200000	107249999	1.4466080730333333	0.9910769443333333	0.4555311287
107250000	107299999	1.4051111838333332	0.9910769443333333	0.41403423949999996
107300000	107349999	1.3415014128666667	0.9910769443333333	0.3504244685333334
107350000	107399999	1.420558504	0.9910769443333333	0.4294815596666667
107400000	107449999	1.4881469882333334	0.9910769443333333	0.4970700439000001
107450000	107499999	1.3954025472999998	0.9910769443333333	0.40432560296666653
107500000	107549999	1.1871596571666667	0.9910769443333333	0.19608271283333345
107550000	107599999	1.0531375298999999	0.9910769443333333	0.062060585566666604
107600000	107649999	0.9576197768333333	0.9910769443333333	-0.03345716749999994
107650000	107699999	0.9006796150666666	0.9910769443333333	-0.09039732926666666
107700000	107749999	0.8824285924666666	0.9910769443333333	-0.10864835186666666
107750000	107799999	0.8397305596666667	0.9910769443333333	-0.1513463846666666
107800000	107849999	0.8344850619666666	0.9910769443333333	-0.15659188236666666
107850000	107899999	0.8722140903666665	0.9910769443333333	-0.11886285396666674
107900000	107949999	0.9392887517666666	0.9910769443333333	-0.05178819256666667
107950000	107999999	0.9411962871333333	0.9910769443333333	-0.04988065720000001
108000000	108049999	0.9370887143333333	0.9910769443333333	-0.05398822999999997
108050000	108099999	0.9943642243666666	0.9910769443333333	0.0032872800333333396
108100000	108149999	1.0871554171666666	0.9910769443333333	0.09607847283333337
108150000	108199999	1.0552476836666667	0.9910769443333333	0.0641707393333334
108200000	108249999	1.0374611388333332	0.9910769443333333	0.046384194499999976
108250000	108299999	1.0080965248666667	0.9910769443333333	0.01701958053333341
108300000	108349999	1.0740839253666667	0.9910769443333333	0.08300698103333348
108350000	108399999	1.1072543013999998	0.9910769443333333	0.11617735706666654
108400000	108449999	1.1946118263	0.9910769443333333	0.2035348819666668
108450000	108499999	1.2620014249333331	0.9910769443333333	0.27092448059999985
108500000	108549999	1.2558697839	0.9910769443333333	0.26479283956666666
108550000	108599999	1.1552715230333332	0.9910769443333333	0.16419457869999998
108600000	108649999	1.1174739228666666	0.9910769443333333	0.12639697853333332
108650000	108699999	1.0938241426	0.9910769443333333	0.10274719826666667
108700000	108749999	1.1263503305666667	0.9910769443333333	0.1352733862333334
108750000	108799999	1.1188310064	0.9910769443333333	0.12775406206666673
108800000	108849999	1.1325233793999998	0.9910769443333333	0.14144643506666654
108850000	108899999	1.1955712809666665	0.9910769443333333	0.20449433663333327
108900000	108949999	1.1578631349	0.9910769443333333	0.16678619056666666
108950000	108999999	1.1585734519	0.9910769443333333	0.16749650756666667
109000000	109049999	1.2831933139666667	0.9910769443333333	0.29211636963333343
109050000	109099999	1.3515267073	0.9910769443333333	0.36044976296666664
109100000	109149999	1.3187619799333334	0.9910769443333333	0.3276850356000002
109150000	109199999	1.1283009434	0.9910769443333333	0.1372239990666667
109200000	109249999	1.0242612401333333	0.9910769443333333	0.03318429580000004
109250000	109299999	1.0476851139333332	0.9910769443333333	0.056608169599999925
109300000	109349999	1.0724852411666665	0.9910769443333333	0.08140829683333328
109350000	109399999	1.227673464	0.9910769443333333	0.23659651966666673
109400000	109449999	1.2358558994666666	0.9910769443333333	0.24477895513333336
109450000	109499999	1.2222924465333334	0.9910769443333333	0.2312155022000001
109500000	109549999	1.1142778460666667	0.9910769443333333	0.12320090173333342
109550000	109599999	1.1346921695	0.9910769443333333	0.1436152251666668
109600000	109649999	1.0702281441	0.9910769443333333	0.07915119976666662
109650000	109699999	1.0105474889	0.9910769443333333	0.019470544566666637
109700000	109749999	0.9765318010333333	0.9910769443333333	-0.014545143300000007
109750000	109799999	1.0976648611	0.9910769443333333	0.10658791676666668
109800000	109849999	1.1925997255	0.9910769443333333	0.20152278116666678
109850000	109899999	1.2128698962666666	0.9910769443333333	0.22179295193333337
109900000	109949999	1.1577156526666665	0.9910769443333333	0.16663870833333327
109950000	109999999	1.0814706823	0.9910769443333333	0.09039373796666672
110000000	110049999	1.0322376187333333	0.9910769443333333	0.04116067440000004
110050000	110099999	0.9880316216333332	0.9910769443333333	-0.0030453227000000194
110100000	110149999	0.9927628763999999	0.9910769443333333	0.0016859320666666733
110150000	110199999	0.9596831107666667	0.9910769443333333	-0.031393833566666585
110200000	110249999	0.9709331411	0.9910769443333333	-0.020143803233333313
110250000	110299999	0.9989797742	0.9910769443333333	0.007902829866666683
110300000	110349999	0.9953589245666666	0.9910769443333333	0.004281980233333371
110350000	110399999	1.0364220340666666	0.9910769443333333	0.04534508973333329
110400000	110449999	1.0812740734666666	0.9910769443333333	0.09019712913333333
110450000	110499999	1.2236365770666666	0.9910769443333333	0.23255963273333335
110500000	110549999	1.3018477203666667	0.9910769443333333	0.3107707760333335
110550000	110599999	1.3288073755333332	0.9910769443333333	0.3377304311999999
110600000	110649999	1.2742527689333332	0.9910769443333333	0.2831758245999999
110650000	110699999	1.232866241	0.9910769443333333	0.2417892966666667
110700000	110749999	1.1729066742666667	0.9910769443333333	0.18182972993333346
110750000	110799999	1.1444660295333333	0.9910769443333333	0.15338908520000005
110800000	110849999	1.1246886311666666	0.9910769443333333	0.13361168683333335
110850000	110899999	1.2069672426333333	0.9910769443333333	0.21589029830000006
110900000	110949999	1.2657245601999998	0.9910769443333333	0.27464761586666653
110950000	110999999	1.3118219521333332	0.9910769443333333	0.3207450077999999
111000000	111049999	1.2435620654	0.9910769443333333	0.25248512106666665
111050000	111099999	1.2375715470666666	0.9910769443333333	0.24649460273333335
111100000	111149999	1.2037404956666666	0.9910769443333333	0.21266355133333337
111150000	111199999	1.1984593295	0.9910769443333333	0.20738238516666663
111200000	111249999	1.1524850535333333	0.9910769443333333	0.16140810920000004
111250000	111299999	1.0596899334	0.9910769443333333	0.0686129890666668
111300000	111349999	0.9796635739999999	0.9910769443333333	-0.01141337033333334
111350000	111399999	0.9576831292333333	0.9910769443333333	-0.033393815099999946
111400000	111449999	0.9250375102999999	0.9910769443333333	-0.06603943403333334
111450000	111499999	0.9584692194	0.9910769443333333	-0.032607724933333304
111500000	111549999	0.9211334661666666	0.9910769443333333	-0.06994347816666668
111550000	111599999	0.9711950483333333	0.9910769443333333	-0.01988189600000001
111600000	111649999	0.9540803767999999	0.9910769443333333	-0.03699656753333336
111650000	111699999	0.979798886	0.9910769443333333	-0.011278058333333285
111700000	111749999	1.0303302824333334	0.9910769443333333	0.03925333810000009
111750000	111799999	1.0794471013	0.9910769443333333	0.08837015696666672
111800000	111849999	1.0893888245333332	0.9910769443333333	0.09831188019999992
111850000	111899999	1.1469296015666666	0.9910769443333333	0.1558526572333333
111900000	111949999	1.2073923618	0.9910769443333333	0.21631541746666672
111950000	111999999	1.2726556943333334	0.9910769443333333	0.2815787500000001
112000000	112049999	1.2261376022333332	0.9910769443333333	0.23506065789999997
112050000	112099999	1.2127808556	0.9910769443333333	0.22170391126666666
112100000	112149999	1.2010096877	0.9910769443333333	0.20993274336666679
112150000	112199999	1.2224449965666666	0.9910769443333333	0.23136805223333334
112200000	112249999	1.2798872288666665	0.9910769443333333	0.28881028453333324
112250000	112299999	1.2568202777	0.9910769443333333	0.26574333336666667
112300000	112349999	1.3519499812999998	0.9910769443333333	0.3608730369666665
112350000	112399999	1.3984906067666665	0.9910769443333333	0.4074136624333332
112400000	112449999	1.4527085027333333	0.9910769443333333	0.46163155840000003
112450000	112499999	1.3360624257666667	0.9910769443333333	0.3449854814333334
112500000	112549999	1.237078731	0.9910769443333333	0.24600178666666672
112550000	112599999	1.1129493056333333	0.9910769443333333	0.12187236130000001
112600000	112649999	1.1443676859666665	0.9910769443333333	0.15329074163333323
112650000	112699999	1.1704620810666666	0.9910769443333333	0.17938513673333334
112700000	112749999	1.3496406893	0.9910769443333333	0.35856374496666665
112750000	112799999	1.3353510524	0.9910769443333333	0.3442741080666668
112800000	112849999	1.2927181643666665	0.9910769443333333	0.30164122003333327
112850000	112899999	1.2068461469666665	0.9910769443333333	0.2157692026333332
112900000	112949999	1.1629987115666665	0.9910769443333333	0.1719217672333332
112950000	112999999	1.062594681	0.9910769443333333	0.07151773666666672
113000000	113049999	1.0239662166333332	0.9910769443333333	0.03288927229999994
113050000	113099999	1.0551061575	0.9910769443333333	0.06402921316666677
113100000	113149999	1.1052761562333333	0.9910769443333333	0.11419921190000004
113150000	113199999	1.0776482646999999	0.9910769443333333	0.0865713203666666
113200000	113249999	1.0287771384999997	0.9910769443333333	0.03770019416666648
113250000	113299999	1.0334069844	0.9910769443333333	0.04233004006666674
113300000	113349999	1.0585753733333332	0.9910769443333333	0.06749842899999992
113350000	113399999	1.0577412653333331	0.9910769443333333	0.06666432099999986
113400000	113449999	1.0423727814	0.9910769443333333	0.05129583706666663
113450000	113499999	1.0098617870666666	0.9910769443333333	0.018784842733333362
113500000	113549999	0.9727176946999999	0.9910769443333333	-0.018359249633333352
113550000	113599999	1.0649043261	0.9910769443333333	0.0738273817666667
113600000	113649999	1.1295711218333333	0.9910769443333333	0.13849417750000004
113650000	113699999	1.1544425178	0.9910769443333333	0.1633655734666667
113700000	113749999	1.1001844413	0.9910769443333333	0.10910749696666666
113750000	113799999	1.0647323215666666	0.9910769443333333	0.07365537723333337
113800000	113849999	1.0772373238333333	0.9910769443333333	0.0861603795
113850000	113899999	1.0315050482333332	0.9910769443333333	0.040428103899999956
113900000	113949999	0.9899587128666666	0.9910769443333333	-0.0011182314666666748
113950000	113999999	1.0191153099999999	0.9910769443333333	0.02803836566666662
114000000	114049999	1.1107544993333334	0.9910769443333333	0.1196775550000001
114050000	114099999	1.1606020049999999	0.9910769443333333	0.16952506066666662
114100000	114149999	1.1841563466333334	0.9910769443333333	0.1930794023000001
114150000	114199999	1.1008172192666665	0.9910769443333333	0.10974027493333327
114200000	114249999	1.1058352495666666	0.9910769443333333	0.1147583052333333
114250000	114299999	1.0544353336333332	0.9910769443333333	0.06335838929999993
114300000	114349999	1.1267985066666666	0.9910769443333333	0.13572156233333332
114350000	114399999	1.1347708826999998	0.9910769443333333	0.14369393836666655
114400000	114449999	1.1052766378333332	0.9910769443333333	0.11419969349999992
114450000	114499999	1.0338395942333334	0.9910769443333333	0.042762649900000116
114500000	114549999	1.1019739313999999	0.9910769443333333	0.11089698706666662
114550000	114599999	1.1073841066666665	0.9910769443333333	0.11630716233333327
114600000	114649999	1.0748084748666666	0.9910769443333333	0.08373153053333338
114650000	114699999	0.9895194609333333	0.9910769443333333	-0.0015574833999999482
114700000	114749999	0.9334713030666666	0.9910769443333333	-0.057605641266666674
114750000	114799999	0.8962719280999999	0.9910769443333333	-0.09480501623333337
114800000	114849999	0.776407604	0.9910769443333333	-0.2146693403333333
114850000	114899999	0.7965523774333333	0.9910769443333333	-0.19452456689999997
114900000	114949999	0.8463153609333333	0.9910769443333333	-0.1447615834
114950000	114999999	0.8926742559999999	0.9910769443333333	-0.09840268833333332
115000000	115049999	0.8929477861666666	0.9910769443333333	-0.09812915816666667
115050000	115099999	0.8297231145333333	0.9910769443333333	-0.16135382980000001
115100000	115149999	0.8407857173	0.9910769443333333	-0.1502912270333333
115150000	115199999	0.8024351684666666	0.9910769443333333	-0.18864177586666664
115200000	115249999	0.8219081059333333	0.9910769443333333	-0.16916883839999997
115250000	115299999	0.7491334294333333	0.9910769443333333	-0.2419435149
115300000	115349999	0.7835152282666666	0.9910769443333333	-0.20756171606666662
115350000	115399999	0.7862625600666666	0.9910769443333333	-0.20481438426666665
115400000	115449999	0.9130187008666666	0.9910769443333333	-0.07805824346666668
115450000	115499999	0.8889028524666666	0.9910769443333333	-0.1021740918666667
115500000	115549999	0.9182194402666666	0.9910769443333333	-0.07285750406666669
115550000	115599999	0.8582222482666666	0.9910769443333333	-0.13285469606666667
115600000	115649999	0.8660949246999999	0.9910769443333333	-0.12498201963333333
115650000	115699999	0.8162845394333332	0.9910769443333333	-0.17479240490000003
115700000	115749999	0.8422308600999999	0.9910769443333333	-0.14884608423333334
115750000	115799999	0.8925663359333332	0.9910769443333333	-0.09851060840000003
115800000	115849999	0.9369051068333333	0.9910769443333333	-0.054171837499999986
115850000	115899999	0.9244396189333333	0.9910769443333333	-0.0666373254
115900000	115949999	0.9004374128333332	0.9910769443333333	-0.09063953150000004
115950000	115999999	0.8473537980999999	0.9910769443333333	-0.14372314623333338
116000000	116049999	0.8165030106666666	0.9910769443333333	-0.17457393366666663
116050000	116099999	0.7976309143333332	0.9910769443333333	-0.19344603000000005
116100000	116149999	0.9226226606	0.9910769443333333	-0.06845428373333329
116150000	116199999	0.9917695770999999	0.9910769443333333	0.0006926327666666454
116200000	116249999	1.0430130142666667	0.9910769443333333	0.05193606993333344
116250000	116299999	1.0129846920333332	0.9910769443333333	0.021907747699999924
116300000	116349999	1.0374551823333333	0.9910769443333333	0.04637823800000007
116350000	116399999	1.1838022908666666	0.9910769443333333	0.19272534653333329
116400000	116449999	1.480826018933333	0.9910769443333333	0.48974907459999983
116450000	116499999	1.7222832693999999	0.9910769443333333	0.7312063250666666
116500000	116549999	1.8475221032	0.9910769443333333	0.8564451588666667
116550000	116599999	1.8974929801666667	0.9910769443333333	0.9064160358333334
116600000	116649999	2.9427133031	0.9910769443333333	1.9516363587666667
116650000	116699999	2.7721525478666664	0.9910769443333333	1.781075603533333
116700000	116749999	2.4900303715	0.9910769443333333	1.4989534271666667
116750000	116799999	1.2874159068	0.9910769443333333	0.2963389624666667
116800000	116849999	1.2402314855999998	0.9910769443333333	0.24915454126666658
116850000	116899999	1.2412937919333333	0.9910769443333333	0.25021684760000007
116900000	116949999	1.2563052098999998	0.9910769443333333	0.26522826556666657
116950000	116999999	1.2843461396333333	0.9910769443333333	0.29326919530000006
117000000	117049999	1.220534469	0.9910769443333333	0.2294575246666667
117050000	117099999	1.1254342402	0.9910769443333333	0.13435729586666667
117100000	117149999	1.0539193961333333	0.9910769443333333	0.06284245180000003
117150000	117199999	1.0591756196666666	0.9910769443333333	0.06809867533333336
117200000	117249999	1.0092936436	0.9910769443333333	0.01821669926666669
117250000	117299999	0.9841958998999999	0.9910769443333333	-0.006881044433333372
117300000	117349999	1.0858481108666664	0.9910769443333333	0.09477116653333317
117350000	117399999	1.2088125208333333	0.9910769443333333	0.21773557650000008
117400000	117449999	1.2599648305	0.9910769443333333	0.2688878861666667
117450000	117499999	1.1744309589333333	0.9910769443333333	0.1833540146
117500000	117549999	1.0440946713333332	0.9910769443333333	0.05301772699999996
117550000	117599999	1.0366735844333332	0.9910769443333333	0.045596640099999974
117600000	117649999	1.0105911185333332	0.9910769443333333	0.0195141741999999
117650000	117699999	0.9987134748333333	0.9910769443333333	0.007636530500000016
117700000	117749999	0.9250124917	0.9910769443333333	-0.06606445263333327
117750000	117799999	0.8551437382	0.9910769443333333	-0.13593320613333326
117800000	117849999	0.8236105009666667	0.9910769443333333	-0.1674664433666666
117850000	117899999	0.8266842882	0.9910769443333333	-0.16439265613333331
117900000	117949999	0.8793865295333333	0.9910769443333333	-0.11169041479999997
117950000	117999999	0.8991061304	0.9910769443333333	-0.09197081393333328
118000000	118049999	0.9229920794666666	0.9910769443333333	-0.06808486486666665
118050000	118099999	0.9221935111666666	0.9910769443333333	-0.06888343316666667
118100000	118149999	0.9116733337333333	0.9910769443333333	-0.07940361060000001
118150000	118199999	0.8623542175333333	0.9910769443333333	-0.12872272679999996
118200000	118249999	0.8477544864	0.9910769443333333	-0.1433224579333333
118250000	118299999	0.8891870024333333	0.9910769443333333	-0.1018899419
118300000	118349999	0.9724888118999999	0.9910769443333333	-0.01858813243333335
118350000	118399999	0.9852077943333333	0.9910769443333333	-0.00586914999999999
118400000	118449999	1.0269674820333332	0.9910769443333333	0.03589053769999995
118450000	118499999	1.0583880241666666	0.9910769443333333	0.06731107983333329
118500000	118549999	1.1098176325	0.9910769443333333	0.11874068816666672
118550000	118599999	1.1199318976333332	0.9910769443333333	0.12885495329999996
118600000	118649999	1.1667495999333333	0.9910769443333333	0.1756726556
118650000	118699999	1.2334896209	0.9910769443333333	0.24241267656666665
118700000	118749999	1.3769766375999999	0.9910769443333333	0.3858996932666666
118750000	118799999	1.2903952594666666	0.9910769443333333	0.2993183151333333
118800000	118849999	1.2342393350999998	0.9910769443333333	0.24316239076666657
118850000	118899999	1.0191096280333332	0.9910769443333333	0.028032683699999894
118900000	118949999	0.9795703919666666	0.9910769443333333	-0.011506552366666645
118950000	118999999	0.9166019664999999	0.9910769443333333	-0.07447497783333334
119000000	119049999	0.8972012900333333	0.9910769443333333	-0.0938756543
119050000	119099999	0.8681371278333333	0.9910769443333333	-0.12293981649999997
119100000	119149999	0.8137701847	0.9910769443333333	-0.1773067596333333
119150000	119199999	0.7910543478	0.9910769443333333	-0.20002259653333332
119200000	119249999	0.8190212480333332	0.9910769443333333	-0.17205569630000006
119250000	119299999	0.8432465527666666	0.9910769443333333	-0.14783039156666666
119300000	119349999	0.9037994560333332	0.9910769443333333	-0.08727748830000004
119350000	119399999	0.9152567773	0.9910769443333333	-0.07582016703333327
119400000	119449999	0.9362953135666666	0.9910769443333333	-0.054781630766666645
119450000	119499999	0.9147746644666667	0.9910769443333333	-0.0763022798666666
119500000	119549999	0.8771193259333333	0.9910769443333333	-0.11395761839999996
119550000	119599999	0.8332796840666666	0.9910769443333333	-0.15779726026666663
119600000	119649999	0.8477169787666666	0.9910769443333333	-0.14335996556666664
119650000	119699999	0.8534832059333333	0.9910769443333333	-0.1375937384
119700000	119749999	0.9235579641999999	0.9910769443333333	-0.06751898013333335
119750000	119799999	0.9481851915666666	0.9910769443333333	-0.04289175276666668
119800000	119849999	0.9925976512666665	0.9910769443333333	0.0015207069333332823
119850000	119899999	0.9564883774666666	0.9910769443333333	-0.03458856686666667
119900000	119949999	0.9987847825333332	0.9910769443333333	0.007707838199999983
119950000	119999999	1.0409101598	0.9910769443333333	0.049833215466666636
120000000	120049999	1.1026096671333332	0.9910769443333333	0.11153272279999993
120050000	120099999	1.0943245869666667	0.9910769443333333	0.10324764263333341
120100000	120149999	1.1211175002333333	0.9910769443333333	0.13004055590000008
120150000	120199999	1.1894312075666666	0.9910769443333333	0.19835426323333338
120200000	120249999	1.1900391369999999	0.9910769443333333	0.1989621926666666
120250000	120299999	1.2102615963999999	0.9910769443333333	0.2191846520666666
120300000	120349999	1.1291892560666665	0.9910769443333333	0.13811231173333327
120350000	120399999	1.1185155898666665	0.9910769443333333	0.12743864553333328
120400000	120449999	1.1137264796333333	0.9910769443333333	0.1226495353
120450000	120499999	1.0710606525333333	0.9910769443333333	0.0799837082
120500000	120549999	1.0556525866333333	0.9910769443333333	0.06457564230000001
120550000	120599999	1.0092292374666665	0.9910769443333333	0.01815229313333322
120600000	120649999	1.0722434835999999	0.9910769443333333	0.08116653926666662
120650000	120699999	1.1377188290666667	0.9910769443333333	0.1466418847333334
120700000	120749999	1.1357993298	0.9910769443333333	0.14472238546666671
120750000	120799999	1.1126930487666666	0.9910769443333333	0.12161610443333337
120800000	120849999	1.1102761956666667	0.9910769443333333	0.11919925133333342
120850000	120899999	1.1493607057333333	0.9910769443333333	0.1582837614
120900000	120949999	1.2087762066	0.9910769443333333	0.2176992622666668
120950000	120999999	1.1781144045666667	0.9910769443333333	0.18703746023333345
121000000	121049999	1.1255388585666666	0.9910769443333333	0.1344619142333333
121050000	121099999	1.1200026265333332	0.9910769443333333	0.1289256821999999
121100000	121149999	1.050322155	0.9910769443333333	0.05924521066666666
121150000	121199999	1.1305719149666666	0.9910769443333333	0.13949497063333338
121200000	121249999	1.1621463738	0.9910769443333333	0.1710694294666667
121250000	121299999	1.1992048839666665	0.9910769443333333	0.2081279396333332
121300000	121349999	1.1295945885999998	0.9910769443333333	0.13851764426666657
121350000	121399999	0.9769831932666666	0.9910769443333333	-0.01409375106666666
121400000	121449999	1.0063709952333333	0.9910769443333333	0.015294050900000022
121450000	121499999	1.0101452264	0.9910769443333333	0.019068282066666664
121500000	121549999	1.1458704850333334	0.9910769443333333	0.15479354070000018
121550000	121599999	1.1928287760666667	0.9910769443333333	0.20175183173333344
121600000	121649999	1.2174846906333334	0.9910769443333333	0.22640774630000016
121650000	121699999	1.1683898792666665	0.9910769443333333	0.17731293493333322
121700000	121749999	1.1837119084999999	0.9910769443333333	0.1926349641666666
121750000	121799999	1.1824487632	0.9910769443333333	0.19137181886666677
121800000	121849999	1.1550937877333332	0.9910769443333333	0.1640168433999999
121850000	121899999	1.1082542923999998	0.9910769443333333	0.11717734806666658
121900000	121949999	1.0679921683666667	0.9910769443333333	0.0769152240333334
121950000	121999999	1.0955344600333334	0.9910769443333333	0.10445751570000017
122000000	122049999	1.0919927859666667	0.9910769443333333	0.10091584163333345
122050000	122099999	1.1230275064666666	0.9910769443333333	0.13195056213333334
122100000	122149999	1.1340722431666665	0.9910769443333333	0.14299529883333328
122150000	122199999	1.1268679152999999	0.9910769443333333	0.1357909709666666
122200000	122249999	1.0739373611999998	0.9910769443333333	0.08286041686666656
122250000	122299999	1.1149400424	0.9910769443333333	0.12386309806666673
122300000	122349999	1.1130942841333333	0.9910769443333333	0.12201733980000007
122350000	122399999	1.1338430700333333	0.9910769443333333	0.14276612570000002
122400000	122449999	1.0622302200333333	0.9910769443333333	0.07115327570000007
122450000	122499999	1.6382500127333333	0.9910769443333333	0.6471730684
122500000	122549999	1.7938802508	0.9910769443333333	0.8028033064666668
122550000	122599999	1.778891126	0.9910769443333333	0.7878141816666667
122600000	122649999	1.1781957139333334	0.9910769443333333	0.18711876960000018
122650000	122699999	1.0313644503666666	0.9910769443333333	0.04028750603333331
122700000	122749999	1.0454569323666667	0.9910769443333333	0.05437998803333344
122750000	122799999	1.0772184022666664	0.9910769443333333	0.08614145793333317
122800000	122849999	1.1481320250999998	0.9910769443333333	0.15705508076666652
122850000	122899999	1.1577435561666665	0.9910769443333333	0.1666666118333332
122900000	122949999	1.1564183266999999	0.9910769443333333	0.16534138236666662
122950000	122999999	1.1301294642666666	0.9910769443333333	0.13905251993333334
123000000	123049999	1.1641986961666666	0.9910769443333333	0.17312175183333334
123050000	123099999	1.1496139613999998	0.9910769443333333	0.15853701706666656
123100000	123149999	1.1327449499333333	0.9910769443333333	0.14166800560000004
123150000	123199999	1.1395762915333334	0.9910769443333333	0.14849934720000013
123200000	123249999	1.1315649786666666	0.9910769443333333	0.14048803433333334
123250000	123299999	1.0800679785	0.9910769443333333	0.08899103416666676
123300000	123349999	1.0254603990333333	0.9910769443333333	0.03438345470000004
123350000	123399999	0.9883590433666666	0.9910769443333333	-0.0027179009666666865
123400000	123449999	1.0551382158666667	0.9910769443333333	0.06406127153333341
123450000	123499999	1.0614652788	0.9910769443333333	0.07038833446666681
123500000	123549999	1.1004117828666666	0.9910769443333333	0.10933483853333337
123550000	123599999	1.0840156220666666	0.9910769443333333	0.09293867773333331
123600000	123649999	1.1289861424333332	0.9910769443333333	0.1379091980999999
123650000	123699999	1.1594223097999998	0.9910769443333333	0.16834536546666656
123700000	123749999	1.1218162282333333	0.9910769443333333	0.1307392839
123750000	123799999	1.0732674347666666	0.9910769443333333	0.08219049043333337
123800000	123849999	1.0798068035	0.9910769443333333	0.08872985916666665
123850000	123899999	1.1318849896666667	0.9910769443333333	0.14080804533333346
123900000	123949999	1.1553807556	0.9910769443333333	0.1643038112666667
123950000	123999999	1.1192826154	0.9910769443333333	0.1282056710666667
124000000	124049999	1.0912394811666666	0.9910769443333333	0.10016253683333332
124050000	124099999	1.1139682251999998	0.9910769443333333	0.12289128086666656
124100000	124149999	1.1694667145	0.9910769443333333	0.17838977016666668
124150000	124199999	1.1416609706333332	0.9910769443333333	0.1505840262999999
124200000	124249999	1.1669057298666665	0.9910769443333333	0.17582878553333325
124250000	124299999	1.1340506368333332	0.9910769443333333	0.14297369249999992
124300000	124349999	1.1696140343666666	0.9910769443333333	0.1785370900333333
124350000	124399999	1.1338870082333332	0.9910769443333333	0.14281006389999995
124400000	124449999	1.1557578201333332	0.9910769443333333	0.1646808757999999
124450000	124499999	1.1478562981999998	0.9910769443333333	0.15677935386666653
124500000	124549999	1.1349393699333332	0.9910769443333333	0.14386242559999995
124550000	124599999	1.0499780732	0.9910769443333333	0.05890112886666665
124600000	124649999	1.0455091661333333	0.9910769443333333	0.05443222180000007
124650000	124699999	1.0714360649999999	0.9910769443333333	0.08035912066666662
124700000	124749999	1.0947634578999998	0.9910769443333333	0.10368651356666658
124750000	124799999	1.0358574689	0.9910769443333333	0.0447805245666667
124800000	124849999	0.9687055077333333	0.9910769443333333	-0.02237143659999996
124850000	124899999	0.9142614043666666	0.9910769443333333	-0.07681553996666668
124900000	124949999	0.9440538114333333	0.9910769443333333	-0.04702313289999993
124950000	124999999	0.9603364314999999	0.9910769443333333	-0.030740512833333344
125000000	125049999	1.0344675831333332	0.9910769443333333	0.04339063879999994
125050000	125099999	1.0404554885666666	0.9910769443333333	0.04937854423333332
125100000	125149999	1.0557769920666666	0.9910769443333333	0.06470004773333338
125150000	125199999	1.0748417452	0.9910769443333333	0.08376480086666682
125200000	125249999	1.1089381299999999	0.9910769443333333	0.11786118566666659
125250000	125299999	1.0634308282333333	0.9910769443333333	0.07235388390000008
125300000	125349999	1.0358637357999998	0.9910769443333333	0.04478679146666653
125350000	125399999	1.0533376916	0.9910769443333333	0.06226074726666664
125400000	125449999	1.0655557860666667	0.9910769443333333	0.07447884173333341
125450000	125499999	1.0955139254333333	0.9910769443333333	0.10443698109999999
125500000	125549999	1.0791782597333333	0.9910769443333333	0.08810131539999999
125550000	125599999	1.1163390375333333	0.9910769443333333	0.12526209320000004
125600000	125649999	0.9754443704999999	0.9910769443333333	-0.015632573833333385
125650000	125699999	0.9515464703999998	0.9910769443333333	-0.03953047393333342
125700000	125749999	0.9292637938999999	0.9910769443333333	-0.06181315043333335
125750000	125799999	0.9726402166333332	0.9910769443333333	-0.018436727700000044
125800000	125849999	0.8905794476666665	0.9910769443333333	-0.10049749666666674
125850000	125899999	0.7846281170666666	0.9910769443333333	-0.2064488272666667
125900000	125949999	0.7057537097666666	0.9910769443333333	-0.28532323456666664
125950000	125999999	0.6573494796	0.9910769443333333	-0.33372746473333326
126000000	126049999	0.7127508488333333	0.9910769443333333	-0.2783260955
126050000	126099999	0.7173580740999999	0.9910769443333333	-0.2737188702333334
126100000	126149999	0.7155981320333333	0.9910769443333333	-0.27547881229999993
126150000	126199999	0.6265083625999999	0.9910769443333333	-0.3645685817333334
126200000	126249999	0.6312818373	0.9910769443333333	-0.3597951070333333
126250000	126299999	0.6474445833666665	0.9910769443333333	-0.3436323609666667
126300000	126349999	0.6277231889333333	0.9910769443333333	-0.3633537553999999
126350000	126399999	0.6083071905666666	0.9910769443333333	-0.38276975376666666
126400000	126449999	0.5749329957333333	0.9910769443333333	-0.4161439485999999
126450000	126499999	0.5998844267333332	0.9910769443333333	-0.39119251760000007
126500000	126549999	0.6029210575999999	0.9910769443333333	-0.38815588673333334
126550000	126599999	0.5863445605333333	0.9910769443333333	-0.4047323838
126600000	126649999	0.6161075631333333	0.9910769443333333	-0.3749693812
126650000	126699999	0.6384941899999999	0.9910769443333333	-0.3525827543333334
126700000	126749999	0.6294793926666666	0.9910769443333333	-0.36159755166666663
126750000	126799999	0.5814480213333333	0.9910769443333333	-0.409628923
126800000	126849999	0.5787759515333333	0.9910769443333333	-0.4123009928
126850000	126899999	0.594558203	0.9910769443333333	-0.3965187413333333
126900000	126949999	0.6269481662999999	0.9910769443333333	-0.3641287780333333
126950000	126999999	0.6623784443666666	0.9910769443333333	-0.32869849996666667
127000000	127049999	0.6816534827333333	0.9910769443333333	-0.3094234616
127050000	127099999	0.6861836263333333	0.9910769443333333	-0.30489331799999997
127100000	127149999	0.6617913707333333	0.9910769443333333	-0.3292855736
127150000	127199999	0.7284835509666666	0.9910769443333333	-0.26259339336666665
127200000	127249999	0.8195419614333332	0.9910769443333333	-0.17153498290000002
127250000	127299999	0.9439916313333333	0.9910769443333333	-0.04708531299999996
127300000	127349999	1.0915790777	0.9910769443333333	0.1005021333666668
127350000	127399999	1.1742876701666667	0.9910769443333333	0.18321072583333342
127400000	127449999	1.1703545075666666	0.9910769443333333	0.17927756323333333
127450000	127499999	1.1141339774666665	0.9910769443333333	0.12305703313333327
127500000	127549999	1.0489625239333333	0.9910769443333333	0.05788557960000007
127550000	127599999	1.0333299694666667	0.9910769443333333	0.0422530251333334
127600000	127649999	0.9902306977666666	0.9910769443333333	-0.000846246566666653
127650000	127699999	0.9695071547999999	0.9910769443333333	-0.021569789533333328
127700000	127749999	0.9330777147999999	0.9910769443333333	-0.05799922953333336
127750000	127799999	0.9323622134666666	0.9910769443333333	-0.058714730866666676
127800000	127849999	0.9202374141999999	0.9910769443333333	-0.07083953013333333
127850000	127899999	0.8364906505999999	0.9910769443333333	-0.15458629373333332
127900000	127949999	0.7407388558666665	0.9910769443333333	-0.2503380884666667
127950000	127999999	0.6603661011666666	0.9910769443333333	-0.33071084316666666
128000000	128049999	0.6424819805333333	0.9910769443333333	-0.3485949638
128050000	128099999	0.6210546471	0.9910769443333333	-0.37002229723333324
128100000	128149999	0.6500343747	0.9910769443333333	-0.34104256963333324
128150000	128199999	0.6500262357333333	0.9910769443333333	-0.3410507086
128200000	128249999	0.6555470217999999	0.9910769443333333	-0.33552992253333336
128250000	128299999	0.5986077102999999	0.9910769443333333	-0.39246923403333334
128300000	128349999	0.6171224244333333	0.9910769443333333	-0.37395451989999995
128350000	128399999	0.6287029360333333	0.9910769443333333	-0.3623740083
128400000	128449999	0.6453035295333333	0.9910769443333333	-0.3457734148
128450000	128499999	0.6136056188333332	0.9910769443333333	-0.37747132550000007
128500000	128549999	0.5926690568666666	0.9910769443333333	-0.39840788746666667
128550000	128599999	0.5890673771666666	0.9910769443333333	-0.4020095671666667
128600000	128649999	0.6023102151666666	0.9910769443333333	-0.38876672916666666
128650000	128699999	0.5885267772999999	0.9910769443333333	-0.40255016703333335
128700000	128749999	0.5961708580666665	0.9910769443333333	-0.3949060862666668
128750000	128799999	0.6321007412999999	0.9910769443333333	-0.35897620303333333
128800000	128849999	0.6761923575	0.9910769443333333	-0.3148845868333333
128850000	128899999	0.6718789488333332	0.9910769443333333	-0.31919799550000005
128900000	128949999	0.6290199481999998	0.9910769443333333	-0.3620569961333334
128950000	128999999	0.6447384563333332	0.9910769443333333	-0.3463384880000001
129000000	129049999	0.6595756868999999	0.9910769443333333	-0.33150125743333336
129050000	129099999	0.6940888951333333	0.9910769443333333	-0.2969880492
129100000	129149999	0.6680948931999999	0.9910769443333333	-0.32298205113333334
129150000	129199999	0.6833903102999999	0.9910769443333333	-0.3076866340333334
129200000	129249999	0.7278813674333333	0.9910769443333333	-0.26319557689999995
129250000	129299999	0.7567468517666667	0.9910769443333333	-0.2343300925666666
129300000	129349999	0.7887581860333333	0.9910769443333333	-0.2023187583
129350000	129399999	0.7526083814	0.9910769443333333	-0.2384685629333333
129400000	129449999	0.7269191749333332	0.9910769443333333	-0.2641577694
129450000	129499999	0.6589230319666666	0.9910769443333333	-0.3321539123666667
129500000	129549999	0.6217062454666666	0.9910769443333333	-0.3693706988666666
129550000	129599999	0.6525682942666666	0.9910769443333333	-0.33850865006666664
129600000	129649999	0.6730915552333332	0.9910769443333333	-0.31798538910000007
129650000	129699999	0.7106745128666665	0.9910769443333333	-0.28040243146666677
129700000	129749999	0.6830681875	0.9910769443333333	-0.3080087568333333
129750000	129799999	0.6933452624333332	0.9910769443333333	-0.2977316819000001
129800000	129849999	0.6666542523333332	0.9910769443333333	-0.32442269200000007
129850000	129899999	0.6212729452333332	0.9910769443333333	-0.36980399910000006
129900000	129949999	0.6199051797666666	0.9910769443333333	-0.3711717645666667
129950000	129999999	0.6440519557666666	0.9910769443333333	-0.34702498856666664
130000000	130049999	0.6865288685666666	0.9910769443333333	-0.30454807576666665
130050000	130099999	0.6696729390999999	0.9910769443333333	-0.32140400523333335
130100000	130149999	0.6896798509333333	0.9910769443333333	-0.3013970934
130150000	130199999	0.6856176904666667	0.9910769443333333	-0.3054592538666666
130200000	130249999	0.6655122755666666	0.9910769443333333	-0.3255646687666667
130250000	130299999	0.5798590169	0.9910769443333333	-0.4112179274333333
130300000	130349999	0.5938685387666667	0.9910769443333333	-0.3972084055666666
130350000	130399999	0.6283299558333333	0.9910769443333333	-0.3627469885
130400000	130449999	0.7120658001333333	0.9910769443333333	-0.27901114419999995
130450000	130499999	0.7383703243666666	0.9910769443333333	-0.25270661996666666
130500000	130549999	0.7477259377666666	0.9910769443333333	-0.24335100656666664
130550000	130599999	0.6960191684333332	0.9910769443333333	-0.29505777590000004
130600000	130649999	0.6777219460999999	0.9910769443333333	-0.31335499823333335
130650000	130699999	0.6734022878333332	0.9910769443333333	-0.31767465650000004
130700000	130749999	0.7205437212999999	0.9910769443333333	-0.2705332230333334
130750000	130799999	0.7572997188666666	0.9910769443333333	-0.23377722546666668
130800000	130849999	0.7505390848666667	0.9910769443333333	-0.24053785946666661
130850000	130899999	0.7130447533666666	0.9910769443333333	-0.27803219096666665
130900000	130949999	0.6685469419666665	0.9910769443333333	-0.32253000236666673
130950000	130999999	0.7013753542666665	0.9910769443333333	-0.28970159006666674
131000000	131049999	0.7169494144666666	0.9910769443333333	-0.27412752986666666
131050000	131099999	0.7584477728999999	0.9910769443333333	-0.2326291714333334
131100000	131149999	0.7984829056999999	0.9910769443333333	-0.19259403863333335
131150000	131199999	0.8585580026999999	0.9910769443333333	-0.13251894163333333
131200000	131249999	0.9017184965333332	0.9910769443333333	-0.08935844780000002
131250000	131299999	0.9473047951333333	0.9910769443333333	-0.043772149199999943
131300000	131349999	1.0170183339333332	0.9910769443333333	0.02594138959999992
131350000	131399999	1.0682244335	0.9910769443333333	0.0771474891666667
131400000	131449999	1.0410404271	0.9910769443333333	0.049963482766666734
131450000	131499999	0.9509993489666666	0.9910769443333333	-0.04007759536666666
131500000	131549999	0.8412435036999999	0.9910769443333333	-0.14983344063333337
131550000	131599999	0.7942879719666667	0.9910769443333333	-0.1967889723666666
131600000	131649999	0.7827050800333333	0.9910769443333333	-0.2083718643
131650000	131699999	0.8222311908666666	0.9910769443333333	-0.16884575346666664
131700000	131749999	0.7584448340666666	0.9910769443333333	-0.23263211026666664
131750000	131799999	0.7764203010666666	0.9910769443333333	-0.21465664326666667
131800000	131849999	0.7580987189999999	0.9910769443333333	-0.23297822533333334
131850000	131899999	0.8246947913333332	0.9910769443333333	-0.16638215300000003
131900000	131949999	0.7997127079999999	0.9910769443333333	-0.19136423633333333
131950000	131999999	0.8042872948333333	0.9910769443333333	-0.1867896495
132000000	132049999	0.7765675622999999	0.9910769443333333	-0.21450938203333336
132050000	132099999	0.7388731429666666	0.9910769443333333	-0.25220380136666665
132100000	132149999	0.6903003665666665	0.9910769443333333	-0.3007765777666668
132150000	132199999	0.7685866109999999	0.9910769443333333	-0.22249033333333335
132200000	132249999	0.8252445697999999	0.9910769443333333	-0.16583237453333333
132250000	132299999	0.9421339140999999	0.9910769443333333	-0.04894303023333335
132300000	132349999	0.9518467779333333	0.9910769443333333	-0.03923016639999999
132350000	132399999	0.9398241213999999	0.9910769443333333	-0.05125282293333333
132400000	132449999	0.8701156276333333	0.9910769443333333	-0.12096131669999999
132450000	132499999	0.7763452878333332	0.9910769443333333	-0.21473165650000003
132500000	132549999	0.7872681068666666	0.9910769443333333	-0.20380883746666667
132550000	132599999	0.6851583695666665	0.9910769443333333	-0.30591857476666673
132600000	132649999	0.6839346578333332	0.9910769443333333	-0.3071422865000001
132650000	132699999	0.8077291012333332	0.9910769443333333	-0.18334784310000007
132700000	132749999	0.9560166075333332	0.9910769443333333	-0.03506033680000009
132750000	132799999	0.8994061330666665	0.9910769443333333	-0.09167081126666676
132800000	132849999	0.7370974304	0.9910769443333333	-0.2539795139333333
132850000	132899999	0.6172717354999999	0.9910769443333333	-0.37380520883333335
132900000	132949999	0.6474460704666666	0.9910769443333333	-0.3436308738666667
132950000	132999999	0.6530988475999999	0.9910769443333333	-0.33797809673333334
133000000	133049999	0.7136999094666666	0.9910769443333333	-0.27737703486666665
133050000	133099999	0.7569827065	0.9910769443333333	-0.23409423783333327
133100000	133149999	0.7818559152	0.9910769443333333	-0.2092210291333333
133150000	133199999	0.7641555187333333	0.9910769443333333	-0.22692142559999995
133200000	133249999	0.7815753692666666	0.9910769443333333	-0.20950157506666667
133250000	133299999	0.8043382580333333	0.9910769443333333	-0.1867386863
133300000	133349999	0.7877391390666666	0.9910769443333333	-0.20333780526666667
133350000	133399999	0.7260519141333333	0.9910769443333333	-0.2650250302
133400000	133449999	0.7128660381666666	0.9910769443333333	-0.27821090616666666
133450000	133499999	0.4804745254999999	0.9910769443333333	-0.5106024188333333
133500000	133549999	0.26958718019999983	0.9910769443333333	-0.7214897641333334
133550000	133599999	0.0	0.9910769443333333	-0.9910769443333333
133600000	133649999	0.08870365786666667	0.9910769443333333	-0.9023732864666666
133650000	133699999	0.3823867397666666	0.9910769443333333	-0.6086902045666667
133700000	133749999	0.6404331743666666	0.9910769443333333	-0.3506437699666667
133750000	133799999	0.9225724716999999	0.9910769443333333	-0.06850447263333337
133800000	133849999	0.6279200179	0.9910769443333333	-0.3631569264333333
133850000	133899999	0.5584678854333333	0.9910769443333333	-0.4326090589
