start	end	obs	exp	var
0	49999	0.2659959632227272	0.8121127229727272	-0.54611675975
50000	99999	0.31036445292987	0.8121127229727272	-0.5017482700428572
100000	149999	0.38179762593522715	0.8121127229727272	-0.43031509703750004
150000	199999	0.40976893720606045	0.8121127229727272	-0.40234378576666674
200000	249999	0.43647436530272715	0.8121127229727272	-0.37563835767000003
250000	299999	0.43860362998181807	0.8121127229727272	-0.3735090929909091
300000	349999	0.49187095263636355	0.8121127229727272	-0.32024177033636364
350000	399999	0.5371026219454544	0.8121127229727272	-0.27501010102727275
400000	449999	0.5658276243545454	0.8121127229727272	-0.24628509861818182
450000	499999	0.5291559298363635	0.8121127229727272	-0.2829567931363637
500000	549999	0.5472061277181817	0.8121127229727272	-0.2649065952545455
550000	599999	0.5440842630636362	0.8121127229727272	-0.26802845990909097
600000	649999	0.5387511245636363	0.8121127229727272	-0.2733615984090909
650000	699999	0.5069642608	0.8121127229727272	-0.3051484621727272
700000	749999	0.46996266096363626	0.8121127229727272	-0.3421500620090909
750000	799999	0.44482321791818175	0.8121127229727272	-0.36728950505454544
800000	849999	0.43519381211818176	0.8121127229727272	-0.37691891085454543
850000	899999	0.4194634925818181	0.8121127229727272	-0.3926492303909091
900000	949999	0.41977428315454546	0.8121127229727272	-0.39233843981818173
950000	999999	0.41685227938181807	0.8121127229727272	-0.3952604435909091
1000000	1049999	0.4009800100999999	0.8121127229727272	-0.4111327128727273
1050000	1099999	0.37470354893636365	0.8121127229727272	-0.43740917403636353
1100000	1149999	0.36326226620909086	0.8121127229727272	-0.44885045676363633
1150000	1199999	0.3608428316454545	0.8121127229727272	-0.4512698913272727
1200000	1249999	0.34510529724545447	0.8121127229727272	-0.4670074257272727
1250000	1299999	0.3617164448090908	0.8121127229727272	-0.45039627816363637
1300000	1349999	0.3687345269545454	0.8121127229727272	-0.4433781960181818
1350000	1399999	0.3893939298363636	0.8121127229727272	-0.42271879313636357
1400000	1449999	0.44061713014545445	0.8121127229727272	-0.37149559282727274
1450000	1499999	0.47368802079999994	0.8121127229727272	-0.33842470217272724
1500000	1549999	0.46990165882727264	0.8121127229727272	-0.34221106414545455
1550000	1599999	0.501990582590909	0.8121127229727272	-0.3101221403818182
1600000	1649999	0.5386813490181818	0.8121127229727272	-0.2734313739545454
1650000	1699999	0.5562748835545455	0.8121127229727272	-0.2558378394181817
1700000	1749999	0.5626294996999999	0.8121127229727272	-0.24948322327272732
1750000	1799999	0.5878338862090908	0.8121127229727272	-0.22427883676363636
1800000	1849999	0.6126201996454544	0.8121127229727272	-0.19949252332727274
1850000	1899999	0.6144607432636362	0.8121127229727272	-0.19765197970909099
1900000	1949999	0.5976637438454544	0.8121127229727272	-0.2144489791272728
1950000	1999999	0.6468355117818181	0.8121127229727272	-0.1652772111909091
2000000	2049999	0.6698157838727272	0.8121127229727272	-0.14229693909999996
2050000	2099999	0.6739778754363636	0.8121127229727272	-0.13813484753636363
2100000	2149999	0.6790224477545453	0.8121127229727272	-0.13309027521818184
2150000	2199999	0.6884033487454544	0.8121127229727272	-0.1237093742272728
2200000	2249999	0.7161171194181817	0.8121127229727272	-0.0959956035545455
2250000	2299999	0.7357270623636363	0.8121127229727272	-0.07638566060909091
2300000	2349999	0.7983869034818181	0.8121127229727272	-0.013725819490909119
2350000	2399999	0.8805327386272727	0.8121127229727272	0.06842001565454547
2400000	2449999	0.9151482108545453	0.8121127229727272	0.10303548788181816
2450000	2499999	0.9450681994727272	0.8121127229727272	0.13295547650000006
2500000	2549999	0.9091943756363635	0.8121127229727272	0.09708165266363633
2550000	2599999	0.9080810251727272	0.8121127229727272	0.09596830219999997
2600000	2649999	0.9320741659727272	0.8121127229727272	0.119961443
2650000	2699999	0.9525076701454545	0.8121127229727272	0.14039494717272727
2700000	2749999	0.9476151705090908	0.8121127229727272	0.13550244753636365
2750000	2799999	0.9629185334818181	0.8121127229727272	0.15080581050909092
2800000	2849999	0.9721852838363636	0.8121127229727272	0.16007256086363642
2850000	2899999	0.9117609319636363	0.8121127229727272	0.09964820899090909
2900000	2949999	0.8134904601454545	0.8121127229727272	0.001377737172727267
2950000	2999999	0.8014099481090908	0.8121127229727272	-0.010702774863636355
3000000	3049999	0.800455454881818	0.8121127229727272	-0.011657268090909167
3050000	3099999	0.7393837125090907	0.8121127229727272	-0.07272901046363645
3100000	3149999	0.6883955453363635	0.8121127229727272	-0.1237171776363637
3150000	3199999	0.680016601890909	0.8121127229727272	-0.13209612108181823
3200000	3249999	0.6411579305545453	0.8121127229727272	-0.1709547924181819
3250000	3299999	0.6051769065727272	0.8121127229727272	-0.20693581640000003
3300000	3349999	0.5549666640545454	0.8121127229727272	-0.25714605891818176
3350000	3399999	0.5137095600727272	0.8121127229727272	-0.2984031629
3400000	3449999	0.5065548913090908	0.8121127229727272	-0.30555783166363637
3450000	3499999	0.5139210811999999	0.8121127229727272	-0.2981916417727273
3500000	3549999	0.4985960516545454	0.8121127229727272	-0.3135166713181818
3550000	3599999	0.48513455221818175	0.8121127229727272	-0.32697817075454544
3600000	3649999	0.5000020048363636	0.8121127229727272	-0.3121107181363636
3650000	3699999	0.4915963441181817	0.8121127229727272	-0.3205163788545455
3700000	3749999	0.4847901988272727	0.8121127229727272	-0.3273225241454545
3750000	3799999	0.4810233181454545	0.8121127229727272	-0.33108940482727267
3800000	3849999	0.48827397508181813	0.8121127229727272	-0.32383874789090905
3850000	3899999	0.5065587482909091	0.8121127229727272	-0.3055539746818181
3900000	3949999	0.5117667769454545	0.8121127229727272	-0.3003459460272727
3950000	3999999	0.5025562178999999	0.8121127229727272	-0.30955650507272725
4000000	4049999	0.5153894825090908	0.8121127229727272	-0.2967232404636364
4050000	4099999	0.5128812398090907	0.8121127229727272	-0.29923148316363646
4100000	4149999	0.5104617172363636	0.8121127229727272	-0.3016510057363636
4150000	4199999	0.5034424878545454	0.8121127229727272	-0.3086702351181818
4200000	4249999	0.5385954644545454	0.8121127229727272	-0.27351725851818176
4250000	4299999	0.5449715249636362	0.8121127229727272	-0.267141198009091
4300000	4349999	0.5608059102727272	0.8121127229727272	-0.2513068127
4350000	4399999	0.570669802790909	0.8121127229727272	-0.24144292018181823
4400000	4449999	0.5624766219636362	0.8121127229727272	-0.24963610100909095
4450000	4499999	0.5610116787454544	0.8121127229727272	-0.25110104422727275
4500000	4549999	0.5605341912090909	0.8121127229727272	-0.2515785317636363
4550000	4599999	0.5479742858545453	0.8121127229727272	-0.26413843711818186
4600000	4649999	0.5317426965090908	0.8121127229727272	-0.2803700264636364
4650000	4699999	0.5535905251727272	0.8121127229727272	-0.25852219779999996
4700000	4749999	0.5633926034545453	0.8121127229727272	-0.24872011951818185
4750000	4799999	0.5332267661727272	0.8121127229727272	-0.27888595679999995
4800000	4849999	0.5341688758272727	0.8121127229727272	-0.2779438471454545
4850000	4899999	0.5503668723999999	0.8121127229727272	-0.26174585057272726
4900000	4949999	0.5576643686454545	0.8121127229727272	-0.25444835432727264
4950000	4999999	0.5447839494363635	0.8121127229727272	-0.26732877353636364
5000000	5049999	0.5397047916090909	0.8121127229727272	-0.2724079313636363
5050000	5099999	0.5453791597727271	0.8121127229727272	-0.2667335632000001
5100000	5149999	0.5438161462818181	0.8121127229727272	-0.2682965766909091
5150000	5199999	0.5573962761181817	0.8121127229727272	-0.25471644685454553
5200000	5249999	0.5255566446090909	0.8121127229727272	-0.2865560783636363
5250000	5299999	0.520632913081818	0.8121127229727272	-0.29147980989090916
5300000	5349999	0.522465901290909	0.8121127229727272	-0.2896468216818182
5350000	5399999	0.5298376700818181	0.8121127229727272	-0.28227505289090904
5400000	5449999	0.5069423286909089	0.8121127229727272	-0.30517039428181825
5450000	5499999	0.5050488417909089	0.8121127229727272	-0.30706388118181827
5500000	5549999	0.5147453876090908	0.8121127229727272	-0.29736733536363635
5550000	5599999	0.522122867881818	0.8121127229727272	-0.28998985509090913
5600000	5649999	0.521162723390909	0.8121127229727272	-0.2909499995818182
5650000	5699999	0.5006072998999997	0.8121127229727272	-0.31150542307272744
5700000	5749999	0.49987182300909083	0.8121127229727272	-0.31224089996363635
5750000	5799999	0.5071368893727272	0.8121127229727272	-0.3049758336
5800000	5849999	0.5168072670636363	0.8121127229727272	-0.29530545590909085
5850000	5899999	0.5264521131272726	0.8121127229727272	-0.2856606098454546
5900000	5949999	0.5274530280090908	0.8121127229727272	-0.2846596949636364
5950000	5999999	0.5370560347454545	0.8121127229727272	-0.2750566882272727
6000000	6049999	0.5681081510181817	0.8121127229727272	-0.2440045719545455
6050000	6099999	0.6055789801999999	0.8121127229727272	-0.2065337427727273
6100000	6149999	0.6366374657999999	0.8121127229727272	-0.17547525717272727
6150000	6199999	0.6750185860999999	0.8121127229727272	-0.1370941368727273
6200000	6249999	0.7048925127272726	0.8121127229727272	-0.10722021024545458
6250000	6299999	0.7251805507636362	0.8121127229727272	-0.086932172209091
6300000	6349999	0.7891261672545453	0.8121127229727272	-0.022986555718181867
6350000	6399999	0.8205064444909089	0.8121127229727272	0.00839372151818174
6400000	6449999	0.8432665300454544	0.8121127229727272	0.03115380707272719
6450000	6499999	0.8286679896090908	0.8121127229727272	0.01655526663636364
6500000	6549999	0.8300746749545453	0.8121127229727272	0.01796195198181816
6550000	6599999	0.7760178146454544	0.8121127229727272	-0.0360949083272728
6600000	6649999	0.7162353488090908	0.8121127229727272	-0.0958773741636364
6650000	6699999	0.693073816681818	0.8121127229727272	-0.11903890629090919
6700000	6749999	0.7797015951545453	0.8121127229727272	-0.032411127818181895
6750000	6799999	0.8021767984363635	0.8121127229727272	-0.009935924536363716
6800000	6849999	0.7367932069181817	0.8121127229727272	-0.07531951605454545
6850000	6899999	0.613285966990909	0.8121127229727272	-0.1988267559818182
6900000	6949999	0.5641433949454544	0.8121127229727272	-0.24796932802727278
6950000	6999999	0.5856312841727271	0.8121127229727272	-0.22648143880000005
7000000	7049999	0.5535204580727272	0.8121127229727272	-0.2585922649
7050000	7099999	0.503973946581818	0.8121127229727272	-0.30813877639090914
7100000	7149999	0.4718258915363635	0.8121127229727272	-0.3402868314363637
7150000	7199999	0.4395639787090908	0.8121127229727272	-0.3725487442636364
7200000	7249999	0.3845654550181817	0.8121127229727272	-0.4275472679545455
7250000	7299999	0.19843862899090892	0.8121127229727272	-0.6136740939818183
7300000	7349999	0.09973414238181821	0.8121127229727272	-0.712378580590909
7350000	7399999	0.10246570849999992	0.8121127229727272	-0.7096470144727273
7400000	7449999	0.12702594724545457	0.8121127229727272	-0.6850867757272726
7450000	7499999	0.0987273920363636	0.8121127229727272	-0.7133853309363636
7500000	7549999	0.02712139525454549	0.8121127229727272	-0.7849913277181817
7550000	7599999	0.0	0.8121127229727272	-0.8121127229727272
7600000	7649999	0.0106804046272726	0.8121127229727272	-0.8014323183454546
7650000	7699999	0.019176639481818136	0.8121127229727272	-0.792936083490909
7700000	7749999	0.04836006800909087	0.8121127229727272	-0.7637526549636363
7750000	7799999	0.13582965370909084	0.8121127229727272	-0.6762830692636363
7800000	7849999	0.24728527302727266	0.8121127229727272	-0.5648274499454545
7850000	7899999	0.360345093790909	0.8121127229727272	-0.4517676291818182
7900000	7949999	0.44094570428181806	0.8121127229727272	-0.3711670186909091
7950000	7999999	0.5126025485545453	0.8121127229727272	-0.29951017441818184
8000000	8049999	0.5738109243181817	0.8121127229727272	-0.23830179865454548
8050000	8099999	0.6129986366272726	0.8121127229727272	-0.19911408634545458
8100000	8149999	0.710631986481818	0.8121127229727272	-0.10148073649090916
8150000	8199999	0.7645088138272726	0.8121127229727272	-0.04760390914545454
8200000	8249999	0.8262861047272726	0.8121127229727272	0.014173381754545411
8250000	8299999	0.8782035179181817	0.8121127229727272	0.06609079494545456
8300000	8349999	0.8624589954363635	0.8121127229727272	0.05034627246363632
8350000	8399999	0.8608923009636363	0.8121127229727272	0.04877957799090915
8400000	8449999	0.8507564135636363	0.8121127229727272	0.03864369059090911
8450000	8499999	0.8558892298545454	0.8121127229727272	0.04377650688181822
8500000	8549999	0.8561111471636363	0.8121127229727272	0.04399842419090916
8550000	8599999	0.8747535415181817	0.8121127229727272	0.06264081854545456
8600000	8649999	0.9464763620454545	0.8121127229727272	0.1343636390727273
8650000	8699999	0.9459152637272726	0.8121127229727272	0.13380254075454545
8700000	8749999	0.9607904793454545	0.8121127229727272	0.1486777563727273
8750000	8799999	0.9731513669363636	0.8121127229727272	0.16103864396363643
8800000	8849999	0.9838536934454545	0.8121127229727272	0.1717409704727273
8850000	8899999	0.994064170090909	0.8121127229727272	0.18195144711818179
8900000	8949999	0.9934926174272727	0.8121127229727272	0.1813798944545455
8950000	8999999	0.9787050846636363	0.8121127229727272	0.16659236169090907
9000000	9049999	0.9640165050181817	0.8121127229727272	0.15190378204545452
9050000	9099999	0.9604923595727272	0.8121127229727272	0.14837963659999998
9100000	9149999	0.948483335590909	0.8121127229727272	0.13637061261818184
9150000	9199999	0.913410492990909	0.8121127229727272	0.10129777001818185
9200000	9249999	0.9771556659636362	0.8121127229727272	0.16504294299090905
9250000	9299999	0.9841121838727271	0.8121127229727272	0.17199946089999996
9300000	9349999	1.0180050947545454	0.8121127229727272	0.20589237178181818
9350000	9399999	1.0258029682999998	0.8121127229727272	0.21369024532727265
9400000	9449999	1.0046633535363636	0.8121127229727272	0.19255063056363642
9450000	9499999	0.9758252480727272	0.8121127229727272	0.1637125251
9500000	9549999	0.955605280381818	0.8121127229727272	0.14349255740909084
9550000	9599999	0.9447991553272727	0.8121127229727272	0.13268643235454547
9600000	9649999	0.9238051565727272	0.8121127229727272	0.11169243360000003
9650000	9699999	0.9235341347727272	0.8121127229727272	0.11142141179999998
9700000	9749999	0.9075737304272726	0.8121127229727272	0.09546100745454544
9750000	9799999	0.8268109405090909	0.8121127229727272	0.014698217536363689
9800000	9849999	0.800786179290909	0.8121127229727272	-0.01132654368181818
9850000	9899999	0.7460129794363636	0.8121127229727272	-0.06609974353636361
9900000	9949999	0.715339317990909	0.8121127229727272	-0.09677340498181819
9950000	9999999	0.7206520994999999	0.8121127229727272	-0.09146062347272732
10000000	10049999	0.7180833518272727	0.8121127229727272	-0.09402937114545451
10050000	10099999	0.7399049367727272	0.8121127229727272	-0.07220778620000001
10100000	10149999	0.7279199110090908	0.8121127229727272	-0.08419281196363637
10150000	10199999	0.7383914053636362	0.8121127229727272	-0.07372131760909095
10200000	10249999	0.7287941543090908	0.8121127229727272	-0.0833185686636364
10250000	10299999	0.7406376170272726	0.8121127229727272	-0.07147510594545459
10300000	10349999	0.7368866030181818	0.8121127229727272	-0.07522611995454542
10350000	10399999	0.7664224878181818	0.8121127229727272	-0.0456902351545454
10400000	10449999	0.8229677413181817	0.8121127229727272	0.010855018345454548
10450000	10499999	0.8490672453090908	0.8121127229727272	0.03695452233636365
10500000	10549999	0.8430935299818181	0.8121127229727272	0.030980807009090894
10550000	10599999	0.8533394206909091	0.8121127229727272	0.04122669771818188
10600000	10649999	0.8376994723727272	0.8121127229727272	0.025586749400000053
10650000	10699999	0.8483867193272726	0.8121127229727272	0.036273996354545424
10700000	10749999	0.8462124813363635	0.8121127229727272	0.03409975836363632
10750000	10799999	0.8549243949636363	0.8121127229727272	0.04281167199090907
10800000	10849999	0.8350267379363636	0.8121127229727272	0.02291401496363643
10850000	10899999	0.8579533943454545	0.8121127229727272	0.04584067137272729
10900000	10949999	0.874656893181818	0.8121127229727272	0.06254417020909087
10950000	10999999	0.8364134064272727	0.8121127229727272	0.024300683454545502
11000000	11049999	0.8110137002	0.8121127229727272	-0.0010990227727272206
11050000	11099999	0.8137276623181817	0.8121127229727272	0.0016149393454545358
11100000	11149999	0.8110365053181817	0.8121127229727272	-0.0010762176545454638
11150000	11199999	0.801542775490909	0.8121127229727272	-0.010569947481818165
11200000	11249999	0.8011384554363635	0.8121127229727272	-0.010974267536363658
11250000	11299999	0.7967543547363636	0.8121127229727272	-0.015358368236363606
11300000	11349999	0.7944672925727272	0.8121127229727272	-0.017645430399999995
11350000	11399999	0.8039757999636363	0.8121127229727272	-0.008136923009090857
11400000	11449999	0.8132652788818181	0.8121127229727272	0.0011525559090909132
11450000	11499999	0.791303556990909	0.8121127229727272	-0.020809165981818145
11500000	11549999	0.8139271832999999	0.8121127229727272	0.0018144603272727267
11550000	11599999	0.8316355269	0.8121127229727272	0.01952280392727279
11600000	11649999	0.8669202748999999	0.8121127229727272	0.05480755192727271
11650000	11699999	0.794999789390909	0.8121127229727272	-0.0171129335818182
11700000	11749999	0.9073586285999999	0.8121127229727272	0.09524590562727275
11750000	11799999	0.9386861473363636	0.8121127229727272	0.1265734243636364
11800000	11849999	0.9871561368454544	0.8121127229727272	0.17504341387272726
11850000	11899999	0.9053756232272727	0.8121127229727272	0.09326290025454553
11900000	11949999	0.8527979541999999	0.8121127229727272	0.040685231227272745
11950000	11999999	0.8224159091454545	0.8121127229727272	0.010303186172727297
12000000	12049999	0.7912844057727272	0.8121127229727272	-0.0208283172
12050000	12099999	0.728854090990909	0.8121127229727272	-0.08325863198181815
12100000	12149999	0.7711633437454545	0.8121127229727272	-0.04094937922727271
12150000	12199999	1.2798843834636364	0.8121127229727272	0.46777166049090924
12200000	12249999	1.4375881864454545	0.8121127229727272	0.6254754634727273
12250000	12299999	1.4502373716363635	0.8121127229727272	0.6381246486636363
12300000	12349999	1.4196724915818182	0.8121127229727272	0.607559768609091
12350000	12399999	1.3869487149272728	0.8121127229727272	0.5748359919545456
12400000	12449999	1.4489073363636362	0.8121127229727272	0.636794613390909
12450000	12499999	1.488143676909091	0.8121127229727272	0.6760309539363638
12500000	12549999	1.4836853957727272	0.8121127229727272	0.6715726728
12550000	12599999	1.4785586337909091	0.8121127229727272	0.6664459108181819
12600000	12649999	1.5016341870181817	0.8121127229727272	0.6895214640454546
12650000	12699999	1.4442124618545455	0.8121127229727272	0.6320997388818184
12700000	12749999	0.9288685552818181	0.8121127229727272	0.11675583230909092
12750000	12799999	0.8460376262909091	0.8121127229727272	0.033924903318181876
12800000	12849999	0.7866020678363635	0.8121127229727272	-0.025510655136363636
12850000	12899999	0.8013750325818181	0.8121127229727272	-0.010737690390909105
12900000	12949999	0.8079226365818182	0.8121127229727272	-0.004190086390909009
12950000	12999999	0.8248337955181818	0.8121127229727272	0.012721072545454626
13000000	13049999	0.8034823951545453	0.8121127229727272	-0.008630327818181849
13050000	13099999	0.7921750598454544	0.8121127229727272	-0.019937663127272742
13100000	13149999	0.8012793475272727	0.8121127229727272	-0.010833375445454485
13150000	13199999	0.7944176182999999	0.8121127229727272	-0.01769510467272728
13200000	13249999	0.793367729790909	0.8121127229727272	-0.018744993181818215
13250000	13299999	0.7599389749363635	0.8121127229727272	-0.052173748036363654
13300000	13349999	0.7358598888090908	0.8121127229727272	-0.07625283416363637
13350000	13399999	0.6822490025909089	0.8121127229727272	-0.12986372038181826
13400000	13449999	0.6515057560727272	0.8121127229727272	-0.16060696689999998
13450000	13499999	0.6294135311090908	0.8121127229727272	-0.18269919186363637
13500000	13549999	0.6142952529090908	0.8121127229727272	-0.19781747006363637
13550000	13599999	0.6240339640727272	0.8121127229727272	-0.18807875890000003
13600000	13649999	0.6368356077636362	0.8121127229727272	-0.17527711520909095
13650000	13699999	0.6293687116727271	0.8121127229727272	-0.18274401130000006
13700000	13749999	0.6251416490090909	0.8121127229727272	-0.18697107396363633
13750000	13799999	0.6075145073454544	0.8121127229727272	-0.20459821562727276
13800000	13849999	0.6092613576363636	0.8121127229727272	-0.2028513653363636
13850000	13899999	0.6136299467545454	0.8121127229727272	-0.19848277621818178
13900000	13949999	0.6007065670181817	0.8121127229727272	-0.21140615595454548
13950000	13999999	0.6089199205727271	0.8121127229727272	-0.20319280240000004
14000000	14049999	0.6110210947727271	0.8121127229727272	-0.20109162820000004
14050000	14099999	0.6152807273090908	0.8121127229727272	-0.1968319956636364
14100000	14149999	0.6300273250999999	0.8121127229727272	-0.18208539787272726
14150000	14199999	0.621321106581818	0.8121127229727272	-0.19079161639090914
14200000	14249999	0.6155804431363636	0.8121127229727272	-0.19653227983636357
14250000	14299999	0.613309184581818	0.8121127229727272	-0.19880353839090914
14300000	14349999	0.621109788290909	0.8121127229727272	-0.19100293468181817
14350000	14399999	0.6318142942272726	0.8121127229727272	-0.18029842874545454
14400000	14449999	0.621146137290909	0.8121127229727272	-0.19096658568181824
14450000	14499999	0.6286343591272726	0.8121127229727272	-0.18347836384545457
14500000	14549999	0.6349700343818181	0.8121127229727272	-0.1771426885909091
14550000	14599999	0.6221253314636362	0.8121127229727272	-0.18998739150909094
14600000	14649999	0.6144781437363636	0.8121127229727272	-0.19763457923636363
14650000	14699999	0.6098791027545454	0.8121127229727272	-0.2022336202181818
14700000	14749999	0.6161826560818181	0.8121127229727272	-0.19593006689090908
14750000	14799999	0.6085581231999999	0.8121127229727272	-0.20355459977272727
14800000	14849999	0.6191054833727272	0.8121127229727272	-0.1930072396
14850000	14899999	0.641786544181818	0.8121127229727272	-0.17032617879090917
14900000	14949999	0.6558519928090908	0.8121127229727272	-0.1562607301636364
14950000	14999999	0.6855652099818181	0.8121127229727272	-0.12654751299090905
15000000	15049999	0.6967302559636362	0.8121127229727272	-0.11538246700909094
15050000	15099999	0.7106399528272727	0.8121127229727272	-0.10147277014545453
15100000	15149999	0.7313373734454545	0.8121127229727272	-0.08077534952727272
15150000	15199999	0.7667750481272726	0.8121127229727272	-0.04533767484545459
15200000	15249999	0.8119080498727271	0.8121127229727272	-0.00020467310000005234
15250000	15299999	0.8778601020999999	0.8121127229727272	0.06574737912727269
15300000	15349999	0.9552813086090908	0.8121127229727272	0.1431685856363636
15350000	15399999	0.9657482488	0.8121127229727272	0.1536355258272728
15400000	15449999	0.9376851629363636	0.8121127229727272	0.12557243996363643
15450000	15499999	0.9269271971181818	0.8121127229727272	0.11481447414545465
15500000	15549999	0.895530922790909	0.8121127229727272	0.08341819981818177
15550000	15599999	0.8772577277999999	0.8121127229727272	0.0651450048272727
15600000	15649999	0.8435001149363636	0.8121127229727272	0.03138739196363638
15650000	15699999	0.8358041822636363	0.8121127229727272	0.0236914592909091
15700000	15749999	0.8129757469181818	0.8121127229727272	0.0008630239454545663
15750000	15799999	0.7791413200090909	0.8121127229727272	-0.03297140296363632
15800000	15849999	0.7160763945272727	0.8121127229727272	-0.09603632844545451
15850000	15899999	0.6592733610090908	0.8121127229727272	-0.15283936196363634
15900000	15949999	0.6447542227181817	0.8121127229727272	-0.16735850025454546
15950000	15999999	0.6667298071727272	0.8121127229727272	-0.14538291579999996
16000000	16049999	0.6450969516363636	0.8121127229727272	-0.16701577133636358
16050000	16099999	0.6818546637272727	0.8121127229727272	-0.13025805924545453
16100000	16149999	0.7212788009727272	0.8121127229727272	-0.09083392199999996
16150000	16199999	0.7597625120636363	0.8121127229727272	-0.052350210909090866
16200000	16249999	0.7670012737363636	0.8121127229727272	-0.045111449236363566
16250000	16299999	0.7517159979818181	0.8121127229727272	-0.06039672499090909
16300000	16349999	0.7364941690636363	0.8121127229727272	-0.07561855390909089
16350000	16399999	0.7268969695090908	0.8121127229727272	-0.08521575346363641
16400000	16449999	0.7265538140272727	0.8121127229727272	-0.08555890894545448
16450000	16499999	0.7249311938545454	0.8121127229727272	-0.08718152911818178
16500000	16549999	0.7207117576727272	0.8121127229727272	-0.09140096529999997
16550000	16599999	0.7143838406545453	0.8121127229727272	-0.09772888231818189
16600000	16649999	0.6821153671818181	0.8121127229727272	-0.1299973557909091
16650000	16699999	0.6821583999363635	0.8121127229727272	-0.12995432303636367
16700000	16749999	0.690400539890909	0.8121127229727272	-0.12171218308181819
16750000	16799999	0.6933169641363636	0.8121127229727272	-0.11879575883636362
16800000	16849999	0.7486151341090909	0.8121127229727272	-0.06349758886363632
16850000	16899999	0.7927903025999999	0.8121127229727272	-0.019322420372727245
16900000	16949999	0.8148215938363635	0.8121127229727272	0.002708870863636359
16950000	16999999	0.8268212149454545	0.8121127229727272	0.014708491972727278
17000000	17049999	0.8315117849181818	0.8121127229727272	0.0193990619454546
17050000	17099999	0.8426679086090908	0.8121127229727272	0.030555185636363613
17100000	17149999	0.8500470524818181	0.8121127229727272	0.037934329509090925
17150000	17199999	0.8564172518090908	0.8121127229727272	0.0443045288363636
17200000	17249999	0.8192345199818181	0.8121127229727272	0.00712179700909088
17250000	17299999	0.7837314675999999	0.8121127229727272	-0.028381255372727288
17300000	17349999	0.7808379823363636	0.8121127229727272	-0.031274740636363596
17350000	17399999	0.7463469031363635	0.8121127229727272	-0.06576581983636365
17400000	17449999	0.7091304282636363	0.8121127229727272	-0.10298229470909093
17450000	17499999	0.7254735311363636	0.8121127229727272	-0.0866391918363636
17500000	17549999	0.7600725400272726	0.8121127229727272	-0.05204018294545454
17550000	17599999	0.8273649537545453	0.8121127229727272	0.015252230781818144
17600000	17649999	0.8633016076999999	0.8121127229727272	0.05118888472727268
17650000	17699999	0.903937541281818	0.8121127229727272	0.09182481830909084
17700000	17749999	0.9370168920727272	0.8121127229727272	0.12490416910000002
17750000	17799999	1.0051483266999999	0.8121127229727272	0.1930356037272727
17800000	17849999	1.0377056140181817	0.8121127229727272	0.22559289104545455
17850000	17899999	1.0506777001999998	0.8121127229727272	0.23856497722727266
17900000	17949999	1.063919824672727	0.8121127229727272	0.25180710169999987
17950000	17999999	1.0596638992545453	0.8121127229727272	0.2475511762818181
18000000	18049999	1.0434988833272725	0.8121127229727272	0.2313861603545453
18050000	18099999	0.985072447990909	0.8121127229727272	0.1729597250181818
18100000	18149999	0.9154584014363636	0.8121127229727272	0.1033456784636364
18150000	18199999	0.867135691190909	0.8121127229727272	0.05502296821818187
18200000	18249999	0.8283467683818181	0.8121127229727272	0.016234045409090903
18250000	18299999	0.7998677155818181	0.8121127229727272	-0.012245007390909057
18300000	18349999	0.755955484590909	0.8121127229727272	-0.056157238381818186
18350000	18399999	0.7384844874363635	0.8121127229727272	-0.07362823553636366
18400000	18449999	0.7098204552636362	0.8121127229727272	-0.10229226770909094
18450000	18499999	0.7069168759363635	0.8121127229727272	-0.10519584703636364
18500000	18549999	0.705738259981818	0.8121127229727272	-0.10637446299090914
18550000	18599999	0.6902334229818181	0.8121127229727272	-0.12187929999090907
18600000	18649999	0.7060129975181817	0.8121127229727272	-0.10609972545454549
18650000	18699999	0.6989390466636363	0.8121127229727272	-0.11317367630909092
18700000	18749999	0.6938446649090908	0.8121127229727272	-0.11826805806363638
18750000	18799999	0.6968305602454545	0.8121127229727272	-0.11528216272727265
18800000	18849999	0.6936261091909091	0.8121127229727272	-0.11848661378181813
18850000	18899999	0.672101394590909	0.8121127229727272	-0.14001132838181818
18900000	18949999	0.6611763831272727	0.8121127229727272	-0.15093633984545451
18950000	18999999	0.675409725090909	0.8121127229727272	-0.13670299788181817
19000000	19049999	0.6552951176181817	0.8121127229727272	-0.15681760535454548
19050000	19099999	0.6515828084454545	0.8121127229727272	-0.16052991452727272
19100000	19149999	0.6575432181363635	0.8121127229727272	-0.15456950483636367
19150000	19199999	0.6690236037545454	0.8121127229727272	-0.1430891192181818
19200000	19249999	0.6925731151272726	0.8121127229727272	-0.11953960784545459
19250000	19299999	0.6997064882545454	0.8121127229727272	-0.11240623471818179
19300000	19349999	0.7321102831272727	0.8121127229727272	-0.08000243984545452
19350000	19399999	0.7599148974818181	0.8121127229727272	-0.05219782549090912
19400000	19449999	0.7914761629545454	0.8121127229727272	-0.020636560018181815
19450000	19499999	0.8038612357272726	0.8121127229727272	-0.008251487245454547
19500000	19549999	0.8137465346545454	0.8121127229727272	0.001633811681818198
19550000	19599999	0.8385444562454545	0.8121127229727272	0.026431733272727298
19600000	19649999	0.8674054762727272	0.8121127229727272	0.05529275330000005
19650000	19699999	0.8808120912454545	0.8121127229727272	0.06869936827272727
19700000	19749999	0.8778601076090908	0.8121127229727272	0.06574738463636365
19750000	19799999	0.8741380284727273	0.8121127229727272	0.06202530550000007
19800000	19849999	0.8848646820454544	0.8121127229727272	0.07275195907272725
19850000	19899999	0.8535893994090908	0.8121127229727272	0.04147667643636366
19900000	19949999	0.8336749330818181	0.8121127229727272	0.021562210109090874
19950000	19999999	0.8166808197454545	0.8121127229727272	0.0045680967727272925
20000000	20049999	0.8272111847545454	0.8121127229727272	0.015098461781818173
20050000	20099999	0.8111428681636362	0.8121127229727272	-0.0009698548090909531
20100000	20149999	0.7952603194090908	0.8121127229727272	-0.016852403563636376
20150000	20199999	0.7803493106454544	0.8121127229727272	-0.031763412327272755
20200000	20249999	0.7576524391636362	0.8121127229727272	-0.05446028380909096
20250000	20299999	0.7352925395999999	0.8121127229727272	-0.07682018337272734
20300000	20349999	0.7213763302727272	0.8121127229727272	-0.0907363927
20350000	20399999	0.7092754281454544	0.8121127229727272	-0.10283729482727277
20400000	20449999	0.7160676703545454	0.8121127229727272	-0.09604505261818175
20450000	20499999	0.7267225493727272	0.8121127229727272	-0.08539017360000001
20500000	20549999	0.7172858741454544	0.8121127229727272	-0.09482684882727277
20550000	20599999	0.6925815990545454	0.8121127229727272	-0.11953112391818177
20600000	20649999	0.7006359790545453	0.8121127229727272	-0.11147674391818185
20650000	20699999	0.6964337061909089	0.8121127229727272	-0.11567901678181824
20700000	20749999	0.6787852621727272	0.8121127229727272	-0.13332746080000002
20750000	20799999	0.6811196415090908	0.8121127229727272	-0.13099308146363642
20800000	20849999	0.7017486041	0.8121127229727272	-0.11036411887272723
20850000	20899999	0.7194510797	0.8121127229727272	-0.09266164327272719
20900000	20949999	0.7061630434999999	0.8121127229727272	-0.10594967947272727
20950000	20999999	0.6987074046999999	0.8121127229727272	-0.11340531827272726
21000000	21049999	0.693038563	0.8121127229727272	-0.11907415997272719
21050000	21099999	0.6971216209818181	0.8121127229727272	-0.11499110199090912
21100000	21149999	0.7267976531272726	0.8121127229727272	-0.08531506984545456
21150000	21199999	0.716805703690909	0.8121127229727272	-0.09530701928181817
21200000	21249999	0.7357233425545454	0.8121127229727272	-0.07638938041818177
21250000	21299999	0.7424094324636363	0.8121127229727272	-0.06970329050909085
21300000	21349999	0.7348358458181817	0.8121127229727272	-0.07727687715454545
21350000	21399999	0.6824891384181817	0.8121127229727272	-0.12962358455454548
21400000	21449999	0.6513133985545454	0.8121127229727272	-0.1607993244181818
21450000	21499999	0.668080813890909	0.8121127229727272	-0.14403190908181818
21500000	21549999	0.7049833291	0.8121127229727272	-0.10712939387272724
21550000	21599999	0.7706745788090908	0.8121127229727272	-0.04143814416363634
21600000	21649999	0.7820142777818181	0.8121127229727272	-0.030098445190909096
21650000	21699999	0.7545535823090909	0.8121127229727272	-0.05755914066363632
21700000	21749999	0.7868611198818182	0.8121127229727272	-0.025251603090909014
21750000	21799999	0.7863316188727272	0.8121127229727272	-0.025781104100000007
21800000	21849999	0.812390219	0.8121127229727272	0.00027749602727278333
21850000	21899999	0.8600080410454545	0.8121127229727272	0.04789531807272729
21900000	21949999	0.9349034564272727	0.8121127229727272	0.1227907334545455
21950000	21999999	0.9697519813363635	0.8121127229727272	0.15763925836363635
22000000	22049999	0.969065813490909	0.8121127229727272	0.15695309051818185
22050000	22099999	0.9926972515636363	0.8121127229727272	0.18058452859090912
22100000	22149999	0.9711922932454544	0.8121127229727272	0.15907957027272723
22150000	22199999	0.9657966949909089	0.8121127229727272	0.15368397201818174
22200000	22249999	1.0023445139363636	0.8121127229727272	0.1902317909636364
22250000	22299999	0.9989940407818181	0.8121127229727272	0.1868813178090909
22300000	22349999	0.9999523825454544	0.8121127229727272	0.1878396595727272
22350000	22399999	0.9844909087818181	0.8121127229727272	0.17237818580909092
22400000	22449999	0.9570051711181817	0.8121127229727272	0.14489244814545454
22450000	22499999	0.9378397200999999	0.8121127229727272	0.12572699712727275
22500000	22549999	0.9603836685727272	0.8121127229727272	0.14827094559999998
22550000	22599999	0.9742857420727272	0.8121127229727272	0.16217301910000004
22600000	22649999	0.923952923990909	0.8121127229727272	0.11184020101818182
22650000	22699999	0.9104105799454545	0.8121127229727272	0.0982978569727273
22700000	22749999	0.9168889343727271	0.8121127229727272	0.10477621139999993
22750000	22799999	0.9064415062363635	0.8121127229727272	0.09432878326363636
22800000	22849999	0.8922658251363635	0.8121127229727272	0.08015310216363636
22850000	22899999	0.8895531613454545	0.8121127229727272	0.0774404383727273
22900000	22949999	0.8873953539181817	0.8121127229727272	0.07528263094545451
22950000	22999999	0.8996593607545453	0.8121127229727272	0.08754663778181815
23000000	23049999	0.894533644890909	0.8121127229727272	0.08242092191818184
23050000	23099999	0.9059645714363636	0.8121127229727272	0.09385184846363637
23100000	23149999	0.925395362081818	0.8121127229727272	0.11328263910909087
23150000	23199999	0.9530539239272726	0.8121127229727272	0.14094120095454543
23200000	23249999	0.9476881976636362	0.8121127229727272	0.13557547469090903
23250000	23299999	0.9439935126181818	0.8121127229727272	0.13188078964545458
23300000	23349999	0.9176920733181817	0.8121127229727272	0.10557935034545451
23350000	23399999	0.9107332625727271	0.8121127229727272	0.09862053959999995
23400000	23449999	0.9022570851818181	0.8121127229727272	0.09014436220909094
23450000	23499999	0.911938754190909	0.8121127229727272	0.09982603121818179
23500000	23549999	0.8951268187363635	0.8121127229727272	0.08301409576363628
23550000	23599999	0.8834408820272726	0.8121127229727272	0.07132815905454537
23600000	23649999	0.8497969406454544	0.8121127229727272	0.03768421767272723
23650000	23699999	0.8267164803545454	0.8121127229727272	0.014603757381818183
23700000	23749999	0.8158703921545454	0.8121127229727272	0.0037576691818181907
23750000	23799999	0.8054860768818181	0.8121127229727272	-0.006626646090909127
23800000	23849999	0.8004740024727272	0.8121127229727272	-0.011638720500000033
23850000	23899999	0.7918688735999999	0.8121127229727272	-0.020243849372727274
23900000	23949999	0.7856903168636363	0.8121127229727272	-0.026422406109090857
23950000	23999999	0.7744699705636363	0.8121127229727272	-0.037642752409090874
24000000	24049999	0.7511233381999999	0.8121127229727272	-0.060989384772727306
24050000	24099999	0.7422300879272726	0.8121127229727272	-0.06988263504545456
24100000	24149999	0.7407018662454544	0.8121127229727272	-0.07141085672727276
24150000	24199999	0.7144713287090908	0.8121127229727272	-0.09764139426363638
24200000	24249999	0.6957710547454544	0.8121127229727272	-0.11634166822727277
24250000	24299999	0.6644633392636363	0.8121127229727272	-0.14764938370909086
24300000	24349999	0.6276750975545453	0.8121127229727272	-0.18443762541818187
24350000	24399999	0.6117378926272726	0.8121127229727272	-0.20037483034545456
24400000	24449999	0.6105286339636363	0.8121127229727272	-0.20158408900909086
24450000	24499999	0.5916947352636363	0.8121127229727272	-0.22041798770909093
24500000	24549999	0.5818032005727272	0.8121127229727272	-0.23030952240000002
24550000	24599999	0.5810825352636363	0.8121127229727272	-0.2310301877090909
24600000	24649999	0.5682024137545454	0.8121127229727272	-0.2439103092181818
24650000	24699999	0.5595954190363636	0.8121127229727272	-0.2525173039363636
24700000	24749999	0.5415025078272726	0.8121127229727272	-0.2706102151454546
24750000	24799999	0.5251450994363636	0.8121127229727272	-0.2869676235363636
24800000	24849999	0.5184820425272727	0.8121127229727272	-0.2936306804454545
24850000	24899999	0.5279273425272726	0.8121127229727272	-0.2841853804454546
24900000	24949999	0.5414765983818182	0.8121127229727272	-0.270636124590909
24950000	24999999	0.5554223452727272	0.8121127229727272	-0.2566903777
25000000	25049999	0.5910213044363636	0.8121127229727272	-0.2210914185363636
25050000	25099999	0.6375393383181818	0.8121127229727272	-0.17457338465454542
25100000	25149999	0.6528631442090909	0.8121127229727272	-0.15924957876363632
25150000	25199999	0.6655861267818182	0.8121127229727272	-0.14652659619090902
25200000	25249999	0.6674714665727273	0.8121127229727272	-0.14464125639999992
25250000	25299999	0.6846722769636363	0.8121127229727272	-0.12744044600909088
25300000	25349999	0.7024320916	0.8121127229727272	-0.10968063137272721
25350000	25399999	0.7470505368545454	0.8121127229727272	-0.06506218611818182
25400000	25449999	0.7492463118999999	0.8121127229727272	-0.06286641107272728
25450000	25499999	0.7374473561090908	0.8121127229727272	-0.07466536686363634
25500000	25549999	0.7497794760363635	0.8121127229727272	-0.06233324693636366
25550000	25599999	0.727178163090909	0.8121127229727272	-0.0849345598818182
25600000	25649999	0.6982570127090908	0.8121127229727272	-0.11385571026363639
25650000	25699999	0.6841846662	0.8121127229727272	-0.12792805677272723
25700000	25749999	0.6835215402454544	0.8121127229727272	-0.12859118272727277
25750000	25799999	0.6988520516272727	0.8121127229727272	-0.11326067134545448
25800000	25849999	0.7091976743090909	0.8121127229727272	-0.10291504866363632
25850000	25899999	0.731962880690909	0.8121127229727272	-0.0801498422818182
25900000	25949999	0.7908362164818181	0.8121127229727272	-0.021276506490909064
25950000	25999999	0.8372052938	0.8121127229727272	0.025092570827272787
26000000	26049999	0.8696139437818181	0.8121127229727272	0.057501220809090925
26050000	26099999	0.8638022494272727	0.8121127229727272	0.0516895264545455
26100000	26149999	0.8649636388181817	0.8121127229727272	0.05285091584545454
26150000	26199999	0.8784851026999999	0.8121127229727272	0.06637237972727272
26200000	26249999	0.8880922691636363	0.8121127229727272	0.07597954619090908
26250000	26299999	0.9031968347818181	0.8121127229727272	0.09108411180909093
26300000	26349999	0.9055146029727272	0.8121127229727272	0.09340188000000005
26350000	26399999	0.9032950516272726	0.8121127229727272	0.09118232865454545
26400000	26449999	0.8979015005636363	0.8121127229727272	0.08578877759090908
26450000	26499999	0.8142929997454544	0.8121127229727272	0.002180276772727252
26500000	26549999	0.7832174022363636	0.8121127229727272	-0.028895320736363583
26550000	26599999	0.7808758943363635	0.8121127229727272	-0.031236828636363678
26600000	26649999	0.7764659859181817	0.8121127229727272	-0.03564673705454546
26650000	26699999	0.7776835203818181	0.8121127229727272	-0.03442920259090909
26700000	26749999	0.759592148890909	0.8121127229727272	-0.052520574081818205
26750000	26799999	0.7975243875545454	0.8121127229727272	-0.01458833541818183
26800000	26849999	0.8214141610999999	0.8121127229727272	0.009301438127272688
26850000	26899999	0.821637155190909	0.8121127229727272	0.009524432218181778
26900000	26949999	0.8528920236090909	0.8121127229727272	0.0407793006363637
26950000	26999999	0.864106112090909	0.8121127229727272	0.051993389118181854
27000000	27049999	0.894765058190909	0.8121127229727272	0.08265233521818183
27050000	27099999	0.9115483571090909	0.8121127229727272	0.0994356341363637
27100000	27149999	0.9112502550181818	0.8121127229727272	0.09913753204545461
27150000	27199999	0.9163816965545455	0.8121127229727272	0.1042689735818183
27200000	27249999	0.9474862335363636	0.8121127229727272	0.13537351056363645
27250000	27299999	0.9622423523454544	0.8121127229727272	0.15012962937272722
27300000	27349999	0.9524997592727272	0.8121127229727272	0.14038703630000005
27350000	27399999	0.972075122390909	0.8121127229727272	0.1599623994181818
27400000	27449999	1.0440344958818182	0.8121127229727272	0.231921772909091
27450000	27499999	1.047082378981818	0.8121127229727272	0.2349696560090908
27500000	27549999	1.027980301781818	0.8121127229727272	0.2158675788090909
27550000	27599999	1.0093226871181817	0.8121127229727272	0.19720996414545455
27600000	27649999	0.9960134513545453	0.8121127229727272	0.18390072838181815
27650000	27699999	1.0068554155454543	0.8121127229727272	0.19474269257272714
27700000	27749999	1.046581700581818	0.8121127229727272	0.2344689776090909
27750000	27799999	1.0519404928181817	0.8121127229727272	0.2398277698454545
27800000	27849999	1.0644057653636363	0.8121127229727272	0.2522930423909091
27850000	27899999	1.0459042747545455	0.8121127229727272	0.23379155178181832
27900000	27949999	0.9960994711090908	0.8121127229727272	0.18398674813636362
27950000	27999999	0.9260785557727271	0.8121127229727272	0.11396583279999994
28000000	28049999	0.9019841501272726	0.8121127229727272	0.08987142715454544
28050000	28099999	0.9039724683181817	0.8121127229727272	0.09185974534545449
28100000	28149999	0.9580645019363636	0.8121127229727272	0.14595177896363642
28150000	28199999	0.9993998107545454	0.8121127229727272	0.18728708778181824
28200000	28249999	0.9849414651999999	0.8121127229727272	0.17282874222727274
28250000	28299999	0.9545784238727272	0.8121127229727272	0.1424657009
28300000	28349999	0.9369859043	0.8121127229727272	0.12487318132727276
28350000	28399999	0.9165792687363635	0.8121127229727272	0.10446654576363634
28400000	28449999	0.9358357452363636	0.8121127229727272	0.1237230222636364
28450000	28499999	0.958244098990909	0.8121127229727272	0.14613137601818182
28500000	28549999	1.0249211031909091	0.8121127229727272	0.21280838021818194
28550000	28599999	1.1206219460454545	0.8121127229727272	0.3085092230727273
28600000	28649999	1.1991301110545454	0.8121127229727272	0.3870173880818182
28650000	28699999	1.1474112749909091	0.8121127229727272	0.33529855201818193
28700000	28749999	1.109695333772727	0.8121127229727272	0.2975826107999999
28750000	28799999	1.1428711591818181	0.8121127229727272	0.33075843620909096
28800000	28849999	1.1678550948	0.8121127229727272	0.35574237182727275
28850000	28899999	1.1811175035363635	0.8121127229727272	0.3690047805636363
28900000	28949999	1.1659030710272726	0.8121127229727272	0.35379034805454546
28950000	28999999	1.1372965419090908	0.8121127229727272	0.3251838189363636
29000000	29049999	1.1452524580636363	0.8121127229727272	0.3331397350909091
29050000	29099999	1.0872015663818182	0.8121127229727272	0.275088843409091
29100000	29149999	0.9926960541636363	0.8121127229727272	0.18058333119090908
29150000	29199999	0.926060510290909	0.8121127229727272	0.11394778731818178
29200000	29249999	0.9170048091272727	0.8121127229727272	0.10489208615454548
29250000	29299999	0.9208830659818181	0.8121127229727272	0.10877034300909094
29300000	29349999	0.8917708836999999	0.8121127229727272	0.07965816072727272
29350000	29399999	0.858063338590909	0.8121127229727272	0.04595061561818181
29400000	29449999	0.8342734154090908	0.8121127229727272	0.02216069243636365
29450000	29499999	0.8578634537272726	0.8121127229727272	0.04575073075454539
29500000	29549999	0.8811190123454544	0.8121127229727272	0.06900628937272724
29550000	29599999	0.8643881251272726	0.8121127229727272	0.0522754021545454
29600000	29649999	0.8623148548545454	0.8121127229727272	0.05020213188181821
29650000	29699999	0.8763197102818181	0.8121127229727272	0.06420698730909091
29700000	29749999	0.8842671959363635	0.8121127229727272	0.0721544729636363
29750000	29799999	0.9099831433363635	0.8121127229727272	0.09787042036363636
29800000	29849999	0.8975346409545454	0.8121127229727272	0.0854219179818182
29850000	29899999	0.8746999345090908	0.8121127229727272	0.0625872115363636
29900000	29949999	0.8840895331090908	0.8121127229727272	0.07197681013636359
29950000	29999999	0.8888622780818181	0.8121127229727272	0.07674955510909087
30000000	30049999	0.8912355452272727	0.8121127229727272	0.07912282225454548
30050000	30099999	0.9039401371818181	0.8121127229727272	0.09182741420909091
30100000	30149999	0.9215110023272727	0.8121127229727272	0.10939827935454549
30150000	30199999	0.9237229732818182	0.8121127229727272	0.111610250309091
30200000	30249999	0.9528769686363636	0.8121127229727272	0.14076424566363643
30250000	30299999	0.9548836869545454	0.8121127229727272	0.1427709639818182
30300000	30349999	0.9488249061999999	0.8121127229727272	0.13671218322727274
30350000	30399999	0.9718269024727272	0.8121127229727272	0.1597141795
30400000	30449999	1.0149480059272726	0.8121127229727272	0.20283528295454545
30450000	30499999	1.1124592879	0.8121127229727272	0.30034656492727274
30500000	30549999	1.1534661778	0.8121127229727272	0.34135345482727275
30550000	30599999	1.162321829281818	0.8121127229727272	0.35020910630909086
30600000	30649999	1.193140596772727	0.8121127229727272	0.3810278737999999
30650000	30699999	1.2500944886272727	0.8121127229727272	0.4379817656545455
30700000	30749999	1.3309359008272725	0.8121127229727272	0.5188231778545453
30750000	30799999	1.3292792397363635	0.8121127229727272	0.5171665167636363
30800000	30849999	1.3101210390363636	0.8121127229727272	0.4980083160636364
30850000	30899999	1.281342384981818	0.8121127229727272	0.4692296620090908
30900000	30949999	1.2644517998636362	0.8121127229727272	0.452339076890909
30950000	30999999	1.217376269190909	0.8121127229727272	0.4052635462181817
31000000	31049999	1.0981001051181818	0.8121127229727272	0.2859873821454546
31050000	31099999	1.0285258335818181	0.8121127229727272	0.21641311060909096
31100000	31149999	1.0010752925090909	0.8121127229727272	0.1889625695363637
31150000	31199999	0.923681151081818	0.8121127229727272	0.11156842810909084
31200000	31249999	0.8206553918545454	0.8121127229727272	0.008542668881818205
31250000	31299999	0.7078836383727272	0.8121127229727272	-0.10422908460000002
31300000	31349999	0.6518129495272726	0.8121127229727272	-0.16029977344545454
31350000	31399999	0.6244438028272726	0.8121127229727272	-0.18766892014545455
31400000	31449999	0.6199766901999999	0.8121127229727272	-0.19213603277272728
31450000	31499999	0.5954069059545454	0.8121127229727272	-0.2167058170181818
31500000	31549999	0.6021804978727272	0.8121127229727272	-0.20993222509999998
31550000	31599999	0.6050499598454545	0.8121127229727272	-0.20706276312727268
31600000	31649999	0.6108323535090908	0.8121127229727272	-0.20128036946363637
31650000	31699999	0.6131416697363635	0.8121127229727272	-0.19897105323636366
31700000	31749999	0.610392562390909	0.8121127229727272	-0.2017201605818182
31750000	31799999	0.6028678713636363	0.8121127229727272	-0.2092448516090909
31800000	31849999	0.6105801435636362	0.8121127229727272	-0.20153257940909097
31850000	31899999	0.6068497617818182	0.8121127229727272	-0.20526296119090903
31900000	31949999	0.6056327188363636	0.8121127229727272	-0.20648000413636358
31950000	31999999	0.6046184506272727	0.8121127229727272	-0.20749427234545448
32000000	32049999	0.6111976829363636	0.8121127229727272	-0.20091504003636362
32050000	32099999	0.5955387944454544	0.8121127229727272	-0.21657392852727275
32100000	32149999	0.5860197158636362	0.8121127229727272	-0.22609300710909097
32150000	32199999	0.5805286871545454	0.8121127229727272	-0.23158403581818177
32200000	32249999	0.5882434616181818	0.8121127229727272	-0.22386926135454543
32250000	32299999	0.6095305656181818	0.8121127229727272	-0.20258215735454543
32300000	32349999	0.6364182687181817	0.8121127229727272	-0.17569445425454544
32350000	32399999	0.6189443918181817	0.8121127229727272	-0.19316833115454546
32400000	32449999	0.5976304510181817	0.8121127229727272	-0.2144822719545455
32450000	32499999	0.602290963990909	0.8121127229727272	-0.2098217589818182
32500000	32549999	0.6094893925636363	0.8121127229727272	-0.20262333040909086
32550000	32599999	0.606753045290909	0.8121127229727272	-0.20535967768181818
32600000	32649999	0.6077930359818181	0.8121127229727272	-0.20431968699090908
32650000	32699999	0.6184313923181817	0.8121127229727272	-0.1936813306545455
32700000	32749999	0.6452604759454544	0.8121127229727272	-0.16685224702727275
32750000	32799999	0.6286246148636363	0.8121127229727272	-0.18348810810909089
32800000	32849999	0.616768654390909	0.8121127229727272	-0.1953440685818182
32850000	32899999	0.6121293268545454	0.8121127229727272	-0.19998339611818183
32900000	32949999	0.6331792312636363	0.8121127229727272	-0.1789334917090909
32950000	32999999	0.6828728349272726	0.8121127229727272	-0.1292398880454546
33000000	33049999	0.7084502318090908	0.8121127229727272	-0.10366249116363635
33050000	33099999	0.7247320382272726	0.8121127229727272	-0.08738068474545457
33100000	33149999	0.7431229205454545	0.8121127229727272	-0.0689898024272727
33150000	33199999	0.7684731802999999	0.8121127229727272	-0.043639542672727294
33200000	33249999	0.7600744344727272	0.8121127229727272	-0.05203828850000003
33250000	33299999	0.7348863796363636	0.8121127229727272	-0.07722634333636358
33300000	33349999	0.7244696135636363	0.8121127229727272	-0.08764310940909092
33350000	33399999	0.7066101148818181	0.8121127229727272	-0.10550260809090906
33400000	33449999	0.6953637098181817	0.8121127229727272	-0.11674901315454544
33450000	33499999	0.6976109550636362	0.8121127229727272	-0.11450176790909095
33500000	33549999	0.668319495	0.8121127229727272	-0.1437932279727272
33550000	33599999	0.6249858091363636	0.8121127229727272	-0.1871269138363636
33600000	33649999	0.5881725098454544	0.8121127229727272	-0.22394021312727275
33650000	33699999	0.5482264654818181	0.8121127229727272	-0.2638862574909091
33700000	33749999	0.5172200462363636	0.8121127229727272	-0.29489267673636355
33750000	33799999	0.5102940475	0.8121127229727272	-0.3018186754727272
33800000	33849999	0.5022994790363635	0.8121127229727272	-0.30981324393636367
33850000	33899999	0.5217273075272726	0.8121127229727272	-0.2903854154454546
33900000	33949999	0.5305920679090909	0.8121127229727272	-0.2815206550636363
33950000	33999999	0.5629534458545453	0.8121127229727272	-0.24915927711818187
34000000	34049999	0.5526898228999999	0.8121127229727272	-0.2594229000727273
34050000	34099999	0.5489019348363635	0.8121127229727272	-0.26321078813636367
34100000	34149999	0.5432532086454545	0.8121127229727272	-0.26885951432727273
34150000	34199999	0.5531028100727273	0.8121127229727272	-0.25900991289999986
34200000	34249999	0.5773632891363636	0.8121127229727272	-0.2347494338363636
34250000	34299999	0.6073192395272726	0.8121127229727272	-0.20479348344545456
34300000	34349999	0.6239988228545453	0.8121127229727272	-0.18811390011818185
34350000	34399999	0.6368677717181818	0.8121127229727272	-0.17524495125454542
34400000	34449999	0.6392198362999999	0.8121127229727272	-0.1728928866727273
34450000	34499999	0.6384585814999999	0.8121127229727272	-0.17365414147272729
34500000	34549999	0.5938724355272726	0.8121127229727272	-0.21824028744545454
34550000	34599999	0.6040049313181818	0.8121127229727272	-0.2081077916545454
34600000	34649999	0.6100114989181817	0.8121127229727272	-0.20210122405454545
34650000	34699999	0.6356005696727272	0.8121127229727272	-0.17651215330000003
34700000	34749999	0.6387189585454545	0.8121127229727272	-0.17339376442727272
34750000	34799999	0.6265628353272726	0.8121127229727272	-0.18554988764545455
34800000	34849999	0.6108889979181817	0.8121127229727272	-0.20122372505454544
34850000	34899999	0.5918104974727272	0.8121127229727272	-0.2203022255
34900000	34949999	0.5881490701363635	0.8121127229727272	-0.22396365283636366
34950000	34999999	0.5761284074545454	0.8121127229727272	-0.23598431551818178
35000000	35049999	0.580723138390909	0.8121127229727272	-0.23138958458181813
35050000	35099999	0.6042813981999999	0.8121127229727272	-0.20783132477272726
35100000	35149999	0.578062216890909	0.8121127229727272	-0.2340505060818182
35150000	35199999	0.5701559664454545	0.8121127229727272	-0.24195675652727267
35200000	35249999	0.5532800566181817	0.8121127229727272	-0.2588326663545455
35250000	35299999	0.5594381065999999	0.8121127229727272	-0.25267461637272726
35300000	35349999	0.554949611481818	0.8121127229727272	-0.2571631114909092
35350000	35399999	0.5622702445272727	0.8121127229727272	-0.24984247844545449
35400000	35449999	0.5595195537636364	0.8121127229727272	-0.2525931692090908
35450000	35499999	0.5580955744454544	0.8121127229727272	-0.25401714852727275
35500000	35549999	0.5425475301999999	0.8121127229727272	-0.2695651927727273
35550000	35599999	0.5271313445272727	0.8121127229727272	-0.28498137844545446
35600000	35649999	0.5122039130636362	0.8121127229727272	-0.29990880990909097
35650000	35699999	0.5162775617272726	0.8121127229727272	-0.2958351612454546
35700000	35749999	0.5179419924090909	0.8121127229727272	-0.2941707305636363
35750000	35799999	0.5412031350272726	0.8121127229727272	-0.2709095879454546
35800000	35849999	0.5180603755	0.8121127229727272	-0.29405234747272724
35850000	35899999	0.5236328569272726	0.8121127229727272	-0.2884798660454546
35900000	35949999	0.5093225549909091	0.8121127229727272	-0.3027901679818181
35950000	35999999	0.5059380128181818	0.8121127229727272	-0.30617471015454534
36000000	36049999	0.5007169692363636	0.8121127229727272	-0.31139575373636363
36050000	36099999	0.4969695899454544	0.8121127229727272	-0.31514313302727276
36100000	36149999	0.49598144701818175	0.8121127229727272	-0.31613127595454543
36150000	36199999	0.5013387916909091	0.8121127229727272	-0.31077393128181807
36200000	36249999	0.5215808391999999	0.8121127229727272	-0.2905318837727273
36250000	36299999	0.5271351574818182	0.8121127229727272	-0.284977565490909
36300000	36349999	0.5223527613181818	0.8121127229727272	-0.28975996165454543
36350000	36399999	0.5421811329363635	0.8121127229727272	-0.2699315900363637
36400000	36449999	0.5534148646636363	0.8121127229727272	-0.25869785830909087
36450000	36499999	0.5803842658181817	0.8121127229727272	-0.2317284571545455
36500000	36549999	0.6073364956363636	0.8121127229727272	-0.20477622733636358
36550000	36599999	0.6316839571363636	0.8121127229727272	-0.18042876583636358
36600000	36649999	0.6463416686090908	0.8121127229727272	-0.16577105436363637
36650000	36699999	0.661724571490909	0.8121127229727272	-0.15038815148181817
36700000	36749999	0.6678805003272726	0.8121127229727272	-0.14423222264545454
36750000	36799999	0.6725125326363636	0.8121127229727272	-0.13960019033636362
36800000	36849999	0.6773220260181818	0.8121127229727272	-0.13479069695454537
36850000	36899999	0.6798853025454545	0.8121127229727272	-0.13222742042727265
36900000	36949999	0.6808153859999999	0.8121127229727272	-0.13129733697272727
36950000	36999999	0.6945901805818181	0.8121127229727272	-0.11752254239090909
37000000	37049999	0.6884584053272726	0.8121127229727272	-0.12365431764545454
37050000	37099999	0.6820039938818181	0.8121127229727272	-0.1301087290909091
37100000	37149999	0.6705483579727272	0.8121127229727272	-0.14156436500000003
37150000	37199999	0.6963457094999999	0.8121127229727272	-0.11576701347272733
37200000	37249999	0.7322628733454545	0.8121127229727272	-0.0798498496272727
37250000	37299999	0.7533170938818181	0.8121127229727272	-0.058795629090909074
37300000	37349999	0.760434536590909	0.8121127229727272	-0.0516781863818182
37350000	37399999	0.8102750499545454	0.8121127229727272	-0.001837673018181829
37400000	37449999	0.8392242818090908	0.8121127229727272	0.027111558836363625
37450000	37499999	0.8842770900636363	0.8121127229727272	0.07216436709090912
37500000	37549999	0.8960777049454545	0.8121127229727272	0.08396498197272728
37550000	37599999	0.9091202051454544	0.8121127229727272	0.09700748217272726
37600000	37649999	0.9401125206999998	0.8121127229727272	0.12799979772727266
37650000	37699999	0.9969198265090908	0.8121127229727272	0.18480710353636365
37700000	37749999	1.019977824	0.8121127229727272	0.20786510102727274
37750000	37799999	1.0234146685545453	0.8121127229727272	0.21130194558181814
37800000	37849999	1.045488247990909	0.8121127229727272	0.2333755250181817
37850000	37899999	1.0781837392090907	0.8121127229727272	0.26607101623636353
37900000	37949999	1.0940288840636363	0.8121127229727272	0.2819161610909091
37950000	37999999	1.1073914778454543	0.8121127229727272	0.29527875487272714
38000000	38049999	1.0870771923363636	0.8121127229727272	0.2749644693636364
38050000	38099999	1.0720073005545454	0.8121127229727272	0.2598945775818182
38100000	38149999	1.0522473410363635	0.8121127229727272	0.24013461806363634
38150000	38199999	1.0282997322363636	0.8121127229727272	0.21618700926363643
38200000	38249999	0.9803988099363635	0.8121127229727272	0.16828608696363634
38250000	38299999	0.9475591598363635	0.8121127229727272	0.13544643686363633
38300000	38349999	0.9291074415545454	0.8121127229727272	0.1169947185818182
38350000	38399999	0.9069281731454545	0.8121127229727272	0.0948154501727273
38400000	38449999	0.9137428660999999	0.8121127229727272	0.1016301431272727
38450000	38499999	0.8832873042636363	0.8121127229727272	0.07117458129090914
38500000	38549999	0.8629493076545454	0.8121127229727272	0.050836584681818175
38550000	38599999	0.8632548679727272	0.8121127229727272	0.05114214500000003
38600000	38649999	0.9109015172090908	0.8121127229727272	0.09878879423636366
38650000	38699999	0.9730670478818181	0.8121127229727272	0.1609543249090909
38700000	38749999	1.0148806807090909	0.8121127229727272	0.2027679577363637
38750000	38799999	1.0383562199454546	0.8121127229727272	0.2262434969727274
38800000	38849999	1.058487213690909	0.8121127229727272	0.24637449071818174
38850000	38899999	1.0871255254090908	0.8121127229727272	0.2750128024363636
38900000	38949999	1.0777413109454543	0.8121127229727272	0.26562858797272715
38950000	38999999	1.0575510182818182	0.8121127229727272	0.245438295309091
39000000	39049999	0.9873852442	0.8121127229727272	0.17527252122727277
39050000	39099999	0.928276039590909	0.8121127229727272	0.1161633166181818
39100000	39149999	0.8971540456454544	0.8121127229727272	0.08504132267272724
39150000	39199999	0.8757789365090908	0.8121127229727272	0.06366621353636359
39200000	39249999	0.8368739147272727	0.8121127229727272	0.024761191754545497
39250000	39299999	0.8196164962636363	0.8121127229727272	0.0075037732909091215
39300000	39349999	0.8092050296454545	0.8121127229727272	-0.002907693327272698
39350000	39399999	0.8112672879181817	0.8121127229727272	-0.0008454350545454847
39400000	39449999	0.7851433205727272	0.8121127229727272	-0.02696940240000001
39450000	39499999	0.7794236159818181	0.8121127229727272	-0.0326891069909091
39500000	39549999	0.7745694972999999	0.8121127229727272	-0.037543225672727276
39550000	39599999	0.8245493089090908	0.8121127229727272	0.012436585936363653
39600000	39649999	0.8654906039181818	0.8121127229727272	0.05337788094545459
39650000	39699999	0.8703311666545454	0.8121127229727272	0.058218443681818166
39700000	39749999	0.8365168804727272	0.8121127229727272	0.024404157500000023
39750000	39799999	0.8199597662818181	0.8121127229727272	0.007847043309090918
39800000	39849999	0.8233421293363635	0.8121127229727272	0.01122940636363634
39850000	39899999	0.8467894001272727	0.8121127229727272	0.03467667715454548
39900000	39949999	0.8396318896454544	0.8121127229727272	0.027519166672727247
39950000	39999999	0.8212685446909089	0.8121127229727272	0.009155821718181745
40000000	40049999	0.8070490162181817	0.8121127229727272	-0.005063706754545483
40050000	40099999	0.7809245268090907	0.8121127229727272	-0.03118819616363644
40100000	40149999	0.7659349875454544	0.8121127229727272	-0.04617773542727277
40150000	40199999	0.7941599806454545	0.8121127229727272	-0.01795274232727273
40200000	40249999	0.8264508745181817	0.8121127229727272	0.01433815154545448
40250000	40299999	0.8452661235090908	0.8121127229727272	0.03315340053636362
40300000	40349999	0.8392407633181818	0.8121127229727272	0.027128040345454574
40350000	40399999	0.820978709590909	0.8121127229727272	0.008865986618181831
40400000	40449999	0.7829131152636363	0.8121127229727272	-0.029199607709090913
40450000	40499999	0.7568577556999999	0.8121127229727272	-0.05525496727272727
40500000	40549999	0.740970551981818	0.8121127229727272	-0.07114217099090914
40550000	40599999	0.7484141609363635	0.8121127229727272	-0.0636985620363637
40600000	40649999	0.7445149604363636	0.8121127229727272	-0.06759776253636363
40650000	40699999	0.7586642680636363	0.8121127229727272	-0.05344845490909089
40700000	40749999	0.7352482374727272	0.8121127229727272	-0.07686448550000002
40750000	40799999	0.7171468041454545	0.8121127229727272	-0.09496591882727268
40800000	40849999	0.6988722076181817	0.8121127229727272	-0.11324051535454549
40850000	40899999	0.6941526062636363	0.8121127229727272	-0.1179601167090909
40900000	40949999	0.6763696131909089	0.8121127229727272	-0.13574310978181825
40950000	40999999	0.7097433095090908	0.8121127229727272	-0.10236941346363637
41000000	41049999	0.740588469590909	0.8121127229727272	-0.07152425338181823
41050000	41099999	0.7892441569272727	0.8121127229727272	-0.022868566045454508
41100000	41149999	0.8244231995545453	0.8121127229727272	0.012310476581818164
41150000	41199999	0.8544157056181817	0.8121127229727272	0.04230298264545451
41200000	41249999	0.8518665331636363	0.8121127229727272	0.03975381019090907
41250000	41299999	0.8526646137090909	0.8121127229727272	0.04055189073636367
41300000	41349999	0.859145612590909	0.8121127229727272	0.04703288961818186
41350000	41399999	0.8814429893363636	0.8121127229727272	0.06933026636363637
41400000	41449999	0.9265008452090908	0.8121127229727272	0.11438812223636363
41450000	41499999	0.9521571956454544	0.8121127229727272	0.14004447267272724
41500000	41549999	0.920620720890909	0.8121127229727272	0.10850799791818178
41550000	41599999	0.9627898527363636	0.8121127229727272	0.15067712976363645
41600000	41649999	1.0026482421818181	0.8121127229727272	0.19053551920909095
41650000	41699999	0.9972980526636364	0.8121127229727272	0.18518532969090917
41700000	41749999	0.9955443725636363	0.8121127229727272	0.18343164959090907
41750000	41799999	1.0171855891727273	0.8121127229727272	0.2050728662000001
41800000	41849999	1.0404239471454544	0.8121127229727272	0.2283112241727272
41850000	41899999	1.0451295201727273	0.8121127229727272	0.23301679720000013
41900000	41949999	1.0259803995999999	0.8121127229727272	0.21386767662727268
41950000	41999999	1.0060893610181818	0.8121127229727272	0.19397663804545462
42000000	42049999	0.9960404973454544	0.8121127229727272	0.18392777437272723
42050000	42099999	1.0066718908636363	0.8121127229727272	0.1945591678909091
42100000	42149999	0.9558603085999999	0.8121127229727272	0.14374758562727274
42150000	42199999	0.9128753900545454	0.8121127229727272	0.10076266708181825
42200000	42249999	0.8958523482818181	0.8121127229727272	0.08373962530909096
42250000	42299999	0.8950429725727272	0.8121127229727272	0.08293024960000006
42300000	42349999	0.8782159312727272	0.8121127229727272	0.06610320830000005
42350000	42399999	0.8754679741181817	0.8121127229727272	0.06335525114545448
42400000	42449999	0.8762753194272727	0.8121127229727272	0.06416259645454547
42450000	42499999	0.8977776100727272	0.8121127229727272	0.08566488709999998
42500000	42549999	0.8817542558909091	0.8121127229727272	0.06964153291818187
42550000	42599999	0.8919623309454545	0.8121127229727272	0.07984960797272733
42600000	42649999	0.8928919051272727	0.8121127229727272	0.08077918215454549
42650000	42699999	0.9014276575818181	0.8121127229727272	0.0893149346090909
42700000	42749999	0.8707308443999999	0.8121127229727272	0.05861812142727274
42750000	42799999	0.8684716416090908	0.8121127229727272	0.056358918636363664
42800000	42849999	0.8758332208999999	0.8121127229727272	0.06372049792727275
42850000	42899999	0.8374608955818181	0.8121127229727272	0.025348172609090946
42900000	42949999	0.8182459720090909	0.8121127229727272	0.006133249036363697
42950000	42999999	0.7928466455090908	0.8121127229727272	-0.0192660774636364
43000000	43049999	0.7458116107272726	0.8121127229727272	-0.06630111224545454
43050000	43099999	0.7345925995727272	0.8121127229727272	-0.07752012340000003
43100000	43149999	0.686875620290909	0.8121127229727272	-0.1252371026818182
43150000	43199999	0.6225353554999999	0.8121127229727272	-0.18957736747272724
43200000	43249999	0.5485310063727271	0.8121127229727272	-0.26358171660000007
43250000	43299999	0.49944325439090903	0.8121127229727272	-0.31266946858181816
43300000	43349999	0.44904897242727265	0.8121127229727272	-0.36306375054545453
43350000	43399999	0.37118363536363636	0.8121127229727272	-0.44092908760909083
43400000	43449999	0.3535347555272726	0.8121127229727272	-0.4585779674454546
43450000	43499999	0.30009042417272724	0.8121127229727272	-0.5120222987999999
43500000	43549999	0.33906776731818167	0.8121127229727272	-0.4730449556545455
43550000	43599999	0.716711641990909	0.8121127229727272	-0.09540108098181821
43600000	43649999	0.7325435340454545	0.8121127229727272	-0.07956918892727272
43650000	43699999	0.7712308597090908	0.8121127229727272	-0.04088186326363641
43700000	43749999	0.8337078007636363	0.8121127229727272	0.02159507779090908
43750000	43799999	0.8959393204090909	0.8121127229727272	0.08382659743636367
43800000	43849999	0.9580750397636363	0.8121127229727272	0.1459623167909091
43850000	43899999	1.0112301470272727	0.8121127229727272	0.19911742405454547
43900000	43949999	1.0697401809727272	0.8121127229727272	0.257627458
43950000	43999999	1.1240996332181816	0.8121127229727272	0.31198691024545444
44000000	44049999	1.1810658314	0.8121127229727272	0.3689531084272728
44050000	44099999	1.157184740190909	0.8121127229727272	0.3450720172181818
44100000	44149999	0.8121127229727272	0.8121127229727272	0.0
44150000	44199999	0.8121127229727272	0.8121127229727272	0.0
44200000	44249999	0.8121127229727272	0.8121127229727272	0.0
44250000	44299999	0.8121127229727272	0.8121127229727272	0.0
44300000	44349999	0.8121127229727272	0.8121127229727272	0.0
44350000	44399999	0.8121127229727272	0.8121127229727272	0.0
44400000	44449999	0.8121127229727272	0.8121127229727272	0.0
44450000	44499999	0.8121127229727272	0.8121127229727272	0.0
44500000	44549999	0.8121127229727272	0.8121127229727272	0.0
44550000	44599999	0.8121127229727272	0.8121127229727272	0.0
44600000	44649999	0.8121127229727272	0.8121127229727272	0.0
44650000	44699999	0.8121127229727272	0.8121127229727272	0.0
44700000	44749999	0.8121127229727272	0.8121127229727272	0.0
44750000	44799999	0.8121127229727272	0.8121127229727272	0.0
44800000	44849999	0.8121127229727272	0.8121127229727272	0.0
44850000	44899999	0.8121127229727272	0.8121127229727272	0.0
44900000	44949999	0.8121127229727272	0.8121127229727272	0.0
44950000	44999999	0.8121127229727272	0.8121127229727272	0.0
45000000	45049999	0.8121127229727272	0.8121127229727272	0.0
45050000	45099999	0.8121127229727272	0.8121127229727272	0.0
45100000	45149999	0.8121127229727272	0.8121127229727272	0.0
45150000	45199999	0.8121127229727272	0.8121127229727272	0.0
45200000	45249999	0.8121127229727272	0.8121127229727272	0.0
45250000	45299999	0.8121127229727272	0.8121127229727272	0.0
45300000	45349999	0.8121127229727272	0.8121127229727272	0.0
45350000	45399999	0.8121127229727272	0.8121127229727272	0.0
45400000	45449999	0.8121127229727272	0.8121127229727272	0.0
45450000	45499999	0.8121127229727272	0.8121127229727272	0.0
45500000	45549999	0.8121127229727272	0.8121127229727272	0.0
45550000	45599999	0.8121127229727272	0.8121127229727272	0.0
45600000	45649999	0.8121127229727272	0.8121127229727272	0.0
45650000	45699999	0.8121127229727272	0.8121127229727272	0.0
45700000	45749999	0.8121127229727272	0.8121127229727272	0.0
45750000	45799999	0.8121127229727272	0.8121127229727272	0.0
45800000	45849999	0.8121127229727272	0.8121127229727272	0.0
45850000	45899999	0.8121127229727272	0.8121127229727272	0.0
45900000	45949999	0.8121127229727272	0.8121127229727272	0.0
45950000	45999999	0.8121127229727272	0.8121127229727272	0.0
46000000	46049999	0.8121127229727272	0.8121127229727272	0.0
46050000	46099999	0.8121127229727272	0.8121127229727272	0.0
46100000	46149999	0.8121127229727272	0.8121127229727272	0.0
46150000	46199999	0.8121127229727272	0.8121127229727272	0.0
46200000	46249999	0.8121127229727272	0.8121127229727272	0.0
46250000	46299999	0.8121127229727272	0.8121127229727272	0.0
46300000	46349999	0.8121127229727272	0.8121127229727272	0.0
46350000	46399999	0.8121127229727272	0.8121127229727272	0.0
46400000	46449999	0.8121127229727272	0.8121127229727272	0.0
46450000	46499999	0.8121127229727272	0.8121127229727272	0.0
46500000	46549999	0.8121127229727272	0.8121127229727272	0.0
46550000	46599999	0.8441722620818181	0.8121127229727272	0.03205953910909087
46600000	46649999	0.9027844675818181	0.8121127229727272	0.09067174460909089
46650000	46699999	0.8415781478727272	0.8121127229727272	0.029465424900000037
46700000	46749999	0.7913832797454544	0.8121127229727272	-0.02072944322727277
46750000	46799999	0.7256195608999999	0.8121127229727272	-0.08649316207272728
46800000	46849999	0.6527556181727272	0.8121127229727272	-0.15935710479999998
46850000	46899999	0.6011462107	0.8121127229727272	-0.21096651227272722
46900000	46949999	0.5390432217818181	0.8121127229727272	-0.2730695011909091
46950000	46999999	0.4683647878454545	0.8121127229727272	-0.3437479351272727
47000000	47049999	0.39944524410909077	0.8121127229727272	-0.4126674788636364
47050000	47099999	0.3378032233545453	0.8121127229727272	-0.47430949961818186
47100000	47149999	0.2414128189999999	0.8121127229727272	-0.5706999039727273
47150000	47199999	0.14098572636363627	0.8121127229727272	-0.6711269966090909
47200000	47249999	0.18976849480000002	0.8121127229727272	-0.6223442281727272
47250000	47299999	0.23457619111818173	0.8121127229727272	-0.5775365318545455
47300000	47349999	0.2703430482818182	0.8121127229727272	-0.541769674690909
47350000	47399999	0.3489126405999999	0.8121127229727272	-0.4632000823727273
47400000	47449999	0.3834742946454545	0.8121127229727272	-0.42863842832727267
47450000	47499999	0.4131403349454545	0.8121127229727272	-0.3989723880272727
47500000	47549999	0.43914045176363636	0.8121127229727272	-0.3729722712090908
47550000	47599999	0.47450984354545445	0.8121127229727272	-0.33760287942727274
47600000	47649999	0.5257856439545454	0.8121127229727272	-0.2863270790181818
47650000	47699999	0.5797199338636363	0.8121127229727272	-0.2323927891090909
47700000	47749999	0.6177553788181818	0.8121127229727272	-0.19435734415454542
47750000	47799999	0.6266916021	0.8121127229727272	-0.18542112087272722
47800000	47849999	0.6288562551636363	0.8121127229727272	-0.18325646780909088
47850000	47899999	0.6882307378545454	0.8121127229727272	-0.12388198511818183
47900000	47949999	0.6477111573181817	0.8121127229727272	-0.16440156565454545
47950000	47999999	0.6441453630636362	0.8121127229727272	-0.16796735990909095
48000000	48049999	0.6827101509999999	0.8121127229727272	-0.1294025719727273
48050000	48099999	0.7383588260545454	0.8121127229727272	-0.0737538969181818
48100000	48149999	0.7933134675454545	0.8121127229727272	-0.018799255427272676
48150000	48199999	0.8320458953	0.8121127229727272	0.019933172327272763
48200000	48249999	0.8558049524090908	0.8121127229727272	0.04369222943636364
48250000	48299999	0.8691114527818181	0.8121127229727272	0.05699872980909093
48300000	48349999	0.8901138648181817	0.8121127229727272	0.07800114184545448
48350000	48399999	0.8849715219454545	0.8121127229727272	0.07285879897272729
48400000	48449999	0.855141214881818	0.8121127229727272	0.04302849190909086
48450000	48499999	0.9094410287636363	0.8121127229727272	0.09732830579090912
48500000	48549999	0.9359561941272726	0.8121127229727272	0.12384347115454541
48550000	48599999	0.928038212181818	0.8121127229727272	0.11592548920909085
48600000	48649999	0.9114890712272726	0.8121127229727272	0.09937634825454544
48650000	48699999	0.8915319583909089	0.8121127229727272	0.07941923541818174
48700000	48749999	0.8738878374818181	0.8121127229727272	0.0617751145090909
48750000	48799999	0.8568955786636362	0.8121127229727272	0.04478285569090901
48800000	48849999	0.8430070618363635	0.8121127229727272	0.03089433886363635
48850000	48899999	0.8150996135545453	0.8121127229727272	0.0029868905818181135
48900000	48949999	0.7932673618181817	0.8121127229727272	-0.018845361154545492
48950000	48999999	0.7796187748818181	0.8121127229727272	-0.03249394809090911
49000000	49049999	0.751824638881818	0.8121127229727272	-0.06028808409090913
49050000	49099999	0.7260393765636363	0.8121127229727272	-0.08607334640909092
49100000	49149999	0.7085411813818181	0.8121127229727272	-0.10357154159090909
49150000	49199999	0.684756546090909	0.8121127229727272	-0.12735617688181822
49200000	49249999	0.6590190732636363	0.8121127229727272	-0.1530936497090909
49250000	49299999	0.6292082192090909	0.8121127229727272	-0.18290450376363632
49300000	49349999	0.6167739707181817	0.8121127229727272	-0.19533875225454544
49350000	49399999	0.5893254496181818	0.8121127229727272	-0.2227872733545454
49400000	49449999	0.5858168524545453	0.8121127229727272	-0.2262958705181819
49450000	49499999	0.585210732190909	0.8121127229727272	-0.22690199078181816
49500000	49549999	0.588455105990909	0.8121127229727272	-0.22365761698181819
49550000	49599999	0.6039052499454545	0.8121127229727272	-0.20820747302727272
49600000	49649999	0.6129678206636363	0.8121127229727272	-0.19914490230909088
49650000	49699999	0.6535327405636363	0.8121127229727272	-0.15857998240909088
49700000	49749999	0.7010573750818181	0.8121127229727272	-0.1110553478909091
49750000	49799999	0.7658624925636363	0.8121127229727272	-0.04625023040909093
49800000	49849999	0.8302110553636363	0.8121127229727272	0.018098332390909078
49850000	49899999	0.8817130732636362	0.8121127229727272	0.06960035029090905
49900000	49949999	0.9336420089363635	0.8121127229727272	0.12152928596363632
49950000	49999999	0.9509840742636363	0.8121127229727272	0.1388713512909091
50000000	50049999	1.0132779118272726	0.8121127229727272	0.20116518885454537
50050000	50099999	1.0027020908181818	0.8121127229727272	0.19058936784545466
50100000	50149999	0.9734909043454545	0.8121127229727272	0.1613781813727273
50150000	50199999	0.9719434965727272	0.8121127229727272	0.15983077359999998
50200000	50249999	0.9284833786	0.8121127229727272	0.11637065562727278
50250000	50299999	0.8900286570545454	0.8121127229727272	0.07791593408181818
50300000	50349999	0.8224113718454544	0.8121127229727272	0.010298648872727245
50350000	50399999	0.7614165280545454	0.8121127229727272	-0.05069619491818178
50400000	50449999	0.6963534300545453	0.8121127229727272	-0.11575929291818188
50450000	50499999	0.6654616991090908	0.8121127229727272	-0.14665102386363638
50500000	50549999	0.6334013057090908	0.8121127229727272	-0.17871141726363637
50550000	50599999	0.5956798475636362	0.8121127229727272	-0.21643287540909095
50600000	50649999	0.5973355767999999	0.8121127229727272	-0.21477714617272725
50650000	50699999	0.6132877527818181	0.8121127229727272	-0.19882497019090906
50700000	50749999	0.6201034160727272	0.8121127229727272	-0.19200930689999995
50750000	50799999	0.6088440353363636	0.8121127229727272	-0.20326868763636363
50800000	50849999	0.6109853298727272	0.8121127229727272	-0.20112739309999994
50850000	50899999	0.6196212796454544	0.8121127229727272	-0.19249144332727275
50900000	50949999	0.6289959569909089	0.8121127229727272	-0.18311676598181825
50950000	50999999	0.6454151459363635	0.8121127229727272	-0.16669757703636368
51000000	51049999	0.6349776036636363	0.8121127229727272	-0.17713511930909087
51050000	51099999	0.6475090269454544	0.8121127229727272	-0.16460369602727276
51100000	51149999	0.619936544781818	0.8121127229727272	-0.19217617819090915
51150000	51199999	0.6260989051090908	0.8121127229727272	-0.18601381786363635
51200000	51249999	0.6181548487999999	0.8121127229727272	-0.19395787417272725
51250000	51299999	0.6069077314363636	0.8121127229727272	-0.20520499153636362
51300000	51349999	0.6194926448636362	0.8121127229727272	-0.192620078109091
51350000	51399999	0.6262142865181817	0.8121127229727272	-0.1858984364545455
51400000	51449999	0.6277445895909091	0.8121127229727272	-0.18436813338181812
51450000	51499999	0.6185961673363636	0.8121127229727272	-0.1935165556363636
51500000	51549999	0.6215185191363636	0.8121127229727272	-0.1905942038363636
51550000	51599999	0.6350533686999998	0.8121127229727272	-0.17705935427272734
51600000	51649999	0.6203796774636363	0.8121127229727272	-0.19173304550909087
51650000	51699999	0.6325311570090908	0.8121127229727272	-0.1795815659636364
51700000	51749999	0.6306463175272726	0.8121127229727272	-0.18146640544545456
51750000	51799999	0.6269021444454544	0.8121127229727272	-0.18521057852727274
51800000	51849999	0.6105598305999999	0.8121127229727272	-0.20155289237272733
51850000	51899999	0.6204069192727272	0.8121127229727272	-0.1917058037
51900000	51949999	0.6115968676636363	0.8121127229727272	-0.20051585530909088
51950000	51999999	0.5937971759999998	0.8121127229727272	-0.21831554697272737
52000000	52049999	0.5722476280545453	0.8121127229727272	-0.23986509491818186
52050000	52099999	0.5505393643545453	0.8121127229727272	-0.2615733586181819
52100000	52149999	0.5306209047181818	0.8121127229727272	-0.2814918182545454
52150000	52199999	0.5198168663909091	0.8121127229727272	-0.2922958565818181
52200000	52249999	0.5333748164181817	0.8121127229727272	-0.27873790655454544
52250000	52299999	0.5312317202636362	0.8121127229727272	-0.280881002709091
52300000	52349999	0.5213873760454544	0.8121127229727272	-0.2907253469272728
52350000	52399999	0.5267327608363634	0.8121127229727272	-0.28537996213636374
52400000	52449999	0.5069297044999999	0.8121127229727272	-0.30518301847272733
52450000	52499999	0.5234237825727273	0.8121127229727272	-0.2886889403999999
52500000	52549999	0.5993511352272727	0.8121127229727272	-0.2127615877454545
52550000	52599999	0.6372294552636363	0.8121127229727272	-0.1748832677090909
52600000	52649999	0.6563598167090908	0.8121127229727272	-0.15575290626363636
52650000	52699999	0.6667080736181817	0.8121127229727272	-0.14540464935454545
52700000	52749999	0.6834073361454545	0.8121127229727272	-0.12870538682727273
52750000	52799999	0.6790378130909089	0.8121127229727272	-0.13307490988181825
52800000	52849999	0.6868395724272727	0.8121127229727272	-0.12527315054545451
52850000	52899999	0.7011722524272727	0.8121127229727272	-0.11094047054545453
52900000	52949999	0.7310451586181818	0.8121127229727272	-0.08106756435454543
52950000	52999999	0.7478030298818181	0.8121127229727272	-0.06430969309090906
53000000	53049999	0.7370923698090908	0.8121127229727272	-0.07502035316363642
53050000	53099999	0.674239542590909	0.8121127229727272	-0.13787318038181817
53100000	53149999	0.6698360583999999	0.8121127229727272	-0.14227666457272725
53150000	53199999	0.6676361774181817	0.8121127229727272	-0.14447654555454548
53200000	53249999	0.6587081257454545	0.8121127229727272	-0.15340459722727273
53250000	53299999	0.702607783990909	0.8121127229727272	-0.10950493898181823
53300000	53349999	0.793008335990909	0.8121127229727272	-0.019104386981818156
53350000	53399999	0.8132253900181817	0.8121127229727272	0.0011126670454545406
53400000	53449999	0.8150127450181818	0.8121127229727272	0.0029000220454545866
53450000	53499999	0.796168372381818	0.8121127229727272	-0.01594435059090915
53500000	53549999	0.7925712035545454	0.8121127229727272	-0.01954151941818183
53550000	53599999	0.8016112011181817	0.8121127229727272	-0.010501521854545448
53600000	53649999	0.7884349504272726	0.8121127229727272	-0.023677772545454556
53650000	53699999	0.7827861079181817	0.8121127229727272	-0.02932661505454548
53700000	53749999	0.7798377086636362	0.8121127229727272	-0.032275014309090966
53750000	53799999	0.7935644428999999	0.8121127229727272	-0.01854828007272724
53800000	53849999	0.7684637472545454	0.8121127229727272	-0.043648975718181826
53850000	53899999	0.6766262730181817	0.8121127229727272	-0.1354864499545455
53900000	53949999	0.653281373781818	0.8121127229727272	-0.15883134919090913
53950000	53999999	0.6635542585181817	0.8121127229727272	-0.14855846445454546
54000000	54049999	0.6723110375454544	0.8121127229727272	-0.13980168542727278
54050000	54099999	0.6752347926545453	0.8121127229727272	-0.13687793031818185
54100000	54149999	0.6651367893818181	0.8121127229727272	-0.1469759335909091
54150000	54199999	0.692677808690909	0.8121127229727272	-0.11943491428181818
54200000	54249999	0.7044389108636363	0.8121127229727272	-0.10767381210909088
54250000	54299999	0.6989572569090908	0.8121127229727272	-0.11315546606363636
54300000	54349999	0.7005537687999999	0.8121127229727272	-0.11155895417272732
54350000	54399999	0.7058658917363636	0.8121127229727272	-0.10624683123636358
54400000	54449999	0.734594329990909	0.8121127229727272	-0.07751839298181817
54450000	54499999	0.7792992968727271	0.8121127229727272	-0.03281342610000004
54500000	54549999	0.7866419832818181	0.8121127229727272	-0.025470739690909072
54550000	54599999	0.8155637621636362	0.8121127229727272	0.0034510391909090554
54600000	54649999	0.8498327677636363	0.8121127229727272	0.03772004479090907
54650000	54699999	0.8903439211090909	0.8121127229727272	0.0782311981363637
54700000	54749999	0.9162168145545454	0.8121127229727272	0.10410409158181821
54750000	54799999	0.9264023766272727	0.8121127229727272	0.11428965365454546
54800000	54849999	0.964155269281818	0.8121127229727272	0.15204254630909086
54850000	54899999	0.9888816350090908	0.8121127229727272	0.17676891203636358
54900000	54949999	0.9906772276454545	0.8121127229727272	0.17856450467272733
54950000	54999999	0.9800148574545453	0.8121127229727272	0.16790213448181812
55000000	55049999	0.946739186290909	0.8121127229727272	0.13462646331818184
55050000	55099999	0.9345498147636363	0.8121127229727272	0.12243709179090911
55100000	55149999	0.892421175	0.8121127229727272	0.08030845202727277
55150000	55199999	0.8843769445636362	0.8121127229727272	0.07226422159090906
55200000	55249999	0.8467695400454545	0.8121127229727272	0.034656817072727275
55250000	55299999	0.8093391860363636	0.8121127229727272	-0.0027735369363636186
55300000	55349999	0.799638996090909	0.8121127229727272	-0.012473726881818137
55350000	55399999	0.7699283599272727	0.8121127229727272	-0.042184363045454476
55400000	55449999	0.7445454855454545	0.8121127229727272	-0.06756723742727266
55450000	55499999	0.7471256025545454	0.8121127229727272	-0.06498712041818178
55500000	55549999	0.7102214658454544	0.8121127229727272	-0.10189125712727276
55550000	55599999	0.6989887525818181	0.8121127229727272	-0.11312397039090905
55600000	55649999	0.6823972528454545	0.8121127229727272	-0.1297154701272727
55650000	55699999	0.6866278815818181	0.8121127229727272	-0.1254848413909091
55700000	55749999	0.6480368538818181	0.8121127229727272	-0.1640758690909091
55750000	55799999	0.6320355355909091	0.8121127229727272	-0.1800771873818181
55800000	55849999	0.6452623246727271	0.8121127229727272	-0.16685039830000004
55850000	55899999	0.6194202616	0.8121127229727272	-0.19269246137272722
55900000	55949999	0.6317119959636363	0.8121127229727272	-0.18040072700909093
55950000	55999999	0.6425692026363636	0.8121127229727272	-0.16954352033636355
56000000	56049999	0.6259950048636362	0.8121127229727272	-0.18611771810909095
56050000	56099999	0.6572241145454545	0.8121127229727272	-0.1548886084272727
56100000	56149999	0.6506869854090909	0.8121127229727272	-0.16142573756363632
56150000	56199999	0.6796259523545454	0.8121127229727272	-0.13248677061818181
56200000	56249999	0.7064414762	0.8121127229727272	-0.10567124677272721
56250000	56299999	0.7436992449090909	0.8121127229727272	-0.06841347806363629
56300000	56349999	0.8010295967	0.8121127229727272	-0.011083126272727228
56350000	56399999	0.8548454717454544	0.8121127229727272	0.04273274877272726
56400000	56449999	0.9143943088272727	0.8121127229727272	0.1022815858545455
56450000	56499999	0.9510881135909091	0.8121127229727272	0.13897539061818187
56500000	56549999	0.9620904034090908	0.8121127229727272	0.14997768043636361
56550000	56599999	0.9912148927363635	0.8121127229727272	0.17910216976363635
56600000	56649999	1.0046858770454545	0.8121127229727272	0.19257315407272735
56650000	56699999	1.0379491713636364	0.8121127229727272	0.22583644839090922
56700000	56749999	1.0464366495363635	0.8121127229727272	0.23432392656363632
56750000	56799999	1.0455332462272726	0.8121127229727272	0.23342052325454543
56800000	56849999	1.0544292633454544	0.8121127229727272	0.2423165403727272
56850000	56899999	1.0445304270181817	0.8121127229727272	0.23241770404545448
56900000	56949999	0.9908272086818182	0.8121127229727272	0.178714485709091
56950000	56999999	0.9367686553818181	0.8121127229727272	0.1246559324090909
57000000	57049999	0.9102755813727272	0.8121127229727272	0.09816285840000005
57050000	57099999	0.8753460337363635	0.8121127229727272	0.06323331076363636
57100000	57149999	0.8503549002727272	0.8121127229727272	0.03824217730000001
57150000	57199999	0.8278049411272727	0.8121127229727272	0.015692218154545468
57200000	57249999	0.7967700424454545	0.8121127229727272	-0.015342680527272723
57250000	57299999	0.7525879435181817	0.8121127229727272	-0.059524779454545484
57300000	57349999	0.7393841757545454	0.8121127229727272	-0.07272854721818178
57350000	57399999	0.731345052690909	0.8121127229727272	-0.0807676702818182
57400000	57449999	0.7121896879999999	0.8121127229727272	-0.09992303497272725
57450000	57499999	0.7206571949999999	0.8121127229727272	-0.09145552797272727
57500000	57549999	0.71868026	0.8121127229727272	-0.09343246297272723
57550000	57599999	0.6995944319727272	0.8121127229727272	-0.11251829099999999
57600000	57649999	0.7281404027272727	0.8121127229727272	-0.08397232024545453
57650000	57699999	0.7247807852272726	0.8121127229727272	-0.08733193774545456
57700000	57749999	0.7178047972181818	0.8121127229727272	-0.09430792575454539
57750000	57799999	0.7605765256727272	0.8121127229727272	-0.05153619730000003
57800000	57849999	0.7796543428181817	0.8121127229727272	-0.032458380154545496
57850000	57899999	0.7837155449181817	0.8121127229727272	-0.028397178054545447
57900000	57949999	0.7527884875636363	0.8121127229727272	-0.05932423540909093
57950000	57999999	0.7405156057090908	0.8121127229727272	-0.07159711726363638
58000000	58049999	0.7122193635363636	0.8121127229727272	-0.09989335943636357
58050000	58099999	0.7208719270454544	0.8121127229727272	-0.09124079592727274
58100000	58149999	0.7246960811090908	0.8121127229727272	-0.0874166418636364
58150000	58199999	0.6998751422545454	0.8121127229727272	-0.1122375807181818
58200000	58249999	0.6928126803090908	0.8121127229727272	-0.11930004266363636
58250000	58299999	0.697573482190909	0.8121127229727272	-0.11453924078181821
58300000	58349999	0.6413692286090908	0.8121127229727272	-0.17074349436363634
58350000	58399999	0.6286672237363635	0.8121127229727272	-0.18344549923636366
58400000	58449999	0.6083708455999999	0.8121127229727272	-0.2037418773727273
58450000	58499999	0.6237667199090908	0.8121127229727272	-0.18834600306363636
58500000	58549999	0.6018878177999999	0.8121127229727272	-0.2102249051727273
58550000	58599999	0.6116726964818181	0.8121127229727272	-0.20044002649090908
58600000	58649999	0.6187521248999999	0.8121127229727272	-0.19336059807272732
58650000	58699999	0.6046303441999998	0.8121127229727272	-0.20748237877272735
58700000	58749999	0.6187554518727272	0.8121127229727272	-0.1933572711
58750000	58799999	0.6245538233727271	0.8121127229727272	-0.18755889960000005
58800000	58849999	0.6169692130636363	0.8121127229727272	-0.1951435099090909
58850000	58899999	0.6343410947636363	0.8121127229727272	-0.17777162820909087
58900000	58949999	0.6568235611272727	0.8121127229727272	-0.1552891618454545
58950000	58999999	0.6800491363181818	0.8121127229727272	-0.13206358665454543
59000000	59049999	0.7008913982818181	0.8121127229727272	-0.11122132469090906
59050000	59099999	0.7590952700454544	0.8121127229727272	-0.05301745292727278
59100000	59149999	0.7847669793181817	0.8121127229727272	-0.02734574365454545
59150000	59199999	0.7975180309363635	0.8121127229727272	-0.014594692036363655
59200000	59249999	0.8779950183818181	0.8121127229727272	0.06588229540909096
59250000	59299999	0.9350002860454545	0.8121127229727272	0.1228875630727273
59300000	59349999	0.9747936739181817	0.8121127229727272	0.16268095094545454
59350000	59399999	1.0330571481454545	0.8121127229727272	0.22094442517272728
59400000	59449999	1.073286467290909	0.8121127229727272	0.26117374431818186
59450000	59499999	1.114285564390909	0.8121127229727272	0.3021728414181819
59500000	59549999	1.1849365796181817	0.8121127229727272	0.3728238566454545
59550000	59599999	1.1743386980090909	0.8121127229727272	0.36222597503636367
59600000	59649999	1.1594968817	0.8121127229727272	0.3473841587272728
59650000	59699999	1.157129527290909	0.8121127229727272	0.3450168043181818
59700000	59749999	1.1592926874363636	0.8121127229727272	0.3471799644636364
59750000	59799999	1.0941158197909089	0.8121127229727272	0.2820030968181817
59800000	59849999	1.0272273092727273	0.8121127229727272	0.21511458630000013
59850000	59899999	1.0128443804545453	0.8121127229727272	0.2007316574818181
59900000	59949999	0.9671503489636363	0.8121127229727272	0.1550376259909091
59950000	59999999	0.9319150733454544	0.8121127229727272	0.11980235037272724
60000000	60049999	0.8692001831727272	0.8121127229727272	0.057087460199999995
60050000	60099999	0.8022191525999999	0.8121127229727272	-0.009893570372727312
60100000	60149999	0.7860669118818181	0.8121127229727272	-0.026045811090909088
60150000	60199999	0.7648563414272727	0.8121127229727272	-0.04725638154545453
60200000	60249999	0.7482089919545454	0.8121127229727272	-0.06390373101818181
60250000	60299999	0.761025585990909	0.8121127229727272	-0.051087136981818215
60300000	60349999	0.7846411356545454	0.8121127229727272	-0.027471587318181778
60350000	60399999	0.7992268857636362	0.8121127229727272	-0.012885837209090978
60400000	60449999	0.7896149626999999	0.8121127229727272	-0.02249776027272732
60450000	60499999	0.8083163197181817	0.8121127229727272	-0.003796403254545444
60500000	60549999	0.8062254898999999	0.8121127229727272	-0.005887233072727316
60550000	60599999	0.8321208760090908	0.8121127229727272	0.020008153036363607
60600000	60649999	0.8340250251272726	0.8121127229727272	0.021912302154545427
60650000	60699999	0.8454160269818181	0.8121127229727272	0.03330330400909087
60700000	60749999	0.8673213530636362	0.8121127229727272	0.05520863009090904
60750000	60799999	0.9008724531181818	0.8121127229727272	0.08875973014545457
60800000	60849999	0.902089897090909	0.8121127229727272	0.08997717411818185
60850000	60899999	0.9258444798545453	0.8121127229727272	0.11373175688181814
60900000	60949999	0.9498856133090908	0.8121127229727272	0.13777289033636364
60950000	60999999	0.970381928581818	0.8121127229727272	0.15826920560909086
61000000	61049999	0.9976337362363635	0.8121127229727272	0.18552101326363635
61050000	61099999	1.0030292623363635	0.8121127229727272	0.19091653936363628
61100000	61149999	1.020286944081818	0.8121127229727272	0.2081742211090909
61150000	61199999	1.0262208982090908	0.8121127229727272	0.2141081752363636
61200000	61249999	1.0316754310090908	0.8121127229727272	0.21956270803636357
61250000	61299999	1.046393964990909	0.8121127229727272	0.2342812420181819
61300000	61349999	1.0193739932545454	0.8121127229727272	0.20726127028181818
61350000	61399999	1.0146740213545453	0.8121127229727272	0.20256129838181813
61400000	61449999	0.9851792710818181	0.8121127229727272	0.17306654810909095
61450000	61499999	1.0056939802545453	0.8121127229727272	0.19358125728181808
61500000	61549999	0.993770456490909	0.8121127229727272	0.18165773351818182
61550000	61599999	0.9437153424090908	0.8121127229727272	0.13160261943636364
61600000	61649999	0.9385305704363636	0.8121127229727272	0.12641784746363638
61650000	61699999	0.9191642604363636	0.8121127229727272	0.10705153746363638
61700000	61749999	0.9219079427818181	0.8121127229727272	0.1097952198090909
61750000	61799999	0.9143012609545453	0.8121127229727272	0.10218853798181815
61800000	61849999	0.881014212890909	0.8121127229727272	0.06890148991818179
61850000	61899999	0.8884359708545454	0.8121127229727272	0.07632324788181821
61900000	61949999	0.8705328302181817	0.8121127229727272	0.058420107245454544
61950000	61999999	0.8560704670454544	0.8121127229727272	0.043957744072727234
62000000	62049999	0.8104954349090908	0.8121127229727272	-0.0016172880636363685
62050000	62099999	0.7926494370727272	0.8121127229727272	-0.019463285900000016
62100000	62149999	0.7989719342181817	0.8121127229727272	-0.013140788754545496
62150000	62199999	0.801750159190909	0.8121127229727272	-0.010362563781818213
62200000	62249999	0.7856534015727272	0.8121127229727272	-0.026459321399999958
62250000	62299999	0.8195490655090908	0.8121127229727272	0.007436342536363605
62300000	62349999	0.8962243941999999	0.8121127229727272	0.0841116712272727
62350000	62399999	0.9325105110272727	0.8121127229727272	0.12039778805454548
62400000	62449999	0.9208311350545454	0.8121127229727272	0.1087184120818182
62450000	62499999	0.9313871561818181	0.8121127229727272	0.11927443320909092
62500000	62549999	0.9415395799727272	0.8121127229727272	0.129426857
62550000	62599999	0.9723236825181817	0.8121127229727272	0.1602109595454545
62600000	62649999	0.9961451525454544	0.8121127229727272	0.18403242957272725
62650000	62699999	0.977024518581818	0.8121127229727272	0.16491179560909086
62700000	62749999	0.993864974990909	0.8121127229727272	0.1817522520181818
62750000	62799999	1.0161209737363635	0.8121127229727272	0.20400825076363627
62800000	62849999	0.9413021415090908	0.8121127229727272	0.12918941853636356
62850000	62899999	0.8575527496545453	0.8121127229727272	0.045440026681818124
62900000	62949999	0.7983404281090908	0.8121127229727272	-0.013772294863636403
62950000	62999999	0.780919108690909	0.8121127229727272	-0.031193614281818216
63000000	63049999	0.7534744224636363	0.8121127229727272	-0.05863830050909091
63050000	63099999	0.7426046482181817	0.8121127229727272	-0.06950807475454546
63100000	63149999	0.7017821590272726	0.8121127229727272	-0.1103305639454546
63150000	63199999	0.6557239910999999	0.8121127229727272	-0.15638873187272728
63200000	63249999	0.6651497199636363	0.8121127229727272	-0.14696300300909093
63250000	63299999	0.6402132288818181	0.8121127229727272	-0.1718994940909091
63300000	63349999	0.6101264104181818	0.8121127229727272	-0.20198631255454536
63350000	63399999	0.6324853446636363	0.8121127229727272	-0.17962737830909092
63400000	63449999	0.6210337512454545	0.8121127229727272	-0.19107897172727273
63450000	63499999	0.6278930346545454	0.8121127229727272	-0.1842196883181818
63500000	63549999	0.6361572070272726	0.8121127229727272	-0.17595551594545455
63550000	63599999	0.6373443768090908	0.8121127229727272	-0.17476834616363635
63600000	63649999	0.6204591929999999	0.8121127229727272	-0.19165352997272733
63650000	63699999	0.6268005836181817	0.8121127229727272	-0.1853121393545455
63700000	63749999	0.6534051211545453	0.8121127229727272	-0.1587076018181819
63750000	63799999	0.666834700490909	0.8121127229727272	-0.1452780224818182
63800000	63849999	0.6761836670454544	0.8121127229727272	-0.13592905592727278
63850000	63899999	0.7134444460272726	0.8121127229727272	-0.09866827694545455
63900000	63949999	0.6991149997454544	0.8121127229727272	-0.11299772322727275
63950000	63999999	0.6975365217545453	0.8121127229727272	-0.1145762012181819
64000000	64049999	0.7043429244454544	0.8121127229727272	-0.10776979852727275
64050000	64099999	0.6952465116090908	0.8121127229727272	-0.1168662113636364
64100000	64149999	0.6856629054545453	0.8121127229727272	-0.12644981751818185
64150000	64199999	0.6752591745727272	0.8121127229727272	-0.13685354839999997
64200000	64249999	0.6519995110818181	0.8121127229727272	-0.1601132118909091
64250000	64299999	0.6380058871545453	0.8121127229727272	-0.17410683581818187
64300000	64349999	0.6227619788272727	0.8121127229727272	-0.1893507441454545
64350000	64399999	0.6316342594363635	0.8121127229727272	-0.18047846353636365
64400000	64449999	0.5889312161090908	0.8121127229727272	-0.22318150686363636
64450000	64499999	0.5657852004818181	0.8121127229727272	-0.24632752249090906
64500000	64549999	0.589038777390909	0.8121127229727272	-0.22307394558181814
64550000	64599999	0.5785187252181818	0.8121127229727272	-0.23359399775454537
64600000	64649999	0.6014021889909089	0.8121127229727272	-0.21071053398181827
64650000	64699999	0.6134742242090908	0.8121127229727272	-0.19863849876363637
64700000	64749999	0.6271421940272726	0.8121127229727272	-0.18497052894545463
64750000	64799999	0.6335971096090909	0.8121127229727272	-0.1785156133636363
64800000	64849999	0.6241021345	0.8121127229727272	-0.18801058847272722
64850000	64899999	0.6383265946727272	0.8121127229727272	-0.17378612829999995
64900000	64949999	0.6118188955727272	0.8121127229727272	-0.2002938274
64950000	64999999	0.6180986890363636	0.8121127229727272	-0.19401403393636363
65000000	65049999	0.6288444231090908	0.8121127229727272	-0.18326829986363635
65050000	65099999	0.6015060177818181	0.8121127229727272	-0.21060670519090907
65100000	65149999	0.602153256890909	0.8121127229727272	-0.20995946608181815
65150000	65199999	0.5956668378090908	0.8121127229727272	-0.2164458851636364
65200000	65249999	0.5791607502272726	0.8121127229727272	-0.23295197274545454
65250000	65299999	0.5976573069272726	0.8121127229727272	-0.2144554160454546
65300000	65349999	0.587430228690909	0.8121127229727272	-0.2246824942818182
65350000	65399999	0.6046396483363635	0.8121127229727272	-0.20747307463636366
65400000	65449999	0.5892392616181817	0.8121127229727272	-0.22287346135454544
65450000	65499999	0.5832043846545454	0.8121127229727272	-0.2289083383181818
65500000	65549999	0.5775769426363636	0.8121127229727272	-0.23453578033636358
65550000	65599999	0.5915595300818182	0.8121127229727272	-0.22055319289090902
65600000	65649999	0.606609324690909	0.8121127229727272	-0.20550339828181818
65650000	65699999	0.6071552560090908	0.8121127229727272	-0.20495746696363637
65700000	65749999	0.5937722519454545	0.8121127229727272	-0.21834047102727272
65750000	65799999	0.5903313741181817	0.8121127229727272	-0.22178134885454548
65800000	65849999	0.5641855892181817	0.8121127229727272	-0.24792713375454545
65850000	65899999	0.5763139416363635	0.8121127229727272	-0.23579878133636367
65900000	65949999	0.5669861988999999	0.8121127229727272	-0.24512652407272728
65950000	65999999	0.5780056143454544	0.8121127229727272	-0.2341071086272728
66000000	66049999	0.5906048347636363	0.8121127229727272	-0.22150788820909084
66050000	66099999	0.5819124203363635	0.8121127229727272	-0.2302003026363637
66100000	66149999	0.5950353694454544	0.8121127229727272	-0.21707735352727275
66150000	66199999	0.6014888349454545	0.8121127229727272	-0.21062388802727272
66200000	66249999	0.6191739195454544	0.8121127229727272	-0.19293880342727276
66250000	66299999	0.6514304255909089	0.8121127229727272	-0.16068229738181827
66300000	66349999	0.6927921577090908	0.8121127229727272	-0.11932056526363644
66350000	66399999	0.7414380768	0.8121127229727272	-0.07067464617272723
66400000	66449999	0.792646170190909	0.8121127229727272	-0.01946655278181819
66450000	66499999	0.8776646536363635	0.8121127229727272	0.0655519306636363
66500000	66549999	0.8869479510454544	0.8121127229727272	0.07483522807272724
66550000	66599999	0.9136557045909091	0.8121127229727272	0.10154298161818187
66600000	66649999	0.9412506521636362	0.8121127229727272	0.12913792919090905
66650000	66699999	0.9417951272272727	0.8121127229727272	0.12968240425454547
66700000	66749999	0.9566400659181817	0.8121127229727272	0.14452734294545455
66750000	66799999	0.9873186401818181	0.8121127229727272	0.17520591720909096
66800000	66849999	0.9757856428909091	0.8121127229727272	0.1636729199181819
66850000	66899999	0.944099220690909	0.8121127229727272	0.13198649771818183
66900000	66949999	0.9148270725	0.8121127229727272	0.10271434952727276
66950000	66999999	0.8735294971545454	0.8121127229727272	0.061416774181818234
67000000	67049999	0.7946934401727273	0.8121127229727272	-0.017419282799999936
67050000	67099999	0.7907920024454544	0.8121127229727272	-0.02132072052727274
67100000	67149999	0.7872328992636363	0.8121127229727272	-0.02487982370909092
67150000	67199999	0.7825227311999999	0.8121127229727272	-0.029589991772727253
67200000	67249999	0.7953062121999999	0.8121127229727272	-0.016806510772727323
67250000	67299999	0.8123562497818181	0.8121127229727272	0.0002435268090908993
67300000	67349999	0.8121456872363635	0.8121127229727272	3.296426363630367e-05
67350000	67399999	0.8185746939727272	0.8121127229727272	0.006461971000000011
67400000	67449999	0.8471097135272726	0.8121127229727272	0.034996990554545415
67450000	67499999	0.8799945079363636	0.8121127229727272	0.0678817849636364
67500000	67549999	0.9174064804	0.8121127229727272	0.10529375742727276
67550000	67599999	0.9325141606454544	0.8121127229727272	0.12040143767272726
67600000	67649999	0.9389610227090908	0.8121127229727272	0.12684829973636358
67650000	67699999	0.9654059991272727	0.8121127229727272	0.15329327615454547
67700000	67749999	1.0156341977454544	0.8121127229727272	0.2035214747727272
67750000	67799999	1.065924134972727	0.8121127229727272	0.2538114119999999
67800000	67849999	1.0641582591363636	0.8121127229727272	0.25204553616363645
67850000	67899999	1.0595465446181818	0.8121127229727272	0.24743382164545458
67900000	67949999	1.1297800867727272	0.8121127229727272	0.31766736380000005
67950000	67999999	1.1437970620636364	0.8121127229727272	0.3316843390909092
68000000	68049999	1.1339763363636364	0.8121127229727272	0.3218636133909092
68050000	68099999	1.1137800944727272	0.8121127229727272	0.3016673715
68100000	68149999	1.1231846538727273	0.8121127229727272	0.31107193090000007
68150000	68199999	1.135020180090909	0.8121127229727272	0.3229074571181818
68200000	68249999	1.0935661945545454	0.8121127229727272	0.2814534715818182
68250000	68299999	1.0409352800727272	0.8121127229727272	0.2288225571
68300000	68349999	0.9613144553272727	0.8121127229727272	0.14920173235454548
68350000	68399999	0.9248209382090908	0.8121127229727272	0.11270821523636365
68400000	68449999	0.8985440606636363	0.8121127229727272	0.08643133769090916
68450000	68499999	0.8120136247727272	0.8121127229727272	-9.909819999998071e-05
68500000	68549999	0.7834962905090909	0.8121127229727272	-0.02861643246363632
68550000	68599999	0.7479272332818181	0.8121127229727272	-0.06418548969090909
68600000	68649999	0.7300973248272726	0.8121127229727272	-0.08201539814545455
68650000	68699999	0.7342611980363636	0.8121127229727272	-0.0778515249363636
68700000	68749999	0.7619854363636362	0.8121127229727272	-0.05012728660909094
68750000	68799999	0.7973454835818181	0.8121127229727272	-0.01476723939090907
68800000	68849999	0.8366782988181818	0.8121127229727272	0.0245655758454546
68850000	68899999	0.8538500322545454	0.8121127229727272	0.04173730928181818
68900000	68949999	0.8543121339363635	0.8121127229727272	0.04219941096363633
68950000	68999999	0.8469645692090908	0.8121127229727272	0.034851846236363615
69000000	69049999	0.8444950557454545	0.8121127229727272	0.032382332772727285
69050000	69099999	0.8279651937818181	0.8121127229727272	0.015852470809090913
69100000	69149999	0.8183576790272726	0.8121127229727272	0.0062449560545454474
69150000	69199999	0.8173795610181818	0.8121127229727272	0.0052668380454545805
69200000	69249999	0.8019476733727272	0.8121127229727272	-0.010165049599999976
69250000	69299999	0.7394308540636363	0.8121127229727272	-0.0726818689090909
69300000	69349999	0.6951102675818182	0.8121127229727272	-0.11700245539090903
69350000	69399999	0.653241012090909	0.8121127229727272	-0.15887171088181817
69400000	69449999	0.6206820020454544	0.8121127229727272	-0.19143072092727276
69450000	69499999	0.6035501893272727	0.8121127229727272	-0.20856253364545452
69500000	69549999	0.6002100318363635	0.8121127229727272	-0.21190269113636373
69550000	69599999	0.5889992622818181	0.8121127229727272	-0.2231134606909091
69600000	69649999	0.5781796620818181	0.8121127229727272	-0.23393306089090904
69650000	69699999	0.5783464421090908	0.8121127229727272	-0.23376628086363638
69700000	69749999	0.5831466170090909	0.8121127229727272	-0.2289661059636363
69750000	69799999	0.5555866536272727	0.8121127229727272	-0.2565260693454545
69800000	69849999	0.5456476105181818	0.8121127229727272	-0.2664651124545454
69850000	69899999	0.5512074969545454	0.8121127229727272	-0.2609052260181818
69900000	69949999	0.5378239840181818	0.8121127229727272	-0.2742887389545454
69950000	69999999	0.5293510277636362	0.8121127229727272	-0.282761695209091
70000000	70049999	0.5166369723727272	0.8121127229727272	-0.2954757506
70050000	70099999	0.5254774720727272	0.8121127229727272	-0.28663525089999997
70100000	70149999	0.5173187158363635	0.8121127229727272	-0.2947940071363637
70150000	70199999	0.5249137337545453	0.8121127229727272	-0.2871989892181819
70200000	70249999	0.5417460014545454	0.8121127229727272	-0.27036672151818175
70250000	70299999	0.5320527193363636	0.8121127229727272	-0.28006000363636363
70300000	70349999	0.5464987117636362	0.8121127229727272	-0.265614011209091
70350000	70399999	0.5558742174545453	0.8121127229727272	-0.25623850551818184
70400000	70449999	0.5561900285909089	0.8121127229727272	-0.25592269438181825
70450000	70499999	0.5590497444727272	0.8121127229727272	-0.25306297850000004
70500000	70549999	0.5911282992636363	0.8121127229727272	-0.22098442370909088
70550000	70599999	0.6158340918454545	0.8121127229727272	-0.19627863112727273
70600000	70649999	0.6146704293272727	0.8121127229727272	-0.19744229364545451
70650000	70699999	0.624656028590909	0.8121127229727272	-0.18745669438181822
70700000	70749999	0.6310881690454544	0.8121127229727272	-0.1810245539272728
70750000	70799999	0.6295683536818181	0.8121127229727272	-0.18254436929090911
70800000	70849999	0.6907165889090908	0.8121127229727272	-0.12139613406363636
70850000	70899999	0.7266338181181817	0.8121127229727272	-0.08547890485454546
70900000	70949999	0.7906158747181817	0.8121127229727272	-0.021496848254545453
70950000	70999999	0.8409592912636363	0.8121127229727272	0.028846568290909147
71000000	71049999	0.9232488151181817	0.8121127229727272	0.1111360921454545
71050000	71099999	0.9458591586181817	0.8121127229727272	0.13374643564545452
71100000	71149999	0.9681959944181817	0.8121127229727272	0.15608327144545453
71150000	71199999	0.9730006566727272	0.8121127229727272	0.16088793369999999
71200000	71249999	1.0095985968272727	0.8121127229727272	0.19748587385454552
71250000	71299999	1.0236966374181817	0.8121127229727272	0.21158391444545455
71300000	71349999	1.0598996089454544	0.8121127229727272	0.24778688597272724
71350000	71399999	1.0121415535818181	0.8121127229727272	0.20002883060909094
71400000	71449999	0.9766263230363635	0.8121127229727272	0.16451360006363636
71450000	71499999	0.9147177135727271	0.8121127229727272	0.10260499059999995
71500000	71549999	0.8605989849818181	0.8121127229727272	0.0484862620090909
71550000	71599999	0.7908401327999999	0.8121127229727272	-0.021272590172727313
71600000	71649999	0.7520958503636362	0.8121127229727272	-0.06001687260909094
71650000	71699999	0.7223967906181817	0.8121127229727272	-0.08971593235454545
71700000	71749999	0.7141647337181817	0.8121127229727272	-0.09794798925454551
71750000	71799999	0.684267512390909	0.8121127229727272	-0.1278452105818182
71800000	71849999	0.6626184462727271	0.8121127229727272	-0.14949427670000004
71850000	71899999	0.6034721968999999	0.8121127229727272	-0.20864052607272732
71900000	71949999	0.5846593903363635	0.8121127229727272	-0.2274533326363637
71950000	71999999	0.5927709585454544	0.8121127229727272	-0.21934176442727282
72000000	72049999	0.6039032268090909	0.8121127229727272	-0.20820949616363627
72050000	72099999	0.5891273016090908	0.8121127229727272	-0.22298542136363642
72100000	72149999	0.5773304088818181	0.8121127229727272	-0.2347823140909091
72150000	72199999	0.5916287129727271	0.8121127229727272	-0.22048401000000006
72200000	72249999	0.5802119615727273	0.8121127229727272	-0.23190076139999993
72250000	72299999	0.5864569319454545	0.8121127229727272	-0.22565579102727273
72300000	72349999	0.5632483868727272	0.8121127229727272	-0.24886433610000003
72350000	72399999	0.5720264108636363	0.8121127229727272	-0.24008631210909093
72400000	72449999	0.5783785800454545	0.8121127229727272	-0.23373414292727268
72450000	72499999	0.5963971770727272	0.8121127229727272	-0.21571554589999997
72500000	72549999	0.6042130457636362	0.8121127229727272	-0.20789967720909097
72550000	72599999	0.593161522081818	0.8121127229727272	-0.21895120089090914
72600000	72649999	0.6281184950727272	0.8121127229727272	-0.18399422789999997
72650000	72699999	0.6666249918090907	0.8121127229727272	-0.14548773116363645
72700000	72749999	0.7380340659818181	0.8121127229727272	-0.0740786569909091
72750000	72799999	0.8040938526818181	0.8121127229727272	-0.008018870290909086
72800000	72849999	0.8139082143727272	0.8121127229727272	0.0017954914000000155
72850000	72899999	0.8698176919454544	0.8121127229727272	0.057704968972727255
72900000	72949999	0.8762379388999999	0.8121127229727272	0.06412521592727272
72950000	72999999	0.8942110050999998	0.8121127229727272	0.08209828212727266
73000000	73049999	0.8873618276545454	0.8121127229727272	0.07524910468181822
73050000	73099999	0.850822130790909	0.8121127229727272	0.038709407818181774
73100000	73149999	0.8360488597909089	0.8121127229727272	0.02393613681818174
73150000	73199999	0.8136956100181817	0.8121127229727272	0.0015828870454545063
73200000	73249999	0.7987747218090908	0.8121127229727272	-0.01333800116363637
73250000	73299999	0.723804724090909	0.8121127229727272	-0.08830799888181817
73300000	73349999	0.6893817029636362	0.8121127229727272	-0.12273102000909097
73350000	73399999	0.6604337923727273	0.8121127229727272	-0.15167893059999993
73400000	73449999	0.6331428349090908	0.8121127229727272	-0.17896988806363634
73450000	73499999	0.6452628770727271	0.8121127229727272	-0.16684984590000007
73500000	73549999	0.6316402368909091	0.8121127229727272	-0.1804724860818181
73550000	73599999	0.6346961112545454	0.8121127229727272	-0.1774166117181818
73600000	73649999	0.6721581213	0.8121127229727272	-0.13995460167272722
73650000	73699999	0.7132001600999999	0.8121127229727272	-0.09891256287272732
73700000	73749999	0.7408704769363635	0.8121127229727272	-0.07124224603636364
73750000	73799999	0.7461313292727272	0.8121127229727272	-0.0659813937
73800000	73849999	0.7509327992636363	0.8121127229727272	-0.061179923709090867
73850000	73899999	0.7712094841363636	0.8121127229727272	-0.0409032388363636
73900000	73949999	0.8185719795363635	0.8121127229727272	0.006459256563636329
73950000	73999999	0.8611581362727272	0.8121127229727272	0.04904541330000001
74000000	74049999	0.8885130638181817	0.8121127229727272	0.07640034084545455
74050000	74099999	0.9279291108636363	0.8121127229727272	0.11581638789090909
74100000	74149999	0.9407944675272726	0.8121127229727272	0.1286817445545454
74150000	74199999	1.011442091390909	0.8121127229727272	0.19932936841818183
74200000	74249999	1.0510631068	0.8121127229727272	0.23895038382727285
74250000	74299999	1.0999475377818182	0.8121127229727272	0.287834814809091
74300000	74349999	1.1498455772090908	0.8121127229727272	0.33773285423636357
74350000	74399999	1.1938789357818183	0.8121127229727272	0.38176621280909107
74400000	74449999	1.1753312705	0.8121127229727272	0.3632185475272729
74450000	74499999	1.1995934160636363	0.8121127229727272	0.38748069309090916
74500000	74549999	1.1812425509272726	0.8121127229727272	0.3691298279545454
74550000	74599999	1.172623631309091	0.8121127229727272	0.3605109083363638
74600000	74649999	1.1804923990727272	0.8121127229727272	0.3683796761
74650000	74699999	1.1912296313545454	0.8121127229727272	0.3791169083818182
74700000	74749999	1.1127536360181818	0.8121127229727272	0.3006409130454546
74750000	74799999	1.0616671786454546	0.8121127229727272	0.24955445567272738
74800000	74849999	0.9870527963181818	0.8121127229727272	0.17494007334545458
74850000	74899999	0.918270055890909	0.8121127229727272	0.10615733291818186
74900000	74949999	0.8693818642545453	0.8121127229727272	0.05726914128181815
74950000	74999999	0.8533495745181817	0.8121127229727272	0.041236851545454534
75000000	75049999	0.817841826090909	0.8121127229727272	0.005729103118181866
75050000	75099999	0.7794117190363635	0.8121127229727272	-0.03270100393636366
75100000	75149999	0.7451173483454545	0.8121127229727272	-0.06699537462727267
75150000	75199999	0.7058422092999999	0.8121127229727272	-0.10627051367272733
75200000	75249999	0.6670319468636363	0.8121127229727272	-0.14508077610909087
75250000	75299999	0.6364115125999998	0.8121127229727272	-0.17570121037272735
75300000	75349999	0.6128245410181817	0.8121127229727272	-0.19928818195454545
75350000	75399999	0.6045331609545453	0.8121127229727272	-0.20757956201818184
75400000	75449999	0.6095038461545453	0.8121127229727272	-0.20260887681818185
75450000	75499999	0.6225543203090909	0.8121127229727272	-0.18955840266363633
75500000	75549999	0.6147909435181818	0.8121127229727272	-0.19732177945454543
75550000	75599999	0.6091502708181817	0.8121127229727272	-0.20296245215454545
75600000	75649999	0.5954921384545454	0.8121127229727272	-0.21662058451818178
75650000	75699999	0.6121690753363636	0.8121127229727272	-0.19994364763636363
75700000	75749999	0.6101198467636363	0.8121127229727272	-0.2019928762090909
75750000	75799999	0.6134125996545454	0.8121127229727272	-0.19870012331818176
75800000	75849999	0.6274182229545454	0.8121127229727272	-0.18469450001818177
75850000	75899999	0.6302529602363636	0.8121127229727272	-0.18185976273636362
75900000	75949999	0.630974572890909	0.8121127229727272	-0.18113815008181822
75950000	75999999	0.6229588371999999	0.8121127229727272	-0.1891538857727273
76000000	76049999	0.5994858329636362	0.8121127229727272	-0.21262689000909096
76050000	76099999	0.6020748707454544	0.8121127229727272	-0.21003785222727278
76100000	76149999	0.5793385981181818	0.8121127229727272	-0.2327741248545454
76150000	76199999	0.5998918195545454	0.8121127229727272	-0.21222090341818178
76200000	76249999	0.5931517313999999	0.8121127229727272	-0.2189609915727273
76250000	76299999	0.5786263005454545	0.8121127229727272	-0.2334864224272727
76300000	76349999	0.5766289646090909	0.8121127229727272	-0.23548375836363633
76350000	76399999	0.5775358441363635	0.8121127229727272	-0.2345768788363637
76400000	76449999	0.5800088824181817	0.8121127229727272	-0.23210384055454547
76450000	76499999	0.599006152590909	0.8121127229727272	-0.21310657038181824
76500000	76549999	0.6009050821181817	0.8121127229727272	-0.21120764085454546
76550000	76599999	0.6107400833636363	0.8121127229727272	-0.2013726396090909
76600000	76649999	0.6149828192363636	0.8121127229727272	-0.19712990373636363
76650000	76699999	0.6219491447181817	0.8121127229727272	-0.19016357825454544
76700000	76749999	0.6101030786545454	0.8121127229727272	-0.2020096443181818
76750000	76799999	0.6013710089363635	0.8121127229727272	-0.21074171403636366
76800000	76849999	0.6092876815727273	0.8121127229727272	-0.2028250413999999
76850000	76899999	0.6324857281454546	0.8121127229727272	-0.17962699482727262
76900000	76949999	0.6432686339636363	0.8121127229727272	-0.16884408900909087
76950000	76999999	0.6302538884454545	0.8121127229727272	-0.1818588345272727
77000000	77049999	0.6201757647181817	0.8121127229727272	-0.1919369582545455
77050000	77099999	0.6312240586454545	0.8121127229727272	-0.18088866432727269
77100000	77149999	0.6252445394727272	0.8121127229727272	-0.1868681835
77150000	77199999	0.6445680215636362	0.8121127229727272	-0.16754470140909095
77200000	77249999	0.6544021099272727	0.8121127229727272	-0.15771061304545453
77250000	77299999	0.6778998775999999	0.8121127229727272	-0.13421284537272726
77300000	77349999	0.6749694946272726	0.8121127229727272	-0.13714322834545456
77350000	77399999	0.7002773340545454	0.8121127229727272	-0.11183538891818179
77400000	77449999	0.702214536190909	0.8121127229727272	-0.10989818678181817
77450000	77499999	0.7087034086363635	0.8121127229727272	-0.10340931433636369
77500000	77549999	0.7520923686818181	0.8121127229727272	-0.06002035429090913
77550000	77599999	0.7578497447090908	0.8121127229727272	-0.05426297826363635
77600000	77649999	0.7634406791999999	0.8121127229727272	-0.04867204377272727
77650000	77699999	0.7699183104363636	0.8121127229727272	-0.04219441253636358
77700000	77749999	0.7558119218818181	0.8121127229727272	-0.05630080109090907
77750000	77799999	0.7338578376727272	0.8121127229727272	-0.07825488530000002
77800000	77849999	0.7351692084181818	0.8121127229727272	-0.0769435145545454
77850000	77899999	0.730137564090909	0.8121127229727272	-0.08197515888181817
77900000	77949999	0.699358624990909	0.8121127229727272	-0.11275409798181824
77950000	77999999	0.6747909315818181	0.8121127229727272	-0.13732179139090905
78000000	78049999	0.6519292705363635	0.8121127229727272	-0.16018345243636367
78050000	78099999	0.6335426324363636	0.8121127229727272	-0.17857009053636363
78100000	78149999	0.6126834372454545	0.8121127229727272	-0.1994292857272727
78150000	78199999	0.6007909524181817	0.8121127229727272	-0.21132177055454548
78200000	78249999	0.5979226647090908	0.8121127229727272	-0.21419005826363635
78250000	78299999	0.5824150240181818	0.8121127229727272	-0.2296976989545454
78300000	78349999	0.5955641293545453	0.8121127229727272	-0.2165485936181819
78350000	78399999	0.5788952640363635	0.8121127229727272	-0.2332174589363637
78400000	78449999	0.5939891894636362	0.8121127229727272	-0.21812353350909097
78450000	78499999	0.6112754979454544	0.8121127229727272	-0.20083722502727275
78500000	78549999	0.604154689090909	0.8121127229727272	-0.20795803388181822
78550000	78599999	0.5970874647545453	0.8121127229727272	-0.21502525821818186
78600000	78649999	0.5771678603090908	0.8121127229727272	-0.23494486266363634
78650000	78699999	0.601877253890909	0.8121127229727272	-0.21023546908181823
78700000	78749999	0.5995200420636362	0.8121127229727272	-0.212592680909091
78750000	78799999	0.6015215608727271	0.8121127229727272	-0.21059116210000006
78800000	78849999	0.6075481772636362	0.8121127229727272	-0.204564545709091
78850000	78899999	0.6100921139727271	0.8121127229727272	-0.20202060900000007
78900000	78949999	0.6192348499818181	0.8121127229727272	-0.19287787299090908
78950000	78999999	0.606419105990909	0.8121127229727272	-0.2056936169818182
79000000	79049999	0.5937959912363635	0.8121127229727272	-0.21831673173636368
79050000	79099999	0.6122355040454545	0.8121127229727272	-0.19987721892727273
79100000	79149999	0.6273746538181817	0.8121127229727272	-0.1847380691545455
79150000	79199999	0.6392518040999999	0.8121127229727272	-0.17286091887272725
79200000	79249999	0.6456357324545454	0.8121127229727272	-0.16647699051818177
79250000	79299999	0.6562136313818181	0.8121127229727272	-0.1558990915909091
79300000	79349999	0.6786629962727272	0.8121127229727272	-0.1334497267
79350000	79399999	0.6925169722454545	0.8121127229727272	-0.11959575072727269
79400000	79449999	0.6815446493363635	0.8121127229727272	-0.1305680736363637
79450000	79499999	0.6898141244999999	0.8121127229727272	-0.12229859847272728
79500000	79549999	0.6970229736545454	0.8121127229727272	-0.11508974931818183
79550000	79599999	0.7135502673818181	0.8121127229727272	-0.09856245559090904
79600000	79649999	0.7135299896272727	0.8121127229727272	-0.09858273334545453
79650000	79699999	0.7211391506999999	0.8121127229727272	-0.09097357227272729
79700000	79749999	0.7248783249727272	0.8121127229727272	-0.08723439799999999
79750000	79799999	0.6997367656818181	0.8121127229727272	-0.1123759572909091
79800000	79849999	0.6708527697818181	0.8121127229727272	-0.14125995319090912
79850000	79899999	0.6582245814727272	0.8121127229727272	-0.15388814149999996
79900000	79949999	0.6487037340363635	0.8121127229727272	-0.16340898893636369
79950000	79999999	0.6517812156636362	0.8121127229727272	-0.16033150730909096
80000000	80049999	0.623119372690909	0.8121127229727272	-0.18899335028181818
80050000	80099999	0.6084186410636363	0.8121127229727272	-0.20369408190909088
80100000	80149999	0.6124142186636363	0.8121127229727272	-0.19969850430909086
80150000	80199999	0.6196483311	0.8121127229727272	-0.19246439187272724
80200000	80249999	0.6101677359	0.8121127229727272	-0.20194498707272723
80250000	80299999	0.6323196504090908	0.8121127229727272	-0.1797930725636364
80300000	80349999	0.6638071238454545	0.8121127229727272	-0.1483055991272727
80350000	80399999	0.713822704390909	0.8121127229727272	-0.09829001858181818
80400000	80449999	0.7323917175363636	0.8121127229727272	-0.07972100543636362
80450000	80499999	0.7743658252545453	0.8121127229727272	-0.03774689771818185
80500000	80549999	0.8086875822181817	0.8121127229727272	-0.003425140754545475
80550000	80599999	0.8467248486727271	0.8121127229727272	0.03461212569999994
80600000	80649999	0.8999650952999999	0.8121127229727272	0.08785237232727272
80650000	80699999	0.9301447056545453	0.8121127229727272	0.11803198268181814
80700000	80749999	0.9370699607090908	0.8121127229727272	0.12495723773636358
80750000	80799999	0.9580825346181817	0.8121127229727272	0.14596981164545453
80800000	80849999	0.9303521501454544	0.8121127229727272	0.11823942717272717
80850000	80899999	0.907087160090909	0.8121127229727272	0.09497443711818176
80900000	80949999	0.877999371590909	0.8121127229727272	0.06588664861818183
80950000	80999999	0.8572548906727272	0.8121127229727272	0.04514216770000001
81000000	81049999	0.8262632153181817	0.8121127229727272	0.014150492345454513
81050000	81099999	0.7990246168727272	0.8121127229727272	-0.013088106099999997
81100000	81149999	0.7854038463272726	0.8121127229727272	-0.026708876645454627
81150000	81199999	0.8022969263999999	0.8121127229727272	-0.009815796572727242
81200000	81249999	0.7624018035090908	0.8121127229727272	-0.04971091946363637
81250000	81299999	0.7370911184272726	0.8121127229727272	-0.07502160454545459
81300000	81349999	0.7088432715727272	0.8121127229727272	-0.10326945139999999
81350000	81399999	0.7078231717999999	0.8121127229727272	-0.10428955117272731
81400000	81449999	0.7114969676818181	0.8121127229727272	-0.10061575529090905
81450000	81499999	0.719480619390909	0.8121127229727272	-0.09263210358181817
81500000	81549999	0.7114821344363635	0.8121127229727272	-0.10063058853636364
81550000	81599999	0.7004293796545453	0.8121127229727272	-0.11168334331818186
81600000	81649999	0.6931682364818181	0.8121127229727272	-0.11894448649090905
81650000	81699999	0.6830084741181817	0.8121127229727272	-0.12910424885454552
81700000	81749999	0.6188852278999999	0.8121127229727272	-0.1932274950727273
81750000	81799999	0.618813898881818	0.8121127229727272	-0.19329882409090915
81800000	81849999	0.6280697195090909	0.8121127229727272	-0.18404300346363633
81850000	81899999	0.6415711566	0.8121127229727272	-0.17054156637272722
81900000	81949999	0.6492479970090909	0.8121127229727272	-0.16286472596363633
81950000	81999999	0.6350081046181817	0.8121127229727272	-0.1771046183545455
82000000	82049999	0.6436070206	0.8121127229727272	-0.16850570237272722
82050000	82099999	0.6376147561181817	0.8121127229727272	-0.17449796685454544
82100000	82149999	0.6500204432545453	0.8121127229727272	-0.16209227971818185
82150000	82199999	0.6619980402999999	0.8121127229727272	-0.15011468267272732
82200000	82249999	0.6765662768545454	0.8121127229727272	-0.13554644611818178
82250000	82299999	0.7034686375181818	0.8121127229727272	-0.1086440854545454
82300000	82349999	0.7412892654181817	0.8121127229727272	-0.07082345755454544
82350000	82399999	0.7962988656363635	0.8121127229727272	-0.015813857336363646
82400000	82449999	0.810751435090909	0.8121127229727272	-0.0013612878818182184
82450000	82499999	0.8653869597454544	0.8121127229727272	0.053274236772727246
82500000	82549999	0.9022445141727272	0.8121127229727272	0.09013179120000003
82550000	82599999	0.8845520530818181	0.8121127229727272	0.07243933010909087
82600000	82649999	0.8993837200090908	0.8121127229727272	0.08727099703636365
82650000	82699999	0.894553430090909	0.8121127229727272	0.08244070711818186
82700000	82749999	0.888015422990909	0.8121127229727272	0.07590270001818178
82750000	82799999	0.8742000739727271	0.8121127229727272	0.06208735099999996
82800000	82849999	0.8538967169818181	0.8121127229727272	0.04178399400909094
82850000	82899999	0.8103695140545454	0.8121127229727272	-0.0017432089181818045
82900000	82949999	0.762919068881818	0.8121127229727272	-0.049193654090909145
82950000	82999999	0.7310625137363636	0.8121127229727272	-0.08105020923636364
83000000	83049999	0.6443453858363636	0.8121127229727272	-0.1677673371363636
83050000	83099999	0.6233404273636363	0.8121127229727272	-0.18877229560909092
83100000	83149999	0.6131836352545453	0.8121127229727272	-0.19892908771818185
83150000	83199999	0.5961623648818182	0.8121127229727272	-0.215950358090909
83200000	83249999	0.5905153969363636	0.8121127229727272	-0.22159732603636362
83250000	83299999	0.585588238890909	0.8121127229727272	-0.22652448408181813
83300000	83349999	0.5935698504272726	0.8121127229727272	-0.21854287254545457
83350000	83399999	0.5855881122	0.8121127229727272	-0.22652461077272723
83400000	83449999	0.5790339568636362	0.8121127229727272	-0.23307876610909095
83450000	83499999	0.5724846184999999	0.8121127229727272	-0.2396281044727273
83500000	83549999	0.5761421122363636	0.8121127229727272	-0.2359706107363636
83550000	83599999	0.6005655357727272	0.8121127229727272	-0.2115471872
83600000	83649999	0.598718592090909	0.8121127229727272	-0.21339413088181813
83650000	83699999	0.6065498689181817	0.8121127229727272	-0.20556285405454544
83700000	83749999	0.611844262	0.8121127229727272	-0.2002684609727272
83750000	83799999	0.6067142468363635	0.8121127229727272	-0.20539847613636364
83800000	83849999	0.6081371977454545	0.8121127229727272	-0.2039755252272727
83850000	83899999	0.5934167708818181	0.8121127229727272	-0.21869595209090908
83900000	83949999	0.5938604237999999	0.8121127229727272	-0.21825229917272726
83950000	83999999	0.5903463900090908	0.8121127229727272	-0.22176633296363635
84000000	84049999	0.5842417103181817	0.8121127229727272	-0.22787101265454546
84050000	84099999	0.5890709678090909	0.8121127229727272	-0.22304175516363633
84100000	84149999	0.5827685939363636	0.8121127229727272	-0.2293441290363636
84150000	84199999	0.5708136666727271	0.8121127229727272	-0.24129905630000004
84200000	84249999	0.570588584490909	0.8121127229727272	-0.2415241384818182
84250000	84299999	0.5766880847999999	0.8121127229727272	-0.2354246381727273
84300000	84349999	0.6012150907999999	0.8121127229727272	-0.21089763217272728
84350000	84399999	0.5873937935272726	0.8121127229727272	-0.22471892944545457
84400000	84449999	0.5909107334363636	0.8121127229727272	-0.2212019895363636
84450000	84499999	0.5862248500909091	0.8121127229727272	-0.2258878728818181
84500000	84549999	0.5937755965363636	0.8121127229727272	-0.2183371264363636
84550000	84599999	0.5837140901818181	0.8121127229727272	-0.2283986327909091
84600000	84649999	0.5921251454181817	0.8121127229727272	-0.21998757755454545
84650000	84699999	0.5904871347727272	0.8121127229727272	-0.2216255882
84700000	84749999	0.5945379748454545	0.8121127229727272	-0.21757474812727273
84750000	84799999	0.6012302714	0.8121127229727272	-0.21088245157272723
84800000	84849999	0.6053262665454544	0.8121127229727272	-0.20678645642727278
84850000	84899999	0.584764410009091	0.8121127229727272	-0.22734831296363622
84900000	84949999	0.5905860208272726	0.8121127229727272	-0.22152670214545456
84950000	84999999	0.6010487741545454	0.8121127229727272	-0.2110639488181818
85000000	85049999	0.6028362509272727	0.8121127229727272	-0.20927647204545452
85050000	85099999	0.5992987229181818	0.8121127229727272	-0.21281400005454543
85100000	85149999	0.5997225686090908	0.8121127229727272	-0.2123901543636364
85150000	85199999	0.6000006644818181	0.8121127229727272	-0.21211205849090908
85200000	85249999	0.6208237102818182	0.8121127229727272	-0.19128901269090903
85250000	85299999	0.6170178095363635	0.8121127229727272	-0.19509491343636365
85300000	85349999	0.6061460985727272	0.8121127229727272	-0.20596662440000002
85350000	85399999	0.5855676002636363	0.8121127229727272	-0.22654512270909088
85400000	85449999	0.5865472794	0.8121127229727272	-0.22556544357272723
85450000	85499999	0.5923371851545454	0.8121127229727272	-0.21977553781818182
85500000	85549999	0.5845136564727271	0.8121127229727272	-0.22759906650000006
85550000	85599999	0.6100170416636362	0.8121127229727272	-0.20209568130909095
85600000	85649999	0.6237425476272727	0.8121127229727272	-0.18837017534545453
85650000	85699999	0.6322413184	0.8121127229727272	-0.1798714045727272
85700000	85749999	0.6440054822272727	0.8121127229727272	-0.16810724074545447
85750000	85799999	0.6906548977999999	0.8121127229727272	-0.1214578251727273
85800000	85849999	0.7189684223272726	0.8121127229727272	-0.09314430064545454
85850000	85899999	0.7497902832363635	0.8121127229727272	-0.062322439736363644
85900000	85949999	0.7788242749636363	0.8121127229727272	-0.03328844800909092
85950000	85999999	0.8058292823454545	0.8121127229727272	-0.006283440627272707
86000000	86049999	0.8426732543636363	0.8121127229727272	0.030560531390909085
86050000	86099999	0.8734578595454545	0.8121127229727272	0.06134513657272733
86100000	86149999	0.8710475045636363	0.8121127229727272	0.05893478159090915
86150000	86199999	0.8796155253272726	0.8121127229727272	0.06750280235454542
86200000	86249999	0.8970712880999999	0.8121127229727272	0.08495856512727273
86250000	86299999	0.8934614164181818	0.8121127229727272	0.08134869344545459
86300000	86349999	0.9028675987454545	0.8121127229727272	0.09075487577272734
86350000	86399999	0.8984224464363636	0.8121127229727272	0.08630972346363641
86400000	86449999	0.8893892931636364	0.8121127229727272	0.07727657019090917
86450000	86499999	0.8003712680363636	0.8121127229727272	-0.011741454936363582
86500000	86549999	0.7421486236363636	0.8121127229727272	-0.0699640993363636
86550000	86599999	0.683522	0.8121127229727272	-0.12859072297272722
86600000	86649999	0.7059773435818181	0.8121127229727272	-0.10613537939090911
86650000	86699999	0.7456514078545454	0.8121127229727272	-0.06646131511818176
86700000	86749999	0.7907162817181818	0.8121127229727272	-0.02139644125454543
86750000	86799999	0.793842401290909	0.8121127229727272	-0.01827032168181819
86800000	86849999	0.7996906793272727	0.8121127229727272	-0.012422043645454517
86850000	86899999	0.7489939231272726	0.8121127229727272	-0.06311879984545454
86900000	86949999	0.743087363890909	0.8121127229727272	-0.06902535908181817
86950000	86999999	0.7391522674181817	0.8121127229727272	-0.07296045555454544
87000000	87049999	0.8349082524363636	0.8121127229727272	0.022795529463636388
87050000	87099999	0.8723027415727271	0.8121127229727272	0.06019001859999995
87100000	87149999	0.9317990171636362	0.8121127229727272	0.11968629419090904
87150000	87199999	0.8967991881272727	0.8121127229727272	0.08468646515454548
87200000	87249999	0.9006144042636363	0.8121127229727272	0.08850168129090907
87250000	87299999	0.8602654630727272	0.8121127229727272	0.048152740100000035
87300000	87349999	0.8708188872454544	0.8121127229727272	0.058706164272727235
87350000	87399999	0.8504145366818181	0.8121127229727272	0.038301813709090915
87400000	87449999	0.8477522746727272	0.8121127229727272	0.035639551699999994
87450000	87499999	0.8345424209181818	0.8121127229727272	0.022429697945454574
87500000	87549999	0.8169400207545454	0.8121127229727272	0.0048272977818182294
87550000	87599999	0.7897231126636363	0.8121127229727272	-0.022389610309090924
87600000	87649999	0.7901722144818181	0.8121127229727272	-0.021940508490909116
87650000	87699999	0.754609303390909	0.8121127229727272	-0.05750341958181815
87700000	87749999	0.7297448897454545	0.8121127229727272	-0.0823678332272727
87750000	87799999	0.6730279027999999	0.8121127229727272	-0.13908482017272727
87800000	87849999	0.6405052451181817	0.8121127229727272	-0.17160747785454544
87850000	87899999	0.6171788667818181	0.8121127229727272	-0.19493385619090908
87900000	87949999	0.6248224814454545	0.8121127229727272	-0.1872902415272727
87950000	87999999	0.604921256381818	0.8121127229727272	-0.20719146659090915
88000000	88049999	0.607124734090909	0.8121127229727272	-0.20498798888181824
88050000	88099999	0.6079078734272727	0.8121127229727272	-0.20420484954545448
88100000	88149999	0.6009859856090908	0.8121127229727272	-0.2111267373636364
88150000	88199999	0.5764027376363635	0.8121127229727272	-0.23570998533636367
88200000	88249999	0.5623006988999999	0.8121127229727272	-0.2498120240727273
88250000	88299999	0.5712261043090908	0.8121127229727272	-0.24088661866363636
88300000	88349999	0.5688473037090908	0.8121127229727272	-0.24326541926363643
88350000	88399999	0.5684054123636363	0.8121127229727272	-0.2437073106090909
88400000	88449999	0.5568357171090907	0.8121127229727272	-0.25527700586363644
88450000	88499999	0.5400370520545454	0.8121127229727272	-0.27207567091818174
88500000	88549999	0.5417852058636362	0.8121127229727272	-0.270327517109091
88550000	88599999	0.5418949841090908	0.8121127229727272	-0.2702177388636364
88600000	88649999	0.5458977084636363	0.8121127229727272	-0.2662150145090909
88650000	88699999	0.5575957006090908	0.8121127229727272	-0.2545170223636364
88700000	88749999	0.5759654806363635	0.8121127229727272	-0.23614724233636364
88750000	88799999	0.6091958994272726	0.8121127229727272	-0.2029168235454546
88800000	88849999	0.6192770566454544	0.8121127229727272	-0.19283566632727278
88850000	88899999	0.623767175990909	0.8121127229727272	-0.18834554698181816
88900000	88949999	0.6280774351181817	0.8121127229727272	-0.18403528785454548
88950000	88999999	0.6511350140090908	0.8121127229727272	-0.1609777089636364
89000000	89049999	0.6736420079363635	0.8121127229727272	-0.13847071503636366
89050000	89099999	0.6743435660363636	0.8121127229727272	-0.1377691569363636
89100000	89149999	0.672942531990909	0.8121127229727272	-0.13917019098181815
89150000	89199999	0.6693072173363636	0.8121127229727272	-0.14280550563636363
89200000	89249999	0.6702373349636362	0.8121127229727272	-0.14187538800909094
89250000	89299999	0.6571619910454545	0.8121127229727272	-0.1549507319272727
89300000	89349999	0.6397285352727272	0.8121127229727272	-0.17238418769999997
89350000	89399999	0.6356822340545454	0.8121127229727272	-0.1764304889181818
89400000	89449999	0.6258299355818181	0.8121127229727272	-0.1862827873909091
89450000	89499999	0.6328530489090908	0.8121127229727272	-0.1792596740636364
89500000	89549999	0.606699373290909	0.8121127229727272	-0.20541334968181824
89550000	89599999	0.5889296873090908	0.8121127229727272	-0.2231830356636364
89600000	89649999	0.5889098297454545	0.8121127229727272	-0.22320289322727271
89650000	89699999	0.5864389416363636	0.8121127229727272	-0.22567378133636362
89700000	89749999	0.5790865922090909	0.8121127229727272	-0.23302613076363632
89750000	89799999	0.5782125057363635	0.8121127229727272	-0.23390021723636367
89800000	89849999	0.5950781263818181	0.8121127229727272	-0.21703459659090907
89850000	89899999	0.5947694214181817	0.8121127229727272	-0.2173433015545455
89900000	89949999	0.5809401216090908	0.8121127229727272	-0.23117260136363638
89950000	89999999	0.5816018391818181	0.8121127229727272	-0.23051088379090912
90000000	90049999	0.5884523141272726	0.8121127229727272	-0.22366040884545457
90050000	90099999	0.5947107898727272	0.8121127229727272	-0.2174019331
90100000	90149999	0.6006599245636363	0.8121127229727272	-0.21145279840909093
90150000	90199999	0.6082092987454545	0.8121127229727272	-0.2039034242272727
90200000	90249999	0.6065480117090908	0.8121127229727272	-0.2055647112636364
90250000	90299999	0.6044494764636362	0.8121127229727272	-0.20766324650909096
90300000	90349999	0.6035101049363636	0.8121127229727272	-0.2086026180363636
90350000	90399999	0.6174717453999999	0.8121127229727272	-0.19464097757272725
90400000	90449999	0.6463819356636362	0.8121127229727272	-0.16573078730909097
90450000	90499999	0.6780099595454545	0.8121127229727272	-0.13410276342727268
90500000	90549999	0.7836884355363636	0.8121127229727272	-0.028424287436363604
90550000	90599999	0.8162707366727272	0.8121127229727272	0.004158013700000018
90600000	90649999	0.8987167132090909	0.8121127229727272	0.08660399023636367
90650000	90699999	0.9696971898636363	0.8121127229727272	0.1575844668909091
90700000	90749999	1.0685593522363637	0.8121127229727272	0.2564466292636365
90750000	90799999	1.1488187508272727	0.8121127229727272	0.3367060278545455
90800000	90849999	1.238297423809091	0.8121127229727272	0.42618470083636373
90850000	90899999	1.3026725180545453	0.8121127229727272	0.49055979508181813
90900000	90949999	1.4005986382363635	0.8121127229727272	0.5884859152636364
90950000	90999999	1.4974107932636362	0.8121127229727272	0.6852980702909091
91000000	91049999	1.5210128682545454	0.8121127229727272	0.7089001452818182
91050000	91099999	1.4942727201181818	0.8121127229727272	0.6821599971454546
91100000	91149999	1.5088915310727273	0.8121127229727272	0.6967788081000001
91150000	91199999	1.4744248756636362	0.8121127229727272	0.662312152690909
91200000	91249999	1.4717179293636364	0.8121127229727272	0.6596052063909092
91250000	91299999	1.4221608907999999	0.8121127229727272	0.6100481678272727
91300000	91349999	1.4304391241181817	0.8121127229727272	0.6183264011454546
91350000	91399999	1.4076355717454545	0.8121127229727272	0.5955228487727273
91400000	91449999	1.3877567149545453	0.8121127229727272	0.5756439919818181
91450000	91499999	1.3182694633	0.8121127229727272	0.5061567403272729
91500000	91549999	1.2297017258454546	0.8121127229727272	0.4175890028727274
91550000	91599999	1.2381828688	0.8121127229727272	0.4260701458272729
91600000	91649999	1.213240044490909	0.8121127229727272	0.40112732151818187
91650000	91699999	1.2468446879545454	0.8121127229727272	0.4347319649818182
91700000	91749999	1.310288737309091	0.8121127229727272	0.4981760143363638
91750000	91799999	1.3429872344	0.8121127229727272	0.5308745114272728
91800000	91849999	1.4036263072454545	0.8121127229727272	0.5915135842727273
91850000	91899999	1.3898817780363635	0.8121127229727272	0.5777690550636363
91900000	91949999	1.3821213326636363	0.8121127229727272	0.5700086096909092
91950000	91999999	1.370143658081818	0.8121127229727272	0.5580309351090909
92000000	92049999	1.3830253598727271	0.8121127229727272	0.5709126368999999
92050000	92099999	1.388445563472727	0.8121127229727272	0.5763328404999999
92100000	92149999	1.3680468636636363	0.8121127229727272	0.5559341406909091
92150000	92199999	1.3623761062818183	0.8121127229727272	0.5502633833090911
92200000	92249999	1.290349272981818	0.8121127229727272	0.4782365500090908
92250000	92299999	1.1700745756	0.8121127229727272	0.35796185262727276
92300000	92349999	1.0523502426454545	0.8121127229727272	0.24023751967272733
92350000	92399999	0.9471716677454545	0.8121127229727272	0.13505894477272729
92400000	92449999	0.8944547787545454	0.8121127229727272	0.08234205578181819
92450000	92499999	0.8467284588181817	0.8121127229727272	0.03461573584545452
92500000	92549999	0.8155732029181817	0.8121127229727272	0.0034604799454545088
92550000	92599999	0.7409792737545453	0.8121127229727272	-0.07113344921818188
92600000	92649999	0.6814609585818181	0.8121127229727272	-0.1306517643909091
92650000	92699999	0.6403526949727272	0.8121127229727272	-0.171760028
92700000	92749999	0.5924843938636363	0.8121127229727272	-0.21962832910909091
92750000	92799999	0.583998905990909	0.8121127229727272	-0.2281138169818182
92800000	92849999	0.6149627859818181	0.8121127229727272	-0.1971499369909091
92850000	92899999	0.639152362390909	0.8121127229727272	-0.17296036058181818
92900000	92949999	0.6397579893363635	0.8121127229727272	-0.17235473363636367
92950000	92999999	0.6233114510181818	0.8121127229727272	-0.18880127195454544
93000000	93049999	0.6281096541636363	0.8121127229727272	-0.1840030688090909
93050000	93099999	0.6353320616090908	0.8121127229727272	-0.17678066136363635
93100000	93149999	0.6469269382181817	0.8121127229727272	-0.16518578475454548
93150000	93199999	0.6562603269090908	0.8121127229727272	-0.15585239606363643
93200000	93249999	0.6804405562727271	0.8121127229727272	-0.13167216670000004
93250000	93299999	0.7212759593454545	0.8121127229727272	-0.09083676362727267
93300000	93349999	0.7209133865545454	0.8121127229727272	-0.09119933641818179
93350000	93399999	0.7311084593181817	0.8121127229727272	-0.0810042636545455
93400000	93449999	0.7541891680181817	0.8121127229727272	-0.057923554954545486
93450000	93499999	0.7967306569545454	0.8121127229727272	-0.015382066018181817
93500000	93549999	0.8221478753272726	0.8121127229727272	0.01003515235454544
93550000	93599999	0.8833077575727272	0.8121127229727272	0.07119503459999998
93600000	93649999	0.9432735382090909	0.8121127229727272	0.1311608152363637
93650000	93699999	0.9862703195545454	0.8121127229727272	0.17415759658181817
93700000	93749999	1.041488606	0.8121127229727272	0.22937588302727274
93750000	93799999	1.0749903622545454	0.8121127229727272	0.2628776392818182
93800000	93849999	1.0624296266545454	0.8121127229727272	0.25031690368181825
93850000	93899999	1.1119836758272728	0.8121127229727272	0.29987095285454557
93900000	93949999	1.1424111045272727	0.8121127229727272	0.3302983815545455
93950000	93999999	1.1348509251272727	0.8121127229727272	0.3227382021545455
94000000	94049999	1.0995392043090908	0.8121127229727272	0.2874264813363636
94050000	94099999	1.1022112490636362	0.8121127229727272	0.290098526090909
94100000	94149999	1.0539317133272728	0.8121127229727272	0.24181899035454557
94150000	94199999	0.9833910522454544	0.8121127229727272	0.17127832927272724
94200000	94249999	0.9772874439727272	0.8121127229727272	0.16517472099999997
94250000	94299999	0.9687909779818181	0.8121127229727272	0.15667825500909094
94300000	94349999	0.9697815049727272	0.8121127229727272	0.157668782
94350000	94399999	0.974949186590909	0.8121127229727272	0.16283646361818183
94400000	94449999	0.9327974263090908	0.8121127229727272	0.12068470333636361
94450000	94499999	0.9211044968090908	0.8121127229727272	0.1089917738363636
94500000	94549999	0.9374012230181817	0.8121127229727272	0.12528850004545455
94550000	94599999	0.9405179011363636	0.8121127229727272	0.1284051781636364
94600000	94649999	0.9273215503818181	0.8121127229727272	0.11520882740909089
94650000	94699999	0.9208698094090908	0.8121127229727272	0.10875708643636361
94700000	94749999	0.9360603252727271	0.8121127229727272	0.1239476022999999
94750000	94799999	0.9113010135363635	0.8121127229727272	0.09918829056363632
94800000	94849999	0.8736166078090908	0.8121127229727272	0.0615038848363636
94850000	94899999	0.8303922757999999	0.8121127229727272	0.01827955282727267
94900000	94949999	0.8365090865090908	0.8121127229727272	0.024396363536363652
94950000	94999999	0.8378942616727272	0.8121127229727272	0.025781538699999995
95000000	95049999	0.8159580662545454	0.8121127229727272	0.003845343281818181
95050000	95099999	0.7917987543727272	0.8121127229727272	-0.02031396860000001
95100000	95149999	0.8496956228818181	0.8121127229727272	0.03758289990909092
95150000	95199999	0.9421429407545454	0.8121127229727272	0.13003021778181822
95200000	95249999	0.9837978157727272	0.8121127229727272	0.1716850928
95250000	95299999	1.0284234318727272	0.8121127229727272	0.21631070890000004
95300000	95349999	1.0499391964272726	0.8121127229727272	0.23782647345454544
95350000	95399999	1.0677992988181817	0.8121127229727272	0.2556865758454545
95400000	95449999	1.076728398790909	0.8121127229727272	0.2646156758181819
95450000	95499999	1.0865703948181817	0.8121127229727272	0.27445767184545455
95500000	95549999	1.1218100396090909	0.8121127229727272	0.3096973166363637
95550000	95599999	1.1402168423727272	0.8121127229727272	0.32810411940000006
95600000	95649999	1.1787634177181818	0.8121127229727272	0.36665069474545464
95650000	95699999	1.1252758839818182	0.8121127229727272	0.31316316100909103
95700000	95749999	1.0489800214545453	0.8121127229727272	0.2368672984818181
95750000	95799999	1.0617268888545452	0.8121127229727272	0.24961416588181806
95800000	95849999	1.043515276081818	0.8121127229727272	0.23140255310909086
95850000	95899999	1.0544589514636362	0.8121127229727272	0.24234622849090903
95900000	95949999	1.0927075659181817	0.8121127229727272	0.28059484294545456
95950000	95999999	1.1140916771727272	0.8121127229727272	0.3019789542
96000000	96049999	1.1424399568272725	0.8121127229727272	0.3303272338545453
96050000	96099999	1.1536196172	0.8121127229727272	0.34150689422727276
96100000	96149999	1.1152025231363636	0.8121127229727272	0.3030898001636364
96150000	96199999	1.0743387369090909	0.8121127229727272	0.2622260139363637
96200000	96249999	1.075396871390909	0.8121127229727272	0.2632841484181818
96250000	96299999	1.0782415248727273	0.8121127229727272	0.2661288019000001
96300000	96349999	1.0424122986	0.8121127229727272	0.23029957562727277
96350000	96399999	1.053969435290909	0.8121127229727272	0.24185671231818184
96400000	96449999	1.0505855224	0.8121127229727272	0.23847279942727284
96450000	96499999	1.021260495481818	0.8121127229727272	0.2091477725090909
96500000	96549999	1.000001268881818	0.8121127229727272	0.18788854590909088
96550000	96599999	0.9411601134545453	0.8121127229727272	0.12904739048181812
96600000	96649999	0.9129800619363635	0.8121127229727272	0.10086733896363631
96650000	96699999	0.9746693241636363	0.8121127229727272	0.1625566011909091
96700000	96749999	0.9979801740090908	0.8121127229727272	0.1858674510363636
96750000	96799999	0.9929804072272727	0.8121127229727272	0.18086768425454547
96800000	96849999	0.9830645804636363	0.8121127229727272	0.17095185749090913
96850000	96899999	0.9581268028545453	0.8121127229727272	0.14601407988181814
96900000	96949999	0.9027641370818181	0.8121127229727272	0.09065141410909094
96950000	96999999	0.8931261396363636	0.8121127229727272	0.08101341666363637
97000000	97049999	0.9185253073454545	0.8121127229727272	0.10641258437272727
97050000	97099999	0.9338851564636363	0.8121127229727272	0.12177243349090916
97100000	97149999	0.9499074697636363	0.8121127229727272	0.13779474679090908
97150000	97199999	0.9498334162272727	0.8121127229727272	0.1377206932545455
97200000	97249999	0.9048306324181817	0.8121127229727272	0.09271790944545455
97250000	97299999	0.8860097236454545	0.8121127229727272	0.07389700067272731
97300000	97349999	0.8870087438363636	0.8121127229727272	0.07489602086363645
97350000	97399999	0.9107930720545454	0.8121127229727272	0.09868034908181822
97400000	97449999	0.9525613473181818	0.8121127229727272	0.14044862434545458
97450000	97499999	0.9886682398181817	0.8121127229727272	0.17655551684545456
97500000	97549999	0.9937486711363636	0.8121127229727272	0.18163594816363637
97550000	97599999	1.015320162590909	0.8121127229727272	0.20320743961818177
97600000	97649999	1.0587272208727272	0.8121127229727272	0.2466144979
97650000	97699999	1.0448888859818182	0.8121127229727272	0.232776163009091
97700000	97749999	1.0733825093090907	0.8121127229727272	0.26126978633636355
97750000	97799999	1.1022100193	0.8121127229727272	0.29009729632727277
97800000	97849999	1.1289519741636362	0.8121127229727272	0.31683925119090905
97850000	97899999	1.1666431819909089	0.8121127229727272	0.3545304590181817
97900000	97949999	1.1261334593181818	0.8121127229727272	0.3140207363454546
97950000	97999999	1.0822849231181817	0.8121127229727272	0.2701722001454545
98000000	98049999	1.0765880394727272	0.8121127229727272	0.2644753165
98050000	98099999	1.0617835214	0.8121127229727272	0.2496707984272728
98100000	98149999	1.0150979671363636	0.8121127229727272	0.2029852441636364
98150000	98199999	0.9542019636999999	0.8121127229727272	0.1420892407272727
98200000	98249999	0.9552398914727271	0.8121127229727272	0.14312716849999996
98250000	98299999	0.9358068907999999	0.8121127229727272	0.12369416782727272
98300000	98349999	0.9033800416363635	0.8121127229727272	0.09126731866363635
98350000	98399999	0.8978828293454545	0.8121127229727272	0.0857701063727273
98400000	98449999	0.8752087546636362	0.8121127229727272	0.06309603169090905
98450000	98499999	0.8991818064818181	0.8121127229727272	0.08706908350909093
98500000	98549999	0.9213705444	0.8121127229727272	0.1092578214272728
98550000	98599999	0.9237172184181818	0.8121127229727272	0.11160449544545459
98600000	98649999	0.9189085944090909	0.8121127229727272	0.10679587143636371
98650000	98699999	0.9111190482818181	0.8121127229727272	0.09900632530909093
98700000	98749999	0.914373682381818	0.8121127229727272	0.10226095940909086
98750000	98799999	0.9228832538090909	0.8121127229727272	0.11077053083636368
98800000	98849999	0.9122632892363636	0.8121127229727272	0.10015056626363639
98850000	98899999	0.939764284590909	0.8121127229727272	0.1276515616181818
98900000	98949999	0.9164781763363635	0.8121127229727272	0.10436545336363634
98950000	98999999	0.9264409545818181	0.8121127229727272	0.11432823160909089
99000000	99049999	0.9183908853454545	0.8121127229727272	0.10627816237272736
99050000	99099999	0.9263443682454545	0.8121127229727272	0.11423164527272733
99100000	99149999	0.9293030850272727	0.8121127229727272	0.11719036205454547
99150000	99199999	0.9288099012363635	0.8121127229727272	0.11669717826363635
99200000	99249999	0.9488713675363636	0.8121127229727272	0.1367586445636364
99250000	99299999	0.9917902885454545	0.8121127229727272	0.1796775655727273
99300000	99349999	1.0448805456363637	0.8121127229727272	0.2327678226636365
99350000	99399999	1.060827990990909	0.8121127229727272	0.2487152680181819
99400000	99449999	1.0910821411	0.8121127229727272	0.27896941812727283
99450000	99499999	1.1483260395090908	0.8121127229727272	0.33621331653636366
99500000	99549999	1.160428267909091	0.8121127229727272	0.34831554493636374
99550000	99599999	1.1667926657818182	0.8121127229727272	0.354679942809091
99600000	99649999	1.1736380588	0.8121127229727272	0.36152533582727275
99650000	99699999	1.1759280269181818	0.8121127229727272	0.3638153039454546
99700000	99749999	1.1818400889454543	0.8121127229727272	0.36972736597272715
99750000	99799999	1.184890087190909	0.8121127229727272	0.37277736421818175
99800000	99849999	1.1863319162090908	0.8121127229727272	0.37421919323636366
99850000	99899999	1.1820323054545454	0.8121127229727272	0.3699195824818182
99900000	99949999	1.2094316201181818	0.8121127229727272	0.39731889714545465
99950000	99999999	1.1927736783	0.8121127229727272	0.38066095532727284
100000000	100049999	1.2133381560454546	0.8121127229727272	0.4012254330727274
100050000	100099999	1.2204504346454546	0.8121127229727272	0.40833771167272737
100100000	100149999	1.2671070646727272	0.8121127229727272	0.45499434169999997
100150000	100199999	1.3039362072818181	0.8121127229727272	0.49182348430909095
100200000	100249999	1.3361837402363634	0.8121127229727272	0.5240710172636363
100250000	100299999	1.3855139670636363	0.8121127229727272	0.5734012440909091
100300000	100349999	1.392098916181818	0.8121127229727272	0.5799861932090908
100350000	100399999	1.3950506309454545	0.8121127229727272	0.5829379079727273
100400000	100449999	1.3980255369999999	0.8121127229727272	0.5859128140272727
100450000	100499999	1.3677432562727272	0.8121127229727272	0.5556305333
100500000	100549999	1.3738442483545454	0.8121127229727272	0.5617315253818183
100550000	100599999	1.3360704055909092	0.8121127229727272	0.523957682618182
100600000	100649999	1.3063933838636363	0.8121127229727272	0.49428066089090916
100650000	100699999	1.249647469609091	0.8121127229727272	0.4375347466363637
100700000	100749999	1.2021029770454545	0.8121127229727272	0.38999025407272736
100750000	100799999	1.2021393643	0.8121127229727272	0.3900266413272728
100800000	100849999	1.1767209225636361	0.8121127229727272	0.36460819959090895
100850000	100899999	1.161218594809091	0.8121127229727272	0.34910587183636377
100900000	100949999	1.1205738644909091	0.8121127229727272	0.30846114151818194
100950000	100999999	1.0721980096272725	0.8121127229727272	0.26008528665454533
101000000	101049999	1.1194402552454543	0.8121127229727272	0.30732753227272713
101050000	101099999	1.0955464006727271	0.8121127229727272	0.28343367769999994
101100000	101149999	1.0726249274181816	0.8121127229727272	0.2605122044454544
101150000	101199999	1.0647333944636364	0.8121127229727272	0.25262067149090917
101200000	101249999	1.067380917881818	0.8121127229727272	0.2552681949090909
101250000	101299999	1.0781527539272726	0.8121127229727272	0.2660400309545454
101300000	101349999	1.0509295995181818	0.8121127229727272	0.23881687654545458
101350000	101399999	1.0359094240636362	0.8121127229727272	0.223796701090909
101400000	101449999	1.0247905298454545	0.8121127229727272	0.2126778068727273
101450000	101499999	1.0244574927454544	0.8121127229727272	0.2123447697727272
101500000	101549999	1.025072205172727	0.8121127229727272	0.21295948219999983
101550000	101599999	0.9629421133727272	0.8121127229727272	0.15082939039999999
101600000	101649999	0.9449551448636363	0.8121127229727272	0.1328424218909091
101650000	101699999	0.9397486440090908	0.8121127229727272	0.12763592103636356
101700000	101749999	0.9448107766181817	0.8121127229727272	0.1326980536454545
101750000	101799999	0.9621683357636363	0.8121127229727272	0.15005561279090907
101800000	101849999	0.9600063727363636	0.8121127229727272	0.1478936497636364
101850000	101899999	0.9535955116363636	0.8121127229727272	0.1414827886636364
101900000	101949999	0.9713700234363636	0.8121127229727272	0.1592573004636364
101950000	101999999	1.0121219907636363	0.8121127229727272	0.2000092677909091
102000000	102049999	1.0164894953181818	0.8121127229727272	0.2043767723454546
102050000	102099999	1.032637434281818	0.8121127229727272	0.2205247113090909
102100000	102149999	1.0442801648181819	0.8121127229727272	0.23216744184545468
102150000	102199999	1.0363847654636362	0.8121127229727272	0.22427204249090904
102200000	102249999	1.0234732451	0.8121127229727272	0.21136052212727274
102250000	102299999	1.0138626288636363	0.8121127229727272	0.20174990589090913
102300000	102349999	1.0130758973545453	0.8121127229727272	0.2009631743818181
102350000	102399999	1.0078487135272725	0.8121127229727272	0.19573599055454527
102400000	102449999	0.9735309918363635	0.8121127229727272	0.1614182688636363
102450000	102499999	0.9334518307636362	0.8121127229727272	0.12133910779090906
102500000	102549999	0.9078355009636363	0.8121127229727272	0.09572277799090911
102550000	102599999	0.9373919711363635	0.8121127229727272	0.12527924816363634
102600000	102649999	0.9277856720545453	0.8121127229727272	0.11567294908181813
102650000	102699999	0.9263517272636362	0.8121127229727272	0.11423900429090905
102700000	102749999	0.9407138090363635	0.8121127229727272	0.1286010860636363
102750000	102799999	0.961989299781818	0.8121127229727272	0.14987657680909083
102800000	102849999	0.9769067716	0.8121127229727272	0.16479404862727276
102850000	102899999	0.9523372625363635	0.8121127229727272	0.14022453956363634
102900000	102949999	0.9599397201090908	0.8121127229727272	0.1478269971363636
102950000	102999999	1.0197424056636362	0.8121127229727272	0.20762968269090898
103000000	103049999	1.076505624	0.8121127229727272	0.26439290102727275
103050000	103099999	1.1017457211181816	0.8121127229727272	0.2896329981454544
103100000	103149999	1.1123552661090907	0.8121127229727272	0.30024254313636356
103150000	103199999	1.1002891573272726	0.8121127229727272	0.28817643435454543
103200000	103249999	1.097809387672727	0.8121127229727272	0.2856966646999999
103250000	103299999	1.0939109525090909	0.8121127229727272	0.2817982295363637
103300000	103349999	1.1017536158999999	0.8121127229727272	0.2896408929272727
103350000	103399999	1.0944728180999999	0.8121127229727272	0.28236009512727267
103400000	103449999	1.1063027901181817	0.8121127229727272	0.2941900671454545
103450000	103499999	1.1101961111545453	0.8121127229727272	0.2980833881818181
103500000	103549999	1.0850773589272726	0.8121127229727272	0.27296463595454545
103550000	103599999	1.0482074058181818	0.8121127229727272	0.23609468284545465
103600000	103649999	1.011203622690909	0.8121127229727272	0.19909089971818172
103650000	103699999	0.9478693148727272	0.8121127229727272	0.1357565919
103700000	103749999	0.9371393899181817	0.8121127229727272	0.1250266669454545
103750000	103799999	0.9302833979272727	0.8121127229727272	0.11817067495454547
103800000	103849999	0.968658003190909	0.8121127229727272	0.15654528021818181
103850000	103899999	0.9415797273454545	0.8121127229727272	0.1294670043727273
103900000	103949999	0.9157459633090907	0.8121127229727272	0.10363324033636356
103950000	103999999	0.8929396234272726	0.8121127229727272	0.08082690045454544
104000000	104049999	0.8637189047272726	0.8121127229727272	0.051606181754545455
104050000	104099999	0.8535586716727271	0.8121127229727272	0.04144594869999996
104100000	104149999	0.8291649203181817	0.8121127229727272	0.01705219734545449
104150000	104199999	0.8619027759636363	0.8121127229727272	0.049790052990909106
104200000	104249999	0.8889117044999999	0.8121127229727272	0.07679898152727271
104250000	104299999	0.8772231070545453	0.8121127229727272	0.06511038408181813
104300000	104349999	0.8496552201181817	0.8121127229727272	0.037542497145454545
104350000	104399999	0.7857311864636363	0.8121127229727272	-0.02638153650909092
104400000	104449999	0.7681979529999999	0.8121127229727272	-0.04391476997272725
104450000	104499999	0.7800451712090908	0.8121127229727272	-0.032067551763636404
104500000	104549999	0.805488556190909	0.8121127229727272	-0.006624166781818208
104550000	104599999	0.8016285706363635	0.8121127229727272	-0.010484152336363683
104600000	104649999	0.7901881294727272	0.8121127229727272	-0.021924593499999978
104650000	104699999	0.8001983351636363	0.8121127229727272	-0.011914387809090932
104700000	104749999	0.7356139073636363	0.8121127229727272	-0.07649881560909089
104750000	104799999	0.7041014896181818	0.8121127229727272	-0.10801123335454543
104800000	104849999	0.7122417540999999	0.8121127229727272	-0.09987096887272728
104850000	104899999	0.7313318190545454	0.8121127229727272	-0.08078090391818182
104900000	104949999	0.7469799496090909	0.8121127229727272	-0.06513277336363632
104950000	104999999	0.7759535863181817	0.8121127229727272	-0.03615913665454551
105000000	105049999	0.7638377020636362	0.8121127229727272	-0.04827502090909097
105050000	105099999	0.738611726290909	0.8121127229727272	-0.0735009966818182
105100000	105149999	0.735939503390909	0.8121127229727272	-0.07617321958181822
105150000	105199999	0.748668401790909	0.8121127229727272	-0.0634443211818182
105200000	105249999	0.7646365600545454	0.8121127229727272	-0.0474761629181818
105250000	105299999	0.8528986634363636	0.8121127229727272	0.04078594046363637
105300000	105349999	0.9711383207727271	0.8121127229727272	0.15902559779999992
105350000	105399999	0.9817944867999999	0.8121127229727272	0.16968176382727274
105400000	105449999	1.0432445441090907	0.8121127229727272	0.23113182113636355
105450000	105499999	1.0731060959818182	0.8121127229727272	0.260993373009091
105500000	105549999	1.0617634994818181	0.8121127229727272	0.24965077650909095
105550000	105599999	1.121876557890909	0.8121127229727272	0.3097638349181817
105600000	105649999	1.1571228673636362	0.8121127229727272	0.34501014439090905
105650000	105699999	1.186527247072727	0.8121127229727272	0.37441452409999987
105700000	105749999	1.1934612704818182	0.8121127229727272	0.381348547509091
105750000	105799999	1.2150977942181818	0.8121127229727272	0.4029850712454546
105800000	105849999	1.232994967490909	0.8121127229727272	0.4208822445181819
105850000	105899999	1.2113680622545453	0.8121127229727272	0.3992553392818181
105900000	105949999	1.2672021354181817	0.8121127229727272	0.45508941244545453
105950000	105999999	1.2934899477363635	0.8121127229727272	0.4813772247636363
106000000	106049999	1.3269748075636363	0.8121127229727272	0.5148620845909091
106050000	106099999	1.4034338096181818	0.8121127229727272	0.5913210866454546
106100000	106149999	1.4229106445	0.8121127229727272	0.6107979215272727
106150000	106199999	1.480947800509091	0.8121127229727272	0.6688350775363638
106200000	106249999	1.5328904248363637	0.8121127229727272	0.7207777018636365
106250000	106299999	1.5584893293363637	0.8121127229727272	0.7463766063636366
106300000	106349999	1.6039251375454544	0.8121127229727272	0.7918124145727272
106350000	106399999	1.5928692129272726	0.8121127229727272	0.7807564899545454
106400000	106449999	1.5353085401636362	0.8121127229727272	0.723195817190909
106450000	106499999	1.5376928923727273	0.8121127229727272	0.7255801694000001
106500000	106549999	1.5321247295090907	0.8121127229727272	0.7200120065363635
106550000	106599999	1.4993123298363633	0.8121127229727272	0.6871996068636361
106600000	106649999	1.4416723154545452	0.8121127229727272	0.629559592481818
106650000	106699999	1.405186736090909	0.8121127229727272	0.5930740131181818
106700000	106749999	1.3619928545272726	0.8121127229727272	0.5498801315545454
106750000	106799999	1.3034638278181818	0.8121127229727272	0.49135110484545463
106800000	106849999	1.2751065893272726	0.8121127229727272	0.4629938663545454
106850000	106899999	1.1834366034181818	0.8121127229727272	0.3713238804454546
106900000	106949999	1.1264742135272727	0.8121127229727272	0.31436149055454554
106950000	106999999	1.1226707368181816	0.8121127229727272	0.31055801384545445
107000000	107049999	1.0428345065181817	0.8121127229727272	0.23072178354545447
107050000	107099999	0.9735321048363635	0.8121127229727272	0.16141938186363636
107100000	107149999	0.9488164894454545	0.8121127229727272	0.1367037664727273
107150000	107199999	0.9392485828545454	0.8121127229727272	0.1271358598818182
107200000	107249999	0.9106124042999999	0.8121127229727272	0.09849968132727271
107250000	107299999	0.8715250649272727	0.8121127229727272	0.05941234195454548
107300000	107349999	0.8636808348727272	0.8121127229727272	0.05156811189999999
107350000	107399999	0.8681135430363636	0.8121127229727272	0.05600082006363638
107400000	107449999	0.9199991418454545	0.8121127229727272	0.10788641887272732
107450000	107499999	0.9564143716181818	0.8121127229727272	0.14430164864545458
107500000	107549999	0.9498615145090908	0.8121127229727272	0.13774879153636366
107550000	107599999	0.9475837813545454	0.8121127229727272	0.13547105838181817
107600000	107649999	0.9566835613727271	0.8121127229727272	0.14457083839999996
107650000	107699999	0.9544057658818181	0.8121127229727272	0.14229304290909095
107700000	107749999	0.9476614426727272	0.8121127229727272	0.13554871970000004
107750000	107799999	0.9594762556636363	0.8121127229727272	0.14736353269090907
107800000	107849999	0.9748148546727272	0.8121127229727272	0.16270213170000003
107850000	107899999	1.0039451713727272	0.8121127229727272	0.19183244840000002
107900000	107949999	1.0447516930181817	0.8121127229727272	0.23263897004545453
107950000	107999999	1.083596315390909	0.8121127229727272	0.27148359241818176
108000000	108049999	1.0652415710636363	0.8121127229727272	0.2531288480909091
108050000	108099999	1.1364891932545453	0.8121127229727272	0.32437647028181815
108100000	108149999	1.2225736773454545	0.8121127229727272	0.41046095437272734
108150000	108199999	1.2859336165	0.8121127229727272	0.47382089352727275
108200000	108249999	1.3349477029181815	0.8121127229727272	0.5228349799454544
108250000	108299999	1.3819716776545454	0.8121127229727272	0.5698589546818182
108300000	108349999	1.3287870113636364	0.8121127229727272	0.5166742883909092
108350000	108399999	1.3191146954636364	0.8121127229727272	0.5070019724909092
108400000	108449999	1.2646538689727271	0.8121127229727272	0.45254114599999995
108450000	108499999	1.1952884989272727	0.8121127229727272	0.38317577595454555
108500000	108549999	1.1230481264727272	0.8121127229727272	0.31093540350000004
108550000	108599999	1.0591236816818181	0.8121127229727272	0.24701095870909096
108600000	108649999	0.9530980317181817	0.8121127229727272	0.14098530874545456
108650000	108699999	0.8705668274454544	0.8121127229727272	0.05845410447272725
108700000	108749999	0.760603345281818	0.8121127229727272	-0.05150937769090913
108750000	108799999	0.6853019000090907	0.8121127229727272	-0.12681082296363644
108800000	108849999	0.6021019585090908	0.8121127229727272	-0.21001076446363642
108850000	108899999	0.6180196051999999	0.8121127229727272	-0.1940931177727273
108900000	108949999	0.6092710375727272	0.8121127229727272	-0.20284168540000003
108950000	108999999	0.6648881786363635	0.8121127229727272	-0.14722454433636367
109000000	109049999	0.6752413188545453	0.8121127229727272	-0.13687140411818188
109050000	109099999	0.6665115571636363	0.8121127229727272	-0.14560116580909088
109100000	109149999	0.6700996056999999	0.8121127229727272	-0.14201311727272725
109150000	109199999	0.6835826142090908	0.8121127229727272	-0.12853010876363635
109200000	109249999	0.7141624001999999	0.8121127229727272	-0.0979503227727273
109250000	109299999	0.730284514390909	0.8121127229727272	-0.08182820858181816
109300000	109349999	0.7408673734818181	0.8121127229727272	-0.0712453494909091
109350000	109399999	0.750101131290909	0.8121127229727272	-0.062011591681818135
109400000	109449999	0.7541833860545454	0.8121127229727272	-0.057929336918181806
109450000	109499999	0.7546701389454544	0.8121127229727272	-0.05744258402727276
109500000	109549999	0.7053819642090908	0.8121127229727272	-0.10673075876363636
109550000	109599999	0.7016217389545454	0.8121127229727272	-0.1104909840181818
109600000	109649999	0.6889176716363635	0.8121127229727272	-0.12319505133636366
109650000	109699999	0.6988502704999999	0.8121127229727272	-0.11326245247272726
109700000	109749999	0.6799099302454544	0.8121127229727272	-0.13220279272727276
109750000	109799999	0.6655869871181818	0.8121127229727272	-0.14652573585454542
109800000	109849999	0.6568790147090908	0.8121127229727272	-0.15523370826363636
109850000	109899999	0.677272430790909	0.8121127229727272	-0.13484029218181814
109900000	109949999	0.7133294558727272	0.8121127229727272	-0.09878326709999996
109950000	109999999	0.7294598033454545	0.8121127229727272	-0.08265291962727273
110000000	110049999	0.799971299390909	0.8121127229727272	-0.012141423581818134
110050000	110099999	0.8279314274727272	0.8121127229727272	0.015818704500000003
110100000	110149999	0.9027484645181817	0.8121127229727272	0.0906357415454545
110150000	110199999	1.0108068264818182	0.8121127229727272	0.198694103509091
110200000	110249999	1.1174596155454544	0.8121127229727272	0.3053468925727272
110250000	110299999	1.2142400903272725	0.8121127229727272	0.40212736735454535
110300000	110349999	1.2583220150272727	0.8121127229727272	0.4462092920545455
110350000	110399999	1.2874612935636363	0.8121127229727272	0.47534857059090907
110400000	110449999	1.2948490351363635	0.8121127229727272	0.4827363121636363
110450000	110499999	1.2938403496636364	0.8121127229727272	0.4817276266909092
110500000	110549999	1.2846105315272727	0.8121127229727272	0.4724978085545455
110550000	110599999	1.1987415392999998	0.8121127229727272	0.38662881632727264
110600000	110649999	1.159820478572727	0.8121127229727272	0.3477077555999999
110650000	110699999	1.094402572781818	0.8121127229727272	0.2822898498090909
110700000	110749999	0.9704786084363635	0.8121127229727272	0.15836588546363628
110750000	110799999	0.8581469440181817	0.8121127229727272	0.046034221045454515
110800000	110849999	0.771360745981818	0.8121127229727272	-0.040751976990909156
110850000	110899999	0.7173164697454544	0.8121127229727272	-0.09479625322727281
110900000	110949999	0.6886136082999998	0.8121127229727272	-0.12349911467272734
110950000	110999999	0.6596157666181817	0.8121127229727272	-0.15249695635454552
111000000	111049999	0.6248941740272727	0.8121127229727272	-0.18721854894545453
111050000	111099999	0.6250789511545454	0.8121127229727272	-0.18703377181818182
111100000	111149999	0.6189193440181817	0.8121127229727272	-0.19319337895454547
111150000	111199999	0.629308783281818	0.8121127229727272	-0.18280393969090913
111200000	111249999	0.6030123276181817	0.8121127229727272	-0.2091003953545455
111250000	111299999	0.6218786805999998	0.8121127229727272	-0.19023404237272734
111300000	111349999	0.618405273490909	0.8121127229727272	-0.19370744948181817
111350000	111399999	0.6065061018363636	0.8121127229727272	-0.20560662113636363
111400000	111449999	0.6102872376636364	0.8121127229727272	-0.20182548530909084
111450000	111499999	0.6219181136545453	0.8121127229727272	-0.19019460931818188
111500000	111549999	0.6217139106818181	0.8121127229727272	-0.19039881229090905
111550000	111599999	0.6264592871272727	0.8121127229727272	-0.18565343584545446
111600000	111649999	0.6458276210454544	0.8121127229727272	-0.16628510192727275
111650000	111699999	0.6729362613090908	0.8121127229727272	-0.1391764616636364
111700000	111749999	0.6779562926999999	0.8121127229727272	-0.13415643027272728
111750000	111799999	0.6933010355636363	0.8121127229727272	-0.11881168740909087
111800000	111849999	0.6884183127545453	0.8121127229727272	-0.12369441021818184
111850000	111899999	0.704677848090909	0.8121127229727272	-0.10743487488181813
111900000	111949999	0.7219614278454545	0.8121127229727272	-0.09015129512727271
111950000	111999999	0.7121086240363635	0.8121127229727272	-0.10000409893636364
112000000	112049999	0.7092979811818181	0.8121127229727272	-0.1028147417909091
112050000	112099999	0.7005358831818181	0.8121127229727272	-0.11157683979090904
112100000	112149999	0.6964865103272726	0.8121127229727272	-0.11562621264545458
112150000	112199999	0.6665867357636363	0.8121127229727272	-0.14552598720909093
112200000	112249999	0.6573922513181817	0.8121127229727272	-0.1547204716545455
112250000	112299999	0.6415267571090908	0.8121127229727272	-0.1705859658636364
112300000	112349999	0.6278392563181817	0.8121127229727272	-0.18427346665454547
112350000	112399999	0.6194592371818181	0.8121127229727272	-0.19265348579090913
112400000	112449999	0.6027328616363635	0.8121127229727272	-0.20937986133636366
112450000	112499999	0.5967742976090908	0.8121127229727272	-0.21533842536363634
112500000	112549999	0.6007842584454545	0.8121127229727272	-0.21132846452727272
112550000	112599999	0.5807915453090908	0.8121127229727272	-0.23132117766363636
112600000	112649999	0.5919010804090908	0.8121127229727272	-0.22021164256363635
112650000	112699999	0.6022834876727272	0.8121127229727272	-0.20982923529999997
112700000	112749999	0.6078406661636363	0.8121127229727272	-0.20427205680909089
112750000	112799999	0.6004890931363636	0.8121127229727272	-0.21162362983636362
112800000	112849999	0.6025789484090908	0.8121127229727272	-0.20953377456363642
112850000	112899999	0.5964881527545454	0.8121127229727272	-0.21562457021818182
112900000	112949999	0.6079939372727272	0.8121127229727272	-0.20411878569999997
112950000	112999999	0.6005199396999998	0.8121127229727272	-0.21159278327272735
113000000	113049999	0.5952371815181817	0.8121127229727272	-0.21687554145454546
113050000	113099999	0.5895368475727272	0.8121127229727272	-0.2225758754
113100000	113149999	0.594473979790909	0.8121127229727272	-0.2176387431818182
113150000	113199999	0.5879852912818181	0.8121127229727272	-0.2241274316909091
113200000	113249999	0.5815262726818181	0.8121127229727272	-0.23058645029090907
113250000	113299999	0.5769502447090908	0.8121127229727272	-0.23516247826363634
113300000	113349999	0.5797665867545454	0.8121127229727272	-0.2323461362181818
113350000	113399999	0.5722140833636362	0.8121127229727272	-0.23989863960909097
113400000	113449999	0.5851624869545454	0.8121127229727272	-0.22695023601818176
113450000	113499999	0.5746232319272726	0.8121127229727272	-0.23748949104545458
113500000	113549999	0.5865292396999999	0.8121127229727272	-0.22558348327272726
113550000	113599999	0.5899535040363636	0.8121127229727272	-0.2221592189363636
113600000	113649999	0.5841616935999999	0.8121127229727272	-0.22795102937272727
113650000	113699999	0.5834037059454544	0.8121127229727272	-0.22870901702727275
113700000	113749999	0.5782891515363635	0.8121127229727272	-0.23382357143636368
113750000	113799999	0.5665370321090908	0.8121127229727272	-0.2455756908636364
113800000	113849999	0.5752507486545453	0.8121127229727272	-0.2368619743181819
113850000	113899999	0.5727800245545454	0.8121127229727272	-0.23933269841818183
113900000	113949999	0.5910442579636364	0.8121127229727272	-0.22106846500909083
113950000	113999999	0.5808697528545453	0.8121127229727272	-0.23124297011818185
114000000	114049999	0.5737418653181817	0.8121127229727272	-0.23837085765454546
114050000	114099999	0.558851375890909	0.8121127229727272	-0.25326134708181813
114100000	114149999	0.5630926021181817	0.8121127229727272	-0.2490201208545455
114150000	114199999	0.581295580290909	0.8121127229727272	-0.2308171426818182
114200000	114249999	0.5860636926545454	0.8121127229727272	-0.2260490303181818
114250000	114299999	0.5783805915999999	0.8121127229727272	-0.2337321313727273
114300000	114349999	0.5926366759727272	0.8121127229727272	-0.219476047
114350000	114399999	0.5757089499090908	0.8121127229727272	-0.23640377306363636
114400000	114449999	0.5760071783454545	0.8121127229727272	-0.23610554462727273
114450000	114499999	0.580986456990909	0.8121127229727272	-0.23112626598181818
114500000	114549999	0.5932163765818181	0.8121127229727272	-0.21889634639090905
114550000	114599999	0.6121801036363635	0.8121127229727272	-0.19993261933636364
114600000	114649999	0.6431286731818181	0.8121127229727272	-0.16898404979090909
114650000	114699999	0.6350687603272727	0.8121127229727272	-0.17704396264545452
114700000	114749999	0.6288383702818181	0.8121127229727272	-0.18327435269090908
114750000	114799999	0.620627557290909	0.8121127229727272	-0.19148516568181817
114800000	114849999	0.6229287084727272	0.8121127229727272	-0.1891840145
114850000	114899999	0.6204201004454545	0.8121127229727272	-0.1916926225272727
114900000	114949999	0.6227575231454545	0.8121127229727272	-0.18935519982727267
114950000	114999999	0.6177760211454544	0.8121127229727272	-0.1943367018272728
115000000	115049999	0.5911030676090908	0.8121127229727272	-0.22100965536363637
115050000	115099999	0.5882318663272726	0.8121127229727272	-0.22388085664545454
115100000	115149999	0.5859469496181817	0.8121127229727272	-0.22616577335454546
115150000	115199999	0.5862928043272726	0.8121127229727272	-0.2258199186454546
115200000	115249999	0.5994413841363635	0.8121127229727272	-0.2126713388363637
115250000	115299999	0.5943531521818181	0.8121127229727272	-0.21775957079090913
115300000	115349999	0.5955180581363635	0.8121127229727272	-0.2165946648363637
115350000	115399999	0.6094882081272726	0.8121127229727272	-0.20262451484545463
115400000	115449999	0.6086999037090908	0.8121127229727272	-0.2034128192636364
115450000	115499999	0.6234482586727272	0.8121127229727272	-0.18866446429999995
115500000	115549999	0.6314954332818181	0.8121127229727272	-0.18061728969090907
115550000	115599999	0.6636409339818181	0.8121127229727272	-0.14847178899090907
115600000	115649999	0.6619073438363635	0.8121127229727272	-0.15020537913636367
115650000	115699999	0.6572354249272727	0.8121127229727272	-0.15487729804545447
115700000	115749999	0.6356188415454544	0.8121127229727272	-0.17649388142727274
115750000	115799999	0.6238802834090909	0.8121127229727272	-0.18823243956363633
115800000	115849999	0.6205091301090908	0.8121127229727272	-0.19160359286363637
115850000	115899999	0.6385286651272727	0.8121127229727272	-0.1735840578454545
115900000	115949999	0.6401573555	0.8121127229727272	-0.17195536747272722
115950000	115999999	0.645087683190909	0.8121127229727272	-0.16702503978181815
116000000	116049999	0.6921323207181818	0.8121127229727272	-0.11998040225454543
116050000	116099999	0.7088756949181818	0.8121127229727272	-0.10323702805454538
116100000	116149999	0.7243704159090909	0.8121127229727272	-0.08774230706363628
116150000	116199999	0.8113639298545454	0.8121127229727272	-0.0007487931181817675
116200000	116249999	0.8767673207818181	0.8121127229727272	0.06465459780909089
116250000	116299999	0.955670063581818	0.8121127229727272	0.14355734060909087
116300000	116349999	1.0424264324272727	0.8121127229727272	0.23031370945454555
116350000	116399999	1.1326657329727272	0.8121127229727272	0.32055301
116400000	116449999	1.2159284962090908	0.8121127229727272	0.40381577323636364
116450000	116499999	1.2760692077272726	0.8121127229727272	0.46395648475454543
116500000	116549999	1.2987715585363637	0.8121127229727272	0.48665883556363654
116550000	116599999	1.2644812243818182	0.8121127229727272	0.452368501409091
116600000	116649999	1.2798833193454544	0.8121127229727272	0.4677705963727272
116650000	116699999	1.2686000401545454	0.8121127229727272	0.45648731718181823
116700000	116749999	1.2110853910181818	0.8121127229727272	0.3989726680454546
116750000	116799999	1.1775151967454545	0.8121127229727272	0.3654024737727273
116800000	116849999	1.1167342919363636	0.8121127229727272	0.30462156896363646
116850000	116899999	1.0426314082272727	0.8121127229727272	0.23051868525454555
116900000	116949999	0.9480533065545453	0.8121127229727272	0.13594058358181815
116950000	116999999	0.8530185918181817	0.8121127229727272	0.04090586884545455
117000000	117049999	0.7909076996545454	0.8121127229727272	-0.021205023318181748
117050000	117099999	0.7625895884545454	0.8121127229727272	-0.0495231345181818
117100000	117149999	0.7452140846363635	0.8121127229727272	-0.06689863833636367
117150000	117199999	0.719417509090909	0.8121127229727272	-0.09269521388181823
117200000	117249999	0.7239012831363636	0.8121127229727272	-0.08821143983636359
117250000	117299999	0.7044898477636363	0.8121127229727272	-0.10762287520909086
117300000	117349999	0.6931252776272726	0.8121127229727272	-0.11898744534545458
117350000	117399999	0.6958268517272727	0.8121127229727272	-0.11628587124545453
117400000	117449999	0.7236218072818181	0.8121127229727272	-0.08849091569090906
117450000	117499999	0.8281544891999999	0.8121127229727272	0.016041766227272714
117500000	117549999	0.8975175854090909	0.8121127229727272	0.0854048624363637
117550000	117599999	0.9390064196545453	0.8121127229727272	0.12689369668181816
117600000	117649999	1.0027755438181818	0.8121127229727272	0.1906628208454546
117650000	117699999	1.0456625779272726	0.8121127229727272	0.2335498549545454
117700000	117749999	1.0366564515454546	0.8121127229727272	0.22454372857272742
117750000	117799999	1.0320166161181819	0.8121127229727272	0.21990389314545467
117800000	117849999	1.0440064145545453	0.8121127229727272	0.23189369158181816
117850000	117899999	1.0313749165090909	0.8121127229727272	0.21926219353636367
117900000	117949999	1.023215932590909	0.8121127229727272	0.21110320961818174
117950000	117999999	0.9704632174454544	0.8121127229727272	0.1583504944727272
118000000	118049999	0.8725522383818182	0.8121127229727272	0.06043951540909098
118050000	118099999	0.8083780033454545	0.8121127229727272	-0.0037347196272726757
118100000	118149999	0.7727604812272727	0.8121127229727272	-0.039352241745454486
118150000	118199999	0.6982526299454545	0.8121127229727272	-0.11386009302727274
118200000	118249999	0.6622740505454545	0.8121127229727272	-0.14983867242727267
118250000	118299999	0.680183815790909	0.8121127229727272	-0.13192890718181816
118300000	118349999	0.6593769031818182	0.8121127229727272	-0.152735819790909
118350000	118399999	0.6320081511272726	0.8121127229727272	-0.1801045718454546
118400000	118449999	0.6150849634818181	0.8121127229727272	-0.19702775949090912
118450000	118499999	0.5896105971363635	0.8121127229727272	-0.22250212583636364
118500000	118549999	0.6007055058727272	0.8121127229727272	-0.2114072171
118550000	118599999	0.5944765442454545	0.8121127229727272	-0.2176361787272727
118600000	118649999	0.5708790317545454	0.8121127229727272	-0.24123369121818183
118650000	118699999	0.5549415213090909	0.8121127229727272	-0.2571712016636363
118700000	118749999	0.5676875672818181	0.8121127229727272	-0.24442515569090906
118750000	118799999	0.5590923315272727	0.8121127229727272	-0.2530203914454545
118800000	118849999	0.5416824069727271	0.8121127229727272	-0.2704303160000001
118850000	118899999	0.5384160175727272	0.8121127229727272	-0.2736967054
118900000	118949999	0.5300905860909089	0.8121127229727272	-0.2820221368818183
118950000	118999999	0.5308451106999998	0.8121127229727272	-0.28126761227272734
119000000	119049999	0.5357003663636363	0.8121127229727272	-0.2764123566090909
119050000	119099999	0.5291987298727272	0.8121127229727272	-0.2829139931
119100000	119149999	0.5183395640090909	0.8121127229727272	-0.2937731589636363
119150000	119199999	0.5299666465545454	0.8121127229727272	-0.2821460764181818
119200000	119249999	0.5232592060090908	0.8121127229727272	-0.28885351696363637
119250000	119299999	0.5060588904363635	0.8121127229727272	-0.30605383253636365
119300000	119349999	0.48477920052727264	0.8121127229727272	-0.32733352244545455
119350000	119399999	0.4622267511363636	0.8121127229727272	-0.3498859718363636
119400000	119449999	0.47767314551818174	0.8121127229727272	-0.33443957745454544
119450000	119499999	0.47221945119999986	0.8121127229727272	-0.3398932717727273
119500000	119549999	0.478763528390909	0.8121127229727272	-0.33334919458181816
119550000	119599999	0.47815416864545446	0.8121127229727272	-0.3339585543272727
119600000	119649999	0.47609337559999987	0.8121127229727272	-0.3360193473727273
119650000	119699999	0.4889911006454544	0.8121127229727272	-0.32312162232727276
119700000	119749999	0.48218559375454534	0.8121127229727272	-0.32992712921818185
119750000	119799999	0.4923004717727272	0.8121127229727272	-0.3198122512
119800000	119849999	0.5022582079999999	0.8121127229727272	-0.3098545149727273
119850000	119899999	0.5169854486454544	0.8121127229727272	-0.2951272743272728
119900000	119949999	0.5221711688545453	0.8121127229727272	-0.2899415541181819
119950000	119999999	0.4839541342090907	0.8121127229727272	-0.32815858876363646
120000000	120049999	0.4853306567545454	0.8121127229727272	-0.3267820662181818
120050000	120099999	0.48299616194545436	0.8121127229727272	-0.3291165610272728
120100000	120149999	0.49690341420909084	0.8121127229727272	-0.31520930876363634
120150000	120199999	0.49455118849090896	0.8121127229727272	-0.31756153448181823
120200000	120249999	0.4839719046999999	0.8121127229727272	-0.3281408182727273
120250000	120299999	0.4889856942999999	0.8121127229727272	-0.3231270286727273
120300000	120349999	0.481083799990909	0.8121127229727272	-0.3310289229818182
120350000	120399999	0.5027475731181816	0.8121127229727272	-0.30936514985454555
120400000	120449999	0.5164674518363634	0.8121127229727272	-0.29564527113636374
120450000	120499999	0.5382252425636362	0.8121127229727272	-0.27388748040909094
120500000	120549999	0.6088406929999999	0.8121127229727272	-0.2032720299727273
120550000	120599999	0.6500782126454545	0.8121127229727272	-0.16203451032727267
120600000	120649999	0.6592564211272727	0.8121127229727272	-0.1528563018454545
120650000	120699999	0.6599439088818181	0.8121127229727272	-0.1521688140909091
120700000	120749999	0.6725137575727271	0.8121127229727272	-0.13959896540000005
120750000	120799999	0.6876882210181817	0.8121127229727272	-0.12442450195454546
120800000	120849999	0.6980578186545454	0.8121127229727272	-0.11405490431818177
120850000	120899999	0.7161746557545454	0.8121127229727272	-0.09593806721818177
120900000	120949999	0.7080837729545454	0.8121127229727272	-0.1040289500181818
120950000	120999999	0.7002026006	0.8121127229727272	-0.11191012237272724
121000000	121049999	0.6971625132545454	0.8121127229727272	-0.11495020971818182
121050000	121099999	0.6637464914181818	0.8121127229727272	-0.14836623155454542
121100000	121149999	0.636249396090909	0.8121127229727272	-0.17586332688181816
121150000	121199999	0.6943226430454544	0.8121127229727272	-0.11779007992727275
121200000	121249999	0.7535533894363635	0.8121127229727272	-0.05855933353636367
121250000	121299999	0.8021529183727272	0.8121127229727272	-0.00995980460000001
121300000	121349999	0.8078029445636363	0.8121127229727272	-0.004309778409090859
121350000	121399999	0.8042857631090908	0.8121127229727272	-0.007826959863636351
121400000	121449999	0.7719276044545453	0.8121127229727272	-0.04018511851818185
121450000	121499999	0.7442701601272727	0.8121127229727272	-0.06784256284545453
121500000	121549999	0.7314631044636363	0.8121127229727272	-0.08064961850909091
121550000	121599999	0.7090085964999999	0.8121127229727272	-0.10310412647272726
121600000	121649999	0.6841120959636362	0.8121127229727272	-0.12800062700909098
121650000	121699999	0.6864219325727272	0.8121127229727272	-0.12569079039999997
121700000	121749999	0.614440113481818	0.8121127229727272	-0.19767260949090915
121750000	121799999	0.5456567574545453	0.8121127229727272	-0.26645596551818185
121800000	121849999	0.4798995283272726	0.8121127229727272	-0.33221319464545457
121850000	121899999	0.4601912746363635	0.8121127229727272	-0.3519214483363637
121900000	121949999	0.443382853290909	0.8121127229727272	-0.3687298696818182
121950000	121999999	0.4677268324636363	0.8121127229727272	-0.3443858905090909
122000000	122049999	0.4865314338636363	0.8121127229727272	-0.3255812891090909
122050000	122099999	0.4957719167090908	0.8121127229727272	-0.31634080626363636
122100000	122149999	0.5128498132363635	0.8121127229727272	-0.2992629097363637
122150000	122199999	0.5159996375999999	0.8121127229727272	-0.2961130853727273
122200000	122249999	0.5073524980090909	0.8121127229727272	-0.3047602249636363
122250000	122299999	0.5184656859818182	0.8121127229727272	-0.293647036990909
122300000	122349999	0.5077405136727271	0.8121127229727272	-0.3043722093000001
122350000	122399999	0.5085709002727271	0.8121127229727272	-0.3035418227000001
122400000	122449999	0.5006043335181817	0.8121127229727272	-0.3115083894545455
122450000	122499999	0.5155620626454545	0.8121127229727272	-0.29655066032727273
122500000	122549999	0.5043049102363635	0.8121127229727272	-0.3078078127363637
122550000	122599999	0.4930688114999999	0.8121127229727272	-0.31904391147272726
122600000	122649999	0.49698590057272723	0.8121127229727272	-0.31512682239999995
122650000	122699999	0.4964885318999999	0.8121127229727272	-0.31562419107272727
122700000	122749999	0.49568621449999994	0.8121127229727272	-0.31642650847272724
122750000	122799999	0.4972445405272726	0.8121127229727272	-0.31486818244545456
122800000	122849999	0.49448987818181805	0.8121127229727272	-0.31762284479090913
122850000	122899999	0.5205471799090908	0.8121127229727272	-0.29156554306363636
122900000	122949999	0.5423816427454545	0.8121127229727272	-0.26973108022727266
122950000	122999999	0.5618584381727272	0.8121127229727272	-0.2502542848
123000000	123049999	0.5510071605181817	0.8121127229727272	-0.2611055624545455
123050000	123099999	0.5517296559909091	0.8121127229727272	-0.2603830669818181
123100000	123149999	0.5662331305181818	0.8121127229727272	-0.24587959245454538
123150000	123199999	0.5725856432818182	0.8121127229727272	-0.23952707969090903
123200000	123249999	0.5588369150181818	0.8121127229727272	-0.2532758079545454
123250000	123299999	0.5631492302090908	0.8121127229727272	-0.24896349276363638
123300000	123349999	0.5704300510999999	0.8121127229727272	-0.2416826718727273
123350000	123399999	0.5935267587727272	0.8121127229727272	-0.21858596419999998
123400000	123449999	0.6262554178090909	0.8121127229727272	-0.1858573051636363
123450000	123499999	0.652289892990909	0.8121127229727272	-0.15982282998181818
123500000	123549999	0.6806644899454545	0.8121127229727272	-0.1314482330272727
123550000	123599999	0.7194956649181817	0.8121127229727272	-0.09261705805454545
123600000	123649999	0.744982186890909	0.8121127229727272	-0.06713053608181818
123650000	123699999	0.782521431390909	0.8121127229727272	-0.02959129158181817
123700000	123749999	0.8029544543818181	0.8121127229727272	-0.009158268590909069
123750000	123799999	0.8548317425181817	0.8121127229727272	0.04271901954545454
123800000	123849999	0.9047598587272726	0.8121127229727272	0.09264713575454542
123850000	123899999	1.007404038190909	0.8121127229727272	0.19529131521818188
123900000	123949999	1.0241080601363635	0.8121127229727272	0.21199533716363628
123950000	123999999	1.0216315363636364	0.8121127229727272	0.20951881339090916
124000000	124049999	1.048433910490909	0.8121127229727272	0.23632118751818187
124050000	124099999	1.0748042881090907	0.8121127229727272	0.2626915651363635
124100000	124149999	1.1193793454181817	0.8121127229727272	0.30726662244545455
124150000	124199999	1.1393228046363635	0.8121127229727272	0.3272100816636363
124200000	124249999	1.135913301490909	0.8121127229727272	0.3238005785181819
124250000	124299999	1.1490961455454545	0.8121127229727272	0.3369834225727273
124300000	124349999	1.1314743370636362	0.8121127229727272	0.319361614090909
124350000	124399999	1.1348005692999998	0.8121127229727272	0.32268784632727265
124400000	124449999	1.0590522432545453	0.8121127229727272	0.2469395202818181
124450000	124499999	1.0619734300545454	0.8121127229727272	0.24986070708181818
124500000	124549999	1.0657009296272726	0.8121127229727272	0.2535882066545454
124550000	124599999	1.0594411752545454	0.8121127229727272	0.2473284522818182
124600000	124649999	1.0392771476727272	0.8121127229727272	0.22716442469999998
124650000	124699999	1.0128184243181817	0.8121127229727272	0.2007057013454545
124700000	124749999	1.030253672590909	0.8121127229727272	0.21814094961818187
124750000	124799999	1.0465903328818182	0.8121127229727272	0.23447760990909106
124800000	124849999	1.0520930904727273	0.8121127229727272	0.23998036750000007
124850000	124899999	1.0670961125636362	0.8121127229727272	0.25498338959090905
124900000	124949999	1.0420580629090908	0.8121127229727272	0.22994533993636357
124950000	124999999	1.0476684826272726	0.8121127229727272	0.23555575965454545
125000000	125049999	1.0490139525181816	0.8121127229727272	0.23690122954545445
125050000	125099999	1.1273480226636363	0.8121127229727272	0.31523529969090913
125100000	125149999	1.1373026822090908	0.8121127229727272	0.3251899592363636
125150000	125199999	1.1343305120818181	0.8121127229727272	0.32221778910909094
125200000	125249999	1.1529936479727272	0.8121127229727272	0.340880925
125250000	125299999	1.1561294323727271	0.8121127229727272	0.34401670939999995
125300000	125349999	1.1407093262272727	0.8121127229727272	0.32859660325454554
125350000	125399999	1.1515386472454545	0.8121127229727272	0.33942592427272733
125400000	125449999	1.1728168877727272	0.8121127229727272	0.3607041648
125450000	125499999	1.1837623715999999	0.8121127229727272	0.3716496486272727
125500000	125549999	1.1846172722181818	0.8121127229727272	0.3725045492454546
125550000	125599999	1.1906172405818183	0.8121127229727272	0.3785045176090911
125600000	125649999	1.1238053125727272	0.8121127229727272	0.3116925896
125650000	125699999	1.1085024173090907	0.8121127229727272	0.29638969433636353
125700000	125749999	1.1294301806181817	0.8121127229727272	0.3173174576454545
125750000	125799999	1.115019839481818	0.8121127229727272	0.30290711650909086
125800000	125849999	1.1269077811454544	0.8121127229727272	0.31479505817272724
125850000	125899999	1.1702715952727272	0.8121127229727272	0.3581588723
125900000	125949999	1.1873930945090907	0.8121127229727272	0.3752803715363635
125950000	125999999	1.2000513925272727	0.8121127229727272	0.3879386695545455
126000000	126049999	1.2195189049272726	0.8121127229727272	0.40740618195454537
126050000	126099999	1.247288763981818	0.8121127229727272	0.4351760410090908
126100000	126149999	1.234535571772727	0.8121127229727272	0.4224228487999999
126150000	126199999	1.2089050950363636	0.8121127229727272	0.3967923720636364
126200000	126249999	1.1972629475818182	0.8121127229727272	0.385150224609091
126250000	126299999	1.1842620254818181	0.8121127229727272	0.37214930250909095
126300000	126349999	1.1592187074545455	0.8121127229727272	0.3471059844818183
126350000	126399999	1.1169586036727273	0.8121127229727272	0.30484588070000007
126400000	126449999	1.0785897468181818	0.8121127229727272	0.2664770238454546
126450000	126499999	1.0396251500454545	0.8121127229727272	0.22751242707272734
126500000	126549999	0.9893291281090908	0.8121127229727272	0.1772164051363636
126550000	126599999	0.9571924892818181	0.8121127229727272	0.14507976630909092
126600000	126649999	0.9551323966181817	0.8121127229727272	0.14301967364545454
126650000	126699999	0.970710147281818	0.8121127229727272	0.15859742430909085
126700000	126749999	0.9789061962454544	0.8121127229727272	0.1667934732727272
126750000	126799999	0.975433852790909	0.8121127229727272	0.1633211298181818
126800000	126849999	0.9665902998999999	0.8121127229727272	0.1544775769272727
126850000	126899999	0.9824311685636362	0.8121127229727272	0.17031844559090903
126900000	126949999	0.9916187669636363	0.8121127229727272	0.17950604399090908
126950000	126999999	0.986178821490909	0.8121127229727272	0.17406609851818178
127000000	127049999	1.0052850896272727	0.8121127229727272	0.1931723666545455
127050000	127099999	1.0037105273727271	0.8121127229727272	0.19159780439999996
127100000	127149999	0.9948309368454544	0.8121127229727272	0.18271821387272724
127150000	127199999	0.9423724048090908	0.8121127229727272	0.1302596818363636
127200000	127249999	0.9147575645363636	0.8121127229727272	0.1026448415636364
127250000	127299999	0.8898729659090908	0.8121127229727272	0.07776024293636363
127300000	127349999	0.852059896890909	0.8121127229727272	0.03994717391818181
127350000	127399999	0.8181521833636363	0.8121127229727272	0.006039460390909079
127400000	127449999	0.7829897277363635	0.8121127229727272	-0.029122995236363636
127450000	127499999	0.750351519190909	0.8121127229727272	-0.06176120378181815
127500000	127549999	0.7455725730636363	0.8121127229727272	-0.06654014990909085
127550000	127599999	0.7219388226090908	0.8121127229727272	-0.09017390036363637
127600000	127649999	0.7279746385818181	0.8121127229727272	-0.08413808439090908
127650000	127699999	0.7469605506272727	0.8121127229727272	-0.06515217234545445
127700000	127749999	0.7701201959999999	0.8121127229727272	-0.04199252697272726
127750000	127799999	0.7791315474727272	0.8121127229727272	-0.032981175500000015
127800000	127849999	0.7992732363454544	0.8121127229727272	-0.012839486627272745
127850000	127899999	0.8195757710272726	0.8121127229727272	0.007463048054545451
127900000	127949999	0.8530320885090908	0.8121127229727272	0.04091936553636366
127950000	127999999	0.8648258799181817	0.8121127229727272	0.05271315694545453
128000000	128049999	0.8855002770818181	0.8121127229727272	0.07338755410909092
128050000	128099999	0.853966747690909	0.8121127229727272	0.04185402471818178
128100000	128149999	0.8337066434454544	0.8121127229727272	0.021593920472727235
128150000	128199999	0.816725089	0.8121127229727272	0.004612366027272774
128200000	128249999	0.7997988375454544	0.8121127229727272	-0.012313885427272742
128250000	128299999	0.8088724604727272	0.8121127229727272	-0.0032402624999999796
128300000	128349999	0.7935894150545454	0.8121127229727272	-0.018523307918181797
128350000	128399999	0.7916889361090909	0.8121127229727272	-0.02042378686363633
128400000	128449999	0.8127588773818181	0.8121127229727272	0.0006461544090908822
128450000	128499999	0.8205315394636362	0.8121127229727272	0.008418816490909031
128500000	128549999	0.8503367211272727	0.8121127229727272	0.03822399815454547
128550000	128599999	0.8651989147999999	0.8121127229727272	0.0530861918272727
128600000	128649999	0.9091394732363636	0.8121127229727272	0.09702675026363639
128650000	128699999	0.9500352696636363	0.8121127229727272	0.1379225466909091
128700000	128749999	0.9963328932818181	0.8121127229727272	0.18422017030909088
128750000	128799999	1.0377174543090908	0.8121127229727272	0.2256047313363636
128800000	128849999	1.0767087968545455	0.8121127229727272	0.2645960738818183
128850000	128899999	1.100838166281818	0.8121127229727272	0.2887254433090909
128900000	128949999	1.1424897803	0.8121127229727272	0.33037705732727285
128950000	128999999	1.1643372839636363	0.8121127229727272	0.35222456099090915
129000000	129049999	1.1965056839	0.8121127229727272	0.3843929609272727
129050000	129099999	1.2314933740454546	0.8121127229727272	0.4193806510727274
129100000	129149999	1.2269129774999998	0.8121127229727272	0.41480025452727265
129150000	129199999	1.2519969674545453	0.8121127229727272	0.43988424448181807
129200000	129249999	1.2453284169363634	0.8121127229727272	0.43321569396363624
129250000	129299999	1.2805994988	0.8121127229727272	0.4684867758272728
129300000	129349999	1.3136269336090909	0.8121127229727272	0.5015142106363637
129350000	129399999	1.2854255373818182	0.8121127229727272	0.473312814409091
129400000	129449999	1.3249815326181817	0.8121127229727272	0.5128688096454546
129450000	129499999	1.3149596629090907	0.8121127229727272	0.5028469399363635
129500000	129549999	1.2984507715	0.8121127229727272	0.4863380485272728
129550000	129599999	1.239992892781818	0.8121127229727272	0.4278801698090908
129600000	129649999	1.2190272307454546	0.8121127229727272	0.4069145077727274
129650000	129699999	1.2130838779	0.8121127229727272	0.40097115492727275
129700000	129749999	1.2129708475090908	0.8121127229727272	0.4008581245363636
129750000	129799999	1.2371445926181817	0.8121127229727272	0.4250318696454545
129800000	129849999	1.2196432694363635	0.8121127229727272	0.4075305464636363
129850000	129899999	1.2024196346363636	0.8121127229727272	0.3903069116636364
129900000	129949999	1.1931185572454546	0.8121127229727272	0.3810058342727274
129950000	129999999	1.1969373986636362	0.8121127229727272	0.38482467569090906
130000000	130049999	1.2300287925181816	0.8121127229727272	0.41791606954545446
130050000	130099999	1.2765408129727271	0.8121127229727272	0.46442808999999996
130100000	130149999	1.3570665634727272	0.8121127229727272	0.5449538405000001
130150000	130199999	1.3870296036363636	0.8121127229727272	0.5749168806636364
130200000	130249999	1.458604205590909	0.8121127229727272	0.6464914826181818
130250000	130299999	1.511382156763636	0.8121127229727272	0.6992694337909089
130300000	130349999	1.5685633861363635	0.8121127229727272	0.7564506631636363
130350000	130399999	1.5546702140545454	0.8121127229727272	0.7425574910818182
130400000	130449999	1.5429667304999999	0.8121127229727272	0.7308540075272727
130450000	130499999	1.5749943082727271	0.8121127229727272	0.7628815852999999
130500000	130549999	1.5472296421090908	0.8121127229727272	0.7351169191363636
130550000	130599999	1.4865172686454544	0.8121127229727272	0.6744045456727272
130600000	130649999	1.4786316157363637	0.8121127229727272	0.6665188927636365
130650000	130699999	1.4628738716818181	0.8121127229727272	0.650761148709091
130700000	130749999	1.430799339209091	0.8121127229727272	0.6186866162363638
130750000	130799999	1.3635171568181819	0.8121127229727272	0.5514044338454547
130800000	130849999	1.2704357248363636	0.8121127229727272	0.4583230018636364
130850000	130899999	1.1876405014181817	0.8121127229727272	0.3755277784454545
130900000	130949999	1.1708555427272727	0.8121127229727272	0.35874281975454547
130950000	130999999	1.183359126890909	0.8121127229727272	0.37124640391818176
131000000	131049999	1.180694303472727	0.8121127229727272	0.3685815804999999
131050000	131099999	1.1829391403090908	0.8121127229727272	0.37082641733636357
131100000	131149999	1.170769284581818	0.8121127229727272	0.3586565616090909
131150000	131199999	1.1136190430545454	0.8121127229727272	0.3015063200818182
131200000	131249999	1.0610373363363634	0.8121127229727272	0.24892461336363625
131250000	131299999	1.0379987157272725	0.8121127229727272	0.22588599275454535
131300000	131349999	1.0483843357545455	0.8121127229727272	0.2362716127818183
131350000	131399999	1.0382190319545455	0.8121127229727272	0.22610630898181827
131400000	131449999	1.032877820490909	0.8121127229727272	0.22076509751818185
131450000	131499999	1.0310954703454545	0.8121127229727272	0.21898274737272727
131500000	131549999	0.9731495255909091	0.8121127229727272	0.16103680261818187
131550000	131599999	0.9095720777909091	0.8121127229727272	0.09745935481818191
131600000	131649999	0.8516804058636362	0.8121127229727272	0.03956768289090906
131650000	131699999	0.8438058368090908	0.8121127229727272	0.03169311383636364
131700000	131749999	0.8227396040818181	0.8121127229727272	0.010626881109090935
131750000	131799999	0.7941773160363635	0.8121127229727272	-0.01793540693636364
131800000	131849999	0.7437273503545454	0.8121127229727272	-0.06838537261818178
131850000	131899999	0.7024381214636363	0.8121127229727272	-0.10967460150909092
131900000	131949999	0.6826506726818181	0.8121127229727272	-0.12946205029090907
131950000	131999999	0.6345696576818181	0.8121127229727272	-0.17754306529090913
132000000	132049999	0.5816569538999999	0.8121127229727272	-0.23045576907272725
132050000	132099999	0.5686092578727272	0.8121127229727272	-0.24350346509999998
132100000	132149999	0.5532810716818182	0.8121127229727272	-0.258831651290909
132150000	132199999	0.5481772207545454	0.8121127229727272	-0.26393550221818174
132200000	132249999	0.5189195340454544	0.8121127229727272	-0.29319318892727275
132250000	132299999	0.5176427558636363	0.8121127229727272	-0.2944699671090909
132300000	132349999	0.5188400957818181	0.8121127229727272	-0.2932726271909091
132350000	132399999	0.5226606567727272	0.8121127229727272	-0.28945206619999997
132400000	132449999	0.5168395818090907	0.8121127229727272	-0.29527314116363645
132450000	132499999	0.5227116004999999	0.8121127229727272	-0.2894011224727273
132500000	132549999	0.5111354415727272	0.8121127229727272	-0.3009772814
132550000	132599999	0.5158919941090908	0.8121127229727272	-0.2962207288636364
132600000	132649999	0.5276504040545453	0.8121127229727272	-0.28446231891818186
132650000	132699999	0.5689238326818181	0.8121127229727272	-0.24318889029090907
132700000	132749999	0.6403281485090908	0.8121127229727272	-0.17178457446363637
132750000	132799999	0.6959212455545454	0.8121127229727272	-0.11619147741818181
132800000	132849999	0.6934396060454544	0.8121127229727272	-0.11867311692727278
132850000	132899999	0.7087050550363636	0.8121127229727272	-0.10340766793636358
132900000	132949999	0.7218588042999999	0.8121127229727272	-0.09025391867272725
132950000	132999999	0.7249108318727272	0.8121127229727272	-0.08720189109999998
133000000	133049999	0.7157558143909091	0.8121127229727272	-0.09635690858181811
133050000	133099999	0.7340776188545454	0.8121127229727272	-0.07803510411818182
133100000	133149999	0.7439131631272726	0.8121127229727272	-0.06819955984545456
133150000	133199999	0.7380859518727272	0.8121127229727272	-0.0740267711
133200000	133249999	0.6917028173090909	0.8121127229727272	-0.1204099056636363
133250000	133299999	0.6206942736090908	0.8121127229727272	-0.1914184493636364
133300000	133349999	0.5839781527999999	0.8121127229727272	-0.2281345701727273
133350000	133399999	0.6067377634727271	0.8121127229727272	-0.20537495950000006
133400000	133449999	0.6031102186090909	0.8121127229727272	-0.20900250436363632
133450000	133499999	0.6189354238181817	0.8121127229727272	-0.1931772991545455
133500000	133549999	0.6582801489636363	0.8121127229727272	-0.1538325740090909
133550000	133599999	0.764737070790909	0.8121127229727272	-0.04737565218181816
133600000	133649999	0.8041238815545454	0.8121127229727272	-0.007988841418181791
133650000	133699999	0.8050144221999999	0.8121127229727272	-0.007098300772727328
133700000	133749999	0.8207663563636363	0.8121127229727272	0.008653633390909077
133750000	133799999	0.8497879181363636	0.8121127229727272	0.03767519516363638
133800000	133849999	0.8588428497272727	0.8121127229727272	0.046730126754545465
133850000	133899999	0.8685440820727272	0.8121127229727272	0.05643135909999997
133900000	133949999	0.8744559687999999	0.8121127229727272	0.062343245827272686
133950000	133999999	0.8750540603363636	0.8121127229727272	0.06294133736363638
134000000	134049999	0.8793871003090908	0.8121127229727272	0.06727437733636366
134050000	134099999	0.8526409372818181	0.8121127229727272	0.040528214309090926
134100000	134149999	0.7547793164636363	0.8121127229727272	-0.05733340650909091
134150000	134199999	0.7310247369363636	0.8121127229727272	-0.08108798603636358
134200000	134249999	0.7471188624636362	0.8121127229727272	-0.06499386050909095
134250000	134299999	0.7345876981090909	0.8121127229727272	-0.07752502486363633
134300000	134349999	0.7348997630181817	0.8121127229727272	-0.07721295995454547
134350000	134399999	0.7416320400727272	0.8121127229727272	-0.07048068289999998
134400000	134449999	0.7442773257090908	0.8121127229727272	-0.06783539726363641
134450000	134499999	0.7140903984999999	0.8121127229727272	-0.0980223244727273
134500000	134549999	0.7027460830090908	0.8121127229727272	-0.10936663996363638
134550000	134599999	0.6815224687272726	0.8121127229727272	-0.13059025424545456
134600000	134649999	0.6676041565363635	0.8121127229727272	-0.14450856643636367
134650000	134699999	0.6670498590545454	0.8121127229727272	-0.1450628639181818
134700000	134749999	0.6627894902636363	0.8121127229727272	-0.14932323270909087
134750000	134799999	0.6337525765272727	0.8121127229727272	-0.1783601464454545
134800000	134849999	0.6084179935181817	0.8121127229727272	-0.20369472945454548
134850000	134899999	0.5818595517636362	0.8121127229727272	-0.23025317120909095
134900000	134949999	0.5651251425727272	0.8121127229727272	-0.24698758040000002
134950000	134999999	0.5480469436181817	0.8121127229727272	-0.26406577935454545
135000000	135049999	0.5396388078545453	0.8121127229727272	-0.27247391511818186
135050000	135099999	0.5218282603454545	0.8121127229727272	-0.2902844626272727
135100000	135149999	0.5158184416999999	0.8121127229727272	-0.2962942812727273
135150000	135199999	0.5319461973454545	0.8121127229727272	-0.28016652562727273
135200000	135249999	0.5204106991272726	0.8121127229727272	-0.2917020238454546
135250000	135299999	0.5088972166999999	0.8121127229727272	-0.3032155062727273
135300000	135349999	0.5411751300090908	0.8121127229727272	-0.2709375929636364
135350000	135399999	0.5652627912545454	0.8121127229727272	-0.24684993171818181
135400000	135449999	0.5887585384363636	0.8121127229727272	-0.22335418453636358
135450000	135499999	0.6074822490272727	0.8121127229727272	-0.20463047394545453
135500000	135549999	0.6400557779181817	0.8121127229727272	-0.1720569450545455
135550000	135599999	0.7323657569363635	0.8121127229727272	-0.07974696603636366
135600000	135649999	0.7721436839999999	0.8121127229727272	-0.0399690389727273
135650000	135699999	0.7840167142454545	0.8121127229727272	-0.028096008727272692
135700000	135749999	0.767309244790909	0.8121127229727272	-0.04480347818181818
135750000	135799999	0.7660210823090908	0.8121127229727272	-0.04609164066363636
135800000	135849999	0.755827956990909	0.8121127229727272	-0.0562847659818182
135850000	135899999	0.723594921690909	0.8121127229727272	-0.08851780128181819
135900000	135949999	0.7041361507272726	0.8121127229727272	-0.10797657224545454
135950000	135999999	0.6786116034818181	0.8121127229727272	-0.13350111949090904
136000000	136049999	0.6464886450272727	0.8121127229727272	-0.16562407794545453
136050000	136099999	0.6044590079272727	0.8121127229727272	-0.2076537150454545
136100000	136149999	0.5104469239545454	0.8121127229727272	-0.3016657990181818
136150000	136199999	0.4859236316636363	0.8121127229727272	-0.3261890913090909
136200000	136249999	0.4800862891545453	0.8121127229727272	-0.33202643381818187
136250000	136299999	0.4843319261181817	0.8121127229727272	-0.3277807968545455
136300000	136349999	0.49697879582727267	0.8121127229727272	-0.3151339271454545
136350000	136399999	0.5009052898727271	0.8121127229727272	-0.3112074331000001
136400000	136449999	0.49755805943636355	0.8121127229727272	-0.31455466353636363
136450000	136499999	0.4879974858999999	0.8121127229727272	-0.32411523707272727
136500000	136549999	0.47800774962727266	0.8121127229727272	-0.3341049733454545
136550000	136599999	0.47462533178181804	0.8121127229727272	-0.33748739119090915
136600000	136649999	0.46335440141818174	0.8121127229727272	-0.34875832155454545
136650000	136699999	0.4661551027727272	0.8121127229727272	-0.3459576202
136700000	136749999	0.46175407730909085	0.8121127229727272	-0.35035864566363634
136750000	136799999	0.4555051883636363	0.8121127229727272	-0.3566075346090909
136800000	136849999	0.4449623044181818	0.8121127229727272	-0.3671504185545454
136850000	136899999	0.43724402636363635	0.8121127229727272	-0.37486869660909083
136900000	136949999	0.4312973548454544	0.8121127229727272	-0.3808153681272728
136950000	136999999	0.4307979758818181	0.8121127229727272	-0.38131474709090907
137000000	137049999	0.4354063175454544	0.8121127229727272	-0.3767064054272728
137050000	137099999	0.45258050258181803	0.8121127229727272	-0.35953222039090915
137100000	137149999	0.4891234064999999	0.8121127229727272	-0.3229893164727273
137150000	137199999	0.5180436978090908	0.8121127229727272	-0.2940690251636364
137200000	137249999	0.5079101452909089	0.8121127229727272	-0.30420257768181824
137250000	137299999	0.5051106498545452	0.8121127229727272	-0.30700207311818195
137300000	137349999	0.5078569700545453	0.8121127229727272	-0.30425575291818185
137350000	137399999	0.5109419999545454	0.8121127229727272	-0.3011707230181818
137400000	137449999	0.5059008805090908	0.8121127229727272	-0.3062118424636364
137450000	137499999	0.5164971065454544	0.8121127229727272	-0.29561561642727274
137500000	137549999	0.5359342008272727	0.8121127229727272	-0.27617852214545446
137550000	137599999	0.5414890908727271	0.8121127229727272	-0.27062363210000007
137600000	137649999	0.5407980390090907	0.8121127229727272	-0.27131468396363645
137650000	137699999	0.5015423595090909	0.8121127229727272	-0.3105703634636363
137700000	137749999	0.49463882519999985	0.8121127229727272	-0.31747389777272733
137750000	137799999	0.5111067799	0.8121127229727272	-0.3010059430727272
137800000	137849999	0.5122163807181817	0.8121127229727272	-0.29989634225454553
137850000	137899999	0.5138127605454544	0.8121127229727272	-0.29829996242727275
137900000	137949999	0.5096431176090908	0.8121127229727272	-0.30246960536363643
137950000	137999999	0.5181604422727271	0.8121127229727272	-0.2939522807000001
138000000	138049999	0.5125338286090908	0.8121127229727272	-0.2995788943636364
138050000	138099999	0.49862733238181817	0.8121127229727272	-0.313485390590909
138100000	138149999	0.5186943960363635	0.8121127229727272	-0.2934183269363637
138150000	138199999	0.5098306824363635	0.8121127229727272	-0.30228204053636365
138200000	138249999	0.534366065890909	0.8121127229727272	-0.2777466570818182
138250000	138299999	0.5253058829999999	0.8121127229727272	-0.28680683997272727
138300000	138349999	0.518437032390909	0.8121127229727272	-0.2936756905818182
138350000	138399999	0.5123588982727272	0.8121127229727272	-0.2997538247
138400000	138449999	0.5130017268272726	0.8121127229727272	-0.29911099614545456
138450000	138499999	0.5320141754454545	0.8121127229727272	-0.2800985475272727
138500000	138549999	0.515447217090909	0.8121127229727272	-0.29666550588181817
138550000	138599999	0.5061587754181818	0.8121127229727272	-0.3059539475545454
138600000	138649999	0.49571938880909083	0.8121127229727272	-0.31639333416363635
138650000	138699999	0.4693143257090908	0.8121127229727272	-0.34279839726363637
138700000	138749999	0.4684310353727272	0.8121127229727272	-0.3436816876
138750000	138799999	0.4444751237363635	0.8121127229727272	-0.3676375992363637
138800000	138849999	0.4252221961090908	0.8121127229727272	-0.3868905268636364
138850000	138899999	0.42253422995454537	0.8121127229727272	-0.3895784930181818
138900000	138949999	0.4254138466999999	0.8121127229727272	-0.3866988762727273
138950000	138999999	0.4149821798636362	0.8121127229727272	-0.39713054310909096
139000000	139049999	0.380848577290909	0.8121127229727272	-0.4312641456818182
139050000	139099999	0.37883153239999984	0.8121127229727272	-0.43328119057272735
139100000	139149999	0.38160794177272717	0.8121127229727272	-0.4305047812
139150000	139199999	0.3851847643727272	0.8121127229727272	-0.4269279586
139200000	139249999	0.39392767260909084	0.8121127229727272	-0.41818505036363635
139250000	139299999	0.39055701800909076	0.8121127229727272	-0.4215557049636364
139300000	139349999	0.40047861284545444	0.8121127229727272	-0.41163411012727275
139350000	139399999	0.4267776498090908	0.8121127229727272	-0.3853350731636364
139400000	139449999	0.4429557150090908	0.8121127229727272	-0.3691570079636364
139450000	139499999	0.44883776540909076	0.8121127229727272	-0.3632749575636364
139500000	139549999	0.46139915864545444	0.8121127229727272	-0.35071356432727274
139550000	139599999	0.4806274396454544	0.8121127229727272	-0.3314852833272728
139600000	139649999	0.4964570943090908	0.8121127229727272	-0.3156556286636364
139650000	139699999	0.5162824357454545	0.8121127229727272	-0.29583028722727267
139700000	139749999	0.526414523990909	0.8121127229727272	-0.28569819898181814
139750000	139799999	0.5343067180727271	0.8121127229727272	-0.27780600490000007
139800000	139849999	0.5584920601272725	0.8121127229727272	-0.2536206628454547
139850000	139899999	0.6008280839090908	0.8121127229727272	-0.21128463906363637
139900000	139949999	0.6183683950909089	0.8121127229727272	-0.19374432788181828
139950000	139999999	0.6290734396545453	0.8121127229727272	-0.18303928331818187
140000000	140049999	0.6351093211363635	0.8121127229727272	-0.17700340183636365
140050000	140099999	0.6357966891181818	0.8121127229727272	-0.17631603385454542
140100000	140149999	0.6531171365818181	0.8121127229727272	-0.15899558639090905
140150000	140199999	0.674839247790909	0.8121127229727272	-0.1372734751818182
140200000	140249999	0.6952403346181817	0.8121127229727272	-0.1168723883545455
140250000	140299999	0.7287946877181817	0.8121127229727272	-0.08331803525454551
140300000	140349999	0.7446635941181817	0.8121127229727272	-0.06744912885454546
140350000	140399999	0.7483117344818181	0.8121127229727272	-0.0638009884909091
140400000	140449999	0.7186806496999999	0.8121127229727272	-0.09343207327272729
140450000	140499999	0.7051708955545454	0.8121127229727272	-0.10694182741818181
140500000	140549999	0.6867216495181818	0.8121127229727272	-0.12539107345454537
140550000	140599999	0.6979328107181817	0.8121127229727272	-0.11417991225454549
140600000	140649999	0.7078629823727272	0.8121127229727272	-0.10424974060000003
140650000	140699999	0.6959128186999999	0.8121127229727272	-0.1161999042727273
140700000	140749999	0.6846359197363636	0.8121127229727272	-0.12747680323636357
140750000	140799999	0.6859977724090909	0.8121127229727272	-0.1261149505636363
140800000	140849999	0.670060110890909	0.8121127229727272	-0.14205261208181819
140850000	140899999	0.6634525692818181	0.8121127229727272	-0.14866015369090912
140900000	140949999	0.6774483322999999	0.8121127229727272	-0.13466439067272729
140950000	140999999	0.6995009561818181	0.8121127229727272	-0.11261176679090912
141000000	141049999	0.7147056153454545	0.8121127229727272	-0.09740710762727267
141050000	141099999	0.7566823997181817	0.8121127229727272	-0.055430323254545444
141100000	141149999	0.7666820142727272	0.8121127229727272	-0.04543070869999999
141150000	141199999	0.7904242388272726	0.8121127229727272	-0.021688484145454545
141200000	141249999	0.8361621019090908	0.8121127229727272	0.024049378936363608
141250000	141299999	0.8398383589454544	0.8121127229727272	0.02772563597272726
141300000	141349999	0.8277724886363635	0.8121127229727272	0.01565976566363636
141350000	141399999	0.839828685790909	0.8121127229727272	0.027715962818181783
141400000	141449999	0.8676446991999999	0.8121127229727272	0.055531976227272684
141450000	141499999	0.8897440378636363	0.8121127229727272	0.07763131489090913
141500000	141549999	0.9205477274545454	0.8121127229727272	0.1084350044818182
141550000	141599999	0.9541162382727272	0.8121127229727272	0.1420035153
141600000	141649999	1.002807957172727	0.8121127229727272	0.1906952341999999
141650000	141699999	1.0559726483727272	0.8121127229727272	0.2438599254
141700000	141749999	1.0704807188090908	0.8121127229727272	0.2583679958363636
141750000	141799999	1.066384141790909	0.8121127229727272	0.2542714188181818
141800000	141849999	1.0802429921999999	0.8121127229727272	0.2681302692272727
141850000	141899999	1.0891031947636363	0.8121127229727272	0.2769904717909091
141900000	141949999	1.0835434245545454	0.8121127229727272	0.27143070158181826
141950000	141999999	1.0494628656	0.8121127229727272	0.23735014262727283
142000000	142049999	1.0176903886363635	0.8121127229727272	0.20557766566363633
142050000	142099999	0.9952838405545454	0.8121127229727272	0.18317111758181825
142100000	142149999	0.9804125727545454	0.8121127229727272	0.16829984978181822
142150000	142199999	0.945080828290909	0.8121127229727272	0.13296810531818182
142200000	142249999	0.8686893535181818	0.8121127229727272	0.05657663054545459
142250000	142299999	0.8283815012999999	0.8121127229727272	0.016268778327272693
142300000	142349999	0.8096591323818181	0.8121127229727272	-0.002453590590909105
142350000	142399999	0.7904642853636363	0.8121127229727272	-0.021648437609090854
142400000	142449999	0.7942683260636363	0.8121127229727272	-0.017844396909090898
142450000	142499999	0.7849064332818181	0.8121127229727272	-0.027206289690909102
142500000	142549999	0.7129956236999999	0.8121127229727272	-0.09911709927272727
142550000	142599999	0.7427319092727271	0.8121127229727272	-0.06938081370000004
142600000	142649999	0.7092734182909091	0.8121127229727272	-0.10283930468181812
142650000	142699999	0.6679329754999999	0.8121127229727272	-0.14417974747272733
142700000	142749999	0.5901582766818181	0.8121127229727272	-0.2219544462909091
142750000	142799999	0.5949461507090908	0.8121127229727272	-0.21716657226363634
142800000	142849999	0.5817532021090909	0.8121127229727272	-0.2303595208636363
142850000	142899999	0.5582173186727273	0.8121127229727272	-0.2538954042999999
142900000	142949999	0.5502408171090909	0.8121127229727272	-0.2618719058636363
142950000	142999999	0.5230052515181818	0.8121127229727272	-0.2891074714545454
143000000	143049999	0.521555559790909	0.8121127229727272	-0.29055716318181823
143050000	143099999	0.5775002662363635	0.8121127229727272	-0.23461245673636366
143100000	143149999	0.5360195199090909	0.8121127229727272	-0.27609320306363627
143150000	143199999	0.5278150083545454	0.8121127229727272	-0.28429771461818176
143200000	143249999	0.524931205890909	0.8121127229727272	-0.28718151708181816
143250000	143299999	0.5546834001909089	0.8121127229727272	-0.2574293227818183
143300000	143349999	0.5658456839999999	0.8121127229727272	-0.24626703897272728
143350000	143399999	0.5659811004727272	0.8121127229727272	-0.24613162249999998
143400000	143449999	0.5749467907454544	0.8121127229727272	-0.23716593222727278
143450000	143499999	0.5715797322090909	0.8121127229727272	-0.24053299076363632
143500000	143549999	0.5796889392727271	0.8121127229727272	-0.23242378370000005
143550000	143599999	0.5642909778181817	0.8121127229727272	-0.24782174515454547
143600000	143649999	0.5850711059363636	0.8121127229727272	-0.2270416170363636
143650000	143699999	0.5870152865454544	0.8121127229727272	-0.22509743642727276
143700000	143749999	0.5991280062818181	0.8121127229727272	-0.21298471669090913
143750000	143799999	0.6043099814545454	0.8121127229727272	-0.2078027415181818
143800000	143849999	0.6046314406181817	0.8121127229727272	-0.20748128235454544
143850000	143899999	0.5985791039181817	0.8121127229727272	-0.2135336190545455
143900000	143949999	0.6003483601272727	0.8121127229727272	-0.21176436284545452
143950000	143999999	0.5967476881545454	0.8121127229727272	-0.2153650348181818
144000000	144049999	0.5967788801181817	0.8121127229727272	-0.2153338428545455
144050000	144099999	0.6156711515363635	0.8121127229727272	-0.19644157143636365
144100000	144149999	0.6421576817181818	0.8121127229727272	-0.1699550412545454
144150000	144199999	0.6410433734363635	0.8121127229727272	-0.17106934953636366
144200000	144249999	0.6563272795272727	0.8121127229727272	-0.15578544344545453
144250000	144299999	0.6475399468545454	0.8121127229727272	-0.16457277611818177
144300000	144349999	0.6571639057181817	0.8121127229727272	-0.15494881725454546
144350000	144399999	0.6848553029636363	0.8121127229727272	-0.1272574200090909
144400000	144449999	0.7185288831454545	0.8121127229727272	-0.0935838398272727
144450000	144499999	0.7104108186545454	0.8121127229727272	-0.10170190431818182
144500000	144549999	0.7139338569454545	0.8121127229727272	-0.09817886602727266
144550000	144599999	0.7217910341090908	0.8121127229727272	-0.09032168886363634
144600000	144649999	0.693762315090909	0.8121127229727272	-0.11835040788181816
144650000	144699999	0.6828302093999999	0.8121127229727272	-0.12928251357272724
144700000	144749999	0.6963952141545454	0.8121127229727272	-0.11571750881818177
144750000	144799999	0.7004307798363636	0.8121127229727272	-0.11168194313636359
144800000	144849999	0.7049707532090909	0.8121127229727272	-0.10714196976363632
144850000	144899999	0.7149526876636363	0.8121127229727272	-0.0971600353090909
144900000	144949999	0.674015622890909	0.8121127229727272	-0.1380971000818182
144950000	144999999	0.6211309652363636	0.8121127229727272	-0.1909817577363636
145000000	145049999	0.6174130262090909	0.8121127229727272	-0.1946996967636363
145050000	145099999	0.5402154782727273	0.8121127229727272	-0.2718972446999999
145100000	145149999	0.5585639271636362	0.8121127229727272	-0.25354879580909095
145150000	145199999	0.4934349540727272	0.8121127229727272	-0.3186777689
145200000	145249999	0.41732958689999994	0.8121127229727272	-0.39478313607272725
145250000	145299999	0.4020315437181818	0.8121127229727272	-0.4100811792545454
145300000	145349999	0.39409790505454545	0.8121127229727272	-0.41801481791818174
145350000	145399999	0.39755269551818173	0.8121127229727272	-0.41456002745454545
145400000	145449999	0.41082721923636356	0.8121127229727272	-0.4012855037363636
145450000	145499999	0.42872354203636365	0.8121127229727272	-0.38338918093636354
145500000	145549999	0.43380620581818174	0.8121127229727272	-0.37830651715454544
145550000	145599999	0.4425868776363635	0.8121127229727272	-0.3695258453363637
145600000	145649999	0.5091004307454545	0.8121127229727272	-0.30301229222727266
145650000	145699999	0.4921466015818181	0.8121127229727272	-0.3199661213909091
145700000	145749999	0.5797163139272726	0.8121127229727272	-0.23239640904545456
145750000	145799999	0.6673723699999999	0.8121127229727272	-0.14474035297272725
145800000	145849999	0.6671273356818181	0.8121127229727272	-0.14498538729090904
145850000	145899999	0.6773244259636363	0.8121127229727272	-0.1347882970090909
145900000	145949999	0.701147675790909	0.8121127229727272	-0.11096504718181821
145950000	145999999	0.7197789743727272	0.8121127229727272	-0.09233374859999999
146000000	146049999	0.7427314425727272	0.8121127229727272	-0.06938128040000002
146050000	146099999	0.7264354438999999	0.8121127229727272	-0.08567727907272726
146100000	146149999	0.6613564238999999	0.8121127229727272	-0.15075629907272725
146150000	146199999	0.6726979393127273	0.8121127229727272	-0.13941478365999993
146200000	146249999	0.677928754550505	0.8121127229727272	-0.13418396842222213
146250000	146299999	0.6634087205102273	0.8121127229727272	-0.14870400246249993
146300000	146349999	0.6437657677441557	0.8121127229727272	-0.16834695522857146
146350000	146399999	0.6445930104560605	0.8121127229727272	-0.16751971251666664
