start	end	obs	exp	var
0	49999	0.9130085495727273	0.9130085495727273	0.0
50000	99999	0.9130085495727273	0.9130085495727273	0.0
100000	149999	0.9130085495727273	0.9130085495727273	0.0
150000	199999	0.9130085495727273	0.9130085495727273	0.0
200000	249999	0.9130085495727273	0.9130085495727273	0.0
250000	299999	0.9130085495727273	0.9130085495727273	0.0
300000	349999	0.9130085495727273	0.9130085495727273	0.0
350000	399999	0.9130085495727273	0.9130085495727273	0.0
400000	449999	0.9130085495727273	0.9130085495727273	0.0
450000	499999	0.9130085495727273	0.9130085495727273	0.0
500000	549999	0.9130085495727273	0.9130085495727273	0.0
550000	599999	0.9130085495727273	0.9130085495727273	0.0
600000	649999	0.9130085495727273	0.9130085495727273	0.0
650000	699999	0.9130085495727273	0.9130085495727273	0.0
700000	749999	0.9130085495727273	0.9130085495727273	0.0
750000	799999	0.9130085495727273	0.9130085495727273	0.0
800000	849999	0.9130085495727273	0.9130085495727273	0.0
850000	899999	0.9130085495727273	0.9130085495727273	0.0
900000	949999	0.9130085495727273	0.9130085495727273	0.0
950000	999999	0.9130085495727273	0.9130085495727273	0.0
1000000	1049999	0.9130085495727273	0.9130085495727273	0.0
1050000	1099999	0.9130085495727273	0.9130085495727273	0.0
1100000	1149999	0.9130085495727273	0.9130085495727273	0.0
1150000	1199999	0.9130085495727273	0.9130085495727273	0.0
1200000	1249999	0.9130085495727273	0.9130085495727273	0.0
1250000	1299999	0.9130085495727273	0.9130085495727273	0.0
1300000	1349999	0.9130085495727273	0.9130085495727273	0.0
1350000	1399999	0.9130085495727273	0.9130085495727273	0.0
1400000	1449999	0.9130085495727273	0.9130085495727273	0.0
1450000	1499999	0.9130085495727273	0.9130085495727273	0.0
1500000	1549999	0.9130085495727273	0.9130085495727273	0.0
1550000	1599999	0.9130085495727273	0.9130085495727273	0.0
1600000	1649999	0.9130085495727273	0.9130085495727273	0.0
1650000	1699999	0.9130085495727273	0.9130085495727273	0.0
1700000	1749999	0.9130085495727273	0.9130085495727273	0.0
1750000	1799999	0.9130085495727273	0.9130085495727273	0.0
1800000	1849999	0.9130085495727273	0.9130085495727273	0.0
1850000	1899999	0.9130085495727273	0.9130085495727273	0.0
1900000	1949999	0.9130085495727273	0.9130085495727273	0.0
1950000	1999999	0.9130085495727273	0.9130085495727273	0.0
2000000	2049999	0.9130085495727273	0.9130085495727273	0.0
2050000	2099999	0.9130085495727273	0.9130085495727273	0.0
2100000	2149999	0.9130085495727273	0.9130085495727273	0.0
2150000	2199999	0.9130085495727273	0.9130085495727273	0.0
2200000	2249999	0.9130085495727273	0.9130085495727273	0.0
2250000	2299999	0.9130085495727273	0.9130085495727273	0.0
2300000	2349999	0.9130085495727273	0.9130085495727273	0.0
2350000	2399999	0.9130085495727273	0.9130085495727273	0.0
2400000	2449999	0.9130085495727273	0.9130085495727273	0.0
2450000	2499999	0.9130085495727273	0.9130085495727273	0.0
2500000	2549999	0.9130085495727273	0.9130085495727273	0.0
2550000	2599999	0.9130085495727273	0.9130085495727273	0.0
2600000	2649999	0.9130085495727273	0.9130085495727273	0.0
2650000	2699999	0.9130085495727273	0.9130085495727273	0.0
2700000	2749999	0.9130085495727273	0.9130085495727273	0.0
2750000	2799999	0.9130085495727273	0.9130085495727273	0.0
2800000	2849999	0.9130085495727273	0.9130085495727273	0.0
2850000	2899999	0.9130085495727273	0.9130085495727273	0.0
2900000	2949999	0.9130085495727273	0.9130085495727273	0.0
2950000	2999999	0.9130085495727273	0.9130085495727273	0.0
3000000	3049999	0.9130085495727273	0.9130085495727273	0.0
3050000	3099999	0.9130085495727273	0.9130085495727273	0.0
3100000	3149999	0.9130085495727273	0.9130085495727273	0.0
3150000	3199999	0.9130085495727273	0.9130085495727273	0.0
3200000	3249999	0.9130085495727273	0.9130085495727273	0.0
3250000	3299999	0.9130085495727273	0.9130085495727273	0.0
3300000	3349999	0.9130085495727273	0.9130085495727273	0.0
3350000	3399999	0.9130085495727273	0.9130085495727273	0.0
3400000	3449999	0.9130085495727273	0.9130085495727273	0.0
3450000	3499999	0.9130085495727273	0.9130085495727273	0.0
3500000	3549999	0.9130085495727273	0.9130085495727273	0.0
3550000	3599999	0.9130085495727273	0.9130085495727273	0.0
3600000	3649999	0.9130085495727273	0.9130085495727273	0.0
3650000	3699999	0.9130085495727273	0.9130085495727273	0.0
3700000	3749999	0.9130085495727273	0.9130085495727273	0.0
3750000	3799999	0.9130085495727273	0.9130085495727273	0.0
3800000	3849999	0.9130085495727273	0.9130085495727273	0.0
3850000	3899999	0.9130085495727273	0.9130085495727273	0.0
3900000	3949999	0.9130085495727273	0.9130085495727273	0.0
3950000	3999999	0.9130085495727273	0.9130085495727273	0.0
4000000	4049999	0.9130085495727273	0.9130085495727273	0.0
4050000	4099999	0.9130085495727273	0.9130085495727273	0.0
4100000	4149999	0.9130085495727273	0.9130085495727273	0.0
4150000	4199999	0.9130085495727273	0.9130085495727273	0.0
4200000	4249999	0.9130085495727273	0.9130085495727273	0.0
4250000	4299999	0.9130085495727273	0.9130085495727273	0.0
4300000	4349999	0.9130085495727273	0.9130085495727273	0.0
4350000	4399999	0.9130085495727273	0.9130085495727273	0.0
4400000	4449999	0.9130085495727273	0.9130085495727273	0.0
4450000	4499999	0.9130085495727273	0.9130085495727273	0.0
4500000	4549999	0.9130085495727273	0.9130085495727273	0.0
4550000	4599999	0.9130085495727273	0.9130085495727273	0.0
4600000	4649999	0.9130085495727273	0.9130085495727273	0.0
4650000	4699999	0.9130085495727273	0.9130085495727273	0.0
4700000	4749999	0.9130085495727273	0.9130085495727273	0.0
4750000	4799999	0.9130085495727273	0.9130085495727273	0.0
4800000	4849999	0.9130085495727273	0.9130085495727273	0.0
4850000	4899999	0.9130085495727273	0.9130085495727273	0.0
4900000	4949999	0.9130085495727273	0.9130085495727273	0.0
4950000	4999999	0.9130085495727273	0.9130085495727273	0.0
5000000	5049999	0.9130085495727273	0.9130085495727273	0.0
5050000	5099999	0.9130085495727273	0.9130085495727273	0.0
5100000	5149999	0.9130085495727273	0.9130085495727273	0.0
5150000	5199999	0.9130085495727273	0.9130085495727273	0.0
5200000	5249999	0.9130085495727273	0.9130085495727273	0.0
5250000	5299999	0.9130085495727273	0.9130085495727273	0.0
5300000	5349999	0.9130085495727273	0.9130085495727273	0.0
5350000	5399999	0.9130085495727273	0.9130085495727273	0.0
5400000	5449999	0.9130085495727273	0.9130085495727273	0.0
5450000	5499999	0.9130085495727273	0.9130085495727273	0.0
5500000	5549999	0.9130085495727273	0.9130085495727273	0.0
5550000	5599999	0.9130085495727273	0.9130085495727273	0.0
5600000	5649999	0.9130085495727273	0.9130085495727273	0.0
5650000	5699999	0.9130085495727273	0.9130085495727273	0.0
5700000	5749999	0.9130085495727273	0.9130085495727273	0.0
5750000	5799999	0.9130085495727273	0.9130085495727273	0.0
5800000	5849999	0.9130085495727273	0.9130085495727273	0.0
5850000	5899999	0.9130085495727273	0.9130085495727273	0.0
5900000	5949999	0.9130085495727273	0.9130085495727273	0.0
5950000	5999999	0.9130085495727273	0.9130085495727273	0.0
6000000	6049999	0.9130085495727273	0.9130085495727273	0.0
6050000	6099999	0.9130085495727273	0.9130085495727273	0.0
6100000	6149999	0.9130085495727273	0.9130085495727273	0.0
6150000	6199999	0.9130085495727273	0.9130085495727273	0.0
6200000	6249999	0.9130085495727273	0.9130085495727273	0.0
6250000	6299999	0.9130085495727273	0.9130085495727273	0.0
6300000	6349999	0.9130085495727273	0.9130085495727273	0.0
6350000	6399999	0.9130085495727273	0.9130085495727273	0.0
6400000	6449999	0.9130085495727273	0.9130085495727273	0.0
6450000	6499999	0.9130085495727273	0.9130085495727273	0.0
6500000	6549999	0.9130085495727273	0.9130085495727273	0.0
6550000	6599999	0.9130085495727273	0.9130085495727273	0.0
6600000	6649999	0.9130085495727273	0.9130085495727273	0.0
6650000	6699999	0.9130085495727273	0.9130085495727273	0.0
6700000	6749999	0.9130085495727273	0.9130085495727273	0.0
6750000	6799999	0.9130085495727273	0.9130085495727273	0.0
6800000	6849999	0.9130085495727273	0.9130085495727273	0.0
6850000	6899999	0.9130085495727273	0.9130085495727273	0.0
6900000	6949999	0.9130085495727273	0.9130085495727273	0.0
6950000	6999999	0.9130085495727273	0.9130085495727273	0.0
7000000	7049999	0.9130085495727273	0.9130085495727273	0.0
7050000	7099999	0.9130085495727273	0.9130085495727273	0.0
7100000	7149999	0.9130085495727273	0.9130085495727273	0.0
7150000	7199999	0.9130085495727273	0.9130085495727273	0.0
7200000	7249999	0.9130085495727273	0.9130085495727273	0.0
7250000	7299999	0.9130085495727273	0.9130085495727273	0.0
7300000	7349999	0.9130085495727273	0.9130085495727273	0.0
7350000	7399999	0.9130085495727273	0.9130085495727273	0.0
7400000	7449999	0.9130085495727273	0.9130085495727273	0.0
7450000	7499999	0.9130085495727273	0.9130085495727273	0.0
7500000	7549999	0.9130085495727273	0.9130085495727273	0.0
7550000	7599999	0.9130085495727273	0.9130085495727273	0.0
7600000	7649999	0.9130085495727273	0.9130085495727273	0.0
7650000	7699999	0.9130085495727273	0.9130085495727273	0.0
7700000	7749999	0.9130085495727273	0.9130085495727273	0.0
7750000	7799999	0.9130085495727273	0.9130085495727273	0.0
7800000	7849999	0.9130085495727273	0.9130085495727273	0.0
7850000	7899999	0.9130085495727273	0.9130085495727273	0.0
7900000	7949999	0.9130085495727273	0.9130085495727273	0.0
7950000	7999999	0.9130085495727273	0.9130085495727273	0.0
8000000	8049999	0.9130085495727273	0.9130085495727273	0.0
8050000	8099999	0.9130085495727273	0.9130085495727273	0.0
8100000	8149999	0.9130085495727273	0.9130085495727273	0.0
8150000	8199999	0.9130085495727273	0.9130085495727273	0.0
8200000	8249999	0.9130085495727273	0.9130085495727273	0.0
8250000	8299999	0.9130085495727273	0.9130085495727273	0.0
8300000	8349999	0.9130085495727273	0.9130085495727273	0.0
8350000	8399999	0.9130085495727273	0.9130085495727273	0.0
8400000	8449999	0.9130085495727273	0.9130085495727273	0.0
8450000	8499999	0.9130085495727273	0.9130085495727273	0.0
8500000	8549999	0.9130085495727273	0.9130085495727273	0.0
8550000	8599999	0.9130085495727273	0.9130085495727273	0.0
8600000	8649999	0.9130085495727273	0.9130085495727273	0.0
8650000	8699999	0.9130085495727273	0.9130085495727273	0.0
8700000	8749999	0.9130085495727273	0.9130085495727273	0.0
8750000	8799999	0.9130085495727273	0.9130085495727273	0.0
8800000	8849999	0.9130085495727273	0.9130085495727273	0.0
8850000	8899999	0.9130085495727273	0.9130085495727273	0.0
8900000	8949999	0.9130085495727273	0.9130085495727273	0.0
8950000	8999999	0.9130085495727273	0.9130085495727273	0.0
9000000	9049999	0.9130085495727273	0.9130085495727273	0.0
9050000	9099999	0.9130085495727273	0.9130085495727273	0.0
9100000	9149999	0.9130085495727273	0.9130085495727273	0.0
9150000	9199999	0.9130085495727273	0.9130085495727273	0.0
9200000	9249999	0.9130085495727273	0.9130085495727273	0.0
9250000	9299999	0.9130085495727273	0.9130085495727273	0.0
9300000	9349999	0.9130085495727273	0.9130085495727273	0.0
9350000	9399999	0.9130085495727273	0.9130085495727273	0.0
9400000	9449999	0.9130085495727273	0.9130085495727273	0.0
9450000	9499999	0.9130085495727273	0.9130085495727273	0.0
9500000	9549999	0.9130085495727273	0.9130085495727273	0.0
9550000	9599999	0.9130085495727273	0.9130085495727273	0.0
9600000	9649999	0.9130085495727273	0.9130085495727273	0.0
9650000	9699999	0.9130085495727273	0.9130085495727273	0.0
9700000	9749999	0.9130085495727273	0.9130085495727273	0.0
9750000	9799999	0.9130085495727273	0.9130085495727273	0.0
9800000	9849999	0.9130085495727273	0.9130085495727273	0.0
9850000	9899999	0.9130085495727273	0.9130085495727273	0.0
9900000	9949999	0.9130085495727273	0.9130085495727273	0.0
9950000	9999999	0.9130085495727273	0.9130085495727273	0.0
10000000	10049999	0.9130085495727273	0.9130085495727273	0.0
10050000	10099999	0.9130085495727273	0.9130085495727273	0.0
10100000	10149999	0.9130085495727273	0.9130085495727273	0.0
10150000	10199999	0.9130085495727273	0.9130085495727273	0.0
10200000	10249999	0.9130085495727273	0.9130085495727273	0.0
10250000	10299999	0.9130085495727273	0.9130085495727273	0.0
10300000	10349999	0.9130085495727273	0.9130085495727273	0.0
10350000	10399999	0.9130085495727273	0.9130085495727273	0.0
10400000	10449999	0.9130085495727273	0.9130085495727273	0.0
10450000	10499999	0.9130085495727273	0.9130085495727273	0.0
10500000	10549999	0.9130085495727273	0.9130085495727273	0.0
10550000	10599999	0.9130085495727273	0.9130085495727273	0.0
10600000	10649999	0.9130085495727273	0.9130085495727273	0.0
10650000	10699999	0.9130085495727273	0.9130085495727273	0.0
10700000	10749999	0.9130085495727273	0.9130085495727273	0.0
10750000	10799999	0.9130085495727273	0.9130085495727273	0.0
10800000	10849999	0.9130085495727273	0.9130085495727273	0.0
10850000	10899999	0.9130085495727273	0.9130085495727273	0.0
10900000	10949999	0.9130085495727273	0.9130085495727273	0.0
10950000	10999999	0.9130085495727273	0.9130085495727273	0.0
11000000	11049999	0.9130085495727273	0.9130085495727273	0.0
11050000	11099999	0.9130085495727273	0.9130085495727273	0.0
11100000	11149999	0.9130085495727273	0.9130085495727273	0.0
11150000	11199999	0.9130085495727273	0.9130085495727273	0.0
11200000	11249999	0.9130085495727273	0.9130085495727273	0.0
11250000	11299999	0.9130085495727273	0.9130085495727273	0.0
11300000	11349999	0.9130085495727273	0.9130085495727273	0.0
11350000	11399999	0.9130085495727273	0.9130085495727273	0.0
11400000	11449999	0.9130085495727273	0.9130085495727273	0.0
11450000	11499999	0.9130085495727273	0.9130085495727273	0.0
11500000	11549999	0.9130085495727273	0.9130085495727273	0.0
11550000	11599999	0.9130085495727273	0.9130085495727273	0.0
11600000	11649999	0.9130085495727273	0.9130085495727273	0.0
11650000	11699999	0.9130085495727273	0.9130085495727273	0.0
11700000	11749999	0.9130085495727273	0.9130085495727273	0.0
11750000	11799999	0.9130085495727273	0.9130085495727273	0.0
11800000	11849999	0.9130085495727273	0.9130085495727273	0.0
11850000	11899999	0.9130085495727273	0.9130085495727273	0.0
11900000	11949999	0.9130085495727273	0.9130085495727273	0.0
11950000	11999999	0.9130085495727273	0.9130085495727273	0.0
12000000	12049999	0.9130085495727273	0.9130085495727273	0.0
12050000	12099999	0.9130085495727273	0.9130085495727273	0.0
12100000	12149999	0.9130085495727273	0.9130085495727273	0.0
12150000	12199999	0.9130085495727273	0.9130085495727273	0.0
12200000	12249999	0.9130085495727273	0.9130085495727273	0.0
12250000	12299999	0.9130085495727273	0.9130085495727273	0.0
12300000	12349999	0.9130085495727273	0.9130085495727273	0.0
12350000	12399999	0.9130085495727273	0.9130085495727273	0.0
12400000	12449999	0.9130085495727273	0.9130085495727273	0.0
12450000	12499999	0.9130085495727273	0.9130085495727273	0.0
12500000	12549999	0.9130085495727273	0.9130085495727273	0.0
12550000	12599999	0.9130085495727273	0.9130085495727273	0.0
12600000	12649999	0.9130085495727273	0.9130085495727273	0.0
12650000	12699999	0.9130085495727273	0.9130085495727273	0.0
12700000	12749999	0.9130085495727273	0.9130085495727273	0.0
12750000	12799999	0.9130085495727273	0.9130085495727273	0.0
12800000	12849999	0.9130085495727273	0.9130085495727273	0.0
12850000	12899999	0.9130085495727273	0.9130085495727273	0.0
12900000	12949999	0.9130085495727273	0.9130085495727273	0.0
12950000	12999999	0.9130085495727273	0.9130085495727273	0.0
13000000	13049999	0.9130085495727273	0.9130085495727273	0.0
13050000	13099999	0.9130085495727273	0.9130085495727273	0.0
13100000	13149999	0.9130085495727273	0.9130085495727273	0.0
13150000	13199999	0.9130085495727273	0.9130085495727273	0.0
13200000	13249999	0.9130085495727273	0.9130085495727273	0.0
13250000	13299999	0.9130085495727273	0.9130085495727273	0.0
13300000	13349999	0.9130085495727273	0.9130085495727273	0.0
13350000	13399999	0.9130085495727273	0.9130085495727273	0.0
13400000	13449999	0.9130085495727273	0.9130085495727273	0.0
13450000	13499999	0.9130085495727273	0.9130085495727273	0.0
13500000	13549999	0.9130085495727273	0.9130085495727273	0.0
13550000	13599999	0.9130085495727273	0.9130085495727273	0.0
13600000	13649999	0.9130085495727273	0.9130085495727273	0.0
13650000	13699999	0.9130085495727273	0.9130085495727273	0.0
13700000	13749999	0.9130085495727273	0.9130085495727273	0.0
13750000	13799999	0.9130085495727273	0.9130085495727273	0.0
13800000	13849999	0.9130085495727273	0.9130085495727273	0.0
13850000	13899999	0.9130085495727273	0.9130085495727273	0.0
13900000	13949999	0.9130085495727273	0.9130085495727273	0.0
13950000	13999999	0.9130085495727273	0.9130085495727273	0.0
14000000	14049999	0.9130085495727273	0.9130085495727273	0.0
14050000	14099999	0.9130085495727273	0.9130085495727273	0.0
14100000	14149999	0.9130085495727273	0.9130085495727273	0.0
14150000	14199999	0.9130085495727273	0.9130085495727273	0.0
14200000	14249999	0.9130085495727273	0.9130085495727273	0.0
14250000	14299999	0.9130085495727273	0.9130085495727273	0.0
14300000	14349999	0.9130085495727273	0.9130085495727273	0.0
14350000	14399999	0.9130085495727273	0.9130085495727273	0.0
14400000	14449999	0.9130085495727273	0.9130085495727273	0.0
14450000	14499999	0.9130085495727273	0.9130085495727273	0.0
14500000	14549999	0.9130085495727273	0.9130085495727273	0.0
14550000	14599999	0.9130085495727273	0.9130085495727273	0.0
14600000	14649999	0.9130085495727273	0.9130085495727273	0.0
14650000	14699999	0.9130085495727273	0.9130085495727273	0.0
14700000	14749999	0.9130085495727273	0.9130085495727273	0.0
14750000	14799999	0.9130085495727273	0.9130085495727273	0.0
14800000	14849999	0.9130085495727273	0.9130085495727273	0.0
14850000	14899999	0.9130085495727273	0.9130085495727273	0.0
14900000	14949999	0.9130085495727273	0.9130085495727273	0.0
14950000	14999999	0.9130085495727273	0.9130085495727273	0.0
15000000	15049999	0.9130085495727273	0.9130085495727273	0.0
15050000	15099999	0.9130085495727273	0.9130085495727273	0.0
15100000	15149999	0.9130085495727273	0.9130085495727273	0.0
15150000	15199999	0.9130085495727273	0.9130085495727273	0.0
15200000	15249999	0.9130085495727273	0.9130085495727273	0.0
15250000	15299999	0.9130085495727273	0.9130085495727273	0.0
15300000	15349999	0.9130085495727273	0.9130085495727273	0.0
15350000	15399999	0.9130085495727273	0.9130085495727273	0.0
15400000	15449999	0.9130085495727273	0.9130085495727273	0.0
15450000	15499999	0.9130085495727273	0.9130085495727273	0.0
15500000	15549999	0.9130085495727273	0.9130085495727273	0.0
15550000	15599999	0.9130085495727273	0.9130085495727273	0.0
15600000	15649999	0.9130085495727273	0.9130085495727273	0.0
15650000	15699999	0.9130085495727273	0.9130085495727273	0.0
15700000	15749999	0.9130085495727273	0.9130085495727273	0.0
15750000	15799999	0.9130085495727273	0.9130085495727273	0.0
15800000	15849999	0.9130085495727273	0.9130085495727273	0.0
15850000	15899999	0.9130085495727273	0.9130085495727273	0.0
15900000	15949999	0.9130085495727273	0.9130085495727273	0.0
15950000	15999999	0.9130085495727273	0.9130085495727273	0.0
16000000	16049999	0.9130085495727273	0.9130085495727273	0.0
16050000	16099999	0.9130085495727273	0.9130085495727273	0.0
16100000	16149999	0.9130085495727273	0.9130085495727273	0.0
16150000	16199999	0.9130085495727273	0.9130085495727273	0.0
16200000	16249999	0.9130085495727273	0.9130085495727273	0.0
16250000	16299999	0.9130085495727273	0.9130085495727273	0.0
16300000	16349999	0.9130085495727273	0.9130085495727273	0.0
16350000	16399999	0.9130085495727273	0.9130085495727273	0.0
16400000	16449999	0.9130085495727273	0.9130085495727273	0.0
16450000	16499999	0.9130085495727273	0.9130085495727273	0.0
16500000	16549999	0.9130085495727273	0.9130085495727273	0.0
16550000	16599999	0.9130085495727273	0.9130085495727273	0.0
16600000	16649999	0.9130085495727273	0.9130085495727273	0.0
16650000	16699999	0.9130085495727273	0.9130085495727273	0.0
16700000	16749999	0.9130085495727273	0.9130085495727273	0.0
16750000	16799999	0.9130085495727273	0.9130085495727273	0.0
16800000	16849999	0.9130085495727273	0.9130085495727273	0.0
16850000	16899999	0.9130085495727273	0.9130085495727273	0.0
16900000	16949999	0.9130085495727273	0.9130085495727273	0.0
16950000	16999999	0.9130085495727273	0.9130085495727273	0.0
17000000	17049999	0.9130085495727273	0.9130085495727273	0.0
17050000	17099999	0.9130085495727273	0.9130085495727273	0.0
17100000	17149999	0.9130085495727273	0.9130085495727273	0.0
17150000	17199999	0.9130085495727273	0.9130085495727273	0.0
17200000	17249999	0.9130085495727273	0.9130085495727273	0.0
17250000	17299999	0.9130085495727273	0.9130085495727273	0.0
17300000	17349999	0.9130085495727273	0.9130085495727273	0.0
17350000	17399999	0.9130085495727273	0.9130085495727273	0.0
17400000	17449999	0.9130085495727273	0.9130085495727273	0.0
17450000	17499999	0.9130085495727273	0.9130085495727273	0.0
17500000	17549999	0.9130085495727273	0.9130085495727273	0.0
17550000	17599999	0.9130085495727273	0.9130085495727273	0.0
17600000	17649999	0.9130085495727273	0.9130085495727273	0.0
17650000	17699999	0.9130085495727273	0.9130085495727273	0.0
17700000	17749999	0.9130085495727273	0.9130085495727273	0.0
17750000	17799999	0.9130085495727273	0.9130085495727273	0.0
17800000	17849999	0.9130085495727273	0.9130085495727273	0.0
17850000	17899999	0.9130085495727273	0.9130085495727273	0.0
17900000	17949999	0.9130085495727273	0.9130085495727273	0.0
17950000	17999999	0.9130085495727273	0.9130085495727273	0.0
18000000	18049999	0.9130085495727273	0.9130085495727273	0.0
18050000	18099999	0.9130085495727273	0.9130085495727273	0.0
18100000	18149999	0.9130085495727273	0.9130085495727273	0.0
18150000	18199999	0.9130085495727273	0.9130085495727273	0.0
18200000	18249999	0.9130085495727273	0.9130085495727273	0.0
18250000	18299999	0.9130085495727273	0.9130085495727273	0.0
18300000	18349999	0.9130085495727273	0.9130085495727273	0.0
18350000	18399999	0.9130085495727273	0.9130085495727273	0.0
18400000	18449999	0.9130085495727273	0.9130085495727273	0.0
18450000	18499999	0.9130085495727273	0.9130085495727273	0.0
18500000	18549999	0.9130085495727273	0.9130085495727273	0.0
18550000	18599999	0.9130085495727273	0.9130085495727273	0.0
18600000	18649999	0.9130085495727273	0.9130085495727273	0.0
18650000	18699999	0.9130085495727273	0.9130085495727273	0.0
18700000	18749999	0.9130085495727273	0.9130085495727273	0.0
18750000	18799999	0.9130085495727273	0.9130085495727273	0.0
18800000	18849999	0.9130085495727273	0.9130085495727273	0.0
18850000	18899999	0.9130085495727273	0.9130085495727273	0.0
18900000	18949999	0.9130085495727273	0.9130085495727273	0.0
18950000	18999999	0.9130085495727273	0.9130085495727273	0.0
19000000	19049999	0.9130085495727273	0.9130085495727273	0.0
19050000	19099999	0.9130085495727273	0.9130085495727273	0.0
19100000	19149999	0.9130085495727273	0.9130085495727273	0.0
19150000	19199999	0.9130085495727273	0.9130085495727273	0.0
19200000	19249999	0.9130085495727273	0.9130085495727273	0.0
19250000	19299999	0.9130085495727273	0.9130085495727273	0.0
19300000	19349999	0.9130085495727273	0.9130085495727273	0.0
19350000	19399999	0.9130085495727273	0.9130085495727273	0.0
19400000	19449999	0.9130085495727273	0.9130085495727273	0.0
19450000	19499999	0.9130085495727273	0.9130085495727273	0.0
19500000	19549999	0.9130085495727273	0.9130085495727273	0.0
19550000	19599999	0.9130085495727273	0.9130085495727273	0.0
19600000	19649999	0.9130085495727273	0.9130085495727273	0.0
19650000	19699999	0.9130085495727273	0.9130085495727273	0.0
19700000	19749999	0.9130085495727273	0.9130085495727273	0.0
19750000	19799999	0.9399750232909091	0.9130085495727273	0.026966473718181838
19800000	19849999	1.034375655890909	0.9130085495727273	0.1213671063181817
19850000	19899999	1.1762270204090908	0.9130085495727273	0.2632184708363635
19900000	19949999	1.1345133540909091	0.9130085495727273	0.22150480451818189
19950000	19999999	1.0625011325727272	0.9130085495727273	0.1494925829999999
20000000	20049999	0.9845486250090909	0.9130085495727273	0.07154007543636365
20050000	20099999	0.9117099980181818	0.9130085495727273	-0.0012985515545455018
20100000	20149999	0.8795067354181818	0.9130085495727273	-0.03350181415454545
20150000	20199999	0.9752264948727273	0.9130085495727273	0.06221794530000002
20200000	20249999	1.0772226506636364	0.9130085495727273	0.16421410109090917
20250000	20299999	1.1672350654545454	0.9130085495727273	0.2542265158818181
20300000	20349999	1.2044445521454545	0.9130085495727273	0.2914360025727273
20350000	20399999	1.1425981504363636	0.9130085495727273	0.22958960086363633
20400000	20449999	0.929859613309091	0.9130085495727273	0.01685106373636369
20450000	20499999	0.8983841744454545	0.9130085495727273	-0.01462437512727277
20500000	20549999	0.8966627463454545	0.9130085495727273	-0.016345803227272748
20550000	20599999	0.9140491574	0.9130085495727273	0.001040607827272777
20600000	20649999	1.0544181058181818	0.9130085495727273	0.1414095562454546
20650000	20699999	1.0546813975818181	0.9130085495727273	0.14167284800909086
20700000	20749999	0.8912510171272727	0.9130085495727273	-0.02175753244545453
20750000	20799999	0.7498513525363636	0.9130085495727273	-0.16315719703636367
20800000	20849999	0.5924632370545454	0.9130085495727273	-0.32054531251818186
20850000	20899999	0.4711470460454545	0.9130085495727273	-0.44186150352727277
20900000	20949999	0.42833482328181816	0.9130085495727273	-0.4846737262909091
20950000	20999999	0.4229969479727273	0.9130085495727273	-0.49001160159999996
21000000	21049999	0.4213794990181818	0.9130085495727273	-0.4916290505545455
21050000	21099999	0.42034005328181817	0.9130085495727273	-0.4926684962909091
21100000	21149999	0.4062909087454546	0.9130085495727273	-0.5067176408272727
21150000	21199999	0.3387605873181818	0.9130085495727273	-0.5742479622545454
21200000	21249999	0.3707005581545455	0.9130085495727273	-0.5423079914181818
21250000	21299999	0.4384111791545454	0.9130085495727273	-0.47459737041818184
21300000	21349999	0.4778146879545454	0.9130085495727273	-0.43519386161818185
21350000	21399999	0.5451903886454545	0.9130085495727273	-0.3678181609272727
21400000	21449999	0.6023306192454545	0.9130085495727273	-0.31067793032727276
21450000	21499999	0.6125886111181817	0.9130085495727273	-0.3004199384545455
21500000	21549999	0.6888136590363636	0.9130085495727273	-0.22419489053636366
21550000	21599999	0.7636202131727272	0.9130085495727273	-0.14938833640000004
21600000	21649999	0.8092004680363636	0.9130085495727273	-0.10380808153636367
21650000	21699999	0.9781979535818182	0.9130085495727273	0.0651894040090909
21700000	21749999	0.9137928709363636	0.9130085495727273	0.0007843213636363755
21750000	21799999	0.8618693420454545	0.9130085495727273	-0.051139207527272745
21800000	21849999	0.7997253770454545	0.9130085495727273	-0.11328317252727271
21850000	21899999	0.7432875401909091	0.9130085495727273	-0.1697210093818181
21900000	21949999	0.6790211835181819	0.9130085495727273	-0.2339873660545454
21950000	21999999	0.5881120926090908	0.9130085495727273	-0.32489645696363645
22000000	22049999	0.5339289393363637	0.9130085495727273	-0.3790796102363636
22050000	22099999	0.6227253281272727	0.9130085495727273	-0.2902832214454546
22100000	22149999	0.6830623591727273	0.9130085495727273	-0.22994619039999997
22150000	22199999	0.7361851353727272	0.9130085495727273	-0.17682341420000003
22200000	22249999	0.6808032868545454	0.9130085495727273	-0.23220526271818187
22250000	22299999	0.7546507559363635	0.9130085495727273	-0.1583577936363637
22300000	22349999	0.9233716355636363	0.9130085495727273	0.010363085990909071
22350000	22399999	0.8969653531363636	0.9130085495727273	-0.01604319643636365
22400000	22449999	0.9186587153636363	0.9130085495727273	0.005650165790909045
22450000	22499999	0.9004665010454544	0.9130085495727273	-0.012542048527272809
22500000	22549999	0.989712433990909	0.9130085495727273	0.07670388441818177
22550000	22599999	1.007443686490909	0.9130085495727273	0.09443513691818184
22600000	22649999	0.9064182183363636	0.9130085495727273	-0.006590331236363656
22650000	22699999	0.8307026416545454	0.9130085495727273	-0.08230590791818182
22700000	22749999	0.7800319615636363	0.9130085495727273	-0.13297658800909096
22750000	22799999	0.7388056239999999	0.9130085495727273	-0.17420292557272732
22800000	22849999	0.7239036079090909	0.9130085495727273	-0.18910494166363634
22850000	22899999	0.6137719871454546	0.9130085495727273	-0.2992365624272727
22900000	22949999	0.6898420517727273	0.9130085495727273	-0.22316649779999997
22950000	22999999	0.7652127554454545	0.9130085495727273	-0.14779579412727273
23000000	23049999	0.8274118187181818	0.9130085495727273	-0.08559673085454544
23050000	23099999	0.7733546464090909	0.9130085495727273	-0.13965390316363635
23100000	23149999	0.7563231525909091	0.9130085495727273	-0.15668539698181816
23150000	23199999	0.6999614717909091	0.9130085495727273	-0.2130470777818182
23200000	23249999	0.6412861026818182	0.9130085495727273	-0.2717224468909091
23250000	23299999	0.5957875718636363	0.9130085495727273	-0.31722097770909097
23300000	23349999	0.5192032741454545	0.9130085495727273	-0.3938052754272727
23350000	23399999	0.5132485200454546	0.9130085495727273	-0.39976002952727263
23400000	23449999	0.49293311379090904	0.9130085495727273	-0.4200754357818182
23450000	23499999	0.49852285483636355	0.9130085495727273	-0.4144856947363637
23500000	23549999	0.4511834467545454	0.9130085495727273	-0.46182510281818184
23550000	23599999	0.46412443710909096	0.9130085495727273	-0.4488841124636363
23600000	23649999	0.49746314381818185	0.9130085495727273	-0.4155454057545454
23650000	23699999	0.5192701097181818	0.9130085495727273	-0.3937384398545455
23700000	23749999	0.554619536790909	0.9130085495727273	-0.35838901278181823
23750000	23799999	0.5905773016090909	0.9130085495727273	-0.3224312479636363
23800000	23849999	0.637493489990909	0.9130085495727273	-0.2755150595818182
23850000	23899999	0.6865786775272728	0.9130085495727273	-0.2264298720454545
23900000	23949999	0.6742268972090909	0.9130085495727273	-0.23878165236363635
23950000	23999999	0.6477492081272727	0.9130085495727273	-0.2652593414454546
24000000	24049999	0.6165692953454545	0.9130085495727273	-0.2964392542272728
24050000	24099999	0.5800338721818182	0.9130085495727273	-0.332974677390909
24100000	24149999	0.5840280548454545	0.9130085495727273	-0.32898049472727275
24150000	24199999	0.5875633134545454	0.9130085495727273	-0.3254452361181819
24200000	24249999	0.5920230395545454	0.9130085495727273	-0.3209855100181819
24250000	24299999	0.6238345629	0.9130085495727273	-0.2891739866727273
24300000	24349999	0.6460095018636363	0.9130085495727273	-0.266999047709091
24350000	24399999	0.6499862170363635	0.9130085495727273	-0.26302233253636376
24400000	24449999	0.6351939558454545	0.9130085495727273	-0.2778145937272728
24450000	24499999	0.6200773851090908	0.9130085495727273	-0.29293116446363643
24500000	24549999	0.6375239604636364	0.9130085495727273	-0.2754845891090909
24550000	24599999	0.6415790858272727	0.9130085495727273	-0.2714294637454545
24600000	24649999	0.644452152	0.9130085495727273	-0.2685563975727273
24650000	24699999	0.6005045532909091	0.9130085495727273	-0.31250399628181813
24700000	24749999	0.5738469851363637	0.9130085495727273	-0.3391615644363636
24750000	24799999	0.5699453981181818	0.9130085495727273	-0.34306315145454547
24800000	24849999	0.5279783526818181	0.9130085495727273	-0.3850301968909091
24850000	24899999	0.4988746966454546	0.9130085495727273	-0.41413385292727267
24900000	24949999	0.48274292228181814	0.9130085495727273	-0.4302656272909091
24950000	24999999	0.5047347853090909	0.9130085495727273	-0.4082737642636364
25000000	25049999	0.5157876672272728	0.9130085495727273	-0.3972208823454545
25050000	25099999	0.4890562265727273	0.9130085495727273	-0.42395232299999996
25100000	25149999	0.5348614793090909	0.9130085495727273	-0.37814707026363636
25150000	25199999	0.5358624386454546	0.9130085495727273	-0.3771461109272727
25200000	25249999	0.5526691851000001	0.9130085495727273	-0.3603393644727272
25250000	25299999	0.6116301825363637	0.9130085495727273	-0.30137836703636356
25300000	25349999	0.6433619382090909	0.9130085495727273	-0.2696466113636363
25350000	25399999	0.7429537554727272	0.9130085495727273	-0.17005479410000002
25400000	25449999	0.8205715232818181	0.9130085495727273	-0.09243702629090911
25450000	25499999	0.8417224687	0.9130085495727273	-0.07128608087272725
25500000	25549999	0.8460532321090909	0.9130085495727273	-0.06695531746363637
25550000	25599999	0.8502213010909091	0.9130085495727273	-0.06278724848181816
25600000	25649999	0.8667466847454546	0.9130085495727273	-0.04626186482727268
25650000	25699999	0.8197350097545455	0.9130085495727273	-0.09327353981818176
25700000	25749999	0.8273523752636364	0.9130085495727273	-0.0856561743090909
25750000	25799999	0.8206793103727272	0.9130085495727273	-0.09232923920000002
25800000	25849999	0.7857768306090909	0.9130085495727273	-0.1272317189636364
25850000	25899999	0.7645742865818181	0.9130085495727273	-0.14843426299090912
25900000	25949999	0.6810212262818182	0.9130085495727273	-0.2319873232909091
25950000	25999999	0.6145092294181819	0.9130085495727273	-0.2984993201545454
26000000	26049999	0.5930592346000001	0.9130085495727273	-0.31994931497272716
26050000	26099999	0.6060274947363636	0.9130085495727273	-0.3069810548363636
26100000	26149999	0.6114902347727273	0.9130085495727273	-0.3015183147999999
26150000	26199999	0.6163881737909092	0.9130085495727273	-0.2966203757818181
26200000	26249999	0.6224920498181818	0.9130085495727273	-0.2905164997545454
26250000	26299999	0.6253263372636364	0.9130085495727273	-0.28768221230909086
26300000	26349999	0.6282012785272727	0.9130085495727273	-0.28480727104545456
26350000	26399999	0.6226160091636364	0.9130085495727273	-0.2903925404090909
26400000	26449999	0.6135923422727272	0.9130085495727273	-0.29941620730000007
26450000	26499999	0.6148845231090909	0.9130085495727273	-0.29812402646363634
26500000	26549999	0.6278282004545455	0.9130085495727273	-0.2851803491181818
26550000	26599999	0.6403594822181817	0.9130085495727273	-0.2726490673545455
26600000	26649999	0.6067678266090909	0.9130085495727273	-0.30624072296363636
26650000	26699999	0.6024521548636363	0.9130085495727273	-0.3105563947090909
26700000	26749999	0.5927139535545454	0.9130085495727273	-0.3202945960181819
26750000	26799999	0.5970807399818181	0.9130085495727273	-0.31592780959090916
26800000	26849999	0.6190339130272726	0.9130085495727273	-0.29397463654545464
26850000	26899999	0.6361708744818182	0.9130085495727273	-0.27683767509090906
26900000	26949999	0.6477528031363636	0.9130085495727273	-0.2652557464363636
26950000	26999999	0.6630166715363636	0.9130085495727273	-0.2499918780363637
27000000	27049999	0.6777812704090909	0.9130085495727273	-0.2352272791636364
27050000	27099999	0.7050787551363636	0.9130085495727273	-0.2079297944363636
27100000	27149999	0.7763256451454545	0.9130085495727273	-0.1366829044272727
27150000	27199999	0.7933673214272727	0.9130085495727273	-0.11964122814545453
27200000	27249999	0.8103075094363636	0.9130085495727273	-0.10270104013636361
27250000	27299999	0.8706899382363636	0.9130085495727273	-0.04231861133636361
27300000	27349999	0.8879334684272727	0.9130085495727273	-0.025075081145454536
27350000	27399999	0.8973373563363636	0.9130085495727273	-0.01567119323636368
27400000	27449999	0.9193367386454545	0.9130085495727273	0.006328189072727253
27450000	27499999	0.9294466989636363	0.9130085495727273	0.01643814939090904
27500000	27549999	0.9385153571363636	0.9130085495727273	0.025506807563636325
27550000	27599999	0.9551872703363636	0.9130085495727273	0.04217872076363638
27600000	27649999	0.9502936120363636	0.9130085495727273	0.03728506246363639
27650000	27699999	0.8832917480727273	0.9130085495727273	-0.0297168015
27700000	27749999	0.8902167307545454	0.9130085495727273	-0.02279181881818182
27750000	27799999	0.8697201205818181	0.9130085495727273	-0.04328842899090912
27800000	27849999	0.8130533468727272	0.9130085495727273	-0.09995520270000002
27850000	27899999	0.7954505661636364	0.9130085495727273	-0.11755798340909085
27900000	27949999	0.7841146462999999	0.9130085495727273	-0.12889390327272732
27950000	27999999	0.7618452971363636	0.9130085495727273	-0.15116325243636364
28000000	28049999	0.7410682822	0.9130085495727273	-0.17194026737272727
28050000	28099999	0.7039476156454546	0.9130085495727273	-0.20906093392727265
28100000	28149999	0.658750215090909	0.9130085495727273	-0.2542583344818182
28150000	28199999	0.6540175764727272	0.9130085495727273	-0.2589909731000001
28200000	28249999	0.6706584153454546	0.9130085495727273	-0.2423501342272727
28250000	28299999	0.6758653180636364	0.9130085495727273	-0.2371432315090909
28300000	28349999	0.6780686198	0.9130085495727273	-0.23493992977272726
28350000	28399999	0.6456147117090909	0.9130085495727273	-0.26739383786363635
28400000	28449999	0.6223782680181817	0.9130085495727273	-0.2906302815545455
28450000	28499999	0.6366592100454544	0.9130085495727273	-0.2763493395272728
28500000	28549999	0.5886961744818182	0.9130085495727273	-0.32431237509090904
28550000	28599999	0.5530011090090909	0.9130085495727273	-0.3600074405636363
28600000	28649999	0.5384214046818182	0.9130085495727273	-0.37458714489090905
28650000	28699999	0.5426662252909091	0.9130085495727273	-0.3703423242818181
28700000	28749999	0.5742580346454546	0.9130085495727273	-0.3387505149272727
28750000	28799999	0.5814439536363636	0.9130085495727273	-0.33156459593636367
28800000	28849999	0.6269974427272726	0.9130085495727273	-0.2860111068454546
28850000	28899999	0.6402965638818181	0.9130085495727273	-0.27271198569090915
28900000	28949999	0.8602904031	0.9130085495727273	-0.05271814647272721
28950000	28999999	0.8994620351363636	0.9130085495727273	-0.013546514436363677
29000000	29049999	0.8902041755181818	0.9130085495727273	-0.022804374054545495
29050000	29099999	0.9477543070454545	0.9130085495727273	0.034745757472727234
29100000	29149999	1.0001282683727273	0.9130085495727273	0.08711971880000002
29150000	29199999	1.0373242530454545	0.9130085495727273	0.12431570347272725
29200000	29249999	1.0574616662363636	0.9130085495727273	0.14445311666363636
29250000	29299999	1.022323716090909	0.9130085495727273	0.10931516651818185
29300000	29349999	1.0068314702454546	0.9130085495727273	0.09382292067272735
29350000	29399999	0.9547792761363636	0.9130085495727273	0.04177072656363634
29400000	29449999	0.937379573390909	0.9130085495727273	0.024371023818181792
29450000	29499999	0.7581016087181818	0.9130085495727273	-0.15490694085454548
29500000	29549999	0.7426016254636363	0.9130085495727273	-0.17040692410909097
29550000	29599999	0.7214679992909091	0.9130085495727273	-0.19154055028181816
29600000	29649999	0.7057801817090908	0.9130085495727273	-0.2072283678636364
29650000	29699999	0.6980930282545454	0.9130085495727273	-0.2149155213181818
29700000	29749999	0.6901186988272727	0.9130085495727273	-0.22288985074545453
29750000	29799999	0.7029697776272726	0.9130085495727273	-0.21003877194545462
29800000	29849999	0.7478199795272726	0.9130085495727273	-0.16518857004545462
29850000	29899999	0.7657603806545453	0.9130085495727273	-0.14724816891818193
29900000	29949999	0.7684913714636363	0.9130085495727273	-0.14451717810909093
29950000	29999999	0.7742769463363636	0.9130085495727273	-0.1387316032363637
30000000	30049999	0.7751081114181817	0.9130085495727273	-0.13790043815454556
30050000	30099999	0.7774603436181817	0.9130085495727273	-0.13554820595454553
30100000	30149999	0.7608746333818182	0.9130085495727273	-0.1521339161909091
30150000	30199999	0.7296570382636363	0.9130085495727273	-0.183351511309091
30200000	30249999	0.6682372228454545	0.9130085495727273	-0.24477132672727275
30250000	30299999	0.6218105734363636	0.9130085495727273	-0.29119797613636367
30300000	30349999	0.5475410852181817	0.9130085495727273	-0.3654674643545456
30350000	30399999	0.4369634631636363	0.9130085495727273	-0.47604508640909093
30400000	30449999	0.354962095990909	0.9130085495727273	-0.5580464535818183
30450000	30499999	0.3034866060636364	0.9130085495727273	-0.6095219435090908
30500000	30549999	0.2656825349363636	0.9130085495727273	-0.6473260146363636
30550000	30599999	0.2152341871636364	0.9130085495727273	-0.6977743624090909
30600000	30649999	0.16857961040909086	0.9130085495727273	-0.7444289391636364
30650000	30699999	0.19321079251818185	0.9130085495727273	-0.7197977570545454
30700000	30749999	0.2290412353454545	0.9130085495727273	-0.6839673142272727
30750000	30799999	0.2961034751999999	0.9130085495727273	-0.6169050743727273
30800000	30849999	0.3614428169181817	0.9130085495727273	-0.5515657326545456
30850000	30899999	0.4473096870272727	0.9130085495727273	-0.46569886254545456
30900000	30949999	0.5045423485636364	0.9130085495727273	-0.4084662010090908
30950000	30999999	0.5690707436363637	0.9130085495727273	-0.3439378059363636
31000000	31049999	0.6550102034818182	0.9130085495727273	-0.2579983460909091
31050000	31099999	0.7050333746636364	0.9130085495727273	-0.2079751749090909
31100000	31149999	0.7533922802545454	0.9130085495727273	-0.15961626931818185
31150000	31199999	0.8059145587181817	0.9130085495727273	-0.10709399085454552
31200000	31249999	0.7943630636363637	0.9130085495727273	-0.11864548593636359
31250000	31299999	0.7898206290090909	0.9130085495727273	-0.12318792056363637
31300000	31349999	0.7803455099818182	0.9130085495727273	-0.13266303959090908
31350000	31399999	0.7847273322545454	0.9130085495727273	-0.12828121731818187
31400000	31449999	0.7485598603181818	0.9130085495727273	-0.16444868925454548
31450000	31499999	0.7483414301090908	0.9130085495727273	-0.16466711946363644
31500000	31549999	0.7262638560090908	0.9130085495727273	-0.18674469356363643
31550000	31599999	0.6727582834181818	0.9130085495727273	-0.24025026615454548
31600000	31649999	0.6381463251363636	0.9130085495727273	-0.27486222443636366
31650000	31699999	0.6539127727727273	0.9130085495727273	-0.25909577679999996
31700000	31749999	0.6365450501909091	0.9130085495727273	-0.27646349938181813
31750000	31799999	0.619744143690909	0.9130085495727273	-0.29326440588181824
31800000	31849999	0.6084253213272727	0.9130085495727273	-0.3045832282454546
31850000	31899999	0.5897777542	0.9130085495727273	-0.32323079537272725
31900000	31949999	0.5584942493272727	0.9130085495727273	-0.3545143002454546
31950000	31999999	0.5692596278545454	0.9130085495727273	-0.34374892171818183
32000000	32049999	0.5615004470727272	0.9130085495727273	-0.3515081025000001
32050000	32099999	0.559704998	0.9130085495727273	-0.3533035515727273
32100000	32149999	0.5599535543818182	0.9130085495727273	-0.3530549951909091
32150000	32199999	0.5667104358636363	0.9130085495727273	-0.3462981137090909
32200000	32249999	0.4990479371909091	0.9130085495727273	-0.41396061238181814
32250000	32299999	0.4645601609909091	0.9130085495727273	-0.4484483885818182
32300000	32349999	0.4293555699454545	0.9130085495727273	-0.48365297962727277
32350000	32399999	0.38477515230909076	0.9130085495727273	-0.5282333972636365
32400000	32449999	0.35014481768181815	0.9130085495727273	-0.5628637318909091
32450000	32499999	0.3185337800181818	0.9130085495727273	-0.5944747695545455
32500000	32549999	0.26406214482727264	0.9130085495727273	-0.6489464047454546
32550000	32599999	0.23663449134545456	0.9130085495727273	-0.6763740582272727
32600000	32649999	0.23050262320000003	0.9130085495727273	-0.6825059263727272
32650000	32699999	0.25119508495454546	0.9130085495727273	-0.6618134646181818
32700000	32749999	0.28500016874545453	0.9130085495727273	-0.6280083808272727
32750000	32799999	0.3380152701	0.9130085495727273	-0.5749932794727273
32800000	32849999	0.40002209969090907	0.9130085495727273	-0.5129864498818182
32850000	32899999	0.4725414110909091	0.9130085495727273	-0.4404671384818182
32900000	32949999	0.5473255687090909	0.9130085495727273	-0.3656829808636364
32950000	32999999	0.6284641414727272	0.9130085495727273	-0.28454440810000003
33000000	33049999	0.681493688409091	0.9130085495727273	-0.2315148611636363
33050000	33099999	0.729388546490909	0.9130085495727273	-0.18362000308181825
33100000	33149999	0.7692113870818181	0.9130085495727273	-0.14379716249090913
33150000	33199999	0.8034771572454545	0.9130085495727273	-0.10953139232727271
33200000	33249999	0.8011937625	0.9130085495727273	-0.1118147870727273
33250000	33299999	0.7887334040272728	0.9130085495727273	-0.12427514554545449
33300000	33349999	0.798745781590909	0.9130085495727273	-0.11426276798181823
33350000	33399999	0.7800807913272727	0.9130085495727273	-0.13292775824545455
33400000	33449999	0.7636233149636363	0.9130085495727273	-0.14938523460909092
33450000	33499999	0.7469211809181818	0.9130085495727273	-0.16608736865454543
33500000	33549999	0.7325165857818181	0.9130085495727273	-0.18049196379090915
33550000	33599999	0.7293668165272728	0.9130085495727273	-0.1836417330454545
33600000	33649999	0.7391324523272726	0.9130085495727273	-0.1738760972454546
33650000	33699999	0.7348852626545455	0.9130085495727273	-0.1781232869181818
33700000	33749999	0.7228041116272728	0.9130085495727273	-0.1902044379454545
33750000	33799999	0.7168088948272727	0.9130085495727273	-0.19619965474545453
33800000	33849999	0.7163875109090909	0.9130085495727273	-0.19662103866363634
33850000	33899999	0.7236810457	0.9130085495727273	-0.18932750387272723
33900000	33949999	0.7461810438636364	0.9130085495727273	-0.16682750570909088
33950000	33999999	0.7653861948545454	0.9130085495727273	-0.14762235471818186
34000000	34049999	0.8180358273909091	0.9130085495727273	-0.09497272218181818
34050000	34099999	0.8312070606272727	0.9130085495727273	-0.08180148894545458
34100000	34149999	0.8753332694727273	0.9130085495727273	-0.037675280099999986
34150000	34199999	0.8952007740454545	0.9130085495727273	-0.01780777552727275
34200000	34249999	0.929356454	0.9130085495727273	0.01634790442727274
34250000	34299999	0.9723494662	0.9130085495727273	0.0593409166272727
34300000	34349999	1.0266440938818182	0.9130085495727273	0.11363554430909095
34350000	34399999	1.0604923631090908	0.9130085495727273	0.14748381353636353
34400000	34449999	1.0402649864454545	0.9130085495727273	0.12725643687272725
34450000	34499999	1.0179721346454544	0.9130085495727273	0.10496358507272718
34500000	34549999	1.0487690938181817	0.9130085495727273	0.13576054424545447
34550000	34599999	0.9861880506727272	0.9130085495727273	0.07317950109999993
34600000	34649999	0.9708304902090908	0.9130085495727273	0.05782194063636359
34650000	34699999	1.0250536878363636	0.9130085495727273	0.11204513826363638
34700000	34749999	1.081448136590909	0.9130085495727273	0.16843958701818174
34750000	34799999	1.095382905890909	0.9130085495727273	0.18237435631818177
34800000	34849999	1.1005641740272727	0.9130085495727273	0.18755562445454543
34850000	34899999	1.106536013209091	0.9130085495727273	0.19352746363636364
34900000	34949999	1.1609161779545454	0.9130085495727273	0.24790762838181812
34950000	34999999	1.2928154946090908	0.9130085495727273	0.3798069450363636
35000000	35049999	1.3490641609818181	0.9130085495727273	0.4360556114090909
35050000	35099999	1.3272916138181818	0.9130085495727273	0.4142830642454546
35100000	35149999	1.3654023648363636	0.9130085495727273	0.4523938152636363
35150000	35199999	1.4333605466181818	0.9130085495727273	0.5203519970454545
35200000	35249999	1.4312001122272728	0.9130085495727273	0.5181915626545456
35250000	35299999	1.3758684714	0.9130085495727273	0.46285992182727276
35300000	35349999	1.366437113881818	0.9130085495727273	0.45342856430909084
35350000	35399999	1.3752340964545455	0.9130085495727273	0.46222554688181827
35400000	35449999	1.3463614035727272	0.9130085495727273	0.4333528539999999
35450000	35499999	1.3297340163272726	0.9130085495727273	0.41672546675454536
35500000	35549999	1.2941312804909089	0.9130085495727273	0.3811227309181816
35550000	35599999	1.3450480831454545	0.9130085495727273	0.4320395335727273
35600000	35649999	1.405679887090909	0.9130085495727273	0.4926713375181818
35650000	35699999	1.4237491270818181	0.9130085495727273	0.5107405775090909
35700000	35749999	1.4301891926545456	0.9130085495727273	0.5171806430818183
35750000	35799999	1.387125199490909	0.9130085495727273	0.4741166499181818
35800000	35849999	1.4037643173090908	0.9130085495727273	0.49075576773636354
35850000	35899999	1.4190253902181817	0.9130085495727273	0.5060168406454545
35900000	35949999	1.410888886281818	0.9130085495727273	0.4978803367090908
35950000	35999999	1.4278150172	0.9130085495727273	0.5148064676272727
36000000	36049999	1.4029330468818182	0.9130085495727273	0.48992449730909093
36050000	36099999	1.3431172976272725	0.9130085495727273	0.43010874805454524
36100000	36149999	1.2787817892363635	0.9130085495727273	0.3657732396636363
36150000	36199999	1.227905501490909	0.9130085495727273	0.3148969519181818
36200000	36249999	1.2045903615	0.9130085495727273	0.2915818119272727
36250000	36299999	1.168593000018182	0.9130085495727273	0.25558445044545464
36300000	36349999	1.1431081869727273	0.9130085495727273	0.23009963740000006
36350000	36399999	1.1550287740181817	0.9130085495727273	0.24202022444545446
36400000	36449999	1.1597221316363635	0.9130085495727273	0.24671358206363625
36450000	36499999	1.1889023723545455	0.9130085495727273	0.2758938227818183
36500000	36549999	1.2191341930636364	0.9130085495727273	0.3061256434909091
36550000	36599999	1.2131207815727272	0.9130085495727273	0.3001122319999999
36600000	36649999	1.2223127766181818	0.9130085495727273	0.30930422704545457
36650000	36699999	1.223363087890909	0.9130085495727273	0.3103545383181817
36700000	36749999	1.2319754765272728	0.9130085495727273	0.31896692695454554
36750000	36799999	1.2707847033454547	0.9130085495727273	0.3577761537727274
36800000	36849999	1.2621056292090909	0.9130085495727273	0.3490970796363636
36850000	36899999	1.291605339209091	0.9130085495727273	0.3785967896363637
36900000	36949999	1.2751329277181818	0.9130085495727273	0.3621243781454545
36950000	36999999	1.2633144895	0.9130085495727273	0.35030593992727266
37000000	37049999	1.269124256109091	0.9130085495727273	0.3561157065363637
37050000	37099999	1.2438517581545456	0.9130085495727273	0.33084320858181837
37100000	37149999	1.2475571949363635	0.9130085495727273	0.33454864536363627
37150000	37199999	1.265547284990909	0.9130085495727273	0.3525387354181818
37200000	37249999	1.250699024790909	0.9130085495727273	0.33769047521818185
37250000	37299999	1.226043115181818	0.9130085495727273	0.3130345656090908
37300000	37349999	1.1785534114363636	0.9130085495727273	0.26554486186363635
37350000	37399999	1.1433170616363637	0.9130085495727273	0.23030851206363645
37400000	37449999	1.0820334495181818	0.9130085495727273	0.16902489994545455
37450000	37499999	1.0498050430181818	0.9130085495727273	0.13679649344545453
37500000	37549999	0.9995328593272726	0.9130085495727273	0.08652430975454539
37550000	37599999	0.918931909	0.9130085495727273	0.005923359427272734
37600000	37649999	0.8715964844818181	0.9130085495727273	-0.04141206509090911
37650000	37699999	0.8527334832181818	0.9130085495727273	-0.06027506635454549
37700000	37749999	0.8259219726818181	0.9130085495727273	-0.08708657689090915
37750000	37799999	0.808341873590909	0.9130085495727273	-0.10466667598181822
37800000	37849999	0.8050648856090908	0.9130085495727273	-0.10794366396363642
37850000	37899999	0.8070623856	0.9130085495727273	-0.10594616397272727
37900000	37949999	0.8352133620818182	0.9130085495727273	-0.07779518749090908
37950000	37999999	0.8492055059	0.9130085495727273	-0.06380304367272727
38000000	38049999	0.8557503648363636	0.9130085495727273	-0.05725818473636368
38050000	38099999	0.8649278267727273	0.9130085495727273	-0.048080722799999975
38100000	38149999	0.8790346452545454	0.9130085495727273	-0.03397390431818181
38150000	38199999	0.8894594705545454	0.9130085495727273	-0.023549079018181818
38200000	38249999	0.8963305720090909	0.9130085495727273	-0.016677977563636315
38250000	38299999	0.8934632234909091	0.9130085495727273	-0.019545326081818137
38300000	38349999	0.9542278648545455	0.9130085495727273	0.041219315281818214
38350000	38399999	1.0436039241363637	0.9130085495727273	0.13059537456363646
38400000	38449999	1.0747831689	0.9130085495727273	0.16177461932727277
38450000	38499999	1.0911723912272726	0.9130085495727273	0.17816384165454535
38500000	38549999	1.1638124535363636	0.9130085495727273	0.2508039039636364
38550000	38599999	1.1731851086	0.9130085495727273	0.26017655902727277
38600000	38649999	1.1840066616636364	0.9130085495727273	0.2709981120909092
38650000	38699999	1.1951247968636363	0.9130085495727273	0.282116247290909
38700000	38749999	1.1978244828272726	0.9130085495727273	0.28481593325454535
38750000	38799999	1.1835696882727271	0.9130085495727273	0.27056113869999987
38800000	38849999	1.1779829674636364	0.9130085495727273	0.26497441789090914
38850000	38899999	1.1089020528	0.9130085495727273	0.19589350322727273
38900000	38949999	1.0137160626090909	0.9130085495727273	0.1007075130363636
38950000	38999999	1.0070171713454545	0.9130085495727273	0.09400862177272729
39000000	39049999	0.9791086601636364	0.9130085495727273	0.06610011059090914
39050000	39099999	0.9209246071363636	0.9130085495727273	0.007916057563636336
39100000	39149999	0.9185047995909091	0.9130085495727273	0.005496250018181881
39150000	39199999	0.9299405418363637	0.9130085495727273	0.016931992263636397
39200000	39249999	0.9706554604181818	0.9130085495727273	0.05764691084545459
39250000	39299999	0.9817950502727273	0.9130085495727273	0.06878650070000003
39300000	39349999	0.9993217869454545	0.9130085495727273	0.08631323737272723
39350000	39399999	1.0116764208727274	0.9130085495727273	0.0986678713000001
39400000	39449999	1.058325447790909	0.9130085495727273	0.14531689821818172
39450000	39499999	1.0681218060727273	0.9130085495727273	0.15511325650000007
39500000	39549999	1.0762439150636363	0.9130085495727273	0.163235365490909
39550000	39599999	1.0774782945818182	0.9130085495727273	0.16446974500909095
39600000	39649999	1.0919354524363636	0.9130085495727273	0.17892690286363633
39650000	39699999	1.1138582132727273	0.9130085495727273	0.20084966370000001
39700000	39749999	1.1678344127363636	0.9130085495727273	0.2548258631636363
39750000	39799999	1.1691193404545455	0.9130085495727273	0.2561107908818182
39800000	39849999	1.1930999040636363	0.9130085495727273	0.28009135449090905
39850000	39899999	1.1918441185272726	0.9130085495727273	0.2788355689545453
39900000	39949999	1.2016822347181817	0.9130085495727273	0.28867368514545444
39950000	39999999	1.2026958614272727	0.9130085495727273	0.28968731185454544
40000000	40049999	1.2307529414545455	0.9130085495727273	0.31774439188181824
40050000	40099999	1.2137897282272727	0.9130085495727273	0.30078117865454546
40100000	40149999	1.2251573485454545	0.9130085495727273	0.3121487989727273
40150000	40199999	1.2033948312181817	0.9130085495727273	0.29038628164545444
40200000	40249999	1.2257634195727272	0.9130085495727273	0.3127548699999999
40250000	40299999	1.1528799160363636	0.9130085495727273	0.23987136646363638
40300000	40349999	1.1171922233545455	0.9130085495727273	0.20418367378181823
40350000	40399999	1.1001160341545455	0.9130085495727273	0.18710748458181825
40400000	40449999	1.083958813518182	0.9130085495727273	0.17095026394545465
40450000	40499999	1.079066291190909	0.9130085495727273	0.16605774161818176
40500000	40549999	1.0512162364181818	0.9130085495727273	0.1382076868454546
40550000	40599999	1.0282542314727272	0.9130085495727273	0.11524568189999995
40600000	40649999	1.0374781604818182	0.9130085495727273	0.12446961090909092
40650000	40699999	1.0627843444636365	0.9130085495727273	0.1497757948909092
40700000	40749999	1.0775903877454545	0.9130085495727273	0.1645818381727272
40750000	40799999	1.0407410154090908	0.9130085495727273	0.12773246583636355
40800000	40849999	1.0602484163181818	0.9130085495727273	0.14723986674545453
40850000	40899999	1.037197999690909	0.9130085495727273	0.12418945011818183
40900000	40949999	1.0300334057818181	0.9130085495727273	0.11702485620909087
40950000	40999999	1.0348461910272728	0.9130085495727273	0.12183764145454556
41000000	41049999	1.0215118700727273	0.9130085495727273	0.1085033205
41050000	41099999	1.0494088679727274	0.9130085495727273	0.1364003184000001
41100000	41149999	1.061016822090909	0.9130085495727273	0.14800827251818183
41150000	41199999	1.0585693350818182	0.9130085495727273	0.1455607855090909
41200000	41249999	1.0373633579545454	0.9130085495727273	0.12435480838181812
41250000	41299999	1.0406638566727273	0.9130085495727273	0.12765530710000006
41300000	41349999	1.0399249520727274	0.9130085495727273	0.12691640250000014
41350000	41399999	1.0471327637363637	0.9130085495727273	0.1341242141636364
41400000	41449999	1.0709873173818183	0.9130085495727273	0.15797876780909104
41450000	41499999	1.0789934046272727	0.9130085495727273	0.1659848550545454
41500000	41549999	1.0743214759727273	0.9130085495727273	0.16131292640000006
41550000	41599999	1.0780430268181818	0.9130085495727273	0.1650344772454545
41600000	41649999	1.0644212861363636	0.9130085495727273	0.1514127365636363
41650000	41699999	1.0558897916090908	0.9130085495727273	0.14288124203636354
41700000	41749999	1.0845080738545454	0.9130085495727273	0.17149952428181814
41750000	41799999	1.0997810056	0.9130085495727273	0.18677245602727266
41800000	41849999	1.1157865138272727	0.9130085495727273	0.20277796425454542
41850000	41899999	1.1191393504363636	0.9130085495727273	0.20613080086363633
41900000	41949999	1.1172423673363636	0.9130085495727273	0.20423381776363636
41950000	41999999	1.117413343609091	0.9130085495727273	0.2044047940363637
42000000	42049999	1.1058888217636365	0.9130085495727273	0.1928802721909092
42050000	42099999	1.115250468209091	0.9130085495727273	0.20224191863636365
42100000	42149999	1.113789889	0.9130085495727273	0.20078133942727272
42150000	42199999	1.095204500709091	0.9130085495727273	0.18219595113636367
42200000	42249999	1.1067637934454546	0.9130085495727273	0.19375524387272736
42250000	42299999	1.0952638643363637	0.9130085495727273	0.18225531476363643
42300000	42349999	1.1157283538	0.9130085495727273	0.20271980422727276
42350000	42399999	1.113215635	0.9130085495727273	0.20020708542727272
42400000	42449999	1.110248117	0.9130085495727273	0.19723956742727278
42450000	42499999	1.1024718085	0.9130085495727273	0.18946325892727278
42500000	42549999	1.1141343447454546	0.9130085495727273	0.20112579517272733
42550000	42599999	1.1461715999272728	0.9130085495727273	0.23316305035454554
42600000	42649999	1.1661326130545455	0.9130085495727273	0.25312406348181826
42650000	42699999	1.2096948140636363	0.9130085495727273	0.29668626449090907
42700000	42749999	1.2341963538545455	0.9130085495727273	0.32118780428181826
42750000	42799999	1.2290237723272726	0.9130085495727273	0.3160152227545453
42800000	42849999	1.219873117490909	0.9130085495727273	0.30686456791818173
42850000	42899999	1.2095085356363635	0.9130085495727273	0.29649998606363626
42900000	42949999	1.2113974596090908	0.9130085495727273	0.2983889100363636
42950000	42999999	1.2357127874181817	0.9130085495727273	0.32270423784545443
43000000	43049999	1.2540012785727273	0.9130085495727273	0.340992729
43050000	43099999	1.2561477327	0.9130085495727273	0.34313918312727265
43100000	43149999	1.2470573717181819	0.9130085495727273	0.3340488221454546
43150000	43199999	1.243191408690909	0.9130085495727273	0.3301828591181818
43200000	43249999	1.192994426	0.9130085495727273	0.2799858764272728
43250000	43299999	1.1775019994454545	0.9130085495727273	0.26449344987272727
43300000	43349999	1.1798674121545454	0.9130085495727273	0.2668588625818181
43350000	43399999	1.1809947632545454	0.9130085495727273	0.2679862136818182
43400000	43449999	1.1509851225636363	0.9130085495727273	0.23797657299090902
43450000	43499999	1.1437396728363636	0.9130085495727273	0.23073112326363632
43500000	43549999	1.1336342710727272	0.9130085495727273	0.22062572149999993
43550000	43599999	1.101843245609091	0.9130085495727273	0.18883469603636371
43600000	43649999	1.0138516716636363	0.9130085495727273	0.10084312209090907
43650000	43699999	0.9713178441636363	0.9130085495727273	0.058309294590909055
43700000	43749999	0.8825122325454545	0.9130085495727273	-0.030496317027272735
43750000	43799999	0.8766418984090909	0.9130085495727273	-0.036366651163636354
43800000	43849999	0.8760832920727273	0.9130085495727273	-0.036925257499999975
43850000	43899999	0.8666633133909091	0.9130085495727273	-0.046345236181818183
43900000	43949999	0.8471900673909091	0.9130085495727273	-0.06581848218181818
43950000	43999999	0.8402730084818182	0.9130085495727273	-0.07273554109090907
44000000	44049999	0.8353623978363636	0.9130085495727273	-0.07764615173636369
44050000	44099999	0.8384422688	0.9130085495727273	-0.07456628077272731
44100000	44149999	0.8705725055454545	0.9130085495727273	-0.042436044027272746
44150000	44199999	0.9639453626181818	0.9130085495727273	0.0509368130454545
44200000	44249999	0.9869996393636363	0.9130085495727273	0.07399108979090907
44250000	44299999	1.0728417521272726	0.9130085495727273	0.15983320255454536
44300000	44349999	1.1092822413454546	0.9130085495727273	0.19627369177272735
44350000	44399999	1.121949889490909	0.9130085495727273	0.20894133991818176
44400000	44449999	1.1430192379363637	0.9130085495727273	0.23001068836363647
44450000	44499999	1.161813259809091	0.9130085495727273	0.24880471023636364
44500000	44549999	1.1899297813636363	0.9130085495727273	0.276921231790909
44550000	44599999	1.1881390758818182	0.9130085495727273	0.27513052630909096
44600000	44649999	1.1732387259272727	0.9130085495727273	0.2602301763545455
44650000	44699999	1.1629972875545453	0.9130085495727273	0.2499887379818181
44700000	44749999	1.1595504166181818	0.9130085495727273	0.24654186704545455
44750000	44799999	1.1821272137545455	0.9130085495727273	0.2691186641818183
44800000	44849999	1.1759788050272726	0.9130085495727273	0.26297025545454533
44850000	44899999	1.1535622778272727	0.9130085495727273	0.24055372825454546
44900000	44949999	1.2036995334363636	0.9130085495727273	0.29069098386363634
44950000	44999999	1.2031551690636364	0.9130085495727273	0.29014661949090914
45000000	45049999	1.225899187609091	0.9130085495727273	0.31289063803636374
45050000	45099999	1.2272094579	0.9130085495727273	0.31420090832727265
45100000	45149999	1.2057258773454547	0.9130085495727273	0.2927173277727274
45150000	45199999	1.1925260122090908	0.9130085495727273	0.27951746263636357
45200000	45249999	1.1808543834999998	0.9130085495727273	0.26784583392727257
45250000	45299999	1.1599487832818183	0.9130085495727273	0.24694023370909102
45300000	45349999	1.1237120729272727	0.9130085495727273	0.21070352335454545
45350000	45399999	1.1032666914	0.9130085495727273	0.19025814182727274
45400000	45449999	1.121092882290909	0.9130085495727273	0.20808433271818172
45450000	45499999	1.0603845432272727	0.9130085495727273	0.14737599365454546
45500000	45549999	1.0230585915363637	0.9130085495727273	0.11005004196363644
45550000	45599999	0.9837431417272727	0.9130085495727273	0.07073459215454547
45600000	45649999	0.9621370792909091	0.9130085495727273	0.049128529718181824
45650000	45699999	0.9643919123636363	0.9130085495727273	0.05138336279090905
45700000	45749999	0.9487285827454546	0.9130085495727273	0.03572003317272732
45750000	45799999	0.9177978034	0.9130085495727273	0.004789253827272688
45800000	45849999	0.8811701662636363	0.9130085495727273	-0.031838383309090945
45850000	45899999	0.8464576789181818	0.9130085495727273	-0.06655087065454546
45900000	45949999	0.8153716141818181	0.9130085495727273	-0.09763693539090912
45950000	45999999	0.7641903717727272	0.9130085495727273	-0.14881817780000006
46000000	46049999	0.7363047667636363	0.9130085495727273	-0.17670378280909094
46050000	46099999	0.7341508661727273	0.9130085495727273	-0.17885768339999997
46100000	46149999	0.7011485107545454	0.9130085495727273	-0.21186003881818183
46150000	46199999	0.6591678808	0.9130085495727273	-0.25384066877272726
46200000	46249999	0.6565219325454545	0.9130085495727273	-0.2564866170272727
46250000	46299999	0.664921517109091	0.9130085495727273	-0.24808703246363628
46300000	46349999	0.6582903990818181	0.9130085495727273	-0.2547181504909092
46350000	46399999	0.6732570585	0.9130085495727273	-0.2397514910727273
46400000	46449999	0.6801242994454545	0.9130085495727273	-0.23288425012727276
46450000	46499999	0.6732839906818182	0.9130085495727273	-0.23972455889090905
46500000	46549999	0.6919555504363636	0.9130085495727273	-0.22105299913636367
46550000	46599999	0.6994146156636364	0.9130085495727273	-0.21359393390909087
46600000	46649999	0.7039739503727273	0.9130085495727273	-0.2090345992
46650000	46699999	0.704786486690909	0.9130085495727273	-0.20822206288181822
46700000	46749999	0.7228133706818182	0.9130085495727273	-0.1901951788909091
46750000	46799999	0.7008074148636364	0.9130085495727273	-0.21220113470909086
46800000	46849999	0.699379539	0.9130085495727273	-0.2136290105727272
46850000	46899999	0.7040531675454546	0.9130085495727273	-0.2089553820272727
46900000	46949999	0.7041269164363636	0.9130085495727273	-0.20888163313636365
46950000	46999999	0.7420685218454546	0.9130085495727273	-0.17094002772727268
47000000	47049999	0.7621680650727273	0.9130085495727273	-0.15084048449999998
47050000	47099999	0.7615827424545455	0.9130085495727273	-0.15142580711818177
47100000	47149999	0.7900644590454545	0.9130085495727273	-0.12294409052727273
47150000	47199999	0.7731667580363636	0.9130085495727273	-0.13984179153636367
47200000	47249999	0.7678353699818181	0.9130085495727273	-0.14517317959090914
47250000	47299999	0.7775026807181817	0.9130085495727273	-0.13550586885454552
47300000	47349999	0.7725685604545455	0.9130085495727273	-0.14043998911818178
47350000	47399999	0.7595705228727272	0.9130085495727273	-0.15343802670000006
47400000	47449999	0.7464734708545454	0.9130085495727273	-0.16653507871818185
47450000	47499999	0.7443805994545454	0.9130085495727273	-0.16862795011818188
47500000	47549999	0.7212423083818181	0.9130085495727273	-0.19176624119090913
47550000	47599999	0.7179263303363637	0.9130085495727273	-0.1950822192363636
47600000	47649999	0.7036412307454546	0.9130085495727273	-0.20936731882727266
47650000	47699999	0.6762737211090909	0.9130085495727273	-0.23673482846363636
47700000	47749999	0.6867444090454545	0.9130085495727273	-0.22626414052727273
47750000	47799999	0.6832073456909091	0.9130085495727273	-0.22980120388181813
47800000	47849999	0.664006041	0.9130085495727273	-0.2490025085727272
47850000	47899999	0.6624110671454546	0.9130085495727273	-0.25059748242727264
47900000	47949999	0.6518242219909091	0.9130085495727273	-0.2611843275818182
47950000	47999999	0.6691970769363637	0.9130085495727273	-0.2438114726363636
48000000	48049999	0.6621291671272728	0.9130085495727273	-0.2508793824454545
48050000	48099999	0.6534812018	0.9130085495727273	-0.25952734777272723
48100000	48149999	0.6481237586909091	0.9130085495727273	-0.26488479088181816
48150000	48199999	0.6725635962454545	0.9130085495727273	-0.24044495332727278
48200000	48249999	0.698600419790909	0.9130085495727273	-0.21440812978181822
48250000	48299999	0.6980202167818181	0.9130085495727273	-0.21498833279090912
48300000	48349999	0.7376763396909091	0.9130085495727273	-0.1753322098818182
48350000	48399999	0.7498655405090909	0.9130085495727273	-0.16314300906363632
48400000	48449999	0.7801548328454545	0.9130085495727273	-0.13285371672727275
48450000	48499999	0.8410895259272727	0.9130085495727273	-0.07191902364545455
48500000	48549999	0.8942963070090909	0.9130085495727273	-0.01871224256363635
48550000	48599999	0.9482662357727273	0.9130085495727273	0.03525768620000003
48600000	48649999	1.0228806157181818	0.9130085495727273	0.10987206614545453
48650000	48699999	1.0683699315636364	0.9130085495727273	0.1553613819909091
48700000	48749999	1.136321358309091	0.9130085495727273	0.22331280873636372
48750000	48799999	1.1886671200999999	0.9130085495727273	0.2756585705272726
48800000	48849999	1.282835775	0.9130085495727273	0.36982722542727264
48850000	48899999	1.3341669978090909	0.9130085495727273	0.4211584482363636
48900000	48949999	1.3817968857818181	0.9130085495727273	0.4687883362090909
48950000	48999999	1.404485620081818	0.9130085495727273	0.49147707050909084
49000000	49049999	1.3893387309363636	0.9130085495727273	0.47633018136363636
49050000	49099999	1.4332468560090907	0.9130085495727273	0.5202383064363635
49100000	49149999	1.415606797309091	0.9130085495727273	0.5025982477363636
49150000	49199999	1.4212276125272727	0.9130085495727273	0.5082190629545454
49200000	49249999	1.4476298308272726	0.9130085495727273	0.5346212812545453
49250000	49299999	1.4316529646454546	0.9130085495727273	0.5186444150727273
49300000	49349999	1.368100589190909	0.9130085495727273	0.4550920396181818
49350000	49399999	1.2979712121	0.9130085495727273	0.38496266252727274
49400000	49449999	1.2657931552	0.9130085495727273	0.35278460562727265
49450000	49499999	1.2939430073727272	0.9130085495727273	0.3809344577999999
49500000	49549999	1.3060831642	0.9130085495727273	0.39307461462727267
49550000	49599999	1.2935802911727272	0.9130085495727273	0.38057174159999996
49600000	49649999	1.2676221813545454	0.9130085495727273	0.35461363178181815
49650000	49699999	1.3121064704454546	0.9130085495727273	0.39909792087272733
49700000	49749999	1.283855997972727	0.9130085495727273	0.37084744839999984
49750000	49799999	1.2557013477181818	0.9130085495727273	0.3426927981454545
49800000	49849999	1.2167428655727273	0.9130085495727273	0.303734316
49850000	49899999	1.1983686077727271	0.9130085495727273	0.2853600581999999
49900000	49949999	1.2203544415	0.9130085495727273	0.3073458919272728
49950000	49999999	1.2231345765545454	0.9130085495727273	0.3101260269818181
50000000	50049999	1.1898963785818182	0.9130085495727273	0.2768878290090909
50050000	50099999	1.1830735427818182	0.9130085495727273	0.27006499320909094
50100000	50149999	1.2537721982545456	0.9130085495727273	0.3407636486818183
50150000	50199999	1.2597808874363636	0.9130085495727273	0.34677233786363637
50200000	50249999	1.2219209174363637	0.9130085495727273	0.3089123678636364
50250000	50299999	1.2251057042363636	0.9130085495727273	0.3120971546636363
50300000	50349999	1.2450556262636363	0.9130085495727273	0.33204707669090905
50350000	50399999	1.2714041510818181	0.9130085495727273	0.3583956015090909
50400000	50449999	1.3055562806	0.9130085495727273	0.3925477310272728
50450000	50499999	1.2884136622727271	0.9130085495727273	0.3754051126999999
50500000	50549999	1.301087778790909	0.9130085495727273	0.3880792292181817
50550000	50599999	1.2900506350818182	0.9130085495727273	0.3770420855090909
50600000	50649999	1.3065057323999998	0.9130085495727273	0.39349718282727253
50650000	50699999	1.2732545984454544	0.9130085495727273	0.36024604887272715
50700000	50749999	1.243496878690909	0.9130085495727273	0.3304883291181818
50750000	50799999	1.2536933236090908	0.9130085495727273	0.34068477403636355
50800000	50849999	1.2342304209272728	0.9130085495727273	0.3212218713545455
50850000	50899999	1.2175766841363638	0.9130085495727273	0.3045681345636365
50900000	50949999	1.1926582944272728	0.9130085495727273	0.2796497448545455
50950000	50999999	1.2027332539272728	0.9130085495727273	0.28972470435454556
51000000	51049999	1.2544053202272727	0.9130085495727273	0.34139677065454543
51050000	51099999	1.224907233309091	0.9130085495727273	0.31189868373636365
51100000	51149999	1.1963761503727273	0.9130085495727273	0.2833676008
51150000	51199999	1.1635282392636364	0.9130085495727273	0.2505196896909091
51200000	51249999	1.1259775323181818	0.9130085495727273	0.2129689827454545
51250000	51299999	1.1219463673272727	0.9130085495727273	0.20893781775454545
51300000	51349999	1.0790453529636364	0.9130085495727273	0.1660368033909091
51350000	51399999	1.0800473536454547	0.9130085495727273	0.16703880407272742
51400000	51449999	1.079156985490909	0.9130085495727273	0.16614843591818185
51450000	51499999	1.0779789388727272	0.9130085495727273	0.16497038929999996
51500000	51549999	1.1409082027454547	0.9130085495727273	0.22789965317272742
51550000	51599999	1.1575507230454545	0.9130085495727273	0.24454217347272722
51600000	51649999	1.1983058434818181	0.9130085495727273	0.28529729390909087
51650000	51699999	1.2336909342272728	0.9130085495727273	0.32068238465454557
51700000	51749999	1.2884950038454546	0.9130085495727273	0.3754864542727273
51750000	51799999	1.3171497731272728	0.9130085495727273	0.4041412235545455
51800000	51849999	1.3330743431454546	0.9130085495727273	0.42006579357272733
51850000	51899999	1.3882217720454546	0.9130085495727273	0.47521322247272735
51900000	51949999	1.4101373521363636	0.9130085495727273	0.49712880256363634
51950000	51999999	1.4072396102818183	0.9130085495727273	0.49423106070909106
52000000	52049999	1.4111043883909091	0.9130085495727273	0.49809583881818187
52050000	52099999	1.3412692858363637	0.9130085495727273	0.4282607362636365
52100000	52149999	1.2772715330181819	0.9130085495727273	0.3642629834454546
52150000	52199999	1.2269716792	0.9130085495727273	0.3139631296272728
52200000	52249999	1.2073965752181819	0.9130085495727273	0.29438802564545463
52250000	52299999	1.1473941080181818	0.9130085495727273	0.2343855584454545
52300000	52349999	1.0978076535363637	0.9130085495727273	0.1847991039636364
52350000	52399999	1.066271217	0.9130085495727273	0.15326266742727268
52400000	52449999	1.0440935015090909	0.9130085495727273	0.1310849519363636
52450000	52499999	1.0167374236454545	0.9130085495727273	0.10372887407272724
52500000	52549999	1.0083596961909091	0.9130085495727273	0.09535114661818189
52550000	52599999	0.9964297851454545	0.9130085495727273	0.08342123557272729
52600000	52649999	1.0007823209363635	0.9130085495727273	0.08777377136363629
52650000	52699999	1.0514337096545454	0.9130085495727273	0.13842516008181815
52700000	52749999	1.0814050947727272	0.9130085495727273	0.16839654519999991
52750000	52799999	1.0556962600636364	0.9130085495727273	0.14268771049090911
52800000	52849999	1.0087331477909092	0.9130085495727273	0.09572459821818191
52850000	52899999	1.0052828145818182	0.9130085495727273	0.09227426500909097
52900000	52949999	0.9733429376363636	0.9130085495727273	0.060334388063636335
52950000	52999999	0.9146973368818182	0.9130085495727273	0.0016887873090909444
53000000	53049999	0.8877584216636364	0.9130085495727273	-0.02525012790909087
53050000	53099999	0.8571815975545455	0.9130085495727273	-0.055826952018181775
53100000	53149999	0.8376052791909091	0.9130085495727273	-0.07540327038181815
53150000	53199999	0.7800824247727273	0.9130085495727273	-0.1329261248
53200000	53249999	0.6856524546090909	0.9130085495727273	-0.2273560949636364
53250000	53299999	0.6305635119909091	0.9130085495727273	-0.28244503758181816
53300000	53349999	0.6216970565454546	0.9130085495727273	-0.29131149302727266
53350000	53399999	0.6375501050818182	0.9130085495727273	-0.27545844449090906
53400000	53449999	0.6328550800545455	0.9130085495727273	-0.28015346951818176
53450000	53499999	0.6195649813818181	0.9130085495727273	-0.2934435681909091
53500000	53549999	0.6180075300545455	0.9130085495727273	-0.2950010195181818
53550000	53599999	0.6090198278636363	0.9130085495727273	-0.30398872170909097
53600000	53649999	0.6274701210363637	0.9130085495727273	-0.2855384285363636
53650000	53699999	0.6338231452272727	0.9130085495727273	-0.2791854043454546
53700000	53749999	0.6341670228454546	0.9130085495727273	-0.2788415267272727
53750000	53799999	0.6444659032090909	0.9130085495727273	-0.26854264636363634
53800000	53849999	0.6336043676272727	0.9130085495727273	-0.2794041819454546
53850000	53899999	0.642100494990909	0.9130085495727273	-0.2709080545818182
53900000	53949999	0.6530759373181818	0.9130085495727273	-0.25993261225454545
53950000	53999999	0.6448719789090909	0.9130085495727273	-0.2681365706636364
54000000	54049999	0.671495621390909	0.9130085495727273	-0.24151292818181824
54050000	54099999	0.6926844170181818	0.9130085495727273	-0.22032413255454542
54100000	54149999	0.6988471427727272	0.9130085495727273	-0.21416140680000006
54150000	54199999	0.6954405313272728	0.9130085495727273	-0.21756801824545446
54200000	54249999	0.6993161033272727	0.9130085495727273	-0.21369244624545458
54250000	54299999	0.7119125903181818	0.9130085495727273	-0.2010959592545455
54300000	54349999	0.7225214852636364	0.9130085495727273	-0.1904870643090909
54350000	54399999	0.7457749403909091	0.9130085495727273	-0.16723360918181818
54400000	54449999	0.7690858196818181	0.9130085495727273	-0.14392272989090915
54450000	54499999	0.7750621595818181	0.9130085495727273	-0.13794638999090914
54500000	54549999	0.8043181018636364	0.9130085495727273	-0.10869044770909086
54550000	54599999	0.8058810891909091	0.9130085495727273	-0.1071274603818182
54600000	54649999	0.7952613112	0.9130085495727273	-0.11774723837272727
54650000	54699999	0.8153513489909091	0.9130085495727273	-0.09765720058181815
54700000	54749999	0.8186824651454545	0.9130085495727273	-0.09432608442727275
54750000	54799999	0.8118171482818182	0.9130085495727273	-0.10119140129090909
54800000	54849999	0.8309650576	0.9130085495727273	-0.08204349197272731
54850000	54899999	0.8066093797272728	0.9130085495727273	-0.1063991698454545
54900000	54949999	0.7961579315909091	0.9130085495727273	-0.11685061798181817
54950000	54999999	0.7772368847545454	0.9130085495727273	-0.13577166481818181
55000000	55049999	0.7603267122909091	0.9130085495727273	-0.15268183728181817
55050000	55099999	0.7682691950636363	0.9130085495727273	-0.14473935450909092
55100000	55149999	0.7710287242909091	0.9130085495727273	-0.14197982528181818
55150000	55199999	0.7962934548181818	0.9130085495727273	-0.11671509475454545
55200000	55249999	0.8425459730545455	0.9130085495727273	-0.07046257651818177
55250000	55299999	0.9093472754090909	0.9130085495727273	-0.0036612741636363744
55300000	55349999	0.9186913303090909	0.9130085495727273	0.005682780736363635
55350000	55399999	0.9379527681909091	0.9130085495727273	0.024944218618181857
55400000	55449999	1.0000652714	0.9130085495727273	0.08705672182727275
55450000	55499999	1.0249331264636363	0.9130085495727273	0.11192457689090907
55500000	55549999	1.0471473914818181	0.9130085495727273	0.13413884190909087
55550000	55599999	1.0850753198363636	0.9130085495727273	0.17206677026363637
55600000	55649999	1.0745995881272727	0.9130085495727273	0.16159103855454549
55650000	55699999	1.0958020603636363	0.9130085495727273	0.182793510790909
55700000	55749999	1.1292970336363637	0.9130085495727273	0.21628848406363643
55750000	55799999	1.0828968793636364	0.9130085495727273	0.16988832979090918
55800000	55849999	1.0164961681363636	0.9130085495727273	0.10348761856363631
55850000	55899999	1.0204085615545453	0.9130085495727273	0.10740001198181803
55900000	55949999	1.0478062326	0.9130085495727273	0.13479768302727269
55950000	55999999	1.0419335905545455	0.9130085495727273	0.12892504098181823
56000000	56049999	1.0455343678181819	0.9130085495727273	0.13252581824545462
56050000	56099999	1.0439117947909091	0.9130085495727273	0.13090324521818186
56100000	56149999	1.0570885247636364	0.9130085495727273	0.1440799751909091
56150000	56199999	1.083186925681818	0.9130085495727273	0.1701783761090908
56200000	56249999	1.1530227629272727	0.9130085495727273	0.24001421335454542
56250000	56299999	1.1567343671727273	0.9130085495727273	0.2437258176
56300000	56349999	1.199148322590909	0.9130085495727273	0.2861397730181817
56350000	56399999	1.2192189284636363	0.9130085495727273	0.3062103788909091
56400000	56449999	1.2595368814545453	0.9130085495727273	0.3465283318818181
56450000	56499999	1.278318372181818	0.9130085495727273	0.36530982260909084
56500000	56549999	1.2723241683181818	0.9130085495727273	0.3593156187454546
56550000	56599999	1.2931831191727272	0.9130085495727273	0.38017456959999996
56600000	56649999	1.321526632390909	0.9130085495727273	0.4085180828181817
56650000	56699999	1.3842437915636363	0.9130085495727273	0.47123524199090905
56700000	56749999	1.4421117039363636	0.9130085495727273	0.5291031543636363
56750000	56799999	1.4206471598181816	0.9130085495727273	0.5076386102454543
56800000	56849999	1.4224418871545454	0.9130085495727273	0.5094333375818182
56850000	56899999	1.4078726651272726	0.9130085495727273	0.49486411555454535
56900000	56949999	1.4296634975545455	0.9130085495727273	0.5166549479818182
56950000	56999999	1.4291122394363636	0.9130085495727273	0.5161036898636363
57000000	57049999	1.4292347584363636	0.9130085495727273	0.5162262088636363
57050000	57099999	1.4752609959545455	0.9130085495727273	0.5622524463818183
57100000	57149999	1.5228165179181818	0.9130085495727273	0.6098079683454546
57150000	57199999	1.5992582176363637	0.9130085495727273	0.6862496680636364
57200000	57249999	1.5846025174363638	0.9130085495727273	0.6715939678636366
57250000	57299999	1.6132916791545455	0.9130085495727273	0.7002831295818183
57300000	57349999	1.5933698708818183	0.9130085495727273	0.680361321309091
57350000	57399999	1.5688424575818183	0.9130085495727273	0.655833908009091
57400000	57449999	1.5444041123727272	0.9130085495727273	0.6313955628
57450000	57499999	1.523527548890909	0.9130085495727273	0.6105189993181818
57500000	57549999	1.4843735698999998	0.9130085495727273	0.5713650203272725
57550000	57599999	1.4374852700545455	0.9130085495727273	0.5244767204818183
57600000	57649999	1.3833278569454546	0.9130085495727273	0.4703193073727273
57650000	57699999	1.3184595649090909	0.9130085495727273	0.40545101533636363
57700000	57749999	1.2407464630090907	0.9130085495727273	0.3277379134363635
57750000	57799999	1.1786600040272726	0.9130085495727273	0.2656514544545453
57800000	57849999	1.0903198995545453	0.9130085495727273	0.17731134998181808
57850000	57899999	1.0669198470181818	0.9130085495727273	0.1539112974454545
57900000	57949999	1.079890767390909	0.9130085495727273	0.1668822178181818
57950000	57999999	1.0897908539181818	0.9130085495727273	0.1767823043454545
58000000	58049999	1.1172292702272728	0.9130085495727273	0.20422072065454555
58050000	58099999	1.1974437391909092	0.9130085495727273	0.2844351896181819
58100000	58149999	1.2881510593	0.9130085495727273	0.3751425097272728
58150000	58199999	1.3141321657272726	0.9130085495727273	0.4011236161545454
58200000	58249999	1.3527434556	0.9130085495727273	0.4397349060272727
58250000	58299999	1.3393605755636364	0.9130085495727273	0.42635202599090916
58300000	58349999	1.3687812392545453	0.9130085495727273	0.45577268968181806
58350000	58399999	1.3969808321545454	0.9130085495727273	0.4839722825818181
58400000	58449999	1.4136147259636362	0.9130085495727273	0.500606176390909
58450000	58499999	1.4107576375363635	0.9130085495727273	0.49774908796363626
58500000	58549999	1.4211282977909092	0.9130085495727273	0.508119748218182
58550000	58599999	1.4176609928636363	0.9130085495727273	0.5046524432909091
58600000	58649999	1.3709739580181817	0.9130085495727273	0.4579654084454544
58650000	58699999	1.3509208389636362	0.9130085495727273	0.437912289390909
58700000	58749999	1.3767514536454544	0.9130085495727273	0.4637429040727271
58750000	58799999	1.365867899909091	0.9130085495727273	0.4528593503363637
58800000	58849999	1.3590924538272726	0.9130085495727273	0.44608390425454536
58850000	58899999	1.3632800934727272	0.9130085495727273	0.4502715438999999
58900000	58949999	1.342030079881818	0.9130085495727273	0.42902153030909085
58950000	58999999	1.3370744980545455	0.9130085495727273	0.4240659484818182
59000000	59049999	1.3490745545999998	0.9130085495727273	0.43606600502727255
59050000	59099999	1.3841981761636362	0.9130085495727273	0.4711896265909089
59100000	59149999	1.3893712104181817	0.9130085495727273	0.4763626608454544
59150000	59199999	1.3626949441	0.9130085495727273	0.44968639452727277
59200000	59249999	1.2787358773	0.9130085495727273	0.3657273277272727
59250000	59299999	1.2237849246272727	0.9130085495727273	0.3107763750545455
59300000	59349999	1.187707910690909	0.9130085495727273	0.2746993611181817
59350000	59399999	1.1674938109	0.9130085495727273	0.25448526132727267
59400000	59449999	1.1151148347636364	0.9130085495727273	0.20210628519090912
59450000	59499999	1.0852942239181818	0.9130085495727273	0.1722856743454545
59500000	59549999	1.0727160708545453	0.9130085495727273	0.1597075212818181
59550000	59599999	1.0341075380363636	0.9130085495727273	0.12109898846363631
59600000	59649999	0.9847058566272727	0.9130085495727273	0.07169730705454547
59650000	59699999	0.9484189308363636	0.9130085495727273	0.03541038126363638
59700000	59749999	0.9702313715727272	0.9130085495727273	0.05722282199999995
59750000	59799999	0.9681358434454546	0.9130085495727273	0.0551272938727273
59800000	59849999	0.9600774541	0.9130085495727273	0.04706890452727275
59850000	59899999	0.9653947406	0.9130085495727273	0.05238619102727271
59900000	59949999	0.9569041109272727	0.9130085495727273	0.04389556135454542
59950000	59999999	0.966100736990909	0.9130085495727273	0.05309218741818178
60000000	60049999	0.9716194955727273	0.9130085495727273	0.05861094600000005
60050000	60099999	0.957030388390909	0.9130085495727273	0.04402183881818178
60100000	60149999	0.957513934	0.9130085495727273	0.0445053844272727
60150000	60199999	0.9620414225181818	0.9130085495727273	0.04903287294545455
60200000	60249999	0.9565335051727273	0.9130085495727273	0.043524955600000026
60250000	60299999	0.9228322808181818	0.9130085495727273	0.009823731245454548
60300000	60349999	0.9324750293454545	0.9130085495727273	0.019466479772727197
60350000	60399999	0.9326160570454545	0.9130085495727273	0.019607507472727215
60400000	60449999	0.9143232610818182	0.9130085495727273	0.0013147115090909045
60450000	60499999	0.9726389028	0.9130085495727273	0.059630353227272725
60500000	60549999	1.0424829909272726	0.9130085495727273	0.12947444135454533
60550000	60599999	1.0650470464818182	0.9130085495727273	0.152038496909091
60600000	60649999	1.0713053513363635	0.9130085495727273	0.15829680176363625
60650000	60699999	1.0673459084545454	0.9130085495727273	0.1543373588818181
60700000	60749999	1.0591864443909091	0.9130085495727273	0.14617789481818189
60750000	60799999	1.0425523557727272	0.9130085495727273	0.12954380619999994
60800000	60849999	1.0380814688545454	0.9130085495727273	0.12507291928181818
60850000	60899999	1.0042556967818181	0.9130085495727273	0.09124714720909088
60900000	60949999	0.9918743922363636	0.9130085495727273	0.07886584266363639
60950000	60999999	0.9750499570545454	0.9130085495727273	0.06204140748181819
61000000	61049999	0.9142537266727273	0.9130085495727273	0.00124517710000005
61050000	61099999	0.8321453425363636	0.9130085495727273	-0.08086320703636363
61100000	61149999	0.7947413179727273	0.9130085495727273	-0.11826723159999997
61150000	61199999	0.7804866272363636	0.9130085495727273	-0.13252192233636362
61200000	61249999	0.782277586	0.9130085495727273	-0.1307309635727273
61250000	61299999	0.7633645559545454	0.9130085495727273	-0.14964399361818181
61300000	61349999	0.7701289952272727	0.9130085495727273	-0.14287955434545452
61350000	61399999	0.7543791798636363	0.9130085495727273	-0.15862936970909092
61400000	61449999	0.7659851257090908	0.9130085495727273	-0.14702342386363643
61450000	61499999	0.7639850407181817	0.9130085495727273	-0.14902350885454552
61500000	61549999	0.7818626424	0.9130085495727273	-0.13114590717272723
61550000	61599999	0.7759924150818182	0.9130085495727273	-0.1370161344909091
61600000	61649999	0.7746265044545454	0.9130085495727273	-0.13838204511818186
61650000	61699999	0.7997328825272727	0.9130085495727273	-0.11327566704545455
61700000	61749999	0.8249456348727273	0.9130085495727273	-0.08806291469999994
61750000	61799999	0.8240570500181819	0.9130085495727273	-0.0889514995545454
61800000	61849999	0.8445114188818181	0.9130085495727273	-0.06849713069090912
61850000	61899999	0.8416098009727273	0.9130085495727273	-0.07139874859999995
61900000	61949999	0.9082729094181818	0.9130085495727273	-0.004735640154545417
61950000	61999999	0.9700129630909091	0.9130085495727273	0.05700441351818186
62000000	62049999	1.0349054738818182	0.9130085495727273	0.12189692430909094
62050000	62099999	1.0806779081454545	0.9130085495727273	0.16766935857272725
62100000	62149999	1.1091371260454546	0.9130085495727273	0.1961285764727273
62150000	62199999	1.1275884344818181	0.9130085495727273	0.21457988490909086
62200000	62249999	1.1191158898818183	0.9130085495727273	0.20610734030909106
62250000	62299999	1.0686723289363635	0.9130085495727273	0.1556637793636363
62300000	62349999	1.0599982440272728	0.9130085495727273	0.14698969445454557
62350000	62399999	1.0473909910181818	0.9130085495727273	0.13438244144545453
62400000	62449999	1.0466274306181818	0.9130085495727273	0.1336188810454545
62450000	62499999	0.9883605663818182	0.9130085495727273	0.07535201680909098
62500000	62549999	0.920400487209091	0.9130085495727273	0.007391937636363699
62550000	62599999	0.8662091085454545	0.9130085495727273	-0.04679944102727274
62600000	62649999	0.8081114044363636	0.9130085495727273	-0.10489714513636361
62650000	62699999	0.7975977625181818	0.9130085495727273	-0.11541078705454544
62700000	62749999	0.7921097470272727	0.9130085495727273	-0.1208988025454546
62750000	62799999	0.7948946334363636	0.9130085495727273	-0.11811391613636368
62800000	62849999	0.8190469410909091	0.9130085495727273	-0.09396160848181812
62850000	62899999	0.8305371576909091	0.9130085495727273	-0.08247139188181818
62900000	62949999	0.8286232223727272	0.9130085495727273	-0.08438532720000003
62950000	62999999	0.8289995930454546	0.9130085495727273	-0.0840089565272727
63000000	63049999	0.8420047551636364	0.9130085495727273	-0.07100379440909088
63050000	63099999	0.8745938465636364	0.9130085495727273	-0.03841470300909089
63100000	63149999	0.8900603252454545	0.9130085495727273	-0.022948224327272726
63150000	63199999	0.9386978438636363	0.9130085495727273	0.025689294290909048
63200000	63249999	0.9670162069909091	0.9130085495727273	0.05400765741818181
63250000	63299999	1.0179428567636364	0.9130085495727273	0.10493430719090913
63300000	63349999	1.0542963786363637	0.9130085495727273	0.14128782906363646
63350000	63399999	1.0839425008363637	0.9130085495727273	0.17093395126363642
63400000	63449999	1.1152756205363636	0.9130085495727273	0.2022670709636364
63450000	63499999	1.155710316309091	0.9130085495727273	0.24270176673636368
63500000	63549999	1.1800320299454545	0.9130085495727273	0.2670234803727273
63550000	63599999	1.2763117701545454	0.9130085495727273	0.3633032205818182
63600000	63649999	1.2726200000909091	0.9130085495727273	0.3596114505181819
63650000	63699999	1.273479488390909	0.9130085495727273	0.3604709388181818
63700000	63749999	1.2937185718545454	0.9130085495727273	0.38071002228181816
63750000	63799999	1.3465783440272727	0.9130085495727273	0.43356979445454547
63800000	63849999	1.3283461517181818	0.9130085495727273	0.41533760214545457
63850000	63899999	1.3328815198	0.9130085495727273	0.41987297022727266
63900000	63949999	1.3271881025545453	0.9130085495727273	0.4141795529818181
63950000	63999999	1.3207852195090908	0.9130085495727273	0.4077766699363635
64000000	64049999	1.3100692096636364	0.9130085495727273	0.3970606600909091
64050000	64099999	1.3132841128090909	0.9130085495727273	0.4002755632363636
64100000	64149999	1.2504986081818181	0.9130085495727273	0.33749005860909087
64150000	64199999	1.2456959713727271	0.9130085495727273	0.3326874217999999
64200000	64249999	1.2559423862636363	0.9130085495727273	0.34293383669090904
64250000	64299999	1.2527732883272726	0.9130085495727273	0.3397647387545454
64300000	64349999	1.2272193096363635	0.9130085495727273	0.31421076006363624
64350000	64399999	1.2122729922	0.9130085495727273	0.2992644426272727
64400000	64449999	1.1944542567090908	0.9130085495727273	0.2814457071363635
64450000	64499999	1.2176623038363636	0.9130085495727273	0.3046537542636364
64500000	64549999	1.2113891475363636	0.9130085495727273	0.29838059796363636
64550000	64599999	1.225279654090909	0.9130085495727273	0.31227110451818174
64600000	64649999	1.2357685701272727	0.9130085495727273	0.32276002055454545
64650000	64699999	1.2333709555545453	0.9130085495727273	0.3203624059818181
64700000	64749999	1.2329282017727272	0.9130085495727273	0.31991965219999996
64750000	64799999	1.2299240462181817	0.9130085495727273	0.3169154966454545
64800000	64849999	1.190923538972727	0.9130085495727273	0.2779149893999998
64850000	64899999	1.145382473590909	0.9130085495727273	0.2323739240181818
64900000	64949999	1.1251439872545455	0.9130085495727273	0.2121354376818182
64950000	64999999	1.106630393581818	0.9130085495727273	0.19362184400909077
65000000	65049999	1.086482165990909	0.9130085495727273	0.1734736164181817
65050000	65099999	1.0947073528636364	0.9130085495727273	0.18169880329090915
65100000	65149999	1.0602339394454545	0.9130085495727273	0.14722538987272726
65150000	65199999	1.0477902659	0.9130085495727273	0.13478171632727276
65200000	65249999	1.0314824676545453	0.9130085495727273	0.11847391808181806
65250000	65299999	1.0308559421363637	0.9130085495727273	0.11784739256363641
65300000	65349999	1.0242734764727273	0.9130085495727273	0.1112649269
65350000	65399999	1.024590964109091	0.9130085495727273	0.11158241453636364
65400000	65449999	1.012242369590909	0.9130085495727273	0.09923382001818182
65450000	65499999	1.0269829555272727	0.9130085495727273	0.11397440595454544
65500000	65549999	1.0552768294	0.9130085495727273	0.14226827982727264
65550000	65599999	1.059625352881818	0.9130085495727273	0.14661680330909077
65600000	65649999	1.0654071169090908	0.9130085495727273	0.1523985673363636
65650000	65699999	1.0953574925545455	0.9130085495727273	0.18234894298181825
65700000	65749999	1.167753286709091	0.9130085495727273	0.2547447371363637
65750000	65799999	1.2366603044727271	0.9130085495727273	0.32365175489999987
65800000	65849999	1.2717650157545455	0.9130085495727273	0.3587564661818182
65850000	65899999	1.2864692494272727	0.9130085495727273	0.37346069985454544
65900000	65949999	1.316675450418182	0.9130085495727273	0.40366690084545465
65950000	65999999	1.3266073294454546	0.9130085495727273	0.4135987798727273
66000000	66049999	1.3170817723272727	0.9130085495727273	0.4040732227545455
66050000	66099999	1.280423596909091	0.9130085495727273	0.36741504733636365
66100000	66149999	1.2486398090636364	0.9130085495727273	0.3356312594909091
66150000	66199999	1.2428343655909089	0.9130085495727273	0.3298258160181816
66200000	66249999	1.2214165993545454	0.9130085495727273	0.3084080497818181
66250000	66299999	1.1349832139545455	0.9130085495727273	0.22197466438181823
66300000	66349999	1.0674463002454546	0.9130085495727273	0.15443775067272736
66350000	66399999	1.0572440142090909	0.9130085495727273	0.1442354646363636
66400000	66449999	1.050817825790909	0.9130085495727273	0.13780927621818184
66450000	66499999	1.0206415130636364	0.9130085495727273	0.10763296349090912
66500000	66549999	1.0321136432454545	0.9130085495727273	0.11910509367272726
66550000	66599999	1.0537047304636364	0.9130085495727273	0.14069618089090918
66600000	66649999	1.0705563248909091	0.9130085495727273	0.15754777531818187
66650000	66699999	1.0764706249454545	0.9130085495727273	0.16346207537272728
66700000	66749999	1.0628999618818182	0.9130085495727273	0.14989141230909098
66750000	66799999	1.0678866662636364	0.9130085495727273	0.15487811669090912
66800000	66849999	1.0911727978363637	0.9130085495727273	0.17816424826363642
66850000	66899999	1.0953361246454545	0.9130085495727273	0.18232757507272723
66900000	66949999	1.0855537315090908	0.9130085495727273	0.1725451819363636
66950000	66999999	1.0925016999636363	0.9130085495727273	0.17949315039090907
67000000	67049999	1.1152001128545455	0.9130085495727273	0.2021915632818182
67050000	67099999	1.1139878182818181	0.9130085495727273	0.20097926870909089
67100000	67149999	1.1272477374454546	0.9130085495727273	0.21423918787272733
67150000	67199999	1.125274702490909	0.9130085495727273	0.21226615291818185
67200000	67249999	1.131935606390909	0.9130085495727273	0.2189270568181817
67250000	67299999	1.163344070309091	0.9130085495727273	0.25033552073636367
67300000	67349999	1.2480267296272727	0.9130085495727273	0.3350181800545454
67350000	67399999	1.3208454328454544	0.9130085495727273	0.40783688327272716
67400000	67449999	1.3783108887	0.9130085495727273	0.4653023391272727
67450000	67499999	1.390916532490909	0.9130085495727273	0.4779079829181817
67500000	67549999	1.402214543090909	0.9130085495727273	0.4892059935181817
67550000	67599999	1.4069201358090908	0.9130085495727273	0.49391158623636355
67600000	67649999	1.4287762943545455	0.9130085495727273	0.5157677447818182
67650000	67699999	1.4479108512636363	0.9130085495727273	0.534902301690909
67700000	67749999	1.5113663055636364	0.9130085495727273	0.5983577559909091
67750000	67799999	1.5596043822363637	0.9130085495727273	0.6465958326636364
67800000	67849999	1.5419507430454544	0.9130085495727273	0.6289421934727272
67850000	67899999	1.4396674630727273	0.9130085495727273	0.5266589135
67900000	67949999	1.3632470776454546	0.9130085495727273	0.45023852807272735
67950000	67999999	1.304145387490909	0.9130085495727273	0.39113683791818177
68000000	68049999	1.2965680740272727	0.9130085495727273	0.38355952445454544
68050000	68099999	1.275265305009091	0.9130085495727273	0.3622567554363637
68100000	68149999	1.3202353026636362	0.9130085495727273	0.40722675309090894
68150000	68199999	1.321167788909091	0.9130085495727273	0.40815923933636367
68200000	68249999	1.272535993590909	0.9130085495727273	0.3595274440181818
68250000	68299999	1.1848822282545455	0.9130085495727273	0.2718736786818182
68300000	68349999	1.1489890670818181	0.9130085495727273	0.23598051750909088
68350000	68399999	1.1240271752454545	0.9130085495727273	0.21101862567272722
68400000	68449999	1.125601436	0.9130085495727273	0.2125928864272727
68450000	68499999	1.108708096281818	0.9130085495727273	0.19569954670909084
68500000	68549999	1.0801424044363637	0.9130085495727273	0.1671338548636364
68550000	68599999	1.060215169609091	0.9130085495727273	0.14720662003636364
68600000	68649999	1.0269483441636365	0.9130085495727273	0.1139397945909092
68650000	68699999	0.9442071180181818	0.9130085495727273	0.031198568445454544
68700000	68749999	0.8970221741090909	0.9130085495727273	-0.01598637546363635
68750000	68799999	0.8733143621090909	0.9130085495727273	-0.0396941874636364
68800000	68849999	0.8768483301090909	0.9130085495727273	-0.036160219463636345
68850000	68899999	0.8649408487636363	0.9130085495727273	-0.04806770080909095
68900000	68949999	0.8707704405090909	0.9130085495727273	-0.04223810906363634
68950000	68999999	0.9015329711	0.9130085495727273	-0.011475578472727288
69000000	69049999	0.9158380600454545	0.9130085495727273	0.0028295104727272813
69050000	69099999	0.9386745807545455	0.9130085495727273	0.025666031181818205
69100000	69149999	0.9473818878181818	0.9130085495727273	0.03437333824545452
69150000	69199999	0.9779560119363636	0.9130085495727273	0.06494746236363635
69200000	69249999	1.032509951590909	0.9130085495727273	0.11950140201818182
69250000	69299999	1.1041233797363637	0.9130085495727273	0.1911148301636364
69300000	69349999	1.1174452979181817	0.9130085495727273	0.20443674834545444
69350000	69399999	1.124258220009091	0.9130085495727273	0.21124967043636367
69400000	69449999	1.1122184098	0.9130085495727273	0.19920986022727283
69450000	69499999	1.1223988027363636	0.9130085495727273	0.20939025316363635
69500000	69549999	1.0899078276363636	0.9130085495727273	0.17689927806363637
69550000	69599999	1.057227505909091	0.9130085495727273	0.14421895633636372
69600000	69649999	1.0282722931545454	0.9130085495727273	0.11526374358181812
69650000	69699999	0.9964664550363636	0.9130085495727273	0.0834579054636363
69700000	69749999	0.9531279305363636	0.9130085495727273	0.04011938096363632
69750000	69799999	0.8929171757636364	0.9130085495727273	-0.020091373809090873
69800000	69849999	0.8157586244363636	0.9130085495727273	-0.09724992513636366
69850000	69899999	0.7893369406090909	0.9130085495727273	-0.12367160896363638
69900000	69949999	0.784266139	0.9130085495727273	-0.12874241057272728
69950000	69999999	0.7756631426727272	0.9130085495727273	-0.13734540690000008
70000000	70049999	0.7384348836	0.9130085495727273	-0.17457366597272728
70050000	70099999	0.7432799006545454	0.9130085495727273	-0.16972864891818185
70100000	70149999	0.7644227862818181	0.9130085495727273	-0.1485857632909091
70150000	70199999	0.7857966946545454	0.9130085495727273	-0.12721185491818188
70200000	70249999	0.7989746142454546	0.9130085495727273	-0.11403393532727268
70250000	70299999	0.8249137356636363	0.9130085495727273	-0.08809481390909091
70300000	70349999	0.8122309489363636	0.9130085495727273	-0.10077760063636365
70350000	70399999	0.8165907867090909	0.9130085495727273	-0.09641776286363635
70400000	70449999	0.8289896529181817	0.9130085495727273	-0.08401889665454554
70450000	70499999	0.841308388190909	0.9130085495727273	-0.07170016138181823
70500000	70549999	0.8504385604454545	0.9130085495727273	-0.06256998912727274
70550000	70599999	0.8697299435	0.9130085495727273	-0.043278606072727266
70600000	70649999	0.8545393084272727	0.9130085495727273	-0.0584692411454546
70650000	70699999	0.8269606169	0.9130085495727273	-0.08604793267272726
70700000	70749999	0.8554218846	0.9130085495727273	-0.05758666497272724
70750000	70799999	0.8533073110090909	0.9130085495727273	-0.059701238563636405
70800000	70849999	0.8339716873818181	0.9130085495727273	-0.07903686219090911
70850000	70899999	0.8324412787636364	0.9130085495727273	-0.08056727080909087
70900000	70949999	0.8229242749454545	0.9130085495727273	-0.09008427462727275
70950000	70999999	0.8362037314454546	0.9130085495727273	-0.07680481812727269
71000000	71049999	0.8270506177	0.9130085495727273	-0.08595793187272727
71050000	71099999	0.8372737416181818	0.9130085495727273	-0.07573480795454546
71100000	71149999	0.8199904161090908	0.9130085495727273	-0.09301813346363641
71150000	71199999	0.8186967051454546	0.9130085495727273	-0.0943118444272727
71200000	71249999	0.8042860379818182	0.9130085495727273	-0.10872251159090907
71250000	71299999	0.7478052608090909	0.9130085495727273	-0.16520328876363632
71300000	71349999	0.7299565146636364	0.9130085495727273	-0.18305203490909083
71350000	71399999	0.7167316062363636	0.9130085495727273	-0.1962769433363637
71400000	71449999	0.7172928410545455	0.9130085495727273	-0.19571570851818176
71450000	71499999	0.7167804275272727	0.9130085495727273	-0.1962281220454546
71500000	71549999	0.7078801634	0.9130085495727273	-0.20512838617272722
71550000	71599999	0.7017050981818181	0.9130085495727273	-0.21130345139090911
71600000	71649999	0.6823251106454545	0.9130085495727273	-0.23068343892727272
71650000	71699999	0.698820852209091	0.9130085495727273	-0.2141876973636363
71700000	71749999	0.7032464025363636	0.9130085495727273	-0.20976214703636364
71750000	71799999	0.7154665545818182	0.9130085495727273	-0.19754199499090908
71800000	71849999	0.7190803894363637	0.9130085495727273	-0.1939281601363636
71850000	71899999	0.7431525556181818	0.9130085495727273	-0.16985599395454543
71900000	71949999	0.8229751633	0.9130085495727273	-0.09003338627272728
71950000	71999999	0.8947417009	0.9130085495727273	-0.01826684867272721
72000000	72049999	0.9583199981181818	0.9130085495727273	0.04531144854545455
72050000	72099999	1.000464477690909	0.9130085495727273	0.08745592811818181
72100000	72149999	1.0154953009454546	0.9130085495727273	0.10248675137272734
72150000	72199999	1.0341281145545453	0.9130085495727273	0.12111956498181808
72200000	72249999	1.0251014867272727	0.9130085495727273	0.11209293715454549
72250000	72299999	1.050136285190909	0.9130085495727273	0.1371277356181818
72300000	72349999	1.087944459	0.9130085495727273	0.17493590942727277
72350000	72399999	1.110575549509091	0.9130085495727273	0.19756699993636373
72400000	72449999	1.1243688272272727	0.9130085495727273	0.21136027765454546
72450000	72499999	1.0937294235454544	0.9130085495727273	0.18072087397272718
72500000	72549999	1.0813529667272728	0.9130085495727273	0.1683444171545455
72550000	72599999	1.0911287123727273	0.9130085495727273	0.1781201628000001
72600000	72649999	1.0898565692363635	0.9130085495727273	0.17684801966363628
72650000	72699999	1.0659374903454546	0.9130085495727273	0.15292894077272734
72700000	72749999	1.0580783123545454	0.9130085495727273	0.14506976278181816
72750000	72799999	1.0862102722363636	0.9130085495727273	0.17320172266363631
72800000	72849999	1.0861506465181818	0.9130085495727273	0.17314209694545457
72850000	72899999	1.0723882420181818	0.9130085495727273	0.15937969244545458
72900000	72949999	1.0674011213818182	0.9130085495727273	0.15439257180909094
72950000	72999999	1.0429426569636364	0.9130085495727273	0.12993410739090916
73000000	73049999	1.024172464590909	0.9130085495727273	0.11116391501818168
73050000	73099999	0.9755165776636363	0.9130085495727273	0.06250802809090905
73100000	73149999	0.956839134	0.9130085495727273	0.04383058442727272
73150000	73199999	0.9576981251818182	0.9130085495727273	0.044689575609090926
73200000	73249999	1.009680473181818	0.9130085495727273	0.09667192360909083
73250000	73299999	1.020999246090909	0.9130085495727273	0.10799069651818172
73300000	73349999	1.0007165642636364	0.9130085495727273	0.08770801469090916
73350000	73399999	0.9815420898363636	0.9130085495727273	0.06853354026363634
73400000	73449999	0.9597837752454546	0.9130085495727273	0.046775225672727294
73450000	73499999	0.9565538132545455	0.9130085495727273	0.043545263681818214
73500000	73549999	1.0115631983454545	0.9130085495727273	0.09855464877272724
73550000	73599999	1.0289733717727272	0.9130085495727273	0.11596482219999993
73600000	73649999	1.0572306188363636	0.9130085495727273	0.14422206926363634
73650000	73699999	1.0486530959545455	0.9130085495727273	0.13564454638181822
73700000	73749999	1.0059354163272727	0.9130085495727273	0.09292686675454542
73750000	73799999	0.9661322774363637	0.9130085495727273	0.053123727863636394
73800000	73849999	0.9601729091090909	0.9130085495727273	0.047164359536363665
73850000	73899999	0.9574801295272727	0.9130085495727273	0.044471579954545426
73900000	73949999	0.9559355144	0.9130085495727273	0.04292696482727276
73950000	73999999	0.9738359636	0.9130085495727273	0.060827414027272764
74000000	74049999	0.9797520963727272	0.9130085495727273	0.06674354679999994
74050000	74099999	0.9265075468999999	0.9130085495727273	0.013498997327272666
74100000	74149999	0.8980663395272727	0.9130085495727273	-0.014942210045454596
74150000	74199999	0.8729441701090909	0.9130085495727273	-0.04006437946363639
74200000	74249999	0.845334650190909	0.9130085495727273	-0.06767389938181823
74250000	74299999	0.8598338402181818	0.9130085495727273	-0.05317470935454549
74300000	74349999	0.8784895133727273	0.9130085495727273	-0.034519036199999964
74350000	74399999	0.8833168330181818	0.9130085495727273	-0.0296917165545455
74400000	74449999	0.9149973464	0.9130085495727273	0.0019887968272727097
74450000	74499999	0.9526366279454546	0.9130085495727273	0.039628078372727304
74500000	74549999	0.9898581742636363	0.9130085495727273	0.07684962469090906
74550000	74599999	1.0284426922636363	0.9130085495727273	0.11543414269090901
74600000	74649999	1.0472273056181818	0.9130085495727273	0.13421875604545452
74650000	74699999	1.0832809162181818	0.9130085495727273	0.17027236664545453
74700000	74749999	1.1079473260090908	0.9130085495727273	0.1949387764363636
74750000	74799999	1.1207888642181818	0.9130085495727273	0.20778031464545454
74800000	74849999	1.1260430149818181	0.9130085495727273	0.21303446540909088
74850000	74899999	1.1395526069272728	0.9130085495727273	0.22654405735454552
74900000	74949999	1.140918256381818	0.9130085495727273	0.22790970680909084
74950000	74999999	1.1382761883181818	0.9130085495727273	0.22526763874545452
75000000	75049999	1.1172308721181818	0.9130085495727273	0.20422232254545458
75050000	75099999	1.0874833334818181	0.9130085495727273	0.17447478390909088
75100000	75149999	1.0539181957272727	0.9130085495727273	0.1409096461545455
75150000	75199999	1.0607038529181818	0.9130085495727273	0.14769530334545455
75200000	75249999	1.0390211468	0.9130085495727273	0.12601259722727265
75250000	75299999	1.0215734227181819	0.9130085495727273	0.1085648731454546
75300000	75349999	1.0074582214272727	0.9130085495727273	0.09444967185454545
75350000	75399999	1.0081573079545454	0.9130085495727273	0.09514875838181813
75400000	75449999	1.0003172743363635	0.9130085495727273	0.08730872476363627
75450000	75499999	1.005414286590909	0.9130085495727273	0.09240573701818178
75500000	75549999	0.9933225099090909	0.9130085495727273	0.08031396033636362
75550000	75599999	1.017582495909091	0.9130085495727273	0.10457394633636363
75600000	75649999	1.0340238465727272	0.9130085495727273	0.12101529699999991
75650000	75699999	1.0465457232454545	0.9130085495727273	0.13353717367272722
75700000	75749999	1.0340720587727272	0.9130085495727273	0.12106350919999997
75750000	75799999	1.025994138618182	0.9130085495727273	0.11298558904545464
75800000	75849999	1.0544453423727274	0.9130085495727273	0.1414367928000001
75850000	75899999	1.0901871676363637	0.9130085495727273	0.17717861806363644
75900000	75949999	1.1429187640363636	0.9130085495727273	0.22991021446363635
75950000	75999999	1.1822869380090908	0.9130085495727273	0.26927838843636354
76000000	76049999	1.227142828390909	0.9130085495727273	0.3141342788181817
76050000	76099999	1.2476239624545453	0.9130085495727273	0.33461541288181806
76100000	76149999	1.2123033796	0.9130085495727273	0.29929483002727275
76150000	76199999	1.1900279350181817	0.9130085495727273	0.27701938544545446
76200000	76249999	1.1832075869272727	0.9130085495727273	0.2701990373545454
76250000	76299999	1.1854760453181818	0.9130085495727273	0.2724674957454546
76300000	76349999	1.2193559733727273	0.9130085495727273	0.3063474238
76350000	76399999	1.1911888749454544	0.9130085495727273	0.2781803253727272
76400000	76449999	1.1747977978090909	0.9130085495727273	0.2617892482363636
76450000	76499999	1.1145716186363637	0.9130085495727273	0.2015630690636364
76500000	76549999	1.0699245535818183	0.9130085495727273	0.156916004009091
76550000	76599999	0.9955584764272727	0.9130085495727273	0.08254992685454543
76600000	76649999	0.9484159438181818	0.9130085495727273	0.03540739424545458
76650000	76699999	0.9465310190181818	0.9130085495727273	0.03352246944545456
76700000	76749999	1.0119133605272728	0.9130085495727273	0.09890481095454551
76750000	76799999	1.0669777324636365	0.9130085495727273	0.15396918289090922
76800000	76849999	1.1388492872545455	0.9130085495727273	0.22584073768181823
76850000	76899999	1.153578806109091	0.9130085495727273	0.24057025653636377
76900000	76949999	1.18566705	0.9130085495727273	0.2726585004272727
76950000	76999999	1.2150048123727273	0.9130085495727273	0.3019962628
77000000	77049999	1.2098118921636363	0.9130085495727273	0.296803342590909
77050000	77099999	1.1972384306272728	0.9130085495727273	0.2842298810545455
77100000	77149999	1.2208116108454545	0.9130085495727273	0.3078030612727273
77150000	77199999	1.2611052753272727	0.9130085495727273	0.3480967257545454
77200000	77249999	1.3033672915818182	0.9130085495727273	0.39035874200909093
77250000	77299999	1.3208108386545454	0.9130085495727273	0.40780228908181815
77300000	77349999	1.3053560145545455	0.9130085495727273	0.3923474649818183
77350000	77399999	1.2976442243272728	0.9130085495727273	0.3846356747545455
77400000	77449999	1.3381711155999998	0.9130085495727273	0.42516256602727254
77450000	77499999	1.3470484990272726	0.9130085495727273	0.4340399494545454
77500000	77549999	1.3364236973818182	0.9130085495727273	0.42341514780909095
77550000	77599999	1.3575015969181816	0.9130085495727273	0.44449304734545436
77600000	77649999	1.3692199405545455	0.9130085495727273	0.4562113909818183
77650000	77699999	1.3823116624818181	0.9130085495727273	0.4693031129090909
77700000	77749999	1.3714455299090909	0.9130085495727273	0.4584369803363636
77750000	77799999	1.3227847071818182	0.9130085495727273	0.4097761576090909
77800000	77849999	1.2369681138272726	0.9130085495727273	0.3239595642545453
77850000	77899999	1.1744863704	0.9130085495727273	0.26147782082727267
77900000	77949999	1.0896529373545454	0.9130085495727273	0.17664438778181812
77950000	77999999	1.0273224031090908	0.9130085495727273	0.11431385353636359
78000000	78049999	0.9759877996727273	0.9130085495727273	0.06297925010000005
78050000	78099999	0.9341497800363636	0.9130085495727273	0.021141230463636362
78100000	78149999	0.9243274189545454	0.9130085495727273	0.011318869381818142
78150000	78199999	0.930850885890909	0.9130085495727273	0.017842336318181773
78200000	78249999	0.9057618423090908	0.9130085495727273	-0.007246707263636409
78250000	78299999	0.891530049	0.9130085495727273	-0.021478500572727266
78300000	78349999	0.9223493747909091	0.9130085495727273	0.009340825218181803
78350000	78399999	0.9386308172454545	0.9130085495727273	0.02562226767272724
78400000	78449999	0.9476994054818182	0.9130085495727273	0.034690855909090934
78450000	78499999	0.9834577603363637	0.9130085495727273	0.07044921076363642
78500000	78549999	0.9975973359090909	0.9130085495727273	0.08458878633636369
78550000	78599999	1.026363941109091	0.9130085495727273	0.11335539153636376
78600000	78649999	1.0488645746	0.9130085495727273	0.1358560250272728
78650000	78699999	1.0312554051363636	0.9130085495727273	0.11824685556363634
78700000	78749999	1.0091081596636364	0.9130085495727273	0.09609961009090917
78750000	78799999	1.0100463291181818	0.9130085495727273	0.09703777954545456
78800000	78849999	1.0162986807727272	0.9130085495727273	0.10329013119999997
78850000	78899999	0.9941081381545455	0.9130085495727273	0.0810995885818182
78900000	78949999	0.9962577756272727	0.9130085495727273	0.08324922605454543
78950000	78999999	0.9869028045545455	0.9130085495727273	0.07389425498181823
79000000	79049999	0.9740489893181818	0.9130085495727273	0.06104043974545459
79050000	79099999	0.9382670715727273	0.9130085495727273	0.025258522000000005
79100000	79149999	0.9174760298818182	0.9130085495727273	0.004467480309090943
79150000	79199999	0.9034129044636363	0.9130085495727273	-0.009595645109090944
79200000	79249999	0.9232447332090908	0.9130085495727273	0.010236183636363583
79250000	79299999	0.9288041882090908	0.9130085495727273	0.015795638636363574
79300000	79349999	0.9452656269454545	0.9130085495727273	0.032257077372727205
79350000	79399999	0.9547857368272727	0.9130085495727273	0.04177718725454549
79400000	79449999	0.9611132635818181	0.9130085495727273	0.04810471400909089
79450000	79499999	0.9388200373636363	0.9130085495727273	0.025811487790909027
79500000	79549999	0.9340012329090909	0.9130085495727273	0.020992683336363616
79550000	79599999	0.9371360785999999	0.9130085495727273	0.024127529027272665
79600000	79649999	0.9316984068727272	0.9130085495727273	0.018689857299999946
79650000	79699999	0.9387619403090909	0.9130085495727273	0.025753390736363624
79700000	79749999	0.9539034924181818	0.9130085495727273	0.040894942845454585
79750000	79799999	0.9369719586272727	0.9130085495727273	0.023963409054545415
79800000	79849999	0.9279034259818182	0.9130085495727273	0.01489487640909093
79850000	79899999	0.9134313154	0.9130085495727273	0.0004227658272727419
79900000	79949999	0.9261955186545454	0.9130085495727273	0.013186969081818156
79950000	79999999	0.9328600643909091	0.9130085495727273	0.019851514818181815
80000000	80049999	0.9557302868727272	0.9130085495727273	0.04272173729999995
80050000	80099999	0.9780834803090909	0.9130085495727273	0.06507493073636361
80100000	80149999	0.9912845592272728	0.9130085495727273	0.07827600965454551
80150000	80199999	1.0320433169454546	0.9130085495727273	0.11903476737272733
80200000	80249999	1.0283982067636364	0.9130085495727273	0.1153896571909091
80250000	80299999	1.010641372890909	0.9130085495727273	0.09763282331818168
80300000	80349999	1.009000862509091	0.9130085495727273	0.09599231293636368
80350000	80399999	1.0197735915636363	0.9130085495727273	0.10676504199090908
80400000	80449999	1.009342918790909	0.9130085495727273	0.09633436921818184
80450000	80499999	0.9867732358727273	0.9130085495727273	0.07376468629999999
80500000	80549999	0.9672208139454546	0.9130085495727273	0.054212264372727303
80550000	80599999	0.9503966410181818	0.9130085495727273	0.03738809144545452
80600000	80649999	0.9353136965909091	0.9130085495727273	0.02230514701818187
80650000	80699999	0.9027150268090909	0.9130085495727273	-0.010293522763636376
80700000	80749999	0.8645962109545454	0.9130085495727273	-0.04841233861818184
80750000	80799999	0.8633626071090909	0.9130085495727273	-0.049645942463636406
80800000	80849999	0.8640304832272727	0.9130085495727273	-0.04897806634545454
80850000	80899999	0.8663203736818181	0.9130085495727273	-0.04668817589090912
80900000	80949999	0.8672177170818182	0.9130085495727273	-0.045790832490909095
80950000	80999999	0.8822785938727272	0.9130085495727273	-0.030729955700000033
81000000	81049999	0.884174581990909	0.9130085495727273	-0.02883396758181822
81050000	81099999	0.9260651219545454	0.9130085495727273	0.013056572381818121
81100000	81149999	0.9518122455363636	0.9130085495727273	0.03880369596363631
81150000	81199999	0.9880414064181817	0.9130085495727273	0.07503285684545447
81200000	81249999	0.9939798937545454	0.9130085495727273	0.08097134418181817
81250000	81299999	1.0318506842	0.9130085495727273	0.11884213462727267
81300000	81349999	1.0485721554	0.9130085495727273	0.13556360582727278
81350000	81399999	1.0592294924454546	0.9130085495727273	0.14622094287272736
81400000	81449999	1.0961764151	0.9130085495727273	0.1831678655272727
81450000	81499999	1.1313983394727272	0.9130085495727273	0.2183897898999999
81500000	81549999	1.1617730350727273	0.9130085495727273	0.24876448550000008
81550000	81599999	1.1942679117272728	0.9130085495727273	0.2812593621545455
81600000	81649999	1.1828634686090909	0.9130085495727273	0.2698549190363636
81650000	81699999	1.1707399849	0.9130085495727273	0.2577314353272727
81700000	81749999	1.1500321681727272	0.9130085495727273	0.23702361859999999
81750000	81799999	1.1518495210636364	0.9130085495727273	0.2388409714909091
81800000	81849999	1.1168848648	0.9130085495727273	0.2038763152272728
81850000	81899999	1.1291795883727274	0.9130085495727273	0.2161710388000001
81900000	81949999	1.1075867217181818	0.9130085495727273	0.1945781721454546
81950000	81999999	1.0904717699545454	0.9130085495727273	0.17746322038181817
82000000	82049999	1.083302135	0.9130085495727273	0.1702935854272728
82050000	82099999	1.0604212652727272	0.9130085495727273	0.14741271569999992
82100000	82149999	1.0309443411818182	0.9130085495727273	0.11793579160909096
82150000	82199999	1.0317624018272726	0.9130085495727273	0.11875385225454538
82200000	82249999	1.048227217109091	0.9130085495727273	0.1352186675363637
82250000	82299999	1.0688189645818182	0.9130085495727273	0.15581041500909099
82300000	82349999	1.0453934427181817	0.9130085495727273	0.13238489314545443
82350000	82399999	0.9605429350545454	0.9130085495727273	0.0475343854818181
82400000	82449999	0.8539703213818182	0.9130085495727273	-0.05903822819090909
82450000	82499999	0.7747757301181818	0.9130085495727273	-0.13823281945454546
82500000	82549999	0.6721521480181817	0.9130085495727273	-0.24085640155454557
82550000	82599999	0.5556736718272727	0.9130085495727273	-0.3573348777454546
82600000	82649999	0.46042566297272713	0.9130085495727273	-0.4525828866000001
82650000	82699999	0.3712433438181817	0.9130085495727273	-0.5417652057545456
82700000	82749999	0.2742178025454546	0.9130085495727273	-0.6387907470272727
82750000	82799999	0.17575004543636363	0.9130085495727273	-0.7372585041363636
82800000	82849999	0.06698469006363628	0.9130085495727273	-0.846023859509091
82850000	82899999	0.0	0.9130085495727273	-0.9130085495727273
82900000	82949999	0.006086487645454497	0.9130085495727273	-0.9069220619272728
82950000	82999999	0.06427905022727254	0.9130085495727273	-0.8487294993454547
83000000	83049999	0.1855306822181818	0.9130085495727273	-0.7274778673545454
83050000	83099999	0.2761094883545454	0.9130085495727273	-0.6368990612181819
83100000	83149999	0.35858864755454556	0.9130085495727273	-0.5544199020181817
83150000	83199999	0.44955916318181816	0.9130085495727273	-0.4634493863909091
83200000	83249999	0.5324017287454545	0.9130085495727273	-0.3806068208272727
83250000	83299999	0.6107600282090908	0.9130085495727273	-0.30224852136363645
83300000	83349999	0.6715609475363636	0.9130085495727273	-0.24144760203636362
83350000	83399999	0.7538108264	0.9130085495727273	-0.1591977231727273
83400000	83449999	0.856201652209091	0.9130085495727273	-0.05680689736363631
83450000	83499999	0.9555762221272727	0.9130085495727273	0.04256767255454541
83500000	83549999	0.9857638052636364	0.9130085495727273	0.07275525569090913
83550000	83599999	0.9991179686818181	0.9130085495727273	0.08610941910909087
83600000	83649999	1.0287103071909092	0.9130085495727273	0.11570175761818191
83650000	83699999	1.0362836799727273	0.9130085495727273	0.12327513040000004
83700000	83749999	1.0125583707818182	0.9130085495727273	0.09954982120909095
83750000	83799999	0.9895968122	0.9130085495727273	0.0765882626272727
83800000	83849999	0.9782924222636363	0.9130085495727273	0.06528387269090907
83850000	83899999	0.9665046273727272	0.9130085495727273	0.053496077799999986
83900000	83949999	0.9724917501545455	0.9130085495727273	0.05948320058181822
83950000	83999999	0.9871285019272726	0.9130085495727273	0.07411995235454538
84000000	84049999	0.9669558138	0.9130085495727273	0.053947264227272695
84050000	84099999	0.9453863752363636	0.9130085495727273	0.03237782566363634
84100000	84149999	0.8892350652272727	0.9130085495727273	-0.023773484345454565
84150000	84199999	0.8408166568363636	0.9130085495727273	-0.07219189273636362
84200000	84249999	0.8250246405272728	0.9130085495727273	-0.0879839090454545
84250000	84299999	0.8271121806181818	0.9130085495727273	-0.08589636895454544
84300000	84349999	0.8463803661	0.9130085495727273	-0.06662818347272725
84350000	84399999	0.8454933051090909	0.9130085495727273	-0.06751524446363633
84400000	84449999	0.8667949501	0.9130085495727273	-0.046213599472727296
84450000	84499999	0.8685153628454545	0.9130085495727273	-0.04449318672727276
84500000	84549999	0.8596991202363636	0.9130085495727273	-0.05330942933636362
84550000	84599999	0.8329607103	0.9130085495727273	-0.0800478392727273
84600000	84649999	0.8272502440272728	0.9130085495727273	-0.0857583055454545
84650000	84699999	0.8786929165	0.9130085495727273	-0.034315633072727225
84700000	84749999	0.9391100796181818	0.9130085495727273	0.02610153004545457
84750000	84799999	0.8642529675818181	0.9130085495727273	-0.048755581990909125
84800000	84849999	1.0059507289363636	0.9130085495727273	0.09294217936363636
84850000	84899999	1.026143131409091	0.9130085495727273	0.11313458183636371
84900000	84949999	1.0467474026727273	0.9130085495727273	0.1337388531
84950000	84999999	1.0627976134363637	0.9130085495727273	0.14978906386363644
85000000	85049999	1.0606743866818182	0.9130085495727273	0.14766583710909098
85050000	85099999	1.0529710648090909	0.9130085495727273	0.1399625152363636
85100000	85149999	1.0895470008818182	0.9130085495727273	0.17653845130909096
85150000	85199999	1.1023690281818181	0.9130085495727273	0.1893604786090909
85200000	85249999	1.063808618990909	0.9130085495727273	0.1508000694181818
85250000	85299999	1.020526176509091	0.9130085495727273	0.10751762693636369
85300000	85349999	1.1403191798727272	0.9130085495727273	0.22731063029999998
85350000	85399999	1.0166421296545454	0.9130085495727273	0.10363358008181811
85400000	85449999	1.0162456547909091	0.9130085495727273	0.10323710521818186
85450000	85499999	0.9855342334545454	0.9130085495727273	0.07252568388181813
85500000	85549999	0.9237869805	0.9130085495727273	0.010778430927272709
85550000	85599999	0.8953480485909091	0.9130085495727273	-0.01766050098181815
85600000	85649999	0.8819219512818182	0.9130085495727273	-0.031086598290909095
85650000	85699999	0.8661146057	0.9130085495727273	-0.04689394387272727
85700000	85749999	0.8751008915636364	0.9130085495727273	-0.037907658009090905
85750000	85799999	0.8803989537818182	0.9130085495727273	-0.03260959579090905
85800000	85849999	0.8724173791363636	0.9130085495727273	-0.04059117043636362
85850000	85899999	0.8539483086181818	0.9130085495727273	-0.05906024095454543
85900000	85949999	0.8506003681363636	0.9130085495727273	-0.06240818143636362
85950000	85999999	0.8417495624454545	0.9130085495727273	-0.07125898712727274
86000000	86049999	0.8407383962545455	0.9130085495727273	-0.07227015331818176
86050000	86099999	0.8575968003818182	0.9130085495727273	-0.055411749190909076
86100000	86149999	0.8651865892272728	0.9130085495727273	-0.047821960345454495
86150000	86199999	0.8403381245272727	0.9130085495727273	-0.07267042504545451
86200000	86249999	0.8147189749090908	0.9130085495727273	-0.09828957466363641
86250000	86299999	0.7775546561272727	0.9130085495727273	-0.13545389344545455
86300000	86349999	0.7276894134545454	0.9130085495727273	-0.18531913611818185
86350000	86399999	0.7027474233363636	0.9130085495727273	-0.21026112623636362
86400000	86449999	0.6558158198636364	0.9130085495727273	-0.2571927297090909
86450000	86499999	0.6347746036636364	0.9130085495727273	-0.2782339459090909
86500000	86549999	0.5910263292	0.9130085495727273	-0.3219822203727273
86550000	86599999	0.5868935954454546	0.9130085495727273	-0.32611495412727265
86600000	86649999	0.5943454414818181	0.9130085495727273	-0.31866310809090914
86650000	86699999	0.5817288101272727	0.9130085495727273	-0.3312797394454545
86700000	86749999	0.5810180139727272	0.9130085495727273	-0.3319905356
86750000	86799999	0.5946494582181818	0.9130085495727273	-0.31835909135454543
86800000	86849999	0.5982069839090909	0.9130085495727273	-0.3148015656636364
86850000	86899999	0.6078924694545453	0.9130085495727273	-0.3051160801181819
86900000	86949999	0.6195698569909092	0.9130085495727273	-0.2934386925818181
86950000	86999999	0.6310580109818182	0.9130085495727273	-0.281950538590909
87000000	87049999	0.6192392624545454	0.9130085495727273	-0.29376928711818184
87050000	87099999	0.6265232819272727	0.9130085495727273	-0.28648526764545457
87100000	87149999	0.6212891904545454	0.9130085495727273	-0.2917193591181818
87150000	87199999	0.6179068728909091	0.9130085495727273	-0.2951016766818182
87200000	87249999	0.6069154904545454	0.9130085495727273	-0.30609305911818185
87250000	87299999	0.6317773616363636	0.9130085495727273	-0.2812311879363637
87300000	87349999	0.6284713209181818	0.9130085495727273	-0.28453722865454545
87350000	87399999	0.6436828376636363	0.9130085495727273	-0.26932571190909094
87400000	87449999	0.6787865259	0.9130085495727273	-0.23422202367272726
87450000	87499999	0.6863388848545454	0.9130085495727273	-0.22666966471818184
87500000	87549999	0.6948686325818181	0.9130085495727273	-0.21813991699090918
87550000	87599999	0.7315039783999999	0.9130085495727273	-0.18150457117272734
87600000	87649999	0.7519835242363636	0.9130085495727273	-0.16102502533636365
87650000	87699999	0.7793168312	0.9130085495727273	-0.1336917183727273
87700000	87749999	0.839056809590909	0.9130085495727273	-0.07395173998181825
87750000	87799999	0.8766744854545454	0.9130085495727273	-0.03633406411818185
87800000	87849999	0.8737003735636364	0.9130085495727273	-0.03930817600909087
87850000	87899999	0.9095745845454545	0.9130085495727273	-0.0034339650272727784
87900000	87949999	0.9442745451545455	0.9130085495727273	0.031265995581818196
87950000	87999999	0.9558194300181818	0.9130085495727273	0.04281088044545456
88000000	88049999	0.9895262175999999	0.9130085495727273	0.07651766802727267
88050000	88099999	1.0029490523181819	0.9130085495727273	0.08994050274545462
88100000	88149999	0.9753579046181818	0.9130085495727273	0.06234935504545458
88150000	88199999	0.9664599744181818	0.9130085495727273	0.05345142484545451
88200000	88249999	0.9604328127818181	0.9130085495727273	0.04742426320909088
88250000	88299999	0.9268941855090909	0.9130085495727273	0.013885635936363605
88300000	88349999	0.9255605959	0.9130085495727273	0.012552046327272692
88350000	88399999	0.9085761345090909	0.9130085495727273	-0.004432415063636341
88400000	88449999	0.8896181363454545	0.9130085495727273	-0.023390413227272755
88450000	88499999	0.8637868341	0.9130085495727273	-0.049221715472727245
88500000	88549999	0.8387463857181818	0.9130085495727273	-0.07426216385454543
88550000	88599999	0.7981457883090909	0.9130085495727273	-0.11486276126363637
88600000	88649999	0.797905257909091	0.9130085495727273	-0.11510329166363631
88650000	88699999	0.8026309029454546	0.9130085495727273	-0.11037764662727267
88700000	88749999	0.8261542187818182	0.9130085495727273	-0.0868543307909091
88750000	88799999	0.8482891873818181	0.9130085495727273	-0.06471936219090912
88800000	88849999	0.8425641480545454	0.9130085495727273	-0.07044440151818188
88850000	88899999	0.842260729690909	0.9130085495727273	-0.07074781988181822
88900000	88949999	0.8674932229090909	0.9130085495727273	-0.045515326663636335
88950000	88999999	0.8754771252818182	0.9130085495727273	-0.037531424290909055
89000000	89049999	0.8734442623909091	0.9130085495727273	-0.03956428718181815
89050000	89099999	0.8836368537181818	0.9130085495727273	-0.029371695854545465
89100000	89149999	0.8955147158727272	0.9130085495727273	-0.017493833700000017
89150000	89199999	0.8933064832909091	0.9130085495727273	-0.019702066281818142
89200000	89249999	0.9141948612272727	0.9130085495727273	0.0011863116545454133
89250000	89299999	0.9256916693	0.9130085495727273	0.012683119727272762
89300000	89349999	0.9307265957636364	0.9130085495727273	0.01771804619090911
89350000	89399999	0.9666090057090909	0.9130085495727273	0.05360045613636366
89400000	89449999	0.9974376899272728	0.9130085495727273	0.08442914035454552
89450000	89499999	1.0248591695272726	0.9130085495727273	0.11185061995454537
89500000	89549999	1.0334218326363636	0.9130085495727273	0.1204132830636363
89550000	89599999	1.0792152861454545	0.9130085495727273	0.16620673657272722
89600000	89649999	1.074400103881818	0.9130085495727273	0.1613915543090908
89650000	89699999	1.0782201926818182	0.9130085495727273	0.16521164310909098
89700000	89749999	1.0873537496454546	0.9130085495727273	0.17434520007272736
89750000	89799999	1.083617385690909	0.9130085495727273	0.17060883611818178
89800000	89849999	1.056224010290909	0.9130085495727273	0.1432154607181818
89850000	89899999	1.0444447866	0.9130085495727273	0.1314362370272727
89900000	89949999	0.9988720340545454	0.9130085495727273	0.08586348448181813
89950000	89999999	0.9759639139909091	0.9130085495727273	0.06295536441818184
90000000	90049999	0.9501068412181818	0.9130085495727273	0.03709829164545453
90050000	90099999	0.9414694527363636	0.9130085495727273	0.028460903163636364
90100000	90149999	0.8954488999181818	0.9130085495727273	-0.017559649654545484
90150000	90199999	0.9107877656454545	0.9130085495727273	-0.0022207839272727625
90200000	90249999	0.9231568237363637	0.9130085495727273	0.010148274163636395
90250000	90299999	0.923933838390909	0.9130085495727273	0.010925288818181778
90300000	90349999	0.9376309617363636	0.9130085495727273	0.024622412163636365
90350000	90399999	0.952306553890909	0.9130085495727273	0.039298004318181756
90400000	90449999	0.963899059590909	0.9130085495727273	0.05089051001818179
90450000	90499999	0.9867665220818181	0.9130085495727273	0.07375797250909089
90500000	90549999	0.9872138847636364	0.9130085495727273	0.0742053351909091
90550000	90599999	1.0080377676636363	0.9130085495727273	0.09502921809090903
90600000	90649999	1.0236374501727272	0.9130085495727273	0.11062890059999997
90650000	90699999	1.0587086259	0.9130085495727273	0.14570007632727278
90700000	90749999	1.0849222395363636	0.9130085495727273	0.17191368996363632
90750000	90799999	1.0997990361181817	0.9130085495727273	0.1867904865454545
90800000	90849999	1.117264240990909	0.9130085495727273	0.20425569141818178
90850000	90899999	1.1323622717909092	0.9130085495727273	0.21935372221818195
90900000	90949999	1.1209044672818183	0.9130085495727273	0.207895917709091
90950000	90999999	1.1271655221727273	0.9130085495727273	0.2141569726
91000000	91049999	1.1477920507727273	0.9130085495727273	0.23478350120000002
91050000	91099999	1.167564127609091	0.9130085495727273	0.25455557803636364
91100000	91149999	1.1576107296636364	0.9130085495727273	0.24460218009090917
91150000	91199999	1.1552103982636364	0.9130085495727273	0.2422018486909091
91200000	91249999	1.150410402709091	0.9130085495727273	0.23740185313636364
91250000	91299999	1.1260400228454546	0.9130085495727273	0.2130314732727273
91300000	91349999	1.1215004741363637	0.9130085495727273	0.2084919245636364
91350000	91399999	1.0981091328272727	0.9130085495727273	0.18510058325454548
91400000	91449999	1.0729710669454544	0.9130085495727273	0.15996251737272715
91450000	91499999	1.0731376295545454	0.9130085495727273	0.16012907998181813
91500000	91549999	1.0672153094999999	0.9130085495727273	0.15420675992727262
91550000	91599999	1.0514431955636363	0.9130085495727273	0.13843464599090904
91600000	91649999	1.0310789876454545	0.9130085495727273	0.11807043807272721
91650000	91699999	1.045198066009091	0.9130085495727273	0.13218951643636367
91700000	91749999	1.0494289502999998	0.9130085495727273	0.13642040072727257
91750000	91799999	1.034618213290909	0.9130085495727273	0.12160966371818172
91800000	91849999	1.035948342081818	0.9130085495727273	0.12293979250909082
91850000	91899999	1.0366015692181818	0.9130085495727273	0.12359301964545455
91900000	91949999	1.0198598074727272	0.9130085495727273	0.10685125789999994
91950000	91999999	1.0294900078454545	0.9130085495727273	0.11648145827272727
92000000	92049999	1.0198278546	0.9130085495727273	0.10681930502727266
92050000	92099999	0.9923419922727272	0.9130085495727273	0.07933344269999998
92100000	92149999	0.9768290049636363	0.9130085495727273	0.06382045539090908
92150000	92199999	0.9642357679454545	0.9130085495727273	0.05122721837272726
92200000	92249999	0.9201450938181818	0.9130085495727273	0.0071365442454545125
92250000	92299999	0.8796768568	0.9130085495727273	-0.033331692772727295
92300000	92349999	0.8554996412	0.9130085495727273	-0.05750890837272726
92350000	92399999	0.8400609207181818	0.9130085495727273	-0.07294762885454542
92400000	92449999	0.8004060009545455	0.9130085495727273	-0.11260254861818175
92450000	92499999	0.7939446370090909	0.9130085495727273	-0.11906391256363635
92500000	92549999	0.7764053370090909	0.9130085495727273	-0.1366032125636364
92550000	92599999	0.781763547809091	0.9130085495727273	-0.1312450017636363
92600000	92649999	0.7810580035	0.9130085495727273	-0.13195054607272727
92650000	92699999	0.7743770903181818	0.9130085495727273	-0.13863145925454545
92700000	92749999	0.7738073349090909	0.9130085495727273	-0.13920121466363633
92750000	92799999	0.7766194715090909	0.9130085495727273	-0.13638907806363632
92800000	92849999	0.7887636379	0.9130085495727273	-0.12424491167272722
92850000	92899999	0.7965216218818182	0.9130085495727273	-0.11648692769090907
92900000	92949999	0.7919903578272727	0.9130085495727273	-0.12101819174545458
92950000	92999999	0.8246459029727272	0.9130085495727273	-0.08836264660000004
93000000	93049999	0.8523770878363637	0.9130085495727273	-0.06063146173636358
93050000	93099999	0.8898005883272727	0.9130085495727273	-0.023207961245454545
93100000	93149999	0.9156255108454545	0.9130085495727273	0.0026169612727272584
93150000	93199999	0.9422410879454546	0.9130085495727273	0.029232538372727324
93200000	93249999	0.9732267776545455	0.9130085495727273	0.060218228081818204
93250000	93299999	1.0123832627363636	0.9130085495727273	0.09937471316363633
93300000	93349999	1.0075385062454545	0.9130085495727273	0.09452995667272723
93350000	93399999	1.0020145442545454	0.9130085495727273	0.08900599468181813
93400000	93449999	0.9993295100090909	0.9130085495727273	0.08632096043636361
93450000	93499999	0.9884255622090908	0.9130085495727273	0.07541701263636358
93500000	93549999	0.9572353490727272	0.9130085495727273	0.04422679949999997
93550000	93599999	0.9284672340181818	0.9130085495727273	0.015458684445454507
93600000	93649999	0.8682502037454545	0.9130085495727273	-0.04475834582727278
93650000	93699999	0.8217244216090909	0.9130085495727273	-0.09128412796363639
93700000	93749999	0.7681218337545455	0.9130085495727273	-0.1448867158181818
93750000	93799999	0.7141290478818182	0.9130085495727273	-0.19887950169090907
93800000	93849999	0.6522984214272727	0.9130085495727273	-0.2607101281454546
93850000	93899999	0.6381057615363637	0.9130085495727273	-0.2749027880363636
93900000	93949999	0.6165408209909091	0.9130085495727273	-0.29646772858181814
93950000	93999999	0.5875191055363636	0.9130085495727273	-0.3254894440363637
94000000	94049999	0.5749358211818182	0.9130085495727273	-0.33807272839090907
94050000	94099999	0.5506077301636363	0.9130085495727273	-0.36240081940909097
94100000	94149999	0.5342548503818181	0.9130085495727273	-0.3787536991909092
94150000	94199999	0.5337519735181818	0.9130085495727273	-0.37925657605454544
94200000	94249999	0.5322817462818181	0.9130085495727273	-0.38072680329090913
94250000	94299999	0.5524153821	0.9130085495727273	-0.3605931674727273
94300000	94349999	0.5529653813090909	0.9130085495727273	-0.36004316826363636
94350000	94399999	0.5542937442818181	0.9130085495727273	-0.35871480529090916
94400000	94449999	0.5798884983727273	0.9130085495727273	-0.3331200512
94450000	94499999	0.5914707157090909	0.9130085495727273	-0.3215378338636363
94500000	94549999	0.6057556921454545	0.9130085495727273	-0.3072528574272727
94550000	94599999	0.6121012016272728	0.9130085495727273	-0.3009073479454545
94600000	94649999	0.6337502708	0.9130085495727273	-0.27925827877272724
94650000	94699999	0.6508390138181818	0.9130085495727273	-0.2621695357545455
94700000	94749999	0.6810938617727272	0.9130085495727273	-0.23191468780000002
94750000	94799999	0.687111904990909	0.9130085495727273	-0.22589664458181824
94800000	94849999	0.6970253184272727	0.9130085495727273	-0.2159832311454546
94850000	94899999	0.7124891176	0.9130085495727273	-0.20051943197272726
94900000	94949999	0.7333273029636364	0.9130085495727273	-0.1796812466090909
94950000	94999999	0.7296854024090909	0.9130085495727273	-0.1833231471636364
95000000	95049999	0.7389575753272727	0.9130085495727273	-0.17405097424545457
95050000	95099999	0.7932548540818182	0.9130085495727273	-0.11975369549090908
95100000	95149999	0.8231856122181818	0.9130085495727273	-0.0898229373545455
95150000	95199999	0.8982646075909091	0.9130085495727273	-0.014743941981818165
95200000	95249999	0.9870264334090909	0.9130085495727273	0.07401788383636365
95250000	95299999	1.048962137609091	0.9130085495727273	0.1359535880363637
95300000	95349999	1.1220476011454545	0.9130085495727273	0.20903905157272729
95350000	95399999	1.1402705875999999	0.9130085495727273	0.22726203802727263
95400000	95449999	1.1697821252363636	0.9130085495727273	0.25677357566363634
95450000	95499999	1.1896538231636362	0.9130085495727273	0.27664527359090896
95500000	95549999	1.2166172173545453	0.9130085495727273	0.30360866778181805
95550000	95599999	1.2652130988999999	0.9130085495727273	0.35220454932727263
95600000	95649999	1.2295874272727272	0.9130085495727273	0.3165788776999999
95650000	95699999	1.2574488612181818	0.9130085495727273	0.3444403116454545
95700000	95749999	1.2498581925181818	0.9130085495727273	0.3368496429454545
95750000	95799999	1.2416508152545456	0.9130085495727273	0.3286422656818183
95800000	95849999	1.2148606363545453	0.9130085495727273	0.3018520867818181
95850000	95899999	1.2173421842272727	0.9130085495727273	0.30433363465454544
95900000	95949999	1.2430450435727272	0.9130085495727273	0.3300364939999999
95950000	95999999	1.2741742854636362	0.9130085495727273	0.36116573589090895
96000000	96049999	1.3227232083454545	0.9130085495727273	0.4097146587727273
96050000	96099999	1.3595713965454546	0.9130085495727273	0.4465628469727273
96100000	96149999	1.3844104871090908	0.9130085495727273	0.4714019375363635
96150000	96199999	1.4395029120636362	0.9130085495727273	0.526494362490909
96200000	96249999	1.444296595309091	0.9130085495727273	0.5312880457363637
96250000	96299999	1.4394387631909091	0.9130085495727273	0.5264302136181819
96300000	96349999	1.4146912366727271	0.9130085495727273	0.5016826870999999
96350000	96399999	1.4192398857636364	0.9130085495727273	0.5062313361909091
96400000	96449999	1.400580367781818	0.9130085495727273	0.4875718182090908
96450000	96499999	1.3862211107181819	0.9130085495727273	0.4732125611454546
96500000	96549999	1.3593557181272726	0.9130085495727273	0.44634716855454537
96550000	96599999	1.3350600321272728	0.9130085495727273	0.4220514825545455
96600000	96649999	1.2777915273545455	0.9130085495727273	0.36478297778181823
96650000	96699999	1.2123868573999999	0.9130085495727273	0.2993783078272726
96700000	96749999	1.1780601683454546	0.9130085495727273	0.2650516187727273
96750000	96799999	1.1491504646181818	0.9130085495727273	0.23614191504545456
96800000	96849999	1.1412103865454546	0.9130085495727273	0.22820183697272733
96850000	96899999	1.1136146912818181	0.9130085495727273	0.20060614170909086
96900000	96949999	1.081290248590909	0.9130085495727273	0.1682816990181818
96950000	96999999	1.0522146553181817	0.9130085495727273	0.13920610574545444
97000000	97049999	1.0126773888636365	0.9130085495727273	0.0996688392909092
97050000	97099999	0.9784950896454545	0.9130085495727273	0.06548654007272725
97100000	97149999	0.9346593188272727	0.9130085495727273	0.021650769254545454
97150000	97199999	0.9144268651636364	0.9130085495727273	0.0014183155909091028
97200000	97249999	0.9202683491181818	0.9130085495727273	0.007259799545454526
97250000	97299999	0.8837336107818182	0.9130085495727273	-0.029274938790909033
97300000	97349999	0.8696303764454545	0.9130085495727273	-0.04337817312727277
97350000	97399999	0.8089310256909091	0.9130085495727273	-0.10407752388181812
97400000	97449999	0.7810322496090909	0.9130085495727273	-0.13197629996363636
97450000	97499999	0.7656848628909091	0.9130085495727273	-0.14732368668181817
97500000	97549999	0.7738989350545454	0.9130085495727273	-0.13910961451818182
97550000	97599999	0.7609701764454545	0.9130085495727273	-0.15203837312727275
97600000	97649999	0.7686209170636363	0.9130085495727273	-0.14438763250909092
97650000	97699999	0.7393142235272727	0.9130085495727273	-0.17369432604545454
97700000	97749999	0.722553116590909	0.9130085495727273	-0.19045543298181822
97750000	97799999	0.7190303144	0.9130085495727273	-0.19397823517272728
97800000	97849999	0.7319075294818181	0.9130085495727273	-0.18110102009090912
97850000	97899999	0.7117122704909091	0.9130085495727273	-0.20129627908181813
97900000	97949999	0.7352767312363636	0.9130085495727273	-0.17773181833636365
97950000	97999999	0.7332440758272727	0.9130085495727273	-0.17976447374545457
98000000	98049999	0.7708711259545454	0.9130085495727273	-0.14213742361818182
98050000	98099999	0.7455293993181819	0.9130085495727273	-0.1674791502545454
98100000	98149999	0.790279801590909	0.9130085495727273	-0.12272874798181821
98150000	98199999	0.7926725969636363	0.9130085495727273	-0.12033595260909091
98200000	98249999	0.8287635334090908	0.9130085495727273	-0.08424501616363644
98250000	98299999	0.8621373318181818	0.9130085495727273	-0.050871217754545506
98300000	98349999	0.8674577670727273	0.9130085495727273	-0.0455507825
98350000	98399999	0.8483600415454545	0.9130085495727273	-0.06464850802727273
98400000	98449999	0.8536158510272727	0.9130085495727273	-0.05939269854545459
98450000	98499999	0.8377264489636363	0.9130085495727273	-0.07528210060909091
98500000	98549999	0.8295754795454545	0.9130085495727273	-0.08343307002727274
98550000	98599999	0.7661693825818181	0.9130085495727273	-0.14683916699090915
98600000	98649999	0.7549804773454545	0.9130085495727273	-0.15802807222727278
98650000	98699999	0.7142642362181818	0.9130085495727273	-0.19874431335454545
98700000	98749999	0.6943618744090909	0.9130085495727273	-0.21864667516363634
98750000	98799999	0.6707331722636364	0.9130085495727273	-0.24227537730909088
98800000	98849999	0.6536948169363637	0.9130085495727273	-0.2593137326363636
98850000	98899999	0.6366628359000001	0.9130085495727273	-0.2763457136727272
98900000	98949999	0.6546203875636364	0.9130085495727273	-0.25838816200909087
98950000	98999999	0.6634849708636363	0.9130085495727273	-0.24952357870909092
99000000	99049999	0.6810105666454546	0.9130085495727273	-0.2319979829272727
99050000	99099999	0.6970492534272726	0.9130085495727273	-0.21595929614545462
99100000	99149999	0.7159670792909091	0.9130085495727273	-0.19704147028181818
99150000	99199999	0.7415512509363636	0.9130085495727273	-0.1714572986363636
99200000	99249999	0.7602443126	0.9130085495727273	-0.15276423697272723
99250000	99299999	0.7748377634272727	0.9130085495727273	-0.13817078614545453
99300000	99349999	0.7823257631363636	0.9130085495727273	-0.13068278643636366
99350000	99399999	0.797317211390909	0.9130085495727273	-0.1156913381818182
99400000	99449999	0.7997666847636363	0.9130085495727273	-0.11324186480909093
99450000	99499999	0.800527606490909	0.9130085495727273	-0.11248094308181822
99500000	99549999	0.8256435939272727	0.9130085495727273	-0.08736495564545455
99550000	99599999	0.8457387113090908	0.9130085495727273	-0.06726983826363642
99600000	99649999	0.8930984723818182	0.9130085495727273	-0.019910077190909092
99650000	99699999	0.898954534690909	0.9130085495727273	-0.014054014881818233
99700000	99749999	0.8756010435909091	0.9130085495727273	-0.03740750598181819
99750000	99799999	0.8700732733909091	0.9130085495727273	-0.04293527618181814
99800000	99849999	0.9080539146272727	0.9130085495727273	-0.004954634945454561
99850000	99899999	0.9502233285454545	0.9130085495727273	0.03721477897272729
99900000	99949999	1.0223141486	0.9130085495727273	0.10930559902727277
99950000	99999999	1.0820897646636363	0.9130085495727273	0.169081215090909
100000000	100049999	1.0793354241	0.9130085495727273	0.16632687452727268
100050000	100099999	1.0469509084363635	0.9130085495727273	0.13394235886363626
100100000	100149999	1.0749707423454544	0.9130085495727273	0.16196219277272716
100150000	100199999	1.0399516035727272	0.9130085495727273	0.12694305399999994
100200000	100249999	1.0218289183545455	0.9130085495727273	0.10882036878181822
100250000	100299999	1.0203442405636363	0.9130085495727273	0.107335690990909
100300000	100349999	1.0061752867636364	0.9130085495727273	0.09316673719090918
100350000	100399999	0.9582266920363636	0.9130085495727273	0.04521814246363631
100400000	100449999	0.9043793960545454	0.9130085495727273	-0.008629153518181831
100450000	100499999	0.8106760393181818	0.9130085495727273	-0.10233251025454548
100500000	100549999	0.7488278536272727	0.9130085495727273	-0.1641806959454546
100550000	100599999	0.7300000706818182	0.9130085495727273	-0.1830084788909091
100600000	100649999	0.7290248766909091	0.9130085495727273	-0.18398367288181816
100650000	100699999	0.6539902522000001	0.9130085495727273	-0.2590182973727272
100700000	100749999	0.6312270062363636	0.9130085495727273	-0.2817815433363636
100750000	100799999	0.6661984539	0.9130085495727273	-0.24681009567272727
100800000	100849999	0.6604637839545454	0.9130085495727273	-0.25254476561818184
100850000	100899999	0.6947925464818182	0.9130085495727273	-0.21821600309090905
100900000	100949999	0.7193492598727272	0.9130085495727273	-0.19365928970000001
100950000	100999999	0.7242896700545455	0.9130085495727273	-0.18871887951818178
101000000	101049999	0.7389563415181818	0.9130085495727273	-0.17405220805454547
101050000	101099999	0.7289182998636363	0.9130085495727273	-0.18409024970909094
101100000	101149999	0.7574643797545455	0.9130085495727273	-0.15554416981818175
101150000	101199999	0.7641048641181818	0.9130085495727273	-0.14890368545454546
101200000	101249999	0.7889431742909091	0.9130085495727273	-0.12406537528181816
101250000	101299999	0.8060449209545455	0.9130085495727273	-0.10696362861818176
101300000	101349999	0.8005669033727273	0.9130085495727273	-0.11244164619999997
101350000	101399999	0.8272933568727272	0.9130085495727273	-0.08571519270000005
101400000	101449999	0.8127061814363636	0.9130085495727273	-0.10030236813636362
101450000	101499999	0.8317849847363636	0.9130085495727273	-0.08122356483636362
101500000	101549999	0.8684305296909091	0.9130085495727273	-0.0445780198818182
101550000	101599999	0.8986656066454545	0.9130085495727273	-0.014342942927272784
101600000	101649999	0.9071789773090909	0.9130085495727273	-0.00582957226363634
101650000	101699999	0.8978597471818182	0.9130085495727273	-0.0151488023909091
101700000	101749999	0.9051186895363637	0.9130085495727273	-0.007889860036363605
101750000	101799999	0.9054951955727273	0.9130085495727273	-0.007513353999999972
101800000	101849999	0.8956225866454546	0.9130085495727273	-0.01738596292727268
101850000	101899999	0.8877557295272727	0.9130085495727273	-0.025252820045454594
101900000	101949999	0.8832814419727273	0.9130085495727273	-0.02972710759999997
101950000	101999999	0.8994619123181818	0.9130085495727273	-0.013546637254545413
102000000	102049999	0.8570084204181818	0.9130085495727273	-0.05600012915454544
102050000	102099999	0.8153165330272727	0.9130085495727273	-0.09769201654545456
102100000	102149999	0.8700676460636364	0.9130085495727273	-0.042940903509090855
102150000	102199999	0.9782049931909091	0.9130085495727273	0.06519644361818189
102200000	102249999	1.040147848709091	0.9130085495727273	0.12713929913636368
102250000	102299999	0.9938269988454546	0.9130085495727273	0.0808184492727273
102300000	102349999	1.0081419934727274	0.9130085495727273	0.09513344390000011
102350000	102399999	1.0404451397282828	0.9130085495727273	0.12743659015555553
102400000	102449999	1.0636674204102272	0.9130085495727273	0.15065887083749996
102450000	102499999	1.0976059940298701	0.9130085495727273	0.18459744445714288
102500000	102549999	1.110478867539394	0.9130085495727273	0.1974703179666667
