1	95.0	0.29647999999999997	0.08943632959967432	212
2	115.0	0.43918	0.07078801462212406	1625
3	131.0	0.4603	0.28740998470349116	23971
4	135.0	0.49601999999999996	0.8817102331725827	46136
5	117.0	0.53898	0.9156252571256479	40474
6	149.0	0.5190400000000001	0.7280231261108508	43527
7	89.0	0.60442	0.8550353861757249	31985
8	87.0	0.6176600000000001	0.8352250388372595	27033
9	130.0	0.56744	0.8473827729549022	33042
10	150.0	0.57708	0.7532214226167012	40818
11	134.0	0.59844	0.873589400267403	40649
12	128.0	0.5903	0.8491929742388715	33182
13	150.0	0.5237399999999999	0.7899191184423726	42569
14	169.0	0.5756600000000001	0.7671851855063688	42717
15	155.0	0.5841000000000001	0.8451456017549739	44402
16	112.0	0.6269199999999999	0.9049021284155192	34902
17	92.0	0.61748	0.9074915013942803	33287
18	152.0	0.5279	0.8114673968151755	45985
19	120.0	0.5427399999999999	0.832947876450805	38288
20	89.0	0.6002400000000001	0.9539841775786947	33472
21	99.0	0.58922	0.9298163469119849	31508
22	86.0	0.53896	0.91030245786247	28065
23	20.0	0.16235999999999998	0.23096703948800154	6750
24	69.0	0.4396399999999999	0.7064270833604844	23410
25	117.0	0.6168600000000001	0.808987078256565	30923
26	99.0	0.5198799999999999	0.877294863130188	31046
27	106.0	0.53966	0.8659856710360039	28696
28	80.0	0.6087600000000001	0.8859157725535294	24101
29	50.0	0.6256	0.9059519819520009	18279
30	80.0	0.5540599999999999	0.9432637394055029	31587
31	82.0	0.5934999999999999	0.8985219114184904	28182
32	157.0	0.47891999999999996	0.7405780460270744	41270
33	121.0	0.5318	0.8137835621072833	35301
34	156.0	0.48967999999999995	0.8295784894296582	34976
35	90.0	0.5727	0.940835451357056	30686
36	154.0	0.50264	0.8675516296833732	40874
37	78.0	0.62326	0.9354188457742122	29613
38	102.0	0.54942	0.9077314564849724	33259
39	83.0	0.6098199999999999	0.9569064082610717	32381
40	98.0	0.62222	0.9706224237847897	37272
41	62.0	0.46137999999999996	0.938587577945337	19407
42	105.0	0.54668	0.9270255157554256	32203
43	76.0	0.6188600000000001	0.9797527981484412	27879
44	96.0	0.55764	0.9516294984085327	34306
45	127.0	0.49079999999999996	0.9452831749394147	39447
46	95.0	0.5364800000000001	0.8923233835675931	38120
47	134.0	0.51022	0.8282810115063524	41198
48	89.0	0.62622	0.9835964761012392	39929
49	126.0	0.54348	0.9309141034417978	40803
50	122.0	0.49262000000000006	0.813682627284896	37808
51	89.0	0.5509	0.9630649741584815	36834
52	107.0	0.43792000000000003	0.9482417887116475	32732
53	107.0	0.44024	0.8722411383277439	32693
54	104.0	0.5392199999999999	0.9957995613500475	46292
55	132.0	0.54522	0.9767531004231299	52887
56	74.0	0.5433	0.9971217142414003	34636
57	100.0	0.58272	0.9641386118358772	40254
58	88.0	0.605	0.9396545954532775	38692
59	92.0	0.48741999999999996	0.9278079877189892	36182
60	131.0	0.4988	0.8695120683445542	44715
61	145.0	0.50342	0.8464838011843796	48335
62	119.0	0.53298	0.8597673580587286	40447
63	94.0	0.5775999999999999	0.9727623174261282	45415
64	107.0	0.54944	0.9433105570696321	40438
65	126.0	0.45564	0.5825572808556821	18462
66	136.0	0.4602399999999999	0.41100953561351955	3686
67	99.0	0.42632000000000003	0.8411978138126226	23154
68	120.0	0.50332	0.36491090220427114	40575
69	151.0	0.45418	0.2335070345673874	35841
70	173.0	0.45556	0.19082329128581588	37999
71	134.0	0.44438	0.20157373062910697	29535
72	141.0	0.48003999999999997	0.5232967504404281	43352
73	127.0	0.5043599999999999	0.7869093269784563	42487
74	170.0	0.4084999999999999	0.8575546781428254	42019
75	169.0	0.4124799999999999	0.7983531883415164	38584
76	173.0	0.47996	0.8156449213351835	48504
77	168.0	0.46906000000000003	0.8788943609507824	60477
78	138.0	0.42684	0.7772529288583713	43182
79	146.0	0.42086	0.896799587168603	50645
80	153.0	0.4162599999999999	0.6793585440380328	43096
81	157.0	0.40814	0.8464183368286164	45295
82	147.0	0.42541999999999996	0.8894139362873176	46740
83	142.0	0.42458000000000007	0.7680177259418232	41579
84	110.0	0.44802	0.7790519216961797	36080
85	121.0	0.38948	0.3133152198109656	12233
86	125.0	0.40123999999999993	0.28633999522655906	11591
87	117.0	0.3882000000000001	0.47626766300330475	17759
88	144.0	0.41314	0.753380328191992	34042
89	115.0	0.41774	0.9142391661950179	32829
90	146.0	0.39927999999999997	0.929311663029613	35561
91	137.0	0.42202000000000006	0.8212514616084118	36579
92	139.0	0.41218000000000005	0.9115465448632043	41277
93	118.0	0.41291999999999995	0.9050285946903351	35953
94	150.0	0.39226	0.9517570292053379	34393
95	110.0	0.35751999999999995	0.9365832079315956	25888
96	125.0	0.38806000000000007	0.928768773803295	29662
97	143.0	0.3803	0.8227091332084439	32988
98	131.0	0.37156	0.9791647740301307	34493
99	117.0	0.35649999999999993	0.8723431602003625	27467
100	118.0	0.3746	0.9616936360838592	31787
101	103.0	0.34672	0.9586430197776726	29006
102	102.0	0.34970000000000007	0.9267131445663792	33033
103	105.0	0.37028	0.8421140741712753	33996
104	120.0	0.3729599999999999	0.750269156755454	34631
105	104.0	0.39020000000000005	0.8652849608523964	38392
106	115.0	0.38281999999999994	0.9349853133113103	35960
107	122.0	0.38795999999999997	0.7475022097981817	27890
108	118.0	0.38502000000000003	0.8011100862060629	26441
109	138.0	0.39818	0.9090636106760446	36149
110	142.0	0.42258	0.881798012583043	46928
111	131.0	0.38361999999999996	0.903956255637259	40034
112	151.0	0.42597999999999997	0.8475181315147036	45333
113	149.0	0.39629999999999993	0.8194530412236443	36740
114	114.0	0.40476000000000006	0.8368125020675884	32811
115	90.0	0.3406199999999999	0.95189975286765	23467
116	95.0	0.3636	0.92678798232721	27039
117	99.0	0.35778	0.8724506986574179	40960
118	143.0	0.37916000000000005	0.785840645692673	31843
119	125.0	0.41044	0.8662836723594128	29333
120	121.0	0.40238000000000007	0.9457154227629698	30383
121	125.0	0.40652	0.8239042674203869	31615
122	137.0	0.3815	0.8184711526062114	27517
123	114.0	0.38876000000000005	0.7978208836126873	27301
124	139.0	0.43400000000000005	0.8104701233213923	36663
125	131.0	0.4473	0.9370233112313182	43036
126	123.0	0.42349999999999993	0.8894201533154823	35975
127	166.0	0.43906	0.7921350855020063	46515
128	149.0	0.49212000000000006	0.8995080548109388	50317
129	131.0	0.48619999999999997	0.9515112384598854	47793
130	145.0	0.42644	0.9163846074173707	48449
131	145.0	0.4626799999999999	0.9606503326669433	53952
132	153.0	0.47668	0.9462918637919068	55157
133	134.0	0.46382000000000007	0.9690646049031615	51619
134	128.0	0.40952	0.8634813506007398	40019
135	139.0	0.3852	0.8316396829585193	40296
136	115.0	0.38586000000000004	0.912481955228956	32202
137	109.0	0.381	0.865115854161184	27549
138	114.0	0.36784	0.8396766994983133	29213
139	119.0	0.37172	0.7889415622545729	28082
140	112.0	0.36028	0.8771768569235824	28516
141	124.0	0.37981999999999994	0.9223337348625952	30238
142	114.0	0.37007999999999996	0.9187423977407639	26667
143	140.0	0.37862	0.8331692328720515	24453
144	106.0	0.36863999999999997	0.9047666306626401	20460
145	93.0	0.39366	0.9411134423250935	21675
146	112.0	0.39336000000000015	0.9034037698456406	20832
147	108.0	0.3904600000000001	0.8462538197593474	23190
148	110.0	0.38549999999999995	0.9176368950215935	21395
149	120.0	0.44705999999999996	0.9418136594741575	30239
150	119.0	0.449	0.9578034033417875	34471
151	122.0	0.4574	0.9595023254596333	34267
152	145.0	0.43765999999999994	0.9545434668008075	36833
153	140.0	0.46549999999999997	0.8640692433350416	36341
154	127.0	0.3953400000000001	0.9188534878636284	25694
155	142.0	0.3816399999999999	0.6934911635521491	18488
156	125.0	0.38286000000000003	0.7320420079013906	19465
157	123.0	0.37044	0.8086268246656261	18996
158	115.0	0.40153999999999995	0.7387498430348836	21601
159	126.0	0.40236	0.8828179995057838	25357
160	134.0	0.44144	0.917528580088976	34828
161	119.0	0.48026	0.9609692211168446	35372
162	139.0	0.47482	0.9372689397273495	37093
163	129.0	0.40878	0.7899224617405827	23484
164	112.0	0.47076	0.9507262178062834	34351
165	119.0	0.5068600000000001	0.9762454975639423	34254
166	130.0	0.49118	0.9539333901321013	35440
167	115.0	0.52462	0.9714992583265611	35402
168	117.0	0.40072	0.7872662361992113	27909
169	117.0	0.36504	0.8302833429277175	22816
170	156.0	0.38856	0.6741933714916224	29415
171	104.0	0.36963999999999997	0.9159587715813724	26099
172	138.0	0.43156	0.9151535234222953	41275
173	126.0	0.4445400000000001	0.9149116823927277	39301
174	138.0	0.5038199999999999	0.9347414202655625	47544
175	116.0	0.46379999999999993	0.9213398164419172	40507
176	138.0	0.44208000000000003	0.9120955902256745	41729
177	154.0	0.43264	0.8835723338775316	46099
178	149.0	0.42444000000000004	0.7862466133898953	40211
179	152.0	0.44382000000000005	0.8314787601216299	46514
180	120.0	0.44456	0.8812669588402545	40781
181	125.0	0.45449999999999996	0.9266878959681405	43117
182	138.0	0.42626000000000003	0.870808744663489	41912
183	162.0	0.4294	0.9091371569430375	49468
184	153.0	0.41724000000000006	0.8098964056910085	43471
185	159.0	0.45752000000000004	0.7327215710188126	43483
186	189.0	0.43692	0.7241400854404627	45590
187	185.0	0.45298	0.6698297132676739	49556
188	180.0	0.41620000000000007	0.7712665203588535	42500
189	164.0	0.4256400000000001	0.732950485710056	43517
190	169.0	0.42128	0.7824391808033567	42158
191	165.0	0.43989999999999996	0.6974457966305259	45718
192	141.0	0.44179999999999997	0.8003370453410693	45391
193	150.0	0.42006	0.8161122903106317	45379
194	226.0	0.39792	0.8648009400507793	41636
195	125.0	0.44531999999999994	0.8949999715683276	42237
196	127.0	0.41146	0.8934170418614894	36591
197	122.0	0.38299999999999995	0.8521025516727967	34405
198	137.0	0.39110000000000006	0.8454745384422307	34462
199	127.0	0.38198	0.7911790743368667	34138
200	122.0	0.3807600000000001	0.8274574185059512	32541
201	130.0	0.36184000000000005	0.8386560028991138	31955
202	110.0	0.3588	0.9158835526947007	27001
203	132.0	0.38728	0.7424058940870769	29341
204	119.0	0.38036000000000003	0.8527023082136894	30920
205	130.0	0.37692	0.8108314518365749	33150
206	115.0	0.44555999999999996	0.9382507340446129	36057
207	150.0	0.41226	0.8190687583036028	42725
208	118.0	0.44678000000000007	0.8155069548786031	41701
209	126.0	0.44795999999999997	0.8481426056759468	42285
210	124.0	0.44414000000000003	0.9356823198709701	43848
211	120.0	0.4063800000000001	0.9461108735535877	39861
212	118.0	0.44386000000000003	0.9416676622794122	44146
213	123.0	0.46991999999999995	0.9624711215523498	50804
214	123.0	0.45775999999999994	0.9129290313839563	46554
215	125.0	0.41032	0.922701400906746	45113
216	149.0	0.42304	0.9138641660583444	44992
217	140.0	0.40397999999999995	0.8589268474158124	42867
218	130.0	0.41658	0.9048836260590235	44783
219	116.0	0.4211000000000001	0.7946212763294322	37375
220	126.0	0.42868	0.9441591304489929	39108
221	128.0	0.4286399999999999	0.9468766688951886	36458
222	124.0	0.39649999999999996	0.9389982575811956	32779
223	123.0	0.43149999999999994	0.9687143735245767	35255
224	111.0	0.42257999999999996	0.8191902304012466	28448
225	122.0	0.46010000000000006	0.905885876789761	36878
226	109.0	0.46575999999999995	0.9657836687784114	34107
227	114.0	0.44367999999999996	0.9627149245585852	33441
228	134.0	0.479	0.9727251829443107	40837
229	126.0	0.48028	0.9808982821117536	38511
230	114.0	0.4656	0.9628681675412663	35768
231	138.0	0.48035999999999995	0.9927031143775576	41362
232	102.0	0.43262	0.9749211727641647	30945
233	112.0	0.42760000000000004	0.9695553495518994	35505
234	137.0	0.40900000000000003	0.7245700733130581	32962
235	120.0	0.42300000000000004	0.9718447971664135	37724
236	143.0	0.40540000000000004	0.8852783251461356	43444
237	115.0	0.36554	0.928655298336998	39323
238	125.0	0.34732	0.9319040021183969	37083
239	97.0	0.40946	0.98635076374539	38622
240	113.0	0.45962	0.9420547450318311	43352
241	124.0	0.45394000000000007	0.8942025090479846	51106
242	139.0	0.47017999999999993	0.8919847756797542	60474
243	106.0	0.46174	0.9367410696870371	50373
244	116.0	0.47274	0.9535211934225667	53548
245	122.0	0.4942599999999999	0.9791377226488289	57900
246	109.0	0.41884	0.9389428540117605	37106
247	133.0	0.4278200000000001	0.7385774067801979	39886
248	117.0	0.41940000000000005	0.9678455395884504	38487
249	131.0	0.43818000000000007	0.954705726918411	43239
250	107.0	0.4444600000000001	0.9207582987537717	36635
251	123.0	0.42233999999999994	0.9527201408097137	43442
252	137.0	0.38234	0.8507135538748537	38577
253	138.0	0.41136	0.9002293843935126	42073
254	111.0	0.43122	0.9780223898737438	43290
255	127.0	0.42086	0.9547730625016817	44277
256	130.0	0.43126000000000003	0.9671805628283916	41167
257	100.0	0.42534	0.9317689064471439	38169
258	130.0	0.43595999999999996	0.9327223551705688	43124
259	112.0	0.4022	0.9330632659050493	37599
260	144.0	0.41725999999999996	0.9487201494899832	46162
261	110.0	0.42423999999999995	0.951163617725322	41564
262	127.0	0.42286	0.8958197817174596	44391
263	137.0	0.4147199999999999	0.8709856939764701	40398
264	121.0	0.40598	0.9109641128970711	36035
265	115.0	0.4164	0.9710976669809167	31510
266	85.0	0.45431999999999995	0.9510063601675589	28909
267	125.0	0.4564800000000001	0.9783681863054439	42405
268	118.0	0.3762	0.8289202039976509	29547
269	110.0	0.36778	0.9295978058680614	29979
270	132.0	0.38413999999999987	0.7595780922605229	30106
271	136.0	0.40606000000000003	0.5881483634467498	28684
272	139.0	0.39824	0.7398648477567787	30684
273	133.0	0.40218000000000004	0.83119581098044	33267
274	116.0	0.35641999999999996	0.9441437691557683	30207
275	124.0	0.40146	0.877266667294644	32441
276	138.0	0.39777999999999997	0.7264602038977311	28919
277	121.0	0.4243	0.8892133713336438	32390
278	120.0	0.40895999999999993	0.9260096287249724	33227
279	111.0	0.43341999999999997	0.8658756989908442	30534
280	132.0	0.41874	0.8671375525918559	32941
281	139.0	0.41387999999999997	0.9588879935290068	35450
282	154.0	0.40402	0.8508608146114157	34989
283	110.0	0.40284	0.7210108046443898	24549
284	135.0	0.41322000000000003	0.8975606580174568	34717
285	141.0	0.45854	0.9224117160132876	40197
286	137.0	0.38588	0.9067056435874857	35456
287	124.0	0.40544	0.8909155144703327	34137
288	146.0	0.4338	0.8405801677174273	40845
289	138.0	0.39758000000000004	0.7825278190062437	35228
290	144.0	0.3888400000000001	0.8196108095285604	38816
291	136.0	0.40052	0.7917189693055641	35324
292	141.0	0.4051800000000001	0.8224713184017614	36921
293	96.0	0.38725999999999994	0.7224005112882739	26342
294	118.0	0.36501999999999996	0.8011078407886308	27458
295	112.0	0.3593999999999999	0.8214775367577636	30364
296	131.0	0.3766	0.7038043253362797	32073
297	136.0	0.3677	0.7980134862588188	32511
298	125.0	0.39918	0.9304843338663429	38728
299	135.0	0.42064	0.8810647249732831	34274
300	122.0	0.37760000000000005	0.8175137791799768	29621
301	122.0	0.42196	0.8649810136741352	31683
302	132.0	0.42463999999999996	0.9392685156877524	33445
303	128.0	0.42284000000000005	0.9743214291848749	32414
304	117.0	0.44095999999999996	0.9621426538297128	30563
305	132.0	0.40440000000000004	0.929553563147683	29819
306	118.0	0.41700000000000004	0.9589103334249705	28575
307	126.0	0.40186	0.9373059130861199	27185
308	116.0	0.38473999999999997	0.934583262896446	23944
309	116.0	0.38932	0.9610255169396561	26421
310	119.0	0.39262	0.9625787500575703	26296
311	123.0	0.40584000000000003	0.9353262089750132	28001
312	150.0	0.44478	0.9871663568227352	39906
313	136.0	0.42910000000000004	0.9722041596529608	34761
314	144.0	0.4181	0.9661404925662456	35318
315	127.0	0.41188	0.9871927915567621	31892
316	130.0	0.4010800000000001	0.9795504896486201	35310
317	107.0	0.41874	0.9580811519263411	33307
318	127.0	0.47464	0.9791108769120866	44384
319	124.0	0.43318000000000006	0.9781795687527318	38360
320	102.0	0.36394	0.9815547445198873	30440
321	124.0	0.3672200000000001	0.9292451436682602	33488
322	104.0	0.3519	0.9704189569789677	26909
323	117.0	0.36582000000000003	0.8326178693804186	28313
324	127.0	0.347	0.9640250393580612	32321
325	109.0	0.32588	0.9606262025679317	25174
326	95.0	0.33809999999999996	0.968225437909115	27193
327	71.0	0.34867999999999993	0.9716102023809043	27456
328	90.0	0.34804	0.9280228437252465	25686
329	117.0	0.35101999999999994	0.9466429602800883	27949
330	128.0	0.38148	0.6627974892913253	27235
331	101.0	0.35125999999999996	0.8375564242060313	25315
332	93.0	0.38756	0.9340578299474832	29204
333	156.0	0.38953999999999994	0.7473519112143072	34148
334	120.0	0.37676000000000004	0.7887662119488889	28998
335	134.0	0.41338	0.8306258321211679	48113
336	146.0	0.48762	0.9609764680871393	52115
337	134.0	0.4485	0.9068873994692271	45797
338	119.0	0.45702	0.8597497201076436	35226
339	125.0	0.44362	0.913950389525248	39722
340	119.0	0.47952	0.9087198714608659	37298
341	134.0	0.43994	0.6138782843948217	32784
342	163.0	0.39683999999999997	0.8088139615600933	36970
343	123.0	0.38246	0.8713768697970068	33753
344	169.0	0.43111999999999995	0.7933164464889745	43162
345	162.0	0.44559999999999994	0.7583272065816913	46767
346	146.0	0.38178000000000006	0.8120413553488077	37519
347	128.0	0.42335999999999996	0.8204431088944352	37101
348	134.0	0.52066	0.9542416726445508	46116
349	129.0	0.49184	0.9391390810091599	43019
350	126.0	0.5067600000000001	0.9636877557841813	43076
351	125.0	0.50806	0.9730020998828801	46149
352	125.0	0.46409999999999996	0.9397962220894772	38292
353	121.0	0.44205999999999995	0.9713251837039127	35548
354	127.0	0.48268	0.9650446867892462	38672
355	123.0	0.54112	0.9738683715115148	41326
356	145.0	0.4691	0.9668068971155862	44932
357	103.0	0.42384	0.9361849047674987	33688
358	127.0	0.42188000000000003	0.9647396007396579	42931
359	109.0	0.4164200000000001	0.9533399387134018	35853
360	119.0	0.41118000000000005	0.961252850173735	37058
361	126.0	0.39083999999999997	0.8788901092212559	32178
362	133.0	0.41158	0.7784200528174637	36696
363	121.0	0.40806	0.7122153187683431	32434
364	128.0	0.41454	0.7936029938717472	34652
365	142.0	0.45074000000000003	0.8193644123886971	40736
366	153.0	0.40309999999999996	0.9012354982850571	43185
367	149.0	0.4113800000000001	0.8280860556637899	39336
368	169.0	0.45032000000000005	0.7692258924273837	47121
369	152.0	0.41506	0.7790578984102717	39044
370	141.0	0.3965200000000001	0.8702488941390353	37817
371	156.0	0.40480000000000005	0.7983379042358909	40196
372	154.0	0.42998000000000003	0.8282116866640322	43276
373	167.0	0.44301999999999997	0.6068873676243602	42413
374	149.0	0.49256	0.8732221158990056	49434
375	132.0	0.5000399999999999	0.9494203698065584	47894
376	139.0	0.4386	0.8222976520327041	37490
377	161.0	0.40315999999999996	0.8310481071656708	35336
378	133.0	0.40063999999999994	0.685547486383516	31562
379	116.0	0.40834000000000004	0.7823031790883528	34909
380	126.0	0.39287999999999995	0.7531699420892062	26675
381	134.0	0.39688	0.8213005118582294	34100
382	131.0	0.42824000000000007	0.921102889575344	36311
383	115.0	0.37588	0.8348267981794063	27432
384	110.0	0.4225000000000001	0.9271012359390176	32967
385	145.0	0.43011999999999995	0.8673193948240181	35467
386	128.0	0.42544	0.9302470435102431	33540
387	127.0	0.43967999999999996	0.982923780470875	35833
388	133.0	0.44049999999999995	0.9015462236858536	35228
389	126.0	0.44472	0.9742396538549285	36959
390	103.0	0.44706	0.9839664767624435	31595
391	122.0	0.45994000000000007	0.9684921565641906	33241
392	132.0	0.43998	0.7215187150051202	31527
393	115.0	0.45080000000000003	0.9259161203669793	33163
394	126.0	0.45496000000000003	0.9672024862405931	38619
395	128.0	0.4583	0.9659416850492973	37261
396	107.0	0.44023999999999996	0.9666829605386625	30843
397	115.0	0.4397	0.9263819323640474	30317
398	105.0	0.42425999999999997	0.9472778397197931	32280
399	124.0	0.44703999999999994	0.9342796547449645	48658
400	150.0	0.44451999999999997	0.9341157917970918	55063
401	123.0	0.43624	0.9002796062662745	46395
402	135.0	0.46024	0.9362599799693262	50283
403	102.0	0.44048000000000004	0.9246113968683781	30550
404	116.0	0.40902	0.905678560323504	31094
405	111.0	0.3918200000000001	0.9378550222144976	27451
406	118.0	0.3804599999999999	0.9123975516176105	27184
407	127.0	0.4074600000000001	0.868345246217708	37125
408	125.0	0.3752400000000001	0.9184694635551561	33894
409	104.0	0.36172	0.9148669059937679	31485
410	119.0	0.37617999999999996	0.9223937423478932	34731
411	128.0	0.43746	0.7071426009043851	29551
412	125.0	0.46062	0.9150684924346132	33215
413	134.0	0.4414	0.9578800236486497	29537
414	139.0	0.38794000000000006	0.6638325078753359	19629
415	105.0	0.41686	0.9406324699672646	17697
416	119.0	0.39176	0.9018344505065456	17500
417	120.0	0.40700000000000003	0.9326975211460862	19162
418	140.0	0.37382	0.8901423209863556	19451
419	120.0	0.39456	0.9475421187068902	19202
420	119.0	0.392	0.9777026132268383	17095
421	104.0	0.37282	0.9405237582447756	14806
422	106.0	0.38768	0.9357928293554496	15470
423	110.0	0.3905799999999999	0.9602762857047455	16233
424	109.0	0.37638	0.8704014453588607	15087
425	114.0	0.37704	0.8638992724057256	14063
426	126.0	0.38044000000000006	0.895356445000386	16138
427	100.0	0.36882000000000004	0.9358994403588252	13339
428	100.0	0.3626	0.9565745696703795	13447
429	105.0	0.35810000000000003	0.9571894744094086	13927
430	107.0	0.3655	0.9082094168743339	14142
431	96.0	0.36951999999999996	0.9510953434150449	13327
432	103.0	0.37357999999999997	0.8955671008244616	14403
433	117.0	0.3654200000000001	0.8547702306588487	13142
434	102.0	0.35096000000000005	0.8732832132637962	13065
435	115.0	0.37023999999999996	0.9237866876999768	13681
436	103.0	0.36385999999999996	0.8961982369016083	13131
437	105.0	0.3592	0.8887727641723973	12951
438	118.0	0.3702	0.933095199676882	16193
439	114.0	0.37077999999999994	0.9450790357824821	14752
440	132.0	0.37774	0.7043481210846131	14673
441	117.0	0.35929999999999995	0.8874736877543258	14350
442	128.0	0.3619799999999999	0.8907835157997077	15640
443	121.0	0.37714	0.916301914267542	17538
444	129.0	0.36269999999999997	0.9563240889505394	18534
445	118.0	0.34163999999999994	0.9571616557748917	14910
446	110.0	0.37632000000000004	0.7818979434806829	15109
447	107.0	0.36352000000000007	0.9653446424738827	15362
448	118.0	0.3586	0.9380915852084913	16452
449	103.0	0.37622000000000005	0.951941790225455	15047
450	125.0	0.3655	0.847441031082732	15020
451	117.0	0.37229999999999996	0.954783384228781	16733
452	92.0	0.35644	0.9005962183052131	15702
453	129.0	0.36578000000000005	0.8299792716259334	20160
454	114.0	0.35609999999999997	0.8588246433029137	17577
455	107.0	0.3475000000000001	0.9614030330606219	20005
456	106.0	0.36582000000000003	0.9496074878684277	22630
457	103.0	0.3669	0.9357026618893015	18629
458	115.0	0.35806	0.8922198950422484	15789
459	114.0	0.37362	0.812442136118844	14875
460	107.0	0.39002000000000003	0.8558861253524054	14824
461	110.0	0.34759999999999996	0.8452269228341108	12972
462	104.0	0.35833999999999994	0.8843004519157637	14046
463	105.0	0.36128	0.8935311445624314	12952
464	108.0	0.37682000000000004	0.7684571354697831	12744
465	100.0	0.34450000000000003	0.9236460518597549	12467
466	123.0	0.36306	0.7163472806377303	11710
467	117.0	0.36044000000000004	0.919093176294274	14420
468	101.0	0.3732200000000001	0.8813223948902865	13881
469	116.0	0.35075999999999996	0.8403478424326767	13483
470	135.0	0.36540000000000006	0.8746905422307513	15963
471	100.0	0.34523999999999994	0.9517238210898661	13469
472	93.0	0.33052	0.9403497781643563	11928
473	120.0	0.35806	0.8617844301563178	14735
474	118.0	0.36128	0.9531427530297473	15721
475	104.0	0.3569	0.8913980572718209	13161
476	80.0	0.3545999999999999	0.907391979645027	10092
477	107.0	0.34686	0.940622899068589	12874
478	116.0	0.36792	0.8329531202110858	14432
479	119.0	0.38328	0.8417173578452068	15419
480	120.0	0.36406	0.9201380356922721	14814
481	114.0	0.35222000000000003	0.8825291762188834	13773
482	116.0	0.34356000000000003	0.9800029115553117	13843
483	93.0	0.34754000000000007	0.923694819883584	12826
484	87.0	0.36507999999999996	0.7961468455832015	12160
485	102.0	0.3437200000000001	0.9365778831671449	12272
486	110.0	0.35312	0.8511522572199489	12832
487	118.0	0.36050000000000004	0.8261824752305197	12180
488	103.0	0.36175999999999997	0.9123186925777192	12768
489	116.0	0.3545799999999999	0.8958546424915738	13825
490	97.0	0.34891999999999995	0.9438871476122785	12199
491	91.0	0.32946000000000003	0.9472707316088486	10846
492	106.0	0.34480000000000005	0.9531968523198724	12619
493	101.0	0.34928	0.9043578360832648	12203
494	110.0	0.35798	0.9366487832985334	13877
495	98.0	0.35674	0.8950125146124724	13356
496	113.0	0.3500400000000001	0.9531407683289831	13455
497	113.0	0.36132000000000003	0.8315015752175016	14029
498	98.0	0.35911999999999994	0.8447414611045658	12313
499	99.0	0.35008	0.8360896009701483	11632
500	114.0	0.36612	0.7397332258754824	13017
501	117.0	0.34358000000000005	0.925531847211802	13333
502	111.0	0.34369999999999995	0.9573802700381567	12454
503	110.0	0.35503999999999997	0.815792188923035	12380
504	102.0	0.33498	0.9346960365382402	11926
505	106.0	0.33986000000000005	0.8672542171286138	12360
506	109.0	0.35180000000000006	0.8522599342224892	13665
507	117.0	0.36076	0.9097872683094043	15332
508	123.0	0.34392	0.8787837760046959	13026
509	122.0	0.3409000000000001	0.8847790797031679	13361
510	119.0	0.36038000000000003	0.7747195732882156	13874
511	111.0	0.3415600000000001	0.9506582145374557	13035
512	99.0	0.35312000000000004	0.8683648092147387	12692
513	119.0	0.35101999999999994	0.7959349249305792	12289
514	124.0	0.36272000000000004	0.8139022511748657	14244
515	109.0	0.35971999999999993	0.8320905316746332	13646
516	109.0	0.36178	0.913551031930923	13427
517	110.0	0.37067999999999995	0.8394109486282674	14202
518	106.0	0.3469	0.8960693822425765	13346
519	109.0	0.36119999999999997	0.9414030416064565	14633
520	97.0	0.35694000000000004	0.9169120820670409	13805
521	113.0	0.34746000000000005	0.9541985003816915	13650
522	117.0	0.36374	0.8444552260688404	14107
523	113.0	0.35836	0.8961988079474519	13693
524	111.0	0.35847999999999997	0.883708268383987	14748
525	125.0	0.3614200000000001	0.9276620676145627	16046
526	113.0	0.36629999999999996	0.8483153950456898	16727
527	110.0	0.37268	0.9078861134893381	14720
528	108.0	0.35313999999999995	0.9095299970994168	14390
529	121.0	0.36860000000000004	0.8290503033903646	14607
530	112.0	0.36275999999999997	0.9316148188554189	14432
531	94.0	0.34556	0.949889214308808	13384
532	124.0	0.38372	0.8323779339352828	17291
533	105.0	0.35963999999999996	0.9624733275083451	15944
534	107.0	0.36330000000000007	0.9671832594097071	15242
535	110.0	0.3706399999999999	0.9366133983306021	15861
536	107.0	0.36488	0.8932257479556542	14322
537	112.0	0.35898	0.9493971949263614	16112
538	123.0	0.37894	0.8111545346811799	16500
539	110.0	0.38274	0.8292634191611838	15278
540	112.0	0.38589999999999997	0.9066292350398107	17968
541	110.0	0.38588	0.8434614291765867	17560
542	122.0	0.3675800000000001	0.8860131218317129	17182
543	132.0	0.39155999999999996	0.8609101602188938	25328
544	125.0	0.41675999999999996	0.8336226580413703	32374
545	138.0	0.40562	0.8503378286851353	35082
546	131.0	0.39880000000000004	0.8345921260577507	33042
547	93.0	0.3698	0.9348998291435519	29530
548	95.0	0.3785199999999999	0.9644636412043383	34953
549	139.0	0.41489999999999994	0.8827483479281888	39166
550	126.0	0.39976	0.9002853351165832	32139
551	120.0	0.37927999999999995	0.9255157627548877	24010
552	108.0	0.3914599999999999	0.9315442495457663	22428
553	128.0	0.41428000000000004	0.7576435009761747	22813
554	112.0	0.40822	0.8879693951886297	20635
555	135.0	0.40532	0.9278102752731048	22758
556	125.0	0.40226	0.9327093137158246	21405
557	125.0	0.4122	0.978046785867082	22172
558	126.0	0.39760000000000006	0.9287568401256096	22751
559	137.0	0.39890000000000003	0.8443866495843988	23967
560	104.0	0.35286000000000006	0.951783785435874	21021
561	115.0	0.3401600000000001	0.8796716612232764	23143
562	106.0	0.34668	0.936722136429473	25528
563	116.0	0.35918	0.9241771499940047	25961
564	119.0	0.34102	0.7408383677640966	21048
565	124.0	0.35513999999999996	0.8321696901412395	22074
566	108.0	0.35992	0.9083688613484633	21350
567	111.0	0.3676	0.7678548422727663	18429
568	113.0	0.36158000000000007	0.7808131711780153	16727
569	125.0	0.4014	0.9198652780784418	18599
570	111.0	0.4058	0.9164921950711431	18496
571	109.0	0.3757400000000001	0.9811098014229099	17140
572	110.0	0.38826	0.963347880603602	17668
573	113.0	0.38258	0.8639776116573801	16495
574	119.0	0.37932000000000005	0.9673126598140707	17608
575	109.0	0.36726	0.9536187153607565	15141
576	101.0	0.36588	0.9100927342582446	14381
577	93.0	0.36556000000000005	0.9359090855104742	13069
578	104.0	0.35416000000000003	0.8947561495131006	13756
579	114.0	0.35901999999999995	0.8920013284929376	13453
580	92.0	0.3436	0.9470429501197851	11716
581	104.0	0.365	0.7716413480547255	14012
582	126.0	0.36286	0.924332395318878	15664
583	106.0	0.34976000000000007	0.9088249898662086	12538
584	118.0	0.3668399999999999	0.9301623786224957	15707
585	117.0	0.35934	0.9410801486046871	14519
586	96.0	0.35636	0.9476823195336314	12937
587	102.0	0.36856	0.8560824798667804	14269
588	101.0	0.36221999999999993	0.7580363382517469	12107
589	111.0	0.368	0.9315031693116266	15227
590	107.0	0.36619999999999997	0.967481343848422	14193
591	97.0	0.34998000000000007	0.9627439832834774	13084
592	108.0	0.36538	0.9416411716248161	14346
593	114.0	0.37714	0.8344014860135193	14406
594	111.0	0.37211999999999995	0.8733772517826783	14378
595	117.0	0.38244	0.8369240316721378	14603
596	124.0	0.37922000000000006	0.8294535696062608	15684
597	112.0	0.36690000000000006	0.9100011749899541	15181
598	111.0	0.36341999999999997	0.9102595703252677	14810
599	119.0	0.3866200000000001	0.8912118813304474	15806
600	133.0	0.38008000000000003	0.984867930089167	17529
601	118.0	0.3873	0.7260357291954308	14731
602	111.0	0.37786000000000003	0.9139100805871319	14587
603	114.0	0.38897999999999994	0.9490273692311819	16104
604	107.0	0.38952000000000003	0.8325772396747363	14927
605	119.0	0.3758600000000001	0.8371187399883488	16694
606	115.0	0.38168	0.9500251371406393	20561
607	117.0	0.37718	0.961643855203523	22755
608	106.0	0.40714000000000006	0.976475774010549	21603
609	117.0	0.39818000000000003	0.9809982438669347	22394
610	103.0	0.39458	0.9651667505266852	17958
611	105.0	0.3847	0.9789529321256879	17242
612	93.0	0.3730399999999999	0.9799120091774026	13402
613	116.0	0.38171999999999995	0.8585396856648658	15741
614	122.0	0.3752799999999999	0.9012888158026962	16827
615	126.0	0.3794800000000001	0.9635041159234113	17781
616	115.0	0.39446000000000003	0.9332267638541736	16573
617	113.0	0.39425999999999994	0.9691045568975262	16855
618	114.0	0.36754000000000003	0.9677764930231888	16966
619	117.0	0.37108	0.8689182064704244	17814
620	109.0	0.36023999999999995	0.9602961818586154	15695
621	98.0	0.35619999999999996	0.8776783491513446	14049
622	116.0	0.35747999999999996	0.9454513322351167	17376
623	106.0	0.3660399999999999	0.9367920136322218	14932
624	118.0	0.36663999999999997	0.8876681758047638	18910
625	111.0	0.34966	0.9406427280249797	19587
626	117.0	0.35969999999999996	0.8202001265519899	17713
627	110.0	0.37094	0.7906851820257454	24248
628	117.0	0.36892	0.9154905506704454	30103
629	113.0	0.34702	0.9382199947673533	26640
630	110.0	0.35646	0.9092251003554426	27984
631	117.0	0.37012	0.7142410989126503	23233
632	104.0	0.34958	0.9243355070383279	24673
633	89.0	0.32858000000000004	0.9596058745630665	20875
634	117.0	0.35899999999999993	0.8782752071406736	26174
635	106.0	0.3794800000000001	0.7936160631141944	23509
636	95.0	0.48829999999999996	0.9946638491424596	26956
637	115.0	0.41503999999999996	0.9341866920264733	31375
638	118.0	0.42662	0.883490424482056	28016
639	108.0	0.42586000000000007	0.8654267611484021	28466
640	118.0	0.425	0.9383593263887756	29028
641	114.0	0.42700000000000005	0.955467324463088	29643
642	174.0	0.4404599999999999	0.9336742952956103	38211
643	134.0	0.42374	0.9272420943214165	31115
644	143.0	0.4456399999999999	0.914375573467072	33830
645	139.0	0.3938999999999999	0.9344059851429785	28953
646	147.0	0.41436	0.8971710176146547	35737
647	140.0	0.4425	0.8637468868701931	36302
648	155.0	0.45264000000000004	0.9308475840007662	48766
649	156.0	0.46196	0.8876480601076289	44775
650	128.0	0.4192	0.7672096585952685	33647
651	170.0	0.42284	0.8130727081984913	41729
652	126.0	0.38427999999999995	0.8115040361036273	34006
653	111.0	0.37035999999999997	0.8049463685918764	25749
654	131.0	0.36397999999999997	0.8701644667170632	29287
655	138.0	0.38199999999999995	0.6068019121984218	27224
656	120.0	0.38338	0.8724711237384489	31393
657	145.0	0.4019	0.8121403627996417	35572
658	154.0	0.42025999999999997	0.8608204423238862	44315
659	117.0	0.37129999999999996	0.8018820207913862	30228
660	161.0	0.40764	0.848465271667911	44942
661	177.0	0.43566000000000005	0.8378896620506052	50183
662	121.0	0.3665	0.912964696047494	33658
663	132.0	0.38378	0.8663395575493604	37477
664	160.0	0.41744	0.7528225625498267	39578
665	159.0	0.4205599999999999	0.7942715985598795	40331
666	140.0	0.39339999999999997	0.872070368610716	38893
667	110.0	0.3993	0.9073060043775283	33199
668	128.0	0.42204	0.9155029218553467	36755
669	145.0	0.42596000000000006	0.8356273848347167	34188
670	125.0	0.41044	0.9178487914099326	33410
671	123.0	0.43273999999999996	0.9399043003848736	35903
672	119.0	0.4274	0.8692613591710644	33069
673	119.0	0.45018	0.8840591523013684	37386
674	109.0	0.44198	0.8769533649796295	44142
675	124.0	0.39693999999999996	0.9310376810558283	41801
676	131.0	0.40885999999999995	0.9122970940890728	43071
677	135.0	0.44066000000000005	0.9084750867428657	49161
678	152.0	0.44061999999999996	0.9251506352750717	57689
679	145.0	0.44189999999999996	0.8729336091024505	58059
680	158.0	0.43593999999999994	0.765881435503346	46768
681	149.0	0.42434	0.8370941969358203	44641
682	129.0	0.41684	0.8970695107162289	39800
683	111.0	0.5173	0.9501160892527074	45761
684	136.0	0.48744	0.9018979919194157	48049
685	153.0	0.47165999999999997	0.8774123486657429	51265
686	143.0	0.45516000000000006	0.8908679442945648	45544
687	122.0	0.44208	0.8816835091262367	42618
688	139.0	0.39824	0.830233541706434	38514
689	127.0	0.41090000000000004	0.9142846428720542	40720
690	119.0	0.45476	0.9492931327397102	43835
691	149.0	0.42762	0.9498241921804619	44553
692	131.0	0.42558000000000007	0.9662846287174512	50715
693	118.0	0.42252	0.9740871973081596	42518
694	116.0	0.37882	0.8248963563066347	29325
695	120.0	0.40062	0.7898111850668917	34589
696	113.0	0.39596	0.9061942938789577	37351
697	147.0	0.41896	0.9402628215635815	44328
698	111.0	0.3912199999999999	0.9152155327545289	38889
699	102.0	0.3558	0.9073232279100185	27882
700	107.0	0.37854000000000004	0.8091043029422451	32355
701	128.0	0.4046400000000001	0.9294538242922076	44860
702	117.0	0.43764	0.858370301121298	42999
703	124.0	0.43701999999999996	0.9615071351352277	41708
704	115.0	0.39602000000000004	0.9466000819640568	33119
705	134.0	0.40838	0.9705026750533222	37103
706	116.0	0.4239	0.9578319207576372	37634
707	137.0	0.42504	0.9572975146241554	44107
708	113.0	0.42593999999999993	0.9213923542275424	35210
709	132.0	0.42235999999999996	0.9089163208948969	37610
710	114.0	0.41948	0.9256036660800712	33669
711	129.0	0.42144	0.9292096225431977	37187
712	134.0	0.4341	0.9208790226964656	41909
713	142.0	0.41318	0.924116849198287	42680
714	128.0	0.39649999999999996	0.7448554637299525	30449
715	123.0	0.39205999999999996	0.7395559916591264	34845
716	116.0	0.42044000000000004	0.9570422579991346	40064
717	137.0	0.43817999999999996	0.8910969631683767	39376
718	120.0	0.40462000000000004	0.8988044402464034	34221
719	142.0	0.43626000000000004	0.9302642623615954	42834
720	116.0	0.43156	0.9069437924494099	36461
721	129.0	0.44437999999999994	0.9311446054465847	44542
722	132.0	0.44354	0.9330965948495672	47223
723	138.0	0.44624	0.8385790735709368	43998
724	120.0	0.4391799999999999	0.9401540900417219	37381
725	150.0	0.45824000000000004	0.9562034237236521	45724
726	106.0	0.41868	0.9421988253589556	34587
727	133.0	0.42094000000000004	0.9182393629123488	38069
728	138.0	0.44454	0.8943304290941302	41146
729	123.0	0.4491800000000001	0.973833344024653	40776
730	122.0	0.3932	0.8104543172981002	31832
731	135.0	0.3903600000000001	0.7657838378114379	29359
732	121.0	0.37226	0.9351773379758684	28322
733	127.0	0.38380000000000003	0.7444067754061877	27385
734	135.0	0.40984000000000004	0.9189104351140857	29785
735	129.0	0.4039999999999999	0.9291034117590365	26576
736	101.0	0.38878	0.9603449892112124	17313
737	131.0	0.39288000000000006	0.9469233254643679	19395
738	112.0	0.38301999999999997	0.933910905445776	17206
739	106.0	0.37473999999999996	0.9732926076391362	15238
740	115.0	0.37832	0.8657723877989751	16214
741	101.0	0.3615399999999999	0.9274387771368621	14536
742	98.0	0.35346000000000005	0.9892324285768885	13901
743	119.0	0.37410000000000004	0.8959936743012223	17170
744	98.0	0.38948	0.8563788349254795	14393
745	90.0	0.35368	0.8610954505144165	11686
746	101.0	0.35796000000000006	0.924066846489948	15191
747	90.0	0.37195999999999996	0.8553853316506147	14964
748	111.0	0.3467	0.9242481178136998	15365
749	123.0	0.36662	0.8335181569702425	15709
750	118.0	0.34426	0.9144751578569308	13945
751	105.0	0.34736000000000006	0.932546497227649	14392
752	96.0	0.3588	0.8959837849075393	14330
753	99.0	0.33998000000000006	0.9110598946566094	13174
754	106.0	0.35524	0.9510976914292728	16532
755	96.0	0.33	0.9356929176036693	15553
756	100.0	0.35247999999999996	0.9065690281633297	15828
757	107.0	0.34378	0.9152150110521831	16706
758	125.0	0.35187999999999997	0.9517302152475445	20033
759	103.0	0.35396	0.9111709715397337	17590
760	105.0	0.34538	0.9461974331627913	17496
761	128.0	0.34908	0.9255950833030107	19601
762	102.0	0.35576	0.8758912202747832	18325
763	101.0	0.3496	0.884893350366133	17703
764	98.0	0.36158	0.8329548071074839	17226
765	101.0	0.35402	0.8794941835458718	17957
766	93.0	0.3514399999999999	0.9520209151246964	18984
767	106.0	0.34216	0.9469393047076203	21212
768	96.0	0.35346000000000005	0.9309032642167859	19588
769	122.0	0.35003999999999996	0.9386843340354665	23190
770	111.0	0.35284	0.8670225951502951	23580
771	112.0	0.34758	0.9249081934107996	25172
772	105.0	0.35741999999999996	0.9007053505565519	21641
773	100.0	0.35314	0.9331447089975377	22031
774	96.0	0.3412199999999999	0.9266243382281745	20233
775	102.0	0.37111999999999995	0.8260381156063283	20197
776	115.0	0.36508	0.8489684708094727	18988
777	104.0	0.33994	0.9230793488075059	14094
778	109.0	0.34954	0.8436160461077631	14523
779	95.0	0.33796	0.8907690067014252	12638
780	117.0	0.3597999999999999	0.8920132213811383	14025
781	92.0	0.34753999999999996	0.8560746186988522	12132
782	84.0	0.35514	0.9148842967897053	11833
783	113.0	0.35172	0.8869473733775518	14121
784	116.0	0.34918000000000005	0.9207549278749917	14251
785	102.0	0.36211999999999994	0.8547176008654621	13095
786	127.0	0.37744	0.8077608451763779	15211
787	120.0	0.38162000000000007	0.8416952759615419	15809
788	136.0	0.36474000000000006	0.8043845770649481	16768
789	125.0	0.37888	0.8371453022270209	15181
790	121.0	0.34892	0.8821491836661614	15708
791	135.0	0.36758	0.8037767650581965	16814
792	114.0	0.3433400000000001	0.8472374905042588	13206
793	123.0	0.37072000000000005	0.8827137516041973	15364
794	85.0	0.3582000000000001	0.9307803542519404	11991
795	136.0	0.38168	0.7354771879933496	15835
796	125.0	0.38264000000000004	0.8326250036938977	16393
797	137.0	0.35839999999999994	0.778162335517073	14586
798	121.0	0.37168	0.6851552992548159	14784
799	119.0	0.37238000000000004	0.9151900806555804	16445
800	150.0	0.37868	0.7934078095089663	18946
801	109.0	0.3660399999999999	0.8479666984250352	15267
802	88.0	0.37260000000000004	0.9358654659635312	12964
803	128.0	0.3780199999999999	0.894247336427093	18732
804	123.0	0.38874	0.9253451129822458	18185
805	109.0	0.37486	0.9213464974682357	15474
806	143.0	0.37956	0.9573332240759436	19080
807	100.0	0.36466	0.9096286030854553	14035
808	120.0	0.35558	0.9407014142084356	15261
809	105.0	0.3718000000000001	0.8193783287577826	13748
810	87.0	0.35680000000000006	0.917332697770673	12297
811	112.0	0.3648400000000001	0.9536902963547859	15312
812	116.0	0.36882	0.8369114463682441	14035
813	107.0	0.37466	0.9254594685903222	14795
814	113.0	0.36738000000000004	0.8456805128673837	14430
815	119.0	0.35891999999999996	0.8945202265864403	14460
816	91.0	0.35166000000000003	0.945072941691028	12174
817	121.0	0.3665800000000001	0.8715672065952954	15800
818	114.0	0.35413999999999995	0.8477720238623	14133
819	110.0	0.3670400000000001	0.9103505082566216	13785
820	112.0	0.3582600000000001	0.9391692134106865	14061
821	103.0	0.37445999999999996	0.9040130819181019	14155
822	100.0	0.3522	0.9522641991687743	12970
823	123.0	0.36483999999999994	0.9290603847906046	15283
824	112.0	0.37478	0.9222158247107811	15729
825	116.0	0.36706000000000005	0.9533166650212442	14501
826	116.0	0.38112	0.9062700596914341	14703
827	110.0	0.36134	0.9481337265351087	15029
828	87.0	0.36011999999999994	0.9710336854822482	12110
829	121.0	0.36538	0.9352479196822919	16096
830	100.0	0.36684000000000005	0.9490576160377919	13919
831	128.0	0.37152	0.8559263325996996	16060
832	83.0	0.38034	0.8491427840927264	12621
833	116.0	0.35952	0.8641801056002325	14732
834	127.0	0.38932	0.8057334954788463	16233
835	109.0	0.36552	0.7826388358373623	14039
836	99.0	0.37424	0.912080957228661	14520
837	97.0	0.35616	0.969535941152247	13352
838	126.0	0.36648	0.9082931277935107	16959
839	117.0	0.37274	0.9194152248816757	16471
840	83.0	0.36565999999999993	0.9439900552656398	12222
841	108.0	0.35340000000000005	0.9432603576333931	14648
842	97.0	0.37864	0.8814927670494022	14151
843	121.0	0.34302	0.9090130051935292	15112
844	120.0	0.3739	0.8155678772811805	15219
845	112.0	0.35907999999999995	0.9585201599630438	15605
846	138.0	0.35910000000000003	0.9151783914061512	18235
847	112.0	0.38666000000000006	0.8745310760582105	15787
848	115.0	0.37644000000000005	0.8453604862699633	16849
849	117.0	0.38384	0.7622254151431972	13933
850	117.0	0.37929999999999997	0.7677700540090003	16236
851	121.0	0.37376	0.9361710408225101	17549
852	109.0	0.3850999999999999	0.9320796323268248	15990
853	126.0	0.3889	0.9349502580712856	18165
854	128.0	0.37624	0.8216146101434892	16392
855	111.0	0.3676	0.9051212177089911	16976
856	109.0	0.3782	0.8960621296035132	16046
857	118.0	0.37978	0.8884446417139248	17124
858	138.0	0.38612	0.7574041225546714	19409
859	113.0	0.4103799999999999	0.7767583968662586	16128
860	113.0	0.39947999999999995	0.8029761003395621	16778
861	113.0	0.39086000000000004	0.9407864140355641	17457
862	124.0	0.39382000000000006	0.828736150670059	19969
863	107.0	0.42019999999999996	0.84283976021669	18504
864	124.0	0.39115999999999995	0.7656607276856512	20771
865	126.0	0.41128	0.8788462350980198	24102
866	132.0	0.4091	0.87836466187773	34666
867	126.0	0.39732000000000006	0.7875295766618582	30690
868	117.0	0.3636	0.9489142584161898	29800
869	105.0	0.38124	0.9170665355045167	27727
870	143.0	0.43526	0.9019277194265547	37552
871	118.0	0.45368	0.9494983437447241	32538
872	143.0	0.39252	0.9612650703597465	34403
873	122.0	0.39115999999999995	0.7929713610828747	34229
874	125.0	0.39047999999999994	0.8211918299220881	34886
875	124.0	0.38118	0.8679394088639746	33711
876	122.0	0.37511999999999995	0.8869087538263292	30878
877	128.0	0.39840000000000003	0.9165596026368373	36958
878	129.0	0.4238	0.9396218974617924	42516
879	132.0	0.47908	0.8870563977912507	44937
880	141.0	0.46732000000000007	0.9098024008425268	46402
881	134.0	0.46270000000000006	0.9247407301079559	46346
882	131.0	0.43056000000000005	0.9271650872636619	44501
883	127.0	0.39393999999999996	0.9381773428345427	41776
884	132.0	0.3957	0.9534685030080446	43678
885	105.0	0.46625999999999995	0.9669569118262489	44105
886	108.0	0.52408	0.9446617888234655	47082
887	125.0	0.48482	0.9637145268999155	51936
888	141.0	0.46741999999999995	0.843661277463354	46126
889	119.0	0.4735999999999999	0.8441503554410994	42754
890	144.0	0.47928	0.9419602539868553	54703
891	134.0	0.48738	0.8707315187500992	60321
892	144.0	0.5363800000000001	0.9374059065297837	58794
893	124.0	0.45064	0.8708385745744176	38288
894	125.0	0.49892	0.9301016979246443	46244
895	140.0	0.47314	0.9456361125369344	48033
896	111.0	0.4966400000000001	0.9416212878073658	42652
897	133.0	0.4932599999999999	0.9437074472081803	47269
898	129.0	0.53068	0.9682944603934149	47749
899	121.0	0.54356	0.9577685268590214	45462
900	139.0	0.4602200000000001	0.8308089932061273	41314
901	135.0	0.47763999999999995	0.9459565743141267	43700
902	109.0	0.46688	0.8154080163913279	34603
903	144.0	0.48066000000000003	0.9560261319317267	48367
904	121.0	0.49596	0.9624777336605257	45622
905	115.0	0.46580000000000005	0.9488939864863726	40433
906	129.0	0.44322	0.931498806054382	37891
907	133.0	0.44915999999999995	0.9522847920236731	43774
908	136.0	0.48818	0.9439901310867443	42047
909	132.0	0.4823199999999999	0.9566716011842122	42332
910	131.0	0.46046	0.9647074955562143	41614
911	147.0	0.50116	0.9629425648624389	49310
912	144.0	0.46902	0.9487164960356751	45805
913	108.0	0.5025799999999999	0.8615357848339804	39160
914	133.0	0.46809999999999996	0.9815675760380803	47888
915	159.0	0.4769	0.849849790065506	50344
916	165.0	0.4682	0.8383954364234709	56017
917	144.0	0.46828	0.8611162205608753	53146
918	127.0	0.5767	0.9318719741992555	52159
919	116.0	0.4252	0.9097242261054184	41371
920	125.0	0.38664000000000004	0.9008256490704261	42513
921	106.0	0.37099999999999994	0.9464188327578062	36277
922	96.0	0.38256	0.9458792591677362	36321
923	141.0	0.43022000000000005	0.8172881477510312	46647
924	159.0	0.43136	0.8442418058428	49332
925	145.0	0.47918	0.8765576225408754	57445
926	160.0	0.5221	0.8483333771361067	64006
927	142.0	0.56228	0.9018539292288947	55257
928	139.0	0.53518	0.8768615537257416	51665
929	147.0	0.41870000000000007	0.8830164014896247	46468
930	137.0	0.42594	0.8493970799494055	45570
931	161.0	0.4305799999999999	0.7998421741317847	51856
932	195.0	0.44599999999999995	0.7236576995767211	49787
933	166.0	0.44996	0.8384674741420775	46360
934	160.0	0.52224	0.808354364871039	52294
935	165.0	0.42484	0.792246069999883	45117
936	150.0	0.39628	0.8694931425623618	42862
937	157.0	0.44414000000000003	0.8607554354584621	51250
938	139.0	0.49104	0.8177224693482402	47094
939	146.0	0.4018	0.831632075172044	39392
940	128.0	0.38531999999999994	0.7776854394952473	37342
941	136.0	0.40490000000000004	0.8362026594660402	36760
942	159.0	0.41528	0.7482411457647821	42302
943	140.0	0.49940000000000007	0.8878254935814042	52456
944	169.0	0.4995800000000001	0.7515769414100323	51309
945	177.0	0.50292	0.8462774338116561	58891
946	157.0	0.4635399999999999	0.8209032595213955	45814
947	144.0	0.54954	0.8723677290028469	52652
948	142.0	0.5412600000000001	0.8498321805949428	51837
949	144.0	0.49278	0.804730830204228	44611
950	149.0	0.42574000000000006	0.8428128939551608	47376
951	184.0	0.45744	0.7623392376896189	49682
952	175.0	0.489	0.8275398799031896	51132
953	189.0	0.45744	0.7217584105739876	51045
954	150.0	0.43592	0.742268462546372	42918
955	198.0	0.44718	0.7283722782010188	49278
956	164.0	0.41408	0.7869198799134411	38689
957	168.0	0.4407	0.7661794409668969	47458
958	177.0	0.45692	0.7468132127317875	47739
959	198.0	0.4676599999999999	0.7263709471151106	54225
960	166.0	0.47648	0.8481391293229132	49270
961	166.0	0.45652000000000004	0.8413058900927489	49241
962	149.0	0.4501400000000001	0.9134883068872598	45306
963	152.0	0.4388	0.8726591653844007	37235
964	138.0	0.39964	0.7772245537183166	25988
965	135.0	0.3891799999999999	0.7747358316747508	20963
966	123.0	0.38622	0.6953426710819293	19575
967	115.0	0.38961999999999997	0.7581186637887595	24176
968	133.0	0.38814	0.3762982828302949	16405
969	136.0	0.37804000000000004	0.49376852181917796	16091
970	121.0	0.35782	0.5001062137405821	12720
971	136.0	0.38195999999999997	0.45373312296020457	15636
972	137.0	0.3705399999999999	0.6145209620884494	15719
973	103.0	0.37432000000000004	0.5979353795755382	13011
974	57.0	0.37288000000000004	0.546103176709876	7787
975	99.0	0.3794200000000001	0.4317947802198487	10517
976	32.0	0.36806000000000005	0.5499404761032274	9603
977	52.0	0.37770000000000004	0.4799537911263515	14458
978	51.0	0.40767999999999993	0.39937825970748353	7044
979	72.0	0.38808	0.408560855346949	11149
980	90.0	0.36590000000000006	0.45779619396880394	10899
981	120.0	0.38938	0.36828565302554506	12257
982	123.0	0.37091999999999997	0.5748371983259754	13355
983	97.0	0.36205999999999994	0.5965187667726389	10645
984	119.0	0.3603	0.5874782084882009	12378
985	111.0	0.36648	0.588423914107158	12152
986	126.0	0.36904000000000003	0.5282867460610913	13519
987	106.0	0.34303999999999996	0.6184073453458974	11968
988	71.0	0.35512	0.6138885366165587	8610
989	100.0	0.3518	0.5863278032361018	10944
990	105.0	0.34886	0.6178574445761468	11857
991	117.0	0.34934	0.5986328842933318	11961
992	128.0	0.35268	0.5795185577100864	11888
993	106.0	0.34682	0.597306394067651	11324
994	106.0	0.35230000000000006	0.5233074820154835	10012
995	111.0	0.3610800000000001	0.5210784151426981	11301
996	110.0	0.39571999999999996	0.40605379256618146	9716
997	95.0	0.38989999999999997	0.36572932647896605	10675
998	108.0	0.38786000000000004	0.5746349625492579	13162
999	129.0	0.3754	0.5419815866674851	14636
1000	135.0	0.39046	0.6421832944994758	17187
1001	135.0	0.4067	0.5789927164319739	10382
1002	117.0	0.39081999999999995	0.6075628590420008	14532
1003	164.0	0.4052400000000001	0.681292575470575	18912
1004	142.0	0.40700000000000003	0.655909345809405	18587
1005	149.0	0.42150000000000004	0.5414795034933144	19282
1006	80.0	0.37315999999999994	0.615558370414638	5179
1007	64.0	0.37183999999999995	0.8392231849596661	8719
1008	55.0	0.37138000000000004	0.7441748352202532	6943
1009	58.0	0.37359999999999993	0.8242824998020378	7325
1010	52.0	0.37001999999999996	0.7644541511504264	6227
1011	41.0	0.36821999999999994	0.7939381752630619	5759
1012	26.0	0.36550000000000005	0.7678924698781625	4262
1013	78.0	0.37496	0.5022854547411086	12252
1014	51.0	0.37066000000000004	0.5645382659564278	12570
1015	33.0	0.25402	0.3493689747475661	8454
1021	18.0	0.06842	0.04888243314061493	165
1022	45.0	0.37200000000000005	0.36741091438833523	559
1023	50.0	0.3753999999999999	0.43730750710736044	1257
1024	49.0	0.37046000000000007	0.7380817897448252	6465
1025	89.0	0.38409999999999994	0.5753459259207626	9161
1026	70.0	0.37504000000000004	0.6598080034802847	7459
1027	95.0	0.36806	0.6895032290239866	10539
1028	125.0	0.36662000000000006	0.49502200589683365	13143
1029	126.0	0.37270000000000003	0.5323748257215893	13362
1030	143.0	0.37163999999999997	0.43958809522173253	14184
1031	67.0	0.34879999999999994	0.37395660406040226	118773
1093	6.0	0.04438	0.04943474673676013	119
1094	54.0	0.37416	0.3498756265540084	1223
1095	49.0	0.37162	0.4004469176896395	874
1096	39.0	0.36733999999999994	0.8100081222670438	5243
1097	71.0	0.37642000000000003	0.5969519311102892	8520
1098	72.0	0.37066000000000004	0.5919248833181665	9779
1099	70.0	0.3599400000000001	0.6495033073701424	10861
1100	63.0	0.38130000000000003	0.4489378603346546	13245
1101	104.0	0.35680000000000006	0.5422024009505548	12267
1102	137.0	0.37370000000000003	0.7692188342870055	16453
1103	132.0	0.36613999999999997	0.7571267720092871	16626
1104	133.0	0.36032000000000003	0.7141287566770871	14911
1105	121.0	0.3760000000000001	0.7303589448059327	14307
1106	125.0	0.38173999999999997	0.7812389088070277	15834
1107	105.0	0.37257999999999997	0.7923072805161362	10228
1108	111.0	0.3436	0.9752949317865849	9512
1109	106.0	0.35414	0.8010495625798665	11283
1110	123.0	0.3575	0.7599448385538322	14619
1111	132.0	0.35932000000000003	0.9363108853524698	15742
1112	101.0	0.38022	0.6413606722049312	12374
1113	107.0	0.36341999999999997	0.7524383847625808	13080
1114	118.0	0.3558200000000001	0.9314911838779919	15859
1115	117.0	0.36007999999999996	0.7750767963605468	13007
1116	127.0	0.36194000000000004	0.8169191174615479	15895
1117	110.0	0.3340599999999999	0.8767696600063586	14415
1118	127.0	0.35314	0.9058040049601512	15379
1119	118.0	0.34594	0.8060483655890057	14444
1120	95.0	0.361	0.8891104184762907	12960
1121	98.0	0.36156	0.9057320413499892	14115
1122	109.0	0.34434000000000003	0.9478921191065581	14319
1123	104.0	0.36122	0.9190038073914968	13895
1124	106.0	0.36011999999999994	0.9329114040470172	13424
1125	99.0	0.37528000000000006	0.849512930777472	14846
1126	125.0	0.37077999999999994	0.8027549386900413	15509
1127	119.0	0.36833999999999995	0.8181019660346862	15423
1128	129.0	0.36327999999999994	0.8670092513852197	17318
1129	139.0	0.37126	0.7713052416544479	19308
1130	102.0	0.371	0.902641157468408	15362
1131	110.0	0.35861999999999994	0.8755315371759966	16652
1132	97.0	0.3831800000000001	0.9270742489525283	19255
1133	135.0	0.39175999999999994	0.8891299779853296	21340
1134	132.0	0.3817799999999999	0.6891326825514954	18801
1135	96.0	0.38542000000000004	0.9107450118582029	20920
1136	100.0	0.37626000000000004	0.8226690587402197	21322
1137	136.0	0.40674000000000016	0.926925666982257	38236
1138	113.0	0.44096	0.9247957832170473	37976
1139	139.0	0.45048	0.9494401365636468	42113
1140	124.0	0.44792000000000004	0.9006610494480227	42098
1141	109.0	0.51644	0.9409535706133344	43935
1142	122.0	0.50042	0.934844191686045	49748
1143	153.0	0.47546000000000005	0.9333718809534691	61384
1144	140.0	0.50634	0.8895518092236757	53562
1145	168.0	0.49564	0.8690552306446088	60052
1146	151.0	0.48116	0.8249461417877758	53561
1147	173.0	0.46228	0.7952124770766898	52162
1148	152.0	0.48166000000000003	0.8648300582366376	51800
1149	148.0	0.45464	0.7410019894379658	41720
1150	139.0	0.4459199999999999	0.838088202315686	47840
1151	156.0	0.42454000000000003	0.850974929178975	43752
1152	140.0	0.4188	0.7486421594624441	37098
1153	148.0	0.42196	0.8114337705623023	42344
1154	152.0	0.4259400000000001	0.816778501325542	36946
1155	135.0	0.40984000000000004	0.7087300197034491	27979
1156	147.0	0.42086000000000007	0.7574355506377188	30965
1157	111.0	0.37439999999999996	0.8786156566212859	23329
1158	113.0	0.3948	0.9143121689122863	23263
1159	124.0	0.37864	0.9179093393400729	21986
1160	123.0	0.35958	0.8502878564892894	19731
1161	124.0	0.37744	0.791403049203049	20690
1162	107.0	0.35162	0.9082017656091419	17591
1163	117.0	0.36335999999999996	0.8783330607883832	19586
1164	123.0	0.3725	0.8321422634468372	21229
1165	125.0	0.39327999999999996	0.9296719442194139	29566
1166	126.0	0.38522	0.8414379902589327	34047
1167	115.0	0.3688	0.9704365141860651	34396
1168	108.0	0.40976	0.9016570673975662	30349
1169	110.0	0.38327999999999995	0.8188076107645635	30020
1170	114.0	0.3906799999999999	0.8507641255243584	37071
1171	124.0	0.36996	0.7763237703611455	28243
1172	142.0	0.3899199999999999	0.7671511972982726	27553
1173	117.0	0.41054000000000007	0.8831309549185735	28407
1174	118.0	0.40298	0.8231474983952741	25292
1175	125.0	0.3827799999999999	0.7113523650038507	24090
1176	125.0	0.40429999999999994	0.7119419539904313	25919
1177	110.0	0.40168000000000004	0.7677149749194431	26394
1178	107.0	0.42286	0.942298591861745	31264
1179	123.0	0.4413	0.948977588661348	34903
1180	127.0	0.4434	0.8567457079452702	33059
1181	124.0	0.38762	0.8234915232712765	27040
1182	122.0	0.3906400000000001	0.7413554342438815	26411
1183	142.0	0.3832	0.7926595263594075	30141
1184	136.0	0.38443999999999995	0.866410290762201	34323
1185	162.0	0.41257999999999995	0.8222421429198631	40670
1186	160.0	0.44406000000000007	0.8007223021524742	53698
1187	151.0	0.4274	0.8371554989763598	45012
1188	131.0	0.40706	0.8834158337232035	42257
1189	132.0	0.39736000000000005	0.83410655145579	38521
1190	153.0	0.44168	0.8604009689779479	49963
1191	146.0	0.42118	0.8799133471542945	49802
1192	137.0	0.39938	0.9093447010466712	46379
1193	129.0	0.39915999999999996	0.742666103762223	38460
1194	129.0	0.3705199999999999	0.9206930330618945	39868
1195	133.0	0.3753999999999999	0.8246871055461197	37404
1196	138.0	0.38630000000000003	0.8142201588019305	37974
1197	120.0	0.39364	0.8205083983478986	37124
1198	115.0	0.37686	0.8862670872671834	32777
1199	110.0	0.3897399999999999	0.7789607540895841	32776
1200	102.0	0.38898000000000005	0.8994942046660108	32029
1201	98.0	0.37478	0.864426533712843	23706
1202	115.0	0.41375999999999996	0.899856367124629	26568
1203	138.0	0.38806000000000007	0.9607625230722052	28576
1204	115.0	0.39186	0.7379901720117272	20497
1205	128.0	0.39590000000000003	0.8686693642041251	27459
1206	148.0	0.37656000000000006	0.6760322056683863	20983
1207	132.0	0.38094	0.7937624283267531	24687
1208	117.0	0.3826799999999999	0.8815840707298779	26222
1209	127.0	0.43290000000000006	0.9041528713953791	37175
1210	136.0	0.48016	0.8998327652773725	46900
1211	165.0	0.5078	0.8725208338667345	47311
1212	141.0	0.51536	0.915325706671432	55667
1213	115.0	0.48866	0.8801771624261627	47751
1214	135.0	0.50364	0.916755521265475	46189
1215	118.0	0.50412	0.8990561048409776	43129
1216	137.0	0.47026	0.9118242348613492	49212
1217	212.0	0.5099000000000001	0.8190894617992127	46993
1218	127.0	0.4863	0.8666194273604094	44329
1219	149.0	0.49442	0.5148027442164452	18452
1220	150.0	0.50276	0.6654647169226223	34908
1221	154.0	0.47654	0.8676698969957622	47923
1222	174.0	0.50524	0.8266094310347581	55091
1223	154.0	0.45108000000000004	0.8484801231712673	47431
1224	189.0	0.48042	0.812753429916694	56754
1225	149.0	0.55484	0.91349500340001	53564
1226	105.0	0.5775	0.9915082470076377	47249
1227	127.0	0.5282399999999999	0.8878756437948753	48298
1228	168.0	0.49872	0.7677011770965707	55795
1229	104.0	0.5650799999999999	0.9508559789971418	48648
1230	92.0	0.60288	0.954666637256358	45489
1231	144.0	0.5095200000000001	0.900484050599053	57844
1232	153.0	0.5427	0.879739332044481	61715
1233	107.0	0.5554600000000001	0.9090964940408539	45807
1234	146.0	0.48636	0.8598681784533359	57977
1235	183.0	0.4653	0.6951433946103827	52649
1236	173.0	0.45892000000000005	0.7320176922281559	56120
1237	153.0	0.44688	0.7442959692691693	45553
1238	128.0	0.46706	0.8463493292791427	41563
1239	144.0	0.43144	0.8060599951081336	43310
1240	120.0	0.43720000000000003	0.8297996626893913	35762
1241	152.0	0.42776000000000003	0.7279681268040912	45346
1242	152.0	0.44179999999999997	0.6731962247633493	48522
1243	166.0	0.49422000000000005	0.7960056105665848	59959
1244	197.0	0.4870399999999999	0.7514588734046194	61723
1245	159.0	0.48532	0.7828734310659732	61533
1246	143.0	0.52566	0.8495661941838509	54974
1247	165.0	0.5308600000000001	0.8609831236868064	57956
1248	182.0	0.50418	0.7573953125728969	56068
1249	175.0	0.49446000000000007	0.7887912351768074	49969
1250	212.0	0.4882800000000001	0.7104536112138131	55045
1251	168.0	0.4923400000000001	0.8057829605901139	46586
1252	191.0	0.4811199999999999	0.7519463996054766	56576
1253	146.0	0.5176	0.8656174852055277	51601
1254	157.0	0.46004	0.801723863487809	45226
1255	149.0	0.49884000000000006	0.9205321464883146	51322
1256	154.0	0.39881999999999995	0.5552303940978672	34251
1257	117.0	0.38674	0.58249139553188	28426
1258	133.0	0.39754000000000006	0.7908381585051852	37014
1259	127.0	0.39904000000000006	0.573366953333923	34887
1260	148.0	0.40256000000000003	0.7276316153247905	36190
1261	125.0	0.38502000000000003	0.6658318897120714	31266
1262	140.0	0.38724000000000003	0.6405134495951083	33337
1263	117.0	0.38589999999999997	0.7071421201242777	31945
1264	127.0	0.41372	0.6137539783720084	33386
1265	118.0	0.43804000000000004	0.7763693084785231	41603
1266	141.0	0.45956	0.8318572239711578	52262
1267	170.0	0.45574000000000003	0.8037119338837488	51080
1268	161.0	0.44073999999999997	0.7836887961274424	49186
1269	156.0	0.41385999999999995	0.7910262093185058	45749
1270	154.0	0.47918000000000005	0.805292579248283	45679
1271	176.0	0.494	0.7472310932120191	51205
1272	167.0	0.4795	0.8169000402714636	57103
1273	133.0	0.54708	0.9061180187621609	46242
1274	170.0	0.51522	0.7597084584755174	59648
1275	124.0	0.58538	0.8908280990459284	44776
1276	98.0	0.5898	0.9532160611957576	45801
1277	79.0	0.57162	0.954802493899715	37931
1278	132.0	0.55106	0.8144214131419267	51236
1279	160.0	0.5405	0.8207044776070282	54140
1280	140.0	0.59036	0.8819790892676781	47361
1281	135.0	0.57226	0.8402807315569281	48054
1282	134.0	0.5659	0.8545980969730713	49436
1283	147.0	0.4924	0.8557208886611731	52408
1284	168.0	0.48158	0.8766364947788771	59995
1285	134.0	0.47180000000000005	0.9149103384580752	47896
1286	125.0	0.51546	0.9340870657298644	51307
1287	111.0	0.55714	0.9644759604783514	50717
1288	116.0	0.5424	0.9404427246317025	50706
1289	102.0	0.5403	0.9182488343225004	40727
1290	130.0	0.54022	0.9091818670039918	44702
1291	150.0	0.5489799999999999	0.8261702750088242	53759
1292	133.0	0.5744400000000001	0.9040777757306562	55171
1293	137.0	0.5733799999999999	0.9032193540375361	53812
1294	182.0	0.4686	0.7897398148989516	56169
1295	155.0	0.51212	0.7609948269616563	53714
1296	160.0	0.5355199999999999	0.8493460139575745	55968
1297	155.0	0.5345799999999999	0.887489922481305	57645
1298	172.0	0.47153999999999996	0.7927910338032063	52710
1299	143.0	0.50334	0.8525496439791986	47663
1300	166.0	0.47018	0.7517135197923772	49856
1301	173.0	0.5126599999999999	0.8116108443430319	54701
1302	161.0	0.5163800000000001	0.7972908929838803	53155
1303	128.0	0.53866	0.8687121892902224	48918
1304	166.0	0.49195999999999995	0.7466455209142464	52146
1305	160.0	0.48963999999999996	0.793491432631322	56193
1306	134.0	0.58768	0.9191601442420417	48374
1307	118.0	0.5894	0.9366534580779564	43574
1308	142.0	0.54092	0.8357231179933198	49792
1309	159.0	0.47902000000000006	0.8138829277110269	51030
1310	159.0	0.46215999999999996	0.810009747660479	46227
1311	137.0	0.5182199999999999	0.8683209917876983	44680
1312	158.0	0.54278	0.8493868989226347	51673
1313	149.0	0.54478	0.8612402656094569	54183
1314	157.0	0.52576	0.8091753548463826	51058
1315	157.0	0.5199199999999999	0.8209772334955977	52202
1316	166.0	0.5005200000000001	0.890970134874603	56930
1317	154.0	0.42156	0.7967950233944631	44245
1318	175.0	0.41094	0.8522259411600824	47526
1319	156.0	0.45196	0.8502914593416341	49276
1320	131.0	0.5635600000000001	0.9131451676764418	49093
1321	144.0	0.5616800000000001	0.8763662501651205	51673
1322	160.0	0.5234800000000001	0.830293836265376	50540
1323	153.0	0.49394	0.8254965966133415	47221
1324	153.0	0.5051599999999999	0.8015469285227073	50169
1325	168.0	0.51112	0.804418889845185	51078
1326	186.0	0.53562	0.7770359701846641	58032
1327	163.0	0.5025	0.78264349388905	51182
1328	158.0	0.45502	0.8075620295260716	50225
1329	119.0	0.53958	0.8968983870515905	43055
1330	145.0	0.43255999999999994	0.783012271532556	41268
1331	167.0	0.4168	0.7798023110221526	44829
1332	107.0	0.5684	0.9279845380171121	44929
1333	153.0	0.49002	0.8148512632438187	55613
1334	166.0	0.49034	0.7765544763421233	53013
1335	174.0	0.51512	0.7933251180825421	56882
1336	164.0	0.54684	0.7863156973425356	57045
1337	207.0	0.49310000000000004	0.6920784255205923	53085
1338	181.0	0.41733999999999993	0.8027264044870196	51221
1339	179.0	0.41934000000000005	0.774720730101379	45730
1340	120.0	0.5224200000000001	0.925871459508412	47190
1341	133.0	0.53884	0.8803021691572438	47656
1342	135.0	0.5241600000000001	0.853422145751394	47485
1343	141.0	0.58302	0.8795135343769367	53151
1344	157.0	0.55988	0.8267345418512261	49520
1345	146.0	0.5656	0.9182130320133483	55736
1346	170.0	0.4696	0.7506109708192376	52440
1347	141.0	0.5283	0.7488322031904655	51001
1348	149.0	0.5206999999999999	0.8126020495905993	50629
1349	128.0	0.46712	0.48346972719814285	37136
1350	133.0	0.46265999999999996	0.33393818765705147	35598
1351	138.0	0.49994000000000005	0.2659009614565066	37940
1352	169.0	0.46059999999999995	0.17194133375197906	32341
1353	154.0	0.42982	0.18775865764029903	29134
1354	128.0	0.4759999999999999	0.1979182126276206	34704
1355	106.0	0.568	0.7567542485269835	43569
1356	145.0	0.5241	0.9050681204125371	48732
1357	160.0	0.44702	0.7994430890480452	46637
1358	126.0	0.4571	0.8680837788170476	39636
1359	147.0	0.46262000000000003	0.8295356568615981	43369
1360	173.0	0.47395999999999994	0.8085090056410432	54553
1361	176.0	0.51544	0.8089193071706025	53940
1362	132.0	0.54226	0.8552511803988856	48380
1363	153.0	0.5428999999999999	0.850194151857976	52074
1364	140.0	0.5041599999999999	0.8245036172772995	46480
1365	138.0	0.40461999999999987	0.896825116266122	41396
1366	126.0	0.41324000000000005	0.9311002944664089	42976
1367	114.0	0.43660000000000004	0.8043933985391039	43351
1368	123.0	0.51066	0.7797509303392988	45602
1369	134.0	0.46453999999999995	0.924731851792398	45651
1370	135.0	0.48083999999999993	0.8892244288254072	45349
1371	157.0	0.49957999999999997	0.8148869798679514	47797
1372	148.0	0.5014400000000001	0.7939968819403497	50135
1373	166.0	0.489	0.8274045200373465	49576
1374	160.0	0.52618	0.8800592845670873	54736
1375	144.0	0.51816	0.8738621875030769	51343
1376	124.0	0.5699	0.8803814744972445	39786
1377	122.0	0.5491999999999999	0.9509828666645487	44202
1378	122.0	0.49724	0.9022785237520542	45365
1379	107.0	0.49914000000000003	0.9494561170092692	42977
1380	125.0	0.5049000000000001	0.9484310796776081	47387
1381	81.0	0.43226	0.7748354662117599	40677
1382	17.0	0.09064000000000001	0.18832989505945602	7590
1383	115.0	0.49372	0.9472488996177426	48202
1384	134.0	0.5143000000000001	0.9457632037630193	51147
1385	110.0	0.53338	0.9562538703756115	53801
1386	115.0	0.5292399999999999	0.9399243061652786	44824
1387	131.0	0.4843599999999999	0.9111412203430143	44961
1388	128.0	0.4757	0.9197303242980098	45042
1389	107.0	0.5352800000000001	0.9369898216250637	39832
1390	142.0	0.5168	0.8756420763347367	44504
1391	174.0	0.5209199999999999	0.8342640680519874	50902
1392	114.0	0.54866	0.9075496694501909	37367
1393	124.0	0.5010800000000001	0.9227824670891513	39618
1394	58.0	0.25454	0.4515191506904934	12823
1395	63.0	0.25716	0.46697472329126277	12190
1396	117.0	0.50934	0.9199277363694948	44177
1397	125.0	0.47035999999999994	0.9202822318337858	41126
1398	105.0	0.51986	0.9170078207553681	37145
1399	119.0	0.5434	0.898885710063926	47250
1400	122.0	0.5374599999999999	0.8746130793955951	43324
1401	145.0	0.49751999999999996	0.7460226891294754	47707
1402	162.0	0.47568000000000005	0.7838952568740114	43689
1403	141.0	0.44438	0.9057596992370602	43761
1404	138.0	0.46012000000000003	0.8630444115642983	42607
1405	148.0	0.51264	0.8838299453595225	48992
1406	107.0	0.52846	0.9553440548270162	39867
1407	112.0	0.5318	0.9617001235833202	38915
1408	154.0	0.51618	0.8845199741920813	43626
1409	139.0	0.5275599999999999	0.9307678309692375	40468
1410	107.0	0.523	0.9575864024998763	36354
1411	116.0	0.5272399999999999	0.9549363664960562	36341
1412	117.0	0.51292	0.9232479686255062	39235
1413	101.0	0.54918	0.9444469871922739	33103
1414	132.0	0.5085599999999999	0.9340452050118797	39052
1415	145.0	0.48606	0.9019374983990517	37194
1416	147.0	0.5045400000000001	0.8188279291583878	38111
1417	116.0	0.49578000000000005	0.8102543169972107	32253
1418	107.0	0.49542	0.9008404443682985	31574
1419	145.0	0.48991999999999997	0.8698624212484048	37717
1420	144.0	0.47629999999999995	0.9233472090107	42279
1421	113.0	0.49366	0.9408485170785424	34521
1422	115.0	0.49995999999999996	0.9262631631340366	38160
1423	112.0	0.51532	0.9451107898463608	40585
1424	127.0	0.47832	0.7339404962117367	37444
1425	141.0	0.48884	0.7610312025158271	42736
1426	123.0	0.4775	0.22204853330317845	34617
1427	134.0	0.44824	0.19944695076455327	29310
1428	176.0	0.44953999999999994	0.17542732831941626	40749
1429	153.0	0.4713800000000001	0.24708645041425134	43335
1430	107.0	0.44648	0.2790105128268659	27678
1431	108.0	0.3818800000000001	0.36739514389230343	28856
1432	149.0	0.45163999999999993	0.5378045639985741	46118
1433	163.0	0.4208	0.8528180340309006	48042
1434	130.0	0.4943600000000001	0.947885206770151	46131
1435	150.0	0.43916	0.8611518657355063	48221
1436	134.0	0.47559999999999997	0.8980543566282547	51834
1437	177.0	0.46409999999999996	0.6927623388015718	53696
1438	159.0	0.49548000000000003	0.876379532926233	50675
1439	149.0	0.44919999999999993	0.8583316115797326	45010
1440	132.0	0.48090000000000005	0.9499744322058802	50677
1441	133.0	0.43782	0.916761889497031	46165
1442	154.0	0.45876000000000006	0.8986336611989375	54021
1443	155.0	0.43604	0.8532034232506123	47070
1444	147.0	0.43016	0.7758129171198939	40020
1445	159.0	0.4831200000000001	0.9071707319785555	52795
1446	113.0	0.5558599999999999	0.9888436871503196	49376
1447	124.0	0.55256	0.9552931350490732	52922
1448	119.0	0.54852	0.943963940721104	50999
1449	137.0	0.5504999999999999	0.9297412164594664	64548
1450	156.0	0.5158200000000001	0.8355449729912571	57217
1451	144.0	0.39804	0.8735088148949265	45074
1452	149.0	0.3917	0.8028010359207469	41147
1453	129.0	0.38170000000000004	0.8328072547339458	37663
1454	129.0	0.38181999999999994	0.84209347924762	34719
1455	136.0	0.37716	0.7815259237728877	37199
1456	132.0	0.3941799999999999	0.849808100222117	36341
1457	132.0	0.48928000000000005	0.9463789569017586	54711
1458	116.0	0.50722	0.9327607131462441	47889
1459	121.0	0.48118	0.9266417391536945	48798
1460	113.0	0.5421199999999999	0.9395113231982911	48619
1461	106.0	0.56332	0.9585260482496454	51209
1462	141.0	0.47757999999999995	0.9500393589778144	50295
1463	118.0	0.40114000000000005	0.9135625796936473	37005
1464	152.0	0.412	0.8099133033036143	46342
1465	162.0	0.40968000000000004	0.8288134518220335	45208
1466	177.0	0.43994	0.8228764491917396	53003
1467	158.0	0.46924000000000005	0.8343701824717733	51899
1468	158.0	0.40647999999999995	0.7833404412311034	41850
1469	179.0	0.44684000000000007	0.7467203170875383	51814
1470	178.0	0.43764000000000003	0.7787223688561028	50012
1471	176.0	0.43	0.7972911404704854	52665
1472	151.0	0.43846	0.7440994561512877	43744
1473	158.0	0.48544	0.8254752471578666	56626
1474	144.0	0.46751999999999994	0.9329808577995682	59891
1475	136.0	0.40438	0.7796169236865756	45082
1476	139.0	0.39068	0.8451425947045621	39884
1477	110.0	0.37733999999999995	0.9028027381562779	39751
1478	113.0	0.3775	0.8824845788083797	34496
1479	122.0	0.4319199999999999	0.9358144459277727	41658
1480	144.0	0.4072399999999999	0.8260697952357123	42591
1481	123.0	0.37198	0.789183272185193	32505
1482	139.0	0.39242	0.8921619967338894	41384
1483	149.0	0.45116	0.8902750231169239	54988
1484	151.0	0.41064	0.7942578581994939	44026
1485	152.0	0.45118	0.8411579109169707	45952
1486	130.0	0.40072	0.9046056181998933	42071
1487	122.0	0.4526199999999999	0.9016342513395276	46582
1488	146.0	0.50592	0.9378300700616848	54427
1489	133.0	0.40830000000000005	0.7845690404247134	37512
1490	127.0	0.39252000000000004	0.9005111365531807	40717
1491	139.0	0.43846	0.7958616861383488	44205
1492	124.0	0.40692	0.8257250330013194	40032
1493	137.0	0.40928	0.9129191653721297	49815
1494	130.0	0.45047999999999994	0.9041255790122257	53726
1495	143.0	0.40334	0.7797563192410776	49803
1496	140.0	0.43407999999999997	0.7379171759893162	47967
1497	142.0	0.50332	0.9036357813396417	56644
1498	150.0	0.49764	0.9447658022392883	56642
1499	138.0	0.51388	0.927410039587955	50520
1500	149.0	0.5043599999999999	0.8552706694560271	59202
1501	157.0	0.48994	0.7997002430031793	58128
1502	148.0	0.50338	0.8493211626572811	54341
1503	133.0	0.5375	0.9619174497145908	60904
1504	124.0	0.522	0.9421412420505166	60207
1505	145.0	0.5254	0.906400044552515	61764
1506	132.0	0.45716000000000007	0.9601034649524272	53270
1507	111.0	0.41991999999999996	0.8617388972347685	39952
1508	119.0	0.46537999999999996	0.8827441630215326	46984
1509	131.0	0.48394	0.8250512022332843	46414
1510	140.0	0.46286	0.8687667681293083	48071
1511	141.0	0.40156	0.8417874374633949	39649
1512	134.0	0.37656	0.9210338684356131	39608
1513	127.0	0.36863999999999997	0.8364314793287934	38050
1514	101.0	0.36900000000000005	0.94607847585493	34143
1515	140.0	0.38786000000000004	0.9043508830841597	38457
1516	113.0	0.39448000000000005	0.8922039487557356	38112
1517	122.0	0.5416000000000001	0.9492338357575358	52833
1518	125.0	0.5496	0.951459287565108	53660
1519	108.0	0.53754	0.9628420853177385	45572
1520	142.0	0.51266	0.8740257914800255	50192
1521	126.0	0.4154	0.8815098320265894	41826
1522	141.0	0.4281600000000001	0.8720065492676145	44612
1523	137.0	0.38939999999999997	0.8388333423555805	42761
1524	113.0	0.3729599999999999	0.9188572293217214	33800
1525	120.0	0.40702	0.8964429274456323	41501
1526	129.0	0.50002	0.8871351474493013	48712
1527	124.0	0.5172800000000001	0.9634321641665734	53409
1528	127.0	0.5106400000000001	0.9201360990249434	57384
1529	129.0	0.4954200000000001	0.9574015694137405	53900
1530	112.0	0.47151999999999994	0.8076215985737781	46912
1531	160.0	0.41064	0.8781641525631626	50584
1532	142.0	0.37973999999999997	0.7481295344504809	36281
1533	140.0	0.397	0.7864830027021215	36690
1534	131.0	0.39546	0.9029245558289237	41728
1535	131.0	0.5142800000000001	0.9261940312913638	47130
1536	98.0	0.5615	0.9173553817757065	41434
1537	105.0	0.54564	0.9801089647497462	44158
1538	141.0	0.49766	0.8685341975280586	45816
1539	142.0	0.39086000000000004	0.9117303578485093	37435
1540	154.0	0.40631999999999996	0.7846438495876071	39319
1541	135.0	0.38972	0.9298767862870538	37377
1542	132.0	0.40098000000000006	0.9167263732145031	38336
1543	113.0	0.41424	0.8980859283280115	35505
1544	149.0	0.42034	0.8254633527201792	40876
1545	137.0	0.42572000000000004	0.74934518212881	41943
1546	161.0	0.42028000000000004	0.8109792260520985	46571
1547	147.0	0.4011799999999999	0.853556162140125	44841
1548	148.0	0.37674	0.8906949553166313	42460
1549	152.0	0.38822	0.8756646323620435	41242
1550	141.0	0.42077999999999993	0.8104892684923751	42220
1551	148.0	0.42914	0.7539527861692235	44333
1552	150.0	0.40836	0.40354385197432807	33975
1553	158.0	0.39614	0.6258743726760212	41950
1554	165.0	0.4583	0.8199871682972334	57570
1555	153.0	0.47462	0.7696316885939628	59427
1556	164.0	0.42060000000000003	0.7869178859418865	48461
1557	164.0	0.47657999999999995	0.8502936413591144	61959
1558	128.0	0.49688000000000004	0.9358409423430084	54244
1559	156.0	0.42668	0.867087537749312	51224
1560	155.0	0.40072	0.8784171359556708	52667
1561	125.0	0.3995800000000001	0.9132357207883127	47460
1562	115.0	0.41507999999999995	0.899481473416053	47632
1563	134.0	0.39368000000000003	0.8250723050209149	39194
1564	130.0	0.37670000000000003	0.916998277915663	37759
1565	136.0	0.39688	0.8869340547406194	44949
1566	133.0	0.41044	0.7561260822744962	40025
1567	125.0	0.45924	0.8409055589628934	36527
1568	147.0	0.44902000000000003	0.9688077703995112	42644
1569	123.0	0.44818	0.9749847386122735	37766
1570	134.0	0.43964000000000003	0.9649690836413951	37961
1571	109.0	0.4345400000000001	0.9584372703614119	31153
1572	124.0	0.4526800000000001	0.963905759078456	34870
1573	117.0	0.44	0.9513570401316785	32102
1574	127.0	0.43654000000000004	0.960082839533542	32903
1575	123.0	0.46406	0.9524949299879167	32951
1576	125.0	0.4433	0.8461137144109013	33301
1577	132.0	0.40856000000000003	0.9355155557140135	30679
1578	112.0	0.46546	0.8966066136261003	29125
1579	113.0	0.43732	0.972639799653724	29735
1580	125.0	0.44744	0.9855597392057199	33783
1581	128.0	0.43886000000000003	0.9692671119065418	30022
1582	105.0	0.43916000000000005	0.9869939206374645	25547
1583	124.0	0.41958000000000006	0.9492776323507958	25858
1584	102.0	0.4316	0.9425775511119246	22331
1585	140.0	0.4107	0.8205437177130556	21778
1586	144.0	0.41490000000000005	0.929944719920636	26583
1587	133.0	0.42154	0.9622544112685203	24062
1588	114.0	0.38042000000000004	0.936361103284949	19068
1589	137.0	0.38370000000000004	0.9643823870462644	20596
1590	125.0	0.38828	0.8781147274314478	17731
1591	113.0	0.39897999999999995	0.8635016588475086	17012
1592	100.0	0.38902000000000003	0.9586860751175895	15729
1593	119.0	0.38366	0.9510024344433233	18176
1594	101.0	0.37484	0.954307417525006	15497
1595	114.0	0.39476	0.9493752545168521	16970
1596	109.0	0.38270000000000004	0.8851710885376486	15024
1597	110.0	0.39435999999999993	0.9469714338144855	17930
1598	141.0	0.36612	0.9251472420161264	18029
1599	99.0	0.37683999999999995	0.9107890820723967	14696
1600	90.0	0.3806600000000001	0.9556902801603371	13641
1601	132.0	0.38072	0.9491061887342918	18303
1602	115.0	0.37316000000000005	0.9233952028455257	16111
1603	114.0	0.37693999999999994	0.9472938334420329	15733
1604	124.0	0.3939000000000001	0.856892184870009	16800
1605	94.0	0.36934000000000006	0.8525981917417887	13593
1606	91.0	0.36832	0.8127774034655213	13300
1607	117.0	0.37360000000000004	0.7859931996324095	15883
1608	122.0	0.36382000000000003	0.866806805986474	15695
1609	111.0	0.36812	0.9611469372448739	15180
1610	111.0	0.36102000000000006	0.8459643697717691	13753
1611	109.0	0.36007999999999996	0.9491313254893223	14734
1612	108.0	0.35557999999999995	0.9248040473756094	14464
1613	106.0	0.3604	0.97297209449981	13500
1614	105.0	0.3531199999999999	0.9538358706863216	13630
1615	106.0	0.36837999999999993	0.9300484547252572	14723
1616	94.0	0.3635	0.8697191869920725	12469
1617	104.0	0.3476600000000001	0.949877431163198	13885
1618	102.0	0.3745799999999999	0.9270099895880022	13370
1619	85.0	0.35827999999999993	0.9374427713621105	11909
1620	118.0	0.36472	0.9437413557986458	15344
1621	93.0	0.35797999999999996	0.9359548403838321	13228
1622	114.0	0.35012	0.9574107833673496	14145
1623	110.0	0.37018	0.9324133066365085	14572
1624	110.0	0.34937999999999997	0.8354087295687609	13255
1625	99.0	0.35994	0.9308803119407537	13469
1626	118.0	0.35416000000000003	0.9290357838800994	15115
1627	100.0	0.34332000000000007	0.9558458256088491	13014
1628	112.0	0.35956000000000005	0.9508141535970435	14885
1629	94.0	0.35147999999999996	0.9565361171946208	12581
1630	93.0	0.37756	0.8230799576421892	12405
1631	91.0	0.3390800000000001	0.9660395105183289	12393
1632	114.0	0.34779999999999994	0.9161912670267169	14142
1633	101.0	0.34991999999999995	0.882249598283066	13745
1634	103.0	0.38689999999999997	0.8775029324569263	15155
1635	110.0	0.35144	0.9577635734438148	14668
1636	122.0	0.36428000000000005	0.8665131754411074	14960
1637	114.0	0.36477999999999994	0.7703790474569888	13506
1638	127.0	0.36114	0.9760238871949615	17306
1639	112.0	0.36424	0.8406279374534242	14411
1640	128.0	0.35660000000000003	0.9166952693129786	16086
1641	114.0	0.35531999999999997	0.8796851001453558	13765
1642	108.0	0.37645999999999996	0.8998783504982553	14290
1643	109.0	0.36088000000000003	0.9235132827169965	16513
1644	120.0	0.38888000000000006	0.8598877268665847	17394
1645	118.0	0.3778799999999999	0.9052677450142871	17092
1646	127.0	0.3777	0.8861871102512758	19210
1647	121.0	0.37862	0.8919045659320423	23684
1648	111.0	0.43267999999999995	0.9489136204045091	33628
1649	146.0	0.3779	0.8525060799092211	39920
1650	136.0	0.39938	0.9150563048135743	43042
1651	126.0	0.39248000000000005	0.878622884770873	36698
1652	136.0	0.3925599999999999	0.8713764099247506	41989
1653	142.0	0.39677999999999997	0.7962736989639105	39109
1654	121.0	0.42178000000000004	0.9123458622793584	37039
1655	152.0	0.41147999999999996	0.9063001222183926	47845
1656	150.0	0.40702	0.8364150230557024	42051
1657	128.0	0.38932	0.8835360843124999	36968
1658	126.0	0.4003200000000001	0.8357492882927778	38136
1659	112.0	0.37994000000000006	0.8275951403212608	36020
1660	124.0	0.41806	0.8983798818748739	31176
1661	139.0	0.39937999999999996	0.8139693272798628	26717
1662	145.0	0.41932	0.6966266688077143	26069
1663	111.0	0.39398000000000005	0.8738085564355439	24998
1664	110.0	0.38762	0.8253329281149261	20101
1665	128.0	0.38144000000000006	0.928431919034639	23678
1666	135.0	0.37751999999999997	0.8607233391902009	22016
1667	87.0	0.38884	0.9639859676787456	17772
1668	116.0	0.39087999999999995	0.9204546843071721	23782
1669	128.0	0.37477999999999995	0.9258389756567674	22476
1670	119.0	0.38577999999999996	0.9524677677931257	24258
1671	121.0	0.37898	0.8193245780668028	16918
1672	120.0	0.37029999999999996	0.93594707298523	16360
1673	105.0	0.3594199999999999	0.9190088933720046	15270
1674	118.0	0.35716000000000003	0.9438591795754407	15830
1675	113.0	0.36489999999999995	0.8556624070462915	15203
1676	107.0	0.36949999999999994	0.9418646038083528	15143
1677	92.0	0.36064000000000007	0.8937039567700935	11903
1678	129.0	0.37666000000000005	0.8792510665862079	17388
1679	125.0	0.3732599999999999	0.9323824120646833	16804
1680	106.0	0.36977999999999994	0.9210275231920227	15226
1681	117.0	0.35639999999999994	0.8919169350915528	14345
1682	96.0	0.37261999999999995	0.962034119826123	14244
1683	107.0	0.34417999999999993	0.964751669668017	14490
1684	114.0	0.36352000000000007	0.9451814625915731	15305
1685	107.0	0.37994	0.9103763720454063	16321
1686	132.0	0.36556	0.9377741032096166	17709
1687	139.0	0.3807	0.9660137279507548	18816
1688	88.0	0.35648	0.8877529434710049	13186
1689	128.0	0.36308	0.9339215042366549	15615
1690	111.0	0.37096	0.9548008486434357	16623
1691	118.0	0.36566000000000004	0.8807274379754925	15913
1692	102.0	0.35332	0.9638448516106289	14085
1693	120.0	0.37078000000000005	0.870399852110566	15914
1694	105.0	0.36224000000000006	0.8812500121315716	14099
1695	99.0	0.34912	0.9187452604311657	13965
1696	110.0	0.35897999999999997	0.9424349144223956	14605
1697	126.0	0.36962000000000006	0.8763705101917417	17962
1698	112.0	0.36256	0.9413681440076721	15633
1699	118.0	0.36312000000000005	0.9159711920651162	17526
1700	118.0	0.37213999999999997	0.8447264766832134	14322
1701	114.0	0.3689	0.8256460301889669	17236
1702	121.0	0.38364	0.5884743243570584	17820
1703	123.0	0.38441999999999993	0.83667699437405	19554
1704	117.0	0.37894000000000005	0.7136229869424666	18756
1705	133.0	0.36974	0.8233547135129483	26559
1706	113.0	0.38458	0.8134135467936154	29593
1707	114.0	0.3909000000000001	0.9229546257509159	33467
1708	120.0	0.38248000000000004	0.8920135998788413	29349
1709	121.0	0.41617999999999994	0.9490414627702907	32244
1710	132.0	0.4108800000000001	0.9203581101691872	32975
1711	127.0	0.40678	0.8346494642384362	35135
1712	133.0	0.4158200000000001	0.8049641219644137	38585
1713	104.0	0.38848	0.9015725831763957	33607
1714	115.0	0.36395999999999995	0.9044388106118902	35293
1715	133.0	0.39204	0.8955749637363762	45873
1716	141.0	0.40372	0.8377525741046874	46682
1717	145.0	0.43008	0.8931393675788158	62098
1718	143.0	0.40034	0.9017467551268273	53419
1719	124.0	0.37958000000000003	0.9265135359318981	41914
1720	156.0	0.38952	0.7715147153203455	39889
1721	119.0	0.38160000000000005	0.8594385555835548	35028
1722	124.0	0.39854	0.8785306457279036	38652
1723	114.0	0.45334	0.9791197498070806	43706
1724	132.0	0.43016000000000004	0.8195477049300202	39472
1725	127.0	0.42234	0.8536698591879945	38929
1726	114.0	0.41240000000000004	0.8300843380537849	31415
1727	138.0	0.4188	0.785674926381072	35538
1728	118.0	0.38917999999999997	0.9082509692163083	31069
1729	132.0	0.42312	0.8917838445228424	37073
1730	123.0	0.42066000000000003	0.7697092776008748	32196
1731	116.0	0.4269	0.7306174083860156	34503
1732	138.0	0.41536	0.9135763389279545	40788
1733	127.0	0.43024	0.8433705560513296	39019
1734	172.0	0.41456000000000004	0.8396692379037464	46935
1735	148.0	0.39204	0.7503294967603634	32815
1736	131.0	0.35613999999999996	0.8909779911758653	32683
1737	118.0	0.35928	0.8093375515304918	28225
1738	141.0	0.35497999999999996	0.9090838290166466	30607
1739	109.0	0.3596600000000001	0.7874126200523707	23467
1740	105.0	0.36041999999999996	0.932028270428436	28270
1741	134.0	0.43238000000000004	0.8084005045456131	29461
1742	133.0	0.40556	0.9211706716011556	29764
1743	100.0	0.3924	0.9222757954919775	19191
1744	115.0	0.39833999999999997	0.822185060297237	19418
1745	117.0	0.38214000000000004	0.8921155287035583	18067
1746	115.0	0.38530000000000003	0.757878847434221	16320
1747	118.0	0.37994	0.8153537016407899	16262
1748	136.0	0.37342	0.8161540838828522	18158
1749	118.0	0.3808	0.8193694772734875	16553
1750	130.0	0.36841999999999997	0.8416004686786243	17497
1751	104.0	0.35944000000000004	0.9477116666418097	14785
1752	112.0	0.35797999999999996	0.9511651982305867	15712
1753	83.0	0.2873	0.6455195437724821	12532
1754	22.0	0.08428000000000001	0.22661110694005387	3876
1755	136.0	0.3863799999999999	0.7354365368825516	19497
1756	114.0	0.36961999999999995	0.9193762254925572	18862
1757	125.0	0.38116	0.9288069994285056	21332
1758	132.0	0.37582	0.9544074160242185	22526
1759	141.0	0.3843	0.7482370395012211	23860
1760	97.0	0.37550000000000006	0.9418155709099396	25502
1761	110.0	0.3786	0.8945292710565006	29889
1762	111.0	0.37528	0.8557400523672225	26954
1763	111.0	0.38518	0.8463863314273722	23354
1764	120.0	0.36876000000000003	0.9777998403961038	24161
1765	105.0	0.37888	0.9590354281491426	21359
1766	124.0	0.36662	0.9385489144086164	17927
1767	110.0	0.3632	0.9245722667956473	14957
1768	116.0	0.36812	0.9527743072259605	15736
1769	102.0	0.36711999999999995	0.8520794562836985	15124
1770	131.0	0.35982	0.8305082480343555	15616
1771	109.0	0.3460999999999999	0.7117627363592627	13024
1772	100.0	0.36230000000000007	0.6074778014474312	12698
1773	95.0	0.33784	0.6028666753987034	10222
1774	126.0	0.3565	0.5144885403601988	11200
1775	115.0	0.36302	0.5993892551668111	11706
1776	106.0	0.3377200000000001	0.6002453050125227	11459
1777	97.0	0.33623999999999993	0.6573636671732572	11150
1778	113.0	0.36157999999999996	0.8877431735602864	13652
1779	116.0	0.34496000000000004	0.7620630507872954	13148
1780	85.0	0.35534	0.5882346533535848	9518
1781	103.0	0.35416000000000003	0.5954498966353228	11264
1782	118.0	0.36412	0.5448287521320508	12851
1783	111.0	0.3499799999999999	0.7809894186851266	12107
1784	107.0	0.3520400000000001	0.966620684928983	12628
1785	119.0	0.36669999999999997	0.7962531223417896	13842
1786	107.0	0.36654	0.6336453039052029	12603
1787	117.0	0.3546399999999999	0.5833251648027425	10678
1788	106.0	0.36412	0.5716631318136195	10744
1789	131.0	0.37772	0.4397118035485392	10994
1790	113.0	0.39088	0.31376008629453833	6099
1791	97.0	0.38433999999999996	0.28565692769334666	1818
1792	106.0	0.38380000000000003	0.35204587049870556	2051
1793	101.0	0.38897999999999994	0.36947111921376324	3358
1794	91.0	0.37925999999999993	0.2802069862607651	2201
1795	115.0	0.3964599999999999	0.2871455125919705	3436
1796	129.0	0.37607999999999997	0.375702012832504	10535
1797	111.0	0.35494	0.8985570570304141	17596
1798	104.0	0.34758	0.9059550111433541	19636
1799	116.0	0.37216	0.9010102264462135	27038
1800	117.0	0.37733999999999995	0.7482302618304707	17538
1801	137.0	0.36376	0.9443744849178991	18241
1802	139.0	0.37195999999999996	0.7664723082244562	15391
1803	108.0	0.35278000000000004	0.9319038992446622	14706
1804	112.0	0.34800000000000003	0.950514367158588	14721
1805	110.0	0.35176	0.9591756248258203	14960
1806	132.0	0.34726	0.8186614058176217	14465
1807	104.0	0.35028000000000004	0.89249934445815	12643
1808	108.0	0.35607999999999995	0.8447374598214382	12340
1809	104.0	0.33927999999999997	0.9652141018232246	12798
1810	120.0	0.35272000000000003	0.9530905286593486	14462
1811	93.0	0.33834000000000003	0.9224635257789844	11635
1812	110.0	0.34987999999999997	0.8736391308085647	13625
1813	123.0	0.35034000000000004	0.9388822103747633	14163
1814	130.0	0.3550200000000001	0.6984470503418453	13015
1815	113.0	0.35072	0.8042499370585966	13578
1816	123.0	0.35359999999999997	0.9079856093339534	14093
1817	85.0	0.34070000000000006	0.9594846161109217	11563
1818	92.0	0.34168	0.9374231552330089	11668
1819	106.0	0.3531	0.8618067015131755	13431
1820	93.0	0.35406000000000004	0.924637151031767	12666
1821	119.0	0.36292	0.8480833947578489	14288
1822	101.0	0.35056	0.9175144410651936	13422
1823	128.0	0.36298	0.9157901312990091	16875
1824	106.0	0.3549400000000001	0.8603024475516349	14632
1825	131.0	0.35115999999999997	0.9336619472251567	16374
1826	135.0	0.37522000000000005	0.8133904849975071	18832
1827	112.0	0.35818000000000005	0.9499613202547675	16980
1828	97.0	0.3607600000000001	0.8981628647160086	15479
1829	109.0	0.35800000000000004	0.9174144965889549	19367
1830	96.0	0.37846	0.9459355339493011	21446
1831	113.0	0.37979999999999997	0.9822302721257721	25486
1832	110.0	0.37782	0.9357093618219041	23101
1833	119.0	0.38358	0.9018252598851412	23125
1834	123.0	0.38443999999999995	0.8574648508608791	22286
1835	125.0	0.3754800000000001	0.8361505966446149	19330
1836	114.0	0.3744400000000001	0.8072866653220266	17947
1837	128.0	0.39862000000000003	0.9338796338812233	21562
1838	117.0	0.37845999999999996	0.8457269737838281	17370
1839	118.0	0.40016000000000007	0.9669588863682886	18700
1840	128.0	0.38602000000000003	0.9758656053947419	19969
1841	128.0	0.39218	0.9459445902647076	19919
1842	135.0	0.40122	0.9429171173687089	19855
1843	130.0	0.39458	0.8517245319219883	18613
1844	101.0	0.38055999999999995	0.9466860279687989	15061
1845	115.0	0.3825	0.8857987537779851	15771
1846	111.0	0.38417999999999997	0.9220538385535262	16263
1847	116.0	0.40386000000000005	0.9518512928159492	17662
1848	128.0	0.39612	0.9673110189229751	19981
1849	136.0	0.40148000000000006	0.9209394409452591	21651
1850	121.0	0.39776000000000006	0.958684814105662	20329
1851	126.0	0.4263	0.981470793211028	23056
1852	107.0	0.4269800000000001	0.9720215946496435	22923
1853	129.0	0.41692000000000007	0.8426830476468385	24905
1854	116.0	0.41734000000000004	0.8554910067413055	24729
1855	105.0	0.39765999999999996	0.8293037112328674	21142
1856	107.0	0.39762000000000003	0.8353952365882052	21925
1857	132.0	0.36597999999999997	0.8330056561355109	22066
1858	118.0	0.37034	0.8453896582070775	21438
1859	116.0	0.3896	0.8714676533943027	27855
1860	140.0	0.39126	0.8762337346753418	32425
1861	104.0	0.37782000000000004	0.9148922488327293	28069
1862	134.0	0.35223999999999994	0.8713996395153065	27196
1863	142.0	0.3966800000000001	0.5411334266529954	28144
1864	104.0	0.43842	0.960309540452869	31570
1865	131.0	0.44270000000000004	0.9529650977014271	39120
1866	121.0	0.40424000000000004	0.8880212936856515	36007
1867	125.0	0.41428	0.9355600914727457	35781
1868	142.0	0.3815	0.8766290488695336	36145
1869	153.0	0.39959999999999996	0.8682304303686429	41148
1870	163.0	0.41866	0.839352565666558	42064
1871	136.0	0.44756	0.8735228516128087	41732
1872	126.0	0.40406	0.8161401646027118	35752
1873	123.0	0.42995999999999995	0.8733115541058173	34614
1874	133.0	0.39416000000000007	0.8807011479240386	39461
1875	140.0	0.40562	0.8176650484907888	38262
1876	121.0	0.3939599999999999	0.8528808243274856	33629
1877	128.0	0.43794000000000005	0.7522977706244414	41077
1878	108.0	0.41692000000000007	0.8972599313738859	30736
1879	132.0	0.39496000000000003	0.666962352173538	32943
1880	117.0	0.41423999999999994	0.8868566300014245	29168
1881	122.0	0.41184	0.6083800117752439	28498
1882	140.0	0.4274000000000001	0.6387031697510704	32994
1883	136.0	0.37581999999999993	0.8757292384229353	34603
1884	143.0	0.37136	0.93643155031394	38159
1885	120.0	0.40724000000000005	0.9295453732011733	39092
1886	134.0	0.39693999999999996	0.8896876773051153	40282
1887	111.0	0.41846000000000005	0.8391759136830247	35894
1888	121.0	0.4031	0.9459157056688307	37469
1889	124.0	0.4169	0.9605456523898049	44383
1890	107.0	0.41400000000000003	0.9442425470140721	38479
1891	112.0	0.42288000000000003	0.958664873170984	38766
1892	116.0	0.41794000000000003	0.9309354947754686	39762
1893	129.0	0.42812	0.9497896942983601	42106
1894	110.0	0.37237999999999993	0.94484744421426	33336
1895	142.0	0.41688000000000003	0.8407929271665565	43956
1896	148.0	0.43160000000000004	0.9345481283617053	50891
1897	134.0	0.43144	0.9163147898566693	43695
1898	114.0	0.3411	0.937592956512477	27477
1899	124.0	0.3905199999999999	0.9465145258609593	35936
1900	112.0	0.41702	0.8307185932360633	33919
1901	123.0	0.41938	0.8968658652929343	36575
1902	126.0	0.39052	0.891902301480873	35419
1903	127.0	0.41836	0.8636868592514705	37253
1904	116.0	0.39425999999999994	0.8745504726638997	32652
1905	114.0	0.40006	0.9534583843995313	35462
1906	92.0	0.37798000000000004	0.9311001081860186	28341
1907	113.0	0.35356000000000004	0.850485465921912	25916
1908	94.0	0.38849999999999996	0.9713737107354705	32870
1909	126.0	0.38332	0.9515205879959858	39217
1910	111.0	0.36640000000000006	0.8803597883459159	33228
1911	109.0	0.36112	0.945948743526244	31323
1912	132.0	0.36601999999999996	0.8612990116341127	33611
1913	110.0	0.38537999999999994	0.8696098422477685	31750
1914	126.0	0.37854	0.9398013395087932	35636
1915	147.0	0.40149999999999997	0.9371697194692187	42466
1916	132.0	0.41218	0.9587053382579769	44877
1917	146.0	0.40993999999999997	0.9224840571655759	43800
1918	130.0	0.40875999999999996	0.9095912499727248	42736
1919	115.0	0.39327999999999996	0.9373551877909346	39197
1920	110.0	0.38489999999999996	0.929592534393204	37448
1921	128.0	0.3934	0.8892047146181298	44072
1922	121.0	0.37132000000000004	0.8179003824188671	31399
1923	120.0	0.37488	0.9204479776217154	32444
1924	114.0	0.3953200000000001	0.8417829839069236	31172
1925	94.0	0.27752000000000004	0.6103566507021544	22785
1928	27.0	0.0868	0.2392365611673929	5946
1929	106.0	0.3790799999999999	0.7889231644635532	23698
1930	107.0	0.37294	0.8899606110069738	23646
1931	117.0	0.36758	0.8428630622631808	22061
1932	139.0	0.37793999999999994	0.8218935366400966	22773
1933	129.0	0.35268	0.869042381289844	24513
1934	102.0	0.37578	0.953889584026309	19691
1935	111.0	0.34754000000000007	0.8472693439772377	17007
1936	116.0	0.34924	0.9050321091345416	17627
1937	105.0	0.36838	0.9609175157115941	17950
1938	111.0	0.36648	0.7445255099108364	15319
1939	144.0	0.3583200000000001	0.9205881579648598	20748
1940	118.0	0.35674	0.9199244423273338	18542
1941	105.0	0.36876	0.8892933221264268	16138
1942	110.0	0.35912	0.9579803181939083	15489
1943	122.0	0.3790399999999999	0.8220660903882077	18674
1944	98.0	0.35883999999999994	0.9574648143769265	15514
1945	125.0	0.36012	0.9411252265503828	17590
1946	110.0	0.35367999999999994	0.9237623987766045	16678
1947	109.0	0.35916	0.9321260283690616	18335
1948	120.0	0.3445	0.9035157689056253	20575
1949	80.0	0.34928000000000003	0.9636630699327351	15162
1950	112.0	0.3476600000000001	0.857495168088648	20442
1951	117.0	0.35176	0.8899084818319504	22746
1952	101.0	0.36735999999999996	0.9014324801462238	20100
1953	115.0	0.36090000000000005	0.8517397149088214	21940
1954	120.0	0.34758	0.9471449992853462	24092
1955	97.0	0.34382000000000007	0.882446292615539	19891
1956	94.0	0.35641999999999996	0.9387546056165746	25799
1957	121.0	0.34822000000000003	0.8976666666814295	27056
1958	93.0	0.35984	0.9376938543415956	21989
1959	114.0	0.3475599999999999	0.8528667161156317	22654
1960	111.0	0.35692	0.9110960570925168	22018
1961	104.0	0.34751999999999994	0.9074046935676968	17267
1962	110.0	0.3446399999999999	0.8748661456129858	19211
1963	110.0	0.34164	0.866465752830927	19236
1964	128.0	0.35958000000000007	0.8101958611770569	20281
1965	123.0	0.36874	0.8208063298062792	21446
1966	119.0	0.36676000000000003	0.8670038287417602	22147
1967	104.0	0.34864000000000006	0.8841228541950776	18748
1968	122.0	0.35192	0.8996187690412981	21478
1969	92.0	0.3636	0.8816036189541784	16893
1970	120.0	0.35450000000000004	0.8668916837671683	19784
1971	139.0	0.36125999999999997	0.8285617140320948	22349
1972	106.0	0.38301999999999997	0.8073561148961436	18477
1973	103.0	0.33612000000000003	0.9287752576196036	16525
1974	132.0	0.35334000000000004	0.9356339825372457	20025
1975	97.0	0.3651	0.8998036251293532	14960
1976	108.0	0.34157999999999994	0.9091519794755174	16033
1977	108.0	0.34990000000000004	0.8503179510210966	17490
1978	97.0	0.34617999999999993	0.8707219878315461	12673
1979	106.0	0.3460600000000001	0.9429110611973127	13879
1980	108.0	0.34730000000000005	0.9301326261068488	14079
1981	108.0	0.33277999999999996	0.960509353997309	13462
1982	99.0	0.3246	0.9271582080722301	12104
1983	104.0	0.34136000000000005	0.9478671677454625	12615
1984	119.0	0.34982	0.9497995342172327	13966
1985	104.0	0.35804	0.9245671991729071	12605
1986	112.0	0.33564	0.9479089648324338	13206
1987	126.0	0.3464399999999999	0.9505717914285046	14763
1988	118.0	0.35534	0.9170860498404877	14296
1989	128.0	0.36219999999999997	0.7778005299119318	13097
1990	107.0	0.35404	0.9463357160194634	13845
1991	96.0	0.33893999999999996	0.93513693008368	12397
1992	112.0	0.34531999999999996	0.9375238644718449	14234
1993	122.0	0.35781999999999997	0.9039205771137809	15127
1994	110.0	0.34474000000000005	0.9454364370001177	13023
1995	115.0	0.3544	0.8904327185325966	14465
1996	118.0	0.35777999999999993	0.8666673840238378	14662
1997	108.0	0.36628	0.8978178203284375	14843
1998	106.0	0.34846000000000005	0.8226490907911389	11568
1999	89.0	0.35435999999999995	0.9637559512666559	11708
2000	95.0	0.3575	0.9368917330777818	12691
2001	115.0	0.34892	0.9888380454582343	15243
2002	105.0	0.37031999999999987	0.8449641684075992	14981
2003	120.0	0.36422000000000004	0.8458092461134193	14036
2004	128.0	0.3621000000000001	0.9294968941752005	16525
2005	125.0	0.38441999999999993	0.7958604413087303	14873
2006	120.0	0.3877400000000001	0.7415294211766955	14594
2007	127.0	0.39258000000000004	0.7546957504629328	17306
2008	133.0	0.37984	0.9352373512420326	21652
2009	146.0	0.39214	0.8857377449007222	27052
2010	130.0	0.3898	0.7840681898954016	24240
2011	136.0	0.39712	0.8934295572193309	25255
2012	126.0	0.39881999999999995	0.8536598116084516	26396
2013	133.0	0.38558	0.9254558839961732	27630
2014	118.0	0.37164	0.9320165571377586	24865
2015	110.0	0.37944	0.8330432981750597	23320
2016	115.0	0.35762	0.97144321016107	24297
2017	111.0	0.37386	0.9243849430028438	21612
2018	102.0	0.36122	0.8611196760788095	18926
2019	122.0	0.39086000000000004	0.8968578221676888	22076
2020	103.0	0.3625	0.8851105106016492	16949
2021	112.0	0.38343999999999995	0.8466776375196151	18655
2022	112.0	0.40718000000000004	0.7098387223866733	17590
2023	111.0	0.37668000000000007	0.8355591226401174	16204
2024	127.0	0.37928000000000006	0.8031839584538304	17622
2025	114.0	0.3610400000000001	0.9010450858764621	14864
2026	107.0	0.3905199999999999	0.9082262029975668	16177
2027	123.0	0.37018	0.9262126450288951	15822
2028	123.0	0.36693999999999993	0.8627798875437721	19031
2029	121.0	0.38445999999999997	0.9538940876973473	16674
2030	131.0	0.3768	0.7986357123620641	16123
2031	114.0	0.38878000000000007	0.6700619353519569	11232
2032	107.0	0.36956000000000006	0.9524342607638497	15339
2033	109.0	0.37855999999999995	0.8754245528937332	15216
2034	130.0	0.38824000000000003	0.7268637267644604	16841
2035	110.0	0.37326	0.8898531913690136	17289
2036	97.0	0.35888	0.9361275489169656	14515
2037	136.0	0.39104	0.8743002804047153	22250
2038	160.0	0.40152	0.7831066293480679	24637
2039	141.0	0.42048	0.8046531881335206	24167
2040	103.0	0.38051999999999997	0.9168744608891688	20402
2041	120.0	0.38216	0.9026618971850531	24016
2042	164.0	0.43244	0.8162225614636547	38887
2043	137.0	0.40702	0.8211307170006534	35455
2044	113.0	0.38596	0.797202149210799	27743
2045	136.0	0.40412	0.8844388566863856	37809
2046	118.0	0.41602000000000006	0.8137257242406898	34983
2047	129.0	0.39844	0.8663860138879039	33024
2048	115.0	0.39352000000000004	0.9210684657729115	27294
2049	144.0	0.39465999999999996	0.9516749551177404	32300
2050	121.0	0.39584	0.8555495126828595	24694
2051	114.0	0.39203999999999994	0.9400738305758867	22512
2052	129.0	0.3895	0.8281966175008664	20003
2053	117.0	0.396	0.8511931402415305	21024
2054	120.0	0.37995999999999996	0.9562585354984956	18190
2055	133.0	0.42088000000000003	0.7851732127222913	21978
2056	99.0	0.38632000000000005	0.8938716155466715	17884
2057	127.0	0.38088	0.8781962285564403	20570
2058	112.0	0.35416000000000003	0.9132286518552523	21850
2059	117.0	0.36276	0.9470421231971822	25609
2060	116.0	0.34494	0.8467170315303677	14279
2061	105.0	0.34108000000000005	0.91403864350038	14886
2062	131.0	0.34587999999999997	0.894755076616617	16001
2063	102.0	0.3512800000000001	0.9486797718045097	13599
2064	105.0	0.36486	0.9122378898858892	13705
2065	137.0	0.36955999999999994	0.7639133047135918	15954
2066	108.0	0.34224	0.9467407178193907	12520
2067	120.0	0.37986	0.8416078379947651	15975
2068	101.0	0.40106	0.8887804236795178	15606
2069	114.0	0.39233999999999997	0.8634519685868058	16989
2070	112.0	0.38264000000000004	0.942679660806123	15893
2071	118.0	0.38186	0.9119823484915293	16133
2072	119.0	0.38384	0.788877250848502	15040
2073	100.0	0.37752	0.866047263802477	13425
2074	113.0	0.39142000000000005	0.9199666364011285	16495
2075	113.0	0.39343999999999996	0.8593703460286113	16141
2076	108.0	0.37678000000000006	0.8656118959514151	14871
2077	107.0	0.37596	0.9555191605316458	15944
2078	101.0	0.366	0.9476333770738881	13720
2079	105.0	0.35428	0.8587054820313309	14290
2080	102.0	0.36634	0.9687875365483438	13751
2081	111.0	0.37656	0.8856833548887169	13715
2082	92.0	0.34706000000000004	0.9015725542916866	11998
2083	113.0	0.36300000000000004	0.951977963326593	14737
2084	123.0	0.3618599999999999	0.9584931503148809	16637
2085	98.0	0.35407999999999995	0.9325450150926007	14728
2086	112.0	0.3483599999999999	0.9394076698657314	16026
2087	124.0	0.35776	0.9211132209149324	16924
2088	90.0	0.35814	0.9375302315095608	12552
2089	116.0	0.35547999999999996	0.9261728540233345	15180
2090	101.0	0.35306000000000004	0.941143541434777	12710
2091	101.0	0.33708	0.9641102299343561	12724
2092	98.0	0.37723999999999996	0.9443085980083866	13546
2093	96.0	0.35314	0.9484369013494631	13539
2094	94.0	0.33684000000000003	0.9602570042099724	12645
2095	122.0	0.37028	0.8689298423674127	15772
2096	112.0	0.3734799999999999	0.8678765757324973	15430
2097	119.0	0.36516	0.8564664320754222	13990
2098	101.0	0.37701999999999997	0.8850612602654012	14570
2099	122.0	0.37654000000000004	0.8096917244965505	16192
2100	121.0	0.35919999999999996	0.9338461128308936	15739
2101	123.0	0.35641999999999996	0.9613801135190886	16291
2102	111.0	0.35497999999999996	0.9445158313805828	16075
2103	131.0	0.35007999999999995	0.8972308356049369	17866
2104	119.0	0.35461999999999994	0.8812217795236381	18427
2105	92.0	0.34216	0.9239956492797122	15297
2106	104.0	0.35412	0.9484887851852404	19541
2107	109.0	0.3565999999999999	0.9305885759321235	21196
2108	108.0	0.35632	0.9453044222109657	15833
2109	114.0	0.34126000000000006	0.9655116793191888	14062
2110	111.0	0.33884000000000003	0.9481019145870555	13018
2111	111.0	0.3586	0.9187180453043979	14941
2112	93.0	0.35403999999999997	0.9258000299996757	12928
2113	121.0	0.3569599999999999	0.9749723518133913	15523
2114	109.0	0.36596000000000006	0.885884768041376	14829
2115	103.0	0.34557999999999994	0.9588837314902064	12795
2116	105.0	0.35241999999999996	0.9063684620990724	16751
2117	108.0	0.37995999999999996	0.9379995690777445	24560
2118	120.0	0.36275999999999997	0.9522762994456313	24179
2119	118.0	0.37553999999999993	0.8948109956679178	22800
2120	113.0	0.39332000000000006	0.8993762882986354	20601
2121	130.0	0.3917999999999999	0.8997630490118115	19429
2122	107.0	0.37482	0.9350411085670248	15600
2123	126.0	0.3962399999999999	0.9336980250876358	18974
2124	123.0	0.3777199999999999	0.8549175710738566	15533
2125	120.0	0.38462	0.9304461538695667	16090
2126	110.0	0.36260000000000003	0.9471511016065481	14374
2127	105.0	0.3495600000000001	0.9763058973918245	13318
2128	102.0	0.36124	0.9144025140557643	13863
2129	118.0	0.37085999999999997	0.9561068319408252	16000
2130	105.0	0.35557999999999995	0.9527155539465698	13778
2131	112.0	0.34864000000000006	0.9438123950643083	14804
2132	103.0	0.3607000000000001	0.816248507333895	14654
2133	99.0	0.36366	0.8334132694437617	13101
2134	115.0	0.35804	0.8680295232913902	15318
2135	93.0	0.35022	0.9175039502095271	12542
2136	122.0	0.36722	0.8855082543327095	59631
2137	112.0	0.38138000000000005	0.9610213710032545	17502
2138	125.0	0.37532	0.9101291121325831	17712
2139	118.0	0.37221999999999994	0.8373216497162289	17406
2140	123.0	0.36978	0.9574056382589746	18288
2141	122.0	0.38186	0.9196923468118968	19976
2142	129.0	0.4124600000000001	0.8726689077695224	28694
2143	137.0	0.36914	0.8044595849714125	25014
2144	118.0	0.37008	0.7178027478710425	19068
2145	104.0	0.3605799999999999	0.8866207302941604	26880
2146	107.0	0.36966	0.8479947792910832	24860
2147	118.0	0.3727	0.900096856292312	26920
2148	113.0	0.37951999999999997	0.9072009879484276	31579
2149	146.0	0.39404000000000006	0.9122460241797369	31105
2150	125.0	0.40016000000000007	0.8791281288350813	27589
2151	145.0	0.39925999999999995	0.9165976065968249	33781
2152	141.0	0.41012	0.7793895087992273	37097
2153	157.0	0.42353999999999997	0.8098315573287063	40874
2154	165.0	0.44190000000000007	0.772730891411961	40691
2155	179.0	0.44827999999999996	0.7271402308920474	38677
2156	165.0	0.42190000000000005	0.8031685195969892	39358
2157	165.0	0.42804000000000003	0.7848057383398799	47893
2158	156.0	0.39316	0.853095912147762	39462
2159	143.0	0.40842	0.8626088108279629	39166
2160	148.0	0.39030000000000004	0.8644634115974512	41685
2161	120.0	0.4124400000000001	0.8722393878494858	40549
2162	145.0	0.384	0.7208419484092937	35634
2163	123.0	0.35934	0.9049885991408064	32270
2164	134.0	0.382	0.7173390628604425	31503
2165	161.0	0.39936	0.7769924526486193	40516
2166	139.0	0.402	0.6585670668460047	34249
2167	154.0	0.41472000000000003	0.8871639435258946	47968
2168	172.0	0.41830000000000006	0.8782076566851253	49589
2169	133.0	0.40812	0.9085270769233721	41296
2170	123.0	0.39531999999999995	0.9100755993499923	37977
2171	130.0	0.37329999999999997	0.9115885878089824	37481
2172	116.0	0.36894000000000005	0.9211954663592857	30241
2173	125.0	0.37162	0.9212980848379677	33921
2174	117.0	0.36924	0.9397909343688878	32032
2175	115.0	0.37274	0.9618019117910189	31694
2176	115.0	0.41842	0.8906477635910199	32323
2177	128.0	0.39248	0.8801664242958592	26404
2178	107.0	0.4128	0.9010002434194868	22738
2179	133.0	0.39185999999999993	0.8035824136741251	20849
2180	117.0	0.39048	0.872278192014005	18227
2181	123.0	0.36784	0.6746357680230743	14954
2182	114.0	0.36004	0.9042499402910505	16529
2183	110.0	0.3859	0.8881084957156351	16704
2184	112.0	0.38415999999999995	0.9513552559460338	16444
2185	118.0	0.39527999999999996	0.8926724649289718	16759
2186	120.0	0.3706400000000001	0.8008456215084251	16183
2187	102.0	0.38102	0.850181420871492	14701
2188	125.0	0.38034	0.6743885375304792	16185
2189	99.0	0.38554	0.9240553296550766	15440
2190	119.0	0.37810000000000005	0.9653565654937755	19476
2191	112.0	0.37368000000000007	0.9207007306533217	18725
2192	114.0	0.39569999999999994	0.9335330729299015	22307
2193	114.0	0.37704	0.9509078320588583	22051
2194	118.0	0.38466	0.9264011704882094	22980
2195	133.0	0.36732	0.8742645587343684	27921
2196	111.0	0.39393999999999996	0.8866863193233475	26566
2197	118.0	0.3892999999999999	0.9337201902987455	27448
2198	124.0	0.40182	0.9091120270667579	31440
2199	112.0	0.39246	0.9287878009101205	27655
2200	123.0	0.38230000000000003	0.9419198376735729	31146
2201	144.0	0.41980000000000006	0.764871425251149	32105
2202	118.0	0.36658	0.8731168502111142	29518
2203	131.0	0.41824000000000006	0.8416575513390115	37421
2204	159.0	0.42136	0.8321231804818054	38548
2205	141.0	0.41256	0.6275073889252147	32223
2206	137.0	0.4051600000000001	0.8807416882302852	33709
2207	133.0	0.41878	0.9033058129487576	29340
2208	118.0	0.41180000000000005	0.7776145071316937	21350
2209	111.0	0.3716	0.889440155819219	16112
2210	115.0	0.3585600000000001	0.8868088046499416	16125
2211	94.0	0.3744199999999999	0.9012927958978155	14105
2212	122.0	0.37958	0.8944988756998504	17917
2213	138.0	0.3922	0.9520727836021521	21029
2214	117.0	0.39942	0.9121240908201381	18040
2215	126.0	0.39942	0.9541570050482967	19576
2216	123.0	0.40959999999999996	0.9523662835745272	20553
2217	132.0	0.39802000000000004	0.9669784261356595	19889
2218	143.0	0.40168	0.8561931621077729	20051
2219	132.0	0.39234	0.9686801255793932	20412
2220	105.0	0.37484	0.973541005422375	16535
2221	121.0	0.40628	0.8872799233274512	20940
2222	113.0	0.40308	0.9306483695095952	24722
2223	117.0	0.4303	0.8711220486595123	28690
2224	147.0	0.43317999999999995	0.9609682625743874	34041
2225	130.0	0.44654000000000005	0.9515747070600497	34966
2226	139.0	0.46548	0.9351091871453446	38965
2227	129.0	0.37396	0.9414881266325053	30208
2228	135.0	0.4237200000000001	0.9307015254237059	40163
2229	141.0	0.38724	0.9175744533595246	40853
2230	133.0	0.38856	0.9090199724802268	37539
2231	119.0	0.4167	0.9041651757210926	36918
2232	123.0	0.441	0.8888204225300029	40518
2233	152.0	0.41494	0.8742955833000099	45164
2234	143.0	0.40263999999999994	0.8897465153338469	45498
2235	138.0	0.43126000000000003	0.8590809963153495	45908
2236	135.0	0.44468	0.8485896514922101	42711
2237	142.0	0.42484	0.7642023336984297	42552
2238	147.0	0.4012	0.8137860478181945	41124
2239	145.0	0.41926	0.8061478870146515	43341
2240	122.0	0.39293999999999996	0.8912216866086572	36285
2241	159.0	0.40778000000000003	0.7983822670141392	42328
2242	144.0	0.42233999999999994	0.9016021299100414	44469
2243	115.0	0.44175999999999993	0.8544605989420582	38602
2244	140.0	0.45122	0.8602934870993655	41016
2245	106.0	0.42513999999999996	0.9267297525209593	31379
2246	124.0	0.39624000000000004	0.9176092444979026	31413
2247	126.0	0.42574	0.9498635095534909	33127
2248	124.0	0.43652	0.9194958828134465	31323
2249	116.0	0.4345599999999999	0.9697593933912159	32186
2250	114.0	0.41590000000000005	0.9264361505842532	26388
2251	125.0	0.4191	0.8642150032678114	27118
2252	111.0	0.46258000000000005	0.9610857400123252	29283
2253	112.0	0.45432	0.9653963343669907	32744
2254	136.0	0.43737999999999994	0.9712685432059539	32080
2255	121.0	0.43306	0.9365465267239153	29969
2256	120.0	0.40090000000000003	0.9494749540737415	27646
2257	128.0	0.37799999999999995	0.9556604187820973	26856
2258	113.0	0.41126000000000007	0.9306439525894424	28138
2259	118.0	0.40176	0.9636685414700122	28024
2260	113.0	0.41698	0.9667909030653883	29993
2261	140.0	0.43398000000000003	0.8644731287378076	35183
2262	137.0	0.46776	0.9541206618714823	37677
2263	144.0	0.42863999999999997	0.9377609399267028	42506
2264	140.0	0.43848	0.9616125308078848	42771
2265	128.0	0.50046	0.9666256945693924	43738
2266	124.0	0.47374000000000005	0.9592277718407023	37816
2267	131.0	0.43945999999999996	0.9220462673460562	41193
2268	128.0	0.44483999999999996	0.9454504898438139	45996
2269	129.0	0.4014000000000001	0.8674448433868219	42023
2270	120.0	0.4445	0.8088181394496361	41034
2271	145.0	0.46287999999999996	0.8595860452742871	48690
2272	118.0	0.39333999999999997	0.8758435087816215	37319
2273	154.0	0.41896	0.84877241362734	42114
2274	150.0	0.42662	0.8650251248101098	45420
2275	163.0	0.4275200000000001	0.7693622434857491	42307
2276	127.0	0.4707	0.8794697417650491	41212
2277	163.0	0.47746	0.8852189302543588	48162
2278	151.0	0.48808	0.9047565777642894	47637
2279	135.0	0.45874000000000004	0.9634738178390572	45384
2280	114.0	0.47262	0.9787737111963237	44464
2281	130.0	0.46940000000000004	0.9561749932441318	50217
2282	111.0	0.48550000000000004	0.9509893250363103	44892
2283	132.0	0.41652	0.9229132474690025	43354
2284	110.0	0.39794	0.9138735298377335	33706
2285	141.0	0.38595999999999997	0.8885492222007172	38215
2286	120.0	0.38060000000000005	0.9457595029345085	34196
2287	119.0	0.38228000000000006	0.8495920071157387	27955
2288	119.0	0.3739	0.7934389555250583	26630
2289	70.0	0.41230000000000006	0.7948380375816877	13616
2290	94.0	0.36312000000000005	0.7403273689766602	15580
2291	148.0	0.37986000000000003	0.9388175700261768	26796
2292	120.0	0.39714000000000005	0.9131279601634976	27416
2293	121.0	0.43988	0.8598649985361236	25022
2294	139.0	0.41340000000000005	0.8966186187730548	25362
2295	99.0	0.41966000000000003	0.9513239917933043	21265
2296	103.0	0.42257999999999996	0.9649961211832608	20509
2297	122.0	0.39010000000000006	0.9679014266973304	21597
2298	105.0	0.43306	0.9784749351447083	23655
2299	108.0	0.4479000000000001	0.9588386271775823	24550
2300	120.0	0.47813999999999995	0.9711478767289969	28726
2301	107.0	0.3978	0.985138465264226	23244
2302	110.0	0.38839999999999997	0.9593587863701314	20946
2303	107.0	0.37868	0.9744481797365709	20565
2304	104.0	0.36794	0.9625290658528871	19377
2305	95.0	0.37235999999999997	0.9519660502920216	17889
2306	122.0	0.38217999999999996	0.9615395857324971	21467
2307	127.0	0.4121999999999999	0.9618460845222554	24800
2308	136.0	0.44795999999999997	0.9384551112331699	28043
2309	127.0	0.44836	0.9008959482536738	26575
2310	136.0	0.47491999999999995	0.9341628152753689	31872
2311	125.0	0.45366	0.9539801555195904	29671
2312	145.0	0.46398000000000006	0.9565099197882653	31740
2313	113.0	0.42704000000000003	0.9607260322155802	23798
2314	109.0	0.37607999999999997	0.8441095168483803	18067
2315	122.0	0.4365200000000001	0.9537834945334762	25988
2316	118.0	0.43482	0.8719319006143489	24994
2317	114.0	0.39428	0.8126484951160758	23911
2318	118.0	0.44974000000000003	0.9670128051608379	28536
2319	113.0	0.44774	0.9837145208120375	27625
2320	132.0	0.43794	0.9610056922272849	32160
2321	125.0	0.4726600000000001	0.9699333754501092	32933
2322	126.0	0.47926	0.9572774074125789	34450
2323	141.0	0.41952	0.9549124059916563	33944
2324	126.0	0.47928000000000004	0.9162282784900054	33820
2325	154.0	0.4659799999999999	0.9248137692878775	38508
2326	141.0	0.45452000000000004	0.9414999515471487	38972
2327	110.0	0.46679999999999994	0.947732518750224	32961
2328	126.0	0.48192000000000007	0.8586751592472501	32170
2329	134.0	0.4738200000000001	0.9138398917092688	36608
2330	116.0	0.4459599999999999	0.865721603962414	33162
2331	122.0	0.50164	0.9079773917297824	39834
2332	143.0	0.44060000000000005	0.8963359847887505	45114
2333	139.0	0.47497999999999996	0.8991973292357284	49731
2334	153.0	0.48125999999999997	0.9392002112182672	51351
2335	145.0	0.39687999999999996	0.894594158133171	41646
2336	131.0	0.38927999999999996	0.8971829521119951	37002
2337	140.0	0.4033	0.8682099971815834	41375
2338	140.0	0.39019999999999994	0.8630313816850328	41798
2339	164.0	0.44404000000000005	0.7708216935763543	48414
2340	159.0	0.44602	0.7260698367697802	43203
2341	125.0	0.53234	0.8616943411920485	43330
2342	158.0	0.43742000000000003	0.8022025683264499	44938
2343	137.0	0.47908	0.8357305185677095	46246
2344	162.0	0.46586000000000005	0.8493850759661511	49477
2345	111.0	0.50432	0.8368570307025839	43927
2346	128.0	0.5074000000000001	0.9447826396800267	42090
2347	129.0	0.53508	0.948854599643696	46625
2348	134.0	0.4980399999999999	0.8770216289696072	41210
2349	135.0	0.48230000000000006	0.9726210152498979	42228
2350	129.0	0.50732	0.9539441644376334	42570
2351	118.0	0.48058	0.9679470259295411	40086
2352	131.0	0.48984	0.9612286963307469	47589
2353	94.0	0.51798	0.8971379846480915	39366
2354	117.0	0.4892	0.949232849714732	47056
2355	130.0	0.4867	0.960888440646691	52480
2356	141.0	0.4516800000000001	0.8765722468454045	53179
2357	128.0	0.4719400000000001	0.9186345404766731	53746
2358	151.0	0.47404	0.883238624982592	58212
2359	139.0	0.4749400000000001	0.9167418805692643	53889
2360	105.0	0.5259	0.9635933434613119	47300
2361	145.0	0.44342	0.8602381733523197	47200
2362	128.0	0.4089999999999999	0.9312442898547516	42079
2363	132.0	0.42571999999999993	0.8784066064349519	47325
2364	174.0	0.43534000000000006	0.8286271021523297	53635
2365	155.0	0.4169	0.851420384979349	49592
2366	126.0	0.4223800000000001	0.8830198668823979	42814
2367	165.0	0.41763999999999996	0.8956714924589718	47012
2368	162.0	0.46086000000000005	0.7866794703811868	49348
2369	148.0	0.49004	0.8594041848968202	49310
2370	126.0	0.51446	0.8921574860484437	48641
2371	153.0	0.47468000000000005	0.6018331624526542	49714
2372	153.0	0.42894000000000004	0.7608824334215681	43327
2373	167.0	0.4399600000000001	0.8007977184111884	48055
2374	192.0	0.46259999999999996	0.7327927177521528	49909
2375	112.0	0.56678	0.9493858769353442	50725
2376	168.0	0.49496	0.7728314951490911	51712
2377	187.0	0.49088	0.7582395363735216	57337
2378	173.0	0.50322	0.7640925903720859	49741
2379	160.0	0.5035799999999999	0.8854914390597207	61533
2380	165.0	0.5099199999999999	0.856701421664365	56263
2381	157.0	0.4816000000000001	0.7892340081340598	52710
2382	154.0	0.39770000000000005	0.8565608527989578	44171
2383	126.0	0.47874	0.8972199092816091	43929
2384	140.0	0.5386	0.940607770806589	58866
2385	150.0	0.45888000000000007	0.8860625361176	49735
2386	130.0	0.45244000000000006	0.8810629518835026	48645
2387	132.0	0.52378	0.9261145134569361	45665
2388	138.0	0.45960000000000006	0.879813893152639	46556
2389	145.0	0.50046	0.9015142643925599	52657
2390	120.0	0.54144	0.9258562644826017	42862
2391	113.0	0.55046	0.982606122781635	39751
2392	120.0	0.5001	0.960347326207994	43485
2393	104.0	0.50614	0.9670714694395159	35252
2394	132.0	0.50216	0.959619219082293	40915
2395	131.0	0.48510000000000003	0.9777055233860843	42582
2396	128.0	0.46192	0.9693163870783341	39385
2397	122.0	0.49106	0.9721892765502685	39698
2398	121.0	0.46146	0.9639493425860143	37736
2399	206.0	0.5303	0.8949804473649243	43152
2400	116.0	0.45919999999999994	0.9386533105860724	38896
2401	147.0	0.5305000000000001	0.9369787460453999	53286
2402	128.0	0.4959	0.9311075045335683	47114
2403	134.0	0.46446	0.9314893791705627	45394
2404	135.0	0.39252000000000004	0.9085738140448381	41298
2405	119.0	0.35609999999999997	0.9491475456370473	30405
2406	121.0	0.37788000000000005	0.9165832054164386	33773
2407	136.0	0.47187999999999997	0.8986750313567378	40127
2408	134.0	0.50538	0.9313088648035296	41230
2409	133.0	0.48507999999999996	0.9100043652509341	36928
2410	132.0	0.48138	0.9174067656535186	37278
2411	128.0	0.46544	0.940077532862108	36926
2412	132.0	0.43918000000000007	0.8358530162814293	32428
2413	125.0	0.4868599999999999	0.9375290918692037	35391
2414	139.0	0.4801200000000001	0.9706615564576089	37791
2415	136.0	0.48513999999999996	0.9513838539767847	34422
2416	121.0	0.4715	0.9583468056723999	33377
2417	122.0	0.41804	0.9148484827630712	28685
2418	106.0	0.35802	0.9604422654066151	24990
2419	99.0	0.42911999999999995	0.9720306403894393	26195
2420	126.0	0.43546000000000007	0.8446701455039253	28071
2421	129.0	0.4035	0.8927405732000933	28656
2422	119.0	0.39435999999999993	0.859418992745367	30153
2423	124.0	0.40438	0.9085565947087397	32151
2424	131.0	0.4371600000000001	0.9021147843104015	30056
2425	131.0	0.4181999999999999	0.8904436112921794	27888
2426	133.0	0.458	0.915271376804349	29898
2427	137.0	0.4235999999999999	0.8962044312432972	26598
2428	113.0	0.42950000000000005	0.9396386458609971	25029
2429	151.0	0.4372	0.9546387174120419	31297
2430	126.0	0.43739999999999996	0.8748267568334472	25656
2431	130.0	0.40653999999999996	0.9489724585662332	19720
2432	117.0	0.39864	0.9220367480149823	17184
2433	124.0	0.39803999999999995	0.743688986501019	14502
2434	131.0	0.38037999999999994	0.8326490886579364	15961
2435	131.0	0.40798	0.9359832242787088	18554
2436	121.0	0.39596000000000003	0.9106983085897098	16635
2437	101.0	0.37442	0.8349744505330281	13514
2438	104.0	0.37512	0.9291295172752227	14927
2439	119.0	0.38254000000000005	0.9530555475467183	16565
2440	123.0	0.38549999999999995	0.9519754608404722	17019
2441	115.0	0.40562	0.9467228520180802	17765
2442	123.0	0.40501999999999994	0.9324120090854728	17787
2443	131.0	0.39222	0.9596629812925107	17965
2444	110.0	0.40309999999999996	0.8879879191472931	16802
2445	135.0	0.38704	0.8801965305951501	18566
2446	118.0	0.37254	0.8804892543504932	18315
2447	129.0	0.3948799999999999	0.9016182799263132	27432
2448	143.0	0.42180000000000006	0.6813676090416796	25027
2449	142.0	0.43248000000000003	0.8049364558989535	27801
2450	148.0	0.47150000000000003	0.8169733917546825	33153
2451	148.0	0.45936	0.8498473945271747	32524
2452	147.0	0.4577399999999999	0.9156658814167761	35202
2453	135.0	0.43394	0.8316366529666157	29918
2454	137.0	0.41676	0.8188270476534192	27298
2455	139.0	0.41330000000000006	0.8805438703511866	28198
2456	119.0	0.40118000000000004	0.9059100899970493	24915
2457	155.0	0.44154	0.8479720414886047	34139
2458	144.0	0.44878000000000007	0.7734454975652816	36006
2459	188.0	0.4494800000000001	0.7512898299040853	37520
2460	152.0	0.44804	0.8673724598500384	34431
2461	123.0	0.44992	0.9136126607365922	29493
2462	134.0	0.44694	0.8723270510671102	33019
2463	146.0	0.44148000000000004	0.8819936229618337	30490
2464	149.0	0.42384	0.9165610665917148	31259
2465	130.0	0.4258799999999999	0.9006241680372657	28799
2466	126.0	0.45884	0.8558109375166391	29433
2467	134.0	0.45584	0.9145093550945148	32138
2468	128.0	0.46152	0.9231658391563703	32843
2469	146.0	0.49784	0.9470758017183227	39268
2470	129.0	0.4390399999999999	0.8858787256658573	32885
2471	136.0	0.41066	0.8985547897514187	34077
2472	137.0	0.40518	0.925521331622438	33232
2473	119.0	0.36573999999999995	0.8430253953896067	21717
2474	126.0	0.39582	0.780873883727246	25494
2475	123.0	0.36084000000000005	0.9456434069306201	23035
2476	120.0	0.3606800000000001	0.8910343060929049	23792
2477	128.0	0.38665999999999995	0.8641321196726551	28092
2478	121.0	0.3766	0.9304808566232878	31867
2479	120.0	0.37912	0.9321195353143862	39624
2480	122.0	0.37902	0.9055523414285137	34300
2481	126.0	0.3845	0.9463571255063696	39402
2482	118.0	0.35363999999999995	0.87436613209876	30872
2483	117.0	0.3605600000000001	0.9082739409417725	30235
2484	109.0	0.36300000000000004	0.9160298020891393	28957
2485	141.0	0.38994000000000006	0.7957368492729195	33723
2486	127.0	0.38746	0.9570929694356947	35537
2487	118.0	0.38096	0.8764427092034879	32122
2488	128.0	0.38588	0.8842360382234954	34329
2489	121.0	0.40431999999999996	0.9174885809085559	38984
2490	131.0	0.41988	0.9320500089368398	45119
2491	126.0	0.4174999999999999	0.8926298116705141	37494
2492	116.0	0.47989999999999994	0.9540473904809891	44067
2493	121.0	0.41954	0.8883809726428371	39289
2494	143.0	0.49004000000000003	0.9513205440973881	43937
2495	126.0	0.47052	0.8475467042922731	40868
2496	140.0	0.3963199999999999	0.830092948478778	40122
2497	129.0	0.37148	0.9021055582378732	33107
2498	118.0	0.43678000000000006	0.8758377966610121	36055
2499	126.0	0.45458000000000004	0.9412160171126159	43260
2500	127.0	0.47568	0.9483384470122825	41444
2501	112.0	0.48208000000000006	0.961502651159506	36759
2502	111.0	0.48658	0.972941513886685	40599
2503	133.0	0.4784999999999999	0.9617763495707928	42972
2504	108.0	0.5013200000000001	0.9710894312888473	41615
2505	131.0	0.4898	0.9628665478662126	45008
2506	123.0	0.44582	0.8879771442216626	44863
2507	153.0	0.43432000000000004	0.84542206788864	45429
2508	169.0	0.41975999999999997	0.6978083904324146	46660
2509	153.0	0.41602000000000006	0.8626865939385397	46644
2510	145.0	0.3752	0.9047725568967451	36888
2511	113.0	0.4295800000000001	0.7325899724878854	32590
2512	119.0	0.39868000000000003	0.9048180045937491	33687
2513	126.0	0.37433999999999995	0.7673673236681879	30447
2514	128.0	0.41900000000000004	0.7102925913219316	33066
2515	138.0	0.42622000000000004	0.9096107141337494	39693
2516	133.0	0.46202	0.9286154137184987	39144
2517	118.0	0.3924	0.9207466015745359	31607
2518	136.0	0.41428	0.8825577117304674	35990
2519	145.0	0.48590000000000005	0.8968516846768299	42740
2520	154.0	0.4977	0.9054722857629331	48841
2521	146.0	0.46452000000000004	0.9013414632468492	45325
2522	155.0	0.44215999999999994	0.8715778300059498	43915
2523	148.0	0.47534	0.8150535690857171	45560
2524	130.0	0.5162	0.8574282641038851	49480
2525	136.0	0.51422	0.8991445162677619	47061
2526	120.0	0.5489799999999999	0.9491976978846561	42143
2527	122.0	0.49761999999999995	0.9528500627023294	41218
2528	133.0	0.49237999999999993	0.9450082026531588	41372
2529	136.0	0.48606	0.9716668044328487	41204
2530	128.0	0.44550000000000006	0.9524134500118331	34947
2531	129.0	0.47143999999999997	0.9697870397832051	34014
2532	127.0	0.45230000000000004	0.9764107391138983	36099
2533	115.0	0.4395	0.9584179900474575	29045
2534	115.0	0.44186	0.9655618759370863	32566
2535	132.0	0.44086	0.9691796729845806	31782
2536	108.0	0.42532	0.958049851462073	26902
2537	118.0	0.43878	0.9958639154194491	28176
2538	107.0	0.43437999999999993	0.9523967592632915	23971
2539	132.0	0.41994	0.9278543560189618	23971
2540	110.0	0.40287999999999996	0.9629188970557778	18656
2541	110.0	0.4027800000000001	0.9648339094895153	16822
2542	161.0	0.42432	0.9704648436733307	23639
2543	93.0	0.36695999999999995	0.885375310632298	13101
2544	127.0	0.37459999999999993	0.8400552271005159	16397
2545	99.0	0.39521999999999996	0.9398733531326426	14834
2546	121.0	0.40129999999999993	0.9636448769830293	18059
2547	107.0	0.37938000000000005	0.9326006501878842	14571
2548	110.0	0.37832	0.8669114208926832	15107
2549	116.0	0.40442	0.9535667853258332	16315
2550	114.0	0.37379999999999997	0.9555168700072325	15192
2551	110.0	0.3612	0.9570282843132214	13545
2552	106.0	0.36794000000000004	0.7469776723908129	12568
2553	113.0	0.39178	0.9101050407624873	13403
2554	124.0	0.37494000000000005	0.8904285193264702	14596
2555	103.0	0.38458000000000003	0.8737012109852786	14393
2556	121.0	0.37013999999999997	0.9108573680618599	14978
2557	135.0	0.38208000000000003	0.9361265945704937	17167
2558	124.0	0.38621999999999995	0.8951387402189876	17310
2559	111.0	0.36188000000000003	0.8650122617957796	14917
2560	153.0	0.4052200000000001	0.8315217018077676	19975
2561	124.0	0.39046	0.9251124104492783	18157
2562	119.0	0.37689999999999996	0.9467244698513264	16493
2563	97.0	0.4096	0.9571655436226819	17268
2564	114.0	0.40094	0.9374916422026194	18336
2565	122.0	0.40412	0.9533731128332928	19505
2566	116.0	0.41484000000000004	0.9359210161548199	23070
2567	127.0	0.42847999999999997	0.9903216612077081	28592
2568	115.0	0.42438000000000003	0.9358084477474456	26320
2569	107.0	0.43532000000000004	0.9777784486370709	25775
2570	126.0	0.41036	0.9518032880160907	25754
2571	113.0	0.47193999999999997	0.9769573491339039	27832
2572	137.0	0.47218000000000004	0.9635839624405929	33073
2573	114.0	0.4523	0.9580796850393879	26311
2574	115.0	0.45998000000000006	0.9730646820146412	28943
2575	129.0	0.4980800000000001	0.9483391827831503	30795
2576	136.0	0.4568800000000001	0.9553087586916554	28436
2577	110.0	0.36196000000000006	0.892170510724469	14378
2578	122.0	0.37054000000000004	0.9213718443637938	16159
2579	106.0	0.36196000000000006	0.9103291726346765	13704
2580	125.0	0.36644	0.7199046876172988	14134
2581	119.0	0.36158	0.912730661173138	14971
2582	124.0	0.3832200000000001	0.9408782110019711	16581
2583	127.0	0.43743999999999994	0.9247379631953166	21843
2584	129.0	0.41467999999999994	0.8182545379721162	22173
2585	128.0	0.42347999999999997	0.9339182838734299	25232
2586	122.0	0.42518	0.8512709338572589	23863
2587	123.0	0.38667999999999997	0.7617507215170034	19323
2588	123.0	0.42321999999999993	0.8921305362638469	22607
2589	119.0	0.44873999999999997	0.9091787975296204	29068
2590	130.0	0.38628	0.8264580147458045	25680
2591	126.0	0.4551	0.8080787483140708	30551
2592	147.0	0.43378	0.779536330804612	34413
2593	125.0	0.41932	0.7125518663837148	31825
2594	146.0	0.4539	0.8136454383635744	41350
2595	159.0	0.43388	0.8976851353141518	45597
2596	119.0	0.43416	0.8768405160861605	36982
2597	161.0	0.44354	0.7892730366866271	44014
2598	140.0	0.43778	0.8389857988101597	39114
2599	125.0	0.43019999999999997	0.8519495668615351	39448
2600	154.0	0.4824400000000001	0.8750930749992317	47047
2601	138.0	0.50934	0.90448250125068	43894
2602	124.0	0.38803999999999994	0.7997858724747062	32842
2603	140.0	0.41336	0.8455289814099735	37497
2604	152.0	0.4211	0.8160685939257553	35658
2605	152.0	0.50704	0.9217941053647347	43892
2606	134.0	0.4972200000000001	0.9232145754708423	36217
2607	117.0	0.43128	0.9336827402584338	31736
2608	115.0	0.4440800000000001	0.812880443951152	28979
2609	115.0	0.4426	0.9679835417152111	30310
2610	129.0	0.4378	0.9272689496547054	28875
2611	115.0	0.42576	0.9628677796142173	24714
2612	115.0	0.41961999999999994	0.8786946442075647	23792
2613	118.0	0.43766	0.9621358619906718	28272
2614	115.0	0.42605999999999994	0.9385208693897341	31472
2615	122.0	0.42662	0.9377235712273501	33433
2616	122.0	0.38824	0.7631156581141937	19911
2617	132.0	0.3832	0.8557979232806503	21032
2618	124.0	0.4338	0.9747764084738533	26368
2619	124.0	0.42296	0.9022933112310099	22862
2620	115.0	0.42866	0.9565074417061133	23348
2621	123.0	0.43926000000000004	0.971771565837805	24646
2622	128.0	0.42534	0.7815837687539255	23857
2623	129.0	0.42500000000000016	0.8906078842820537	23998
2624	138.0	0.42829999999999996	0.960589427596889	25363
2625	123.0	0.43484	0.971476847263673	25797
2626	106.0	0.43892000000000003	0.8864972767922309	23432
2627	124.0	0.44986000000000004	0.9193895185475334	27246
2628	105.0	0.44079999999999997	0.9749935819259726	24532
2629	115.0	0.44986	0.9600742673776285	25508
2630	122.0	0.455	0.9666436375486036	26876
2631	134.0	0.4461	0.9416031180842747	26199
2632	121.0	0.42288	0.9186788189403078	19024
2633	109.0	0.41084000000000004	0.9821940779956112	15393
2634	103.0	0.41164	0.950484474590113	15533
2635	96.0	0.44516000000000006	0.9740403397010473	16320
2636	127.0	0.4267	0.9685566688388723	20196
2637	116.0	0.39826	0.9691826983467996	17260
2638	118.0	0.42334000000000005	0.9537714216293443	18819
2639	127.0	0.43538	0.95117287194424	19468
2640	125.0	0.43604	0.983991134633686	20298
2641	119.0	0.42449999999999993	0.9419729134601693	17400
2642	107.0	0.42153999999999997	0.9764366183016981	15926
2643	126.0	0.43199999999999994	0.8427054139209325	17251
2644	117.0	0.42428000000000005	0.9130206856326581	17347
2645	115.0	0.41964	0.8443721385866457	16539
2646	113.0	0.43846	0.9496145131529277	17100
2647	121.0	0.39169999999999994	0.8411571996373327	15663
2648	113.0	0.3998999999999999	0.9665234546970534	16923
2649	123.0	0.39866	0.9780650195232122	16182
2650	116.0	0.40537999999999996	0.9796790066890761	16059
2651	113.0	0.40582	0.9441987173041013	15951
2652	122.0	0.41326	0.8871294156353414	17656
2653	127.0	0.39662	0.9669447097686605	16522
2654	105.0	0.40656	0.9668683886563251	16262
2655	115.0	0.41625999999999996	0.9625841550947106	17645
2656	111.0	0.4233599999999999	0.9576278401333915	17954
2657	109.0	0.42949999999999994	0.9677626278717271	18826
2658	107.0	0.4570599999999999	0.9621822909695543	22168
2659	114.0	0.41568	0.9528913908462561	19728
2660	124.0	0.43972	0.9571814067349024	21821
2661	117.0	0.4272599999999999	0.9788768879725355	19722
2662	98.0	0.4235	0.9658369633269022	17727
2663	107.0	0.4196600000000001	0.9255207656957292	16581
2664	114.0	0.42367999999999995	0.9534080506364052	18959
2665	119.0	0.4164399999999999	0.9675891016976175	17815
2666	124.0	0.3858399999999999	0.94759182152986	17464
2667	101.0	0.44242	0.9259820511324984	18381
2668	109.0	0.43914000000000003	0.9692178600744447	18489
2669	127.0	0.42798	0.9103024881917736	21736
2670	123.0	0.43638	0.7759831281325544	19024
2671	107.0	0.44614000000000004	0.9767597880642546	18827
2672	115.0	0.40598	0.9209719182098323	18515
2673	120.0	0.4558	0.9546710996520376	24103
2674	118.0	0.42568000000000006	0.8339310910166461	21623
2675	116.0	0.5141	0.9016479513041024	28409
2676	88.0	0.5491999999999999	0.9684032779086011	28062
2677	115.0	0.50162	0.9163860767520654	33911
2678	135.0	0.49394000000000005	0.8963124180465875	34888
2679	121.0	0.4062400000000001	0.7209990619881769	24229
2680	106.0	0.45821999999999996	0.9094448093338088	30309
2681	131.0	0.41326	0.9230941031293005	35239
2682	136.0	0.47511999999999993	0.9354105725800311	43573
2683	133.0	0.4291599999999999	0.877466761731849	36589
2684	111.0	0.51114	0.9540808895752435	41859
2685	92.0	0.54264	0.9659078673147259	32702
2686	117.0	0.49233999999999994	0.9246366026913677	33743
2687	110.0	0.51412	0.8444637500348916	33171
2688	112.0	0.47882	0.9220621313000688	32688
2689	126.0	0.45887999999999995	0.9479440801330747	34704
2690	113.0	0.4822000000000001	0.9643572494154007	33707
2691	114.0	0.44007999999999997	0.8911505385558373	31266
2692	114.0	0.46228	0.9520974912900363	26880
2693	127.0	0.42972	0.9442028318503388	29504
2694	114.0	0.4625800000000001	0.954440910091866	33568
2695	102.0	0.43886000000000003	0.8824001527087856	26062
2696	117.0	0.46136000000000005	0.6871685034881267	27877
2697	106.0	0.4333199999999999	0.8100118760289421	24971
2698	111.0	0.4375	0.8265042711801805	25976
2700	1.0	0.0	0.0	0
