0	99.0	0.4028400000000001	0.16712710756943477	7117.0
1	137.0	0.4121000000000001	0.2348139211590993	11456.0
2	111.0	0.41294	0.2134184082075959	8982.0
3	114.0	0.36617999999999995	0.22035899027743874	10809.0
4	129.0	0.41146	0.7692166795451268	25264.0
5	117.0	0.40047999999999995	0.9067514650515918	28231.0
6	137.0	0.41801999999999995	0.8625463806077195	24028.0
7	128.0	0.42856	0.8997141362914969	25751.0
8	129.0	0.4172199999999999	0.9156244552088226	24728.0
9	149.0	0.42356	0.9075316944908559	29076.0
10	134.0	0.43200000000000005	0.8944819049569762	24063.0
11	129.0	0.4037800000000001	0.9052505891843449	22366.0
12	150.0	0.4155	0.8743558651180822	24332.0
13	122.0	0.4091	0.9070882269424526	20580.0
14	151.0	0.44106	0.8914989827266939	24751.0
15	150.0	0.44258	0.7687125639743861	24841.0
16	155.0	0.45398000000000005	0.8002306498993037	22235.0
17	149.0	0.4413799999999999	0.8170515638637108	21412.0
18	133.0	0.42088000000000003	0.9143027548455989	20218.0
19	118.0	0.4513400000000001	0.9421278303200942	18734.0
20	144.0	0.43866	0.932897929549694	21277.0
21	107.0	0.40748000000000006	0.8952688977008441	11980.0
22	117.0	0.38086	0.8108063824011488	11186.0
23	126.0	0.39830000000000004	0.8215285904458619	12742.0
24	124.0	0.40008000000000005	0.8291381513957751	11052.0
25	124.0	0.40476	0.9647356081009654	13594.0
26	132.0	0.39304	0.9532662720632569	13233.0
27	114.0	0.3999400000000001	0.8922481206617175	12309.0
28	137.0	0.40215999999999996	0.8506062367012833	13789.0
29	106.0	0.37388	0.9427509599996781	9822.0
30	90.0	0.39314	0.9726309725143604	10557.0
31	132.0	0.38344	0.6537631493774861	11735.0
32	104.0	0.38949999999999996	0.9371663296035252	11381.0
33	128.0	0.38502000000000003	0.9216593675663736	12831.0
34	142.0	0.39805999999999997	0.9509738362422068	14322.0
35	137.0	0.4031799999999999	0.7467921672021847	11975.0
36	114.0	0.38978	0.8955266712845521	13988.0
37	120.0	0.39782000000000006	0.9035666366589926	16577.0
38	113.0	0.40482	0.8242985217762622	15619.0
39	122.0	0.39762000000000003	0.9354534375914665	19752.0
40	129.0	0.41012	0.9691008501002931	23639.0
41	117.0	0.3921	0.9573368434216358	19672.0
42	130.0	0.40948	0.9343141195293797	19763.0
43	122.0	0.40959999999999996	0.9400119141603441	22712.0
44	122.0	0.40620000000000006	0.9028059913510426	20271.0
45	127.0	0.42652	0.8739480830907874	20331.0
46	134.0	0.40282	0.9098245724660443	17647.0
47	97.0	0.38126	0.9175072660134678	13006.0
48	119.0	0.40188	0.7910377201680957	14533.0
49	93.0	0.38197999999999993	0.9567591292801487	13084.0
50	110.0	0.40348000000000006	0.8120859293124871	14647.0
51	121.0	0.38882	0.8651272428861938	17886.0
52	116.0	0.42374	0.9528885131654378	19243.0
53	121.0	0.40232	0.9300104473770752	19586.0
54	123.0	0.41342000000000007	0.9384989913085597	20491.0
55	125.0	0.39712	0.8913697301032915	21717.0
56	108.0	0.38268	0.9478575826160223	20279.0
57	134.0	0.41174	0.8206860670801491	19795.0
58	123.0	0.39828	0.9427246419661284	17020.0
59	107.0	0.38977999999999996	0.94988025633604	14554.0
60	128.0	0.39016000000000006	0.9639960001634662	15089.0
61	113.0	0.3718600000000001	0.9067200394041917	14365.0
62	110.0	0.36944000000000005	0.7451700821769831	12858.0
63	116.0	0.3949	0.961374563157711	17521.0
64	108.0	0.37442	0.9616230076264918	16969.0
65	95.0	0.33805999999999997	0.9756731540792912	15205.0
66	114.0	0.36032000000000003	0.8112470846834988	17750.0
67	116.0	0.35208000000000006	0.894204729660699	15762.0
68	136.0	0.3500000000000001	0.9468405313819325	20230.0
69	107.0	0.34931999999999996	0.9487659622796821	18786.0
70	98.0	0.35518000000000005	0.872449225516169	17813.0
71	141.0	0.38516	0.8418585948596012	21566.0
72	113.0	0.38126000000000004	0.8034782012855093	19142.0
73	126.0	0.38622	0.9222137856753562	19816.0
74	130.0	0.39061999999999997	0.9236075149156705	20210.0
75	123.0	0.40426	0.9241592791398276	19064.0
76	106.0	0.41144000000000003	0.8749383167361371	15432.0
77	110.0	0.4049000000000001	0.9499341777860048	17363.0
78	109.0	0.39104	0.968339373509796	16900.0
79	132.0	0.38636000000000004	0.9483174506634887	17628.0
80	114.0	0.41275999999999996	0.9574456509404662	17170.0
81	110.0	0.39622	0.9502179096314716	16878.0
82	117.0	0.39643999999999996	0.9808197227196847	18502.0
83	122.0	0.4044399999999999	0.8449560409761425	17482.0
84	130.0	0.39394000000000007	0.9175313213541665	19314.0
85	139.0	0.41090000000000004	0.8920884270175231	22995.0
86	131.0	0.4172	0.9300097272940726	23126.0
87	138.0	0.40809999999999996	0.9234795515571552	23104.0
88	150.0	0.40180000000000005	0.8818603155685903	23745.0
89	135.0	0.41458	0.7418910406034288	21363.0
90	149.0	0.41334	0.8150195075099184	25796.0
91	131.0	0.4286399999999999	0.9200670089135867	26140.0
92	132.0	0.40006	0.7975409641023604	23832.0
93	134.0	0.3997	0.8693507047579715	30248.0
94	128.0	0.40464	0.8717194456401628	27571.0
95	134.0	0.43154	0.849939742773184	31366.0
96	165.0	0.41348	0.9155218489371286	36086.0
97	132.0	0.42852	0.8718889292955786	34135.0
98	137.0	0.40114000000000005	0.7225569920004937	28593.0
99	128.0	0.39372	0.8631503138358543	27589.0
100	121.0	0.37443999999999994	0.8369665426867551	22018.0
101	112.0	0.3549799999999999	0.9117770286713901	20301.0
102	124.0	0.39242	0.7559130217986351	21240.0
103	135.0	0.38199999999999995	0.8455792115840112	24091.0
104	145.0	0.37965999999999994	0.8107430660003776	20665.0
105	110.0	0.3774199999999999	0.7443611526110947	18023.0
106	123.0	0.38486	0.7625870828795308	18178.0
107	115.0	0.39130000000000004	0.9038388706004723	20363.0
108	109.0	0.40472	0.8540500798418192	21182.0
109	134.0	0.39604	0.8249237306555263	24785.0
110	135.0	0.40514000000000006	0.8804250132658803	25430.0
111	127.0	0.4125	0.9138953068947743	26613.0
112	133.0	0.3893	0.8972402470713442	26241.0
113	122.0	0.37664000000000003	0.7606345773680182	20994.0
114	114.0	0.36796	0.8191173072164152	20790.0
115	118.0	0.38214	0.8754461427201629	23864.0
116	132.0	0.40989999999999993	0.9135885668145753	29145.0
117	138.0	0.44605999999999996	0.9144970049450648	34944.0
118	118.0	0.36034000000000005	0.9181501875248282	22746.0
119	111.0	0.35914	0.8523373528776729	19662.0
120	129.0	0.40786	0.8469068603894704	25435.0
121	117.0	0.4102000000000001	0.7627457523786626	23258.0
122	133.0	0.41104	0.7733534952112634	21808.0
123	123.0	0.38616	0.8345191009870854	19611.0
124	124.0	0.38032000000000005	0.8591892880049316	18579.0
125	121.0	0.38314	0.6923155506998869	16337.0
126	149.0	0.39126000000000005	0.7259049018283523	20907.0
127	140.0	0.41850000000000004	0.6616875475919163	20708.0
128	136.0	0.40952	0.8786315525293126	23122.0
129	126.0	0.38094	0.8562448173084737	21544.0
130	132.0	0.41622	0.807361981321662	22000.0
131	177.0	0.43382000000000004	0.8682361160947538	28343.0
132	170.0	0.45757999999999993	0.7981420262732877	27759.0
133	178.0	0.45526000000000005	0.7036267538628063	28699.0
134	191.0	0.46273999999999993	0.694243178445858	27719.0
135	166.0	0.44573999999999997	0.7755931104903736	27189.0
136	151.0	0.41857999999999995	0.8207556704477897	25224.0
137	137.0	0.3940800000000001	0.9008489425337123	22766.0
138	107.0	0.39031999999999994	0.9179056179619829	20915.0
139	125.0	0.3808	0.9351241427396144	20711.0
140	132.0	0.36928000000000005	0.9290063203269179	23025.0
141	125.0	0.38334	0.9646650325126347	22300.0
142	112.0	0.40512	0.9804125375677362	21907.0
143	124.0	0.42632	0.8491415090943716	22741.0
144	109.0	0.42384	0.8631935592499809	19525.0
145	131.0	0.40192	0.8375109279538644	19061.0
146	111.0	0.40116000000000007	0.9436981877982284	15508.0
147	116.0	0.40452	0.9647969672223413	16243.0
148	145.0	0.40342	0.883542155549026	16140.0
149	117.0	0.39624000000000004	0.9376906900233445	15467.0
150	133.0	0.39105999999999996	0.9783802528908967	16573.0
151	137.0	0.38589999999999997	0.875946883916096	14436.0
152	110.0	0.38537999999999994	0.8549504049687032	12747.0
153	124.0	0.39513999999999994	0.9071927025299905	13356.0
154	112.0	0.38818	0.8684887949812977	12123.0
155	136.0	0.40664	0.9312330292075999	18122.0
156	111.0	0.3751	0.9076204121827453	13346.0
157	127.0	0.38962	0.7789749387484106	12900.0
158	88.0	0.3730400000000001	0.9696169106512189	9231.0
159	108.0	0.38094000000000006	0.9697102915580539	11092.0
160	113.0	0.3798	0.7476523774165497	10144.0
161	119.0	0.37915999999999994	0.8342543119517674	11311.0
162	124.0	0.37772	0.9177351531645973	11182.0
163	122.0	0.375	0.9356503615416213	11252.0
164	114.0	0.37983999999999996	0.8645268037233259	10224.0
165	117.0	0.4006799999999999	0.9500155114381519	11565.0
166	109.0	0.36744000000000004	0.8584547441954395	10284.0
167	99.0	0.37467999999999996	0.9748974706208364	9744.0
168	116.0	0.36376	0.9738723272656328	10851.0
169	131.0	0.3694999999999999	0.9735113106093244	11588.0
170	110.0	0.35958	0.9697402744457881	10309.0
171	127.0	0.36482	0.9485788872401462	10779.0
172	105.0	0.37346	0.9834628649989338	10897.0
173	94.0	0.36861999999999995	0.9502956826654972	9563.0
174	144.0	0.3891800000000001	0.8835303059806386	13472.0
175	123.0	0.3786399999999999	0.9163526524146839	11030.0
176	126.0	0.38014	0.9244777775610897	11556.0
177	99.0	0.38756000000000007	0.9534135727344232	9368.0
178	95.0	0.36641999999999997	0.8272884457242707	8696.0
179	90.0	0.3484999999999999	0.9498550766290447	8451.0
180	86.0	0.3593	0.9585537161749542	8159.0
181	109.0	0.35286	0.8851676779815622	9252.0
182	99.0	0.36248	0.9621080674614884	8500.0
183	116.0	0.35559999999999997	0.951901820846528	10197.0
184	112.0	0.36849999999999994	0.8818647709717224	10146.0
185	94.0	0.3347	0.9920519179820808	8443.0
186	106.0	0.3488400000000001	0.9098484553459288	9003.0
187	94.0	0.34621999999999997	0.9071882922119466	8467.0
188	122.0	0.35916000000000003	0.8667169117329965	10615.0
189	98.0	0.33864	0.9567237148660989	8393.0
190	92.0	0.33271999999999996	0.9803930266222717	8712.0
191	89.0	0.34598	0.9583170195702602	8701.0
192	115.0	0.3544	0.9592572439072751	9486.0
193	114.0	0.34265999999999996	0.899929108541617	9481.0
194	109.0	0.34982	0.9247197036745335	9372.0
195	115.0	0.3520799999999999	0.9439101248584184	10031.0
196	126.0	0.3477799999999999	0.8712686766917239	10136.0
197	112.0	0.35647999999999996	0.9723775011710942	10307.0
198	123.0	0.35044	0.8624044201294633	10042.0
199	95.0	0.35916	0.9321536796709765	8752.0
200	114.0	0.3446800000000001	0.8982997246753566	8977.0
201	97.0	0.34804	0.9277233222745486	8811.0
202	98.0	0.35178	0.8851766578442961	8138.0
203	110.0	0.3415600000000001	0.940408208361246	9128.0
204	109.0	0.33798	0.9638662175714194	9723.0
205	111.0	0.35684000000000005	0.9443761044792123	9677.0
206	107.0	0.3467	0.8660669274850238	9173.0
207	108.0	0.34068	0.9493402451348687	9237.0
208	94.0	0.33664	0.9190360941521291	8196.0
209	97.0	0.34258000000000005	0.856038054273793	8902.0
210	95.0	0.34128000000000003	0.9169345589734751	8130.0
211	90.0	0.34352000000000005	0.9301497427724557	8013.0
212	85.0	0.34875999999999996	0.9782936653828673	8568.0
213	115.0	0.36718000000000006	0.9414903292073299	10708.0
214	91.0	0.3505	0.8831932229918769	7863.0
215	112.0	0.37333999999999995	0.7734687356701069	9387.0
216	141.0	0.36452000000000007	0.885292987114916	11709.0
217	125.0	0.36823999999999996	0.8029090537514727	10698.0
218	95.0	0.35342	0.8916877699246225	9369.0
219	105.0	0.37106	0.7804800950380042	10328.0
220	105.0	0.35938	0.9234789556200659	11720.0
221	89.0	0.34426	0.9448482668042024	11226.0
222	118.0	0.35971999999999993	0.9306020422205226	11936.0
223	107.0	0.35357999999999995	0.9578171755813599	9498.0
224	100.0	0.34991999999999995	0.8517353746541734	8804.0
225	111.0	0.36254	0.874335922192678	9877.0
226	97.0	0.35373999999999994	0.9417703002412636	9047.0
227	107.0	0.34282	0.9568045605168848	9162.0
228	94.0	0.35892	0.9407807805663223	8927.0
229	118.0	0.36796000000000006	0.8710892895114462	10614.0
230	109.0	0.33842000000000005	0.9291548167945477	9218.0
231	93.0	0.33799999999999997	0.908934431831744	8178.0
232	115.0	0.35529999999999995	0.7997051687395923	9491.0
233	109.0	0.33838	0.8876667059708574	8595.0
234	113.0	0.34065999999999996	0.8958062525798852	9083.0
235	108.0	0.34342000000000006	0.9074364462125785	8994.0
236	98.0	0.3458	0.9093983731051303	8718.0
237	102.0	0.33793999999999996	0.8770118690857133	8883.0
238	89.0	0.36156	0.7757530863550356	8102.0
239	93.0	0.33036	0.947517009806727	7685.0
240	92.0	0.33038000000000006	0.9326875169333272	8200.0
241	102.0	0.3562200000000001	0.9196294875938127	9247.0
242	105.0	0.34006000000000003	0.9282514480497598	8819.0
243	97.0	0.34762	0.9770300435581847	8880.0
244	111.0	0.35257999999999995	0.8565143936784483	9247.0
245	112.0	0.35578	0.9577430793991794	9565.0
246	108.0	0.3593999999999999	0.733482576037449	8839.0
247	105.0	0.34712000000000004	0.9556091373192366	9163.0
248	119.0	0.3525000000000001	0.9335034444723225	10714.0
249	114.0	0.35925999999999986	0.9052802224138573	9693.0
250	92.0	0.35751999999999995	0.8877149599556368	8957.0
251	89.0	0.34772000000000003	0.9302659597170352	7580.0
252	92.0	0.35574	0.9786339601933716	9111.0
253	116.0	0.34722000000000003	0.9650884725918308	10003.0
254	107.0	0.35102000000000005	0.9287219188885	10002.0
255	103.0	0.3623200000000001	0.955983764038506	10391.0
256	104.0	0.35318	0.9563156518759881	10774.0
257	108.0	0.36873999999999996	0.8587914981701096	10786.0
258	110.0	0.37856000000000006	0.9144577979877008	11892.0
259	115.0	0.3779600000000001	0.8580977890906529	12873.0
260	123.0	0.38574	0.8422111426649256	15348.0
261	113.0	0.37398	0.9487323878785355	14778.0
262	110.0	0.3619799999999999	0.961371354540226	14609.0
263	88.0	0.35036	0.9579860139662384	12934.0
264	116.0	0.3465599999999999	0.9627526565453782	14826.0
265	118.0	0.3854000000000001	0.949484219655632	17320.0
266	146.0	0.37839999999999996	0.7433599939391695	16826.0
267	118.0	0.37646	0.9093186585654383	15509.0
268	118.0	0.36902	0.915713993012441	15239.0
269	117.0	0.38748	0.9448359087129408	15480.0
270	110.0	0.38204	0.9289572331403799	14058.0
271	100.0	0.37598	0.935428054664477	12430.0
272	116.0	0.36934	0.9505911394068736	13964.0
273	126.0	0.38326	0.8655467659054054	15658.0
274	127.0	0.3770800000000001	0.896760975749312	15280.0
275	116.0	0.39596000000000003	0.8818760050049532	16393.0
276	114.0	0.3754199999999999	0.9663699153125234	14838.0
277	125.0	0.37018000000000006	0.9334470450861448	15399.0
278	112.0	0.36886	0.9493582150710801	15705.0
279	110.0	0.40340000000000004	0.8608702791188505	16472.0
280	133.0	0.39836000000000005	0.9197117361541605	20720.0
281	111.0	0.3891200000000001	0.9728899538753354	19637.0
282	114.0	0.34942	0.964300044586788	19168.0
283	111.0	0.3635600000000001	0.9614659734538757	18438.0
284	121.0	0.38278000000000006	0.9560951521611719	21686.0
285	109.0	0.37839999999999996	0.9607436090544446	20407.0
286	96.0	0.42582000000000003	0.9794967925645038	18773.0
287	121.0	0.40596	0.9377569004147458	24127.0
288	123.0	0.40186	0.9698030992462034	25755.0
289	129.0	0.39799999999999996	0.9020478524983657	25551.0
290	94.0	0.39571999999999996	0.9603399414639122	25441.0
291	100.0	0.39742	0.8844097045552344	21408.0
292	99.0	0.34397999999999995	0.9548619404390569	18404.0
293	117.0	0.36776000000000003	0.7741264990462978	16075.0
294	102.0	0.37528	0.946952833925968	16602.0
295	137.0	0.39116000000000006	0.9519875422125771	22086.0
296	134.0	0.39854	0.9144719051446957	20016.0
297	128.0	0.39799999999999996	0.7874089420978575	16955.0
298	140.0	0.3824	0.9272427912209807	19337.0
299	127.0	0.41351999999999994	0.72293163526843	20069.0
300	136.0	0.3746	0.7001006109006873	16577.0
301	118.0	0.38028	0.8086131925848673	15688.0
302	137.0	0.41188	0.8990534125792832	20006.0
303	120.0	0.3849600000000001	0.9398248982219282	15781.0
304	118.0	0.4047999999999999	0.8743977680312028	17480.0
305	115.0	0.40832	0.9086348897495132	19269.0
306	138.0	0.43157999999999996	0.7842664442600282	21103.0
307	171.0	0.42588000000000004	0.7838011789683288	25547.0
308	148.0	0.42802	0.7695810551621207	24382.0
309	118.0	0.37139999999999995	0.8772738801540191	20252.0
310	160.0	0.40909999999999996	0.8432381982948666	24215.0
311	149.0	0.3972800000000001	0.6605933874945501	19170.0
312	121.0	0.38948	0.597748757561178	15648.0
313	135.0	0.36840000000000006	0.8037978065387269	14140.0
314	116.0	0.36821999999999994	0.8944071481543526	11823.0
315	95.0	0.36579999999999996	0.8137110661046421	9789.0
316	120.0	0.35394	0.8011852974023755	11580.0
317	102.0	0.34134	0.948345318990451	9424.0
318	112.0	0.35861999999999994	0.7363755331149234	9233.0
319	130.0	0.37483999999999995	0.8471559984932387	11051.0
320	119.0	0.41224000000000005	0.9375531620423359	12801.0
321	125.0	0.43292	0.8783913383632624	14291.0
322	112.0	0.44484	0.9730263053768688	13015.0
323	108.0	0.4208399999999999	0.9436497627724205	12484.0
324	99.0	0.43626	0.8955813291021963	12007.0
325	122.0	0.44299999999999995	0.932643695460963	15039.0
326	119.0	0.47053999999999996	0.9579744090206785	15327.0
327	132.0	0.4286000000000001	0.8724652101599606	14370.0
328	111.0	0.39222	0.9889510514994603	11685.0
329	149.0	0.40428	0.8344609251182273	13260.0
330	107.0	0.38304000000000005	0.9497921921618427	10331.0
331	117.0	0.38156	0.936767330674727	11108.0
332	121.0	0.37282	0.9692932992791912	11623.0
333	126.0	0.38644000000000006	0.9391914179379436	57040.0
334	107.0	0.3861	0.9328030226425901	10460.0
335	124.0	0.39858000000000005	0.9037009774782634	11783.0
336	136.0	0.3987800000000001	0.8897186995309632	12145.0
337	131.0	0.42164	0.859539322002297	12450.0
338	156.0	0.4221999999999999	0.804492937078784	13125.0
339	143.0	0.41839999999999994	0.8353047019943759	12371.0
340	126.0	0.38565999999999995	0.9481241282447757	11268.0
341	154.0	0.39396000000000003	0.8378636596273492	13536.0
342	120.0	0.37618	0.8808751814806872	10852.0
343	114.0	0.37555999999999995	0.7991995855819458	10565.0
344	127.0	0.36604	0.7906120453571811	10955.0
345	130.0	0.38260000000000005	0.6028424238680202	9279.0
346	112.0	0.3421200000000001	0.9195859552455168	9042.0
347	114.0	0.3706399999999999	0.893208547385254	9883.0
348	126.0	0.35878	0.9195361090853934	10611.0
349	99.0	0.34625999999999996	0.972597635093696	9689.0
350	123.0	0.39616	0.8102810226554409	10731.0
351	123.0	0.40454	0.9177633359457448	11335.0
352	124.0	0.39384	0.8887194357237579	11410.0
353	118.0	0.38118	0.8476987493332507	10204.0
354	98.0	0.37492	0.9270094345346808	10171.0
355	101.0	0.3990600000000001	0.9007685785486613	10329.0
356	122.0	0.41436	0.9370484647768795	13429.0
357	126.0	0.38852000000000003	0.9673124540454379	12009.0
358	112.0	0.39443999999999996	0.809726865695935	9227.0
359	110.0	0.36778	0.9267640049550894	9931.0
360	133.0	0.38274	0.9394025779581112	11975.0
361	104.0	0.37686	0.9489447325841119	9931.0
362	102.0	0.38858	0.9758954662472078	10746.0
363	117.0	0.37938000000000005	0.8329172196015493	9782.0
364	97.0	0.3668599999999999	0.9635550029999018	10346.0
365	118.0	0.3835	0.9203240132341988	12141.0
366	124.0	0.38998000000000005	0.84217326570599	12876.0
367	102.0	0.37772	0.9489702932468623	10353.0
368	110.0	0.37684000000000006	0.9520591272076637	11608.0
369	106.0	0.38079999999999997	0.9704896332509761	11935.0
370	127.0	0.37455999999999995	0.8713177665581342	12109.0
371	128.0	0.36965999999999993	0.8390327634439729	12430.0
372	117.0	0.38126000000000004	0.8460447833316367	11564.0
373	118.0	0.37836	0.9369085129010782	12423.0
374	137.0	0.41006	0.8335132838722242	15670.0
375	121.0	0.4089600000000001	0.9736450235490803	17204.0
376	136.0	0.40891999999999995	0.8083774478901887	18553.0
377	129.0	0.41098	0.9034289915589351	18103.0
378	106.0	0.43812000000000006	0.9550628153590444	19606.0
379	116.0	0.42182000000000003	0.8401601061397815	19697.0
380	149.0	0.43439999999999995	0.7610903957221056	25570.0
381	157.0	0.39224	0.7840840565126281	26048.0
382	163.0	0.4556	0.7807209859025087	32041.0
383	193.0	0.4472	0.7135120792302913	35439.0
384	173.0	0.43698	0.7778774079104207	31089.0
385	151.0	0.39328	0.7909242681136384	25673.0
386	138.0	0.36936	0.874354029429536	23829.0
387	135.0	0.39293999999999996	0.8561929393738613	26605.0
388	159.0	0.4386	0.7951093736474077	28610.0
389	131.0	0.4458200000000001	0.9008370976617307	24754.0
390	131.0	0.40344	0.7039292014428545	18508.0
391	119.0	0.41068000000000005	0.921056605633868	18914.0
392	112.0	0.39618	0.9629682675317522	18196.0
393	111.0	0.39878	0.9263129752057011	18492.0
394	116.0	0.37388	0.865280810106031	15627.0
395	117.0	0.4006199999999999	0.8662848051223827	17505.0
396	120.0	0.3743599999999999	0.7849321173729462	15046.0
397	100.0	0.38010000000000005	0.8623426236874437	14003.0
398	121.0	0.39899999999999997	0.8867560301157802	14394.0
399	102.0	0.38536000000000004	0.927931556796477	11421.0
400	109.0	0.39368	0.9171624416954764	10367.0
401	109.0	0.3892	0.8869213270993139	10234.0
402	127.0	0.38471999999999995	0.8660370637339144	10486.0
403	117.0	0.36878	0.8561942630113459	9929.0
404	121.0	0.39732	0.8491757961272323	11111.0
405	131.0	0.42994	0.9093306646858946	12345.0
406	123.0	0.41043999999999997	0.966616372015946	14186.0
407	133.0	0.37566000000000005	0.9422613837078703	11024.0
408	127.0	0.35674	0.9676855980092813	10452.0
409	115.0	0.35932000000000003	0.9683100430857896	10073.0
410	115.0	0.3881	0.9116137756944112	10008.0
411	109.0	0.38026000000000004	0.8871600677594343	9346.0
412	111.0	0.3727	0.9706917473762795	10172.0
413	129.0	0.39438	0.8720764928638008	14548.0
414	114.0	0.37471999999999994	0.9326219828418392	12699.0
415	135.0	0.37459999999999993	0.7742667870530895	709.0
416	102.0	0.3507	0.9405724062546439	126.0
417	115.0	0.35034	0.9453912176070128	154.0
418	102.0	0.36838	0.8797980555479488	180.0
419	119.0	0.37564	0.9253824085804007	249.0
420	120.0	0.37504	0.9178657487452442	169.0
421	101.0	0.3776	0.9274456206424326	122.0
422	109.0	0.36956000000000006	0.9050489477383881	163.0
423	107.0	0.38126	0.7332781265890422	179.0
424	98.0	0.3754	0.5794717957142326	227.0
425	117.0	0.3762	0.7931522359145429	230.0
426	124.0	0.36806	0.894527951339437	440.0
427	129.0	0.3749599999999999	0.8925375526524603	282.0
428	117.0	0.3876199999999999	0.8827117266572677	166.0
429	117.0	0.38032000000000005	0.8389933161613243	298.0
430	101.0	0.37544000000000005	0.853443697815765	171.0
431	97.0	0.36764	0.9828501275080086	119.0
432	106.0	0.37872000000000006	0.8512884898285487	240.0
433	117.0	0.38462	0.8811344347316262	174.0
434	113.0	0.37929999999999997	0.9267444336700384	164.0
435	121.0	0.37454	0.9628920448843052	104.0
436	140.0	0.425	0.8044876734615299	306.0
437	116.0	0.38266	0.7988382444866549	251.0
438	128.0	0.3978	0.8503387247369413	239.0
439	110.0	0.4139	0.8998750631891576	193.0
440	108.0	0.38242	0.9152469531999612	121.0
441	116.0	0.39074	0.8169366272002567	250.0
442	105.0	0.37288000000000004	0.9623042904894662	95.0
443	126.0	0.38661999999999996	0.7834893078816851	284.0
444	118.0	0.37814	0.8303498688159281	224.0
445	123.0	0.37088	0.952904083452355	70.0
446	108.0	0.3546	0.9019227878999455	146.0
447	110.0	0.38169999999999993	0.8195516724922289	262.0
448	104.0	0.37678000000000006	0.855988564548236	264.0
449	104.0	0.35722000000000004	0.8737536263543485	246.0
450	114.0	0.36324000000000006	0.8441040683470342	192.0
451	131.0	0.3581	0.8321673758065921	192.0
452	124.0	0.35528000000000004	0.9347038533934775	189.0
453	97.0	0.36655999999999994	0.8876570560572282	143.0
454	112.0	0.35112000000000004	0.7399831807506255	298.0
455	89.0	0.3403	0.8468121995477911	133.0
456	99.0	0.36593999999999993	0.9298534791223119	60.0
457	126.0	0.37004000000000004	0.8699519186322916	244.0
458	106.0	0.3595600000000001	0.9480262565900585	69.0
459	108.0	0.35458000000000006	0.8974376136577148	266.0
460	92.0	0.34338	0.9196996796080137	134.0
461	115.0	0.3419	0.9024582195970053	128.0
462	123.0	0.35485999999999995	0.8393622399027376	1896.0
463	96.0	0.35952	0.9683107037875269	78.0
464	121.0	0.36482	0.8984693485657878	177.0
465	102.0	0.34634	0.9128834048090293	130.0
466	104.0	0.3517200000000001	0.9339257959060395	107.0
467	129.0	0.37229999999999996	0.8000243393949269	232.0
468	115.0	0.37687999999999994	0.9499932949055413	195.0
469	106.0	0.37096	0.9545191404272738	121.0
470	110.0	0.3887	0.880931272321334	201.0
471	100.0	0.4028999999999999	0.97297644787935	77.0
472	107.0	0.39604000000000006	0.9677667601144646	63.0
473	110.0	0.39242	0.9794161897069281	123.0
474	106.0	0.38358000000000003	0.9684981751534559	69.0
475	113.0	0.381	0.9663730314064926	189.0
476	87.0	0.37805999999999995	0.9982223545252	99.0
477	112.0	0.37120000000000003	0.8076615063898587	296.0
478	112.0	0.38671999999999995	0.7462896073380392	200.0
479	137.0	0.37201999999999996	0.7611715105245594	343.0
480	135.0	0.3538000000000001	0.9469334328178024	110.0
481	94.0	0.3749	0.8668880760138472	125.0
482	122.0	0.36857999999999996	0.8706713461479604	233.0
483	120.0	0.34878	0.8665223602899407	319.0
484	118.0	0.37067999999999995	0.8090591913124335	281.0
485	100.0	0.36488	0.8738514984367977	162.0
486	110.0	0.36502	0.9060460506299209	125.0
487	132.0	0.38342	0.8651496886318594	177.0
488	113.0	0.35798	0.8855408908863568	183.0
489	104.0	0.34188	0.948833893952489	138.0
490	96.0	0.35446	0.9061105387973285	117.0
491	108.0	0.34898	0.8602046237241008	407.0
492	122.0	0.3623400000000001	0.8502996289328449	174.0
493	108.0	0.35002	0.8377986326851296	321.0
494	106.0	0.35107999999999995	0.932033393240427	98.0
495	124.0	0.3675800000000001	0.784163854843275	273.0
496	105.0	0.33759999999999996	0.964860734142408	81.0
497	119.0	0.35888000000000003	0.7973600532003917	230.0
498	85.0	0.34735999999999995	0.9345806836826341	153.0
499	88.0	0.33764000000000005	0.9328344361062322	143.0
500	108.0	0.3568	0.8149492948132857	311.0
501	98.0	0.34664	0.8020928827981008	366.0
502	111.0	0.34625999999999996	0.8159777566021357	245.0
503	113.0	0.32594	0.8888208993377782	229.0
504	101.0	0.35603999999999997	0.8956246800985312	397.0
505	91.0	0.34300000000000014	0.8655325927855018	233.0
506	125.0	0.3361	0.8922462167755248	168.0
507	116.0	0.35208000000000006	0.9546746169944038	82.0
508	117.0	0.35454	0.9619117939506089	77.0
509	115.0	0.3547	0.9238349503815846	142.0
510	116.0	0.36016	0.9477913823314974	189.0
511	98.0	0.34381999999999996	0.9560984244527505	210.0
512	109.0	0.35234000000000004	0.9316806939088478	112.0
513	117.0	0.3865199999999999	0.8281374980098746	263.0
514	120.0	0.35664	0.9285451213132303	185.0
515	108.0	0.35908	0.9311204837367777	65.0
516	94.0	0.37034	0.9224370961446906	87.0
517	112.0	0.36006	0.908675429810757	123.0
518	97.0	0.35384	0.8536563439821286	276.0
519	113.0	0.3898	0.8410354587099449	158.0
520	93.0	0.3519	0.8704558441387626	173.0
521	123.0	0.3567	0.9375843278464407	51.0
522	114.0	0.36485999999999996	0.9107720833977269	206.0
523	128.0	0.36660000000000004	0.9542120682573969	145.0
524	117.0	0.3708800000000001	0.9312742150600505	173.0
525	109.0	0.36898	0.7708913838464134	237.0
526	115.0	0.36262000000000005	0.9392375847397317	115.0
527	110.0	0.36539999999999995	0.8931761372752581	140.0
528	117.0	0.37091999999999997	0.865174630449813	152.0
529	123.0	0.37249999999999994	0.8611891609380568	150.0
530	125.0	0.38049999999999995	0.9495181976196853	63.0
531	132.0	0.3768	0.8750938479614908	2820.0
532	125.0	0.39763999999999994	0.9111586992456534	12083.0
533	128.0	0.39297999999999994	0.9539707454230442	12273.0
534	119.0	0.38491999999999993	0.858250931074716	11621.0
535	130.0	0.39002000000000003	0.8939581944465278	12507.0
536	131.0	0.3839	0.7705524786083459	12039.0
537	126.0	0.38467999999999997	0.8821645168038889	12817.0
538	139.0	0.38088	0.9057422013990535	13540.0
539	128.0	0.37338	0.8560749273822672	13184.0
540	150.0	0.3772	0.851220490954117	13127.0
541	128.0	0.39434000000000013	0.851927937859663	11987.0
542	136.0	0.40458	0.8500854334745677	12699.0
543	122.0	0.4004000000000001	0.9326920294775091	11458.0
544	126.0	0.40246000000000004	0.7697536087274864	12902.0
545	127.0	0.38964000000000004	0.8515393219646287	12829.0
546	143.0	0.42344000000000004	0.8421790212455379	15515.0
547	134.0	0.42835999999999996	0.9625820680982919	15260.0
548	123.0	0.40842	0.9035501119631658	14382.0
549	138.0	0.41362000000000004	0.9048822337024799	16355.0
550	150.0	0.4042	0.9360789466333116	15921.0
551	107.0	0.37642	0.929026073034082	13493.0
552	154.0	0.4014	0.7877714113026326	14074.0
553	135.0	0.39296	0.818363284310248	10693.0
554	122.0	0.3965599999999999	0.9331728416039943	10084.0
555	115.0	0.39008000000000004	0.8263787199789738	9367.0
556	116.0	0.38970000000000005	0.9093865327754529	8900.0
557	128.0	0.37622	0.9797038970418137	9040.0
558	107.0	0.3721999999999999	0.9386942306392291	7858.0
559	97.0	0.36510000000000015	0.9635424849702646	7325.0
560	102.0	0.37174000000000007	0.9779704350089322	7329.0
561	119.0	0.3667	0.8810427065677586	7280.0
562	109.0	0.3852199999999999	0.7838711422998317	5062.0
563	96.0	0.36547999999999997	0.9182749696733529	5159.0
564	117.0	0.35112000000000004	0.884378665084253	5712.0
565	113.0	0.36373999999999995	0.9401692765991456	5574.0
566	116.0	0.36595999999999995	0.8303128957678151	5394.0
567	121.0	0.36816000000000004	0.8773450578792938	5649.0
568	102.0	0.35754	0.9660696801960288	5308.0
569	110.0	0.3524399999999999	0.8755162237090118	5824.0
570	108.0	0.35178000000000004	0.9493791281159925	5772.0
571	116.0	0.3582	0.8293632439713835	743.0
572	114.0	0.3489	0.8524440738319122	199.0
573	103.0	0.34539999999999993	0.9410840443517773	2295.0
574	102.0	0.35236000000000006	0.9574724289478235	123.0
575	126.0	0.35353999999999997	0.9479668572419451	109.0
576	105.0	0.36748	0.9527649791760504	117.0
577	100.0	0.34485999999999994	0.8966835134446495	245.0
578	108.0	0.35657999999999995	0.9555713702940088	94.0
579	114.0	0.36512	0.8417941900126946	257.0
580	111.0	0.34252000000000005	0.9192205227933907	105.0
581	94.0	0.33260000000000006	0.8993576757095089	146.0
582	109.0	0.35131999999999997	0.9224608219906253	107.0
583	100.0	0.3614	0.925114229454858	249.0
584	120.0	0.36542	0.9756963356719386	51.0
585	111.0	0.35968000000000006	0.85288472069162	203.0
586	108.0	0.3509	0.9268598347820419	175.0
587	103.0	0.36132	0.8049705764580007	178.0
588	101.0	0.35053999999999996	0.9386487370530568	168.0
589	109.0	0.3607	0.7937626592664601	335.0
590	89.0	0.35028	0.9371896762838247	112.0
591	89.0	0.3388999999999999	0.916577871575672	97.0
592	119.0	0.34529999999999994	0.9573664269755199	140.0
593	103.0	0.3493	0.9237087339931347	2127.0
594	115.0	0.36236	0.8812870460835651	266.0
595	121.0	0.354	0.9019405065798888	111.0
596	114.0	0.35902	0.9465018116100817	95.0
597	94.0	0.33832	0.8932955881721656	128.0
598	107.0	0.34196000000000004	0.9385074212907913	101.0
599	100.0	0.34992000000000006	0.9219479815128884	96.0
600	108.0	0.34295999999999993	0.9273230736585484	143.0
601	94.0	0.35301999999999994	0.9339523871815222	142.0
602	110.0	0.34628	0.8354443184730248	241.0
603	97.0	0.34131999999999996	0.9260346433165089	105.0
604	102.0	0.3389	0.9527946000348597	197.0
605	104.0	0.3547	0.9310375860108223	61.0
606	111.0	0.36165999999999987	0.9039647180205387	123.0
607	97.0	0.32872	0.9534379819933989	99.0
608	105.0	0.3434999999999999	0.8591651803928728	204.0
609	120.0	0.34641999999999995	0.9198235518921477	131.0
610	117.0	0.35922	0.8303314219493043	250.0
611	95.0	0.34759999999999996	0.8137963473723951	387.0
612	107.0	0.32576	0.8970210896906106	156.0
613	87.0	0.34254000000000007	0.9127631042196089	250.0
614	99.0	0.33415999999999996	0.9631134391951447	70.0
615	98.0	0.35256	0.8700077194510536	194.0
616	113.0	0.34554	0.9338753701580718	153.0
617	107.0	0.3465	0.9079047811073647	156.0
618	88.0	0.34381999999999996	0.9735972106959921	47.0
619	100.0	0.35538	0.8551163735195025	137.0
620	119.0	0.3603	0.8321382305606817	508.0
621	103.0	0.35522000000000004	0.8103362761336231	251.0
622	123.0	0.35942	0.8807256637409148	121.0
623	110.0	0.35444	0.8553644690410639	176.0
624	128.0	0.34428000000000003	0.8626238836449197	213.0
625	126.0	0.3558	0.8410843426004834	313.0
626	101.0	0.36494	0.846480327358801	247.0
627	109.0	0.34128000000000003	0.8866254769321916	214.0
628	116.0	0.34489999999999993	0.9056978835639119	160.0
629	113.0	0.35830000000000006	0.9355581903068979	99.0
630	116.0	0.3664	0.872681292665043	150.0
631	95.0	0.35924000000000006	0.9031374167963794	221.0
632	98.0	0.34084000000000003	0.9539523858014182	2715.0
633	99.0	0.35422	0.947445447761299	5381.0
634	108.0	0.35597999999999996	0.9440351555919301	6233.0
635	120.0	0.3597600000000001	0.8690091682210211	7112.0
636	97.0	0.37224	0.9519884403106312	8716.0
637	114.0	0.35982	0.7967203155612004	10064.0
638	119.0	0.37544000000000005	0.789040713200841	9144.0
639	119.0	0.38202	0.8090005031689333	9028.0
640	93.0	0.35972000000000004	0.883428907466145	7173.0
641	107.0	0.36522	0.8352211721825847	7276.0
642	116.0	0.37626000000000004	0.7761120262826374	7277.0
643	112.0	0.37912000000000007	0.7242257734295815	6604.0
644	149.0	0.3786	0.7261968657039432	10300.0
645	113.0	0.37966	0.8844826874455732	14476.0
646	118.0	0.39	0.9098542173974771	16094.0
647	106.0	0.40086	0.8836914378293896	20680.0
648	124.0	0.41274	0.8893483685513045	22382.0
649	137.0	0.40312	0.893766762627855	22275.0
650	118.0	0.39362	0.8309304438628743	21721.0
651	135.0	0.40758000000000005	0.8746322455183836	25257.0
652	124.0	0.4048	0.8769414198203249	21596.0
653	116.0	0.41338	0.7444749022765429	17135.0
654	110.0	0.4231	0.7285441284310558	15816.0
655	117.0	0.40980000000000005	0.9128202229928641	19179.0
656	127.0	0.41168	0.937502794546265	23858.0
657	119.0	0.41198	0.9173356584781487	23317.0
658	122.0	0.4213	0.868187132232892	26168.0
659	148.0	0.41969999999999996	0.7768691278330235	27028.0
660	143.0	0.42741999999999997	0.8565215226294743	29840.0
661	174.0	0.41926	0.7436425712503093	30972.0
662	120.0	0.4788000000000001	0.9188407782263635	30135.0
663	139.0	0.4532	0.8936016674239269	33084.0
664	155.0	0.47102000000000005	0.9050243399159916	38511.0
665	132.0	0.44150000000000006	0.8829995105986073	32435.0
666	165.0	0.42318000000000006	0.7966973239990193	30768.0
667	151.0	0.48312	0.685041108428536	35831.0
668	159.0	0.52408	0.7786521333079277	40878.0
669	152.0	0.47506	0.7466799795618261	32995.0
670	118.0	0.38534000000000007	0.4977755994620198	23114.0
671	115.0	0.43217999999999995	0.39667087149196056	19863.0
672	129.0	0.41847999999999996	0.6954062259286474	28302.0
673	130.0	0.3945	0.6644786221999509	26525.0
674	121.0	0.40537999999999996	0.6532955733695751	24826.0
675	134.0	0.43004	0.6705541933322532	32846.0
676	158.0	0.43512	0.7222303312924804	32624.0
677	154.0	0.41472000000000003	0.7858160573613927	29237.0
678	138.0	0.44833999999999996	0.898628421176228	28655.0
679	161.0	0.39988	0.8405867464242182	27849.0
680	173.0	0.44838	0.7339280532149683	30356.0
681	208.0	0.46696	0.6894535234930678	35923.0
682	183.0	0.4723199999999999	0.7236754269442969	35865.0
683	205.0	0.45114000000000004	0.7238951694319979	39010.0
684	160.0	0.41902	0.7779097426576923	30549.0
685	146.0	0.43758	0.8329821997892005	28086.0
686	164.0	0.43814	0.8327584651256449	33746.0
687	147.0	0.4677800000000001	0.8630979338514242	34138.0
688	142.0	0.46374000000000004	0.8805893833994923	34510.0
689	155.0	0.46140000000000003	0.8772075243207638	35160.0
690	130.0	0.49705999999999995	0.8335180810722869	30753.0
691	131.0	0.5568200000000001	0.9857718614363343	32521.0
692	151.0	0.5206	0.8989729711984891	40425.0
693	161.0	0.5022000000000001	0.9005520837608363	39733.0
694	137.0	0.45248	0.8425705393430623	28152.0
695	119.0	0.39576	0.7965467406215725	21337.0
696	148.0	0.41772	0.7912891193870374	24041.0
697	161.0	0.42352000000000006	0.7170849902096088	27404.0
698	121.0	0.41629999999999995	0.8216453475027313	23789.0
699	128.0	0.48477999999999993	0.9629284341717961	32036.0
700	157.0	0.44628	0.6872825404593674	34098.0
701	167.0	0.48181999999999997	0.8795473973953288	37580.0
702	152.0	0.46626000000000006	0.797279227309456	33459.0
703	167.0	0.43332	0.7375839701870026	31774.0
704	126.0	0.38968	0.7509104399014112	22125.0
705	133.0	0.39116	0.8938153636229128	26092.0
706	150.0	0.4127	0.9407776754632362	31630.0
707	117.0	0.45314	0.9103650562077176	28759.0
708	142.0	0.40540000000000004	0.9184250558457737	28218.0
709	144.0	0.41988	0.8362586528789879	28851.0
710	146.0	0.4282600000000001	0.8828602632440092	28722.0
711	130.0	0.46432	0.8009856574009337	30218.0
712	151.0	0.48946	0.8107147764933207	36415.0
713	132.0	0.51498	0.9000451759050591	34421.0
714	132.0	0.50892	0.9439755302759834	36224.0
715	164.0	0.45818	0.8962086654110514	36823.0
716	133.0	0.49986000000000014	0.9478562687406829	36647.0
717	126.0	0.42894	0.9099800129977036	28299.0
718	151.0	0.4526799999999999	0.8952684468922548	37798.0
719	150.0	0.4086800000000001	0.8654147501734023	28156.0
720	123.0	0.41654	0.9165840899876401	27490.0
721	126.0	0.37896	0.8909753834570179	24208.0
722	156.0	0.46529999999999994	0.8901073240106645	34214.0
723	171.0	0.47396	0.7879721390774942	35007.0
724	144.0	0.43294000000000005	0.8146678081217125	29252.0
725	187.0	0.45436	0.7546839986345252	33142.0
726	166.0	0.43872	0.7873639519847618	31291.0
727	132.0	0.38748	0.8835895745979212	24767.0
728	142.0	0.42446	0.846183288691722	28035.0
729	159.0	0.4458	0.7600547499065168	29149.0
730	210.0	0.45352000000000003	0.6785287528966722	33088.0
731	180.0	0.45231999999999994	0.7152829602642514	32667.0
732	152.0	0.4248400000000001	0.7612340897208323	27173.0
733	148.0	0.3954	0.8583062691585404	26653.0
734	126.0	0.4602400000000001	0.9222634529844367	27658.0
735	115.0	0.4882	0.9495665520099426	27824.0
736	124.0	0.49576	0.9928652955925459	29406.0
737	115.0	0.5048600000000001	0.9625635055615329	27652.0
738	139.0	0.47681999999999997	0.9171200663900204	28607.0
739	126.0	0.48582000000000003	0.9463939930030006	28399.0
740	137.0	0.48716000000000004	0.9483556360421158	30195.0
741	157.0	0.41938000000000003	0.8129189383390893	35842.0
742	133.0	0.3899	0.8466281038350326	52932.0
743	132.0	0.37875999999999993	0.8996036278932907	49419.0
744	129.0	0.35601999999999995	0.9152050262973025	48041.0
745	119.0	0.36267999999999995	0.9285488055276327	44038.0
746	121.0	0.36584000000000005	0.9143437170093944	46769.0
747	127.0	0.4587	0.8886308190190961	58261.0
748	150.0	0.49176000000000003	0.9043403504000953	69598.0
749	158.0	0.4466200000000001	0.8228307709918685	65596.0
750	154.0	0.48300000000000004	0.8683877545392423	103940.0
751	144.0	0.42682	0.8730589353177652	58586.0
752	135.0	0.4335	0.9024505111074622	54958.0
753	156.0	0.44114	0.8952962229060458	58944.0
754	128.0	0.44522	0.9085273578034774	54196.0
755	135.0	0.4333000000000001	0.8569235255598714	56793.0
756	131.0	0.38769999999999993	0.8196412519625664	46662.0
757	137.0	0.40334000000000003	0.8229380605031948	53723.0
758	102.0	0.51164	0.9425271866460664	58368.0
759	112.0	0.50044	0.9514151836604985	62511.0
760	119.0	0.5135000000000001	0.9569528635063165	67615.0
761	137.0	0.47568	0.9060913806942272	66376.0
762	147.0	0.4540600000000001	0.9115319772392975	61479.0
763	136.0	0.4532	0.9122937272663657	53289.0
764	146.0	0.45643999999999996	0.8565298406197358	52178.0
765	119.0	0.45786	0.9275974949148731	45424.0
766	134.0	0.45705999999999997	0.8956085970767697	49781.0
767	132.0	0.4768400000000001	0.9240760968647345	59709.0
768	138.0	0.46934	0.9389488805078186	45219.0
769	146.0	0.42340000000000005	0.7746633339897836	27894.0
770	137.0	0.41613999999999995	0.611505275684659	24245.0
771	111.0	0.41458000000000006	0.39614712759294446	16603.0
772	117.0	0.41634	0.6918575687953782	17451.0
773	140.0	0.43906000000000006	0.8926917264877513	25832.0
774	134.0	0.43733999999999995	0.8986996210860497	20685.0
775	134.0	0.39252000000000004	0.5472670840360977	11240.0
776	143.0	0.40984000000000004	0.26105567341001074	4834.0
777	133.0	0.40218000000000004	0.21046027951817697	1283.0
778	138.0	0.4291799999999999	0.2773445677786852	1946.0
779	145.0	0.40791999999999995	0.23660340341180286	1717.0
780	140.0	0.40001999999999993	0.23834311744398642	6271.0
781	128.0	0.36712000000000006	0.231342086884394	6199.0
782	128.0	0.39108000000000004	0.3052355884056396	7024.0
783	127.0	0.37752	0.3419747383117435	5270.0
784	115.0	0.37839999999999996	0.2686429803550205	62.0
785	114.0	0.39356	0.20712425576256374	162.0
786	136.0	0.38344	0.13645181810270537	39.0
787	142.0	0.42998	0.1506515615501627	220.0
788	119.0	0.38919999999999993	0.2012936402091172	23.0
789	136.0	0.38854	0.3085524220031185	417.0
790	116.0	0.40838	0.1743030368926277	23.0
791	140.0	0.407	0.17149772585437598	412.0
792	138.0	0.41278	0.14578858358222738	212.0
793	34.0	0.10384	0.04451662363742154	0.0
794	90.0	0.27901999999999993	0.18886727866862232	656.0
795	109.0	0.37682000000000004	0.27129082301094853	1177.0
796	119.0	0.38541999999999993	0.1594865349546976	737.0
797	139.0	0.4273200000000001	0.13410071654350347	80.0
798	140.0	0.39836000000000005	0.1576521298865486	348.0
799	52.0	0.19142	0.10390361237365049	132.0
800	65.0	0.18664000000000003	0.08574030211084924	481.0
801	136.0	0.39754	0.20409694233026163	460.0
802	144.0	0.40759999999999996	0.2214688613383981	309.0
803	140.0	0.42668	0.2795571265277233	371.0
804	77.0	0.27622	0.13059810452706408	42.0
805	46.0	0.12198	0.08095392326011412	656.0
806	122.0	0.37317999999999996	0.21172196596448284	1513.0
807	139.0	0.39339999999999997	0.19999809156224496	1210.0
808	68.0	0.20878	0.1015074813621573	580.0
809	60.0	0.18318	0.16006521687404912	880.0
810	138.0	0.38573999999999997	0.3193951955811922	1749.0
811	110.0	0.37427999999999995	0.2807701907920185	1592.0
812	119.0	0.39308	0.22549098504065732	3195.0
813	136.0	0.38630000000000003	0.13675816037244515	1295.0
814	138.0	0.42906000000000005	0.15660870009043862	2882.0
815	127.0	0.3909	0.2632209828960616	3299.0
816	131.0	0.3906400000000001	0.27008855650277486	2008.0
817	123.0	0.40574000000000005	0.1466913767349124	468.0
818	104.0	0.32984	0.11486380088880396	475.0
819	13.0	0.06724	0.034410271344796094	0.0
820	135.0	0.39963999999999994	0.1663015395097977	338.0
821	134.0	0.42146	0.15930649893196244	285.0
822	112.0	0.3442	0.12640892189431918	206.0
823	14.0	0.055420000000000004	0.015066683741275936	0.0
824	112.0	0.4103599999999999	0.17627369068377877	1378.0
825	150.0	0.3936200000000001	0.15359315727857417	1899.0
826	124.0	0.41972000000000004	0.14457529229539146	264.0
827	46.0	0.13228	0.039367646198536416	32.0
828	77.0	0.26908	0.13373840745365773	146.0
829	136.0	0.3879000000000001	0.14159951152696335	270.0
830	138.0	0.42856	0.14582214532393492	114.0
831	125.0	0.38520000000000004	0.2174552885809123	51.0
832	130.0	0.38788000000000006	0.311362857025549	184.0
833	118.0	0.4097199999999999	0.15724533521366038	49.0
834	138.0	0.41734000000000004	0.16545971725317532	662.0
835	134.0	0.40273999999999993	0.14951425791369294	125.0
836	125.0	0.38996000000000003	0.17735842212766512	284.0
837	115.0	0.39696000000000004	0.21081444531603502	1018.0
838	151.0	0.40242000000000006	0.23207016449219162	3765.0
839	123.0	0.38802	0.21277083233800276	8260.0
840	121.0	0.3624	0.16355675940285652	504.0
841	90.0	0.33598	0.1660074104638365	139.0
842	91.0	0.35074	0.17017882235507284	331.0
843	103.0	0.33507999999999993	0.1792573937617664	1437.0
844	106.0	0.33913999999999994	0.18513363341184463	1244.0
845	102.0	0.45894000000000007	0.16291125853841384	1252.0
846	124.0	0.39691999999999994	0.21598778300980429	1261.0
847	124.0	0.3880199999999999	0.15787149272689086	943.0
848	93.0	0.39379999999999993	0.15049504237021913	489.0
849	121.0	0.44659999999999994	0.1901392524810979	1296.0
850	108.0	0.35202000000000006	0.19026087186313448	655.0
851	96.0	0.34776	0.16950278830028884	186.0
852	29.0	0.10790000000000001	0.04197102231050148	20.0
853	91.0	0.26112	0.10438927547647649	20.0
854	79.0	0.38364000000000004	0.12140484856134386	102.0
855	98.0	0.38378	0.10555072630688327	29.0
856	109.0	0.42351999999999995	0.1180754650457729	225.0
857	136.0	0.44584	0.19424976687156184	1896.0
858	95.0	0.34824000000000005	0.16706498041999002	1180.0
859	106.0	0.3489	0.19144194939585774	1105.0
860	125.0	0.44374	0.19097766574463437	945.0
861	86.0	0.39496000000000003	0.15137476460869687	504.0
862	127.0	0.39148000000000005	0.15244704265349593	1811.0
863	117.0	0.39686	0.219175579773224	1674.0
864	33.0	0.09584	0.04274785322828463	38.0
866	81.0	0.28942	0.162867734427485	835.0
867	126.0	0.38827999999999996	0.2105263370962803	2463.0
868	142.0	0.40524	0.17580038705290366	3428.0
869	131.0	0.4111200000000001	0.18504050143536643	5571.0
870	110.0	0.41462	0.19903463109297115	6416.0
871	148.0	0.39227999999999996	0.1799357642901301	3044.0
872	129.0	0.41634	0.17309306389142562	5001.0
873	116.0	0.37879999999999997	0.22045745517874996	4558.0
874	109.0	0.37872	0.29036351273218286	3123.0
875	136.0	0.38856	0.30974490652104403	2756.0
876	133.0	0.38426000000000005	0.30767779845018833	2611.0
877	125.0	0.38062000000000007	0.26664692538370394	3173.0
878	119.0	0.34378	0.16662942017482385	956.0
879	10.0	0.0345	0.011656858709280186	179.0
880	110.0	0.45486	0.19657320649458154	88.0
881	108.0	0.36368	0.1677203649379868	3013.0
882	110.0	0.39311999999999997	0.22919682430913235	4101.0
883	127.0	0.40659999999999996	0.2831685199733474	5296.0
884	149.0	0.40147999999999995	0.28561825582855	4652.0
885	114.0	0.3987800000000001	0.23890625948911526	169.0
886	87.0	0.40166	0.2094635159164801	227.0
887	112.0	0.39598	0.1700334575996398	699.0
888	147.0	0.40654	0.237099112490562	1199.0
889	107.0	0.39266	0.2289981955893789	67.0
890	128.0	0.3956	0.20994537900816282	1.0
891	136.0	0.40332	0.17363164699227795	12.0
892	138.0	0.40848	0.15608535093078515	15.0
893	66.0	0.21276000000000003	0.06762725768195658	64.0
894	60.0	0.21376	0.12180631489208171	4220.0
895	143.0	0.46814000000000006	0.23143614606025834	15417.0
896	151.0	0.44775999999999994	0.200532434265216	14293.0
897	113.0	0.47193999999999997	0.34675875072640266	14005.0
898	16.0	0.06385999999999999	0.0507304795784178	1749.0
899	121.0	0.35936000000000007	0.14378753783577108	1318.0
900	164.0	0.48224000000000006	0.14928907689141258	754.0
901	148.0	0.4282	0.13827075894329918	1138.0
902	120.0	0.46426	0.2025809200833031	1532.0
903	140.0	0.39952000000000004	0.25291928753897186	88.0
904	134.0	0.4035	0.20901650068958666	9.0
905	0.0	0.00136	0.0012639999999999984	0.0
907	112.0	0.37933999999999996	0.24164981445385714	8019.0
908	106.0	0.46206	0.1815945343893404	6742.0
909	104.0	0.34066	0.17994193036945821	3234.0
910	95.0	0.32884	0.1729925340731017	966.0
911	92.0	0.34624000000000005	0.1709655211586821	377.0
912	102.0	0.34506	0.15523793284902468	1710.0
913	110.0	0.35824	0.17982487180181483	1765.0
914	153.0	0.45074	0.17339794092754154	6661.0
915	153.0	0.45650000000000013	0.14335476397359542	1982.0
916	47.0	0.13290000000000002	0.0384983715905264	135.0
917	62.0	0.2322	0.11705264053717462	28.0
918	106.0	0.32867999999999997	0.17184044904689907	81.0
919	89.0	0.35522000000000004	0.17442660621382663	290.0
920	98.0	0.33858	0.15344457613623103	135.0
921	123.0	0.36966	0.17235394203586638	441.0
922	159.0	0.4699600000000001	0.16824193153862965	2499.0
923	141.0	0.44136000000000003	0.13347985843187246	394.0
924	50.0	0.14768	0.05071538323472386	1960.0
925	99.0	0.31914000000000003	0.11572801490432306	689.0
926	139.0	0.43872	0.1345322475633832	636.0
927	166.0	0.47262	0.1692067777443844	1331.0
928	128.0	0.39266	0.15435146609623843	283.0
929	24.0	0.07061999999999999	0.034280472956888186	43.0
931	76.0	0.27636	0.1286029292744314	163.0
932	93.0	0.3441	0.1699897040480138	57.0
933	114.0	0.3525000000000001	0.16040638766009688	182.0
934	105.0	0.38814	0.16118745649566912	70.0
935	94.0	0.41431999999999997	0.21194429471703144	290.0
936	121.0	0.39860000000000007	0.17140648063396632	327.0
937	146.0	0.40196000000000004	0.22739044725155735	913.0
938	115.0	0.39836000000000005	0.2112052587506406	329.0
939	127.0	0.39044000000000006	0.17543133697542895	315.0
940	131.0	0.4051599999999999	0.1495822081846059	359.0
941	24.0	0.08528000000000001	0.026383051057283707	87.0
943	106.0	0.38846	0.17572567350093304	9010.0
944	140.0	0.40482	0.22110391152817607	7497.0
945	139.0	0.38237999999999994	0.18460279302115828	469.0
946	47.0	0.13586	0.06531730383053325	26.0
1309	98.0	0.26022000000000006	0.096005947287834	492.0
1310	134.0	0.42632	0.13285297731172255	425.0
1311	121.0	0.38403999999999994	0.20197409902019625	1399.0
1312	117.0	0.36908	0.25806957792426494	4746.0
1313	131.0	0.38426000000000005	0.17822501269456958	130.0
1314	143.0	0.40286	0.20045368314748369	215.0
1315	146.0	0.41834000000000005	0.2592614381255665	410.0
1316	127.0	0.42211999999999994	0.24135227236302692	232.0
1317	138.0	0.4106	0.219500399704309	223.0
1318	54.0	0.14	0.08439327417355727	120.0
1319	77.0	0.25184	0.13133828627277558	539.0
1320	119.0	0.39611999999999997	0.18647587431355617	1138.0
1321	134.0	0.40076	0.15797327605614683	451.0
1322	122.0	0.40466	0.14718363052286118	199.0
1323	102.0	0.35312	0.1262191132285261	108.0
1324	14.0	0.05112	0.03361072294680932	449.0
1325	102.0	0.35054	0.2000915230657439	2837.0
1326	120.0	0.3670800000000001	0.22014862662407514	3073.0
1327	113.0	0.45988	0.19570695299875573	81.0
1328	9.0	0.03564	0.015030456860262295	5.0
1329	101.0	0.37876	0.3021751217157616	46433.0
1330	112.0	0.37532000000000004	0.2957121225302574	18403.0
1331	149.0	0.40408	0.22882388486076344	3506.0
1332	40.0	0.10955999999999999	0.059136403125228415	591.0
1333	60.0	0.25244	0.1382328577217871	1229.0
1334	138.0	0.38580000000000003	0.23345424941349047	3208.0
1335	68.0	0.37455999999999995	0.22205834013269982	3653.0
1336	60.0	0.38543999999999995	0.4143829892141048	18994.0
1337	11.0	0.10746000000000003	0.1565573369246799	3905.0
1338	64.0	0.26258000000000004	0.0853425599170167	129.0
1339	66.0	0.41881999999999997	0.13892343411860233	951.0
1340	134.0	0.45507999999999993	0.17963689225004673	580.0
1341	101.0	0.3552199999999999	0.17044507223414893	310.0
1342	14.0	0.054580000000000004	0.025240222939774595	38.0
1344	68.0	0.2907	0.14460975997456108	1553.0
1345	138.0	0.45072	0.19889322652577335	5858.0
1346	115.0	0.4431800000000001	0.1448877006026763	12485.0
1347	11.0	0.10148	0.03485413444926221	564.0
1350	86.0	0.28818	0.14116802772085096	430.0
1351	138.0	0.41113999999999995	0.2164166118598746	12.0
1352	143.0	0.39193999999999996	0.24255477281464155	375.0
1353	137.0	0.4747	0.20462898629620566	3179.0
1354	136.0	0.43662	0.14435372099793864	1852.0
1355	173.0	0.48696000000000006	0.16582052546756418	1665.0
1356	120.0	0.38764000000000004	0.1742432093432386	911.0
1357	94.0	0.3322	0.1590070889247293	1839.0
1358	120.0	0.38993999999999995	0.17439740129384437	1652.0
1359	80.0	0.27128	0.10627433642892913	809.0
1362	17.0	0.08145999999999999	0.048755338230479055	519.0
1363	85.0	0.34562	0.19683743568825499	3540.0
1364	95.0	0.33177999999999996	0.19980947309404656	3415.0
1365	112.0	0.3500199999999999	0.20355057388674025	3700.0
1366	108.0	0.45188	0.22079049139686813	7832.0
1367	106.0	0.38855999999999996	0.3259806997349068	17563.0
1368	116.0	0.4021	0.4756059936939727	63070.0
1369	139.0	0.38173999999999997	0.30680971933933354	15480.0
1370	27.0	0.11899999999999998	0.08926761797038076	2966.0
1373	87.0	0.28962	0.20923711981618687	3462.0
1374	132.0	0.37079999999999996	0.2452151820671176	3229.0
1375	134.0	0.38903999999999994	0.29637717400660857	2883.0
1376	93.0	0.32	0.1763346100032899	2182.0
1379	16.0	0.09426	0.09004015556336618	2743.0
1380	124.0	0.4025200000000001	0.31966401001588257	4958.0
1381	119.0	0.37772	0.24901408047750928	2972.0
1382	133.0	0.3876599999999999	0.28594287768681365	3191.0
1383	122.0	0.4391999999999999	0.2719391191428145	3975.0
1384	104.0	0.37162000000000006	0.15682034751417404	1500.0
1385	74.0	0.20964	0.1162553074056212	1147.0
1386	40.0	0.14076	0.0592025998171982	677.0
1387	112.0	0.3879000000000001	0.1746062567136841	900.0
1388	105.0	0.36476	0.15173563103855003	1654.0
1389	116.0	0.45748	0.19257932620499082	5708.0
1390	120.0	0.35882000000000003	0.2004179432237259	4575.0
1391	98.0	0.3477	0.17757399004405114	966.0
1392	118.0	0.41938000000000003	0.1881093385893911	1040.0
1393	99.0	0.40159999999999996	0.1665958282579526	1208.0
1394	70.0	0.41056000000000004	0.11880893573860729	393.0
1395	110.0	0.40413999999999994	0.14591212568635847	1701.0
1396	91.0	0.37088	0.21901330431836694	11808.0
1397	111.0	0.36499999999999994	0.2149696743403271	1978.0
1398	135.0	0.38884	0.18511560352055526	2319.0
1399	36.0	0.37052	0.25178226092106476	4860.0
1400	11.0	0.0768	0.062132060394280396	919.0
1401	78.0	0.35008	0.07916873401837779	232.0
1402	98.0	0.3736	0.11562909748670112	1295.0
1403	88.0	0.37894000000000005	0.12772893780805683	968.0
1404	47.0	0.13757999999999998	0.046607561438549744	225.0
1406	62.0	0.28794	0.06121442205026144	0.0
1407	97.0	0.3733800000000001	0.10750139582385476	43.0
1408	81.0	0.38152	0.13173730314323853	25.0
1409	126.0	0.3644400000000001	0.16794882172227935	2690.0
1410	12.0	0.048620000000000003	0.027350153773588112	811.0
1411	82.0	0.28906	0.15317567145278238	1019.0
1412	109.0	0.3639	0.18382369688854588	1774.0
1413	113.0	0.43626000000000004	0.168788857866982	1604.0
1414	84.0	0.29042	0.15525369937020422	1122.0
1416	34.0	0.11227999999999999	0.06868329008845327	3333.0
1417	126.0	0.36408	0.1664600682990598	1671.0
1418	105.0	0.43501999999999996	0.2490188471146868	3516.0
1419	126.0	0.39680000000000004	0.26025907852215946	9679.0
1420	134.0	0.3973199999999999	0.559526867021579	13426.0
1421	144.0	0.40136000000000005	0.9513026241518248	19951.0
1422	112.0	0.41013999999999995	0.9457712281110698	20805.0
1423	120.0	0.41926	0.9275084337603038	22548.0
1424	118.0	0.4179	0.792055201697124	22896.0
1425	117.0	0.40476000000000006	0.9286177363302114	25603.0
1426	105.0	0.40458	0.9603204087697182	27216.0
1427	117.0	0.39014000000000004	0.964588156828576	28231.0
1428	100.0	0.40403999999999995	0.958990375458213	26112.0
1429	130.0	0.40047999999999995	0.9592564469543539	27128.0
1430	117.0	0.39452	0.9042713234011122	22637.0
1431	125.0	0.4058599999999999	0.8825718398830248	28160.0
1432	155.0	0.4466200000000001	0.8499216453876733	33221.0
1433	144.0	0.45518000000000003	0.8344075550717178	28449.0
1434	174.0	0.45172000000000007	0.7677121224807564	26308.0
1435	149.0	0.43717999999999996	0.8465892570126106	29602.0
1436	145.0	0.42538	0.8821058128009495	29327.0
1437	108.0	0.42612	0.8425831321092356	21641.0
1438	122.0	0.41598	0.849689292449216	22266.0
1439	132.0	0.3953	0.9267120772265766	22388.0
1440	125.0	0.4647	0.7302533926268404	21941.0
1441	131.0	0.44086	0.7565191663770612	17740.0
1442	131.0	0.41918	0.7864440140976079	17181.0
1443	125.0	0.3983	0.9316843788657942	20520.0
1444	119.0	0.3984	0.9156168378761599	18158.0
1445	130.0	0.4023399999999999	0.8802580863747087	18692.0
1446	96.0	0.34944000000000003	0.957751415798346	15095.0
1447	101.0	0.37562000000000006	0.8741618092673185	19046.0
1448	104.0	0.38844	0.9216154062439177	20566.0
1449	118.0	0.39264000000000004	0.8710986912449888	19463.0
1450	131.0	0.39414	0.9204652580325222	20182.0
1451	104.0	0.39830000000000004	0.9388008827621571	19160.0
1452	109.0	0.40002000000000004	0.9092833122964166	18190.0
1453	126.0	0.42094000000000004	0.9642358081163915	22846.0
1454	117.0	0.41151999999999994	0.9645772857700047	21030.0
1455	139.0	0.39504	0.8531550904770104	22422.0
1456	138.0	0.3914	0.7216918638223067	19515.0
1457	125.0	0.38124	0.7655911083294149	21887.0
1458	115.0	0.36097999999999997	0.91254040462883	21066.0
1459	131.0	0.38704000000000005	0.8746476415736516	23614.0
1460	132.0	0.4491799999999999	0.892063878036999	29955.0
1461	148.0	0.43166	0.8884837575004731	31643.0
1462	137.0	0.42142	0.905170124661032	28621.0
1463	146.0	0.4234399999999999	0.9636097310459484	25704.0
1464	108.0	0.41818	0.9477839694641543	21427.0
1465	125.0	0.38781999999999994	0.8605489853787297	17504.0
1466	120.0	0.39372	0.6263010243745128	6404.0
1467	125.0	0.38274	0.8374863497079534	14792.0
1468	122.0	0.39124	0.949576481010594	15027.0
1469	92.0	0.3731400000000001	0.9801338870093987	11986.0
1470	122.0	0.37042	0.9319813125719963	13357.0
1471	101.0	0.38760000000000006	0.9257956611356727	13438.0
1472	113.0	0.3609399999999999	0.9532366458895717	13289.0
1473	89.0	0.38158000000000003	0.9640853133962928	11889.0
1474	104.0	0.37572000000000005	0.9477687686199737	12814.0
1475	110.0	0.36912	0.9370166847591391	13938.0
1476	137.0	0.37522	0.8174652870962533	14475.0
1477	113.0	0.37902	0.8881103534471134	15575.0
1478	93.0	0.35206000000000004	0.9727319390076818	12271.0
1479	109.0	0.36032000000000003	0.9087227491101355	13776.0
1480	118.0	0.36617999999999995	0.8481865962071178	15223.0
1481	95.0	0.3746999999999999	0.9482404847409958	13356.0
1482	129.0	0.37754	0.9096508349212422	16128.0
1483	124.0	0.38152	0.9602923061388698	19105.0
1484	153.0	0.39758000000000004	0.8168941194423252	26226.0
1485	127.0	0.39930000000000004	0.9417706667822967	27090.0
1486	126.0	0.39126000000000005	0.9219713592937842	24174.0
1487	151.0	0.41534	0.9046247030468801	28544.0
1488	143.0	0.4059599999999999	0.8496793249122722	25387.0
1489	118.0	0.37964	0.8493456153993623	19903.0
1490	123.0	0.39136000000000004	0.9000006106285533	22716.0
1491	144.0	0.38594	0.8296010571087228	22292.0
1492	160.0	0.4328	0.8089402017493278	24918.0
1493	164.0	0.41494	0.7464296540255558	26417.0
1494	160.0	0.4097799999999999	0.7544164201744876	24286.0
1495	152.0	0.41142	0.8565323339872408	22720.0
1496	134.0	0.40751999999999994	0.8611014616680036	21452.0
1497	137.0	0.40722	0.8890119009047601	23230.0
1498	126.0	0.41001999999999994	0.8599316342894975	21712.0
1499	141.0	0.41408	0.836278417787688	22526.0
1500	141.0	0.39452000000000004	0.8330645899373664	21319.0
1501	127.0	0.4044	0.8410134484620534	20455.0
1502	138.0	0.41133999999999993	0.8254752137258446	24038.0
1503	175.0	0.41954	0.8300635248970385	31709.0
1504	133.0	0.41142	0.8813145237607503	22718.0
1505	121.0	0.36985999999999997	0.9438488630448524	17652.0
1506	113.0	0.3764	0.8229514794755954	16621.0
1507	111.0	0.38217999999999996	0.9442860281100676	17372.0
1508	124.0	0.3869800000000001	0.8967512574316456	20583.0
1509	121.0	0.40212000000000003	0.8072104937717312	20246.0
1510	132.0	0.36560000000000004	0.9578913658368317	22415.0
1511	119.0	0.3643799999999999	0.9425568968599084	21340.0
1512	111.0	0.34892	0.9565427146419062	22278.0
1513	125.0	0.3701400000000001	0.9053243271541377	24292.0
1514	111.0	0.3562199999999999	0.9374879321855015	21494.0
1515	118.0	0.35501999999999995	0.961376341269614	24790.0
1516	106.0	0.36071999999999993	0.8843475447309314	16492.0
1517	94.0	0.35940000000000005	0.9552405126326854	13416.0
1518	89.0	0.36304000000000003	0.8666405029231875	11975.0
1519	91.0	0.34408	0.937589245728557	13491.0
1520	95.0	0.34620000000000006	0.9594725079839367	12507.0
1521	122.0	0.35125999999999996	0.938615896740131	13844.0
1522	104.0	0.3471	0.9558830017158587	12051.0
1523	115.0	0.3424199999999999	0.9416132465073498	12651.0
1524	112.0	0.35233999999999993	0.9463758679566218	12716.0
1525	92.0	0.34218	0.9331687944478428	10691.0
1526	111.0	0.34796	0.9733904813990734	11469.0
1527	103.0	0.36624	0.9288889166832028	11344.0
1528	111.0	0.33669999999999994	0.8966570146517874	10675.0
1529	103.0	0.35148	0.9074517658534483	10945.0
1530	103.0	0.34685999999999995	0.9020493900515413	12378.0
1531	118.0	0.35246	0.9437946799121575	14877.0
1532	105.0	0.35173999999999994	0.8954252300853106	11224.0
1533	110.0	0.35244	0.9277938567030747	11287.0
1534	120.0	0.37686	0.8244561030271604	11725.0
1535	120.0	0.35986000000000007	0.8456199062992239	10806.0
1536	125.0	0.37681999999999993	0.8260609621028071	11760.0
1537	102.0	0.3643	0.9041650466560679	9289.0
1538	119.0	0.35696	0.9544675826745311	11045.0
1539	103.0	0.35711999999999994	0.9420965025317518	10527.0
1540	100.0	0.36573999999999995	0.8707818070998594	8417.0
1541	106.0	0.35712000000000005	0.935293447002037	10242.0
1542	110.0	0.36462000000000006	0.9826894655643029	11957.0
1543	118.0	0.3728799999999999	0.9651336083100148	14656.0
1544	121.0	0.37712	0.9346112884523761	14412.0
1545	110.0	0.39176	0.9472092366825141	14373.0
1546	128.0	0.38303999999999994	0.9337923146775595	15378.0
1547	136.0	0.39629999999999993	0.9323241988968274	20282.0
1548	123.0	0.39331999999999995	0.8731517692336762	18273.0
1549	133.0	0.4082	0.8224597723553162	19326.0
1550	155.0	0.41584000000000004	0.8264957764354611	22892.0
1551	144.0	0.39568	0.8872199172978021	24646.0
1552	131.0	0.3836	0.9105580210135809	22466.0
1553	134.0	0.40986000000000006	0.8576706623961597	23123.0
1554	131.0	0.40924000000000005	0.9107678527568376	22110.0
1555	136.0	0.39004000000000005	0.9053168823593892	21675.0
1556	123.0	0.39527999999999996	0.796972314741468	17461.0
1557	136.0	0.405	0.7663015469529081	14941.0
1558	160.0	0.3802	0.7965193989034485	14625.0
1559	138.0	0.39970000000000006	0.6841533448730626	12584.0
1560	134.0	0.4005	0.9552059898339885	10696.0
1561	116.0	0.39588	0.9586507910390831	11629.0
1562	110.0	0.38309999999999994	0.9244193559213626	11058.0
1563	140.0	0.38916000000000006	0.8987601223142725	12872.0
1564	128.0	0.39442	0.9016250607954502	11443.0
1565	109.0	0.3753	0.9585989882067876	10581.0
1566	107.0	0.38972	0.8491348489127806	10182.0
1567	112.0	0.3824	0.7444940153759912	10685.0
1568	125.0	0.3725	0.8669089804185868	11433.0
1569	118.0	0.3937	0.9017884677434033	13416.0
1570	116.0	0.41440000000000005	0.9251006840752244	14004.0
1571	132.0	0.39649999999999996	0.895648953307302	15059.0
1572	132.0	0.38718	0.9458648763332187	14813.0
1573	124.0	0.37744	0.8841064367729171	13940.0
1574	134.0	0.38092000000000004	0.9606207519730027	16182.0
1575	113.0	0.39036000000000004	0.9626602965849106	16037.0
1576	124.0	0.41495999999999994	0.9778214398691677	18364.0
1577	146.0	0.4049400000000001	0.84179613875008	18964.0
1578	151.0	0.4417000000000001	0.8046479758397207	24801.0
1579	170.0	0.41747999999999996	0.855421234774312	28965.0
1580	127.0	0.41452	0.8392174492278311	23006.0
1581	148.0	0.43352	0.782723904773456	21980.0
1582	118.0	0.42192	0.8158969468658537	20550.0
1583	150.0	0.41444	0.8784519055759179	22941.0
1584	140.0	0.41424000000000005	0.9213013181058399	23573.0
1585	133.0	0.40336	0.8051929138843571	19687.0
1586	149.0	0.42373999999999995	0.9292796737155018	23783.0
1587	118.0	0.41550000000000004	0.9013510390177555	18328.0
1588	119.0	0.4007	0.9185478774901836	18140.0
1589	121.0	0.40641999999999995	0.8555950417364652	16642.0
1590	135.0	0.4268200000000001	0.9384649386227021	20022.0
1591	136.0	0.41190000000000004	0.8394917443723018	19572.0
1592	119.0	0.45380000000000004	0.883897638715555	18361.0
1593	164.0	0.41758	0.775661323273399	20786.0
1594	138.0	0.38634	0.8676184574119695	20766.0
1595	133.0	0.40682	0.8454408618705824	21191.0
1596	114.0	0.36154000000000003	0.9103887537046337	19538.0
1597	128.0	0.3618999999999999	0.8486820013976776	19600.0
1598	117.0	0.35076	0.9183729035843667	18914.0
1599	129.0	0.34944	0.8657470736249048	17734.0
1600	136.0	0.38780000000000003	0.8268420607322745	20823.0
1601	134.0	0.43195999999999996	0.8471015404062067	23375.0
1602	131.0	0.42107999999999995	0.872620127702829	19147.0
1603	130.0	0.40478000000000003	0.921277517645679	19250.0
1604	118.0	0.41714	0.8435889547933971	19103.0
1605	132.0	0.42513999999999996	0.9006854438808456	22298.0
1606	126.0	0.40976	0.791342523226055	22794.0
1607	122.0	0.38786000000000004	0.8960350757727354	20748.0
1608	105.0	0.3743599999999999	0.9456975250366491	22374.0
1609	118.0	0.40864000000000006	0.9175389890364332	24617.0
1610	130.0	0.38760000000000006	0.9321162654993002	27343.0
1611	119.0	0.39444	0.901879268569005	43405.0
1612	123.0	0.4016199999999999	0.9283679772024568	27223.0
1613	134.0	0.40413999999999994	0.70670242653906	23906.0
1614	129.0	0.39398000000000005	0.8459576166416082	22139.0
1615	130.0	0.39793999999999996	0.7493792647166059	19746.0
1616	128.0	0.40452	0.8101651451466548	23752.0
1617	125.0	0.3839	0.9063037652268197	21699.0
1618	127.0	0.4542999999999999	0.8888828932845791	24187.0
1619	169.0	0.42967999999999995	0.811348830814185	26142.0
1620	139.0	0.41480000000000006	0.8643704638300378	20929.0
1621	117.0	0.41028	0.8721445821427273	15744.0
1622	109.0	0.39665999999999996	0.9411519105912406	13326.0
1623	111.0	0.41714	0.9337277295977383	14822.0
1624	109.0	0.39189999999999997	0.9628651860776075	12654.0
1625	123.0	0.3679999999999999	0.8704984857274041	11639.0
1626	130.0	0.39165999999999995	0.9274940761008211	12678.0
1627	132.0	0.37008	0.9245451977225758	11788.0
1628	118.0	0.38347999999999993	0.9459429638866651	11845.0
1629	111.0	0.3854600000000001	0.8684182269154325	10328.0
1630	138.0	0.37052	0.9543563683417176	12130.0
1631	125.0	0.3863	0.9408099133135326	11680.0
1632	124.0	0.3623400000000001	0.9711545038195908	10321.0
1633	90.0	0.37624	0.8852141427238993	7960.0
1634	130.0	0.38974	0.8009957979284774	10234.0
1635	109.0	0.3821	0.8582506787475238	9621.0
1636	121.0	0.3829000000000001	0.9506198743853645	11587.0
1637	123.0	0.40715999999999997	0.9737195212564459	12417.0
1638	129.0	0.39186	0.9553737638563243	11848.0
1639	122.0	0.37782000000000004	0.9589537460619111	11568.0
1640	104.0	0.38116	0.9321402186976216	10339.0
1641	104.0	0.36654000000000003	0.8344282948064972	9365.0
1642	127.0	0.38836	0.8315812057652717	11526.0
1643	123.0	0.40662	0.869723349628876	15090.0
1644	103.0	0.38745999999999997	0.9383501724325131	13461.0
1645	94.0	0.3844400000000001	0.9229727470624021	12016.0
1646	97.0	0.40514000000000006	0.9544326037402219	13061.0
1647	119.0	0.40773999999999994	0.9247331552061587	13975.0
1648	135.0	0.39432	0.9456144480062131	13746.0
1649	116.0	0.39413999999999993	0.8625716563115633	10460.0
1650	121.0	0.39366	0.9304149522868693	11876.0
1651	94.0	0.39472	0.9738797405134068	9968.0
1652	119.0	0.36626	0.9814150051709842	10811.0
1653	119.0	0.3710600000000001	0.9614876007005522	10212.0
1654	120.0	0.3779800000000001	0.8348760586870386	9706.0
1655	113.0	0.38012000000000007	0.8537844580801128	9838.0
1656	152.0	0.37962	0.9428739721792672	11538.0
1657	108.0	0.36097999999999997	0.916678198117924	9353.0
1658	107.0	0.36477999999999994	0.905886284346409	9710.0
1659	104.0	0.39632	0.8929905421006736	9111.0
1660	118.0	0.36534	0.9334645127192095	9717.0
1661	99.0	0.36198	0.8772296509660629	8324.0
1662	111.0	0.37104000000000004	0.902155272669607	9678.0
1663	138.0	0.35448	0.8351147430443697	10411.0
1664	124.0	0.35646	0.8819430769930598	9259.0
1665	108.0	0.3757400000000001	0.74825833614073	8088.0
1666	103.0	0.36866	0.9168453692629052	8895.0
1667	121.0	0.34962	0.8344112692905107	8561.0
1668	118.0	0.36638	0.8300373477304113	9010.0
1669	103.0	0.34952	0.9419957158652562	8866.0
1670	101.0	0.36121999999999993	0.8711888561332939	8803.0
1671	112.0	0.3746400000000001	0.9126947280673355	10003.0
1672	121.0	0.36678000000000005	0.8475912206794954	10415.0
1673	117.0	0.36564	0.9541891004877299	10108.0
1674	128.0	0.3821399999999999	0.9472812972283391	10902.0
1675	120.0	0.38520000000000004	0.8581763870274141	10521.0
1676	118.0	0.36983999999999995	0.8166910702303167	8881.0
1677	121.0	0.37856	0.8940875420604953	10374.0
1678	144.0	0.38238000000000005	0.8487151935593513	11494.0
1679	111.0	0.38056000000000006	0.8955340607854083	9657.0
1680	116.0	0.38304000000000005	0.9041426016463602	10515.0
1681	129.0	0.38732000000000005	0.8307342966903493	10399.0
1682	131.0	0.4101000000000001	0.8985735973898085	12586.0
1683	148.0	0.41194000000000003	0.9084192666318495	14516.0
1684	133.0	0.43463999999999997	0.9015532954556398	14550.0
1685	140.0	0.42644000000000004	0.8627976317317416	14816.0
1686	127.0	0.4643	0.7461526663480315	14402.0
1687	152.0	0.42254	0.8057106120504924	14404.0
1688	150.0	0.4247599999999999	0.8249919326669656	14425.0
1689	147.0	0.42606	0.798788756825889	14178.0
1690	119.0	0.42116	0.6694902038165368	8105.0
1691	126.0	0.41777999999999993	0.7427335446056914	9269.0
1692	109.0	0.38874	0.8746995360884958	10684.0
1693	141.0	0.40256000000000003	0.8228090371919914	12520.0
1694	135.0	0.39652	0.9121455109770846	12306.0
1695	104.0	0.38134	0.8972499258884364	9367.0
1696	128.0	0.38716	0.8559331402973485	11598.0
1697	131.0	0.37388	0.870992511608631	11266.0
1698	128.0	0.37516000000000005	0.9114051641840194	11146.0
1699	110.0	0.37244000000000005	0.9111341765893113	9898.0
1700	127.0	0.39686	0.7603719776875933	10200.0
1701	103.0	0.38122	0.9292395985857117	9237.0
1702	123.0	0.37158	0.9064247276221093	10491.0
1703	115.0	0.39258000000000004	0.9525239237621286	10319.0
1704	92.0	0.38106	0.9761775747041569	9410.0
1705	106.0	0.37244	0.9728445056651834	9962.0
1706	102.0	0.39480000000000004	0.8792856114978774	10008.0
1707	159.0	0.40756	0.7137070964293857	11364.0
1708	108.0	0.37459999999999993	0.9493443089586918	10999.0
1709	116.0	0.36554000000000003	0.9198221149857866	9946.0
1710	88.0	0.40242	0.8732213484790013	9145.0
1711	126.0	0.3968	0.9322724287800046	13111.0
1712	141.0	0.39588	0.9640001469010053	13965.0
1713	116.0	0.39360000000000006	0.8382329650426611	10314.0
1714	112.0	0.38404000000000005	0.8851508863506794	11040.0
1715	95.0	0.36726	0.9430928554089216	9854.0
1716	116.0	0.41968000000000005	0.819137386493792	14250.0
1717	126.0	0.4021	0.8670683553093702	16880.0
1718	143.0	0.4199	0.9604690535289727	20013.0
1719	148.0	0.412	0.9024198058659045	20792.0
1720	121.0	0.4179	0.9314859558016115	18101.0
1721	142.0	0.42108000000000007	0.9128622681299502	21012.0
1722	114.0	0.40698	0.8607208317658311	17614.0
1723	145.0	0.40529999999999994	0.9048936422635915	20815.0
1724	139.0	0.42882000000000003	0.8242806107442138	24657.0
1725	136.0	0.40436	0.9138507656852582	24434.0
1726	107.0	0.3989999999999999	0.8844592322510794	22676.0
1727	147.0	0.37034000000000006	0.8551608930343076	23615.0
1728	131.0	0.40009999999999996	0.6686967772693341	20873.0
1729	151.0	0.38554	0.46851968701743596	17187.0
1730	138.0	0.3967600000000001	0.6446248652066885	21498.0
1731	146.0	0.43004	0.8106381232792533	26735.0
1732	165.0	0.39031999999999994	0.8314582240493319	27250.0
1733	134.0	0.41324	0.7861374555606344	20859.0
1734	119.0	0.38866000000000006	0.8655091398617871	19288.0
1735	114.0	0.41006	0.9049054788876809	18659.0
1736	153.0	0.42172	0.9017416365461985	23112.0
1737	125.0	0.4169800000000001	0.9118967810484301	20249.0
1738	140.0	0.42524000000000006	0.8778592216220202	23895.0
1739	129.0	0.42713999999999996	0.8210873773185348	23080.0
1740	148.0	0.43933999999999995	0.8345171638530572	23927.0
1741	138.0	0.42914	0.8846916867107597	20532.0
1742	131.0	0.41485999999999995	0.7826456775129438	15566.0
1743	107.0	0.39292	0.94811965722723	13794.0
1744	132.0	0.40704	0.9100404887523222	15884.0
1745	130.0	0.4046	0.9274615012307997	15036.0
1746	146.0	0.39580000000000004	0.9506718450122228	15654.0
1747	124.0	0.39928000000000013	0.964694895910744	15642.0
1748	121.0	0.40993999999999997	0.9701721600906154	15691.0
1749	124.0	0.4061199999999999	0.9690285543987467	15386.0
1750	112.0	0.40832	0.9344554966588173	13855.0
1751	139.0	0.41734000000000004	0.9676929317832098	17527.0
1752	107.0	0.42003999999999997	0.9808385053246285	14936.0
1753	134.0	0.41804	0.8241940795299334	15088.0
1754	120.0	0.38129999999999986	0.9078347216860133	13184.0
1755	113.0	0.40685999999999994	0.9148182335263471	13294.0
1756	129.0	0.42072000000000004	0.9248039640284289	15436.0
1757	121.0	0.39932	0.8672655543251422	15012.0
1758	121.0	0.40985999999999995	0.9021046635170236	15181.0
1759	128.0	0.4042	0.8479819938750744	16224.0
1760	119.0	0.4315800000000001	0.9359432388423344	18179.0
1761	115.0	0.41491999999999996	0.659111426861764	15835.0
1762	120.0	0.44927999999999996	0.9418879118078617	19078.0
1763	121.0	0.38323999999999997	0.9086721460317845	17855.0
1764	93.0	0.35616	0.9424022039258563	14995.0
1765	112.0	0.34987999999999997	0.9137675670170138	15966.0
1766	125.0	0.38096	0.7907719701988993	18656.0
1767	163.0	0.40214	0.5652940394285256	19678.0
1768	143.0	0.38539999999999996	0.5314932957660659	18372.0
1769	149.0	0.40141999999999994	0.6356607669435359	22309.0
1770	157.0	0.4021	0.8578182049509782	26937.0
1771	145.0	0.39205999999999996	0.8824759850721617	25787.0
1772	147.0	0.38770000000000004	0.8907064808798747	24420.0
1773	123.0	0.45954	0.8259964955562601	22300.0
1774	117.0	0.43256000000000006	0.7633713391269724	21030.0
1775	156.0	0.43732	0.5924009019188784	22717.0
1776	153.0	0.42117999999999994	0.7827165650178197	23791.0
1777	134.0	0.42152	0.8355898596020384	24223.0
1778	129.0	0.38414000000000004	0.9102456656982008	23883.0
1779	130.0	0.39792	0.7443270028760229	22231.0
1780	140.0	0.4027199999999999	0.8119693579596975	21964.0
1781	136.0	0.40373999999999993	0.7945002667505249	20611.0
1782	139.0	0.40338000000000007	0.8961148521783612	20995.0
1783	122.0	0.417	0.8895244587682777	18452.0
1784	130.0	0.41862	0.7662397200608159	18741.0
1785	121.0	0.41946000000000006	0.9603362271491146	19746.0
1786	125.0	0.4075	0.9597739562175225	18442.0
1787	116.0	0.4147	0.9513697086371029	18671.0
1788	127.0	0.4263	0.9599816716093218	19602.0
1789	140.0	0.40096	0.892624899641019	19539.0
1790	126.0	0.40549999999999997	0.8947205984621961	18710.0
1791	122.0	0.42272	0.9526168580997788	18886.0
1792	105.0	0.38404000000000005	0.9378129274938436	17436.0
1793	132.0	0.39948000000000006	0.8307114109557169	18798.0
1794	115.0	0.40349999999999997	0.9228497853696104	19035.0
1795	113.0	0.39264000000000004	0.9577398142639035	18005.0
1796	128.0	0.40866	0.9391662282127171	20941.0
1797	128.0	0.42398	0.9225716405748601	22247.0
1798	134.0	0.41564000000000006	0.9070941525245535	23719.0
1799	151.0	0.4076399999999999	0.8778749019066467	28348.0
1800	155.0	0.42827999999999994	0.7590958118794661	29574.0
1801	150.0	0.42996	0.8308280762124769	29865.0
1802	115.0	0.44466000000000006	0.8954141790749789	30763.0
1803	135.0	0.43631999999999993	0.9076250958536048	32214.0
1804	123.0	0.45316	0.9735987941362677	33024.0
1805	150.0	0.47128	0.9310762195567819	30178.0
1806	100.0	0.4439	0.928821275317105	26983.0
1807	119.0	0.41803999999999997	0.8254323762688621	26110.0
1808	119.0	0.44576	0.9163056591507692	33637.0
1809	149.0	0.47602000000000005	0.8303468121817171	30565.0
1810	135.0	0.45507999999999993	0.5186938990100541	17870.0
1811	122.0	0.44787999999999994	0.7913556831487321	22511.0
1812	146.0	0.43857999999999997	0.775835587027027	23786.0
1813	155.0	0.45564	0.8100676434566916	26119.0
1814	137.0	0.46104	0.6089065704542593	20954.0
1815	139.0	0.41495999999999994	0.793562363757832	19319.0
1816	146.0	0.42532000000000003	0.8309242137541895	20768.0
1817	142.0	0.45626	0.8135915513319103	21142.0
1818	162.0	0.46086000000000005	0.7109268121240326	25245.0
1819	173.0	0.44418	0.6918726231308036	25039.0
1820	164.0	0.43437999999999993	0.8103806955039097	26393.0
1821	122.0	0.3951800000000001	0.9004711654254388	19645.0
1822	145.0	0.46646	0.7935318588006124	24422.0
1823	139.0	0.47303999999999996	0.8462620811007202	24689.0
1824	121.0	0.4098399999999999	0.762983098754633	19137.0
1825	124.0	0.41752	0.8820237764651792	20195.0
1826	114.0	0.4270999999999999	0.9174677190961238	21535.0
1827	120.0	0.42012000000000005	0.9555090971987015	24720.0
1828	130.0	0.44498	0.9541576480009276	26951.0
1829	106.0	0.37483999999999995	0.8605766911175177	18282.0
1830	124.0	0.40220000000000006	0.8613415272428502	21223.0
1831	136.0	0.4491799999999999	0.8829190720958251	25931.0
1832	102.0	0.45541999999999994	0.933076685502743	21113.0
1833	112.0	0.44758000000000003	0.9474482533754218	21329.0
1834	124.0	0.40196000000000004	0.846568663502409	18135.0
1835	119.0	0.43116	0.9054742443777332	18917.0
1836	118.0	0.41419999999999996	0.9116569213485507	18673.0
1837	112.0	0.41727999999999993	0.8927842917041249	18262.0
1838	106.0	0.4082	0.8680489883250716	20438.0
1839	112.0	0.48741999999999996	0.9566897671285192	25288.0
1840	117.0	0.50936	0.9632833518020043	24066.0
1841	105.0	0.5138400000000001	0.9006902268901493	21938.0
1842	117.0	0.47564	0.9418411922380189	21126.0
1843	123.0	0.44278000000000006	0.9157883563085089	20694.0
1844	109.0	0.4992599999999999	0.9643206397085116	23879.0
1845	108.0	0.50364	0.9492936184629288	22190.0
1846	105.0	0.40702000000000005	0.7924900122763843	18113.0
1848	12.0	0.06858	0.127136042408996	2618.0
1849	117.0	0.47220000000000006	0.9351134025215789	20330.0
1850	74.0	0.27302	0.55715276659038	13088.0
1853	39.0	0.20193999999999998	0.41206756570124425	6976.0
1854	117.0	0.43687999999999994	0.9476070576875143	19720.0
1855	126.0	0.45904000000000006	0.9674431760947102	20752.0
1856	108.0	0.425	0.948670840199286	18078.0
1857	128.0	0.42228	0.9301861317330112	19141.0
1858	110.0	0.3936	0.8245463983852429	13457.0
1859	138.0	0.42544	0.4340095469169727	16916.0
1860	112.0	0.38908000000000004	0.918431975041054	16120.0
1861	105.0	0.39390000000000003	0.908179569643299	15971.0
1862	131.0	0.37433999999999995	0.9390777659750004	17724.0
1863	132.0	0.39538000000000006	0.8458113316432354	17739.0
1864	145.0	0.41273999999999994	0.9033828598454167	20911.0
1865	110.0	0.38504	0.9305015320544514	17500.0
1866	109.0	0.39480000000000004	0.9678039250420036	16985.0
1867	128.0	0.40686	0.9448781016965487	18530.0
1868	121.0	0.39974000000000004	0.8957839317362032	18869.0
1869	120.0	0.41178000000000003	0.8332340220014601	17603.0
1870	108.0	0.43184000000000006	0.6153216238719356	20119.0
1871	113.0	0.4210000000000001	0.9135160060905483	25083.0
1872	116.0	0.44398000000000004	0.9385527874916589	24076.0
1873	122.0	0.47635999999999995	0.9502162765654826	26509.0
1874	133.0	0.45263999999999993	0.9499273073620108	26624.0
1875	109.0	0.42602000000000007	0.8689522532756568	21600.0
1876	117.0	0.4441600000000001	0.9204615224324909	25033.0
1877	117.0	0.43317999999999995	0.8948595290157236	25757.0
1878	119.0	0.46620000000000006	0.908791126502351	26897.0
1879	119.0	0.4177000000000001	0.8506935760282645	24590.0
1880	102.0	0.3841799999999999	0.9141862303770883	21904.0
1881	126.0	0.38408000000000003	0.9219715087185003	25270.0
1882	138.0	0.40792000000000006	0.8924338533569155	35829.0
1883	107.0	0.43122	0.9223030828478829	33588.0
1884	110.0	0.38803999999999994	0.8229165501495491	27286.0
1885	116.0	0.4112199999999999	0.9322291964462865	32597.0
1886	106.0	0.42057999999999995	0.8909123767537369	29214.0
1887	122.0	0.40275999999999995	0.8386404401085858	28291.0
1888	132.0	0.42006	0.8663368198330582	35076.0
1889	134.0	0.4689400000000001	0.9029349134744882	38144.0
1890	105.0	0.45096	0.9182703517505385	35491.0
1891	145.0	0.47666	0.8831373617890755	42264.0
1892	120.0	0.46314	0.9431737008571062	44993.0
1893	120.0	0.4603400000000001	0.9087474007426944	44695.0
1894	154.0	0.45554	0.8413707554879865	48708.0
1895	134.0	0.42716	0.8490595265224166	38940.0
1896	121.0	0.40803999999999996	0.8241333918925929	34449.0
1897	135.0	0.43748000000000004	0.7195337786550753	39851.0
1898	116.0	0.48506	0.801565398551095	44293.0
1899	140.0	0.43129999999999996	0.7063708479453734	34500.0
1900	130.0	0.41358000000000006	0.9220272045964657	38276.0
1901	123.0	0.39669999999999994	0.9078096881822072	42445.0
1902	120.0	0.39192	0.8133294881297554	32439.0
1903	135.0	0.37944	0.8696813207385696	37691.0
1904	113.0	0.39146000000000003	0.8401973026145272	32734.0
1905	112.0	0.39049999999999996	0.9240396962056695	35295.0
1906	140.0	0.40586	0.632855376559599	33803.0
1907	147.0	0.45086	0.8960913620795659	44268.0
1908	154.0	0.49335999999999997	0.8747958686160282	47967.0
1909	132.0	0.47372	0.9023303728965498	42907.0
1910	157.0	0.48463999999999996	0.8265444008366969	47012.0
1911	137.0	0.43164	0.6907846817706935	36400.0
1912	140.0	0.40688	0.7743273702225257	36113.0
1913	134.0	0.44442	0.6828599531492857	36703.0
1914	117.0	0.49095999999999995	0.8696650448904069	37190.0
1915	117.0	0.5018	0.7942635225664044	38763.0
1916	160.0	0.5259400000000001	0.85739223645151	54168.0
1917	105.0	0.5546800000000001	0.9260414723143279	42606.0
1918	140.0	0.5176	0.829554128567759	45312.0
1919	107.0	0.53654	0.9344436644758293	39352.0
1920	106.0	0.49178	0.9611578852533842	35188.0
1921	100.0	0.5216600000000001	0.9024564955144255	37470.0
1922	130.0	0.41652	0.7255279788723075	35222.0
1923	174.0	0.41426	0.8862979538873734	42774.0
1924	137.0	0.42232	0.8915008110063268	44996.0
1925	135.0	0.43326	0.926086922237776	44099.0
1926	109.0	0.46312	0.9353996652515867	38095.0
1927	94.0	0.49376000000000003	0.9003184033120541	34289.0
1928	71.0	0.5413600000000001	0.9325999505264299	26259.0
1929	128.0	0.43835999999999997	0.9339317719651907	35211.0
1930	115.0	0.3821	0.8051194069625652	29561.0
1931	111.0	0.45543999999999996	0.9308935560995963	31392.0
1932	109.0	0.42666	0.8729631939616721	30889.0
1933	99.0	0.53202	0.9519987847146081	36491.0
1934	105.0	0.5147800000000001	0.8912805049858852	36330.0
1935	137.0	0.41038	0.8186366250579201	37014.0
1936	128.0	0.3905199999999999	0.8133764728617561	36321.0
1937	125.0	0.41096	0.6907693312422247	31394.0
1938	134.0	0.44836	0.9071599145024518	46291.0
1939	144.0	0.40316	0.754289593210305	40547.0
1940	130.0	0.41065999999999997	0.7357209248884466	38782.0
1941	138.0	0.46579999999999994	0.590701662790023	29345.0
1942	151.0	0.43732	0.4381736002435446	18928.0
1943	153.0	0.40767999999999993	0.46514510495836336	23954.0
1944	129.0	0.4011599999999999	0.8204829795240678	32423.0
1945	129.0	0.39904000000000006	0.7651918960811307	33501.0
1946	116.0	0.43218	0.7653765939002	31330.0
1947	172.0	0.48562	0.813453559543956	45435.0
1948	137.0	0.46273999999999993	0.8455809317604593	39048.0
1949	153.0	0.4357999999999999	0.8336205855174145	42799.0
1950	121.0	0.40928000000000003	0.8824296160307703	34995.0
1951	126.0	0.42656	0.9017751251014194	39028.0
1952	139.0	0.41697999999999985	0.8874207650958729	40450.0
1953	107.0	0.44644	0.923775186090223	37762.0
1954	143.0	0.43448	0.8995834363013606	42479.0
1955	112.0	0.42122	0.9379032478254388	34834.0
1956	114.0	0.45188	0.9593861194330993	37391.0
1957	143.0	0.48658	0.9527947319598934	45148.0
1958	104.0	0.40176	0.8823397662610631	32791.0
1959	119.0	0.40172	0.9245488538203752	37652.0
1960	135.0	0.39668	0.8322225584765451	37735.0
1961	140.0	0.41298	0.868549196951567	38988.0
1962	150.0	0.4452199999999999	0.843973511445279	39913.0
1963	132.0	0.41782	0.8368825851930504	39911.0
1964	101.0	0.4635	0.9664058713865487	37695.0
1965	106.0	0.46952	0.9282742385000258	37011.0
1966	126.0	0.47507999999999995	0.9186615878233942	40061.0
1967	139.0	0.46698000000000006	0.9346940383118355	42207.0
1968	111.0	0.4233199999999999	0.924414208976269	31612.0
1969	143.0	0.44686	0.8059173070191915	35277.0
1970	127.0	0.46664	0.9325067153042143	38162.0
1971	137.0	0.42479999999999996	0.9273415143872602	37955.0
1972	123.0	0.38506	0.9061135083947225	34458.0
1973	104.0	0.34635999999999995	0.9483145356901522	27850.0
1974	98.0	0.36601999999999996	0.8977014207545941	26891.0
1975	118.0	0.46027999999999997	0.9088666409482784	33848.0
1976	113.0	0.48194000000000004	0.922534742456509	35439.0
1977	122.0	0.44986000000000004	0.9429335620807527	36545.0
1978	125.0	0.46653999999999995	0.9076780511207336	34210.0
1979	121.0	0.4607	0.927484584390795	36967.0
1980	142.0	0.43005999999999994	0.8445733529724735	41091.0
1981	161.0	0.4406199999999999	0.8318113159525421	42423.0
1982	169.0	0.43216	0.7961576893520713	42198.0
1983	172.0	0.43779999999999997	0.7925691933697745	45582.0
1984	157.0	0.4345800000000001	0.8353234808843166	43122.0
1985	137.0	0.44958	0.8619999917530639	38695.0
1986	158.0	0.41214	0.8491489083337744	41537.0
1987	152.0	0.4294799999999999	0.8088336511891423	39899.0
1988	165.0	0.44270000000000004	0.7582509167384143	41043.0
1989	150.0	0.43916	0.7851270811433481	36166.0
1990	139.0	0.39086000000000004	0.9042706864819336	35448.0
1991	130.0	0.3869	0.7627710213358211	29231.0
1992	117.0	0.39488000000000006	0.8790209129511432	33594.0
1993	144.0	0.46718	0.4764969639713789	23035.0
1994	146.0	0.42158	0.4579063207532173	22614.0
1995	145.0	0.42386	0.5419514844456843	26663.0
1996	127.0	0.44083999999999995	0.7496633196189921	35953.0
1997	120.0	0.40956	0.6406821181349993	35166.0
1998	112.0	0.40281999999999996	0.5182899513098651	32693.0
1999	135.0	0.40360000000000007	0.42571793220451865	27275.0
2000	132.0	0.39732	0.6890460121328177	38316.0
2001	122.0	0.45480000000000004	0.9077970223665397	41614.0
2002	143.0	0.46948	0.8655921729593044	49158.0
2003	114.0	0.43401999999999996	0.9571302361233525	40766.0
2004	100.0	0.38646	0.9280922468154783	37051.0
2005	118.0	0.4638400000000001	0.9102207865658168	43582.0
2006	143.0	0.46562	0.7876944126199924	42376.0
2007	144.0	0.42706000000000005	0.8942346287160371	48848.0
2008	112.0	0.37164	0.9503892422816947	35698.0
2009	112.0	0.43406000000000006	0.9134489199519173	43794.0
2010	137.0	0.44948	0.9395366798518652	50368.0
2011	125.0	0.42254	0.892375248210141	41220.0
2012	125.0	0.44984	0.8983538501170557	36871.0
2013	116.0	0.4167800000000001	0.9099905967469001	43179.0
2014	144.0	0.43678000000000006	0.8028793115740727	50228.0
2015	156.0	0.43670000000000003	0.8490891627646107	52938.0
2016	160.0	0.46142000000000005	0.7870489784150841	57739.0
2017	173.0	0.48152	0.8566825038093773	58554.0
2018	134.0	0.48058	0.8939763862058708	50967.0
2019	124.0	0.5096399999999999	0.893409652885473	55418.0
2020	141.0	0.45802	0.8008799138224417	53692.0
2021	137.0	0.47274	0.9206177627669735	60540.0
2022	126.0	0.44984	0.9396973387317161	48397.0
2023	141.0	0.4648400000000001	0.9124972332034386	53957.0
2024	138.0	0.44872	0.925786070655407	48173.0
2025	117.0	0.44693999999999995	0.8525372746149584	42315.0
2026	127.0	0.44636	0.9546693632599694	45609.0
2027	115.0	0.46625999999999995	0.9393905066427292	44980.0
2028	142.0	0.44534	0.9045817572906614	48305.0
2029	142.0	0.48241999999999996	0.9400999060739929	52642.0
2030	134.0	0.4558	0.9336364192894677	46954.0
2031	151.0	0.47082	0.8860368263699256	58759.0
2032	141.0	0.45804	0.9077528778442142	61831.0
2033	144.0	0.44438	0.9189339838028676	57680.0
2034	124.0	0.47529999999999994	0.9640417806930583	65908.0
2035	130.0	0.47050000000000003	0.913234581046512	51941.0
2036	136.0	0.45438	0.9622250359245618	55313.0
2037	123.0	0.40846	0.9525875780511589	45242.0
2038	104.0	0.41686000000000006	0.9496086726251521	41231.0
2039	143.0	0.4189	0.9426927891935721	45629.0
2040	115.0	0.41595999999999994	0.881056045960963	37047.0
2041	117.0	0.41764	0.9419517295068727	35769.0
2042	137.0	0.46277999999999997	0.9652394389343613	40715.0
2043	129.0	0.4206	0.9571339987779921	37219.0
2044	113.0	0.40803999999999996	0.9531834145268889	31529.0
2045	124.0	0.40537999999999996	0.8568985738980645	27573.0
2046	129.0	0.40409999999999996	0.9522375469940111	30159.0
2047	133.0	0.38471999999999995	0.9511312320041374	30391.0
2048	108.0	0.38789999999999997	0.8092890417548411	24139.0
2049	117.0	0.37464	0.9480607909340871	27486.0
2050	120.0	0.38276000000000004	0.9348140663993125	29569.0
2051	117.0	0.41072	0.9624650020266905	32627.0
2052	136.0	0.40534000000000003	0.8803844350921137	34509.0
2053	119.0	0.3818	0.9001283992537529	31512.0
2054	119.0	0.36430000000000007	0.9401094889611549	31086.0
2055	121.0	0.38292000000000004	0.8278838520193447	32341.0
2056	119.0	0.37715999999999994	0.8326376125193231	33332.0
2057	126.0	0.3804600000000001	0.8739711598305004	34393.0
2058	117.0	0.38874000000000003	0.736086070595159	30750.0
2059	130.0	0.38236	0.8394761395029644	35509.0
2060	154.0	0.39157999999999993	0.7865070269351988	36375.0
2061	123.0	0.39339999999999997	0.9160205434755678	37620.0
2062	134.0	0.3943000000000001	0.8683064123678599	38127.0
2063	151.0	0.42937999999999993	0.8349636180713511	40930.0
2064	145.0	0.42208000000000007	0.8830972691839606	39418.0
2065	130.0	0.38388	0.8053757269540704	31302.0
2066	131.0	0.3937	0.9041932043053091	32921.0
2067	113.0	0.39862000000000003	0.8292722775629521	27758.0
2068	96.0	0.39538000000000006	0.8556354510947026	20641.0
2069	150.0	0.41174	0.6750085434458407	23244.0
2070	118.0	0.38420000000000004	0.679413592444286	17416.0
2071	108.0	0.3794599999999999	0.801390447534396	15367.0
2072	96.0	0.37310000000000004	0.8817128875404889	14578.0
2073	116.0	0.39319999999999994	0.9081318395207794	17784.0
2074	110.0	0.37268	0.859230581226577	14281.0
2075	103.0	0.37518000000000007	0.9741636072852076	16255.0
2076	123.0	0.38518	0.9511891719948105	18647.0
2077	119.0	0.3923	0.8193686414696351	16276.0
2078	105.0	0.37954	0.8789479323818856	15371.0
2079	113.0	0.37684000000000006	0.9537370699372003	18608.0
2080	120.0	0.3782	0.9503507325742729	22930.0
2081	144.0	0.39576000000000006	0.8269464584740858	28040.0
2082	124.0	0.39314	0.9047236850338822	33608.0
2083	139.0	0.39202	0.9354968050408273	32421.0
2084	140.0	0.41528000000000004	0.9344425271782378	33849.0
2085	127.0	0.37948	0.8781742912152372	28208.0
2086	131.0	0.39318000000000003	0.9305868098951449	30175.0
2087	107.0	0.39492000000000005	0.9239149259017191	21706.0
2088	126.0	0.36095999999999995	0.9506707981901591	19265.0
2089	104.0	0.38433999999999996	0.9321747698427106	19442.0
2090	130.0	0.36867999999999995	0.9742805096433587	20017.0
2091	116.0	0.37515999999999994	0.8189523257213096	25858.0
2092	110.0	0.37309999999999993	0.906254731638222	28600.0
2093	117.0	0.35684	0.9207527357650901	23716.0
2094	109.0	0.3710600000000001	0.901642782108098	19455.0
2095	105.0	0.3569	0.9202367449912887	16551.0
2096	101.0	0.35946	0.8728459491304963	15303.0
2097	119.0	0.35816000000000003	0.8139676528909323	16269.0
2098	113.0	0.36034	0.7693054895824057	14577.0
2099	103.0	0.35246	0.8524618341311453	13269.0
2100	110.0	0.34822000000000003	0.9459164741194279	15448.0
2101	103.0	0.35629999999999995	0.8714377214481028	13147.0
2102	99.0	0.35147999999999996	0.7930498602917809	12177.0
2103	109.0	0.37442	0.8853238446011288	15267.0
2104	117.0	0.35144000000000003	0.8843277246724964	15364.0
2105	107.0	0.3442	0.9357401726795689	13014.0
2106	106.0	0.33846	0.965933942540988	12986.0
2107	129.0	0.36096000000000006	0.8271285244035063	15414.0
2108	105.0	0.33940000000000003	0.949299140113879	13547.0
2109	92.0	0.34153999999999995	0.8680596792481262	11350.0
2110	109.0	0.34431999999999996	0.9534599058537031	13733.0
2111	104.0	0.3551	0.791188497964718	12620.0
2112	96.0	0.34265999999999996	0.946178746528513	12128.0
2113	82.0	0.3383	0.8254852880777168	10635.0
2114	107.0	0.35527999999999993	0.9607212951108	13749.0
2115	109.0	0.32278	0.9554045594334851	13548.0
2116	107.0	0.33628	0.9046886290168021	12398.0
2117	74.0	0.34794	0.9425179356510935	10219.0
2118	92.0	0.35722000000000004	0.8778964905891188	10976.0
2119	114.0	0.36486	0.8718184474082108	14581.0
2120	103.0	0.34984000000000004	0.852356010527817	12762.0
2121	110.0	0.35608000000000006	0.9195367082409991	14017.0
2122	116.0	0.34872	0.9249585401939528	13495.0
2123	79.0	0.3426200000000001	0.872345748710931	11096.0
2124	100.0	0.3745799999999999	0.8273038619033337	12919.0
2125	108.0	0.35172	0.8901726237781934	14408.0
2126	94.0	0.35396	0.9366587010654547	13460.0
2127	106.0	0.35688000000000003	0.8252303589630263	13361.0
2128	102.0	0.34840000000000004	0.9307581582563823	13638.0
2129	118.0	0.36167999999999995	0.8973334339396721	15117.0
2130	111.0	0.3498199999999999	0.8560198641430284	14067.0
2131	112.0	0.35076	0.9429238824328412	14398.0
2132	95.0	0.34494	0.8551420352925221	11700.0
2133	85.0	0.34545999999999993	0.9660356738840452	11817.0
2134	113.0	0.36192	0.937475740057217	15179.0
2135	103.0	0.36814	0.8843488306933444	14219.0
2136	99.0	0.36573999999999995	0.789112218199604	16129.0
2137	113.0	0.36724	0.9696847643423459	25781.0
2138	113.0	0.35564	0.9474531425728572	18114.0
2139	145.0	0.3856200000000001	0.804463681819751	18739.0
2140	112.0	0.36396	0.9388023658909679	16484.0
2141	131.0	0.38752000000000003	0.8643481512133538	16819.0
2142	122.0	0.39112	0.8881090351474262	16832.0
2143	99.0	0.36294	0.8766641810599908	13726.0
2144	124.0	0.36744	0.9267097879781286	16639.0
2145	136.0	0.37962	0.8646737785842515	17810.0
2146	113.0	0.35710000000000003	0.9194765491591058	16029.0
2147	100.0	0.3722000000000001	0.8487930334218846	14734.0
2148	112.0	0.36160000000000003	0.8820304125763492	17790.0
2149	133.0	0.38214	0.6972990553195753	22232.0
2150	93.0	0.37172000000000005	0.9328397998070497	29140.0
2151	114.0	0.44062000000000007	0.943948381357336	33177.0
2152	118.0	0.44304000000000004	0.912141170577744	30848.0
2153	158.0	0.42907999999999996	0.8868026747793012	33168.0
2154	156.0	0.42363999999999996	0.8312125378618441	35347.0
2155	129.0	0.4139999999999999	0.8120749731799387	30718.0
2156	159.0	0.43931999999999993	0.7776020206002907	33622.0
2157	154.0	0.44034	0.7976371959892067	32210.0
2158	182.0	0.42879999999999996	0.8404269660169088	37169.0
2159	150.0	0.42039999999999994	0.8535456413102268	30924.0
2160	130.0	0.4058	0.8941017206724531	29944.0
2161	125.0	0.38498000000000004	0.9389067755116597	28600.0
2162	119.0	0.3669799999999999	0.9209060971283685	26414.0
2163	146.0	0.39868000000000003	0.8878930022736938	35096.0
2164	133.0	0.39134	0.9181068766453774	35279.0
2165	133.0	0.38102	0.6901428801863633	26702.0
2166	118.0	0.37544	0.703713826508573	24206.0
2167	115.0	0.36417999999999995	0.9008445930093752	30936.0
2168	131.0	0.41546	0.9239506293819263	39688.0
2169	122.0	0.3853599999999999	0.8347997723118408	33276.0
2170	123.0	0.37714	0.6172593643938198	26163.0
2171	87.0	0.41775999999999996	0.8149547949014172	21810.0
2172	111.0	0.40966	0.93921365523479	31086.0
2173	114.0	0.40684	0.8877767337018941	25169.0
2174	103.0	0.37757999999999986	0.9521021231713175	19769.0
2175	118.0	0.40928000000000003	0.8981234615144325	21375.0
2176	120.0	0.40096	0.8993521412259838	19545.0
2177	125.0	0.38461999999999996	0.8911185721608782	19755.0
2178	107.0	0.38432	0.7329208590816794	13554.0
2179	137.0	0.36595999999999995	0.8378417719122162	17957.0
2180	114.0	0.37418	0.8809988539785647	15142.0
2181	132.0	0.38050000000000006	0.9376946784846293	18871.0
2182	111.0	0.36372000000000004	0.9223182734002536	15985.0
2183	112.0	0.38676	0.9682693363616145	15920.0
2184	129.0	0.3931799999999999	0.8829456355346581	19144.0
2185	124.0	0.39146000000000003	0.8611988432177206	17699.0
2186	118.0	0.38287999999999994	0.7667624990859297	15199.0
2187	136.0	0.40399999999999997	0.857907868200712	18794.0
2188	131.0	0.39263999999999993	0.9248839864974321	17565.0
2189	123.0	0.39069999999999994	0.953439784023371	18117.0
2190	111.0	0.38732000000000005	0.9508486985484063	16699.0
2191	146.0	0.3930199999999999	0.7166999672083139	20314.0
2192	116.0	0.38911999999999997	0.9702867288849736	17999.0
2193	111.0	0.40559999999999996	0.9150658400766772	18621.0
2194	118.0	0.40002000000000004	0.9708002491714782	20365.0
2195	98.0	0.39366	0.9054619989517058	18910.0
2196	129.0	0.41588	0.9473262253529355	21333.0
2197	120.0	0.42745999999999995	0.9572542385407958	25383.0
2198	121.0	0.4261	0.9506878832227047	27424.0
2199	142.0	0.41175999999999996	0.9318830364805365	31729.0
2200	129.0	0.42892	0.8222725079541565	32469.0
2201	132.0	0.3807200000000001	0.9124466443406507	32197.0
2202	163.0	0.45726	0.849206018287704	38446.0
2203	152.0	0.4593	0.8169460346698312	36941.0
2204	158.0	0.44601999999999997	0.8057251719330794	35072.0
2205	156.0	0.4666000000000001	0.7638105153365579	36196.0
2206	162.0	0.44158000000000003	0.8392996580451818	39081.0
2207	144.0	0.4669400000000001	0.8883268866579016	38795.0
2208	150.0	0.44764000000000004	0.8433924954860199	37176.0
2209	136.0	0.43914000000000003	0.8998882783974639	38495.0
2210	114.0	0.45496000000000003	0.8537303806466827	35106.0
2211	144.0	0.41975999999999997	0.9059244093123643	39822.0
2212	123.0	0.4248000000000001	0.9170765506606341	32901.0
2213	145.0	0.41776	0.9330870932555494	35648.0
2214	116.0	0.41218	0.9628292346274163	32893.0
2215	119.0	0.41874	0.8672332277701872	34136.0
2216	126.0	0.42538000000000004	0.9208677154973638	39982.0
2217	118.0	0.40276	0.9689597222182217	39777.0
2218	120.0	0.40568	0.958136740282914	33487.0
2219	120.0	0.40084000000000003	0.8594432493817311	30205.0
2220	122.0	0.3967799999999999	0.9749950616735386	31726.0
2221	123.0	0.40104	0.9536880394843592	26314.0
2222	121.0	0.39016000000000006	0.9147601426703892	25449.0
2223	104.0	0.3735	0.9385704190701578	23431.0
2224	99.0	0.38636	0.9247934439598632	22481.0
2225	133.0	0.4173800000000001	0.7265556159479123	26102.0
2226	157.0	0.41962000000000005	0.9623460365303234	35773.0
2227	143.0	0.4156799999999999	0.934599942038597	29946.0
2228	121.0	0.42950000000000005	0.9563492036873652	29572.0
2229	136.0	0.41226	0.7987618941645905	29765.0
2230	126.0	0.42442	0.923468648828373	34932.0
2231	137.0	0.42140000000000005	0.8996642977226091	36644.0
2232	126.0	0.43613999999999997	0.9100607231356272	40834.0
2233	131.0	0.4046799999999999	0.9407810776142491	41353.0
2234	125.0	0.38117999999999996	0.8951494329135269	34633.0
2235	127.0	0.40462	0.9228259663209195	39183.0
2236	137.0	0.39004	0.9061430608185705	41804.0
2237	110.0	0.4072	0.8917494936492552	40066.0
2238	146.0	0.43894000000000005	0.8751999375869839	47219.0
2239	129.0	0.43918	0.906680246271467	42250.0
2240	139.0	0.44882	0.9396810485829172	43814.0
2241	132.0	0.46720000000000006	0.9250844082144938	39864.0
2242	148.0	0.4585	0.8767566092819699	40239.0
2243	123.0	0.44118	0.931489699274925	36140.0
2244	155.0	0.45260000000000006	0.949883785678128	40293.0
2245	133.0	0.4506	0.9067990530636665	33195.0
2246	120.0	0.41174	0.9041607475986008	26774.0
2247	128.0	0.40385999999999994	0.9094463196202491	26025.0
2248	115.0	0.39651999999999993	0.825848777961827	20726.0
2249	140.0	0.392	0.938726256789502	25611.0
2250	123.0	0.41761999999999994	0.9531904897099118	23988.0
2251	143.0	0.42918	0.8889339272630583	29913.0
2252	127.0	0.42156	0.8583685191863041	24738.0
2253	137.0	0.43882	0.9250455761023249	31607.0
2254	128.0	0.42482	0.925607177014817	26137.0
2255	135.0	0.41742000000000007	0.7545932760969801	24176.0
2256	136.0	0.4264799999999999	0.8770892611902766	26457.0
2257	144.0	0.43931999999999993	0.9049239321938566	28405.0
2258	133.0	0.43	0.9271941395949631	31374.0
2259	149.0	0.44162	0.767756609623315	30709.0
2260	135.0	0.42303999999999997	0.8863796257183005	31825.0
2261	148.0	0.41444000000000003	0.8531114223453182	32531.0
2262	146.0	0.39513999999999994	0.8419874230327005	33700.0
2263	124.0	0.38645999999999986	0.697877763643435	22981.0
2264	118.0	0.37485999999999997	0.9114669505128011	25067.0
2265	110.0	0.36704000000000003	0.9114958618185487	20197.0
2266	122.0	0.38262	0.9127010057021483	20980.0
2267	121.0	0.37098	0.8949936040949752	18862.0
2268	110.0	0.3619599999999999	0.843394713776871	15942.0
2269	101.0	0.3497199999999999	0.8907043437532137	14338.0
2270	119.0	0.37181999999999993	0.9427966769201999	16499.0
2271	125.0	0.39031999999999994	0.8115016976718078	14904.0
2272	98.0	0.37507999999999997	0.9335772538704619	14509.0
2273	117.0	0.38197999999999993	0.9224079955901283	16488.0
2274	111.0	0.37620000000000003	0.8935816273697724	15724.0
2275	116.0	0.38489999999999996	0.9084480346567491	16789.0
2276	130.0	0.39626	0.856833731301463	17093.0
2277	130.0	0.39764000000000005	0.869949212836323	18866.0
2278	116.0	0.36633999999999994	0.9073709268879739	17250.0
2279	116.0	0.379	0.8053373161532326	16550.0
2280	141.0	0.39640000000000003	0.8833868511561815	21875.0
2281	124.0	0.38184000000000007	0.799297854484851	23068.0
2282	121.0	0.38098000000000004	0.8450857006880669	28348.0
2283	120.0	0.37967999999999996	0.9162297695041	30514.0
2284	140.0	0.41196	0.8711196654488914	35228.0
2285	155.0	0.44442	0.7764510975695826	36101.0
2286	144.0	0.41541999999999996	0.8466419812893047	32045.0
2287	156.0	0.44423999999999997	0.8089483857645295	39561.0
2288	139.0	0.42172	0.8298792392472166	36556.0
2289	126.0	0.35123999999999994	0.8973956211765759	31241.0
2290	137.0	0.36112	0.8806601270601622	35982.0
2291	148.0	0.41076000000000007	0.8542785975198361	39819.0
2292	155.0	0.41206000000000004	0.8294805184892036	41160.0
2293	142.0	0.40517999999999993	0.8716096699023135	40241.0
2294	163.0	0.4553600000000001	0.8021392694867708	49370.0
2295	163.0	0.42024000000000006	0.8477535220711342	49438.0
2296	148.0	0.43362	0.8923580915575805	50466.0
2297	153.0	0.4162800000000001	0.8766645731931099	48294.0
2298	165.0	0.43683999999999995	0.8261679063584164	52741.0
2299	133.0	0.39582	0.8852870755959393	44113.0
2300	127.0	0.37294	0.9062048932725293	37741.0
2301	135.0	0.3952399999999999	0.8796297169042959	41798.0
2302	152.0	0.4235400000000001	0.7999681984277827	47911.0
2303	138.0	0.41314	0.765284078089062	55185.0
2304	139.0	0.41431999999999997	0.8642854804427226	50977.0
2305	121.0	0.39770000000000005	0.8685290685085372	47425.0
2306	131.0	0.39268000000000003	0.925891328512104	56326.0
2307	120.0	0.36727999999999994	0.9394844270106919	45816.0
2308	124.0	0.41406000000000004	0.8723752595938377	41202.0
2309	152.0	0.41442	0.8437014108830785	42377.0
2310	145.0	0.45209999999999995	0.8556167511952417	46877.0
2311	143.0	0.41688000000000003	0.7842848312373832	36742.0
2312	121.0	0.4637400000000001	0.9438082114644788	44323.0
2313	154.0	0.42966	0.9528334149845085	42098.0
2314	141.0	0.41456000000000004	0.863694686350695	32666.0
2315	111.0	0.38043999999999994	0.8458541901330283	23219.0
2316	101.0	0.51028	0.5215718025939775	15234.0
2317	138.0	0.47078000000000003	0.7729676075593993	27830.0
2318	127.0	0.4453599999999999	0.9177531030824944	42047.0
2319	144.0	0.40110000000000007	0.8744310783855372	41070.0
2320	162.0	0.42228	0.8122047437928863	47290.0
2321	146.0	0.4399	0.8804087974978594	47974.0
2322	157.0	0.4758199999999999	0.8589923447387748	54137.0
2323	135.0	0.46176	0.869053305639722	49017.0
2324	147.0	0.4423	0.7749825605790643	42241.0
2325	133.0	0.5000600000000001	0.9375886395801261	50668.0
2326	118.0	0.5013200000000001	0.9337180016954398	48540.0
2327	131.0	0.51078	0.9478413300372596	49164.0
2328	151.0	0.47846000000000005	0.9200090288673534	48533.0
2329	122.0	0.43879999999999997	0.9182704737329745	34169.0
2330	124.0	0.42456000000000005	0.9480402016677842	33784.0
2331	126.0	0.40049999999999997	0.9303252041449676	36310.0
2332	135.0	0.41541999999999996	0.9266980780750792	34561.0
2333	122.0	0.4293	0.955611315243023	34414.0
2334	113.0	0.45912	0.9673242408286338	35679.0
2335	103.0	0.4867800000000001	0.9764893725668865	32480.0
2336	125.0	0.48142	0.909056590957192	36833.0
2337	129.0	0.50238	0.9440987305423028	41039.0
2338	123.0	0.5236999999999999	0.9555505818285477	40542.0
2339	120.0	0.5157799999999999	0.9703725452652018	42125.0
2340	122.0	0.5356400000000001	0.9551937444796907	43050.0
2341	127.0	0.49908	0.8309975446433224	46140.0
2342	107.0	0.50422	0.9291319378844496	37489.0
2343	123.0	0.51252	0.9536434436229909	46413.0
2344	133.0	0.4678000000000001	0.9497996028111892	47110.0
2345	116.0	0.44492	0.9537781416038547	43305.0
2346	153.0	0.44115999999999994	0.8248838978831002	45424.0
2347	176.0	0.4702199999999999	0.83059313179387	50627.0
2348	173.0	0.43442000000000003	0.8821219649524668	47341.0
2349	146.0	0.44067999999999996	0.9016828053231469	35998.0
2350	136.0	0.4146599999999999	0.9042832286149952	32339.0
2351	120.0	0.42253999999999997	0.9658989766038201	28502.0
2352	143.0	0.40176	0.8407343264303581	28115.0
2353	99.0	0.42223999999999995	0.9448813332375808	25456.0
2354	113.0	0.39686	0.8776039561301442	22437.0
2355	133.0	0.43385999999999997	0.9534161545575406	32564.0
2356	121.0	0.42500000000000004	0.9537548276878117	26979.0
2357	130.0	0.4074999999999999	0.9575953992982182	24253.0
2358	123.0	0.40694	0.8618747024915018	19463.0
2359	118.0	0.40002000000000004	0.9626687530714657	19080.0
2360	127.0	0.39062	0.9445438553915179	18430.0
2361	132.0	0.38704000000000005	0.9123402300427654	17780.0
2362	130.0	0.41044	0.8957299173417999	19422.0
2363	112.0	0.38988000000000006	0.8677865505962595	15231.0
2364	123.0	0.38939999999999997	0.8466479470200892	16460.0
2365	111.0	0.37854	0.922887837884786	17003.0
2366	102.0	0.35808	0.8956860941175946	15065.0
2367	130.0	0.4014	0.9422298428784378	20691.0
2368	104.0	0.37040000000000006	0.9506973978760118	15523.0
2369	111.0	0.36766	0.8407453257845118	15549.0
2370	105.0	0.38159999999999994	0.9137597601249169	15483.0
2371	117.0	0.37278000000000006	0.88567189997792	16313.0
2372	109.0	0.3791800000000001	0.7631258762630675	16157.0
2373	118.0	0.37034	0.9179663016936985	17549.0
2374	125.0	0.39415999999999995	0.882432038455798	17953.0
2375	103.0	0.36994	0.9662110002724758	17231.0
2376	116.0	0.3732	0.981160258801074	19340.0
2377	101.0	0.37836	0.892005458578767	18710.0
2378	128.0	0.4200600000000001	0.978054262203089	30757.0
2379	107.0	0.42198	0.980400363519659	31552.0
2380	126.0	0.40068	0.9607003440585958	34469.0
2381	121.0	0.4225000000000001	0.956924537587717	39933.0
2382	123.0	0.4407999999999999	0.9682069540397096	45054.0
2383	110.0	0.41938000000000003	0.9582394176946146	43727.0
2384	110.0	0.42963999999999997	0.9233287876043121	47656.0
2385	124.0	0.41045999999999994	0.6976475668481196	32766.0
2386	143.0	0.41956000000000004	0.9529642927801765	37526.0
2387	138.0	0.4036	0.8804254076881768	31349.0
2388	128.0	0.40443999999999997	0.8277686395040852	28917.0
2389	128.0	0.42497999999999997	0.9602474910901365	32540.0
2390	114.0	0.42838	0.9474189590443229	24512.0
2391	123.0	0.40381999999999996	0.9182458834102385	23853.0
2392	139.0	0.43348	0.89416565055141	26085.0
2393	133.0	0.42622	0.940987155078527	23872.0
2394	127.0	0.41816000000000003	0.9567869949824179	22034.0
2395	114.0	0.40618000000000004	0.9744488945748878	20399.0
2396	132.0	0.4237599999999999	0.8116753174457003	19001.0
2397	117.0	0.40786	0.9512860787377858	18320.0
2398	129.0	0.40446	0.9668479861172753	19650.0
2399	137.0	0.41318000000000005	0.9083041696134795	20890.0
2400	120.0	0.41836	0.9628692796466943	19458.0
2401	111.0	0.43450000000000005	0.9783049616711655	19846.0
2402	127.0	0.41744	0.9737466861361016	20298.0
2403	130.0	0.4354	0.9740558331568199	20859.0
2404	134.0	0.40340000000000004	0.9546556602868341	20313.0
2405	132.0	0.39368000000000003	0.9553201479750689	19271.0
2406	109.0	0.38001999999999997	0.957634449472818	15683.0
2407	133.0	0.38182000000000005	0.9468818355817058	17587.0
2408	115.0	0.3901	0.9117505936597404	17360.0
2409	116.0	0.38356	0.982012048272182	16996.0
2410	114.0	0.4156	0.9684035536458703	17681.0
2411	118.0	0.37843999999999994	0.9701144001248808	16577.0
2412	112.0	0.38632	0.9369178989032684	15046.0
2413	130.0	0.36823999999999996	0.939107886024069	16761.0
2414	126.0	0.38295999999999997	0.8849738171419964	16376.0
2415	123.0	0.37831999999999993	0.9362101112318137	16576.0
2416	106.0	0.3472800000000001	0.9178378981768855	14392.0
2417	129.0	0.37844	0.8994749577044454	15953.0
2418	101.0	0.36648	0.9616615890727049	14001.0
2419	134.0	0.37028	0.9473208754549851	17178.0
2420	93.0	0.35972000000000004	0.948468651335427	12365.0
2421	118.0	0.36955999999999994	0.9799932383896954	15183.0
2422	134.0	0.37091999999999997	0.931435456836115	17163.0
2423	108.0	0.36528	0.968023885389685	14543.0
2424	117.0	0.37363999999999997	0.9307059775197976	14972.0
2425	130.0	0.38949999999999996	0.7084550319157823	16714.0
2426	103.0	0.36768	0.9496067249789686	14949.0
2427	127.0	0.37067999999999995	0.9378392146033198	16372.0
2428	110.0	0.3903000000000001	0.9089984144561074	14815.0
2429	115.0	0.37718	0.950544679566811	15335.0
2430	114.0	0.38924	0.9504551882419505	15665.0
2431	104.0	0.36974	0.9329721790191856	13586.0
2432	121.0	0.35867999999999994	0.8992993605772522	15880.0
2433	106.0	0.3704	0.8971081935534416	14606.0
2434	137.0	0.3728	0.9555743645208329	17495.0
2435	121.0	0.38683999999999996	0.9611589193935173	17299.0
2436	134.0	0.38434000000000007	0.827249763284728	16321.0
2437	110.0	0.37362	0.896299919850608	14275.0
2438	123.0	0.40285999999999994	0.8581051156754067	15884.0
2439	128.0	0.38744	0.9733891341224665	17468.0
2440	132.0	0.4119	0.9237826043139009	19133.0
2441	113.0	0.40562	0.943763809280521	17726.0
2442	133.0	0.41516	0.9460187827168415	20021.0
2443	126.0	0.38242000000000004	0.9559896691556573	18471.0
2444	128.0	0.3851799999999999	0.9393193529303949	18155.0
2445	132.0	0.40322	0.874980984317196	19885.0
2446	138.0	0.41104	0.9046462087789318	21362.0
2447	115.0	0.4083	0.8228272765103841	14778.0
2448	112.0	0.40258000000000005	0.9146695741673495	18790.0
2449	118.0	0.3963999999999999	0.956006846373151	17668.0
2450	129.0	0.38268	0.9353301791594216	18837.0
2451	119.0	0.41653999999999997	0.9489188204218155	20338.0
2452	121.0	0.42613999999999996	0.9310180184793354	20340.0
2453	118.0	0.40332	0.9317436922097216	21045.0
2454	143.0	0.43892	0.9757084301766419	30545.0
2455	137.0	0.43817999999999996	0.933182642396848	28271.0
2456	129.0	0.43536	0.7952600252816593	23162.0
2457	142.0	0.42884	0.8978030657154946	29345.0
2458	124.0	0.4439599999999999	0.9145456602787391	29201.0
2459	131.0	0.43916000000000005	0.9486284743748324	30695.0
2460	148.0	0.43213999999999997	0.8330754516407025	32356.0
2461	115.0	0.43860000000000005	0.9320554438773254	30142.0
2462	154.0	0.47130000000000005	0.9228760094792338	39998.0
2463	122.0	0.4433	0.9204481112186934	38910.0
2464	116.0	0.42794000000000004	0.9664908031665924	38011.0
2465	115.0	0.43170000000000003	0.8724782242359634	34682.0
2466	132.0	0.4312	0.8737589900933911	39502.0
2467	139.0	0.39150000000000007	0.8550408333975474	39285.0
2468	122.0	0.38012	0.8793516689550931	36378.0
2469	133.0	0.4233200000000001	0.9007413300686556	44408.0
2470	147.0	0.42267999999999994	0.8252060683580674	46603.0
2471	139.0	0.40178	0.8558607832145234	83637.0
2472	146.0	0.49198000000000003	0.915718764495982	121700.0
2473	134.0	0.49232	0.9008035058620653	94336.0
2474	136.0	0.4093	0.9060533171704677	43639.0
2475	133.0	0.37310000000000004	0.8767732366376527	35037.0
2476	155.0	0.396	0.8838929937972926	42142.0
2477	147.0	0.37366000000000005	0.7385776086978537	39155.0
2478	121.0	0.39246000000000003	0.9386871890241165	38872.0
2479	113.0	0.4149999999999999	0.9253494856470552	43049.0
2480	119.0	0.45954	0.9339199582458039	49220.0
2481	139.0	0.49355999999999994	0.9334198677715496	53851.0
2482	140.0	0.39553999999999995	0.9051422392021791	45922.0
2483	121.0	0.39360000000000006	0.7868903235334782	36842.0
2484	165.0	0.45254	0.8645326145658614	50839.0
2485	152.0	0.47784	0.7407751292551219	46010.0
2486	158.0	0.52954	0.8667908023648765	53820.0
2487	156.0	0.5132599999999999	0.8769659338265798	45166.0
2488	137.0	0.516	0.9304342226225756	44913.0
2489	113.0	0.53268	0.9786286358810583	42070.0
2490	80.0	0.56226	0.9871107566131707	34535.0
2491	126.0	0.4770000000000001	0.8089263155157429	38539.0
2492	132.0	0.45683999999999997	0.9562320239243448	40724.0
2493	126.0	0.44214000000000003	0.9210829068236384	39838.0
2494	120.0	0.44520000000000004	0.8926622211470493	38241.0
2495	144.0	0.42606	0.909795412233174	42632.0
2496	115.0	0.42449999999999993	0.9096126180044255	38575.0
2497	122.0	0.51478	0.9220930438560181	47555.0
2498	161.0	0.44717999999999997	0.9051337124917954	50507.0
2499	145.0	0.5113	0.9386922984547145	52160.0
2500	127.0	0.4035599999999999	0.9082565936784973	42905.0
2501	126.0	0.42662	0.913555290766673	40815.0
2502	127.0	0.50458	0.9262845592740293	51246.0
2503	144.0	0.41281999999999996	0.7727147028672648	40015.0
2504	135.0	0.40608	0.8434069974566352	39133.0
2505	148.0	0.41324	0.8235213015761168	38601.0
2506	146.0	0.37546000000000007	0.8510521643787048	35281.0
2507	141.0	0.39198000000000005	0.7236995489649884	30177.0
2508	123.0	0.3844000000000001	0.8914474180473562	29044.0
2509	139.0	0.38620000000000004	0.7618856797401931	32040.0
2510	135.0	0.40124000000000004	0.7707877092652345	32305.0
2511	171.0	0.45531999999999995	0.800146634950969	50237.0
2512	139.0	0.41728000000000004	0.7987904268575063	37535.0
2513	135.0	0.40302	0.8579843940499374	39325.0
2514	126.0	0.38938	0.8945548211770681	36155.0
2515	116.0	0.36512000000000006	0.9059903911360138	34741.0
2516	108.0	0.38782000000000005	0.9164618395386264	36914.0
2517	100.0	0.43676000000000004	0.9730683292872976	38849.0
2518	136.0	0.36876000000000003	0.9362239030055926	39582.0
2519	115.0	0.38295999999999997	0.8851843447303137	35953.0
2520	147.0	0.42126	0.8620372024485369	43636.0
2521	145.0	0.47274	0.8597475141786595	58076.0
2522	125.0	0.5708	0.9585321574353963	60374.0
2523	126.0	0.51398	0.901236400642771	54900.0
2524	133.0	0.47135999999999995	0.9141360694505385	50271.0
2525	132.0	0.44017999999999996	0.9416843130919547	51419.0
2526	112.0	0.43413999999999997	0.9294501088553655	40262.0
2527	126.0	0.4292	0.935936868517835	42415.0
2528	108.0	0.4064000000000001	0.9681064373959913	37905.0
2529	139.0	0.40222	0.845480696229489	40556.0
2530	104.0	0.3830400000000001	0.9609843754104066	35696.0
2531	126.0	0.3705400000000001	0.9313230087674802	39299.0
2532	140.0	0.38578	0.9244255697412798	41047.0
2533	140.0	0.4182599999999999	0.7833437150747911	36063.0
2534	133.0	0.47362000000000004	0.8422582717518925	39806.0
2535	133.0	0.5202	0.9168445648796644	40089.0
2536	142.0	0.47418000000000005	0.8652088293502692	45767.0
2537	161.0	0.49205999999999994	0.8706586100459079	50219.0
2538	171.0	0.42372	0.8023532421040411	47379.0
2539	152.0	0.47358000000000006	0.834822822699505	50931.0
2540	141.0	0.52284	0.8966096432779521	57175.0
2541	134.0	0.55296	0.9291727787870295	56395.0
2542	103.0	0.47336	0.9690129549780634	41673.0
2543	136.0	0.4495799999999999	0.8877852203681902	49124.0
2544	117.0	0.54786	0.9216711799868157	47323.0
2545	106.0	0.53486	0.9482041233088246	43188.0
2546	133.0	0.4112200000000001	0.8775869992380769	46540.0
2547	146.0	0.41376000000000007	0.8600778139558187	46701.0
2548	119.0	0.39008000000000004	0.9168627820738038	43037.0
2549	136.0	0.39328	0.8900184360387651	44355.0
2550	157.0	0.44168	0.8720980400818179	48780.0
2551	179.0	0.5023	0.8264731614542994	56605.0
2552	153.0	0.53266	0.8319371026745424	54979.0
2553	163.0	0.43754000000000004	0.8300340856056254	47217.0
2554	143.0	0.4007	0.8247688804185553	41723.0
2555	162.0	0.40036	0.7158214582215218	41773.0
2556	166.0	0.41086	0.8012091945691522	44758.0
2557	152.0	0.42578000000000005	0.7796125362330288	44553.0
2558	171.0	0.4229800000000001	0.7890869233535155	47423.0
2559	178.0	0.46818	0.6920512872489742	49623.0
2560	185.0	0.44624	0.7285218900441596	52505.0
2561	164.0	0.41842000000000007	0.7555792770276217	41799.0
2562	154.0	0.44737999999999994	0.8347644774777556	48153.0
2563	137.0	0.5305599999999999	0.8760781951992173	54696.0
2564	115.0	0.4532	0.9219943382138516	40872.0
2565	139.0	0.41708000000000006	0.9294689648719928	45660.0
2566	126.0	0.41418	0.860169517148255	39831.0
2567	113.0	0.41	0.8596634388224389	34110.0
2568	144.0	0.39938	0.8965737549188861	41695.0
2569	147.0	0.4323400000000001	0.799786560340179	42685.0
2570	117.0	0.40869999999999995	0.8770414179240317	31004.0
2571	125.0	0.37318000000000007	0.8967967281307785	31237.0
2572	104.0	0.35694	0.9349410671807568	26109.0
2573	94.0	0.35932000000000003	0.9693059395625394	23269.0
2574	98.0	0.42810000000000004	0.9263625208790399	30369.0
2575	156.0	0.52598	0.8889348488386914	43357.0
2576	124.0	0.50426	0.863981017452895	36711.0
2577	124.0	0.47874	0.941998721835819	35994.0
2578	125.0	0.4538600000000001	0.9347596566153666	33650.0
2579	126.0	0.46104	0.9464850676786816	34221.0
2580	133.0	0.39827999999999997	0.9184925726701882	33388.0
2581	129.0	0.4710999999999999	0.9212866208589374	36177.0
2582	103.0	0.4315	0.9569799299349259	31478.0
2583	125.0	0.47044	0.9806012413177622	42358.0
2584	120.0	0.47896	0.9393861793622734	59073.0
2585	97.0	0.52516	0.964252285516457	34035.0
2586	136.0	0.49156	0.852417051298957	39630.0
2587	122.0	0.53154	0.9441325178644061	38674.0
2588	127.0	0.5499400000000001	0.9449375644727913	39884.0
2589	112.0	0.48983999999999994	0.8881655266186751	35350.0
2590	172.0	0.46478	0.79592058126798	45574.0
2591	160.0	0.43383999999999995	0.8317839164978759	45462.0
2592	128.0	0.4575199999999999	0.8983085933155412	42898.0
2593	147.0	0.46985999999999994	0.82813007012796	48380.0
2594	130.0	0.44165999999999994	0.8673309323748671	46987.0
2595	110.0	0.4369799999999999	0.8188976621476063	37445.0
2596	111.0	0.43463999999999997	0.954607552073376	39440.0
2597	122.0	0.4962	0.9815543575178065	51122.0
2598	106.0	0.4755	0.9604679582495154	44106.0
2599	137.0	0.50452	0.9514047873273462	58093.0
2600	141.0	0.41497999999999996	0.9507555142973417	46412.0
2601	128.0	0.4223199999999999	0.9171968430862862	44797.0
2602	127.0	0.45028	0.8983676713784984	46180.0
2603	137.0	0.49828000000000006	0.8571685528013899	52865.0
2604	157.0	0.49727999999999994	0.8171558187378757	55406.0
2605	150.0	0.55102	0.8754069431744707	52973.0
2606	144.0	0.53152	0.8549525147861278	55343.0
2607	162.0	0.47486000000000006	0.7523876748103676	53359.0
2608	150.0	0.4609	0.8501095554715644	51974.0
2609	126.0	0.5417	0.8856994208974576	53089.0
2610	135.0	0.5472	0.8591248512947096	53145.0
2611	145.0	0.53256	0.8096715335429444	49143.0
2612	129.0	0.5479400000000001	0.8833279296624726	51409.0
2613	158.0	0.5513000000000001	0.8577044915549241	60787.0
2614	125.0	0.5535	0.9234155618259132	54024.0
2615	186.0	0.48936	0.7091076491845443	57403.0
2616	206.0	0.49200000000000005	0.7204851154353654	65768.0
2617	120.0	0.53296	0.8943358547281969	58824.0
2618	152.0	0.54826	0.8207508735429448	110744.0
2619	168.0	0.52972	0.8293615077767491	119283.0
2620	129.0	0.5407	0.7893306161301894	109345.0
2621	184.0	0.51048	0.7426751867333679	129399.0
2622	143.0	0.53212	0.8232686554419048	61002.0
2623	179.0	0.54544	0.7843571696507021	55495.0
2624	175.0	0.49372	0.7582024071607955	52211.0
2625	193.0	0.46322	0.751552123287439	51117.0
2626	164.0	0.44682	0.8575721283348667	50150.0
2627	174.0	0.49940000000000007	0.8297420829852821	53174.0
2628	220.0	0.5055000000000001	0.6392557902128879	77926.0
2629	152.0	0.53792	0.7901733147128873	52518.0
2630	175.0	0.50752	0.6994700393188054	50840.0
2631	178.0	0.53018	0.7934923839610888	56779.0
2632	180.0	0.48874	0.6741323852183985	55360.0
2633	176.0	0.52818	0.7942699269440298	53711.0
2634	184.0	0.46104	0.7734517272472019	49943.0
2635	152.0	0.5313800000000001	0.8187302380252721	48377.0
2636	170.0	0.5373	0.7730649990849879	50190.0
2637	157.0	0.53612	0.8259266820753286	52197.0
2638	126.0	0.5574399999999998	0.9073212828237632	53076.0
2639	157.0	0.5292	0.8592669822971237	54165.0
2640	147.0	0.5077200000000001	0.8788945775201659	53854.0
2641	123.0	0.50066	0.8388698535852902	44598.0
2642	130.0	0.51886	0.8545923541678404	46240.0
2643	136.0	0.551	0.896800080150889	56911.0
2644	122.0	0.54536	0.8664200514961177	51258.0
2645	145.0	0.50976	0.8224687220055835	51914.0
2646	154.0	0.5337	0.8418589058813752	54114.0
2647	137.0	0.5467399999999999	0.8611444545257805	55507.0
2648	145.0	0.55658	0.880749607490343	61923.0
2649	147.0	0.53346	0.8407286639228588	80770.0
2650	163.0	0.5068	0.7920602363235286	95740.0
2651	166.0	0.49922	0.8082529088593289	84423.0
2652	143.0	0.52044	0.8727950314174936	79462.0
2653	162.0	0.44522000000000006	0.7896894864806806	56218.0
2654	174.0	0.43232000000000004	0.7810930125279903	47229.0
2655	170.0	0.4308600000000001	0.7913192702204132	47929.0
2656	171.0	0.46102	0.7750760694438693	49622.0
2657	147.0	0.47256	0.8705683280563602	50525.0
2658	148.0	0.53326	0.8409229325286302	53484.0
2659	140.0	0.5388	0.8647678249698149	49353.0
2660	144.0	0.4945400000000001	0.8485878254402235	47157.0
2661	56.0	0.24427999999999997	0.434804507399874	19844.0
2664	61.0	0.30054000000000003	0.49850750054506054	22255.0
2665	145.0	0.5482199999999999	0.904561301293161	46485.0
2666	109.0	0.56314	0.9291786579608621	48834.0
2667	145.0	0.52194	0.8587343083226059	51001.0
2668	167.0	0.50012	0.7940869630379976	58753.0
2669	148.0	0.45074	0.8889318561190948	49123.0
2670	147.0	0.53798	0.8547398314840385	45721.0
2671	175.0	0.48639999999999994	0.8137781041235569	56074.0
2672	154.0	0.44084	0.7983387159548767	277497.0
2673	156.0	0.42778000000000005	0.8009410921356168	287353.0
2674	146.0	0.44916000000000006	0.8897800453805246	320377.0
2675	112.0	0.57044	0.8963849049762466	301354.0
2676	122.0	0.5481199999999999	0.9002204569313345	280009.0
2677	137.0	0.52866	0.8817917676746737	320427.0
2678	132.0	0.54336	0.855150903231215	302348.0
2679	187.0	0.5339400000000001	0.8380964537714592	387839.0
2680	129.0	0.41128	0.8680335196817336	260766.0
2681	140.0	0.42291999999999996	0.8751744726233094	226046.0
2682	141.0	0.50866	0.8322263755144026	213020.0
2683	142.0	0.5511800000000001	0.8472236476407875	67593.0
2684	194.0	0.4914	0.6147095008568686	56382.0
2685	157.0	0.48725999999999997	0.7726995255524365	43524.0
2686	180.0	0.46709999999999996	0.8383487374899776	48189.0
2687	124.0	0.54074	0.9305912230994462	45926.0
2688	162.0	0.50822	0.7441943382515892	42966.0
2689	115.0	0.54024	0.930773931847419	45734.0
2690	125.0	0.46352000000000004	0.9371168157727936	46659.0
2691	130.0	0.4521	0.8461729417971865	48491.0
2692	164.0	0.49088	0.8415744650387367	51526.0
2693	116.0	0.51366	0.9171654099046981	44297.0
2694	134.0	0.52994	0.9386996968988391	51162.0
2695	115.0	0.4517000000000001	0.891341171422112	37477.0
2696	145.0	0.42002	0.9082820366538182	43043.0
2697	138.0	0.41786	0.9602354841411662	45367.0
2698	111.0	0.44586000000000003	0.9654932112649158	38172.0
2699	127.0	0.43965999999999994	0.8564104834595878	40313.0
2700	124.0	0.52668	0.9284353654857339	45162.0
2701	126.0	0.5319400000000001	0.9003067520034249	41762.0
2702	115.0	0.52004	0.8754582715651537	42665.0
2703	132.0	0.40458000000000005	0.8649116266951582	35895.0
2704	155.0	0.4287	0.8242147015021971	41252.0
2705	128.0	0.46021999999999996	0.852704761787706	40002.0
2706	173.0	0.47412000000000004	0.8513084919891756	46585.0
2707	141.0	0.5086999999999999	0.9285200770006794	47430.0
2708	132.0	0.4942999999999999	0.814968232447183	37222.0
2709	123.0	0.50102	0.9735353390899866	39913.0
2710	123.0	0.4378000000000001	0.9400119792785508	43206.0
2711	154.0	0.43376	0.8476590878547517	45368.0
2712	145.0	0.4749400000000001	0.8804857128743536	46844.0
2713	115.0	0.46434	0.9214726443373721	42908.0
2714	150.0	0.4938	0.8918276183305585	51841.0
2715	137.0	0.46802000000000005	0.9267156556447029	50437.0
2716	127.0	0.44670000000000004	0.888841179501553	45983.0
2717	129.0	0.5073000000000001	0.8422424685316771	52978.0
2718	137.0	0.53026	0.8327859561810514	44595.0
2719	114.0	0.5442000000000001	0.8788405434982054	41180.0
2720	133.0	0.56392	0.8850100835590342	55121.0
2721	123.0	0.48662000000000005	0.7876807194715847	41515.0
2722	118.0	0.4971200000000001	0.8403482350192558	43117.0
2723	155.0	0.48934000000000005	0.7835979006702213	45209.0
2724	112.0	0.5404399999999999	0.918188502160473	45275.0
2725	117.0	0.54738	0.8657175143438451	43453.0
2726	123.0	0.5673999999999999	0.9117984499735844	45651.0
2727	88.0	0.5687599999999999	0.9514603499315676	35537.0
2728	98.0	0.59068	0.9554539920088221	15209.0
2729	106.0	0.5414199999999999	0.9488550958740039	32125.0
2730	103.0	0.5730599999999999	0.9431174359140451	37856.0
2731	118.0	0.55398	0.9354201733943355	37807.0
2732	126.0	0.51666	0.8918646006077899	36574.0
2733	94.0	0.5783	0.9413918691323655	38124.0
2734	122.0	0.56562	0.9607626175910319	45823.0
2735	120.0	0.55782	0.9215286614654645	40320.0
2736	106.0	0.55974	0.9303182816142113	35792.0
2737	102.0	0.53926	0.8166773293840652	34771.0
2738	114.0	0.5478999999999999	0.8796164542839312	37868.0
2739	164.0	0.5150000000000001	0.6403503948200324	40676.0
2740	89.0	0.45942	0.7614777915707854	32510.0
2741	18.0	0.07948000000000001	0.16255479675122683	5517.0
2742	109.0	0.5625	0.9334543196463111	36375.0
2743	82.0	0.56988	0.9609887706999728	31724.0
2744	75.0	0.59446	0.9826656806818416	36981.0
2745	76.0	0.6238600000000001	0.9934833954187832	34714.0
2746	74.0	0.6052200000000001	0.974909902452854	30018.0
2747	101.0	0.5639799999999999	0.8422696232232357	32741.0
2748	121.0	0.5220400000000001	0.9080475097662737	33822.0
2749	117.0	0.49040000000000006	0.8470384380368288	30459.0
2750	89.0	0.5361	0.9361145846501201	26308.0
2751	148.0	0.5390400000000001	0.939698805003321	39753.0
2752	100.0	0.56936	0.9641412917630131	30415.0
2753	79.0	0.5579999999999999	0.9608555706678942	28569.0
2754	165.0	0.56398	0.9331785025074711	36513.0
2755	121.0	0.4782399999999999	0.8854883787430777	32009.0
2756	104.0	0.5225799999999999	0.9117297355712681	30779.0
2757	111.0	0.51312	0.9311579259351782	34794.0
2758	126.0	0.5100399999999999	0.9433335410266556	34076.0
2759	96.0	0.5404599999999999	0.9529447374019585	33948.0
2760	120.0	0.54782	0.9454554504992124	37665.0
2761	118.0	0.54576	0.9302045982608627	36348.0
2762	114.0	0.5445800000000001	0.9634002390456443	32710.0
2763	103.0	0.5452600000000001	0.9196829056202052	31994.0
2764	107.0	0.5128	0.9548614343379545	33674.0
2765	110.0	0.55866	0.9228863088400975	36070.0
2766	139.0	0.48467999999999994	0.7496310810806388	43848.0
2767	134.0	0.5427200000000001	0.883160715189833	47143.0
2768	118.0	0.52016	0.790013837621851	38414.0
2769	122.0	0.5160200000000001	0.9129155869811629	44888.0
2770	133.0	0.4761600000000001	0.8902215628678289	37359.0
2771	92.0	0.5894800000000001	0.9376632306707096	33673.0
2772	76.0	0.60926	0.9767419153502845	28976.0
2773	113.0	0.60106	0.9519794330167658	40684.0
2774	108.0	0.47284000000000004	0.8195557036947244	35280.0
2775	122.0	0.47098000000000007	0.9311944600847984	43406.0
2776	161.0	0.52308	0.8625375528626675	51142.0
2777	95.0	0.58354	0.9230907556668357	41171.0
2778	103.0	0.55104	0.7248937935437908	20201.0
2779	124.0	0.5689	0.89395745200954	41818.0
2780	120.0	0.5921399999999999	0.9374162051195235	43892.0
2781	109.0	0.5832799999999999	0.9037700745255917	36958.0
2782	109.0	0.56324	0.9611484586505964	46231.0
2783	46.0	0.19269999999999998	0.29762665398713206	17498.0
2784	50.0	0.4314	0.642138177108532	20682.0
2785	90.0	0.6115799999999999	0.9526301315670399	31397.0
2786	137.0	0.55752	0.869562064284212	39306.0
2787	113.0	0.5584	0.9289421833970926	36942.0
2788	99.0	0.63542	0.9652467038825358	33732.0
2789	87.0	0.59202	0.8982839373075996	35430.0
2790	132.0	0.58882	0.8523217439460011	46516.0
2791	96.0	0.62212	0.9198889278584425	39847.0
2792	111.0	0.5909399999999999	0.889512188580148	40945.0
2793	147.0	0.55032	0.7405869635135675	48746.0
2794	94.0	0.60592	0.8502140907073266	30713.0
2795	148.0	0.54774	0.8061605598938718	40201.0
2796	124.0	0.56656	0.8856665877800506	39013.0
2797	115.0	0.6063999999999999	0.8805744944703532	42386.0
2798	90.0	0.6506400000000001	0.9533351988793463	35897.0
2799	129.0	0.56848	0.8259579309077174	41927.0
2800	129.0	0.57544	0.809685323346377	39951.0
2801	94.0	0.6349	0.9618109818834736	38285.0
2802	109.0	0.6319	0.9306601055553606	41494.0
2803	133.0	0.5793400000000001	0.8054651336522747	37295.0
2804	152.0	0.57258	0.7975317681448844	33017.0
2805	95.0	0.57396	0.8274013097622888	26518.0
2806	150.0	0.599	0.8673524580050987	38160.0
2807	129.0	0.5683600000000001	0.8957875833838302	40669.0
2808	144.0	0.5417599999999999	0.7520010879949607	42741.0
2809	139.0	0.5442800000000001	0.7378696690114881	39990.0
2810	173.0	0.50256	0.808335444165443	47684.0
2811	139.0	0.47132000000000007	0.8431997948057924	42758.0
2812	125.0	0.49292	0.8890988504514811	39872.0
2813	138.0	0.50422	0.9061740181980235	37857.0
2814	97.0	0.52774	0.7503716155153312	26119.0
2815	118.0	0.52168	0.8587039258056044	38147.0
2816	144.0	0.46448	0.8013088856558138	35577.0
2817	140.0	0.4788	0.8532122791333958	39492.0
2818	94.0	0.51988	0.9124651385570792	30504.0
2819	130.0	0.49096000000000006	0.9240628378889714	36951.0
2820	125.0	0.52728	0.6019656985337296	29233.0
2821	111.0	0.4407	0.3188964190178706	26917.0
2822	154.0	0.4441399999999999	0.16467102739933034	6604.0
2823	13.0	0.0281	0.0044987597013799105	3.0
2824	1.0	0.0	0.0	0.0
