start	end	obs	exp	var
0	49999	0.22709558259523804	0.5350555112000001	-0.307959928604762
50000	99999	0.22477117025909088	0.5350555112000001	-0.3102843409409092
100000	149999	0.22260699570434778	0.5350555112000001	-0.3124485154956523
150000	199999	0.21744255541250002	0.5350555112000001	-0.31761295578750004
200000	249999	0.206705887024	0.5350555112000001	-0.32834962417600005
250000	299999	0.20543683079615388	0.5350555112000001	-0.3296186804038462
300000	349999	0.19686031582962965	0.5350555112000001	-0.3381951953703704
350000	399999	0.19359737281785716	0.5350555112000001	-0.3414581383821429
400000	449999	0.18930429306896557	0.5350555112000001	-0.3457512181310345
450000	499999	0.1862013222866667	0.5350555112000001	-0.34885418891333336
500000	549999	0.17510492027741936	0.5350555112000001	-0.3599505909225807
550000	599999	0.1717664250093751	0.5350555112000001	-0.36328908619062494
600000	649999	0.1701102075030304	0.5350555112000001	-0.36494530369696965
650000	699999	0.16759575735294124	0.5350555112000001	-0.3674597538470588
700000	749999	0.1631146224285715	0.5350555112000001	-0.37194088877142856
750000	799999	0.16318998586944455	0.5350555112000001	-0.3718655253305555
800000	849999	0.16246220617297308	0.5350555112000001	-0.372593305027027
850000	899999	0.1650917720026317	0.5350555112000001	-0.36996373919736836
900000	949999	0.16622298235384625	0.5350555112000001	-0.3688325288461538
950000	999999	0.16571540821750008	0.5350555112000001	-0.3693401029825
1000000	1049999	0.16024749387560983	0.5350555112000001	-0.37480801732439023
1050000	1099999	0.14847807424390252	0.5350555112000001	-0.38657743695609753
1100000	1149999	0.14904746349756104	0.5350555112000001	-0.386008047702439
1150000	1199999	0.14343457342195132	0.5350555112000001	-0.39162093777804874
1200000	1249999	0.14213738950731708	0.5350555112000001	-0.392918121692683
1250000	1299999	0.1376938772609757	0.5350555112000001	-0.39736163393902435
1300000	1349999	0.13601832731219515	0.5350555112000001	-0.3990371838878049
1350000	1399999	0.1370467149634147	0.5350555112000001	-0.39800879623658536
1400000	1449999	0.1432506583292683	0.5350555112000001	-0.39180485287073175
1450000	1499999	0.14776475861463417	0.5350555112000001	-0.3872907525853659
1500000	1549999	0.1483773413536586	0.5350555112000001	-0.38667816984634146
1550000	1599999	0.1449262519853659	0.5350555112000001	-0.39012925921463415
1600000	1649999	0.14747386437560978	0.5350555112000001	-0.3875816468243903
1650000	1699999	0.1450601501439025	0.5350555112000001	-0.38999536105609756
1700000	1749999	0.14260036036585377	0.5350555112000001	-0.3924551508341463
1750000	1799999	0.140584935997561	0.5350555112000001	-0.39447057520243906
1800000	1849999	0.13925900695853666	0.5350555112000001	-0.3957965042414634
1850000	1899999	0.1365162242365855	0.5350555112000001	-0.39853928696341456
1900000	1949999	0.1363506092878049	0.5350555112000001	-0.39870490191219515
1950000	1999999	0.14406135705609768	0.5350555112000001	-0.3909941541439024
2000000	2049999	0.14527661997073182	0.5350555112000001	-0.38977889122926823
2050000	2099999	0.14824796915609767	0.5350555112000001	-0.3868075420439024
2100000	2149999	0.15269386591463424	0.5350555112000001	-0.3823616452853658
2150000	2199999	0.15566417741951222	0.5350555112000001	-0.37939133378048784
2200000	2249999	0.15825037941707326	0.5350555112000001	-0.3768051317829268
2250000	2299999	0.16291128477804884	0.5350555112000001	-0.3721442264219512
2300000	2349999	0.16533242323170738	0.5350555112000001	-0.3697230879682927
2350000	2399999	0.1769187253829269	0.5350555112000001	-0.35813678581707314
2400000	2449999	0.184169781197561	0.5350555112000001	-0.35088573000243906
2450000	2499999	0.19460952809512205	0.5350555112000001	-0.340445983104878
2500000	2549999	0.22041469754146348	0.5350555112000001	-0.3146408136585366
2550000	2599999	0.23389798588292693	0.5350555112000001	-0.3011575253170731
2600000	2649999	0.2440174418	0.5350555112000001	-0.29103806940000004
2650000	2699999	0.25007176293658545	0.5350555112000001	-0.2849837482634146
2700000	2749999	0.25802078704390247	0.5350555112000001	-0.2770347241560976
2750000	2799999	0.2663561619585367	0.5350555112000001	-0.2686993492414634
2800000	2849999	0.26612604440000004	0.5350555112000001	-0.2689294668
2850000	2899999	0.2677569933439025	0.5350555112000001	-0.26729851785609754
2900000	2949999	0.2671454028731708	0.5350555112000001	-0.26791010832682927
2950000	2999999	0.26509503520731714	0.5350555112000001	-0.2699604759926829
3000000	3049999	0.2624188293341464	0.5350555112000001	-0.27263668186585366
3050000	3099999	0.2647323358414635	0.5350555112000001	-0.27032317535853656
3100000	3149999	0.2588415245560976	0.5350555112000001	-0.27621398664390245
3150000	3199999	0.2559429055024391	0.5350555112000001	-0.27911260569756097
3200000	3249999	0.2525625676268293	0.5350555112000001	-0.28249294357317073
3250000	3299999	0.25633047837073175	0.5350555112000001	-0.2787250328292683
3300000	3349999	0.2585200127463415	0.5350555112000001	-0.27653549845365855
3350000	3399999	0.2576643760073171	0.5350555112000001	-0.27739113519268294
3400000	3449999	0.2630645478414635	0.5350555112000001	-0.27199096335853656
3450000	3499999	0.25954065237073176	0.5350555112000001	-0.2755148588292683
3500000	3549999	0.2558426446024391	0.5350555112000001	-0.27921286659756095
3550000	3599999	0.2583975055048781	0.5350555112000001	-0.27665800569512194
3600000	3649999	0.2623306465804879	0.5350555112000001	-0.2727248646195122
3650000	3699999	0.25540326940731717	0.5350555112000001	-0.2796522417926829
3700000	3749999	0.2572579428146342	0.5350555112000001	-0.27779756838536585
3750000	3799999	0.25553782563170735	0.5350555112000001	-0.2795176855682927
3800000	3849999	0.25338840612195135	0.5350555112000001	-0.2816671050780487
3850000	3899999	0.2517004419073171	0.5350555112000001	-0.28335506929268295
3900000	3949999	0.2584501252341464	0.5350555112000001	-0.27660538596585366
3950000	3999999	0.25705110778048784	0.5350555112000001	-0.2780044034195122
4000000	4049999	0.24522224429512202	0.5350555112000001	-0.28983326690487804
4050000	4099999	0.25312336005609765	0.5350555112000001	-0.2819321511439024
4100000	4149999	0.24747032977804884	0.5350555112000001	-0.2875851814219512
4150000	4199999	0.2440548915195122	0.5350555112000001	-0.29100061968048785
4200000	4249999	0.24194119491463423	0.5350555112000001	-0.29311431628536583
4250000	4299999	0.24279005779024393	0.5350555112000001	-0.2922654534097561
4300000	4349999	0.2463009122097562	0.5350555112000001	-0.28875459899024386
4350000	4399999	0.2445552366804879	0.5350555112000001	-0.29050027451951216
4400000	4449999	0.23687221888048787	0.5350555112000001	-0.2981832923195122
4450000	4499999	0.22904976319024395	0.5350555112000001	-0.3060057480097561
4500000	4549999	0.220264253190244	0.5350555112000001	-0.31479125800975605
4550000	4599999	0.19664057307560984	0.5350555112000001	-0.3384149381243902
4600000	4649999	0.18757784514878056	0.5350555112000001	-0.3474776660512195
4650000	4699999	0.1780512851121952	0.5350555112000001	-0.35700422608780485
4700000	4749999	0.17264331648292686	0.5350555112000001	-0.3624121947170732
4750000	4799999	0.16520274467073182	0.5350555112000001	-0.36985276652926824
4800000	4849999	0.15624340607804887	0.5350555112000001	-0.3788121051219512
4850000	4899999	0.15307511315609768	0.5350555112000001	-0.3819803980439024
4900000	4949999	0.15227446983170745	0.5350555112000001	-0.3827810413682926
4950000	4999999	0.14808174147804887	0.5350555112000001	-0.3869737697219512
5000000	5049999	0.14756411814878062	0.5350555112000001	-0.38749139305121943
5050000	5099999	0.14772300206097572	0.5350555112000001	-0.38733250913902434
5100000	5149999	0.1479727961463415	0.5350555112000001	-0.38708271505365854
5150000	5199999	0.15201948396585374	0.5350555112000001	-0.3830360272341463
5200000	5249999	0.1537143626390245	0.5350555112000001	-0.38134114856097556
5250000	5299999	0.1583202766365855	0.5350555112000001	-0.37673523456341457
5300000	5349999	0.15553590968780495	0.5350555112000001	-0.3795196015121951
5350000	5399999	0.15429605897804882	0.5350555112000001	-0.38075945222195123
5400000	5449999	0.15361537606829273	0.5350555112000001	-0.3814401351317073
5450000	5499999	0.1496049104097562	0.5350555112000001	-0.38545060079024385
5500000	5549999	0.15445505281707328	0.5350555112000001	-0.3806004583829268
5550000	5599999	0.15419418746829272	0.5350555112000001	-0.38086132373170734
5600000	5649999	0.1526731049853659	0.5350555112000001	-0.38238240621463415
5650000	5699999	0.15061086328780493	0.5350555112000001	-0.3844446479121951
5700000	5749999	0.15541507601219517	0.5350555112000001	-0.3796404351878049
5750000	5799999	0.155545075895122	0.5350555112000001	-0.37951043530487805
5800000	5849999	0.15805309037560983	0.5350555112000001	-0.3770024208243902
5850000	5899999	0.1643736873439025	0.5350555112000001	-0.37068182385609755
5900000	5949999	0.17211183015853665	0.5350555112000001	-0.3629436810414634
5950000	5999999	0.17814446164634157	0.5350555112000001	-0.3569110495536585
6000000	6049999	0.19505300767560985	0.5350555112000001	-0.3400025035243902
6050000	6099999	0.2132638074341464	0.5350555112000001	-0.32179170376585364
6100000	6149999	0.21691229259024392	0.5350555112000001	-0.31814321860975614
6150000	6199999	0.2293848577731708	0.5350555112000001	-0.30567065342682925
6200000	6249999	0.23819192809512202	0.5350555112000001	-0.29686358310487804
6250000	6299999	0.24213010778780492	0.5350555112000001	-0.29292540341219514
6300000	6349999	0.2428450900707318	0.5350555112000001	-0.29221042112926826
6350000	6399999	0.2465529016658537	0.5350555112000001	-0.28850260953414636
6400000	6449999	0.24912606432926832	0.5350555112000001	-0.28592944687073174
6450000	6499999	0.2543151876365854	0.5350555112000001	-0.28074032356341466
6500000	6549999	0.2610921366707318	0.5350555112000001	-0.2739633745292683
6550000	6599999	0.26860238085365856	0.5350555112000001	-0.2664531303463415
6600000	6649999	0.27703064490243906	0.5350555112000001	-0.258024866297561
6650000	6699999	0.2863299230268293	0.5350555112000001	-0.24872558817317075
6700000	6749999	0.29514014302195124	0.5350555112000001	-0.23991536817804882
6750000	6799999	0.29836895463414637	0.5350555112000001	-0.2366865565658537
6800000	6849999	0.3047169305804879	0.5350555112000001	-0.23033858061951218
6850000	6899999	0.315730532492683	0.5350555112000001	-0.21932497870731704
6900000	6949999	0.31994368398292694	0.5350555112000001	-0.21511182721707311
6950000	6999999	0.32362238658780496	0.5350555112000001	-0.2114331246121951
7000000	7049999	0.3269367343780488	0.5350555112000001	-0.20811877682195123
7050000	7099999	0.33558426444390255	0.5350555112000001	-0.1994712467560975
7100000	7149999	0.3455045944707318	0.5350555112000001	-0.18955091672926827
7150000	7199999	0.3547350776682927	0.5350555112000001	-0.18032043353170735
7200000	7249999	0.3634684348780488	0.5350555112000001	-0.17158707632195125
7250000	7299999	0.3677449375097562	0.5350555112000001	-0.16731057369024388
7300000	7349999	0.37489449821219517	0.5350555112000001	-0.16016101298780488
7350000	7399999	0.38552893150000006	0.5350555112000001	-0.1495265797
7400000	7449999	0.39869025395365865	0.5350555112000001	-0.1363652572463414
7450000	7499999	0.4137724769536586	0.5350555112000001	-0.12128303424634146
7500000	7549999	0.4198024863341464	0.5350555112000001	-0.11525302486585365
7550000	7599999	0.4225557341000001	0.5350555112000001	-0.11249977709999998
7600000	7649999	0.4339760631097561	0.5350555112000001	-0.10107944809024394
7650000	7699999	0.4472877009560976	0.5350555112000001	-0.08776781024390246
7700000	7749999	0.4538580873536586	0.5350555112000001	-0.08119742384634143
7750000	7799999	0.4667944433756098	0.5350555112000001	-0.06826106782439023
7800000	7849999	0.4749916606853659	0.5350555112000001	-0.06006385051463414
7850000	7899999	0.49103427188292686	0.5350555112000001	-0.04402123931707319
7900000	7949999	0.5148407893609757	0.5350555112000001	-0.020214721839024397
7950000	7999999	0.5224621483317073	0.5350555112000001	-0.012593362868292712
8000000	8049999	0.5229261647146342	0.5350555112000001	-0.0121293464853659
8050000	8099999	0.5273916605195123	0.5350555112000001	-0.007663850680487805
8100000	8149999	0.5270091119121951	0.5350555112000001	-0.008046399287804928
8150000	8199999	0.532940842390244	0.5350555112000001	-0.0021146688097560817
8200000	8249999	0.5350635399000001	0.5350555112000001	8.028700000051181e-06
8250000	8299999	0.5325872680268293	0.5350555112000001	-0.0024682431731707366
8300000	8349999	0.5400142125634146	0.5350555112000001	0.004958701363414586
8350000	8399999	0.5503295719634147	0.5350555112000001	0.015274060763414643
8400000	8449999	0.5549768235731708	0.5350555112000001	0.01992131237317074
8450000	8499999	0.5679574670024391	0.5350555112000001	0.03290195580243904
8500000	8549999	0.5742421311121952	0.5350555112000001	0.039186619912195186
8550000	8599999	0.5825647417195122	0.5350555112000001	0.04750923051951217
8600000	8649999	0.5856422927804878	0.5350555112000001	0.050586781580487794
8650000	8699999	0.5910017713365854	0.5350555112000001	0.055946260136585324
8700000	8749999	0.6021000354707318	0.5350555112000001	0.06704452427073171
8750000	8799999	0.6094052747512195	0.5350555112000001	0.07434976355121947
8800000	8849999	0.620644991092683	0.5350555112000001	0.08558947989268295
8850000	8899999	0.6263462227536586	0.5350555112000001	0.09129071155365853
8900000	8949999	0.6311195320195122	0.5350555112000001	0.09606402081951215
8950000	8999999	0.6434265228463415	0.5350555112000001	0.10837101164634144
9000000	9049999	0.6580490132560977	0.5350555112000001	0.1229935020560976
9050000	9099999	0.6684251134780488	0.5350555112000001	0.13336960227804873
9100000	9149999	0.6766510815243902	0.5350555112000001	0.14159557032439019
9150000	9199999	0.6771580869707318	0.5350555112000001	0.1421025757707317
9200000	9249999	0.6808139557195123	0.5350555112000001	0.14575844451951225
9250000	9299999	0.6831225494317074	0.5350555112000001	0.1480670382317073
9300000	9349999	0.6840097338487805	0.5350555112000001	0.14895422264878044
9350000	9399999	0.6829208618487805	0.5350555112000001	0.14786535064878048
9400000	9449999	0.6851052840560976	0.5350555112000001	0.15004977285609755
9450000	9499999	0.684071068290244	0.5350555112000001	0.14901555709024394
9500000	9549999	0.6820034446878049	0.5350555112000001	0.14694793348780488
9550000	9599999	0.6842541616609756	0.5350555112000001	0.14919865046097558
9600000	9649999	0.6842055509585366	0.5350555112000001	0.14915003975853658
9650000	9699999	0.682832382282927	0.5350555112000001	0.14777687108292692
9700000	9749999	0.6817475123341464	0.5350555112000001	0.14669200113414638
9750000	9799999	0.6924244988317074	0.5350555112000001	0.15736898763170737
9800000	9849999	0.6881431625756098	0.5350555112000001	0.15308765137560976
9850000	9899999	0.687034951295122	0.5350555112000001	0.151979440095122
9900000	9949999	0.6772299079780488	0.5350555112000001	0.14217439677804877
9950000	9999999	0.656405509885366	0.5350555112000001	0.12134999868536589
10000000	10049999	0.6466593765658537	0.5350555112000001	0.11160386536585365
10050000	10099999	0.6413897161048782	0.5350555112000001	0.1063342049048781
10100000	10149999	0.6234809468219513	0.5350555112000001	0.08842543562195126
10150000	10199999	0.6180218845634147	0.5350555112000001	0.08296637336341461
10200000	10249999	0.6052913044170732	0.5350555112000001	0.07023579321707318
10250000	10299999	0.6015230341097562	0.5350555112000001	0.0664675229097561
10300000	10349999	0.6083144457560976	0.5350555112000001	0.07325893455609755
10350000	10399999	0.6270566402146343	0.5350555112000001	0.0920011290146342
10400000	10449999	0.6401861418780488	0.5350555112000001	0.10513063067804873
10450000	10499999	0.644083498997561	0.5350555112000001	0.10902798779756095
10500000	10549999	0.6406530581439025	0.5350555112000001	0.10559754694390244
10550000	10599999	0.6374006457439025	0.5350555112000001	0.10234513454390248
10600000	10649999	0.6336994961414635	0.5350555112000001	0.09864398494146343
10650000	10699999	0.6327699682585367	0.5350555112000001	0.09771445705853665
10700000	10749999	0.6243290487243903	0.5350555112000001	0.08927353752439027
10750000	10799999	0.611459162497561	0.5350555112000001	0.07640365129756099
10800000	10849999	0.6058962146853659	0.5350555112000001	0.07084070348536586
10850000	10899999	0.6030245398317073	0.5350555112000001	0.06796902863170728
10900000	10949999	0.6047950426170732	0.5350555112000001	0.06973953141707312
10950000	10999999	0.6020625767756098	0.5350555112000001	0.06700706557560976
11000000	11049999	0.6011308153756099	0.5350555112000001	0.0660753041756098
11050000	11099999	0.6023798987731708	0.5350555112000001	0.06732438757317072
11100000	11149999	0.6093071939195123	0.5350555112000001	0.07425168271951221
11150000	11199999	0.607948315792683	0.5350555112000001	0.07289280459268299
11200000	11249999	0.6185052449682927	0.5350555112000001	0.08344973376829268
11250000	11299999	0.6225447717219512	0.5350555112000001	0.08748926052195116
11300000	11349999	0.6308195727658538	0.5350555112000001	0.09576406156585371
11350000	11399999	0.6554236920853659	0.5350555112000001	0.12036818088536583
11400000	11449999	0.680646905990244	0.5350555112000001	0.14559139479024397
11450000	11499999	0.6850919747365855	0.5350555112000001	0.1500364635365854
11500000	11549999	0.6940371475780489	0.5350555112000001	0.15898163637804885
11550000	11599999	0.6958165699243903	0.5350555112000001	0.16076105872439028
11600000	11649999	0.7011812972658538	0.5350555112000001	0.1661257860658537
11650000	11699999	0.7081654913926829	0.5350555112000001	0.17310998019268287
11700000	11749999	0.7140305185463416	0.5350555112000001	0.17897500734634153
11750000	11799999	0.7097227709756098	0.5350555112000001	0.1746672597756097
11800000	11849999	0.7065232373463415	0.5350555112000001	0.17146772614634143
11850000	11899999	0.708574316897561	0.5350555112000001	0.17351880569756095
11900000	11949999	0.7102137004365854	0.5350555112000001	0.17515818923658533
11950000	11999999	0.7073166788658537	0.5350555112000001	0.17226116766585364
12000000	12049999	0.707820609102439	0.5350555112000001	0.172765097902439
12050000	12099999	0.7229104269439025	0.5350555112000001	0.18785491574390245
12100000	12149999	0.7418126732048781	0.5350555112000001	0.20675716200487804
12150000	12199999	0.7683887112463416	0.5350555112000001	0.2333332000463415
12200000	12249999	0.7677316842146342	0.5350555112000001	0.23267617301463417
12250000	12299999	0.7681961839536586	0.5350555112000001	0.23314067275365857
12300000	12349999	0.7625739308731708	0.5350555112000001	0.22751841967317077
12350000	12399999	0.7543505366463416	0.5350555112000001	0.2192950254463415
12400000	12449999	0.730161135987805	0.5350555112000001	0.1951056247878049
12450000	12499999	0.7113845394097562	0.5350555112000001	0.17632902820975616
12500000	12549999	0.702527831185366	0.5350555112000001	0.16747231998536594
12550000	12599999	0.693615461282927	0.5350555112000001	0.1585599500829269
12600000	12649999	0.690792256890244	0.5350555112000001	0.15573674569024398
12650000	12699999	0.6841879873658537	0.5350555112000001	0.14913247616585368
12700000	12749999	0.6791148120097562	0.5350555112000001	0.14405930080975615
12750000	12799999	0.6766780606756098	0.5350555112000001	0.1416225494756097
12800000	12849999	0.6755741497073171	0.5350555112000001	0.14051863850731705
12850000	12899999	0.6664407547487805	0.5350555112000001	0.13138524354878045
12900000	12949999	0.6600851767975611	0.5350555112000001	0.125029665597561
12950000	12999999	0.6522709842731709	0.5350555112000001	0.11721547307317082
13000000	13049999	0.648417982692683	0.5350555112000001	0.11336247149268297
13050000	13099999	0.6364344269000001	0.5350555112000001	0.10137891570000002
13100000	13149999	0.6206906467439025	0.5350555112000001	0.08563513554390245
13150000	13199999	0.6070034311292684	0.5350555112000001	0.0719479199292683
13200000	13249999	0.5967618741243903	0.5350555112000001	0.061706362924390246
13250000	13299999	0.5810894581707318	0.5350555112000001	0.04603394697073171
13300000	13349999	0.5692491270585367	0.5350555112000001	0.03419361585853664
13350000	13399999	0.5553209137707318	0.5350555112000001	0.020265402570731728
13400000	13449999	0.5288634229390244	0.5350555112000001	-0.0061920882609756145
13450000	13499999	0.5012107315707318	0.5350555112000001	-0.03384477962926824
13500000	13549999	0.48832258937804884	0.5350555112000001	-0.04673292182195121
13550000	13599999	0.4670388112731708	0.5350555112000001	-0.06801669992682924
13600000	13649999	0.45779349155853666	0.5350555112000001	-0.0772620196414634
13650000	13699999	0.44340751313658544	0.5350555112000001	-0.09164799806341462
13700000	13749999	0.43161863130243905	0.5350555112000001	-0.10343687989756101
13750000	13799999	0.4199005508560976	0.5350555112000001	-0.11515496034390243
13800000	13849999	0.4148679113292683	0.5350555112000001	-0.12018759987073174
13850000	13899999	0.4006592307634147	0.5350555112000001	-0.13439628043658536
13900000	13949999	0.38826358943170736	0.5350555112000001	-0.1467919217682927
13950000	13999999	0.37747254111707323	0.5350555112000001	-0.15758297008292682
14000000	14049999	0.37622277491463424	0.5350555112000001	-0.15883273628536582
14050000	14099999	0.38068136119268303	0.5350555112000001	-0.15437415000731702
14100000	14149999	0.36335322380243906	0.5350555112000001	-0.171702287397561
14150000	14199999	0.34043827605121957	0.5350555112000001	-0.1946172351487805
14200000	14249999	0.31761360241951225	0.5350555112000001	-0.2174419087804878
14250000	14299999	0.31847973583902445	0.5350555112000001	-0.2165757753609756
14300000	14349999	0.3255732522341464	0.5350555112000001	-0.20948225896585365
14350000	14399999	0.33717398392926834	0.5350555112000001	-0.19788152727073172
14400000	14449999	0.34498015761951223	0.5350555112000001	-0.19007535358048783
14450000	14499999	0.35815706797560987	0.5350555112000001	-0.1768984432243902
14500000	14549999	0.37911698220243906	0.5350555112000001	-0.155938528997561
14550000	14599999	0.39116087676097566	0.5350555112000001	-0.1438946344390244
14600000	14649999	0.40957425956829274	0.5350555112000001	-0.1254812516317073
14650000	14699999	0.427421821095122	0.5350555112000001	-0.10763369010487805
14700000	14749999	0.44005605381219515	0.5350555112000001	-0.09499945738780491
14750000	14799999	0.443706677890244	0.5350555112000001	-0.09134883330975607
14800000	14849999	0.4456930475804879	0.5350555112000001	-0.08936246361951217
14850000	14899999	0.45084960182926836	0.5350555112000001	-0.08420590937073169
14900000	14949999	0.45883577837073175	0.5350555112000001	-0.0762197328292683
14950000	14999999	0.4611671674829269	0.5350555112000001	-0.07388834371707315
15000000	15049999	0.46368360451951224	0.5350555112000001	-0.07137190668048782
15050000	15099999	0.460859379992683	0.5350555112000001	-0.07419613120731705
15100000	15149999	0.46442759073902445	0.5350555112000001	-0.0706279204609756
15150000	15199999	0.4638838593024391	0.5350555112000001	-0.07117165189756097
15200000	15249999	0.4632469284560976	0.5350555112000001	-0.07180858274390245
15250000	15299999	0.46691523789268297	0.5350555112000001	-0.06814027330731709
15300000	15349999	0.4670993405219513	0.5350555112000001	-0.06795617067804877
15350000	15399999	0.47002812254878057	0.5350555112000001	-0.06502738865121949
15400000	15449999	0.4662761864536586	0.5350555112000001	-0.06877932474634146
15450000	15499999	0.47202557593170735	0.5350555112000001	-0.0630299352682927
15500000	15549999	0.4779297338390245	0.5350555112000001	-0.05712577736097557
15550000	15599999	0.48576738531707325	0.5350555112000001	-0.0492881258829268
15600000	15649999	0.4947377887682928	0.5350555112000001	-0.04031772243170728
15650000	15699999	0.502072104890244	0.5350555112000001	-0.03298340630975605
15700000	15749999	0.5136739897853659	0.5350555112000001	-0.02138152141463412
15750000	15799999	0.5155107726146342	0.5350555112000001	-0.019544738585365873
15800000	15849999	0.5339240591073171	0.5350555112000001	-0.0011314520926829497
15850000	15899999	0.5500849078536586	0.5350555112000001	0.015029396653658544
15900000	15949999	0.5618433711073172	0.5350555112000001	0.026787859907317135
15950000	15999999	0.5662535563219513	0.5350555112000001	0.031198045121951234
16000000	16049999	0.5711054468341464	0.5350555112000001	0.03604993563414638
16050000	16099999	0.5709886260097562	0.5350555112000001	0.03593311480975614
16100000	16149999	0.5662948767268293	0.5350555112000001	0.031239365526829266
16150000	16199999	0.5706761782829269	0.5350555112000001	0.03562066708292688
16200000	16249999	0.5805522954414635	0.5350555112000001	0.04549678424146342
16250000	16299999	0.584662365897561	0.5350555112000001	0.04960685469756099
16300000	16349999	0.5946430483268293	0.5350555112000001	0.05958753712682929
16350000	16399999	0.5949510755634148	0.5350555112000001	0.0598955643634147
16400000	16449999	0.591664673497561	0.5350555112000001	0.056609162297560967
16450000	16499999	0.5833901071829269	0.5350555112000001	0.04833459598292689
16500000	16549999	0.5666070206243903	0.5350555112000001	0.03155150942439022
16550000	16599999	0.5425932561170732	0.5350555112000001	0.0075377449170731525
16600000	16649999	0.5355100984439025	0.5350555112000001	0.0004545872439024601
16650000	16699999	0.5331090667756099	0.5350555112000001	-0.0019464444243901813
16700000	16749999	0.5330535630414635	0.5350555112000001	-0.002001948158536604
16750000	16799999	0.5272693949268293	0.5350555112000001	-0.007786116273170718
16800000	16849999	0.5276923490658537	0.5350555112000001	-0.007363162134146339
16850000	16899999	0.5477263834658537	0.5350555112000001	0.012670872265853617
16900000	16949999	0.5560157408634147	0.5350555112000001	0.020960229663414598
16950000	16999999	0.5554421624439025	0.5350555112000001	0.020386651243902487
17000000	17049999	0.5532025043658537	0.5350555112000001	0.018146993165853664
17050000	17099999	0.546771777597561	0.5350555112000001	0.01171626639756096
17100000	17149999	0.5443827503341464	0.5350555112000001	0.009327239134146348
17150000	17199999	0.5387731605097561	0.5350555112000001	0.0037176493097560437
17200000	17249999	0.5358931824878049	0.5350555112000001	0.0008376712878048753
17250000	17299999	0.5299263685634147	0.5350555112000001	-0.005129142636585371
17300000	17349999	0.5250499965780488	0.5350555112000001	-0.010005514621951206
17350000	17399999	0.5230618513829269	0.5350555112000001	-0.011993659817073121
17400000	17449999	0.5186278724756098	0.5350555112000001	-0.016427638724390237
17450000	17499999	0.5178648385609756	0.5350555112000001	-0.017190672639024407
17500000	17549999	0.5098158861682928	0.5350555112000001	-0.02523962503170729
17550000	17599999	0.5110180957048781	0.5350555112000001	-0.02403741549512195
17600000	17649999	0.505961925787805	0.5350555112000001	-0.02909358541219509
17650000	17699999	0.5023832301463416	0.5350555112000001	-0.03267228105365849
17700000	17749999	0.49880989387073177	0.5350555112000001	-0.03624561732926829
17750000	17799999	0.49198132299024394	0.5350555112000001	-0.043074188209756115
17800000	17849999	0.4891255805512196	0.5350555112000001	-0.04592993064878048
17850000	17899999	0.4702529298560976	0.5350555112000001	-0.06480258134390243
17900000	17949999	0.4527795606317074	0.5350555112000001	-0.08227595056829268
17950000	17999999	0.44220904072926837	0.5350555112000001	-0.09284647047073169
18000000	18049999	0.43553781313902445	0.5350555112000001	-0.0995176980609756
18050000	18099999	0.43051334206097563	0.5350555112000001	-0.10454216913902442
18100000	18149999	0.4300759791756098	0.5350555112000001	-0.10497953202439025
18150000	18199999	0.4164523233756098	0.5350555112000001	-0.11860318782439028
18200000	18249999	0.40131881818048787	0.5350555112000001	-0.1337366930195122
18250000	18299999	0.3901757611121952	0.5350555112000001	-0.14487975008780485
18300000	18349999	0.3798347951390244	0.5350555112000001	-0.15522071606097565
18350000	18399999	0.3659663607414635	0.5350555112000001	-0.16908915045853656
18400000	18449999	0.35129773301707323	0.5350555112000001	-0.18375777818292682
18450000	18499999	0.34066355718048785	0.5350555112000001	-0.1943919540195122
18500000	18549999	0.3381564626365854	0.5350555112000001	-0.19689904856341467
18550000	18599999	0.3351435710341464	0.5350555112000001	-0.19991194016585367
18600000	18649999	0.3328604232731708	0.5350555112000001	-0.20219508792682928
18650000	18699999	0.3239160786560976	0.5350555112000001	-0.21113943254390244
18700000	18749999	0.3074840959780488	0.5350555112000001	-0.22757141522195123
18750000	18799999	0.2880717210585366	0.5350555112000001	-0.24698379014146343
18800000	18849999	0.282480389197561	0.5350555112000001	-0.25257512200243903
18850000	18899999	0.2800510111365854	0.5350555112000001	-0.25500450006341463
18900000	18949999	0.2583683697219512	0.5350555112000001	-0.27668714147804885
18950000	18999999	0.25198306838780493	0.5350555112000001	-0.2830724428121951
19000000	19049999	0.2520175764268293	0.5350555112000001	-0.28303793477317074
19050000	19099999	0.25983704007804886	0.5350555112000001	-0.2752184711219512
19100000	19149999	0.28125003272195126	0.5350555112000001	-0.2538054784780488
19150000	19199999	0.3063425640024391	0.5350555112000001	-0.22871294719756097
19200000	19249999	0.31940740923902444	0.5350555112000001	-0.2156481019609756
19250000	19299999	0.3291885778097562	0.5350555112000001	-0.20586693339024387
19300000	19349999	0.33923167003170734	0.5350555112000001	-0.1958238411682927
19350000	19399999	0.3432942840585366	0.5350555112000001	-0.19176122714146343
19400000	19449999	0.3500517373195122	0.5350555112000001	-0.18500377388048783
19450000	19499999	0.3764360579658537	0.5350555112000001	-0.15861945323414633
19500000	19549999	0.39839190122195123	0.5350555112000001	-0.13666360997804883
19550000	19599999	0.4086694198268293	0.5350555112000001	-0.12638609137317075
19600000	19649999	0.40759083894878056	0.5350555112000001	-0.1274646722512195
19650000	19699999	0.4107237223585366	0.5350555112000001	-0.12433178884146345
19700000	19749999	0.41873117273170735	0.5350555112000001	-0.11632433846829271
19750000	19799999	0.42671077141951225	0.5350555112000001	-0.10834473978048781
19800000	19849999	0.4346833622414635	0.5350555112000001	-0.10037214895853658
19850000	19899999	0.4394701084121952	0.5350555112000001	-0.09558540278780486
19900000	19949999	0.45613410516585373	0.5350555112000001	-0.07892140603414632
19950000	19999999	0.4731300798560976	0.5350555112000001	-0.06192543134390244
20000000	20049999	0.4828821706195123	0.5350555112000001	-0.05217334058048778
20050000	20099999	0.4919759334292684	0.5350555112000001	-0.04307957777073168
20100000	20149999	0.4959874693146342	0.5350555112000001	-0.039068041885365834
20150000	20199999	0.4952295897560976	0.5350555112000001	-0.03982592144390246
20200000	20249999	0.5064931110243903	0.5350555112000001	-0.028562400175609737
20250000	20299999	0.5180584229024391	0.5350555112000001	-0.01699708829756097
20300000	20349999	0.5245158882170732	0.5350555112000001	-0.010539622982926877
20350000	20399999	0.5348462874170732	0.5350555112000001	-0.0002092237829268706
20400000	20449999	0.5376884568317074	0.5350555112000001	0.0026329456317073507
20450000	20499999	0.5439098340731707	0.5350555112000001	0.008854322873170672
20500000	20549999	0.5496198534487805	0.5350555112000001	0.014564342248780449
20550000	20599999	0.5456819623048781	0.5350555112000001	0.010626451104878032
20600000	20649999	0.5446935220243903	0.5350555112000001	0.009638010824390197
20650000	20699999	0.5446540591000001	0.5350555112000001	0.009598547900000032
20700000	20749999	0.5447334106146342	0.5350555112000001	0.00967789941463415
20750000	20799999	0.5487196255829269	0.5350555112000001	0.013664114382926806
20800000	20849999	0.5450379818024391	0.5350555112000001	0.009982470602439064
20850000	20899999	0.5419620037292684	0.5350555112000001	0.006906492529268338
20900000	20949999	0.5449122369658537	0.5350555112000001	0.009856725765853613
20950000	20999999	0.5474585472634147	0.5350555112000001	0.01240303606341464
21000000	21049999	0.5422669746878049	0.5350555112000001	0.007211463487804881
21050000	21099999	0.5376302411878049	0.5350555112000001	0.0025747299878048358
21100000	21149999	0.5257019060585366	0.5350555112000001	-0.009353605141463439
21150000	21199999	0.5107280223	0.5350555112000001	-0.024327488900000027
21200000	21249999	0.48667380077804884	0.5350555112000001	-0.04838171042195122
21250000	21299999	0.4820927327000001	0.5350555112000001	-0.052962778499999974
21300000	21349999	0.47777602503170735	0.5350555112000001	-0.057279486168292704
21350000	21399999	0.4733874217853659	0.5350555112000001	-0.06166808941463414
21400000	21449999	0.469942849595122	0.5350555112000001	-0.06511266160487805
21450000	21499999	0.4678015655829269	0.5350555112000001	-0.06725394561707315
21500000	21549999	0.44364046078048786	0.5350555112000001	-0.0914150504195122
21550000	21599999	0.42390777905121957	0.5350555112000001	-0.11114773214878049
21600000	21649999	0.4161347402853659	0.5350555112000001	-0.11892077091463416
21650000	21699999	0.40948321303170737	0.5350555112000001	-0.12557229816829268
21700000	21749999	0.40209858498292694	0.5350555112000001	-0.1329569262170731
21750000	21799999	0.39704862571951227	0.5350555112000001	-0.13800688548048778
21800000	21849999	0.3808030056	0.5350555112000001	-0.15425250560000003
21850000	21899999	0.3733412884609757	0.5350555112000001	-0.16171422273902436
21900000	21949999	0.36849098987560985	0.5350555112000001	-0.1665645213243902
21950000	21999999	0.3535116165658537	0.5350555112000001	-0.18154389463414633
22000000	22049999	0.33282174070487813	0.5350555112000001	-0.20223377049512192
22050000	22099999	0.32443602525609766	0.5350555112000001	-0.2106194859439024
22100000	22149999	0.3173292102048781	0.5350555112000001	-0.21772630099512197
22150000	22199999	0.31275870263902444	0.5350555112000001	-0.2222968085609756
22200000	22249999	0.3076688672585366	0.5350555112000001	-0.22738664394146346
22250000	22299999	0.3034379827048781	0.5350555112000001	-0.23161752849512196
22300000	22349999	0.30303205753658546	0.5350555112000001	-0.2320234536634146
22350000	22399999	0.29883442628048784	0.5350555112000001	-0.23622108491951221
22400000	22449999	0.29229348869512206	0.5350555112000001	-0.242762022504878
22450000	22499999	0.2895200170707317	0.5350555112000001	-0.24553549412926834
22500000	22549999	0.2917010972414634	0.5350555112000001	-0.24335441395853663
22550000	22599999	0.29157770600731714	0.5350555112000001	-0.24347780519268292
22600000	22649999	0.29904751517560985	0.5350555112000001	-0.2360079960243902
22650000	22699999	0.3039595826219512	0.5350555112000001	-0.23109592857804884
22700000	22749999	0.31038203864390246	0.5350555112000001	-0.2246734725560976
22750000	22799999	0.31718775099268304	0.5350555112000001	-0.21786776020731702
22800000	22849999	0.31450667768536594	0.5350555112000001	-0.2205488335146341
22850000	22899999	0.3219099049243903	0.5350555112000001	-0.21314560627560974
22900000	22949999	0.32688749413414636	0.5350555112000001	-0.2081680170658537
22950000	22999999	0.3343326622658537	0.5350555112000001	-0.20072284893414638
23000000	23049999	0.3547799367731708	0.5350555112000001	-0.18027557442682923
23050000	23099999	0.366909911195122	0.5350555112000001	-0.16814560000487805
23100000	23149999	0.3795799404048781	0.5350555112000001	-0.15547557079512198
23150000	23199999	0.3902510780780488	0.5350555112000001	-0.14480443312195124
23200000	23249999	0.3933914877463415	0.5350555112000001	-0.14166402345365858
23250000	23299999	0.4053326509243903	0.5350555112000001	-0.12972286027560975
23300000	23349999	0.4103973295243903	0.5350555112000001	-0.12465818167560977
23350000	23399999	0.41492885582926836	0.5350555112000001	-0.1201266553707317
23400000	23449999	0.4187808381658537	0.5350555112000001	-0.11627467303414635
23450000	23499999	0.44516686436585373	0.5350555112000001	-0.08988864683414632
23500000	23549999	0.4553872394097561	0.5350555112000001	-0.07966827179024394
23550000	23599999	0.4658607953463415	0.5350555112000001	-0.06919471585365855
23600000	23649999	0.47348158009756103	0.5350555112000001	-0.06157393110243903
23650000	23699999	0.48675056113658544	0.5350555112000001	-0.04830495006341462
23700000	23749999	0.49666489500243904	0.5350555112000001	-0.03839061619756101
23750000	23799999	0.513571099392683	0.5350555112000001	-0.021484411807317083
23800000	23849999	0.5361995432146341	0.5350555112000001	0.0011440320146340888
23850000	23899999	0.566893110495122	0.5350555112000001	0.03183759929512198
23900000	23949999	0.5911439320073171	0.5350555112000001	0.05608842080731702
23950000	23999999	0.6040192500121951	0.5350555112000001	0.06896373881219509
24000000	24049999	0.6143228872634147	0.5350555112000001	0.07926737606341461
24050000	24099999	0.6194849907390244	0.5350555112000001	0.08442947953902435
24100000	24149999	0.6249258121341463	0.5350555112000001	0.08987030093414627
24150000	24199999	0.6390715104560976	0.5350555112000001	0.1040159992560975
24200000	24249999	0.6510513263585367	0.5350555112000001	0.11599581515853663
24250000	24299999	0.6621858322390244	0.5350555112000001	0.12713032103902433
24300000	24349999	0.6703217569512195	0.5350555112000001	0.13526624575121948
24350000	24399999	0.6733688045658537	0.5350555112000001	0.13831329336585363
24400000	24449999	0.6780504900780489	0.5350555112000001	0.1429949788780488
24450000	24499999	0.6814800587658537	0.5350555112000001	0.14642454756585366
24500000	24549999	0.6866287131829268	0.5350555112000001	0.1515732019829268
24550000	24599999	0.6863802209731709	0.5350555112000001	0.1513247097731708
24600000	24649999	0.6849345558707317	0.5350555112000001	0.14987904467073165
24650000	24699999	0.6898612837439024	0.5350555112000001	0.15480577254390238
24700000	24749999	0.7019646531268293	0.5350555112000001	0.16690914192682926
24750000	24799999	0.7028380067804878	0.5350555112000001	0.16778249558048774
24800000	24849999	0.7096445541024391	0.5350555112000001	0.17458904290243904
24850000	24899999	0.7116809230560976	0.5350555112000001	0.1766254118560976
24900000	24949999	0.7136650988560976	0.5350555112000001	0.17860958765609758
24950000	24999999	0.724547778492683	0.5350555112000001	0.18949226729268298
25000000	25049999	0.732699490997561	0.5350555112000001	0.197643979797561
25050000	25099999	0.7223638029829269	0.5350555112000001	0.18730829178292685
25100000	25149999	0.7168180535853659	0.5350555112000001	0.18176254238536582
25150000	25199999	0.7148060408487805	0.5350555112000001	0.17975052964878047
25200000	25249999	0.7186982539195123	0.5350555112000001	0.1836427427195122
25250000	25299999	0.726325986392683	0.5350555112000001	0.19127047519268292
25300000	25349999	0.7351451409439025	0.5350555112000001	0.20008962974390243
25350000	25399999	0.734244675390244	0.5350555112000001	0.1991891641902439
25400000	25449999	0.7382780474707318	0.5350555112000001	0.20322253627073172
25450000	25499999	0.748204857985366	0.5350555112000001	0.2131493467853659
25500000	25549999	0.7280821011707318	0.5350555112000001	0.19302658997073174
25550000	25599999	0.7283260904170732	0.5350555112000001	0.19327057921707314
25600000	25649999	0.732203065395122	0.5350555112000001	0.19714755419512198
25650000	25699999	0.7296460005463414	0.5350555112000001	0.19459048934634138
25700000	25749999	0.7274007944268293	0.5350555112000001	0.1923452832268292
25750000	25799999	0.7221807509	0.5350555112000001	0.18712523969999995
25800000	25849999	0.7124522722317074	0.5350555112000001	0.17739676103170732
25850000	25899999	0.692100595392683	0.5350555112000001	0.15704508419268293
25900000	25949999	0.6766257969024391	0.5350555112000001	0.141570285702439
25950000	25999999	0.6600637613170732	0.5350555112000001	0.12500825011707317
26000000	26049999	0.6539980570780488	0.5350555112000001	0.11894254587804876
26050000	26099999	0.6496656147634147	0.5350555112000001	0.11461010356341461
26100000	26149999	0.6582689648000001	0.5350555112000001	0.12321345360000002
26150000	26199999	0.6605719589219512	0.5350555112000001	0.12551644772195114
26200000	26249999	0.659227279897561	0.5350555112000001	0.12417176869756097
26250000	26299999	0.6577045909975611	0.5350555112000001	0.12264907979756101
26300000	26349999	0.6620059507414635	0.5350555112000001	0.12695043954146346
26350000	26399999	0.6612937738390244	0.5350555112000001	0.12623826263902438
26400000	26449999	0.6651698977121951	0.5350555112000001	0.1301143865121951
26450000	26499999	0.6653716495121952	0.5350555112000001	0.13031613831219513
26500000	26549999	0.6711571044292683	0.5350555112000001	0.1361015932292683
26550000	26599999	0.6733126137317074	0.5350555112000001	0.1382571025317073
26600000	26649999	0.677054300692683	0.5350555112000001	0.14199878949268296
26650000	26699999	0.6847958291853659	0.5350555112000001	0.1497403179853658
26700000	26749999	0.6870873065560976	0.5350555112000001	0.15203179535609757
26750000	26799999	0.6822401143560977	0.5350555112000001	0.1471846031560976
26800000	26849999	0.6862188734682928	0.5350555112000001	0.15116336226829274
26850000	26899999	0.6857130751512196	0.5350555112000001	0.15065756395121954
26900000	26949999	0.6868658212439025	0.5350555112000001	0.15181031004390244
26950000	26999999	0.6875955387292684	0.5350555112000001	0.15254002752926832
27000000	27049999	0.6818787159585367	0.5350555112000001	0.1468232047585366
27050000	27099999	0.6745439651317073	0.5350555112000001	0.13948845393170728
27100000	27149999	0.682071435697561	0.5350555112000001	0.14701592449756096
27150000	27199999	0.7008719057268293	0.5350555112000001	0.16581639452682928
27200000	27249999	0.7184085885390245	0.5350555112000001	0.1833530773390244
27250000	27299999	0.7273227271634146	0.5350555112000001	0.19226721596341456
27300000	27349999	0.7311479309341464	0.5350555112000001	0.19609241973414637
27350000	27399999	0.7251067796707318	0.5350555112000001	0.19005126847073173
27400000	27449999	0.7285457877512196	0.5350555112000001	0.19349027655121953
27450000	27499999	0.7296494455170732	0.5350555112000001	0.19459393431707317
27500000	27549999	0.7255030528731707	0.5350555112000001	0.19044754167317068
27550000	27599999	0.7278315845731708	0.5350555112000001	0.1927760733731707
27600000	27649999	0.7239199506951219	0.5350555112000001	0.18886443949512188
27650000	27699999	0.7166748930902439	0.5350555112000001	0.18161938189024385
27700000	27749999	0.7208681073170732	0.5350555112000001	0.18581259611707313
27750000	27799999	0.7166032593585366	0.5350555112000001	0.18154774815853658
27800000	27849999	0.7221838751292684	0.5350555112000001	0.18712836392926835
27850000	27899999	0.7207335173780488	0.5350555112000001	0.18567800617804875
27900000	27949999	0.7225355922609756	0.5350555112000001	0.18748008106097558
27950000	27999999	0.7198976664658536	0.5350555112000001	0.18484215526585357
28000000	28049999	0.7261460267878049	0.5350555112000001	0.19109051558780488
28050000	28099999	0.7335227878487806	0.5350555112000001	0.1984672766487805
28100000	28149999	0.736515336895122	0.5350555112000001	0.201459825695122
28150000	28199999	0.7377611311804878	0.5350555112000001	0.20270561998048775
28200000	28249999	0.734580410090244	0.5350555112000001	0.19952489889024394
28250000	28299999	0.725402082690244	0.5350555112000001	0.19034657149024392
28300000	28349999	0.7247724809634147	0.5350555112000001	0.18971696976341468
28350000	28399999	0.7312196459	0.5350555112000001	0.19616413469999994
28400000	28449999	0.7312247665804879	0.5350555112000001	0.1961692553804878
28450000	28499999	0.7268218582634147	0.5350555112000001	0.19176634706341467
28500000	28549999	0.723656469192683	0.5350555112000001	0.18860095799268295
28550000	28599999	0.7194218959512195	0.5350555112000001	0.18436638475121947
28600000	28649999	0.7175356054658537	0.5350555112000001	0.18248009426585365
28650000	28699999	0.7161532708097562	0.5350555112000001	0.18109775960975616
28700000	28749999	0.7103396764658537	0.5350555112000001	0.17528416526585366
28750000	28799999	0.7044823313170733	0.5350555112000001	0.16942682011707322
28800000	28849999	0.6983774309707318	0.5350555112000001	0.16332191977073174
28850000	28899999	0.692899642592683	0.5350555112000001	0.15784413139268294
28900000	28949999	0.6840016834292684	0.5350555112000001	0.14894617222926831
28950000	28999999	0.6829779991048781	0.5350555112000001	0.14792248790487805
29000000	29049999	0.6792097609585367	0.5350555112000001	0.14415424975853663
29050000	29099999	0.673916872892683	0.5350555112000001	0.13886136169268293
29100000	29149999	0.6640745889585367	0.5350555112000001	0.1290190777585366
29150000	29199999	0.6481951500097561	0.5350555112000001	0.11313963880975608
29200000	29249999	0.6240246218731708	0.5350555112000001	0.0889691106731707
29250000	29299999	0.6016408345878049	0.5350555112000001	0.06658532338780487
29300000	29349999	0.5866960553634147	0.5350555112000001	0.05164054416341468
29350000	29399999	0.5792767961439025	0.5350555112000001	0.04422128494390243
29400000	29449999	0.5724784397682927	0.5350555112000001	0.03742292856829266
29450000	29499999	0.5709008302682927	0.5350555112000001	0.03584531906829269
29500000	29549999	0.5630463853024391	0.5350555112000001	0.027990874102439056
29550000	29599999	0.5588162430512196	0.5350555112000001	0.02376073185121952
29600000	29649999	0.5636824737682927	0.5350555112000001	0.02862696256829267
29650000	29699999	0.5693076585658537	0.5350555112000001	0.03425214736585369
29700000	29749999	0.5785044956585367	0.5350555112000001	0.04344898445853662
29750000	29799999	0.5937035949829269	0.5350555112000001	0.05864808378292685
29800000	29849999	0.6074773882487805	0.5350555112000001	0.07242187704878045
29850000	29899999	0.6049990146951221	0.5350555112000001	0.06994350349512202
29900000	29949999	0.6051484239097562	0.5350555112000001	0.07009291270975615
29950000	29999999	0.5996329102463416	0.5350555112000001	0.06457739904634152
30000000	30049999	0.5979078524902439	0.5350555112000001	0.06285234129024386
30050000	30099999	0.5897800392170732	0.5350555112000001	0.05472452801707317
30100000	30149999	0.5744813774951221	0.5350555112000001	0.039425866295122014
30150000	30199999	0.5637772836756099	0.5350555112000001	0.028721772475609808
30200000	30249999	0.5548000070170732	0.5350555112000001	0.01974449581707316
30250000	30299999	0.5496631162707317	0.5350555112000001	0.014607605070731666
30300000	30349999	0.557175348692683	0.5350555112000001	0.02211983749268298
30350000	30399999	0.5556966031097562	0.5350555112000001	0.02064109190975616
30400000	30449999	0.5408776744829269	0.5350555112000001	0.00582216328292684
30450000	30499999	0.533803248290244	0.5350555112000001	-0.0012522629097561078
30500000	30549999	0.5320315058463415	0.5350555112000001	-0.003024005353658543
30550000	30599999	0.5379607127146342	0.5350555112000001	0.002905201514634137
30600000	30649999	0.5345233403341464	0.5350555112000001	-0.000532170865853665
30650000	30699999	0.530953104287805	0.5350555112000001	-0.0041024069121951
30700000	30749999	0.5310202508487806	0.5350555112000001	-0.004035260351219483
30750000	30799999	0.5375230175487805	0.5350555112000001	0.002467506348780457
30800000	30849999	0.5378244587658537	0.5350555112000001	0.0027689475658536633
30850000	30899999	0.5478755213878049	0.5350555112000001	0.012820010187804876
30900000	30949999	0.5490145166170732	0.5350555112000001	0.013959005417073178
30950000	30999999	0.5567381106609757	0.5350555112000001	0.021682599460975616
31000000	31049999	0.5619121622609756	0.5350555112000001	0.026856651060975567
31050000	31099999	0.5777342506731707	0.5350555112000001	0.04267873947317069
31100000	31149999	0.5999138821365855	0.5350555112000001	0.06485837093658542
31150000	31199999	0.6204770232341464	0.5350555112000001	0.08542151203414639
31200000	31249999	0.6264325132951221	0.5350555112000001	0.091377002095122
31250000	31299999	0.6335428369390245	0.5350555112000001	0.09848732573902441
31300000	31349999	0.6435783667634147	0.5350555112000001	0.10852285556341468
31350000	31399999	0.6529838173658538	0.5350555112000001	0.1179283061658537
31400000	31449999	0.6542614911341464	0.5350555112000001	0.11920597993414639
31450000	31499999	0.6546453137146342	0.5350555112000001	0.11958980251463414
31500000	31549999	0.6527898850878049	0.5350555112000001	0.11773437388780483
31550000	31599999	0.6527628402536586	0.5350555112000001	0.11770732905365855
31600000	31649999	0.6627380121121952	0.5350555112000001	0.12768250091219513
31650000	31699999	0.6675466383439025	0.5350555112000001	0.13249112714390243
31700000	31749999	0.6780828155463415	0.5350555112000001	0.14302730434634148
31750000	31799999	0.6854080697658538	0.5350555112000001	0.15035255856585372
31800000	31849999	0.6760151808560977	0.5350555112000001	0.14095966965609763
31850000	31899999	0.6692884699317074	0.5350555112000001	0.13423295873170737
31900000	31949999	0.6734831902073171	0.5350555112000001	0.138427679007317
31950000	31999999	0.6821926869658537	0.5350555112000001	0.1471371757658536
32000000	32049999	0.6949338907878049	0.5350555112000001	0.15987837958780482
32050000	32099999	0.7029655647609756	0.5350555112000001	0.16791005356097555
32100000	32149999	0.7172100773048781	0.5350555112000001	0.182154566104878
32150000	32199999	0.7351195307658538	0.5350555112000001	0.20006401956585373
32200000	32249999	0.7477743121658538	0.5350555112000001	0.21271880096585372
32250000	32299999	0.7615750727414635	0.5350555112000001	0.22651956154146347
32300000	32349999	0.7777462067658537	0.5350555112000001	0.24269069556585365
32350000	32399999	0.7788723418097562	0.5350555112000001	0.24381683060975612
32400000	32449999	0.7879298345560977	0.5350555112000001	0.2528743233560976
32450000	32499999	0.8006347862804879	0.5350555112000001	0.26557927508048784
32500000	32549999	0.8138590806170732	0.5350555112000001	0.2788035694170732
32550000	32599999	0.8300570906170732	0.5350555112000001	0.29500157941707317
32600000	32649999	0.8315807414658538	0.5350555112000001	0.29652523026585376
32650000	32699999	0.8417103254195122	0.5350555112000001	0.30665481421951213
32700000	32749999	0.849988071990244	0.5350555112000001	0.3149325607902439
32750000	32799999	0.8509860052951219	0.5350555112000001	0.31593049409512186
32800000	32849999	0.8498342987682928	0.5350555112000001	0.3147787875682927
32850000	32899999	0.8459856623560976	0.5350555112000001	0.31093015115609757
32900000	32949999	0.8344969675048781	0.5350555112000001	0.29944145630487806
32950000	32999999	0.8280942181585367	0.5350555112000001	0.2930387069585366
33000000	33049999	0.8150816358658537	0.5350555112000001	0.28002612466585364
33050000	33099999	0.8032147428243903	0.5350555112000001	0.26815923162439026
33100000	33149999	0.7815448996390244	0.5350555112000001	0.24648938843902435
33150000	33199999	0.7576157205634146	0.5350555112000001	0.22256020936341459
33200000	33249999	0.7354728830439025	0.5350555112000001	0.2004173718439024
33250000	33299999	0.7219175101365854	0.5350555112000001	0.1868619989365854
33300000	33349999	0.7154599543268293	0.5350555112000001	0.18040444312682924
33350000	33399999	0.6973181983560977	0.5350555112000001	0.1622626871560976
33400000	33449999	0.6811747143317074	0.5350555112000001	0.14611920313170734
33450000	33499999	0.6663469340048781	0.5350555112000001	0.13129142280487804
33500000	33549999	0.6605828711390245	0.5350555112000001	0.12552735993902442
33550000	33599999	0.6549846633731709	0.5350555112000001	0.1199291521731708
33600000	33649999	0.6488463927658538	0.5350555112000001	0.11379088156585371
33650000	33699999	0.6297549839414635	0.5350555112000001	0.0946994727414634
33700000	33749999	0.6087477203560976	0.5350555112000001	0.07369220915609753
33750000	33799999	0.5807984287756098	0.5350555112000001	0.045742917575609776
33800000	33849999	0.5568027016292684	0.5350555112000001	0.021747190429268315
33850000	33899999	0.5415371402829269	0.5350555112000001	0.006481629082926821
33900000	33949999	0.5251393694853659	0.5350555112000001	-0.009916141714634175
33950000	33999999	0.5154380268878049	0.5350555112000001	-0.01961748431219512
34000000	34049999	0.4984041524536586	0.5350555112000001	-0.036651358746341456
34050000	34099999	0.48184975597073176	0.5350555112000001	-0.05320575522926829
34100000	34149999	0.4695205609414635	0.5350555112000001	-0.06553495025853656
34150000	34199999	0.44824323742926836	0.5350555112000001	-0.0868122737707317
34200000	34249999	0.4305701172536586	0.5350555112000001	-0.10448539394634143
34250000	34299999	0.42407439829512206	0.5350555112000001	-0.110981112904878
34300000	34349999	0.40777334812439026	0.5350555112000001	-0.1272821630756098
34350000	34399999	0.3949170827097562	0.5350555112000001	-0.14013842849024388
34400000	34449999	0.38445779393170737	0.5350555112000001	-0.15059771726829269
34450000	34499999	0.3695824859170732	0.5350555112000001	-0.16547302528292684
34500000	34549999	0.3542463960024391	0.5350555112000001	-0.18080911519756093
34550000	34599999	0.3407426457341464	0.5350555112000001	-0.19431286546585363
34600000	34649999	0.3227692704829269	0.5350555112000001	-0.21228624071707314
34650000	34699999	0.3135408759	0.5350555112000001	-0.22151463530000004
34700000	34749999	0.30417044034146345	0.5350555112000001	-0.2308850708585366
34750000	34799999	0.295355736797561	0.5350555112000001	-0.23969977440243906
34800000	34849999	0.2880515835243903	0.5350555112000001	-0.24700392767560975
34850000	34899999	0.28220783890243906	0.5350555112000001	-0.252847672297561
34900000	34949999	0.2846517722268293	0.5350555112000001	-0.25040373897317075
34950000	34999999	0.27608098144878057	0.5350555112000001	-0.2589745297512195
35000000	35049999	0.2706424831121952	0.5350555112000001	-0.26441302808780487
35050000	35099999	0.27075645341951227	0.5350555112000001	-0.2642990577804878
35100000	35149999	0.2728520843024391	0.5350555112000001	-0.26220342689756093
35150000	35199999	0.27705040799756103	0.5350555112000001	-0.258005103202439
35200000	35249999	0.2754317046146342	0.5350555112000001	-0.2596238065853659
35250000	35299999	0.2751020450756098	0.5350555112000001	-0.25995346612439024
35300000	35349999	0.27539787304146346	0.5350555112000001	-0.2596576381585366
35350000	35399999	0.2716616490439025	0.5350555112000001	-0.26339386215609756
35400000	35449999	0.2733686227585367	0.5350555112000001	-0.2616868884414634
35450000	35499999	0.28028198814634153	0.5350555112000001	-0.2547735230536585
35500000	35549999	0.28032759318536593	0.5350555112000001	-0.2547279180146341
35550000	35599999	0.27958042118536597	0.5350555112000001	-0.2554750900146341
35600000	35649999	0.2809210071121952	0.5350555112000001	-0.25413450408780486
35650000	35699999	0.2870397064585366	0.5350555112000001	-0.24801580474146345
35700000	35749999	0.3045113486268294	0.5350555112000001	-0.23054416257317067
35750000	35799999	0.3202240127048781	0.5350555112000001	-0.21483149849512195
35800000	35849999	0.32782339068780497	0.5350555112000001	-0.20723212051219508
35850000	35899999	0.33890004740243906	0.5350555112000001	-0.196155463797561
35900000	35949999	0.3439130936829269	0.5350555112000001	-0.19114241751707317
35950000	35999999	0.3515120816634147	0.5350555112000001	-0.18354342953658537
36000000	36049999	0.35678010607560984	0.5350555112000001	-0.17827540512439022
36050000	36099999	0.3811028032365854	0.5350555112000001	-0.15395270796341465
36100000	36149999	0.3984862782512195	0.5350555112000001	-0.13656923294878054
36150000	36199999	0.4062877303780488	0.5350555112000001	-0.12876778082195128
36200000	36249999	0.41903088440975617	0.5350555112000001	-0.11602462679024389
36250000	36299999	0.4410973653731708	0.5350555112000001	-0.09395814582682926
36300000	36349999	0.4467117167414635	0.5350555112000001	-0.08834379445853657
36350000	36399999	0.4553269831560976	0.5350555112000001	-0.07972852804390246
36400000	36449999	0.4631469750658537	0.5350555112000001	-0.07190853613414633
36450000	36499999	0.4783384171048781	0.5350555112000001	-0.056717094095121934
36500000	36549999	0.5056801988512196	0.5350555112000001	-0.029375312348780436
36550000	36599999	0.516807944792683	0.5350555112000001	-0.018247566407317062
36600000	36649999	0.5282084772829269	0.5350555112000001	-0.0068470339170731975
36650000	36699999	0.5436987181170733	0.5350555112000001	0.00864320691707321
36700000	36749999	0.5557516568829269	0.5350555112000001	0.02069614568292688
36750000	36799999	0.5684590450634147	0.5350555112000001	0.03340353386341466
36800000	36849999	0.5777192880756098	0.5350555112000001	0.04266377687560974
36850000	36899999	0.5860361086292684	0.5350555112000001	0.050980597429268304
36900000	36949999	0.5938040737804878	0.5350555112000001	0.05874856258048777
36950000	36999999	0.5946023760585366	0.5350555112000001	0.05954686485853655
37000000	37049999	0.6083378860195122	0.5350555112000001	0.07328237481951216
37050000	37099999	0.6190075453195123	0.5350555112000001	0.08395203411951224
37100000	37149999	0.6288530973219513	0.5350555112000001	0.09379758612195122
37150000	37199999	0.6375408204853659	0.5350555112000001	0.10248530928536581
37200000	37249999	0.6452715112585367	0.5350555112000001	0.1102160000585366
37250000	37299999	0.6608332056097561	0.5350555112000001	0.12577769440975606
37300000	37349999	0.6593443326585366	0.5350555112000001	0.12428882145853659
37350000	37399999	0.6695619272146343	0.5350555112000001	0.1345064160146342
37400000	37449999	0.6786214442585367	0.5350555112000001	0.1435659330585366
37450000	37499999	0.6886258423829269	0.5350555112000001	0.15357033118292684
37500000	37549999	0.700710872890244	0.5350555112000001	0.16565536169024397
37550000	37599999	0.717609860190244	0.5350555112000001	0.18255434899024392
37600000	37649999	0.7244660432609756	0.5350555112000001	0.18941053206097558
37650000	37699999	0.7277294588219513	0.5350555112000001	0.19267394762195122
37700000	37749999	0.7323599380512196	0.5350555112000001	0.19730442685121952
37750000	37799999	0.7318141879146343	0.5350555112000001	0.1967586767146342
37800000	37849999	0.7400756132317073	0.5350555112000001	0.20502010203170729
37850000	37899999	0.7436695313000001	0.5350555112000001	0.20861402010000007
37900000	37949999	0.7435612679292684	0.5350555112000001	0.2085057567292683
37950000	37999999	0.7499467479560976	0.5350555112000001	0.21489123675609756
38000000	38049999	0.7525906066585366	0.5350555112000001	0.21753509545853655
38050000	38099999	0.7563054085682928	0.5350555112000001	0.2212498973682927
38100000	38149999	0.7514816769073172	0.5350555112000001	0.2164261657073171
38150000	38199999	0.7467799638341464	0.5350555112000001	0.2117244526341463
38200000	38249999	0.7669187941780489	0.5350555112000001	0.2318632829780488
38250000	38299999	0.7723012546853659	0.5350555112000001	0.23724574348536587
38300000	38349999	0.7637876481463415	0.5350555112000001	0.22873213694634142
38350000	38399999	0.7642142711707318	0.5350555112000001	0.22915875997073176
38400000	38449999	0.7679337870390245	0.5350555112000001	0.23287827583902443
38450000	38499999	0.7743511130390245	0.5350555112000001	0.23929560183902443
38500000	38549999	0.7828506934365854	0.5350555112000001	0.24779518223658537
38550000	38599999	0.7810832794560976	0.5350555112000001	0.2460277682560975
38600000	38649999	0.7988448561146342	0.5350555112000001	0.2637893449146341
38650000	38699999	0.802755098892683	0.5350555112000001	0.267699587692683
38700000	38749999	0.7982103112317074	0.5350555112000001	0.2631548000317073
38750000	38799999	0.7964053222268294	0.5350555112000001	0.2613498110268293
38800000	38849999	0.7909721858341464	0.5350555112000001	0.25591667463414636
38850000	38899999	0.7830208944658538	0.5350555112000001	0.2479653832658537
38900000	38949999	0.7884376830804879	0.5350555112000001	0.25338217188048784
38950000	38999999	0.795042858182927	0.5350555112000001	0.2599873469829269
39000000	39049999	0.7993911897317074	0.5350555112000001	0.26433567853170736
39050000	39099999	0.7965629910365855	0.5350555112000001	0.2615074798365854
39100000	39149999	0.7960993993829268	0.5350555112000001	0.2610438881829268
39150000	39199999	0.7889905388463415	0.5350555112000001	0.25393502764634146
39200000	39249999	0.7776352397219513	0.5350555112000001	0.2425797285219512
39250000	39299999	0.7657654811829269	0.5350555112000001	0.2307099699829268
39300000	39349999	0.7529807563560976	0.5350555112000001	0.21792524515609757
39350000	39399999	0.7519304205707318	0.5350555112000001	0.21687490937073173
39400000	39449999	0.7484765773414634	0.5350555112000001	0.2134210661414634
39450000	39499999	0.7360293285756099	0.5350555112000001	0.20097381737560982
39500000	39549999	0.7302827153146342	0.5350555112000001	0.19522720411463412
39550000	39599999	0.7135371474780489	0.5350555112000001	0.1784816362780488
39600000	39649999	0.6991360580195123	0.5350555112000001	0.16408054681951223
39650000	39699999	0.6890886412268293	0.5350555112000001	0.15403313002682928
39700000	39749999	0.6839102860268294	0.5350555112000001	0.1488547748268293
39750000	39799999	0.6770478140292684	0.5350555112000001	0.14199230282926834
39800000	39849999	0.6661610441317074	0.5350555112000001	0.13110553293170735
39850000	39899999	0.6452334220439024	0.5350555112000001	0.11017791084390238
39900000	39949999	0.6368962960634147	0.5350555112000001	0.10184078486341464
39950000	39999999	0.6298216881780488	0.5350555112000001	0.09476617697804879
40000000	40049999	0.6211874135097561	0.5350555112000001	0.08613190230975609
40050000	40099999	0.6151001356292684	0.5350555112000001	0.0800446244292683
40100000	40149999	0.6064729406268293	0.5350555112000001	0.07141742942682927
40150000	40199999	0.5938126493268293	0.5350555112000001	0.058757138126829256
40200000	40249999	0.5867624720414635	0.5350555112000001	0.05170696084146342
40250000	40299999	0.5567209593731708	0.5350555112000001	0.02166544817317073
40300000	40349999	0.5391931898195123	0.5350555112000001	0.004137678619512197
40350000	40399999	0.5338567643463416	0.5350555112000001	-0.0011987468536585055
40400000	40449999	0.526967051997561	0.5350555112000001	-0.008088459202439058
40450000	40499999	0.5166556143487806	0.5350555112000001	-0.018399896851219455
40500000	40549999	0.4986609483439025	0.5350555112000001	-0.036394562856097545
40550000	40599999	0.4765092311024391	0.5350555112000001	-0.058546280097560965
40600000	40649999	0.4518788585878049	0.5350555112000001	-0.08317665261219515
40650000	40699999	0.4263113339634147	0.5350555112000001	-0.10874417723658536
40700000	40749999	0.4132923048146342	0.5350555112000001	-0.12176320638536586
40750000	40799999	0.4006739371219513	0.5350555112000001	-0.13438157407804874
40800000	40849999	0.39363395385609756	0.5350555112000001	-0.1414215573439025
40850000	40899999	0.38396578939756104	0.5350555112000001	-0.15108972180243901
40900000	40949999	0.3824331237560976	0.5350555112000001	-0.15262238744390244
40950000	40999999	0.3645897344731708	0.5350555112000001	-0.17046577672682928
41000000	41049999	0.3527634388609756	0.5350555112000001	-0.18229207233902445
41050000	41099999	0.3516314282658537	0.5350555112000001	-0.18342408293414636
41100000	41149999	0.35569781492439034	0.5350555112000001	-0.1793576962756097
41150000	41199999	0.35478535112195125	0.5350555112000001	-0.1802701600780488
41200000	41249999	0.35507541440975615	0.5350555112000001	-0.1799800967902439
41250000	41299999	0.35945966078048786	0.5350555112000001	-0.1755958504195122
41300000	41349999	0.37094631123902444	0.5350555112000001	-0.16410919996097562
41350000	41399999	0.3787358033268293	0.5350555112000001	-0.15631970787317073
41400000	41449999	0.40081427453658547	0.5350555112000001	-0.1342412366634146
41450000	41499999	0.412395412895122	0.5350555112000001	-0.12266009830487806
41500000	41549999	0.432684103295122	0.5350555112000001	-0.10237140790487803
41550000	41599999	0.4373472686512196	0.5350555112000001	-0.09770824254878047
41600000	41649999	0.44048557403658545	0.5350555112000001	-0.09456993716341461
41650000	41699999	0.45123127130975615	0.5350555112000001	-0.0838242398902439
41700000	41749999	0.4600891200853659	0.5350555112000001	-0.07496639111463416
41750000	41799999	0.4644977696048781	0.5350555112000001	-0.07055774159512196
41800000	41849999	0.46568394080975617	0.5350555112000001	-0.06937157039024389
41850000	41899999	0.4757387926341464	0.5350555112000001	-0.05931671856585363
41900000	41949999	0.4864878791243903	0.5350555112000001	-0.04856763207560977
41950000	41999999	0.4893056781756098	0.5350555112000001	-0.04574983302439023
42000000	42049999	0.49236414141707324	0.5350555112000001	-0.042691369782926814
42050000	42099999	0.4966260260585367	0.5350555112000001	-0.03842948514146338
42100000	42149999	0.5054224623414635	0.5350555112000001	-0.02963304885853657
42150000	42199999	0.5111755956658537	0.5350555112000001	-0.023879915534146368
42200000	42249999	0.5127923118414635	0.5350555112000001	-0.0222631993585366
42250000	42299999	0.5156574904121952	0.5350555112000001	-0.019398020787804837
42300000	42349999	0.5208689751585367	0.5350555112000001	-0.01418653604146336
42350000	42399999	0.5259614361000001	0.5350555112000001	-0.009094075099999932
42400000	42449999	0.5283574368804879	0.5350555112000001	-0.006698074319512193
42450000	42499999	0.5327103833731708	0.5350555112000001	-0.002345127826829274
42500000	42549999	0.5417049864780489	0.5350555112000001	0.006649475278048822
42550000	42599999	0.5527224478658537	0.5350555112000001	0.017666936665853616
42600000	42649999	0.5696790737146342	0.5350555112000001	0.034623562514634165
42650000	42699999	0.5859027761609756	0.5350555112000001	0.05084726496097558
42700000	42749999	0.6159547675414635	0.5350555112000001	0.08089925634146344
42750000	42799999	0.6334879291195122	0.5350555112000001	0.09843241791951218
42800000	42849999	0.6493173658195123	0.5350555112000001	0.11426185461951222
42850000	42899999	0.6541455802121952	0.5350555112000001	0.1190900690121951
42900000	42949999	0.6673404310658537	0.5350555112000001	0.13228491986585367
42950000	42999999	0.6817727963560976	0.5350555112000001	0.1467172851560975
43000000	43049999	0.7063766627756098	0.5350555112000001	0.1713211515756098
43050000	43099999	0.703548869890244	0.5350555112000001	0.16849335869024396
43100000	43149999	0.705472458390244	0.5350555112000001	0.17041694719024392
43150000	43199999	0.7230403702414634	0.5350555112000001	0.18798485904146334
43200000	43249999	0.7311716319439024	0.5350555112000001	0.1961161207439024
43250000	43299999	0.734641177187805	0.5350555112000001	0.19958566598780492
43300000	43349999	0.7429016267243903	0.5350555112000001	0.20784611552439025
43350000	43399999	0.7405973426341463	0.5350555112000001	0.20554183143414628
43400000	43449999	0.7471788252317073	0.5350555112000001	0.21212331403170726
43450000	43499999	0.7334434789487806	0.5350555112000001	0.19838796774878054
43500000	43549999	0.7245434335000001	0.5350555112000001	0.1894879223
43550000	43599999	0.7240665905414635	0.5350555112000001	0.18901107934146344
43600000	43649999	0.7350221092878049	0.5350555112000001	0.19996659808780481
43650000	43699999	0.7466319014024391	0.5350555112000001	0.211576390202439
43700000	43749999	0.7554192927146341	0.5350555112000001	0.2203637815146341
43750000	43799999	0.765617285597561	0.5350555112000001	0.23056177439756098
43800000	43849999	0.7663691286731708	0.5350555112000001	0.2313136174731707
43850000	43899999	0.7715275127902439	0.5350555112000001	0.23647200159024384
43900000	43949999	0.7699103724073171	0.5350555112000001	0.23485486120731702
43950000	43999999	0.7672983268048781	0.5350555112000001	0.23224281560487803
44000000	44049999	0.7668294323756097	0.5350555112000001	0.2317739211756097
44050000	44099999	0.7671755523000001	0.5350555112000001	0.23212004110000006
44100000	44149999	0.761919565987805	0.5350555112000001	0.22686405478780491
44150000	44199999	0.748614881390244	0.5350555112000001	0.21355937019024396
44200000	44249999	0.7412303625268293	0.5350555112000001	0.20617485132682922
44250000	44299999	0.7352464775341464	0.5350555112000001	0.20019096633414635
44300000	44349999	0.7264124575121952	0.5350555112000001	0.19135694631219513
44350000	44399999	0.7207959315512196	0.5350555112000001	0.18574042035121952
44400000	44449999	0.720070077392683	0.5350555112000001	0.18501456619268297
44450000	44499999	0.7162225223536586	0.5350555112000001	0.18116701115365852
44500000	44549999	0.7092598496536586	0.5350555112000001	0.17420433845365857
44550000	44599999	0.7071099553878049	0.5350555112000001	0.1720544441878048
44600000	44649999	0.721376129895122	0.5350555112000001	0.18632061869512195
44650000	44699999	0.7285190380024391	0.5350555112000001	0.19346352680243906
44700000	44749999	0.7375469091097562	0.5350555112000001	0.20249139790975612
44750000	44799999	0.7323598930658537	0.5350555112000001	0.19730438186585364
44800000	44849999	0.7328784755195122	0.5350555112000001	0.19782296431951218
44850000	44899999	0.7282419533634147	0.5350555112000001	0.19318644216341463
44900000	44949999	0.7272574823121952	0.5350555112000001	0.19220197111219517
44950000	44999999	0.7207954436390245	0.5350555112000001	0.18573993243902442
45000000	45049999	0.7146722777682928	0.5350555112000001	0.17961676656829273
45050000	45099999	0.7000856129219513	0.5350555112000001	0.1650301017219512
45100000	45149999	0.6990881855414635	0.5350555112000001	0.1640326743414634
45150000	45199999	0.6938372593634147	0.5350555112000001	0.15878174816341462
45200000	45249999	0.6805461072707317	0.5350555112000001	0.14549059607073167
45250000	45299999	0.6809666905658538	0.5350555112000001	0.14591117936585374
45300000	45349999	0.6880432420243903	0.5350555112000001	0.1529877308243902
45350000	45399999	0.6839417853731709	0.5350555112000001	0.1488862741731708
45400000	45449999	0.6862127932000001	0.5350555112000001	0.151157282
45450000	45499999	0.6814911037634147	0.5350555112000001	0.14643559256341465
45500000	45549999	0.683347321785366	0.5350555112000001	0.1482918105853659
45550000	45599999	0.689730271395122	0.5350555112000001	0.15467476019512194
45600000	45649999	0.6848048885463415	0.5350555112000001	0.14974937734634142
45650000	45699999	0.6835233287000001	0.5350555112000001	0.14846781750000004
45700000	45749999	0.6741219427073171	0.5350555112000001	0.139066431507317
45750000	45799999	0.6624017128707318	0.5350555112000001	0.12734620167073174
45800000	45849999	0.6721039113219512	0.5350555112000001	0.13704840012195119
45850000	45899999	0.6789098950097562	0.5350555112000001	0.14385438380975613
45900000	45949999	0.6886767136512195	0.5350555112000001	0.15362120245121946
45950000	45999999	0.6982180073317074	0.5350555112000001	0.1631624961317073
46000000	46049999	0.6964052874756098	0.5350555112000001	0.16134977627560976
46050000	46099999	0.703197117692683	0.5350555112000001	0.16814160649268295
46100000	46149999	0.706657828485366	0.5350555112000001	0.1716023172853659
46150000	46199999	0.713588642695122	0.5350555112000001	0.17853313149512196
46200000	46249999	0.7267340655439025	0.5350555112000001	0.19167855434390246
46250000	46299999	0.7365794561341464	0.5350555112000001	0.20152394493414638
46300000	46349999	0.7470227696073172	0.5350555112000001	0.21196725840731712
46350000	46399999	0.7626093715097562	0.5350555112000001	0.2275538603097561
46400000	46449999	0.7745110905902439	0.5350555112000001	0.23945557939024387
46450000	46499999	0.7785136753682927	0.5350555112000001	0.2434581641682927
46500000	46549999	0.7868193007756098	0.5350555112000001	0.25176378957560974
46550000	46599999	0.8008433505146342	0.5350555112000001	0.2657878393146341
46600000	46649999	0.8053413164292683	0.5350555112000001	0.27028580522926826
46650000	46699999	0.7920843191536586	0.5350555112000001	0.25702880795365857
46700000	46749999	0.7728564490024391	0.5350555112000001	0.23780093780243905
46750000	46799999	0.753093093590244	0.5350555112000001	0.21803758239024396
46800000	46849999	0.7298737062463415	0.5350555112000001	0.19481819504634146
46850000	46899999	0.716744587385366	0.5350555112000001	0.1816890761853659
46900000	46949999	0.7133774636439025	0.5350555112000001	0.17832195244390248
46950000	46999999	0.7152436912073171	0.5350555112000001	0.18018818000731707
47000000	47049999	0.7164804089536586	0.5350555112000001	0.18142489775365855
47050000	47099999	0.7197000516658537	0.5350555112000001	0.18464454046585366
47100000	47149999	0.7250604017853659	0.5350555112000001	0.19000489058536585
47150000	47199999	0.734196255302439	0.5350555112000001	0.19914074410243898
47200000	47249999	0.7452620187536586	0.5350555112000001	0.21020650755365855
47250000	47299999	0.7414648467390245	0.5350555112000001	0.2064093355390244
47300000	47349999	0.7448394963365854	0.5350555112000001	0.20978398513658536
47350000	47399999	0.7490861712390244	0.5350555112000001	0.21403066003902438
47400000	47449999	0.7544882244073171	0.5350555112000001	0.21943271320731705
47450000	47499999	0.7591438987390244	0.5350555112000001	0.22408838753902438
47500000	47549999	0.7578905788146342	0.5350555112000001	0.22283506761463412
47550000	47599999	0.775867323495122	0.5350555112000001	0.24081181229512194
47600000	47649999	0.7733313804682926	0.5350555112000001	0.23827586926829258
47650000	47699999	0.7723568099682927	0.5350555112000001	0.23730129876829265
47700000	47749999	0.7643500693609757	0.5350555112000001	0.22929455816097566
47750000	47799999	0.7587045376756099	0.5350555112000001	0.2236490264756098
47800000	47849999	0.7578529577268294	0.5350555112000001	0.2227974465268293
47850000	47899999	0.7498619616560976	0.5350555112000001	0.2148064504560976
47900000	47949999	0.7405076360097562	0.5350555112000001	0.20545212480975616
47950000	47999999	0.7218405938390244	0.5350555112000001	0.18678508263902438
48000000	48049999	0.7030057890097562	0.5350555112000001	0.16795027780975613
48050000	48099999	0.6962944106634147	0.5350555112000001	0.16123889946341463
48100000	48149999	0.686666576192683	0.5350555112000001	0.15161106499268295
48150000	48199999	0.676628557987805	0.5350555112000001	0.1415730467878049
48200000	48249999	0.6666836744097562	0.5350555112000001	0.13162816320975612
48250000	48299999	0.6577588284073171	0.5350555112000001	0.12270331720731709
48300000	48349999	0.6441746838170732	0.5350555112000001	0.10911917261707316
48350000	48399999	0.6340454752048781	0.5350555112000001	0.09898996400487803
48400000	48449999	0.6158742522756098	0.5350555112000001	0.08081874107560971
48450000	48499999	0.5982420682024391	0.5350555112000001	0.06318655700243903
48500000	48549999	0.5836763334780488	0.5350555112000001	0.04862082227804876
48550000	48599999	0.5708917255146342	0.5350555112000001	0.03583621431463413
48600000	48649999	0.556136110195122	0.5350555112000001	0.021080598995121935
48650000	48699999	0.5438483000024391	0.5350555112000001	0.008792788802439055
48700000	48749999	0.5313359077634147	0.5350555112000001	-0.0037196034365853947
48750000	48799999	0.5244362707317074	0.5350555112000001	-0.010619240468292657
48800000	48849999	0.5194595662463415	0.5350555112000001	-0.01559594495365857
48850000	48899999	0.5155576202317074	0.5350555112000001	-0.019497890968292686
48900000	48949999	0.5134549926536586	0.5350555112000001	-0.021600518546341485
48950000	48999999	0.5062822234878049	0.5350555112000001	-0.028773287712195117
49000000	49049999	0.4965813637829269	0.5350555112000001	-0.03847414741707317
49050000	49099999	0.4885027027146342	0.5350555112000001	-0.04655280848536586
49100000	49149999	0.4766071776170732	0.5350555112000001	-0.05844833358292684
49150000	49199999	0.4653300552829269	0.5350555112000001	-0.06972545591707313
49200000	49249999	0.45559948737073175	0.5350555112000001	-0.07945602382926831
49250000	49299999	0.44255987959024395	0.5350555112000001	-0.0924956316097561
49300000	49349999	0.43719683236829276	0.5350555112000001	-0.09785867883170729
49350000	49399999	0.42426862196097564	0.5350555112000001	-0.11078688923902441
49400000	49449999	0.4092303028073171	0.5350555112000001	-0.12582520839268296
49450000	49499999	0.40184373634390247	0.5350555112000001	-0.1332117748560976
49500000	49549999	0.3919821539609757	0.5350555112000001	-0.14307335723902437
49550000	49599999	0.3777521468243903	0.5350555112000001	-0.15730336437560977
49600000	49649999	0.3542090213585366	0.5350555112000001	-0.18084648984146345
49650000	49699999	0.34749358072682934	0.5350555112000001	-0.1875619304731707
49700000	49749999	0.33761112314634156	0.5350555112000001	-0.1974443880536585
49750000	49799999	0.3335458833634147	0.5350555112000001	-0.20150962783658538
49800000	49849999	0.3363514775731708	0.5350555112000001	-0.19870403362682926
49850000	49899999	0.3345684538	0.5350555112000001	-0.20048705740000006
49900000	49949999	0.32275964593658546	0.5350555112000001	-0.2122958652634146
49950000	49999999	0.32017206105121954	0.5350555112000001	-0.21488345014878052
50000000	50049999	0.32462133109024394	0.5350555112000001	-0.21043418010975612
50050000	50099999	0.32133765482195126	0.5350555112000001	-0.2137178563780488
50100000	50149999	0.32686645000000003	0.5350555112000001	-0.20818906120000003
50150000	50199999	0.33045829940975613	0.5350555112000001	-0.20459721179024393
50200000	50249999	0.3303781945536586	0.5350555112000001	-0.20467731664634148
50250000	50299999	0.33218005720243904	0.5350555112000001	-0.20287545399756102
50300000	50349999	0.333420522290244	0.5350555112000001	-0.20163498890975606
50350000	50399999	0.3366588373219513	0.5350555112000001	-0.19839667387804877
50400000	50449999	0.33939149304634153	0.5350555112000001	-0.19566401815365853
50450000	50499999	0.3457415165585367	0.5350555112000001	-0.18931399464146337
50500000	50549999	0.34956123866097566	0.5350555112000001	-0.1854942725390244
50550000	50599999	0.3558979956414635	0.5350555112000001	-0.17915751555853654
50600000	50649999	0.35557908309512204	0.5350555112000001	-0.17947642810487802
50650000	50699999	0.35675972151707325	0.5350555112000001	-0.1782957896829268
50700000	50749999	0.3554782418439025	0.5350555112000001	-0.17957726935609758
50750000	50799999	0.3567350011195123	0.5350555112000001	-0.17832051008048777
50800000	50849999	0.36101499638536594	0.5350555112000001	-0.17404051481463412
50850000	50899999	0.3634936126731708	0.5350555112000001	-0.17156189852682924
50900000	50949999	0.36498019879024396	0.5350555112000001	-0.1700753124097561
50950000	50999999	0.35965488792195127	0.5350555112000001	-0.17540062327804878
51000000	51049999	0.3595665441902439	0.5350555112000001	-0.17548896700975614
51050000	51099999	0.36133209820243906	0.5350555112000001	-0.173723412997561
51100000	51149999	0.3622255288536586	0.5350555112000001	-0.17282998234634145
51150000	51199999	0.35965562934634154	0.5350555112000001	-0.1753998818536585
51200000	51249999	0.35986164166829276	0.5350555112000001	-0.1751938695317073
51250000	51299999	0.3585391320000001	0.5350555112000001	-0.17651637919999996
51300000	51349999	0.3619581319560976	0.5350555112000001	-0.17309737924390245
51350000	51399999	0.360707746090244	0.5350555112000001	-0.17434776510975608
51400000	51449999	0.36150522387804884	0.5350555112000001	-0.1735502873219512
51450000	51499999	0.3635456567195122	0.5350555112000001	-0.17150985448048783
51500000	51549999	0.36231157406341474	0.5350555112000001	-0.1727439371365853
51550000	51599999	0.3610725375	0.5350555112000001	-0.17398297370000004
51600000	51649999	0.36425646852682936	0.5350555112000001	-0.1707990426731707
51650000	51699999	0.35878447651707324	0.5350555112000001	-0.17627103468292682
51700000	51749999	0.3549904560682927	0.5350555112000001	-0.18006505513170734
51750000	51799999	0.35396454905853664	0.5350555112000001	-0.18109096214146342
51800000	51849999	0.3483610388512196	0.5350555112000001	-0.18669447234878045
51850000	51899999	0.34178935549756106	0.5350555112000001	-0.193266155702439
51900000	51949999	0.335802357687805	0.5350555112000001	-0.19925315351219508
51950000	51999999	0.33277609382926837	0.5350555112000001	-0.20227941737073168
52000000	52049999	0.33442225950487814	0.5350555112000001	-0.20063325169512192
52050000	52099999	0.3329754000146342	0.5350555112000001	-0.20208011118536584
52100000	52149999	0.3404795760682927	0.5350555112000001	-0.19457593513170734
52150000	52199999	0.3346369471829269	0.5350555112000001	-0.20041856401707314
52200000	52249999	0.3330084861195123	0.5350555112000001	-0.20204702508048777
52250000	52299999	0.3351784936073171	0.5350555112000001	-0.19987701759268295
52300000	52349999	0.33965243238048787	0.5350555112000001	-0.1954030788195122
52350000	52399999	0.3387225635756098	0.5350555112000001	-0.19633294762439024
52400000	52449999	0.3403180982731708	0.5350555112000001	-0.19473741292682928
52450000	52499999	0.33759896461463423	0.5350555112000001	-0.19745654658536582
52500000	52549999	0.3355867811609756	0.5350555112000001	-0.19946873003902443
52550000	52599999	0.3405173263365854	0.5350555112000001	-0.19453818486341468
52600000	52649999	0.3401889578048781	0.5350555112000001	-0.19486655339512193
52650000	52699999	0.3410220026097561	0.5350555112000001	-0.19403350859024393
52700000	52749999	0.3385854324195123	0.5350555112000001	-0.19647007878048778
52750000	52799999	0.34105497017804887	0.5350555112000001	-0.1940005410219512
52800000	52849999	0.3424624801292684	0.5350555112000001	-0.19259303107073167
52850000	52899999	0.3483251606292683	0.5350555112000001	-0.18673035057073173
52900000	52949999	0.3627464206146342	0.5350555112000001	-0.17230909058536586
52950000	52999999	0.37396571012682933	0.5350555112000001	-0.16108980107317072
53000000	53049999	0.3852375811487805	0.5350555112000001	-0.14981793005121957
53050000	53099999	0.39363512492926833	0.5350555112000001	-0.14142038627073172
53100000	53149999	0.40936483850975613	0.5350555112000001	-0.12569067269024392
53150000	53199999	0.4210476972682927	0.5350555112000001	-0.11400781393170734
53200000	53249999	0.4301602564365854	0.5350555112000001	-0.10489525476341466
53250000	53299999	0.43839104064146345	0.5350555112000001	-0.09666447055853661
53300000	53349999	0.44574592821951226	0.5350555112000001	-0.0893095829804878
53350000	53399999	0.45244941970975616	0.5350555112000001	-0.0826060914902439
53400000	53449999	0.4646089320024391	0.5350555112000001	-0.07044657919756098
53450000	53499999	0.47330293521707323	0.5350555112000001	-0.06175257598292683
53500000	53549999	0.48467104825121954	0.5350555112000001	-0.05038446294878052
53550000	53599999	0.49190460413658543	0.5350555112000001	-0.04315090706341462
53600000	53649999	0.49536130130243905	0.5350555112000001	-0.039694209897561006
53650000	53699999	0.5007786770292684	0.5350555112000001	-0.034276834170731685
53700000	53749999	0.5079535629804879	0.5350555112000001	-0.027101948219512173
53750000	53799999	0.5188000226048781	0.5350555112000001	-0.016255488595121936
53800000	53849999	0.5366994542219513	0.5350555112000001	0.0016439430219512552
53850000	53899999	0.5524173850341464	0.5350555112000001	0.017361873834146335
53900000	53949999	0.5632560714609757	0.5350555112000001	0.028200560260975616
53950000	53999999	0.5813658009585366	0.5350555112000001	0.04631028975853657
54000000	54049999	0.594023749292683	0.5350555112000001	0.05896823809268292
54050000	54099999	0.6089385978756098	0.5350555112000001	0.07388308667560972
54100000	54149999	0.6246751887170732	0.5350555112000001	0.08961967751707312
54150000	54199999	0.6270358232634147	0.5350555112000001	0.09198031206341462
54200000	54249999	0.6561428830780488	0.5350555112000001	0.12108737187804874
54250000	54299999	0.6805771928536586	0.5350555112000001	0.14552168165365853
54300000	54349999	0.6936756628365854	0.5350555112000001	0.15862015163658538
54350000	54399999	0.703057243290244	0.5350555112000001	0.16800173209024394
54400000	54449999	0.7220804279097561	0.5350555112000001	0.18702491670975607
54450000	54499999	0.7324376639000001	0.5350555112000001	0.19738215270000004
54500000	54549999	0.7544761520365854	0.5350555112000001	0.2194206408365853
54550000	54599999	0.7803761483439025	0.5350555112000001	0.2453206371439024
54600000	54649999	0.7959128865390244	0.5350555112000001	0.2608573753390243
54650000	54699999	0.808577908082927	0.5350555112000001	0.2735223968829269
54700000	54749999	0.8209262098195123	0.5350555112000001	0.2858706986195122
54750000	54799999	0.8356166962487805	0.5350555112000001	0.3005611850487805
54800000	54849999	0.8491888396804879	0.5350555112000001	0.3141333284804878
54850000	54899999	0.857052470892683	0.5350555112000001	0.32199695969268294
54900000	54949999	0.8564104943243902	0.5350555112000001	0.32135498312439015
54950000	54999999	0.8474686857195123	0.5350555112000001	0.3124131745195122
55000000	55049999	0.8387662306926831	0.5350555112000001	0.303710719492683
55050000	55099999	0.841906377509756	0.5350555112000001	0.306850866309756
55100000	55149999	0.8512359095024391	0.5350555112000001	0.31618039830243905
55150000	55199999	0.8408342055609757	0.5350555112000001	0.3057786943609756
55200000	55249999	0.8438608051073171	0.5350555112000001	0.30880529390731704
55250000	55299999	0.8403916068658537	0.5350555112000001	0.3053360956658536
55300000	55349999	0.8348976961804879	0.5350555112000001	0.29984218498048787
55350000	55399999	0.8308634524048781	0.5350555112000001	0.2958079412048781
55400000	55449999	0.8153145162121952	0.5350555112000001	0.28025900501219514
55450000	55499999	0.8040347812073172	0.5350555112000001	0.26897927000731714
55500000	55549999	0.794035541597561	0.5350555112000001	0.2589800303975609
55550000	55599999	0.7799754832560976	0.5350555112000001	0.2449199720560975
55600000	55649999	0.7731743516097562	0.5350555112000001	0.23811884040975617
55650000	55699999	0.7674678400487805	0.5350555112000001	0.2324123288487805
55700000	55749999	0.7686546735536586	0.5350555112000001	0.23359916235365852
55750000	55799999	0.7636925310560976	0.5350555112000001	0.22863701985609752
55800000	55849999	0.7533023033243903	0.5350555112000001	0.21824679212439024
55850000	55899999	0.736843009604878	0.5350555112000001	0.20178749840487797
55900000	55949999	0.7245782270146341	0.5350555112000001	0.1895227158146341
55950000	55999999	0.7156025346463415	0.5350555112000001	0.18054702344634144
56000000	56049999	0.6978744275926829	0.5350555112000001	0.16281891639268287
56050000	56099999	0.685105895295122	0.5350555112000001	0.15005038409512195
56100000	56149999	0.6686522438536586	0.5350555112000001	0.13359673265365857
56150000	56199999	0.6506723549195123	0.5350555112000001	0.1156168437195122
56200000	56249999	0.6395018583829268	0.5350555112000001	0.10444634718292678
56250000	56299999	0.6123985322487805	0.5350555112000001	0.07734302104878044
56300000	56349999	0.5873824479292683	0.5350555112000001	0.05232693672926825
56350000	56399999	0.5739882899390244	0.5350555112000001	0.03893277873902434
56400000	56449999	0.5554235652024391	0.5350555112000001	0.020368054002439018
56450000	56499999	0.5356695695853659	0.5350555112000001	0.0006140583853658788
56500000	56549999	0.5249127564707318	0.5350555112000001	-0.010142754729268288
56550000	56599999	0.5058419535634147	0.5350555112000001	-0.029213557636585397
56600000	56649999	0.47647715769756105	0.5350555112000001	-0.05857835350243901
56650000	56699999	0.45917798546097566	0.5350555112000001	-0.0758775257390244
56700000	56749999	0.45301877584878053	0.5350555112000001	-0.08203673535121953
56750000	56799999	0.4385087658780488	0.5350555112000001	-0.09654674532195123
56800000	56849999	0.4249776503365854	0.5350555112000001	-0.11007786086341464
56850000	56899999	0.41151446637073175	0.5350555112000001	-0.12354104482926831
56900000	56949999	0.40834469523658545	0.5350555112000001	-0.1267108159634146
56950000	56999999	0.41766858951951225	0.5350555112000001	-0.11738692168048781
57000000	57049999	0.42165701151219515	0.5350555112000001	-0.11339849968780491
57050000	57099999	0.42958342821707324	0.5350555112000001	-0.10547208298292682
57100000	57149999	0.43960520174146345	0.5350555112000001	-0.09545030945853661
57150000	57199999	0.44073285720000005	0.5350555112000001	-0.094322654
57200000	57249999	0.45263035530000006	0.5350555112000001	-0.08242515589999999
57250000	57299999	0.4605295264902439	0.5350555112000001	-0.07452598470975613
57300000	57349999	0.46832416952439027	0.5350555112000001	-0.06673134167560979
57350000	57399999	0.485413279095122	0.5350555112000001	-0.04964223210487806
57400000	57449999	0.4976564015853659	0.5350555112000001	-0.03739910961463416
57450000	57499999	0.5187135291658537	0.5350555112000001	-0.016341982034146385
57500000	57549999	0.5227805298463415	0.5350555112000001	-0.012274981353658565
57550000	57599999	0.5319929937731708	0.5350555112000001	-0.003062517426829281
57600000	57649999	0.5349513125804879	0.5350555112000001	-0.00010419861951216358
57650000	57699999	0.5418226021634147	0.5350555112000001	0.006767090963414657
57700000	57749999	0.5567713321414635	0.5350555112000001	0.021715820941463404
57750000	57799999	0.5663040765390245	0.5350555112000001	0.031248565339024426
57800000	57849999	0.5820542977000001	0.5350555112000001	0.0469987865
57850000	57899999	0.6107240015121952	0.5350555112000001	0.07566849031219514
57900000	57949999	0.6365250335756099	0.5350555112000001	0.1014695223756098
57950000	57999999	0.6539987693292684	0.5350555112000001	0.11894325812926831
58000000	58049999	0.6719685550707317	0.5350555112000001	0.13691304387073167
58050000	58099999	0.6807856984439025	0.5350555112000001	0.1457301872439024
58100000	58149999	0.6846644047024391	0.5350555112000001	0.149608893502439
58150000	58199999	0.6959583687512196	0.5350555112000001	0.16090285755121958
58200000	58249999	0.708739637302439	0.5350555112000001	0.173684126102439
58250000	58299999	0.7156384296902439	0.5350555112000001	0.18058291849024388
58300000	58349999	0.7138251053560976	0.5350555112000001	0.1787695941560975
58350000	58399999	0.7168009235804879	0.5350555112000001	0.1817454123804878
58400000	58449999	0.7166423998585366	0.5350555112000001	0.18158688865853656
58450000	58499999	0.7234072309414634	0.5350555112000001	0.18835171974146336
58500000	58549999	0.7311770609609757	0.5350555112000001	0.19612154976097562
58550000	58599999	0.729350870992683	0.5350555112000001	0.19429535979268298
58600000	58649999	0.7305858204463416	0.5350555112000001	0.19553030924634152
58650000	58699999	0.7330467573634146	0.5350555112000001	0.19799124616341457
58700000	58749999	0.7311769851317074	0.5350555112000001	0.1961214739317073
58750000	58799999	0.7190509571731707	0.5350555112000001	0.18399544597317063
58800000	58849999	0.7207282314341463	0.5350555112000001	0.18567272023414627
58850000	58899999	0.7371309907853658	0.5350555112000001	0.20207547958536576
58900000	58949999	0.7363053502731708	0.5350555112000001	0.20124983907317073
58950000	58999999	0.7332800321585367	0.5350555112000001	0.1982245209585366
59000000	59049999	0.7146732912365854	0.5350555112000001	0.17961778003658535
59050000	59099999	0.6993641219804878	0.5350555112000001	0.16430861078048775
59100000	59149999	0.6895643567512195	0.5350555112000001	0.15450884555121946
59150000	59199999	0.669141486595122	0.5350555112000001	0.1340859753951219
59200000	59249999	0.6542399599195122	0.5350555112000001	0.11918444871951217
59250000	59299999	0.634036465497561	0.5350555112000001	0.09898095429756093
59300000	59349999	0.6068665202439025	0.5350555112000001	0.07181100904390247
59350000	59399999	0.592665196495122	0.5350555112000001	0.05760968529512189
59400000	59449999	0.5740507706121951	0.5350555112000001	0.03899525941219506
59450000	59499999	0.5590819892512195	0.5350555112000001	0.02402647805121949
59500000	59549999	0.5415442506292684	0.5350555112000001	0.006488739429268309
59550000	59599999	0.5380611273975611	0.5350555112000001	0.003005616197561012
59600000	59649999	0.525948299797561	0.5350555112000001	-0.009107211402439086
59650000	59699999	0.5201481017121952	0.5350555112000001	-0.01490740948780489
59700000	59749999	0.5102595656243903	0.5350555112000001	-0.024795945575609712
59750000	59799999	0.4981082332243903	0.5350555112000001	-0.03694727797560976
59800000	59849999	0.48611041061951227	0.5350555112000001	-0.04894510058048779
59850000	59899999	0.47398342773902447	0.5350555112000001	-0.06107208346097559
59900000	59949999	0.45057261789756103	0.5350555112000001	-0.08448289330243902
59950000	59999999	0.43143719962926835	0.5350555112000001	-0.1036183115707317
60000000	60049999	0.42051567572195125	0.5350555112000001	-0.1145398354780488
60050000	60099999	0.4099754173804878	0.5350555112000001	-0.12508009381951224
60100000	60149999	0.41171958068048786	0.5350555112000001	-0.1233359305195122
60150000	60199999	0.41801938979756104	0.5350555112000001	-0.11703612140243902
60200000	60249999	0.4191981828853659	0.5350555112000001	-0.11585732831463413
60250000	60299999	0.4194841324731708	0.5350555112000001	-0.11557137872682927
60300000	60349999	0.4275262665731708	0.5350555112000001	-0.10752924462682928
60350000	60399999	0.43752532110975617	0.5350555112000001	-0.09753019009024388
60400000	60449999	0.4452615369170732	0.5350555112000001	-0.08979397428292685
60450000	60499999	0.45970265246097564	0.5350555112000001	-0.07535285873902442
60500000	60549999	0.48099352452439026	0.5350555112000001	-0.0540619866756098
60550000	60599999	0.49197965645853664	0.5350555112000001	-0.043075854741463415
60600000	60649999	0.5073966035	0.5350555112000001	-0.027658907700000013
60650000	60699999	0.5127836459560976	0.5350555112000001	-0.022271865243902456
60700000	60749999	0.5206339406097561	0.5350555112000001	-0.01442157059024396
60750000	60799999	0.528358787492683	0.5350555112000001	-0.006696723707317109
60800000	60849999	0.5408420340756098	0.5350555112000001	0.0057865228756097675
60850000	60899999	0.550466194297561	0.5350555112000001	0.015410683097560995
60900000	60949999	0.5435782843829269	0.5350555112000001	0.008522773182926824
60950000	60999999	0.5527546778707317	0.5350555112000001	0.01769916667073168
61000000	61049999	0.557094271087805	0.5350555112000001	0.022038759887804904
61050000	61099999	0.5697862327317074	0.5350555112000001	0.03473072153170731
61100000	61149999	0.5838483315292684	0.5350555112000001	0.04879282032926835
61150000	61199999	0.5907817715731708	0.5350555112000001	0.055726260373170744
61200000	61249999	0.6018121612390245	0.5350555112000001	0.06675665003902442
61250000	61299999	0.6133442384268293	0.5350555112000001	0.07828872722682922
61300000	61349999	0.6276774625804878	0.5350555112000001	0.09262195138048779
61350000	61399999	0.6432514355756098	0.5350555112000001	0.10819592437560976
61400000	61449999	0.6567948506463415	0.5350555112000001	0.12173933944634141
61450000	61499999	0.6638267773878049	0.5350555112000001	0.12877126618780488
61500000	61549999	0.6709267143390245	0.5350555112000001	0.13587120313902445
61550000	61599999	0.6793460978487805	0.5350555112000001	0.14429058664878047
61600000	61649999	0.689223050102439	0.5350555112000001	0.15416753890243895
61650000	61699999	0.6988270016853659	0.5350555112000001	0.16377149048536588
61700000	61749999	0.713547988192683	0.5350555112000001	0.1784924769926829
61750000	61799999	0.7243388139707317	0.5350555112000001	0.1892833027707317
61800000	61849999	0.7375672681146341	0.5350555112000001	0.20251175691463408
61850000	61899999	0.7406878217170731	0.5350555112000001	0.2056323105170731
61900000	61949999	0.7533037740341464	0.5350555112000001	0.21824826283414633
61950000	61999999	0.7646118736756098	0.5350555112000001	0.22955636247560973
62000000	62049999	0.780043778895122	0.5350555112000001	0.24498826769512194
62050000	62099999	0.7867098614170732	0.5350555112000001	0.25165435021707316
62100000	62149999	0.7995602242439025	0.5350555112000001	0.26450471304390244
62150000	62199999	0.817025629785366	0.5350555112000001	0.2819701185853659
62200000	62249999	0.8306256748195122	0.5350555112000001	0.29557016361951216
62250000	62299999	0.8212366127609756	0.5350555112000001	0.28618110156097554
62300000	62349999	0.8210514094146342	0.5350555112000001	0.2859958982146341
62350000	62399999	0.8236614496073171	0.5350555112000001	0.2886059384073171
62400000	62449999	0.830268373595122	0.5350555112000001	0.2952128623951219
62450000	62499999	0.8339607268463416	0.5350555112000001	0.29890521564634154
62500000	62549999	0.8252610305121952	0.5350555112000001	0.2902055193121952
62550000	62599999	0.8094426189658537	0.5350555112000001	0.2743871077658536
62600000	62649999	0.8095150786219513	0.5350555112000001	0.2744595674219512
62650000	62699999	0.8057631299731708	0.5350555112000001	0.27070761877317073
62700000	62749999	0.8144677220512195	0.5350555112000001	0.2794122108512195
62750000	62799999	0.8230746879317073	0.5350555112000001	0.2880191767317073
62800000	62849999	0.8260364624146342	0.5350555112000001	0.2909809512146342
62850000	62899999	0.8320426607707317	0.5350555112000001	0.2969871495707317
62900000	62949999	0.8289787450341464	0.5350555112000001	0.2939232338341463
62950000	62999999	0.8313206628512195	0.5350555112000001	0.29626515165121947
63000000	63049999	0.8300838789780489	0.5350555112000001	0.29502836777804886
63050000	63099999	0.834566142390244	0.5350555112000001	0.2995106311902439
63100000	63149999	0.8501727433146342	0.5350555112000001	0.31511723211463416
63150000	63199999	0.860848550602439	0.5350555112000001	0.325793039402439
63200000	63249999	0.8644223695487805	0.5350555112000001	0.32936685834878043
63250000	63299999	0.8637990032536585	0.5350555112000001	0.3287434920536585
63300000	63349999	0.8649678684073171	0.5350555112000001	0.32991235720731704
63350000	63399999	0.8764201496512195	0.5350555112000001	0.34136463845121945
63400000	63449999	0.8795746922707317	0.5350555112000001	0.34451918107073165
63450000	63499999	0.877654203895122	0.5350555112000001	0.342598692695122
63500000	63549999	0.8783591848780489	0.5350555112000001	0.3433036736780488
63550000	63599999	0.8788113630609756	0.5350555112000001	0.34375585186097557
63600000	63649999	0.8762588759658537	0.5350555112000001	0.34120336476585367
63650000	63699999	0.871877506304878	0.5350555112000001	0.336821995104878
63700000	63749999	0.8725243316707318	0.5350555112000001	0.3374688204707318
63750000	63799999	0.8770332631536586	0.5350555112000001	0.34197775195365854
63800000	63849999	0.8782126638585366	0.5350555112000001	0.3431571526585365
63850000	63899999	0.8749395145414633	0.5350555112000001	0.3398840033414633
63900000	63949999	0.8852902594512195	0.5350555112000001	0.3502347482512195
63950000	63999999	0.8858957474512196	0.5350555112000001	0.3508402362512195
64000000	64049999	0.879720233797561	0.5350555112000001	0.344664722597561
64050000	64099999	0.8661001864390245	0.5350555112000001	0.3310446752390245
64100000	64149999	0.8610485964097561	0.5350555112000001	0.325993085209756
64150000	64199999	0.8497010495878049	0.5350555112000001	0.31464553838780485
64200000	64249999	0.8328592895487805	0.5350555112000001	0.29780377834878047
64250000	64299999	0.8164069962048781	0.5350555112000001	0.28135148500487805
64300000	64349999	0.8222378111195123	0.5350555112000001	0.2871822999195123
64350000	64399999	0.8181329164024391	0.5350555112000001	0.28307740520243907
64400000	64449999	0.815740291995122	0.5350555112000001	0.28068478079512194
64450000	64499999	0.8156649629682928	0.5350555112000001	0.2806094517682928
64500000	64549999	0.8061325131170732	0.5350555112000001	0.2710770019170732
64550000	64599999	0.8122880006707317	0.5350555112000001	0.27723248947073165
64600000	64649999	0.8171502757512195	0.5350555112000001	0.2820947645512194
64650000	64699999	0.8094200340926829	0.5350555112000001	0.27436452289268287
64700000	64749999	0.8090003703731707	0.5350555112000001	0.2739448591731707
64750000	64799999	0.8045955969219513	0.5350555112000001	0.2695400857219512
64800000	64849999	0.7967694622829269	0.5350555112000001	0.26171395108292683
64850000	64899999	0.7945773854414635	0.5350555112000001	0.25952187424146345
64900000	64949999	0.7898063416292683	0.5350555112000001	0.25475083042926827
64950000	64999999	0.7900581929609757	0.5350555112000001	0.2550026817609756
65000000	65049999	0.7930914806121951	0.5350555112000001	0.2580359694121951
65050000	65099999	0.7957803133609757	0.5350555112000001	0.2607248021609756
65100000	65149999	0.7941131846634146	0.5350555112000001	0.2590576734634146
65150000	65199999	0.7755233763341464	0.5350555112000001	0.2404678651341463
65200000	65249999	0.7611850741341464	0.5350555112000001	0.22612956293414632
65250000	65299999	0.753666270195122	0.5350555112000001	0.21861075899512195
65300000	65349999	0.741095751785366	0.5350555112000001	0.20604024058536596
65350000	65399999	0.7270722251073172	0.5350555112000001	0.19201671390731712
65400000	65449999	0.7012533959756098	0.5350555112000001	0.1661978847756097
65450000	65499999	0.686632109795122	0.5350555112000001	0.15157659859512196
65500000	65549999	0.6803673176658538	0.5350555112000001	0.14531180646585373
65550000	65599999	0.6728008058682927	0.5350555112000001	0.13774529466829266
65600000	65649999	0.6774301506097562	0.5350555112000001	0.14237463940975614
65650000	65699999	0.6754685612756098	0.5350555112000001	0.14041305007560978
65700000	65749999	0.6832527028292683	0.5350555112000001	0.14819719162926825
65750000	65799999	0.6900279140121952	0.5350555112000001	0.15497240281219515
65800000	65849999	0.6736129720585367	0.5350555112000001	0.1385574608585366
65850000	65899999	0.6646108992243903	0.5350555112000001	0.12955538802439026
65900000	65949999	0.6568326734829268	0.5350555112000001	0.12177716228292679
65950000	65999999	0.6446696640439025	0.5350555112000001	0.10961415284390241
66000000	66049999	0.6274089450585366	0.5350555112000001	0.09235343385853656
66050000	66099999	0.6151867720439025	0.5350555112000001	0.08013126084390243
66100000	66149999	0.6070206768536586	0.5350555112000001	0.07196516565365851
66150000	66199999	0.6009836516829269	0.5350555112000001	0.06592814048292683
66200000	66249999	0.5951666447804879	0.5350555112000001	0.06011113358048781
66250000	66299999	0.5861557924634146	0.5350555112000001	0.05110028126341459
66300000	66349999	0.5805414446097562	0.5350555112000001	0.04548593340975615
66350000	66399999	0.5783195742170733	0.5350555112000001	0.043264063017073195
66400000	66449999	0.5691054811170733	0.5350555112000001	0.03404996991707321
66450000	66499999	0.5615221709317074	0.5350555112000001	0.026466659731707365
66500000	66549999	0.5539353397756098	0.5350555112000001	0.01887982857560977
66550000	66599999	0.5505214829487806	0.5350555112000001	0.015465971748780505
66600000	66649999	0.5546068009414635	0.5350555112000001	0.019551289741463473
66650000	66699999	0.551198330090244	0.5350555112000001	0.016142818890243937
66700000	66749999	0.5436413460658537	0.5350555112000001	0.008585834865853625
66750000	66799999	0.5363986104658537	0.5350555112000001	0.0013430992658536312
66800000	66849999	0.5317187602609756	0.5350555112000001	-0.0033367509390244132
66850000	66899999	0.5214481061878049	0.5350555112000001	-0.01360740501219515
66900000	66949999	0.5142382899121952	0.5350555112000001	-0.020817221287804832
66950000	66999999	0.5068198749121952	0.5350555112000001	-0.0282356362878049
67000000	67049999	0.506432413790244	0.5350555112000001	-0.028623097409756104
67050000	67099999	0.4983260708707318	0.5350555112000001	-0.03672944032926828
67100000	67149999	0.49400663487073176	0.5350555112000001	-0.04104887632926829
67150000	67199999	0.4920858515341464	0.5350555112000001	-0.04296965966585364
67200000	67249999	0.4948479484560976	0.5350555112000001	-0.04020756274390247
67250000	67299999	0.5071310096878049	0.5350555112000001	-0.027924501512195166
67300000	67349999	0.5194593601512195	0.5350555112000001	-0.015596151048780538
67350000	67399999	0.5356634786243903	0.5350555112000001	0.0006079674243902877
67400000	67449999	0.5648010447780488	0.5350555112000001	0.029745533578048766
67450000	67499999	0.5894133101585366	0.5350555112000001	0.05435779895853654
67500000	67549999	0.6045490702268294	0.5350555112000001	0.0694935590268293
67550000	67599999	0.6183099443121952	0.5350555112000001	0.08325443311219516
67600000	67649999	0.6309497536365855	0.5350555112000001	0.0958942424365854
67650000	67699999	0.6310042083365854	0.5350555112000001	0.09594869713658538
67700000	67749999	0.6547255417634147	0.5350555112000001	0.11967003056341463
67750000	67799999	0.6558971009219513	0.5350555112000001	0.12084158972195125
67800000	67849999	0.6586664566170732	0.5350555112000001	0.12361094541707318
67850000	67899999	0.6686143964609756	0.5350555112000001	0.1335588852609756
67900000	67949999	0.6761745944414634	0.5350555112000001	0.14111908324146338
67950000	67999999	0.6881556276243903	0.5350555112000001	0.15310011642439025
68000000	68049999	0.6974404565073171	0.5350555112000001	0.16238494530731706
68050000	68099999	0.7129303552097561	0.5350555112000001	0.17787484400975606
68100000	68149999	0.730420261795122	0.5350555112000001	0.19536475059512193
68150000	68199999	0.7420813178707317	0.5350555112000001	0.20702580667073167
68200000	68249999	0.7474626234609757	0.5350555112000001	0.21240711226097564
68250000	68299999	0.7615475207341464	0.5350555112000001	0.2264920095341464
68300000	68349999	0.7695106057390244	0.5350555112000001	0.23445509453902436
68350000	68399999	0.775596084790244	0.5350555112000001	0.24054057359024394
68400000	68449999	0.7763313027902439	0.5350555112000001	0.24127579159024382
68450000	68499999	0.7884584086878049	0.5350555112000001	0.25340289748780487
68500000	68549999	0.7929304207829269	0.5350555112000001	0.2578749095829268
68550000	68599999	0.7965546478000001	0.5350555112000001	0.2614991366
68600000	68649999	0.8047498849829269	0.5350555112000001	0.2696943737829268
68650000	68699999	0.7952047642048781	0.5350555112000001	0.260149253004878
68700000	68749999	0.801340366390244	0.5350555112000001	0.2662848551902439
68750000	68799999	0.8124235671512197	0.5350555112000001	0.2773680559512196
68800000	68849999	0.8228644028365855	0.5350555112000001	0.2878088916365854
68850000	68899999	0.8288254110439025	0.5350555112000001	0.29376989984390245
68900000	68949999	0.844676820080488	0.5350555112000001	0.3096213088804879
68950000	68999999	0.854606473385366	0.5350555112000001	0.31955096218536594
69000000	69049999	0.8650073119829269	0.5350555112000001	0.32995180078292685
69050000	69099999	0.8851892481731708	0.5350555112000001	0.35013373697317074
69100000	69149999	0.8908474066682928	0.5350555112000001	0.3557918954682927
69150000	69199999	0.895594232792683	0.5350555112000001	0.36053872159268296
69200000	69249999	0.8981862777073171	0.5350555112000001	0.363130766507317
69250000	69299999	0.9016595101609757	0.5350555112000001	0.3666039989609756
69300000	69349999	0.8912610336707317	0.5350555112000001	0.3562055224707317
69350000	69399999	0.8873654977390245	0.5350555112000001	0.35230998653902446
69400000	69449999	0.8813427440000001	0.5350555112000001	0.34628723280000007
69450000	69499999	0.8638600559951221	0.5350555112000001	0.328804544795122
69500000	69549999	0.8541211605658537	0.5350555112000001	0.3190656493658537
69550000	69599999	0.8465820682219513	0.5350555112000001	0.3115265570219512
69600000	69649999	0.839774940295122	0.5350555112000001	0.30471942909512195
69650000	69699999	0.8283897042512196	0.5350555112000001	0.29333419305121955
69700000	69749999	0.8238288045756098	0.5350555112000001	0.28877329337560975
69750000	69799999	0.8036301683853659	0.5350555112000001	0.2685746571853659
69800000	69849999	0.7952539488487805	0.5350555112000001	0.2601984376487805
69850000	69899999	0.7851555021000001	0.5350555112000001	0.2500999909
69900000	69949999	0.7873925466341464	0.5350555112000001	0.2523370354341463
69950000	69999999	0.7869790615024391	0.5350555112000001	0.25192355030243907
70000000	70049999	0.777105005190244	0.5350555112000001	0.2420494939902439
70050000	70099999	0.7707388817463415	0.5350555112000001	0.23568337054634148
70100000	70149999	0.7569759145658537	0.5350555112000001	0.2219204033658536
70150000	70199999	0.7458743516487806	0.5350555112000001	0.21081884044878052
70200000	70249999	0.7333142049487805	0.5350555112000001	0.19825869374878047
70250000	70299999	0.7393858090853659	0.5350555112000001	0.20433029788536583
70300000	70349999	0.7296328232195123	0.5350555112000001	0.19457731201951223
70350000	70399999	0.728270361890244	0.5350555112000001	0.1932148506902439
70400000	70449999	0.7243843996170732	0.5350555112000001	0.18932888841707318
70450000	70499999	0.7222642535731708	0.5350555112000001	0.18720874237317076
70500000	70549999	0.7201516109219512	0.5350555112000001	0.18509609972195118
70550000	70599999	0.7292619943804879	0.5350555112000001	0.19420648318048783
70600000	70649999	0.7314497682682928	0.5350555112000001	0.19639425706829272
70650000	70699999	0.7306206739073171	0.5350555112000001	0.19556516270731705
70700000	70749999	0.7265311803780489	0.5350555112000001	0.1914756691780488
70750000	70799999	0.7127796147487806	0.5350555112000001	0.17772410354878054
70800000	70849999	0.7025340631975611	0.5350555112000001	0.167478551997561
70850000	70899999	0.6885810192121952	0.5350555112000001	0.1535255080121951
70900000	70949999	0.6816261685804879	0.5350555112000001	0.1465706573804878
70950000	70999999	0.6743408522024391	0.5350555112000001	0.13928534100243906
71000000	71049999	0.6669167816317074	0.5350555112000001	0.13186127043170737
71050000	71099999	0.6611928081390244	0.5350555112000001	0.1261372969390243
71100000	71149999	0.6374820248512196	0.5350555112000001	0.10242651365121958
71150000	71199999	0.6333861620024391	0.5350555112000001	0.09833065080243908
71200000	71249999	0.6257268893487805	0.5350555112000001	0.09067137814878046
71250000	71299999	0.612866555202439	0.5350555112000001	0.07781104400243899
71300000	71349999	0.5967302028560977	0.5350555112000001	0.061674691656097624
71350000	71399999	0.5881201036121952	0.5350555112000001	0.05306459241219519
71400000	71449999	0.5780149785609756	0.5350555112000001	0.042959467360975556
71450000	71499999	0.5747836472585366	0.5350555112000001	0.039728136058536534
71500000	71549999	0.5797420771487806	0.5350555112000001	0.04468656594878051
71550000	71599999	0.5803634490585367	0.5350555112000001	0.045307937858536595
71600000	71649999	0.5851497640463416	0.5350555112000001	0.0500942528463415
71650000	71699999	0.5874307359073171	0.5350555112000001	0.052375224707317036
71700000	71749999	0.6028745370243903	0.5350555112000001	0.06781902582439026
71750000	71799999	0.6168332644536586	0.5350555112000001	0.08177775325365855
71800000	71849999	0.6304982909170732	0.5350555112000001	0.09544277971707316
71850000	71899999	0.6324672728804879	0.5350555112000001	0.09741176168048782
71900000	71949999	0.6405204581414635	0.5350555112000001	0.10546494694146347
71950000	71999999	0.6469978920804879	0.5350555112000001	0.1119423808804878
72000000	72049999	0.6574367767219513	0.5350555112000001	0.12238126552195128
72050000	72099999	0.6572941822146342	0.5350555112000001	0.12223867101463415
72100000	72149999	0.6518942317292683	0.5350555112000001	0.11683872052926825
72150000	72199999	0.6570541201414635	0.5350555112000001	0.12199860894146342
72200000	72249999	0.6600372227731708	0.5350555112000001	0.12498171157317073
72250000	72299999	0.6654173159097562	0.5350555112000001	0.1303618047097561
72300000	72349999	0.6539239497170732	0.5350555112000001	0.11886843851707318
72350000	72399999	0.654644883392683	0.5350555112000001	0.11958937219268295
72400000	72449999	0.6483764639536587	0.5350555112000001	0.11332095275365861
72450000	72499999	0.6494181707000001	0.5350555112000001	0.11436265950000002
72500000	72549999	0.6440984263707318	0.5350555112000001	0.10904291517073172
72550000	72599999	0.6442561476170733	0.5350555112000001	0.10920063641707323
72600000	72649999	0.6370133742780488	0.5350555112000001	0.10195786307804877
72650000	72699999	0.6354875869170732	0.5350555112000001	0.10043207571707313
72700000	72749999	0.6364562337829269	0.5350555112000001	0.10140072258292687
72750000	72799999	0.6452900818170733	0.5350555112000001	0.1102345706170732
72800000	72849999	0.6571032535634147	0.5350555112000001	0.12204774236341465
72850000	72899999	0.6633480400195122	0.5350555112000001	0.12829252881951214
72900000	72949999	0.6713102840731708	0.5350555112000001	0.13625477287317078
72950000	72999999	0.6727459089536586	0.5350555112000001	0.13769039775365854
73000000	73049999	0.6705873559634147	0.5350555112000001	0.13553184476341462
73050000	73099999	0.6815058466756099	0.5350555112000001	0.14645033547560982
73100000	73149999	0.6861107221268293	0.5350555112000001	0.15105521092682928
73150000	73199999	0.6950303024097562	0.5350555112000001	0.1599747912097561
73200000	73249999	0.6965611880243903	0.5350555112000001	0.1615056768243902
73250000	73299999	0.7045228952609757	0.5350555112000001	0.1694673840609756
73300000	73349999	0.7139472534634147	0.5350555112000001	0.17889174226341464
73350000	73399999	0.7254963127146342	0.5350555112000001	0.19044080151463416
73400000	73449999	0.7366712786804879	0.5350555112000001	0.20161576748048782
73450000	73499999	0.7480215363463416	0.5350555112000001	0.21296602514634155
73500000	73549999	0.7510063240756097	0.5350555112000001	0.2159508128756097
73550000	73599999	0.7424838420829268	0.5350555112000001	0.20742833088292678
73600000	73649999	0.738240452590244	0.5350555112000001	0.2031849413902439
73650000	73699999	0.7312316177658538	0.5350555112000001	0.19617610656585371
73700000	73749999	0.7309252068414634	0.5350555112000001	0.1958696956414634
73750000	73799999	0.7251890429487806	0.5350555112000001	0.19013353174878056
73800000	73849999	0.7207500684170732	0.5350555112000001	0.18569455721707318
73850000	73899999	0.711766701792683	0.5350555112000001	0.17671119059268292
73900000	73949999	0.7109902517170732	0.5350555112000001	0.17593474051707314
73950000	73999999	0.7030600248268294	0.5350555112000001	0.16800451362682933
74000000	74049999	0.6860378099317074	0.5350555112000001	0.15098229873170732
74050000	74099999	0.6729591007682927	0.5350555112000001	0.13790358956829263
74100000	74149999	0.6705827505121952	0.5350555112000001	0.13552723931219512
74150000	74199999	0.6750155641073172	0.5350555112000001	0.13996005290731717
74200000	74249999	0.6765573548317074	0.5350555112000001	0.14150184363170737
74250000	74299999	0.6751347301780488	0.5350555112000001	0.14007921897804876
74300000	74349999	0.6767240550731708	0.5350555112000001	0.14166854387317074
74350000	74399999	0.6738517837463416	0.5350555112000001	0.13879627254634153
74400000	74449999	0.6669242333439025	0.5350555112000001	0.13186872214390244
74450000	74499999	0.6741692437853659	0.5350555112000001	0.13911373258536586
74500000	74549999	0.6742489239731708	0.5350555112000001	0.13919341277317077
74550000	74599999	0.6792404986439025	0.5350555112000001	0.1441849874439024
74600000	74649999	0.6747994515341464	0.5350555112000001	0.1397439403341464
74650000	74699999	0.6657888668170733	0.5350555112000001	0.13073335561707322
74700000	74749999	0.6546060171219513	0.5350555112000001	0.11955050592195127
74750000	74799999	0.6461544595609757	0.5350555112000001	0.11109894836097567
74800000	74849999	0.637104324190244	0.5350555112000001	0.10204881299024393
74850000	74899999	0.6374643304585367	0.5350555112000001	0.10240881925853662
74900000	74949999	0.6382853187707318	0.5350555112000001	0.10322980757073175
74950000	74999999	0.6335649981682927	0.5350555112000001	0.09850948696829265
75000000	75049999	0.6250538557268294	0.5350555112000001	0.08999834452682931
75050000	75099999	0.6263183676146342	0.5350555112000001	0.09126285641463416
75100000	75149999	0.6185012466585367	0.5350555112000001	0.08344573545853662
75150000	75199999	0.6146641753756098	0.5350555112000001	0.07960866417560974
75200000	75249999	0.6070845393487806	0.5350555112000001	0.07202902814878054
75250000	75299999	0.6045010694560976	0.5350555112000001	0.06944555825609755
75300000	75349999	0.5975986788853659	0.5350555112000001	0.06254316768536583
75350000	75399999	0.5950626031731708	0.5350555112000001	0.06000709197317078
75400000	75449999	0.5952849138317073	0.5350555112000001	0.060229402631707285
75450000	75499999	0.589957557095122	0.5350555112000001	0.05490204589512193
75500000	75549999	0.5755557884000001	0.5350555112000001	0.040500277200000045
75550000	75599999	0.5661335847219513	0.5350555112000001	0.031078073521951244
75600000	75649999	0.562305612082927	0.5350555112000001	0.027250100882926898
75650000	75699999	0.5592641064097562	0.5350555112000001	0.024208595209756156
75700000	75749999	0.5565823153804879	0.5350555112000001	0.021526804180487802
75750000	75799999	0.5526775114048781	0.5350555112000001	0.01762200020487803
75800000	75849999	0.5424564820219513	0.5350555112000001	0.007400970821951236
75850000	75899999	0.5234284283390245	0.5350555112000001	-0.01162708286097558
75900000	75949999	0.5072772994219513	0.5350555112000001	-0.027778211778048734
75950000	75999999	0.4972126823560976	0.5350555112000001	-0.03784282884390244
76000000	76049999	0.48774988257804885	0.5350555112000001	-0.0473056286219512
76050000	76099999	0.4869240911658537	0.5350555112000001	-0.04813142003414633
76100000	76149999	0.48067484030975616	0.5350555112000001	-0.0543806708902439
76150000	76199999	0.4801697406268293	0.5350555112000001	-0.054885770573170733
76200000	76249999	0.4757942833829269	0.5350555112000001	-0.05926122781707316
76250000	76299999	0.46766225829756103	0.5350555112000001	-0.06739325290243903
76300000	76349999	0.4587756770414635	0.5350555112000001	-0.07627983415853656
76350000	76399999	0.4537342276487806	0.5350555112000001	-0.08132128355121948
76400000	76449999	0.45103996822926834	0.5350555112000001	-0.08401554297073172
76450000	76499999	0.45286006555853664	0.5350555112000001	-0.08219544564146342
76500000	76549999	0.44251380536341467	0.5350555112000001	-0.09254170583658539
76550000	76599999	0.4357099378658537	0.5350555112000001	-0.09934557333414634
76600000	76649999	0.43259622895853667	0.5350555112000001	-0.10245928224146339
76650000	76699999	0.4290223610317074	0.5350555112000001	-0.10603315016829268
76700000	76749999	0.4351746313268293	0.5350555112000001	-0.09988087987317074
76750000	76799999	0.4363659572487806	0.5350555112000001	-0.09868955395121948
76800000	76849999	0.42965105105609763	0.5350555112000001	-0.10540446014390242
76850000	76899999	0.4261199750024391	0.5350555112000001	-0.10893553619756097
76900000	76949999	0.4099432946975611	0.5350555112000001	-0.12511221650243898
76950000	76999999	0.39643536605121954	0.5350555112000001	-0.13862014514878052
77000000	77049999	0.39249975735121956	0.5350555112000001	-0.1425557538487805
77050000	77099999	0.39226068160731714	0.5350555112000001	-0.14279482959268291
77100000	77149999	0.391583766492683	0.5350555112000001	-0.14347174470731705
77150000	77199999	0.3871912725756098	0.5350555112000001	-0.14786423862439024
77200000	77249999	0.38515288810000003	0.5350555112000001	-0.14990262310000002
77250000	77299999	0.38442767615609763	0.5350555112000001	-0.15062783504390242
77300000	77349999	0.38103504643414643	0.5350555112000001	-0.15402046476585363
77350000	77399999	0.3769908621585366	0.5350555112000001	-0.15806464904146345
77400000	77449999	0.3804980830634147	0.5350555112000001	-0.15455742813658535
77450000	77499999	0.37909668556585374	0.5350555112000001	-0.15595882563414631
77500000	77549999	0.37826481488780495	0.5350555112000001	-0.1567906963121951
77550000	77599999	0.3890841822292683	0.5350555112000001	-0.14597132897073173
77600000	77649999	0.3980166913243903	0.5350555112000001	-0.13703881987560973
77650000	77699999	0.40458955079512204	0.5350555112000001	-0.130465960404878
77700000	77749999	0.4083549717804879	0.5350555112000001	-0.12670053941951215
77750000	77799999	0.4154213635756098	0.5350555112000001	-0.11963414762439023
77800000	77849999	0.41432031703658545	0.5350555112000001	-0.1207351941634146
77850000	77899999	0.41764878024146346	0.5350555112000001	-0.1174067309585366
77900000	77949999	0.4204749419268293	0.5350555112000001	-0.11458056927317073
77950000	77999999	0.4263518512000001	0.5350555112000001	-0.10870365999999998
78000000	78049999	0.4285026542512196	0.5350555112000001	-0.10655285694878047
78050000	78099999	0.4337113154365854	0.5350555112000001	-0.10134419576341464
78100000	78149999	0.4377910357048781	0.5350555112000001	-0.09726447549512196
78150000	78199999	0.4407767611707318	0.5350555112000001	-0.09427875002926828
78200000	78249999	0.43887267886585374	0.5350555112000001	-0.09618283233414632
78250000	78299999	0.4373279781731708	0.5350555112000001	-0.09772753302682924
78300000	78349999	0.4349058060268293	0.5350555112000001	-0.10014970517317073
78350000	78399999	0.43467773030243906	0.5350555112000001	-0.100377780897561
78400000	78449999	0.43094211896829276	0.5350555112000001	-0.10411339223170729
78450000	78499999	0.4304698790048781	0.5350555112000001	-0.10458563219512196
78500000	78549999	0.4267372431829269	0.5350555112000001	-0.10831826801707317
78550000	78599999	0.4289651847829269	0.5350555112000001	-0.10609032641707317
78600000	78649999	0.42743042100000006	0.5350555112000001	-0.1076250902
78650000	78699999	0.42216660250000004	0.5350555112000001	-0.11288890870000001
78700000	78749999	0.41943571292682935	0.5350555112000001	-0.1156197982731707
78750000	78799999	0.4147491216756098	0.5350555112000001	-0.12030638952439027
78800000	78849999	0.4150784202439025	0.5350555112000001	-0.11997709095609754
78850000	78899999	0.4197643650756098	0.5350555112000001	-0.11529114612439023
78900000	78949999	0.4196768811292684	0.5350555112000001	-0.11537863007073168
78950000	78999999	0.4226642197268293	0.5350555112000001	-0.11239129147317073
79000000	79049999	0.42590936902682935	0.5350555112000001	-0.1091461421731707
79050000	79099999	0.42934510794878056	0.5350555112000001	-0.1057104032512195
79100000	79149999	0.4335266626731708	0.5350555112000001	-0.10152884852682925
79150000	79199999	0.4334415744731708	0.5350555112000001	-0.10161393672682928
79200000	79249999	0.4361167976048781	0.5350555112000001	-0.09893871359512196
79250000	79299999	0.43654909688292687	0.5350555112000001	-0.09850641431707319
79300000	79349999	0.43672903812926833	0.5350555112000001	-0.09832647307073172
79350000	79399999	0.4438247479731708	0.5350555112000001	-0.09123076322682927
79400000	79449999	0.44766750818536594	0.5350555112000001	-0.08738800301463412
79450000	79499999	0.4495300336146342	0.5350555112000001	-0.08552547758536588
79500000	79549999	0.4452479260853659	0.5350555112000001	-0.08980758511463416
79550000	79599999	0.4521989373439025	0.5350555112000001	-0.08285657385609757
79600000	79649999	0.45259703000243906	0.5350555112000001	-0.082458481197561
79650000	79699999	0.4502320446195123	0.5350555112000001	-0.08482346658048778
79700000	79749999	0.4430070432243903	0.5350555112000001	-0.09204846797560978
79750000	79799999	0.43364595880975615	0.5350555112000001	-0.1014095523902439
79800000	79849999	0.4280219881317074	0.5350555112000001	-0.10703352306829267
79850000	79899999	0.4226978922048781	0.5350555112000001	-0.11235761899512198
79900000	79949999	0.41628616694390247	0.5350555112000001	-0.11876934425609759
79950000	79999999	0.41866401818292687	0.5350555112000001	-0.11639149301707319
80000000	80049999	0.41650842523170734	0.5350555112000001	-0.11854708596829272
80050000	80099999	0.4183676383292683	0.5350555112000001	-0.11668787287073173
80100000	80149999	0.41478916831219514	0.5350555112000001	-0.12026634288780491
80150000	80199999	0.41619265207073175	0.5350555112000001	-0.1188628591292683
80200000	80249999	0.41496504841463416	0.5350555112000001	-0.12009046278536589
80250000	80299999	0.4116285888878049	0.5350555112000001	-0.12342692231219515
80300000	80349999	0.4176920122170732	0.5350555112000001	-0.11736349898292686
80350000	80399999	0.42014379710975613	0.5350555112000001	-0.11491171409024392
80400000	80449999	0.42007368159024394	0.5350555112000001	-0.11498182960975611
80450000	80499999	0.4232954818048781	0.5350555112000001	-0.11176002939512197
80500000	80549999	0.42774768605853664	0.5350555112000001	-0.10730782514146342
80550000	80599999	0.4309105773365854	0.5350555112000001	-0.10414493386341467
80600000	80649999	0.4326800576073171	0.5350555112000001	-0.10237545359268296
80650000	80699999	0.43861347417804886	0.5350555112000001	-0.0964420370219512
80700000	80749999	0.44947760379024393	0.5350555112000001	-0.08557790740975613
80750000	80799999	0.4559889363243903	0.5350555112000001	-0.07906657487560975
80800000	80849999	0.45577248445609764	0.5350555112000001	-0.07928302674390242
80850000	80899999	0.45425287416097565	0.5350555112000001	-0.0808026370390244
80900000	80949999	0.4588259979658537	0.5350555112000001	-0.07622951323414634
80950000	80999999	0.46030018441951226	0.5350555112000001	-0.0747553267804878
81000000	81049999	0.46562090303170733	0.5350555112000001	-0.06943460816829272
81050000	81099999	0.4653333713878049	0.5350555112000001	-0.06972213981219516
81100000	81149999	0.4622256563219513	0.5350555112000001	-0.07282985487804877
81150000	81199999	0.4617476303341464	0.5350555112000001	-0.07330788086585366
81200000	81249999	0.45931305350243906	0.5350555112000001	-0.075742457697561
81250000	81299999	0.45766976730975617	0.5350555112000001	-0.07738574389024389
81300000	81349999	0.454283834792683	0.5350555112000001	-0.08077167640731708
81350000	81399999	0.452907919097561	0.5350555112000001	-0.08214759210243905
81400000	81449999	0.4454260832024391	0.5350555112000001	-0.08962942799756096
81450000	81499999	0.44414026208780494	0.5350555112000001	-0.09091524911219512
81500000	81549999	0.4338754095341464	0.5350555112000001	-0.10118010166585367
81550000	81599999	0.42974270725853664	0.5350555112000001	-0.10531280394146342
81600000	81649999	0.41992200400975616	0.5350555112000001	-0.1151335071902439
81650000	81699999	0.41658923980000007	0.5350555112000001	-0.11846627139999999
81700000	81749999	0.4094976881780489	0.5350555112000001	-0.12555782302195118
81750000	81799999	0.4058004549560976	0.5350555112000001	-0.12925505624390243
81800000	81849999	0.4104547309219513	0.5350555112000001	-0.12460078027804877
81850000	81899999	0.41164275435121955	0.5350555112000001	-0.1234127568487805
81900000	81949999	0.4158409038146342	0.5350555112000001	-0.11921460738536588
81950000	81999999	0.4231214246000001	0.5350555112000001	-0.11193408659999998
82000000	82049999	0.42255588831951224	0.5350555112000001	-0.11249962288048782
82050000	82099999	0.4282084871829269	0.5350555112000001	-0.10684702401707313
82100000	82149999	0.43198186810975614	0.5350555112000001	-0.10307364309024392
82150000	82199999	0.43064363057560984	0.5350555112000001	-0.10441188062439022
82200000	82249999	0.42570215487073176	0.5350555112000001	-0.10935335632926829
82250000	82299999	0.4234701061707318	0.5350555112000001	-0.11158540502926828
82300000	82349999	0.42724420408048785	0.5350555112000001	-0.1078113071195122
82350000	82399999	0.4208423907146342	0.5350555112000001	-0.11421312048536586
82400000	82449999	0.42154671025609763	0.5350555112000001	-0.11350880094390242
82450000	82499999	0.4230628342512196	0.5350555112000001	-0.11199267694878046
82500000	82549999	0.42558478586097565	0.5350555112000001	-0.10947072533902441
82550000	82599999	0.4245904664829269	0.5350555112000001	-0.11046504471707314
82600000	82649999	0.426248073892683	0.5350555112000001	-0.10880743730731707
82650000	82699999	0.43179364904634154	0.5350555112000001	-0.10326186215365851
82700000	82749999	0.4304258871121952	0.5350555112000001	-0.10462962408780485
82750000	82799999	0.4264188385195123	0.5350555112000001	-0.10863667268048777
82800000	82849999	0.42805614812682935	0.5350555112000001	-0.1069993630731707
82850000	82899999	0.4343012273731708	0.5350555112000001	-0.10075428382682927
82900000	82949999	0.44212673310000006	0.5350555112000001	-0.0929287781
82950000	82999999	0.44192809244878056	0.5350555112000001	-0.09312741875121949
83000000	83049999	0.45098602753170736	0.5350555112000001	-0.0840694836682927
83050000	83099999	0.4555108032560976	0.5350555112000001	-0.07954470794390245
83100000	83149999	0.46562167893902445	0.5350555112000001	-0.0694338322609756
83150000	83199999	0.4779353449268293	0.5350555112000001	-0.057120166273170736
83200000	83249999	0.4877794967243903	0.5350555112000001	-0.04727601447560975
83250000	83299999	0.499812687995122	0.5350555112000001	-0.03524282320487804
83300000	83349999	0.49862848110243907	0.5350555112000001	-0.036427030097560986
83350000	83399999	0.503869665892683	0.5350555112000001	-0.03118584530731705
83400000	83449999	0.5031578936243903	0.5350555112000001	-0.031897617575609716
83450000	83499999	0.5018452200634147	0.5350555112000001	-0.03321029113658536
83500000	83549999	0.4996175907048781	0.5350555112000001	-0.035437920495121955
83550000	83599999	0.5017239862390245	0.5350555112000001	-0.03333152496097558
83600000	83649999	0.5072735182780488	0.5350555112000001	-0.02778199292195127
83650000	83699999	0.5146720033341464	0.5350555112000001	-0.020383507865853634
83700000	83749999	0.5116282717829269	0.5350555112000001	-0.023427239417073142
83750000	83799999	0.5240331913317073	0.5350555112000001	-0.011022319868292718
83800000	83849999	0.5323952331341464	0.5350555112000001	-0.0026602780658536718
83850000	83899999	0.5349323750048781	0.5350555112000001	-0.0001231361951219423
83900000	83949999	0.5372079465536586	0.5350555112000001	0.0021524353536584995
83950000	83999999	0.5431559782268294	0.5350555112000001	0.008100467026829317
84000000	84049999	0.5445716463048781	0.5350555112000001	0.009516135104878032
84050000	84099999	0.5476663206804878	0.5350555112000001	0.012610809480487761
84100000	84149999	0.5500398105414634	0.5350555112000001	0.014984299341463392
84150000	84199999	0.5485335236292683	0.5350555112000001	0.013478012429268271
84200000	84249999	0.559182676695122	0.5350555112000001	0.02412716549512195
84250000	84299999	0.5672059334878049	0.5350555112000001	0.03215042228780485
84300000	84349999	0.5720401225341464	0.5350555112000001	0.03698461133414632
84350000	84399999	0.5716415268390245	0.5350555112000001	0.036586015639024416
84400000	84449999	0.5758847861243903	0.5350555112000001	0.04082927492439026
84450000	84499999	0.5823823080097561	0.5350555112000001	0.047326796809756044
84500000	84549999	0.5895106522414635	0.5350555112000001	0.05445514104146343
84550000	84599999	0.5935813455926829	0.5350555112000001	0.058525834392682885
84600000	84649999	0.5970068948829269	0.5350555112000001	0.06195138368292685
84650000	84699999	0.6018337066243903	0.5350555112000001	0.06677819542439023
84700000	84749999	0.6053514049512195	0.5350555112000001	0.07029589375121947
84750000	84799999	0.613576362990244	0.5350555112000001	0.07852085179024393
84800000	84849999	0.6189149525756098	0.5350555112000001	0.08385944137560974
84850000	84899999	0.617263457985366	0.5350555112000001	0.08220794678536592
84900000	84949999	0.6153336276829269	0.5350555112000001	0.08027811648292682
84950000	84999999	0.6122105413317074	0.5350555112000001	0.07715503013170733
85000000	85049999	0.6127403789756098	0.5350555112000001	0.07768486777560979
85050000	85099999	0.6130689299634147	0.5350555112000001	0.07801341876341461
85100000	85149999	0.6132618379731708	0.5350555112000001	0.07820632677317074
85150000	85199999	0.6090883315170732	0.5350555112000001	0.07403282031707314
85200000	85249999	0.611035811095122	0.5350555112000001	0.0759802998951219
85250000	85299999	0.6059717873365854	0.5350555112000001	0.07091627613658535
85300000	85349999	0.6035460352048782	0.5350555112000001	0.0684905240048781
85350000	85399999	0.606052062190244	0.5350555112000001	0.07099655099024393
85400000	85449999	0.6109480553634147	0.5350555112000001	0.07589254416341462
85450000	85499999	0.6135235566829269	0.5350555112000001	0.07846804548292685
85500000	85549999	0.616675111602439	0.5350555112000001	0.08161960040243899
85550000	85599999	0.6179624322292684	0.5350555112000001	0.08290692102926833
85600000	85649999	0.6254480925097562	0.5350555112000001	0.09039258130975614
85650000	85699999	0.6419873809414635	0.5350555112000001	0.1069318697414634
85700000	85749999	0.6398699378219513	0.5350555112000001	0.10481442662195128
85750000	85799999	0.639807958292683	0.5350555112000001	0.10475244709268294
85800000	85849999	0.6434135256560977	0.5350555112000001	0.1083580144560976
85850000	85899999	0.6392565314121952	0.5350555112000001	0.10420102021219513
85900000	85949999	0.6338103089170732	0.5350555112000001	0.09875479771707318
85950000	85999999	0.6222094853365854	0.5350555112000001	0.08715397413658532
86000000	86049999	0.609569052395122	0.5350555112000001	0.07451354119512199
86050000	86099999	0.5998615540487806	0.5350555112000001	0.06480604284878055
86100000	86149999	0.5988957466804878	0.5350555112000001	0.06384023548048778
86150000	86199999	0.5851794058048781	0.5350555112000001	0.050123894604878094
86200000	86249999	0.5657009256780489	0.5350555112000001	0.030645414478048805
86250000	86299999	0.5452304204048781	0.5350555112000001	0.010174909204878069
86300000	86349999	0.5278533936268294	0.5350555112000001	-0.0072021175731706855
86350000	86399999	0.5181054378585367	0.5350555112000001	-0.016950073341463368
86400000	86449999	0.5100977420463415	0.5350555112000001	-0.02495776915365855
86450000	86499999	0.49651763702439033	0.5350555112000001	-0.03853787417560972
86500000	86549999	0.4811392616560976	0.5350555112000001	-0.05391624954390245
86550000	86599999	0.4790346113829269	0.5350555112000001	-0.056020899817073144
86600000	86649999	0.4668431900707318	0.5350555112000001	-0.06821232112926828
86650000	86699999	0.44237561806585374	0.5350555112000001	-0.09267989313414632
86700000	86749999	0.4366607643585366	0.5350555112000001	-0.09839474684146343
86750000	86799999	0.42129483709268295	0.5350555112000001	-0.1137606741073171
86800000	86849999	0.40125237404878056	0.5350555112000001	-0.1338031371512195
86850000	86899999	0.3839028183804879	0.5350555112000001	-0.15115269281951216
86900000	86949999	0.36690549690243907	0.5350555112000001	-0.168150014297561
86950000	86999999	0.3520573999073171	0.5350555112000001	-0.18299811129268295
87000000	87049999	0.3397201480585366	0.5350555112000001	-0.19533536314146344
87050000	87099999	0.3215912016780489	0.5350555112000001	-0.21346430952195117
87100000	87149999	0.3021164059560976	0.5350555112000001	-0.23293910524390243
87150000	87199999	0.28652286445609765	0.5350555112000001	-0.2485326467439024
87200000	87249999	0.2754320384780488	0.5350555112000001	-0.25962347272195124
87250000	87299999	0.2555197136609757	0.5350555112000001	-0.27953579753902436
87300000	87349999	0.25253185762439034	0.5350555112000001	-0.2825236535756097
87350000	87399999	0.24640325405365865	0.5350555112000001	-0.2886522571463414
87400000	87449999	0.24434430768780496	0.5350555112000001	-0.2907112035121951
87450000	87499999	0.23223279042195133	0.5350555112000001	-0.3028227207780487
87500000	87549999	0.22949583668780493	0.5350555112000001	-0.3055596745121951
87550000	87599999	0.22802269126341473	0.5350555112000001	-0.3070328199365853
87600000	87649999	0.22711429254146343	0.5350555112000001	-0.30794121865853663
87650000	87699999	0.22166288146585378	0.5350555112000001	-0.3133926297341463
87700000	87749999	0.2022210215024391	0.5350555112000001	-0.33283448969756096
87750000	87799999	0.19551886947317082	0.5350555112000001	-0.33953664172682924
87800000	87849999	0.19425804410243908	0.5350555112000001	-0.340797467097561
87850000	87899999	0.19271521577073175	0.5350555112000001	-0.3423402954292683
87900000	87949999	0.1992503375195122	0.5350555112000001	-0.33580517368048785
87950000	87999999	0.2051091490268293	0.5350555112000001	-0.32994636217317075
88000000	88049999	0.21723570185609758	0.5350555112000001	-0.31781980934390247
88050000	88099999	0.2327810917121952	0.5350555112000001	-0.30227441948780487
88100000	88149999	0.2325155282195122	0.5350555112000001	-0.30253998298048784
88150000	88199999	0.23422619372682935	0.5350555112000001	-0.3008293174731707
88200000	88249999	0.2459825002365854	0.5350555112000001	-0.28907301096341464
88250000	88299999	0.26061147864634154	0.5350555112000001	-0.2744440325536585
88300000	88349999	0.2690195928390245	0.5350555112000001	-0.26603591836097557
88350000	88399999	0.2709750876341464	0.5350555112000001	-0.26408042356585365
88400000	88449999	0.2773009661634147	0.5350555112000001	-0.25775454503658535
88450000	88499999	0.28353215784146346	0.5350555112000001	-0.2515233533585366
88500000	88549999	0.28744591792682933	0.5350555112000001	-0.24760959327317072
88550000	88599999	0.2823725985292683	0.5350555112000001	-0.25268291267073173
88600000	88649999	0.26652710115365863	0.5350555112000001	-0.2685284100463414
88650000	88699999	0.2762980457463415	0.5350555112000001	-0.2587574654536586
88700000	88749999	0.30061005778292693	0.5350555112000001	-0.23444545341707312
88750000	88799999	0.30382719417560977	0.5350555112000001	-0.23122831702439028
88800000	88849999	0.3770311366097562	0.5350555112000001	-0.15802437459024388
88850000	88899999	0.40345901651463423	0.5350555112000001	-0.13159649468536583
88900000	88949999	0.3975456566390244	0.5350555112000001	-0.13750985456097564
88950000	88999999	0.3980243366243903	0.5350555112000001	-0.13703117457560976
89000000	89049999	0.4007863810365854	0.5350555112000001	-0.13426913016341463
89050000	89099999	0.40269047040000006	0.5350555112000001	-0.1323650408
89100000	89149999	0.4108632641536586	0.5350555112000001	-0.12419224704634146
89150000	89199999	0.40905628742926836	0.5350555112000001	-0.1259992237707317
89200000	89249999	0.409154573092683	0.5350555112000001	-0.12590093810731706
89250000	89299999	0.4028717300731708	0.5350555112000001	-0.13218378112682927
89300000	89349999	0.3897520982756098	0.5350555112000001	-0.14530341292439025
89350000	89399999	0.374260504392683	0.5350555112000001	-0.16079500680731706
89400000	89449999	0.3845045579024391	0.5350555112000001	-0.15055095329756096
89450000	89499999	0.3945158219609756	0.5350555112000001	-0.14053968923902443
89500000	89549999	0.3760957383317074	0.5350555112000001	-0.15895977286829266
89550000	89599999	0.3801491012585366	0.5350555112000001	-0.15490640994146343
89600000	89649999	0.38199269984146345	0.5350555112000001	-0.1530628113585366
89650000	89699999	0.38574029788292685	0.5350555112000001	-0.1493152133170732
89700000	89749999	0.386947224602439	0.5350555112000001	-0.14810828659756103
89750000	89799999	0.3900757958073171	0.5350555112000001	-0.14497971539268295
89800000	89849999	0.39444777395121955	0.5350555112000001	-0.1406077372487805
89850000	89899999	0.3968009197439025	0.5350555112000001	-0.13825459145609753
89900000	89949999	0.3879469796365854	0.5350555112000001	-0.14710853156341464
89950000	89999999	0.38263489772195125	0.5350555112000001	-0.1524206134780488
90000000	90049999	0.3806326691365854	0.5350555112000001	-0.15442284206341467
90050000	90099999	0.3778410217682927	0.5350555112000001	-0.15721448943170735
90100000	90149999	0.36904429318780496	0.5350555112000001	-0.1660112180121951
90150000	90199999	0.37676333716341465	0.5350555112000001	-0.1582921740365854
90200000	90249999	0.37546100657560977	0.5350555112000001	-0.1595945046243903
90250000	90299999	0.37492387518536585	0.5350555112000001	-0.1601316360146342
90300000	90349999	0.3795497946073171	0.5350555112000001	-0.15550571659268297
90350000	90399999	0.38753766143414636	0.5350555112000001	-0.1475178497658537
90400000	90449999	0.3990737113585366	0.5350555112000001	-0.13598179984146347
90450000	90499999	0.40331059648048784	0.5350555112000001	-0.13174491471951222
90500000	90549999	0.4092636672463415	0.5350555112000001	-0.12579184395365856
90550000	90599999	0.4019160020829269	0.5350555112000001	-0.13313950911707317
90600000	90649999	0.41568919885365857	0.5350555112000001	-0.11936631234634149
90650000	90699999	0.44718407544146344	0.5350555112000001	-0.08787143575853662
90700000	90749999	0.44503363755365855	0.5350555112000001	-0.09002187364634151
90750000	90799999	0.49802366038780493	0.5350555112000001	-0.03703185081219512
90800000	90849999	0.5437115692463415	0.5350555112000001	0.008656058046341397
90850000	90899999	0.4905610376170732	0.5350555112000001	-0.04449447358292685
90900000	90949999	0.4685045275731708	0.5350555112000001	-0.06655098362682926
90950000	90999999	0.4844987450536586	0.5350555112000001	-0.05055676614634147
91000000	91049999	0.5015674369829269	0.5350555112000001	-0.033488074217073116
91050000	91099999	0.566888783990244	0.5350555112000001	0.03183327279024395
91100000	91149999	0.6113404920707317	0.5350555112000001	0.07628498087073166
91150000	91199999	0.630389745090244	0.5350555112000001	0.09533423389024398
91200000	91249999	0.6261447322243903	0.5350555112000001	0.09108922102439021
91250000	91299999	0.7855494928853659	0.5350555112000001	0.25049398168536585
91300000	91349999	0.907505324390244	0.5350555112000001	0.37244981319024395
91350000	91399999	0.9318182957731709	0.5350555112000001	0.3967627845731708
91400000	91449999	0.9483645877268293	0.5350555112000001	0.41330907652682924
91450000	91499999	0.9375593142463415	0.5350555112000001	0.4025038030463415
91500000	91549999	0.929688481404878	0.5350555112000001	0.394632970204878
91550000	91599999	0.9538292518414635	0.5350555112000001	0.41877374064146344
91600000	91649999	0.9538292518414635	0.5350555112000001	0.41877374064146344
91650000	91699999	0.9538292518414635	0.5350555112000001	0.41877374064146344
91700000	91749999	0.9538292518414635	0.5350555112000001	0.41877374064146344
91750000	91799999	0.9538292518414635	0.5350555112000001	0.41877374064146344
91800000	91849999	0.9538292518414635	0.5350555112000001	0.41877374064146344
91850000	91899999	0.9538292518414635	0.5350555112000001	0.41877374064146344
91900000	91949999	0.9538292518414635	0.5350555112000001	0.41877374064146344
91950000	91999999	0.9538292518414635	0.5350555112000001	0.41877374064146344
92000000	92049999	0.9538292518414635	0.5350555112000001	0.41877374064146344
92050000	92099999	0.9538292518414635	0.5350555112000001	0.41877374064146344
92100000	92149999	0.9538292518414635	0.5350555112000001	0.41877374064146344
92150000	92199999	0.9538292518414635	0.5350555112000001	0.41877374064146344
92200000	92249999	0.9538292518414635	0.5350555112000001	0.41877374064146344
92250000	92299999	0.9538292518414635	0.5350555112000001	0.41877374064146344
92300000	92349999	0.9538292518414635	0.5350555112000001	0.41877374064146344
92350000	92399999	0.9538292518414635	0.5350555112000001	0.41877374064146344
92400000	92449999	0.9538292518414635	0.5350555112000001	0.41877374064146344
92450000	92499999	0.9538292518414635	0.5350555112000001	0.41877374064146344
92500000	92549999	0.9538292518414635	0.5350555112000001	0.41877374064146344
92550000	92599999	0.9538292518414635	0.5350555112000001	0.41877374064146344
92600000	92649999	0.9719219155487806	0.5350555112000001	0.43686640434878055
92650000	92699999	0.976674472985366	0.5350555112000001	0.44161896178536597
92700000	92749999	0.962585523792683	0.5350555112000001	0.427530012592683
92750000	92799999	0.9647359616804878	0.5350555112000001	0.42968045048048775
92800000	92849999	0.9117459388463416	0.5350555112000001	0.37669042764634153
92850000	92899999	0.8660580299878049	0.5350555112000001	0.33100251878780484
92900000	92949999	0.8551119035146342	0.5350555112000001	0.3200563923146341
92950000	92999999	0.865259893997561	0.5350555112000001	0.3302043827975609
93000000	93049999	0.8679581003682928	0.5350555112000001	0.33290258916829274
93050000	93099999	0.867231663292683	0.5350555112000001	0.3321761520926829
93100000	93149999	0.8121213720390245	0.5350555112000001	0.2770658608390244
93150000	93199999	0.777389255804878	0.5350555112000001	0.242333744604878
93200000	93249999	0.7694484543707318	0.5350555112000001	0.23439294317073178
93250000	93299999	0.7897225568487805	0.5350555112000001	0.2546670456487804
93300000	93349999	0.6409235551243904	0.5350555112000001	0.10586804392439031
93350000	93399999	0.5350555112000001	0.5350555112000001	0.0
93400000	93449999	0.5350555112000001	0.5350555112000001	0.0
93450000	93499999	0.5350555112000001	0.5350555112000001	0.0
93500000	93549999	0.5350555112000001	0.5350555112000001	0.0
93550000	93599999	0.5350555112000001	0.5350555112000001	0.0
93600000	93649999	0.5350555112000001	0.5350555112000001	0.0
93650000	93699999	0.5350555112000001	0.5350555112000001	0.0
93700000	93749999	0.5350555112000001	0.5350555112000001	0.0
93750000	93799999	0.5350555112000001	0.5350555112000001	0.0
93800000	93849999	0.5350555112000001	0.5350555112000001	0.0
93850000	93899999	0.5350555112000001	0.5350555112000001	0.0
93900000	93949999	0.5350555112000001	0.5350555112000001	0.0
93950000	93999999	0.5350555112000001	0.5350555112000001	0.0
94000000	94049999	0.5350555112000001	0.5350555112000001	0.0
94050000	94099999	0.5350555112000001	0.5350555112000001	0.0
94100000	94149999	0.5350555112000001	0.5350555112000001	0.0
94150000	94199999	0.5350555112000001	0.5350555112000001	0.0
94200000	94249999	0.5350555112000001	0.5350555112000001	0.0
94250000	94299999	0.5350555112000001	0.5350555112000001	0.0
94300000	94349999	0.5221393228170732	0.5350555112000001	-0.012916188382926852
94350000	94399999	0.5485406607853659	0.5350555112000001	0.013485149585365841
94400000	94449999	0.5426621790487806	0.5350555112000001	0.007606667848780502
94450000	94499999	0.5751491482756098	0.5350555112000001	0.040093637075609756
94500000	94549999	0.5661430679731708	0.5350555112000001	0.031087556773170766
94550000	94599999	0.561558341787805	0.5350555112000001	0.026502830587804893
94600000	94649999	0.5539593490439025	0.5350555112000001	0.018903837843902482
94650000	94699999	0.5462870954780489	0.5350555112000001	0.011231584278048823
94700000	94749999	0.5375422359560976	0.5350555112000001	0.002486724756097569
94750000	94799999	0.5354090945853659	0.5350555112000001	0.000353583385365841
94800000	94849999	0.5331388615975611	0.5350555112000001	-0.00191664960243898
94850000	94899999	0.5280638634658538	0.5350555112000001	-0.006991647734146289
94900000	94949999	0.5213139654560976	0.5350555112000001	-0.013741545743902406
94950000	94999999	0.5157719333439025	0.5350555112000001	-0.019283577856097578
95000000	95049999	0.5082193956268294	0.5350555112000001	-0.02683611557317067
95050000	95099999	0.4999630898634147	0.5350555112000001	-0.035092421336585355
95100000	95149999	0.4793205851439025	0.5350555112000001	-0.055734926056097533
95150000	95199999	0.47750769994878056	0.5350555112000001	-0.057547811251219494
95200000	95249999	0.48126822432195127	0.5350555112000001	-0.05378728687804879
95250000	95299999	0.46314483215609764	0.5350555112000001	-0.07191067904390241
95300000	95349999	0.45422020587560985	0.5350555112000001	-0.0808353053243902
95350000	95399999	0.4510346595317074	0.5350555112000001	-0.08402085166829265
95400000	95449999	0.4444309188804879	0.5350555112000001	-0.09062459231951214
95450000	95499999	0.43825207523414644	0.5350555112000001	-0.09680343596585361
95500000	95549999	0.47023691860000005	0.5350555112000001	-0.0648185926
95550000	95599999	0.5355085526414635	0.5350555112000001	0.00045304144146340874
95600000	95649999	0.5906646490195122	0.5350555112000001	0.055609137819512156
95650000	95699999	0.5858718790682927	0.5350555112000001	0.05081636786829269
95700000	95749999	0.5768380886097562	0.5350555112000001	0.041782577409756105
95750000	95799999	0.5767218637414635	0.5350555112000001	0.04166635254146345
95800000	95849999	0.5728641091243903	0.5350555112000001	0.037808597924390286
95850000	95899999	0.5778203063268293	0.5350555112000001	0.04276479512682929
95900000	95949999	0.5799749001829269	0.5350555112000001	0.0449193889829268
95950000	95999999	0.581653979397561	0.5350555112000001	0.04659846819756097
96000000	96049999	0.5816165029804878	0.5350555112000001	0.04656099178048778
96050000	96099999	0.5810734698170732	0.5350555112000001	0.04601795861707314
96100000	96149999	0.5775365934682928	0.5350555112000001	0.042481082268292725
96150000	96199999	0.5779009302195123	0.5350555112000001	0.04284541901951222
96200000	96249999	0.5756257793780488	0.5350555112000001	0.04057026817804876
96250000	96299999	0.5814354542536586	0.5350555112000001	0.04637994305365856
96300000	96349999	0.5819823149658537	0.5350555112000001	0.046926803765853675
96350000	96399999	0.5952005262926829	0.5350555112000001	0.060145015092682885
96400000	96449999	0.5714984339780489	0.5350555112000001	0.036442922778048836
96450000	96499999	0.5745780470853659	0.5350555112000001	0.039522535885365806
96500000	96549999	0.538752071392683	0.5350555112000001	0.0036965601926829406
96550000	96599999	0.5502818094073171	0.5350555112000001	0.015226298207317024
96600000	96649999	0.5540471311341464	0.5350555112000001	0.01899161993414633
96650000	96699999	0.567536227692683	0.5350555112000001	0.032480716492682915
96700000	96749999	0.5749320011682928	0.5350555112000001	0.03987648996829274
96750000	96799999	0.5896733117292683	0.5350555112000001	0.054617800529268234
96800000	96849999	0.6450470175121952	0.5350555112000001	0.10999150631219512
96850000	96899999	0.7058940585707317	0.5350555112000001	0.17083854737073167
96900000	96949999	0.6927578728707318	0.5350555112000001	0.1577023616707317
96950000	96999999	0.6777084806878049	0.5350555112000001	0.14265296948780481
97000000	97049999	0.6670118714756098	0.5350555112000001	0.13195636027560975
97050000	97099999	0.6535228020878049	0.5350555112000001	0.11846729088780483
97100000	97149999	0.6521355919707317	0.5350555112000001	0.11708008077073162
97150000	97199999	0.7241774279073171	0.5350555112000001	0.18912191670731704
97200000	97249999	0.7201369803707317	0.5350555112000001	0.18508146917073165
97250000	97299999	0.7159195827317073	0.5350555112000001	0.18086407153170725
97300000	97349999	0.7272994392878048	0.5350555112000001	0.19224392808780477
97350000	97399999	0.7351941960634147	0.5350555112000001	0.20013868486341468
97400000	97449999	0.7449237158780488	0.5350555112000001	0.2098682046780488
97450000	97499999	0.757432110492683	0.5350555112000001	0.22237659929268294
97500000	97549999	0.7781129091317074	0.5350555112000001	0.24305739793170733
97550000	97599999	0.759087254097561	0.5350555112000001	0.2240317428975609
97600000	97649999	0.6938182408707317	0.5350555112000001	0.15876272967073168
97650000	97699999	0.6390351800487806	0.5350555112000001	0.10397966884878052
97700000	97749999	0.6452612906853659	0.5350555112000001	0.1102057794853658
97750000	97799999	0.6486175599463415	0.5350555112000001	0.11356204874634146
97800000	97849999	0.6471706356682927	0.5350555112000001	0.11211512446829264
97850000	97899999	0.6458837838634147	0.5350555112000001	0.11082827266341466
97900000	97949999	0.634864413502439	0.5350555112000001	0.099808902302439
97950000	97999999	0.6287293535951219	0.5350555112000001	0.09367384239512189
98000000	98049999	0.6266331299317074	0.5350555112000001	0.09157761873170733
98050000	98099999	0.623405170187805	0.5350555112000001	0.08834965898780489
98100000	98149999	0.6221322979048781	0.5350555112000001	0.08707678670487806
98150000	98199999	0.6274225257682927	0.5350555112000001	0.09236701456829266
98200000	98249999	0.6282296216000001	0.5350555112000001	0.09317411040000001
98250000	98299999	0.6372913174219512	0.5350555112000001	0.10223580622195116
98300000	98349999	0.6285205706731708	0.5350555112000001	0.09346505947317074
98350000	98399999	0.6238264647317073	0.5350555112000001	0.08877095353170728
98400000	98449999	0.616784270987805	0.5350555112000001	0.08172875978780492
98450000	98499999	0.6119000073658537	0.5350555112000001	0.07684449616585365
98500000	98549999	0.6091235103536586	0.5350555112000001	0.07406799915365858
98550000	98599999	0.6098128352658537	0.5350555112000001	0.07475732406585367
98600000	98649999	0.614460361992683	0.5350555112000001	0.07940485079268289
98650000	98699999	0.630586806197561	0.5350555112000001	0.09553129499756097
98700000	98749999	0.6376224912219512	0.5350555112000001	0.10256698002195119
98750000	98799999	0.6436536384804878	0.5350555112000001	0.10859812728048779
98800000	98849999	0.6428742883439025	0.5350555112000001	0.10781877714390242
98850000	98899999	0.5859696549512196	0.5350555112000001	0.0509141437512195
98900000	98949999	0.5262132723414635	0.5350555112000001	-0.008842238858536522
98950000	98999999	0.5505241959097562	0.5350555112000001	0.015468684709756153
99000000	99049999	0.5767904955780488	0.5350555112000001	0.04173498437804879
99050000	99099999	0.6017438894365854	0.5350555112000001	0.06668837823658536
99100000	99149999	0.6173115973585367	0.5350555112000001	0.08225608615853663
99150000	99199999	0.6254966431317074	0.5350555112000001	0.09044113193170733
99200000	99249999	0.5711919490024391	0.5350555112000001	0.036136437802439025
99250000	99299999	0.5758251887902439	0.5350555112000001	0.04076967759024386
99300000	99349999	0.5752829584219513	0.5350555112000001	0.04022744722195126
99350000	99399999	0.5863217098609756	0.5350555112000001	0.05126619866097559
99400000	99449999	0.5883895756804879	0.5350555112000001	0.05333406448048783
99450000	99499999	0.5829225525731708	0.5350555112000001	0.04786704137317077
99500000	99549999	0.5763279122292684	0.5350555112000001	0.041272401029268324
99550000	99599999	0.5613698006097562	0.5350555112000001	0.02631428940975611
99600000	99649999	0.5465429001292683	0.5350555112000001	0.01148738892926826
99650000	99699999	0.5454992910121952	0.5350555112000001	0.01044377981219513
99700000	99749999	0.5373320795268293	0.5350555112000001	0.002276568326829209
99750000	99799999	0.5315590151292683	0.5350555112000001	-0.0034964960707317694
99800000	99849999	0.5367868130707317	0.5350555112000001	0.0017313018707316719
99850000	99899999	0.5349431872170732	0.5350555112000001	-0.00011232398292682078
99900000	99949999	0.541986730395122	0.5350555112000001	0.006931219195121963
99950000	99999999	0.5475438334365854	0.5350555112000001	0.012488322236585359
100000000	100049999	0.5500228041878049	0.5350555112000001	0.014967292987804859
100050000	100099999	0.5517731230609757	0.5350555112000001	0.016717611860975645
100100000	100149999	0.554484285095122	0.5350555112000001	0.019428773895121987
100150000	100199999	0.5572507764756098	0.5350555112000001	0.022195265275609777
100200000	100249999	0.5528465943682928	0.5350555112000001	0.0177910831682927
100250000	100299999	0.5479459016341464	0.5350555112000001	0.012890390434146304
100300000	100349999	0.5375309262609756	0.5350555112000001	0.0024754150609755943
100350000	100399999	0.5374279771292684	0.5350555112000001	0.0023724659292683192
100400000	100449999	0.5361306334414635	0.5350555112000001	0.0010751222414634443
100450000	100499999	0.5406753723341464	0.5350555112000001	0.0056198611341463645
100500000	100549999	0.5434786090195123	0.5350555112000001	0.008423097819512226
100550000	100599999	0.5452990484170732	0.5350555112000001	0.010243537217073162
100600000	100649999	0.5462508640439024	0.5350555112000001	0.011195352843902384
100650000	100699999	0.5351762943609757	0.5350555112000001	0.0001207831609756349
100700000	100749999	0.5191659932146342	0.5350555112000001	-0.015889517985365864
100750000	100799999	0.5058205284853659	0.5350555112000001	-0.029234982714634206
100800000	100849999	0.5020672033634147	0.5350555112000001	-0.03298830783658535
100850000	100899999	0.49872170798048787	0.5350555112000001	-0.036333803219512184
100900000	100949999	0.504756831690244	0.5350555112000001	-0.030298679509756066
100950000	100999999	0.5065900847439024	0.5350555112000001	-0.02846542645609762
101000000	101049999	0.5005717665219512	0.5350555112000001	-0.03448374467804882
101050000	101099999	0.4917074494439025	0.5350555112000001	-0.04334806175609757
101100000	101149999	0.4810753837780488	0.5350555112000001	-0.05398012742195124
101150000	101199999	0.4880128746634147	0.5350555112000001	-0.04704263653658536
101200000	101249999	0.48983314679268297	0.5350555112000001	-0.045222364407317084
101250000	101299999	0.4935630500585366	0.5350555112000001	-0.04149246114146343
101300000	101349999	0.4958366006365854	0.5350555112000001	-0.039218910563414644
101350000	101399999	0.4960504766609757	0.5350555112000001	-0.039005034539024375
101400000	101449999	0.4997359037414635	0.5350555112000001	-0.03531960745853657
101450000	101499999	0.507816826992683	0.5350555112000001	-0.02723868420731701
101500000	101549999	0.5125527557682927	0.5350555112000001	-0.022502755431707322
101550000	101599999	0.5086269214439025	0.5350555112000001	-0.02642858975609752
101600000	101649999	0.509834743897561	0.5350555112000001	-0.02522076730243905
101650000	101699999	0.5157378523560976	0.5350555112000001	-0.019317658843902463
101700000	101749999	0.5228294956682927	0.5350555112000001	-0.012226015531707324
101750000	101799999	0.5325316973097561	0.5350555112000001	-0.00252381389024392
101800000	101849999	0.5426656821853659	0.5350555112000001	0.007610170985365872
101850000	101899999	0.541759418390244	0.5350555112000001	0.006703907190243941
101900000	101949999	0.5568979537707318	0.5350555112000001	0.021842442570731757
101950000	101999999	0.5628817505487805	0.5350555112000001	0.02782623934878048
102000000	102049999	0.5811683078804879	0.5350555112000001	0.046112796680487844
102050000	102099999	0.5917693467317073	0.5350555112000001	0.05671383553170728
102100000	102149999	0.5920727989902439	0.5350555112000001	0.05701728779024384
102150000	102199999	0.5913946277414635	0.5350555112000001	0.0563391165414634
102200000	102249999	0.5962951273	0.5350555112000001	0.06123961609999995
102250000	102299999	0.6019331955121952	0.5350555112000001	0.0668776843121951
102300000	102349999	0.6090095232609757	0.5350555112000001	0.07395401206097563
102350000	102399999	0.6225031286975611	0.5350555112000001	0.08744761749756103
102400000	102449999	0.6265399326829268	0.5350555112000001	0.09148442148292679
102450000	102499999	0.6274791199731707	0.5350555112000001	0.09242360877317068
102500000	102549999	0.6266042195634147	0.5350555112000001	0.09154870836341467
102550000	102599999	0.625314056087805	0.5350555112000001	0.09025854488780494
102600000	102649999	0.6294353690268293	0.5350555112000001	0.09437985782682923
102650000	102699999	0.6285282685975611	0.5350555112000001	0.093472757397561
102700000	102749999	0.6334594692804878	0.5350555112000001	0.09840395808048774
102750000	102799999	0.6278716100243903	0.5350555112000001	0.09281609882439024
102800000	102849999	0.6219396060390244	0.5350555112000001	0.08688409483902437
102850000	102899999	0.6178573452975611	0.5350555112000001	0.08280183409756103
102900000	102949999	0.6168734798756098	0.5350555112000001	0.08181796867560975
102950000	102999999	0.6176738766268293	0.5350555112000001	0.08261836542682921
103000000	103049999	0.6192043298780489	0.5350555112000001	0.0841488186780488
103050000	103099999	0.6246776010390245	0.5350555112000001	0.08962208983902442
103100000	103149999	0.6318300300707318	0.5350555112000001	0.09677451887073174
103150000	103199999	0.635354712492683	0.5350555112000001	0.100299201292683
103200000	103249999	0.6370272773902439	0.5350555112000001	0.10197176619024384
103250000	103299999	0.639120042995122	0.5350555112000001	0.10406453179512198
103300000	103349999	0.6361002897268293	0.5350555112000001	0.10104477852682925
103350000	103399999	0.6320882503243903	0.5350555112000001	0.09703273912439025
103400000	103449999	0.6289366091146342	0.5350555112000001	0.09388109791463417
103450000	103499999	0.6190869275731707	0.5350555112000001	0.08403141637317069
103500000	103549999	0.6118720440000001	0.5350555112000001	0.0768165328
103550000	103599999	0.6042428809878049	0.5350555112000001	0.06918736978780482
103600000	103649999	0.6064174364317073	0.5350555112000001	0.07136192523170726
103650000	103699999	0.6061606919682927	0.5350555112000001	0.07110518076829264
103700000	103749999	0.6004825824512195	0.5350555112000001	0.06542707125121949
103750000	103799999	0.589088411597561	0.5350555112000001	0.05403290039756092
103800000	103849999	0.5849340025048781	0.5350555112000001	0.04987849130487809
103850000	103899999	0.5769654728292684	0.5350555112000001	0.0419099616292683
103900000	103949999	0.5744406808560976	0.5350555112000001	0.03938516965609751
103950000	103999999	0.5567247445439025	0.5350555112000001	0.021669233343902472
104000000	104049999	0.5420436136024391	0.5350555112000001	0.006988102402439078
104050000	104099999	0.5247108497121952	0.5350555112000001	-0.010344661487804885
104100000	104149999	0.5117662977365854	0.5350555112000001	-0.023289213463414615
104150000	104199999	0.5024281402414634	0.5350555112000001	-0.03262737095853663
104200000	104249999	0.5025364087073171	0.5350555112000001	-0.03251910249268297
104250000	104299999	0.49200438963658544	0.5350555112000001	-0.04305112156341462
104300000	104349999	0.4833816322219513	0.5350555112000001	-0.05167387897804876
104350000	104399999	0.4742612509634147	0.5350555112000001	-0.06079426023658535
104400000	104449999	0.45812225918292687	0.5350555112000001	-0.07693325201707318
104450000	104499999	0.44757613661707324	0.5350555112000001	-0.08747937458292682
104500000	104549999	0.44947482464634153	0.5350555112000001	-0.08558068655365852
104550000	104599999	0.4520437441853659	0.5350555112000001	-0.08301176701463414
104600000	104649999	0.4548074823219513	0.5350555112000001	-0.08024802887804877
104650000	104699999	0.46666319228048786	0.5350555112000001	-0.0683923189195122
104700000	104749999	0.47451410521219517	0.5350555112000001	-0.060541405987804886
104750000	104799999	0.4707841328609757	0.5350555112000001	-0.06427137833902435
104800000	104849999	0.47275904439756106	0.5350555112000001	-0.062296466802439
104850000	104899999	0.4797381910146342	0.5350555112000001	-0.05531732018536584
104900000	104949999	0.4850984170048781	0.5350555112000001	-0.049957094195121954
104950000	104999999	0.4913903294804879	0.5350555112000001	-0.04366518171951217
105000000	105049999	0.492649841990244	0.5350555112000001	-0.04240566920975608
105050000	105099999	0.4974189512829269	0.5350555112000001	-0.037636559917073154
105100000	105149999	0.4945700589829269	0.5350555112000001	-0.04048545221707317
105150000	105199999	0.4916868462073171	0.5350555112000001	-0.04336866499268294
105200000	105249999	0.4929625609365854	0.5350555112000001	-0.04209295026341464
105250000	105299999	0.4911002119390244	0.5350555112000001	-0.04395529926097563
105300000	105349999	0.4914420307707318	0.5350555112000001	-0.04361348042926827
105350000	105399999	0.49091568084390247	0.5350555112000001	-0.04413983035609759
105400000	105449999	0.4960220051195123	0.5350555112000001	-0.03903350608048778
105450000	105499999	0.5024631648146343	0.5350555112000001	-0.03259234638536579
105500000	105549999	0.5017626550560976	0.5350555112000001	-0.03329285614390243
105550000	105599999	0.498358454090244	0.5350555112000001	-0.03669705710975607
105600000	105649999	0.49601873135853664	0.5350555112000001	-0.03903677984146342
105650000	105699999	0.49381667593902445	0.5350555112000001	-0.041238835260975604
105700000	105749999	0.4889383058560976	0.5350555112000001	-0.046117205343902457
105750000	105799999	0.4855456159146342	0.5350555112000001	-0.04950989528536587
105800000	105849999	0.49003623759024395	0.5350555112000001	-0.045019273609756105
105850000	105899999	0.48851726411707325	0.5350555112000001	-0.04653824708292681
105900000	105949999	0.48627448944878054	0.5350555112000001	-0.04878102175121951
105950000	105999999	0.4846896744878049	0.5350555112000001	-0.05036583671219513
106000000	106049999	0.5008934247585366	0.5350555112000001	-0.03416208644146346
106050000	106099999	0.5102884519268294	0.5350555112000001	-0.02476705927317069
106100000	106149999	0.5004818800341464	0.5350555112000001	-0.03457363116585366
106150000	106199999	0.497562300895122	0.5350555112000001	-0.037493210304878066
106200000	106249999	0.5018506145292684	0.5350555112000001	-0.033204896670731676
106250000	106299999	0.49940196792682934	0.5350555112000001	-0.03565354327317072
106300000	106349999	0.49561485971951225	0.5350555112000001	-0.03944065148048781
106350000	106399999	0.49327382180975615	0.5350555112000001	-0.041781689390243903
106400000	106449999	0.4930119589170732	0.5350555112000001	-0.04204355228292683
106450000	106499999	0.4900874990097562	0.5350555112000001	-0.04496801219024388
106500000	106549999	0.48863546951219516	0.5350555112000001	-0.04642004168780489
106550000	106599999	0.4843593698878049	0.5350555112000001	-0.05069614131219513
106600000	106649999	0.476672877192683	0.5350555112000001	-0.05838263400731708
106650000	106699999	0.4690443042634147	0.5350555112000001	-0.06601120693658535
106700000	106749999	0.45262826527560984	0.5350555112000001	-0.08242724592439021
106750000	106799999	0.4371027936121952	0.5350555112000001	-0.09795271758780488
106800000	106849999	0.4342180716780488	0.5350555112000001	-0.10083743952195123
106850000	106899999	0.4314446316048781	0.5350555112000001	-0.10361087959512194
106900000	106949999	0.42292481605121957	0.5350555112000001	-0.11213069514878049
106950000	106999999	0.4181895220243903	0.5350555112000001	-0.11686598917560975
107000000	107049999	0.40342035208536586	0.5350555112000001	-0.1316351591146342
107050000	107099999	0.39586914590243905	0.5350555112000001	-0.139186365297561
107100000	107149999	0.3831112690073171	0.5350555112000001	-0.15194424219268293
107150000	107199999	0.37227793895853667	0.5350555112000001	-0.1627775722414634
107200000	107249999	0.3737106756658537	0.5350555112000001	-0.16134483553414636
107250000	107299999	0.37068355454878055	0.5350555112000001	-0.1643719566512195
107300000	107349999	0.38201531755365864	0.5350555112000001	-0.15304019364634142
107350000	107399999	0.3826179365121952	0.5350555112000001	-0.15243757468780483
107400000	107449999	0.37624055881463425	0.5350555112000001	-0.1588149523853658
107450000	107499999	0.36242224691219516	0.5350555112000001	-0.1726332642878049
107500000	107549999	0.3539441594414635	0.5350555112000001	-0.18111135175853654
107550000	107599999	0.3540815041829269	0.5350555112000001	-0.18097400701707317
107600000	107649999	0.35060488821951225	0.5350555112000001	-0.1844506229804878
107650000	107699999	0.3519084991170732	0.5350555112000001	-0.18314701208292683
107700000	107749999	0.35506327980975616	0.5350555112000001	-0.1799922313902439
107750000	107799999	0.35914024730731714	0.5350555112000001	-0.17591526389268292
107800000	107849999	0.3624357785	0.5350555112000001	-0.17261973270000003
107850000	107899999	0.36400085508536595	0.5350555112000001	-0.1710546561146341
107900000	107949999	0.3675690690170732	0.5350555112000001	-0.16748644218292685
107950000	107999999	0.37668401737560986	0.5350555112000001	-0.1583714938243902
108000000	108049999	0.3852701106121952	0.5350555112000001	-0.14978540058780487
108050000	108099999	0.38364980456829273	0.5350555112000001	-0.15140570663170733
108100000	108149999	0.39444864234390253	0.5350555112000001	-0.14060686885609752
108150000	108199999	0.40869817345121956	0.5350555112000001	-0.1263573377487805
108200000	108249999	0.4199466913829269	0.5350555112000001	-0.11510881981707316
108250000	108299999	0.42721376362926833	0.5350555112000001	-0.10784174757073173
108300000	108349999	0.43845016154634153	0.5350555112000001	-0.09660534965365852
108350000	108399999	0.46033795463170735	0.5350555112000001	-0.07471755656829271
108400000	108449999	0.47237712441951224	0.5350555112000001	-0.06267838678048782
108450000	108499999	0.48767391149268297	0.5350555112000001	-0.04738159970731709
108500000	108549999	0.49167785206829273	0.5350555112000001	-0.043377659131707325
108550000	108599999	0.49892814954878056	0.5350555112000001	-0.03612736165121949
108600000	108649999	0.5024523228756098	0.5350555112000001	-0.03260318832439024
108650000	108699999	0.5040150097292684	0.5350555112000001	-0.031040501470731674
108700000	108749999	0.5032705169585366	0.5350555112000001	-0.031784994241463416
108750000	108799999	0.5031838376609756	0.5350555112000001	-0.031871673539024425
108800000	108849999	0.5109448833804878	0.5350555112000001	-0.02411062781951223
108850000	108899999	0.5133060777073172	0.5350555112000001	-0.02174943349268288
108900000	108949999	0.513006181895122	0.5350555112000001	-0.022049329304878018
108950000	108999999	0.5152762491146342	0.5350555112000001	-0.019779262085365845
109000000	109049999	0.5122720756097562	0.5350555112000001	-0.022783435590243872
109050000	109099999	0.513190853892683	0.5350555112000001	-0.021864657307317015
109100000	109149999	0.5341843742487805	0.5350555112000001	-0.0008711369512195422
109150000	109199999	0.5399890100853659	0.5350555112000001	0.004933498885365872
109200000	109249999	0.5481165397585367	0.5350555112000001	0.013061028558536636
109250000	109299999	0.5362647634731708	0.5350555112000001	0.0012092522731707023
109300000	109349999	0.5351988505121952	0.5350555112000001	0.0001433393121951232
109350000	109399999	0.5146185427829268	0.5350555112000001	-0.02043696841707321
109400000	109449999	0.5030482723585367	0.5350555112000001	-0.03200723884146339
109450000	109499999	0.5040172105146342	0.5350555112000001	-0.03103830068536584
109500000	109549999	0.4944022211439025	0.5350555112000001	-0.04065329005609758
109550000	109599999	0.4763368228439025	0.5350555112000001	-0.05871868835609756
109600000	109649999	0.4554983619487806	0.5350555112000001	-0.07955714925121948
109650000	109699999	0.43653240511707325	0.5350555112000001	-0.0985231060829268
109700000	109749999	0.416290396192683	0.5350555112000001	-0.11876511500731707
109750000	109799999	0.39586002721219515	0.5350555112000001	-0.1391954839878049
109800000	109849999	0.3743039331170732	0.5350555112000001	-0.16075157808292684
109850000	109899999	0.36506253732682936	0.5350555112000001	-0.1699929738731707
109900000	109949999	0.3599988619707317	0.5350555112000001	-0.17505664922926834
109950000	109999999	0.3555458012048781	0.5350555112000001	-0.17950970999512195
110000000	110049999	0.33002968418780493	0.5350555112000001	-0.20502582701219513
110050000	110099999	0.3051642169536586	0.5350555112000001	-0.22989129424634147
110100000	110149999	0.27621143831463424	0.5350555112000001	-0.2588440728853658
110150000	110199999	0.24024643065853662	0.5350555112000001	-0.29480908054146343
110200000	110249999	0.21173230664146347	0.5350555112000001	-0.3233232045585366
110250000	110299999	0.18405614487317074	0.5350555112000001	-0.3509993663268293
110300000	110349999	0.1570471142073171	0.5350555112000001	-0.37800839699268296
110350000	110399999	0.13597553466585377	0.5350555112000001	-0.3990799765341463
110400000	110449999	0.12579831151219517	0.5350555112000001	-0.4092571996878049
110450000	110499999	0.11597675561463427	0.5350555112000001	-0.4190787555853658
110500000	110549999	0.10465857090731712	0.5350555112000001	-0.43039694029268294
110550000	110599999	0.10678080764146347	0.5350555112000001	-0.4282747035585366
110600000	110649999	0.10616801102682932	0.5350555112000001	-0.42888750017317073
110650000	110699999	0.1057236515195123	0.5350555112000001	-0.42933185968048776
110700000	110749999	0.11087890617317087	0.5350555112000001	-0.4241766050268292
110750000	110799999	0.1178693101097561	0.5350555112000001	-0.41718620109024396
110800000	110849999	0.1231556132829269	0.5350555112000001	-0.41189989791707315
110850000	110899999	0.12396365726829267	0.5350555112000001	-0.4110918539317074
110900000	110949999	0.12793920869512204	0.5350555112000001	-0.407116302504878
110950000	110999999	0.1366308248097562	0.5350555112000001	-0.39842468639024387
111000000	111049999	0.1321058633536587	0.5350555112000001	-0.40294964784634135
111050000	111099999	0.12112189849024396	0.5350555112000001	-0.4139336127097561
111100000	111149999	0.11816046960243914	0.5350555112000001	-0.4168950415975609
111150000	111199999	0.0928657263707317	0.5350555112000001	-0.44218978482926835
111200000	111249999	0.08459296614146355	0.5350555112000001	-0.4504625450585365
111250000	111299999	0.07997703640731718	0.5350555112000001	-0.4550784747926829
111300000	111349999	0.08041796988536598	0.5350555112000001	-0.4546375413146341
111350000	111399999	0.0769594328780488	0.5350555112000001	-0.45809607832195126
111400000	111449999	0.0798206578243903	0.5350555112000001	-0.45523485337560976
111450000	111499999	0.07920637125853675	0.5350555112000001	-0.4558491399414633
111500000	111549999	0.07923765801707328	0.5350555112000001	-0.4558178531829268
111550000	111599999	0.10238142892439034	0.5350555112000001	-0.4326740822756097
111600000	111649999	0.1366654892341464	0.5350555112000001	-0.39839002196585366
111650000	111699999	0.15857085241707325	0.5350555112000001	-0.3764846587829268
111700000	111749999	0.1888582600048781	0.5350555112000001	-0.34619725119512196
111750000	111799999	0.21612153670731715	0.5350555112000001	-0.3189339744926829
111800000	111849999	0.2402172772609757	0.5350555112000001	-0.29483823393902436
111850000	111899999	0.263303862997561	0.5350555112000001	-0.2717516482024391
111900000	111949999	0.2703232113390244	0.5350555112000001	-0.26473229986097563
111950000	111999999	0.28122624660243906	0.5350555112000001	-0.253829264597561
112000000	112049999	0.2910750780585366	0.5350555112000001	-0.24398043314146345
112050000	112099999	0.33345690219512203	0.5350555112000001	-0.20159860900487803
112100000	112149999	0.3640806108634147	0.5350555112000001	-0.17097490033658536
112150000	112199999	0.3936057317731708	0.5350555112000001	-0.14144977942682924
112200000	112249999	0.41944588168048785	0.5350555112000001	-0.1156096295195122
112250000	112299999	0.4506952646707318	0.5350555112000001	-0.08436024652926827
112300000	112349999	0.47965342810000006	0.5350555112000001	-0.0554020831
112350000	112399999	0.5105075113658537	0.5350555112000001	-0.02454799983414635
112400000	112449999	0.5313190363146342	0.5350555112000001	-0.0037364748853658813
112450000	112499999	0.531186716795122	0.5350555112000001	-0.0038687944048780842
112500000	112549999	0.5479214699268293	0.5350555112000001	0.012865958726829274
112550000	112599999	0.5539208050097562	0.5350555112000001	0.0188652938097561
112600000	112649999	0.559711575097561	0.5350555112000001	0.02465606389756092
112650000	112699999	0.568820206985366	0.5350555112000001	0.033764695785365895
112700000	112749999	0.5874285068756098	0.5350555112000001	0.05237299567560971
112750000	112799999	0.6041997226975611	0.5350555112000001	0.069144211497561
112800000	112849999	0.6102649581731707	0.5350555112000001	0.07520944697317067
112850000	112899999	0.6099411904048782	0.5350555112000001	0.0748856792048781
112900000	112949999	0.6086995697682928	0.5350555112000001	0.0736440585682927
112950000	112999999	0.6017519632390245	0.5350555112000001	0.06669645203902441
113000000	113049999	0.5983640833365854	0.5350555112000001	0.06330857213658536
113050000	113099999	0.609222753797561	0.5350555112000001	0.07416724259756091
113100000	113149999	0.6269689085536586	0.5350555112000001	0.09191339735365855
113150000	113199999	0.6478477030024391	0.5350555112000001	0.11279219180243905
113200000	113249999	0.6839846578707317	0.5350555112000001	0.14892914667073165
113250000	113299999	0.6972537954390244	0.5350555112000001	0.16219828423902438
113300000	113349999	0.7210896844439025	0.5350555112000001	0.18603417324390248
113350000	113399999	0.7306581061853659	0.5350555112000001	0.1956025949853658
113400000	113449999	0.7358492420146342	0.5350555112000001	0.20079373081463414
113450000	113499999	0.7477565687243903	0.5350555112000001	0.21270105752439028
113500000	113549999	0.759611301895122	0.5350555112000001	0.224555790695122
113550000	113599999	0.7679814939951219	0.5350555112000001	0.2329259827951219
113600000	113649999	0.7700719217780488	0.5350555112000001	0.23501641057804878
113650000	113699999	0.7757946076341464	0.5350555112000001	0.24073909643414637
113700000	113749999	0.7809163752707318	0.5350555112000001	0.2458608640707317
113750000	113799999	0.7689027157878049	0.5350555112000001	0.23384720458780484
113800000	113849999	0.7604851733243903	0.5350555112000001	0.2254296621243902
113850000	113899999	0.7511142540341464	0.5350555112000001	0.2160587428341464
113900000	113949999	0.7475111986121952	0.5350555112000001	0.21245568741219512
113950000	113999999	0.7470361361804878	0.5350555112000001	0.21198062498048775
114000000	114049999	0.7369610527414635	0.5350555112000001	0.20190554154146345
114050000	114099999	0.7258223568439025	0.5350555112000001	0.19076684564390245
114100000	114149999	0.6998830112048782	0.5350555112000001	0.1648275000048781
114150000	114199999	0.6827047196829269	0.5350555112000001	0.14764920848292684
114200000	114249999	0.6727753601634147	0.5350555112000001	0.1377198489634146
114250000	114299999	0.6628440684756098	0.5350555112000001	0.12778855727560978
114300000	114349999	0.6489805979829268	0.5350555112000001	0.11392508678292679
114350000	114399999	0.6420546861487806	0.5350555112000001	0.10699917494878053
114400000	114449999	0.6271334428829269	0.5350555112000001	0.09207793168292688
114450000	114499999	0.6144943573804879	0.5350555112000001	0.0794388461804878
114500000	114549999	0.6061243863268293	0.5350555112000001	0.07106887512682925
114550000	114599999	0.5855126475390244	0.5350555112000001	0.05045713633902438
114600000	114649999	0.5814107412439025	0.5350555112000001	0.04635523004390241
114650000	114699999	0.5732093435853659	0.5350555112000001	0.03815383238536585
114700000	114749999	0.5658283985585366	0.5350555112000001	0.03077288735853656
114750000	114799999	0.5446165992390244	0.5350555112000001	0.009561088039024335
114800000	114849999	0.526264807890244	0.5350555112000001	-0.008790703309756065
114850000	114899999	0.5134517212682927	0.5350555112000001	-0.021603789931707307
114900000	114949999	0.5052035778560976	0.5350555112000001	-0.02985193334390246
114950000	114999999	0.5030512043414634	0.5350555112000001	-0.03200430685853661
115000000	115049999	0.5051874689414635	0.5350555112000001	-0.029868042258536565
115050000	115099999	0.503184470995122	0.5350555112000001	-0.031871040204878076
115100000	115149999	0.4969880105219513	0.5350555112000001	-0.03806750067804876
115150000	115199999	0.4899015136195123	0.5350555112000001	-0.04515399758048777
115200000	115249999	0.47404377642439033	0.5350555112000001	-0.06101173477560973
115250000	115299999	0.44344812960243907	0.5350555112000001	-0.09160738159756099
115300000	115349999	0.4331612712243903	0.5350555112000001	-0.10189423997560976
115350000	115399999	0.4098437444536586	0.5350555112000001	-0.12521176674634144
115400000	115449999	0.40617199209024396	0.5350555112000001	-0.1288835191097561
115450000	115499999	0.40364879396829273	0.5350555112000001	-0.13140671723170733
115500000	115549999	0.3947151042268293	0.5350555112000001	-0.14034040697317074
115550000	115599999	0.3846913887487805	0.5350555112000001	-0.15036412245121955
115600000	115649999	0.38458801650975616	0.5350555112000001	-0.1504674946902439
115650000	115699999	0.37343162194878055	0.5350555112000001	-0.1616238892512195
115700000	115749999	0.35158993514390247	0.5350555112000001	-0.1834655760560976
115750000	115799999	0.3403453392243903	0.5350555112000001	-0.19471017197560975
115800000	115849999	0.33921468397560983	0.5350555112000001	-0.19584082722439022
115850000	115899999	0.33211364462682935	0.5350555112000001	-0.2029418665731707
115900000	115949999	0.3317727880609757	0.5350555112000001	-0.20328272313902435
115950000	115999999	0.32988204789024395	0.5350555112000001	-0.2051734633097561
116000000	116049999	0.3267654850048781	0.5350555112000001	-0.20829002619512194
116050000	116099999	0.3229508380536586	0.5350555112000001	-0.21210467314634146
116100000	116149999	0.32285079363414637	0.5350555112000001	-0.21220471756585368
116150000	116199999	0.3239860194512196	0.5350555112000001	-0.21106949174878048
116200000	116249999	0.32607686391219515	0.5350555112000001	-0.2089786472878049
116250000	116299999	0.3233136977317074	0.5350555112000001	-0.21174181346829268
116300000	116349999	0.3234062952390244	0.5350555112000001	-0.21164921596097563
116350000	116399999	0.32687420518292687	0.5350555112000001	-0.2081813060170732
116400000	116449999	0.32200479430975615	0.5350555112000001	-0.2130507168902439
116450000	116499999	0.32089339698292685	0.5350555112000001	-0.2141621142170732
116500000	116549999	0.3235876359756098	0.5350555112000001	-0.21146787522439026
116550000	116599999	0.32256241034146343	0.5350555112000001	-0.21249310085853662
116600000	116649999	0.3263300830439025	0.5350555112000001	-0.20872542815609757
116650000	116699999	0.3208753263195122	0.5350555112000001	-0.21418018488048784
116700000	116749999	0.3192297496073171	0.5350555112000001	-0.21582576159268296
116750000	116799999	0.31392825797560986	0.5350555112000001	-0.2211272532243902
116800000	116849999	0.31176892622439023	0.5350555112000001	-0.22328658497560983
116850000	116899999	0.3111170464146342	0.5350555112000001	-0.22393846478536583
116900000	116949999	0.30962081121707324	0.5350555112000001	-0.2254346999829268
116950000	116999999	0.31018963033414637	0.5350555112000001	-0.22486588086585368
117000000	117049999	0.30974785312439024	0.5350555112000001	-0.22530765807560982
117050000	117099999	0.3103655033853659	0.5350555112000001	-0.22469000781463416
117100000	117149999	0.3096603613121952	0.5350555112000001	-0.22539514988780485
117150000	117199999	0.30933287791219516	0.5350555112000001	-0.2257226332878049
117200000	117249999	0.30358627880731703	0.5350555112000001	-0.23146923239268302
117250000	117299999	0.29844351205609754	0.5350555112000001	-0.23661199914390252
117300000	117349999	0.2924605915341464	0.5350555112000001	-0.24259491966585367
117350000	117399999	0.28406471175121956	0.5350555112000001	-0.2509907994487805
117400000	117449999	0.2773838123731708	0.5350555112000001	-0.2576716988268293
117450000	117499999	0.27447007106341464	0.5350555112000001	-0.2605854401365854
117500000	117549999	0.26888893190000007	0.5350555112000001	-0.2661665793
117550000	117599999	0.2671832657243903	0.5350555112000001	-0.2678722454756098
117600000	117649999	0.2688391821682928	0.5350555112000001	-0.2662163290317073
117650000	117699999	0.2628124791121952	0.5350555112000001	-0.27224303208780487
117700000	117749999	0.27128373348048784	0.5350555112000001	-0.2637717777195122
117750000	117799999	0.2776471463463415	0.5350555112000001	-0.25740836485365853
117800000	117849999	0.2910324623146342	0.5350555112000001	-0.24402304888536586
117850000	117899999	0.2894752259170732	0.5350555112000001	-0.24558028528292686
117900000	117949999	0.29746987149512194	0.5350555112000001	-0.23758563970487812
117950000	117999999	0.3030234878170732	0.5350555112000001	-0.23203202338292683
118000000	118049999	0.3044649168048781	0.5350555112000001	-0.23059059439512197
118050000	118099999	0.30875095951463416	0.5350555112000001	-0.2263045516853659
118100000	118149999	0.31711545729756097	0.5350555112000001	-0.2179400539024391
118150000	118199999	0.31929004383170734	0.5350555112000001	-0.21576546736829272
118200000	118249999	0.3183133714658537	0.5350555112000001	-0.21674213973414636
118250000	118299999	0.32613998060000005	0.5350555112000001	-0.2089155306
118300000	118349999	0.3261147977756098	0.5350555112000001	-0.20894071342439025
118350000	118399999	0.33211067949512196	0.5350555112000001	-0.2029448317048781
118400000	118449999	0.34348517808780493	0.5350555112000001	-0.19157033311219512
118450000	118499999	0.3533755519390244	0.5350555112000001	-0.18167995926097563
118500000	118549999	0.3621400835048781	0.5350555112000001	-0.17291542769512197
118550000	118599999	0.36592370752195125	0.5350555112000001	-0.1691318036780488
118600000	118649999	0.3685187316463415	0.5350555112000001	-0.16653677955365853
118650000	118699999	0.36688691770487813	0.5350555112000001	-0.16816859349512192
118700000	118749999	0.3681978494756098	0.5350555112000001	-0.16685766172439026
118750000	118799999	0.3702057087390245	0.5350555112000001	-0.16484980246097558
118800000	118849999	0.3746026489121952	0.5350555112000001	-0.16045286228780486
118850000	118899999	0.3777803145487806	0.5350555112000001	-0.15727519665121947
118900000	118949999	0.37495331963170736	0.5350555112000001	-0.1601021915682927
118950000	118999999	0.3830567405512196	0.5350555112000001	-0.15199877064878048
119000000	119049999	0.3866504655536586	0.5350555112000001	-0.14840504564634144
119050000	119099999	0.3983742749170732	0.5350555112000001	-0.13668123628292683
119100000	119149999	0.40518099920731715	0.5350555112000001	-0.1298745119926829
119150000	119199999	0.4093564514731708	0.5350555112000001	-0.12569905972682927
119200000	119249999	0.41207657235365863	0.5350555112000001	-0.12297893884634142
119250000	119299999	0.4215737844024391	0.5350555112000001	-0.11348172679756097
119300000	119349999	0.4346630842878049	0.5350555112000001	-0.10039242691219513
119350000	119399999	0.44140958394878055	0.5350555112000001	-0.09364592725121951
119400000	119449999	0.4541414667658537	0.5350555112000001	-0.08091404443414635
119450000	119499999	0.4629889858829269	0.5350555112000001	-0.07206652531707314
119500000	119549999	0.48449261621463424	0.5350555112000001	-0.050562894985365814
119550000	119599999	0.496809161192683	0.5350555112000001	-0.038246350007317076
119600000	119649999	0.5127938128878049	0.5350555112000001	-0.022261698312195155
119650000	119699999	0.5396351041195122	0.5350555112000001	0.004579592919512154
119700000	119749999	0.5676232188414635	0.5350555112000001	0.03256770764146344
119750000	119799999	0.5658413607829269	0.5350555112000001	0.03078584958292685
119800000	119849999	0.5756450237585367	0.5350555112000001	0.0405895125585366
119850000	119899999	0.585462980890244	0.5350555112000001	0.0504074696902439
119900000	119949999	0.5941491073195122	0.5350555112000001	0.05909359611951215
119950000	119999999	0.5957906631682928	0.5350555112000001	0.06073515196829271
120000000	120049999	0.5983071477439025	0.5350555112000001	0.06325163654390242
120050000	120099999	0.5938818808487806	0.5350555112000001	0.05882636964878052
120100000	120149999	0.5929296621829269	0.5350555112000001	0.05787415098292681
120150000	120199999	0.5856513180439025	0.5350555112000001	0.05059580684390241
120200000	120249999	0.586346408992683	0.5350555112000001	0.05129089779268292
120250000	120299999	0.5852374300609757	0.5350555112000001	0.05018191886097567
120300000	120349999	0.5813638085219512	0.5350555112000001	0.046308297321951186
120350000	120399999	0.5795900676756098	0.5350555112000001	0.04453455647560978
120400000	120449999	0.5751512162487805	0.5350555112000001	0.04009570504878046
120450000	120499999	0.5632447873804879	0.5350555112000001	0.028189276180487832
120500000	120549999	0.5530548934536585	0.5350555112000001	0.01799938225365849
120550000	120599999	0.5472615163512196	0.5350555112000001	0.012206005151219501
120600000	120649999	0.5455556408292683	0.5350555112000001	0.010500129629268273
120650000	120699999	0.5474338210073172	0.5350555112000001	0.012378309807317134
120700000	120749999	0.554126316395122	0.5350555112000001	0.019070805195121943
120750000	120799999	0.5561212844073171	0.5350555112000001	0.021065773207317062
120800000	120849999	0.5582922413512196	0.5350555112000001	0.02323673015121952
120850000	120899999	0.5578526867268293	0.5350555112000001	0.02279717552682925
120900000	120949999	0.5591995108219513	0.5350555112000001	0.02414399962195124
120950000	120999999	0.5598052414707317	0.5350555112000001	0.024749730270731685
121000000	121049999	0.5543500077268293	0.5350555112000001	0.01929449652682924
121050000	121099999	0.5573423143024391	0.5350555112000001	0.022286803102439023
121100000	121149999	0.5521773655560976	0.5350555112000001	0.017121854356097588
121150000	121199999	0.5644529600268293	0.5350555112000001	0.029397448826829264
121200000	121249999	0.5719829824878049	0.5350555112000001	0.036927471287804825
121250000	121299999	0.5802758006195122	0.5350555112000001	0.04522028941951217
121300000	121349999	0.5852166042243903	0.5350555112000001	0.0501610930243902
121350000	121399999	0.5857609615	0.5350555112000001	0.050705450299999955
121400000	121449999	0.5890529927317074	0.5350555112000001	0.05399748153170736
121450000	121499999	0.5911852332048781	0.5350555112000001	0.05612972200487809
121500000	121549999	0.5973885799609757	0.5350555112000001	0.06233306876097566
121550000	121599999	0.5797929235536586	0.5350555112000001	0.04473741235365858
121600000	121649999	0.5743426100463415	0.5350555112000001	0.039287098846341406
121650000	121699999	0.557150261790244	0.5350555112000001	0.022094750590243906
121700000	121749999	0.5317780674707318	0.5350555112000001	-0.0032774437292683034
121750000	121799999	0.5036349595243903	0.5350555112000001	-0.031420551675609754
121800000	121849999	0.49933441394878053	0.5350555112000001	-0.035721097251219525
121850000	121899999	0.48568725481219516	0.5350555112000001	-0.0493682563878049
121900000	121949999	0.4662019774463415	0.5350555112000001	-0.06885353375365855
121950000	121999999	0.4661581516121952	0.5350555112000001	-0.06889735958780485
122000000	122049999	0.46712369788292685	0.5350555112000001	-0.06793181331707321
122050000	122099999	0.4613051334048781	0.5350555112000001	-0.07375037779512195
122100000	122149999	0.45917205911951225	0.5350555112000001	-0.0758834520804878
122150000	122199999	0.45793899518048786	0.5350555112000001	-0.0771165160195122
122200000	122249999	0.46165233948048784	0.5350555112000001	-0.07340317171951222
122250000	122299999	0.4611536865731708	0.5350555112000001	-0.07390182462682926
122300000	122349999	0.46041857521951224	0.5350555112000001	-0.07463693598048782
122350000	122399999	0.4574380036780488	0.5350555112000001	-0.07761750752195123
122400000	122449999	0.4554335503512196	0.5350555112000001	-0.07962196084878048
122450000	122499999	0.45349348436097564	0.5350555112000001	-0.08156202683902442
122500000	122549999	0.4520487749219513	0.5350555112000001	-0.08300673627804878
122550000	122599999	0.449065896490244	0.5350555112000001	-0.08598961470975608
122600000	122649999	0.4504776447853659	0.5350555112000001	-0.08457786641463416
122650000	122699999	0.4492756887829269	0.5350555112000001	-0.08577982241707316
122700000	122749999	0.4474610260341464	0.5350555112000001	-0.08759448516585366
122750000	122799999	0.44635971493902443	0.5350555112000001	-0.08869579626097562
122800000	122849999	0.4471789291219513	0.5350555112000001	-0.08787658207804877
122850000	122899999	0.44641036911951226	0.5350555112000001	-0.0886451420804878
122900000	122949999	0.4503223023243903	0.5350555112000001	-0.08473320887560976
122950000	122999999	0.4477599177731708	0.5350555112000001	-0.08729559342682924
123000000	123049999	0.4480782816073171	0.5350555112000001	-0.08697722959268295
123050000	123099999	0.44852885992682934	0.5350555112000001	-0.08652665127317072
123100000	123149999	0.44822633051463423	0.5350555112000001	-0.08682918068536583
123150000	123199999	0.44057130702926833	0.5350555112000001	-0.09448420417073172
123200000	123249999	0.4218029324048781	0.5350555112000001	-0.11325257879512196
123250000	123299999	0.40794200510731715	0.5350555112000001	-0.1271135060926829
123300000	123349999	0.4005260703487805	0.5350555112000001	-0.13452944085121954
123350000	123399999	0.3875108518658537	0.5350555112000001	-0.14754465933414634
123400000	123449999	0.3726954532170732	0.5350555112000001	-0.16236005798292685
123450000	123499999	0.3641953053341464	0.5350555112000001	-0.17086020586585365
123500000	123549999	0.36081596598292687	0.5350555112000001	-0.1742395452170732
123550000	123599999	0.34955789632195133	0.5350555112000001	-0.18549761487804872
123600000	123649999	0.3490361258731708	0.5350555112000001	-0.18601938532682927
123650000	123699999	0.3450937436731708	0.5350555112000001	-0.18996176752682925
123700000	123749999	0.3454979028634147	0.5350555112000001	-0.18955760833658536
123750000	123799999	0.3453362178121952	0.5350555112000001	-0.18971929338780485
123800000	123849999	0.3459331610341464	0.5350555112000001	-0.18912235016585366
123850000	123899999	0.3408493158195123	0.5350555112000001	-0.19420619538048778
123900000	123949999	0.33442274685121953	0.5350555112000001	-0.20063276434878052
123950000	123999999	0.33167343395365856	0.5350555112000001	-0.2033820772463415
124000000	124049999	0.3206394874878049	0.5350555112000001	-0.21441602371219515
124050000	124099999	0.31132591022926837	0.5350555112000001	-0.2237296009707317
124100000	124149999	0.30593000430975614	0.5350555112000001	-0.2291255068902439
124150000	124199999	0.30307175641951223	0.5350555112000001	-0.23198375478048783
124200000	124249999	0.3017217466390245	0.5350555112000001	-0.23333376456097554
124250000	124299999	0.2967329739463415	0.5350555112000001	-0.23832253725365854
124300000	124349999	0.29434267895121957	0.5350555112000001	-0.24071283224878048
124350000	124399999	0.29001305666097565	0.5350555112000001	-0.2450424545390244
124400000	124449999	0.28484839203170736	0.5350555112000001	-0.2502071191682927
124450000	124499999	0.28729850542195123	0.5350555112000001	-0.24775700577804882
124500000	124549999	0.2860182083853659	0.5350555112000001	-0.24903730281463415
124550000	124599999	0.28757023760487815	0.5350555112000001	-0.2474852735951219
124600000	124649999	0.2879803168	0.5350555112000001	-0.24707519440000003
124650000	124699999	0.28299736736829273	0.5350555112000001	-0.2520581438317073
124700000	124749999	0.2759698113658537	0.5350555112000001	-0.25908569983414637
124750000	124799999	0.27340570713658546	0.5350555112000001	-0.2616498040634146
124800000	124849999	0.2711504516487805	0.5350555112000001	-0.26390505955121957
124850000	124899999	0.2683264498560976	0.5350555112000001	-0.26672906134390245
124900000	124949999	0.26815701393414637	0.5350555112000001	-0.2668984972658537
124950000	124999999	0.26802233538292686	0.5350555112000001	-0.2670331758170732
125000000	125049999	0.26718731147804886	0.5350555112000001	-0.2678681997219512
125050000	125099999	0.26651519102195126	0.5350555112000001	-0.2685403201780488
125100000	125149999	0.26365451881951224	0.5350555112000001	-0.2714009923804878
125150000	125199999	0.2564234183634147	0.5350555112000001	-0.27863209283658535
125200000	125249999	0.255692369995122	0.5350555112000001	-0.27936314120487804
125250000	125299999	0.25639925560000004	0.5350555112000001	-0.2786562556
125300000	125349999	0.2619729699365855	0.5350555112000001	-0.2730825412634146
125350000	125399999	0.2597864680000001	0.5350555112000001	-0.27526904319999995
125400000	125449999	0.25940972815853663	0.5350555112000001	-0.2756457830414634
125450000	125499999	0.2643998161634147	0.5350555112000001	-0.2706556950365854
125500000	125549999	0.2653581275804879	0.5350555112000001	-0.2696973836195122
125550000	125599999	0.26331952251951224	0.5350555112000001	-0.2717359886804878
125600000	125649999	0.26614778076341467	0.5350555112000001	-0.2689077304365854
125650000	125699999	0.2696225996317073	0.5350555112000001	-0.26543291156829274
125700000	125749999	0.26685143317560983	0.5350555112000001	-0.2682040780243902
125750000	125799999	0.2711112262658537	0.5350555112000001	-0.26394428493414634
125800000	125849999	0.26716533845121954	0.5350555112000001	-0.2678901727487805
125850000	125899999	0.27013818974878057	0.5350555112000001	-0.2649173214512195
125900000	125949999	0.27136733787804884	0.5350555112000001	-0.2636881733219512
125950000	125999999	0.27605468434146346	0.5350555112000001	-0.2590008268585366
126000000	126049999	0.2886308767780488	0.5350555112000001	-0.24642463442195128
126050000	126099999	0.30732275675609766	0.5350555112000001	-0.2277327544439024
126100000	126149999	0.3175816985560976	0.5350555112000001	-0.21747381264390248
126150000	126199999	0.325256415597561	0.5350555112000001	-0.20979909560243903
126200000	126249999	0.3312715204902439	0.5350555112000001	-0.20378399070975617
126250000	126299999	0.33752127307317076	0.5350555112000001	-0.1975342381268293
126300000	126349999	0.3500968511731708	0.5350555112000001	-0.18495866002682926
126350000	126399999	0.3605090475048781	0.5350555112000001	-0.17454646369512195
126400000	126449999	0.3698515075536586	0.5350555112000001	-0.16520400364634147
126450000	126499999	0.37911780837804887	0.5350555112000001	-0.15593770282195119
126500000	126549999	0.38047991825365857	0.5350555112000001	-0.1545755929463415
126550000	126599999	0.3846123728487805	0.5350555112000001	-0.15044313835121953
126600000	126649999	0.3835695041682927	0.5350555112000001	-0.15148600703170734
126650000	126699999	0.3869699700048781	0.5350555112000001	-0.14808554119512196
126700000	126749999	0.39149722918292684	0.5350555112000001	-0.1435582820170732
126750000	126799999	0.40003660934146346	0.5350555112000001	-0.1350189018585366
126800000	126849999	0.4078483718365854	0.5350555112000001	-0.12720713936341466
126850000	126899999	0.4054081959731708	0.5350555112000001	-0.12964731522682926
126900000	126949999	0.4049200960682927	0.5350555112000001	-0.13013541513170734
126950000	126999999	0.4065944926560976	0.5350555112000001	-0.12846101854390246
127000000	127049999	0.4079970533146342	0.5350555112000001	-0.12705845788536585
127050000	127099999	0.4260230399560976	0.5350555112000001	-0.10903247124390247
127100000	127149999	0.43801773315121956	0.5350555112000001	-0.0970377780487805
127150000	127199999	0.44435014582195126	0.5350555112000001	-0.0907053653780488
127200000	127249999	0.46157754922195127	0.5350555112000001	-0.07347796197804879
127250000	127299999	0.47221337712926836	0.5350555112000001	-0.06284213407073169
127300000	127349999	0.4754588668195122	0.5350555112000001	-0.05959664438048784
127350000	127399999	0.47255277156829273	0.5350555112000001	-0.06250273963170733
127400000	127449999	0.47069187962926834	0.5350555112000001	-0.06436363157073172
127450000	127499999	0.48221621004390247	0.5350555112000001	-0.052839301156097584
127500000	127549999	0.4898759851073171	0.5350555112000001	-0.04517952609268294
127550000	127599999	0.5008295959317074	0.5350555112000001	-0.03422591526829266
127600000	127649999	0.5054469589756098	0.5350555112000001	-0.029608552224390294
127650000	127699999	0.5157949413219513	0.5350555112000001	-0.019260569878048805
127700000	127749999	0.5161585973756098	0.5350555112000001	-0.018896913824390293
127750000	127799999	0.5256591364707317	0.5350555112000001	-0.009396374729268353
127800000	127849999	0.5298084681341464	0.5350555112000001	-0.005247043065853663
127850000	127899999	0.5412427288195123	0.5350555112000001	0.006187217619512242
127900000	127949999	0.5477267191487806	0.5350555112000001	0.012671207948780516
127950000	127999999	0.5561912917048781	0.5350555112000001	0.021135780504878077
128000000	128049999	0.5541100555146342	0.5350555112000001	0.01905454431463416
128050000	128099999	0.5400581601707317	0.5350555112000001	0.00500264897073166
128100000	128149999	0.5262911745585367	0.5350555112000001	-0.008764336641463366
128150000	128199999	0.5169847715780488	0.5350555112000001	-0.01807073962195127
128200000	128249999	0.5123966311317074	0.5350555112000001	-0.02265888006829264
128250000	128299999	0.5122905867804879	0.5350555112000001	-0.022764924419512167
128300000	128349999	0.5069200804634146	0.5350555112000001	-0.02813543073658542
128350000	128399999	0.4951879062560976	0.5350555112000001	-0.03986760494390246
128400000	128449999	0.48474066553902445	0.5350555112000001	-0.050314845660975605
128450000	128499999	0.481092620495122	0.5350555112000001	-0.05396289070487803
128500000	128549999	0.47214016055853664	0.5350555112000001	-0.06291535064146342
128550000	128599999	0.4666155535365854	0.5350555112000001	-0.06843995766341465
128600000	128649999	0.46316051062682934	0.5350555112000001	-0.07189500057317072
128650000	128699999	0.4671888519560976	0.5350555112000001	-0.06786665924390245
128700000	128749999	0.46378017518048786	0.5350555112000001	-0.07127533601951219
128750000	128799999	0.45973932470000006	0.5350555112000001	-0.07531618649999999
128800000	128849999	0.451669251797561	0.5350555112000001	-0.08338625940243904
128850000	128899999	0.4533489625292684	0.5350555112000001	-0.08170654867073168
128900000	128949999	0.4559137289634147	0.5350555112000001	-0.07914178223658536
128950000	128999999	0.4534334780414635	0.5350555112000001	-0.08162203315853656
129000000	129049999	0.44847960005121956	0.5350555112000001	-0.0865759111487805
129050000	129099999	0.4398849593146342	0.5350555112000001	-0.09517055188536583
129100000	129149999	0.4239978672512196	0.5350555112000001	-0.11105764394878048
129150000	129199999	0.40949052313902445	0.5350555112000001	-0.1255649880609756
129200000	129249999	0.4040718618268293	0.5350555112000001	-0.13098364937317075
129250000	129299999	0.39715052169756104	0.5350555112000001	-0.137904989502439
129300000	129349999	0.38916105799756107	0.5350555112000001	-0.145894453202439
129350000	129399999	0.3798319715000001	0.5350555112000001	-0.15522353969999997
129400000	129449999	0.37565813728780495	0.5350555112000001	-0.1593973739121951
129450000	129499999	0.37181935217804885	0.5350555112000001	-0.1632361590219512
129500000	129549999	0.3597985744634147	0.5350555112000001	-0.17525693673658538
129550000	129599999	0.34801658881951225	0.5350555112000001	-0.1870389223804878
129600000	129649999	0.33674501790243905	0.5350555112000001	-0.198310493297561
129650000	129699999	0.3270692269121952	0.5350555112000001	-0.20798628428780486
129700000	129749999	0.32755725175853656	0.5350555112000001	-0.2074982594414635
129750000	129799999	0.33085622546097565	0.5350555112000001	-0.2041992857390244
129800000	129849999	0.3228289873585366	0.5350555112000001	-0.21222652384146345
129850000	129899999	0.31356449090000005	0.5350555112000001	-0.2214910203
129900000	129949999	0.3097913289121952	0.5350555112000001	-0.22526418228780487
129950000	129999999	0.30573673436829274	0.5350555112000001	-0.22931877683170732
130000000	130049999	0.2983150513756098	0.5350555112000001	-0.23674045982439024
130050000	130099999	0.30345260263170737	0.5350555112000001	-0.2316029085682927
130100000	130149999	0.30911967731463424	0.5350555112000001	-0.2259358338853658
130150000	130199999	0.3101093836243903	0.5350555112000001	-0.22494612757560978
130200000	130249999	0.30534688610975613	0.5350555112000001	-0.22970862509024392
130250000	130299999	0.2895554595170732	0.5350555112000001	-0.24550005168292688
130300000	130349999	0.27453989850975613	0.5350555112000001	-0.2605156126902439
130350000	130399999	0.2689200582731708	0.5350555112000001	-0.2661354529268293
130400000	130449999	0.2652956224024391	0.5350555112000001	-0.26975988879756096
130450000	130499999	0.26611617900243906	0.5350555112000001	-0.268939332197561
130500000	130549999	0.2619423277634147	0.5350555112000001	-0.27311318343658536
130550000	130599999	0.26342372388048785	0.5350555112000001	-0.2716317873195122
130600000	130649999	0.2636209718560976	0.5350555112000001	-0.27143453934390244
130650000	130699999	0.264326134190244	0.5350555112000001	-0.2707293770097561
130700000	130749999	0.258625669697561	0.5350555112000001	-0.27642984150243904
130750000	130799999	0.261227598395122	0.5350555112000001	-0.27382791280487806
130800000	130849999	0.26728358610975617	0.5350555112000001	-0.2677719250902439
130850000	130899999	0.2760150238073171	0.5350555112000001	-0.259040487392683
130900000	130949999	0.2729003879829269	0.5350555112000001	-0.2621551232170732
130950000	130999999	0.27785846969024397	0.5350555112000001	-0.2571970415097561
131000000	131049999	0.2823888449195122	0.5350555112000001	-0.25266666628048784
131050000	131099999	0.2972620077195123	0.5350555112000001	-0.23779350348048778
131100000	131149999	0.30467579920243903	0.5350555112000001	-0.23037971199756102
131150000	131199999	0.30929990798780493	0.5350555112000001	-0.22575560321219512
131200000	131249999	0.3173926251195122	0.5350555112000001	-0.21766288608048784
131250000	131299999	0.32278376227073174	0.5350555112000001	-0.2122717489292683
131300000	131349999	0.3180397229487806	0.5350555112000001	-0.21701578825121948
131350000	131399999	0.3422462649853659	0.5350555112000001	-0.19280924621463413
131400000	131449999	0.3562695257414635	0.5350555112000001	-0.17878598545853658
131450000	131499999	0.3836475149829269	0.5350555112000001	-0.15140799621707318
131500000	131549999	0.39185926768048784	0.5350555112000001	-0.1431962435195122
131550000	131599999	0.3971770741341464	0.5350555112000001	-0.13787843706585368
131600000	131649999	0.41804936911951224	0.5350555112000001	-0.11700614208048782
131650000	131699999	0.4281540243658537	0.5350555112000001	-0.10690148683414635
131700000	131749999	0.45335275908536593	0.5350555112000001	-0.08170275211463413
131750000	131799999	0.4747186950024391	0.5350555112000001	-0.06033681619756098
131800000	131849999	0.489985876197561	0.5350555112000001	-0.045069635002439046
131850000	131899999	0.5327677301829269	0.5350555112000001	-0.002287781017073165
131900000	131949999	0.5680617028219512	0.5350555112000001	0.033006191621951175
131950000	131999999	0.5882207879682927	0.5350555112000001	0.053165276768292635
132000000	132049999	0.5893578653975611	0.5350555112000001	0.05430235419756102
132050000	132099999	0.6126529495	0.5350555112000001	0.07759743829999999
132100000	132149999	0.6166961823536585	0.5350555112000001	0.08164067115365847
132150000	132199999	0.6099800224365854	0.5350555112000001	0.07492451123658539
132200000	132249999	0.6027279399146341	0.5350555112000001	0.06767242871463408
132250000	132299999	0.6075077213853659	0.5350555112000001	0.07245221018536585
132300000	132349999	0.6218674589390244	0.5350555112000001	0.08681194773902434
132350000	132399999	0.6386458167268293	0.5350555112000001	0.10359030552682924
132400000	132449999	0.6433455927365854	0.5350555112000001	0.10829008153658537
132450000	132499999	0.6463106943146342	0.5350555112000001	0.11125518311463412
132500000	132549999	0.6453619015829268	0.5350555112000001	0.11030639038292678
132550000	132599999	0.646629351695122	0.5350555112000001	0.11157384049512198
132600000	132649999	0.6508794630536585	0.5350555112000001	0.11582395185365846
132650000	132699999	0.6534157182512196	0.5350555112000001	0.11836020705121952
132700000	132749999	0.6512207348292683	0.5350555112000001	0.11616522362926829
132750000	132799999	0.6495233063585366	0.5350555112000001	0.11446779515853656
132800000	132849999	0.650834324002439	0.5350555112000001	0.11577881280243896
132850000	132899999	0.6457373578097562	0.5350555112000001	0.11068184660975611
132900000	132949999	0.6382523793219512	0.5350555112000001	0.10319686812195117
132950000	132999999	0.6322536588317074	0.5350555112000001	0.09719814763170731
133000000	133049999	0.6237061547292683	0.5350555112000001	0.08865064352926821
133050000	133099999	0.6164692710219513	0.5350555112000001	0.0814137598219512
133100000	133149999	0.5979808877341464	0.5350555112000001	0.06292537653414632
133150000	133199999	0.5897269124707317	0.5350555112000001	0.05467140127073167
133200000	133249999	0.5821484001317073	0.5350555112000001	0.047092888931707266
133250000	133299999	0.5776087401634147	0.5350555112000001	0.042553228963414624
133300000	133349999	0.5677650125268293	0.5350555112000001	0.03270950132682926
133350000	133399999	0.560289982802439	0.5350555112000001	0.025234471602438968
133400000	133449999	0.5358043733219513	0.5350555112000001	0.0007488621219512437
133450000	133499999	0.5228853986390244	0.5350555112000001	-0.012170112560975666
133500000	133549999	0.49720901837560977	0.5350555112000001	-0.03784649282439029
133550000	133599999	0.49239530135365855	0.5350555112000001	-0.0426602098463415
133600000	133649999	0.4897497364073171	0.5350555112000001	-0.04530577479268294
133650000	133699999	0.47485192907317075	0.5350555112000001	-0.0602035821268293
133700000	133749999	0.46811601976097567	0.5350555112000001	-0.06693949143902439
133750000	133799999	0.4493406639439025	0.5350555112000001	-0.08571484725609757
133800000	133849999	0.41759382117073174	0.5350555112000001	-0.11746169002926832
133850000	133899999	0.3959731455121952	0.5350555112000001	-0.13908236568780485
133900000	133949999	0.359792534890244	0.5350555112000001	-0.17526297630975607
133950000	133999999	0.33387553815365867	0.5350555112000001	-0.2011799730463414
134000000	134049999	0.31729632850731715	0.5350555112000001	-0.2177591826926829
134050000	134099999	0.32219800333902443	0.5350555112000001	-0.21285750786097563
134100000	134149999	0.30830249018536593	0.5350555112000001	-0.22675302101463413
134150000	134199999	0.3099796852317074	0.5350555112000001	-0.22507582596829268
134200000	134249999	0.315721668492683	0.5350555112000001	-0.21933384270731704
134250000	134299999	0.32537274261463417	0.5350555112000001	-0.2096827685853659
134300000	134349999	0.3312427820780488	0.5350555112000001	-0.20381272912195125
134350000	134399999	0.33638477874878053	0.5350555112000001	-0.19867073245121952
134400000	134449999	0.33650692192439036	0.5350555112000001	-0.1985485892756097
134450000	134499999	0.3415948766463415	0.5350555112000001	-0.19346063455365853
134500000	134549999	0.34814541505853663	0.5350555112000001	-0.18691009614146342
134550000	134599999	0.3521572437756098	0.5350555112000001	-0.18289826742439025
134600000	134649999	0.3628424006024391	0.5350555112000001	-0.17221311059756095
134650000	134699999	0.3778001208390244	0.5350555112000001	-0.15725539036097563
134700000	134749999	0.38687991147804884	0.5350555112000001	-0.1481755997219512
134750000	134799999	0.39791197313170734	0.5350555112000001	-0.13714353806829271
134800000	134849999	0.4129856662024391	0.5350555112000001	-0.12206984499756096
134850000	134899999	0.43059078699756104	0.5350555112000001	-0.10446472420243902
134900000	134949999	0.43855262045853666	0.5350555112000001	-0.0965028907414634
134950000	134999999	0.4496798736146342	0.5350555112000001	-0.08537563758536587
135000000	135049999	0.45798201535365857	0.5350555112000001	-0.07707349584634149
135050000	135099999	0.4697024335219513	0.5350555112000001	-0.06535307767804877
135100000	135149999	0.48406842716585374	0.5350555112000001	-0.05098708403414631
135150000	135199999	0.5052111242243903	0.5350555112000001	-0.02984438697560976
135200000	135249999	0.5221276117658538	0.5350555112000001	-0.012927899434146295
135250000	135299999	0.5344392678292683	0.5350555112000001	-0.0006162433707317394
135300000	135349999	0.5528701855	0.5350555112000001	0.017814674299999944
135350000	135399999	0.5741897289780489	0.5350555112000001	0.03913421777804882
135400000	135449999	0.5949290240195122	0.5350555112000001	0.05987351281951214
135450000	135499999	0.6026782635512196	0.5350555112000001	0.0676227523512195
135500000	135549999	0.6174173979414634	0.5350555112000001	0.08236188674146339
135550000	135599999	0.6225634681536586	0.5350555112000001	0.08750795695365854
135600000	135649999	0.6329046472195122	0.5350555112000001	0.09784913601951217
135650000	135699999	0.6539276060048781	0.5350555112000001	0.11887209480487804
135700000	135749999	0.6746183587707317	0.5350555112000001	0.13956284757073167
135750000	135799999	0.678582373590244	0.5350555112000001	0.14352686239024393
135800000	135849999	0.6786625072000001	0.5350555112000001	0.14360699600000004
135850000	135899999	0.6823966184097562	0.5350555112000001	0.14734110720975613
135900000	135949999	0.6839626097536586	0.5350555112000001	0.14890709855365858
135950000	135999999	0.6796091838365854	0.5350555112000001	0.14455367263658536
136000000	136049999	0.6736725305219513	0.5350555112000001	0.13861701932195125
136050000	136099999	0.6683010918048781	0.5350555112000001	0.133245580604878
136100000	136149999	0.6603052492536586	0.5350555112000001	0.12524973805365858
136150000	136199999	0.6530649559634147	0.5350555112000001	0.11800944476341468
136200000	136249999	0.6457268415	0.5350555112000001	0.11067133029999998
136250000	136299999	0.6429088894731708	0.5350555112000001	0.10785337827317076
136300000	136349999	0.6416278044170732	0.5350555112000001	0.10657229321707318
136350000	136399999	0.635783716292683	0.5350555112000001	0.10072820509268299
136400000	136449999	0.633563182995122	0.5350555112000001	0.09850767179512199
136450000	136499999	0.6319087917365854	0.5350555112000001	0.09685328053658537
136500000	136549999	0.6251791178487806	0.5350555112000001	0.0901236066487805
136550000	136599999	0.6200394948634147	0.5350555112000001	0.08498398366341464
136600000	136649999	0.6175325085390244	0.5350555112000001	0.08247699733902436
136650000	136699999	0.6059676886780488	0.5350555112000001	0.07091217747804879
136700000	136749999	0.5858960076219513	0.5350555112000001	0.05084049642195121
136750000	136799999	0.5745663465	0.5350555112000001	0.03951083529999999
136800000	136849999	0.5667647684731708	0.5350555112000001	0.031709257273170754
136850000	136899999	0.5489857888463415	0.5350555112000001	0.013930277646341471
136900000	136949999	0.5280281162243903	0.5350555112000001	-0.00702739497560978
136950000	136999999	0.5237136139780488	0.5350555112000001	-0.011341897221951225
137000000	137049999	0.5117015334780488	0.5350555112000001	-0.023353977721951247
137050000	137099999	0.4985378870121952	0.5350555112000001	-0.036517624187804854
137100000	137149999	0.48522241814634154	0.5350555112000001	-0.04983309305365852
137150000	137199999	0.4743307491731708	0.5350555112000001	-0.06072476202682925
137200000	137249999	0.4579057443390244	0.5350555112000001	-0.07714976686097563
137250000	137299999	0.44407174287073176	0.5350555112000001	-0.0909837683292683
137300000	137349999	0.4350834536585366	0.5350555112000001	-0.09997205754146343
137350000	137399999	0.4158072721634147	0.5350555112000001	-0.11924823903658538
137400000	137449999	0.3988537717243903	0.5350555112000001	-0.13620173947560976
137450000	137499999	0.3835535342560976	0.5350555112000001	-0.15150197694390244
137500000	137549999	0.3775544394439025	0.5350555112000001	-0.15750107175609757
137550000	137599999	0.36748821003902443	0.5350555112000001	-0.16756730116097562
137600000	137649999	0.374876641892683	0.5350555112000001	-0.16017886930731706
137650000	137699999	0.37440838568780493	0.5350555112000001	-0.16064712551219512
137700000	137749999	0.37513100182682935	0.5350555112000001	-0.1599245093731707
137750000	137799999	0.36943771160000005	0.5350555112000001	-0.1656177996
137800000	137849999	0.37559754776585375	0.5350555112000001	-0.1594579634341463
137850000	137899999	0.3857181826878049	0.5350555112000001	-0.14933732851219517
137900000	137949999	0.39456150324634154	0.5350555112000001	-0.14049400795365852
137950000	137999999	0.40156666492195126	0.5350555112000001	-0.1334888462780488
138000000	138049999	0.4045919928560976	0.5350555112000001	-0.13046351834390246
138050000	138099999	0.4116252623463415	0.5350555112000001	-0.12343024885365855
138100000	138149999	0.42256498652195124	0.5350555112000001	-0.11249052467804882
138150000	138199999	0.43627152844634154	0.5350555112000001	-0.09878398275365852
138200000	138249999	0.4508130496048781	0.5350555112000001	-0.08424246159512194
138250000	138299999	0.45483663155121956	0.5350555112000001	-0.0802188796487805
138300000	138349999	0.47071195193170734	0.5350555112000001	-0.06434355926829272
138350000	138399999	0.47715903338292687	0.5350555112000001	-0.05789647781707319
138400000	138449999	0.48729614013170736	0.5350555112000001	-0.0477593710682927
138450000	138499999	0.49328514594146344	0.5350555112000001	-0.04177036525853661
138500000	138549999	0.5001705940000001	0.5350555112000001	-0.034884917199999976
138550000	138599999	0.510134232992683	0.5350555112000001	-0.024921278207317044
138600000	138649999	0.5109013604463415	0.5350555112000001	-0.024154150753658565
138650000	138699999	0.5080700185390244	0.5350555112000001	-0.026985492660975607
138700000	138749999	0.5108349451853659	0.5350555112000001	-0.02422056601463418
138750000	138799999	0.5195996826000001	0.5350555112000001	-0.015455828599999943
138800000	138849999	0.5286742177	0.5350555112000001	-0.0063812935000000515
138850000	138899999	0.532314899492683	0.5350555112000001	-0.0027406117073170977
138900000	138949999	0.5382727161609757	0.5350555112000001	0.0032172049609756614
138950000	138999999	0.5412004554390244	0.5350555112000001	0.006144944239024341
139000000	139049999	0.5414341189024391	0.5350555112000001	0.006378607702439032
139050000	139099999	0.5433989671487806	0.5350555112000001	0.008343455948780498
139100000	139149999	0.5478565599609757	0.5350555112000001	0.012801048760975653
139150000	139199999	0.5561371836024391	0.5350555112000001	0.021081672402439078
139200000	139249999	0.5624717987707317	0.5350555112000001	0.027416287570731668
139250000	139299999	0.5610452217756098	0.5350555112000001	0.025989710575609726
139300000	139349999	0.5647523509756098	0.5350555112000001	0.029696839775609774
139350000	139399999	0.5665144347463416	0.5350555112000001	0.0314589235463415
139400000	139449999	0.564093463195122	0.5350555112000001	0.029037951995121936
139450000	139499999	0.5676638372878049	0.5350555112000001	0.03260832608780484
139500000	139549999	0.5682878781682927	0.5350555112000001	0.03323236696829268
139550000	139599999	0.5682165059512195	0.5350555112000001	0.033160994751219475
139600000	139649999	0.570855215590244	0.5350555112000001	0.035799704390243936
139650000	139699999	0.5650135601146342	0.5350555112000001	0.02995804891463416
139700000	139749999	0.555245241290244	0.5350555112000001	0.02018973009024394
139750000	139799999	0.538270377887805	0.5350555112000001	0.003214866687804907
139800000	139849999	0.5248099998439025	0.5350555112000001	-0.010245511356097525
139850000	139899999	0.5134632022804879	0.5350555112000001	-0.021592308919512138
139900000	139949999	0.5017701653243903	0.5350555112000001	-0.03328534587560972
139950000	139999999	0.4906994225414635	0.5350555112000001	-0.044356088658536574
140000000	140049999	0.48425398841707323	0.5350555112000001	-0.05080152278292682
140050000	140099999	0.47784195566829274	0.5350555112000001	-0.057213555531707316
140100000	140149999	0.47197518401463423	0.5350555112000001	-0.06308032718536583
140150000	140199999	0.45673381973658544	0.5350555112000001	-0.07832169146341461
140200000	140249999	0.44182734540975616	0.5350555112000001	-0.0932281657902439
140250000	140299999	0.43049247449756106	0.5350555112000001	-0.104563036702439
140300000	140349999	0.4264113689536586	0.5350555112000001	-0.10864414224634145
140350000	140399999	0.41284378729512206	0.5350555112000001	-0.122211723904878
140400000	140449999	0.4017814328731708	0.5350555112000001	-0.13327407832682925
140450000	140499999	0.3995110268829269	0.5350555112000001	-0.13554448431707317
140500000	140549999	0.39792370595853666	0.5350555112000001	-0.1371318052414634
140550000	140599999	0.39203247092195126	0.5350555112000001	-0.1430230402780488
140600000	140649999	0.3848758131170732	0.5350555112000001	-0.15017969808292686
140650000	140699999	0.386239091095122	0.5350555112000001	-0.14881642010487806
140700000	140749999	0.3905398430512196	0.5350555112000001	-0.14451566814878047
140750000	140799999	0.39611380079024394	0.5350555112000001	-0.13894171040975611
140800000	140849999	0.38974040050000003	0.5350555112000001	-0.14531511070000003
140850000	140899999	0.38388546036829274	0.5350555112000001	-0.15117005083170731
140900000	140949999	0.38223949935609763	0.5350555112000001	-0.15281601184390242
140950000	140999999	0.37967182181707326	0.5350555112000001	-0.1553836893829268
141000000	141049999	0.3790289871170732	0.5350555112000001	-0.15602652408292683
141050000	141099999	0.37863617324390253	0.5350555112000001	-0.15641933795609753
141100000	141149999	0.3828171846073171	0.5350555112000001	-0.15223832659268294
141150000	141199999	0.3857842684682927	0.5350555112000001	-0.14927124273170733
141200000	141249999	0.3788188100073171	0.5350555112000001	-0.15623670119268296
141250000	141299999	0.3778613777195122	0.5350555112000001	-0.15719413348048783
141300000	141349999	0.3818168278317074	0.5350555112000001	-0.15323868336829266
141350000	141399999	0.38145745014390253	0.5350555112000001	-0.15359806105609752
141400000	141449999	0.37770504076097566	0.5350555112000001	-0.1573504704390244
141450000	141499999	0.38314775898292686	0.5350555112000001	-0.1519077522170732
141500000	141549999	0.3811485592560976	0.5350555112000001	-0.15390695194390247
141550000	141599999	0.3832140148024391	0.5350555112000001	-0.15184149639756095
141600000	141649999	0.38209800000731714	0.5350555112000001	-0.15295751119268292
141650000	141699999	0.37784310311707325	0.5350555112000001	-0.1572124080829268
141700000	141749999	0.37112725121707324	0.5350555112000001	-0.16392825998292682
141750000	141799999	0.3731904426463415	0.5350555112000001	-0.16186506855365856
141800000	141849999	0.37144743871951225	0.5350555112000001	-0.1636080724804878
141850000	141899999	0.37483199707560977	0.5350555112000001	-0.1602235141243903
141900000	141949999	0.3751847597024391	0.5350555112000001	-0.15987075149756097
141950000	141999999	0.3776385713414635	0.5350555112000001	-0.15741693985853655
142000000	142049999	0.3763637110634147	0.5350555112000001	-0.15869180013658535
142050000	142099999	0.37642911453902445	0.5350555112000001	-0.1586263966609756
142100000	142149999	0.3796084238121952	0.5350555112000001	-0.15544708738780488
142150000	142199999	0.37357983296097563	0.5350555112000001	-0.16147567823902442
142200000	142249999	0.3729956695365854	0.5350555112000001	-0.16205984166341464
142250000	142299999	0.3692121795146342	0.5350555112000001	-0.16584333168536586
142300000	142349999	0.3656588245780488	0.5350555112000001	-0.16939668662195123
142350000	142399999	0.36336578567560984	0.5350555112000001	-0.1716897255243902
142400000	142449999	0.36783053699024393	0.5350555112000001	-0.16722497420975613
142450000	142499999	0.37268173799024396	0.5350555112000001	-0.1623737732097561
142500000	142549999	0.3740611852804878	0.5350555112000001	-0.16099432591951224
142550000	142599999	0.37102944677317073	0.5350555112000001	-0.16402606442682932
142600000	142649999	0.37609850614146345	0.5350555112000001	-0.1589570050585366
142650000	142699999	0.3763473077	0.5350555112000001	-0.15870820350000003
142700000	142749999	0.38096673658048785	0.5350555112000001	-0.1540887746195122
142750000	142799999	0.3835038146682927	0.5350555112000001	-0.15155169653170736
142800000	142849999	0.38011585497560985	0.5350555112000001	-0.1549396562243902
142850000	142899999	0.3929916678219513	0.5350555112000001	-0.14206384337804878
142900000	142949999	0.400529614392683	0.5350555112000001	-0.13452589680731708
142950000	142999999	0.4056424262243903	0.5350555112000001	-0.12941308497560977
143000000	143049999	0.42135020835121956	0.5350555112000001	-0.1137053028487805
143050000	143099999	0.43221823142195126	0.5350555112000001	-0.1028372797780488
143100000	143149999	0.44493251166097564	0.5350555112000001	-0.09012299953902442
143150000	143199999	0.45976024879756106	0.5350555112000001	-0.075295262402439
143200000	143249999	0.4713231352731708	0.5350555112000001	-0.06373237592682923
143250000	143299999	0.48332547577073176	0.5350555112000001	-0.051730035429268295
143300000	143349999	0.4923770056121952	0.5350555112000001	-0.04267850558780484
143350000	143399999	0.5071197458487805	0.5350555112000001	-0.027935765351219555
143400000	143449999	0.5111194675707318	0.5350555112000001	-0.023936043629268267
143450000	143499999	0.5265308360000001	0.5350555112000001	-0.008524675199999998
143500000	143549999	0.5390649557195123	0.5350555112000001	0.00400944451951224
143550000	143599999	0.5497839452390244	0.5350555112000001	0.014728434039024352
143600000	143649999	0.5528036319146342	0.5350555112000001	0.017748120714634164
143650000	143699999	0.5560051750048781	0.5350555112000001	0.02094966380487806
143700000	143749999	0.5687286317731708	0.5350555112000001	0.033673120573170734
143750000	143799999	0.5886350209000001	0.5350555112000001	0.05357950970000003
143800000	143849999	0.6064587390585366	0.5350555112000001	0.07140322785853659
143850000	143899999	0.6213905913853659	0.5350555112000001	0.08633508018536584
143900000	143949999	0.6450215782024391	0.5350555112000001	0.10996606700243905
143950000	143999999	0.6685088123341464	0.5350555112000001	0.13345330113414633
144000000	144049999	0.682920612885366	0.5350555112000001	0.14786510168536593
144050000	144099999	0.6972490939097562	0.5350555112000001	0.16219358270975615
144100000	144149999	0.7128575434219513	0.5350555112000001	0.17780203222195123
144150000	144199999	0.7393939991609757	0.5350555112000001	0.20433848796097565
144200000	144249999	0.7689059917658537	0.5350555112000001	0.23385048056585367
144250000	144299999	0.7863908845195122	0.5350555112000001	0.25133537331951217
144300000	144349999	0.8137885056219514	0.5350555112000001	0.2787329944219513
144350000	144399999	0.8349280608439025	0.5350555112000001	0.2998725496439024
144400000	144449999	0.8662644276658538	0.5350555112000001	0.3312089164658537
144450000	144499999	0.8815591226707318	0.5350555112000001	0.3465036114707317
144500000	144549999	0.8988646447707318	0.5350555112000001	0.36380913357073175
144550000	144599999	0.9175669078585367	0.5350555112000001	0.3825113966585366
144600000	144649999	0.9422750170365854	0.5350555112000001	0.4072195058365854
144650000	144699999	0.9605579281268294	0.5350555112000001	0.42550241692682933
144700000	144749999	0.9810712407634146	0.5350555112000001	0.4460157295634145
144750000	144799999	0.9976492591243904	0.5350555112000001	0.46259374792439034
144800000	144849999	1.015717440507317	0.5350555112000001	0.480661929307317
144850000	144899999	1.0329271061975611	0.5350555112000001	0.49787159499756106
144900000	144949999	1.045056948587805	0.5350555112000001	0.5100014373878049
144950000	144999999	1.0532127516146343	0.5350555112000001	0.5181572404146343
145000000	145049999	1.0736791421731708	0.5350555112000001	0.5386236309731708
145050000	145099999	1.079570676295122	0.5350555112000001	0.544515165095122
145100000	145149999	1.0890950133170731	0.5350555112000001	0.5540395021170731
145150000	145199999	1.0882354825170732	0.5350555112000001	0.5531799713170732
145200000	145249999	1.0871378307731707	0.5350555112000001	0.5520823195731707
145250000	145299999	1.084377429997561	0.5350555112000001	0.549321918797561
145300000	145349999	1.098672684012195	0.5350555112000001	0.5636171728121949
145350000	145399999	1.1035586235634147	0.5350555112000001	0.5685031123634147
145400000	145449999	1.110968417570732	0.5350555112000001	0.5759129063707319
145450000	145499999	1.1303005815243903	0.5350555112000001	0.5952450703243902
145500000	145549999	1.1341758347512196	0.5350555112000001	0.5991203235512196
145550000	145599999	1.1384869664609756	0.5350555112000001	0.6034314552609755
145600000	145649999	1.1425598249024391	0.5350555112000001	0.6075043137024391
145650000	145699999	1.1514140422390244	0.5350555112000001	0.6163585310390244
145700000	145749999	1.15870435542439	0.5350555112000001	0.62364884422439
145750000	145799999	1.156018360302439	0.5350555112000001	0.6209628491024389
145800000	145849999	1.1489293999829269	0.5350555112000001	0.6138738887829268
145850000	145899999	1.1371099745707318	0.5350555112000001	0.6020544633707318
145900000	145949999	1.1251632515292682	0.5350555112000001	0.5901077403292682
145950000	145999999	1.0993432996560975	0.5350555112000001	0.5642877884560974
146000000	146049999	1.0785181876	0.5350555112000001	0.5434626764
146050000	146099999	1.0638481473073171	0.5350555112000001	0.5287926361073171
146100000	146149999	1.0551687904170732	0.5350555112000001	0.5201132792170732
146150000	146199999	1.0320745415682926	0.5350555112000001	0.49701903036829254
146200000	146249999	1.009884994904878	0.5350555112000001	0.474829483704878
146250000	146299999	0.9878392311682926	0.5350555112000001	0.4527837199682926
146300000	146349999	0.972561947	0.5350555112000001	0.4375064357999999
146350000	146399999	0.9491667175780487	0.5350555112000001	0.41411120637804866
146400000	146449999	0.9299955463682926	0.5350555112000001	0.39494003516829257
146450000	146499999	0.9012752441682927	0.5350555112000001	0.3662197329682927
146500000	146549999	0.8799020470780488	0.5350555112000001	0.3448465358780487
146550000	146599999	0.8589218799390245	0.5350555112000001	0.3238663687390244
146600000	146649999	0.8376552135853659	0.5350555112000001	0.3025997023853658
146650000	146699999	0.8099302146195122	0.5350555112000001	0.27487470341951215
146700000	146749999	0.7838157961682928	0.5350555112000001	0.24876028496829272
146750000	146799999	0.7628864520146341	0.5350555112000001	0.22783094081463406
146800000	146849999	0.7394269081146342	0.5350555112000001	0.20437139691463413
146850000	146899999	0.7148015089585367	0.5350555112000001	0.1797459977585366
146900000	146949999	0.691553797387805	0.5350555112000001	0.15649828618780492
146950000	146999999	0.6675484186073172	0.5350555112000001	0.13249290740731712
147000000	147049999	0.6510911966146342	0.5350555112000001	0.11603568541463416
147050000	147099999	0.6199504383585366	0.5350555112000001	0.08489492715853653
147100000	147149999	0.6020525526512196	0.5350555112000001	0.06699704145121954
147150000	147199999	0.5822720826243903	0.5350555112000001	0.047216571424390286
147200000	147249999	0.5710285930512196	0.5350555112000001	0.0359730818512195
147250000	147299999	0.5506296734463415	0.5350555112000001	0.01557416224634145
147300000	147349999	0.5381380720682928	0.5350555112000001	0.0030825608682927275
147350000	147399999	0.5126002446756098	0.5350555112000001	-0.022455266524390227
147400000	147449999	0.4931385297634147	0.5350555112000001	-0.04191698143658534
147450000	147499999	0.4689051401243903	0.5350555112000001	-0.06615037107560978
147500000	147549999	0.44154859814878056	0.5350555112000001	-0.0935069130512195
147550000	147599999	0.42997348474146346	0.5350555112000001	-0.10508202645853659
147600000	147649999	0.4197897646390244	0.5350555112000001	-0.11526574656097566
147650000	147699999	0.4189885479146342	0.5350555112000001	-0.11606696328536587
147700000	147749999	0.42115174597804883	0.5350555112000001	-0.11390376522195123
147750000	147799999	0.4275186790024391	0.5350555112000001	-0.10753683219756094
147800000	147849999	0.43125199737317077	0.5350555112000001	-0.10380351382682929
147850000	147899999	0.43894717440487807	0.5350555112000001	-0.09610833679512198
147900000	147949999	0.44047375461951227	0.5350555112000001	-0.09458175658048779
147950000	147999999	0.44838459669756103	0.5350555112000001	-0.08667091450243902
148000000	148049999	0.4552819340536586	0.5350555112000001	-0.07977357714634148
148050000	148099999	0.455070125095122	0.5350555112000001	-0.07998538610487804
148100000	148149999	0.4583362106219513	0.5350555112000001	-0.07671930057804877
148150000	148199999	0.4606271100146342	0.5350555112000001	-0.07442840118536587
148200000	148249999	0.4850595999707318	0.5350555112000001	-0.049995911229268275
148250000	148299999	0.48833921402682934	0.5350555112000001	-0.04671629717317072
148300000	148349999	0.4897254007634147	0.5350555112000001	-0.04533011043658536
148350000	148399999	0.5154880004804878	0.5350555112000001	-0.019567510719512238
148400000	148449999	0.544204743992683	0.5350555112000001	0.009149232792682982
148450000	148499999	0.5850557905195123	0.5350555112000001	0.05000027931951223
148500000	148549999	0.640925717492683	0.5350555112000001	0.10587020629268296
148550000	148599999	0.6655158190536585	0.5350555112000001	0.13046030785365847
148600000	148649999	0.6909821549731707	0.5350555112000001	0.15592664377317067
148650000	148699999	0.7310990805560976	0.5350555112000001	0.19604356935609757
148700000	148749999	0.7388489868073171	0.5350555112000001	0.2037934756073171
148750000	148799999	0.8109921035439025	0.5350555112000001	0.27593659234390244
148800000	148849999	0.8293000655756098	0.5350555112000001	0.2942445543756097
148850000	148899999	0.8431453594682927	0.5350555112000001	0.30808984826829267
148900000	148949999	0.8639187129390244	0.5350555112000001	0.3288632017390244
148950000	148999999	0.8847153689170733	0.5350555112000001	0.3496598577170732
149000000	149049999	0.8983692749512195	0.5350555112000001	0.3633137637512195
149050000	149099999	0.9145314245219512	0.5350555112000001	0.3794759133219512
149100000	149149999	0.9317603424682928	0.5350555112000001	0.3967048312682927
149150000	149199999	0.9389514136512196	0.5350555112000001	0.40389590245121954
149200000	149249999	0.9533016727682926	0.5350555112000001	0.41824616156829253
149250000	149299999	0.9572326223512196	0.5350555112000001	0.4221771111512196
149300000	149349999	0.9710918207878049	0.5350555112000001	0.4360363095878048
149350000	149399999	0.9785800936512196	0.5350555112000001	0.4435245824512195
149400000	149449999	1.0081032768	0.5350555112000001	0.47304776559999995
149450000	149499999	1.0267292846512195	0.5350555112000001	0.49167377345121943
149500000	149549999	1.0364376434560976	0.5350555112000001	0.5013821322560975
149550000	149599999	1.0425072497341463	0.5350555112000001	0.5074517385341463
149600000	149649999	1.0442603922780487	0.5350555112000001	0.5092048810780486
149650000	149699999	1.0432865784560976	0.5350555112000001	0.5082310672560976
149700000	149749999	1.03484859097561	0.5350555112000001	0.49979307977560994
149750000	149799999	1.0305575620560976	0.5350555112000001	0.49550205085609755
149800000	149849999	1.0213463871268293	0.5350555112000001	0.4862908759268293
149850000	149899999	1.0203044022170733	0.5350555112000001	0.48524889101707325
149900000	149949999	1.0164180934268292	0.5350555112000001	0.48136258222682915
149950000	149999999	1.0126084072365855	0.5350555112000001	0.47755289603658546
150000000	150049999	1.011455569995122	0.5350555112000001	0.47640005879512193
150050000	150099999	1.0067802447560976	0.5350555112000001	0.47172473355609756
150100000	150149999	1.0159573135097562	0.5350555112000001	0.4809018023097561
150150000	150199999	1.0169158724219514	0.5350555112000001	0.4818603612219513
150200000	150249999	1.0155451243560978	0.5350555112000001	0.48048961315609773
150250000	150299999	0.9967962987243904	0.5350555112000001	0.4617407875243903
150300000	150349999	1.001639470990244	0.5350555112000001	0.46658395979024403
150350000	150399999	1.0028160192731708	0.5350555112000001	0.4677605080731707
150400000	150449999	0.985733679590244	0.5350555112000001	0.450678168390244
150450000	150499999	0.9643680862390244	0.5350555112000001	0.4293125750390243
150500000	150549999	0.9315126126195121	0.5350555112000001	0.39645710141951207
150550000	150599999	0.8798438045560977	0.5350555112000001	0.3447882933560976
150600000	150649999	0.8676926018707318	0.5350555112000001	0.33263709067073177
150650000	150699999	0.8543454836682928	0.5350555112000001	0.3192899724682927
150700000	150749999	0.8161830866292683	0.5350555112000001	0.28112757542926825
150750000	150799999	0.8145852660731708	0.5350555112000001	0.2795297548731708
150800000	150849999	0.7463870954829269	0.5350555112000001	0.21133158428292687
150850000	150899999	0.7393876684048781	0.5350555112000001	0.20433215720487807
150900000	150949999	0.7337932828902439	0.5350555112000001	0.19873777169024387
150950000	150999999	0.7232302644560976	0.5350555112000001	0.18817475325609756
151000000	151049999	0.7181518940195122	0.5350555112000001	0.18309638281951213
151050000	151099999	0.7195426946219513	0.5350555112000001	0.18448718342195125
151100000	151149999	0.7221923567097561	0.5350555112000001	0.18713684550975607
151150000	151199999	0.7270298699536586	0.5350555112000001	0.19197435875365854
151200000	151249999	0.735418812995122	0.5350555112000001	0.20036330179512196
151250000	151299999	0.7328362409731708	0.5350555112000001	0.19778072977317074
151300000	151349999	0.7597571804097561	0.5350555112000001	0.2247016692097561
151350000	151399999	0.7711501709097561	0.5350555112000001	0.23609465970975607
151400000	151449999	0.7789284319439025	0.5350555112000001	0.24387292074390243
151450000	151499999	0.7689254875536586	0.5350555112000001	0.23386997635365858
151500000	151549999	0.7934937788121952	0.5350555112000001	0.2584382676121951
151550000	151599999	0.803308373697561	0.5350555112000001	0.268252862497561
151600000	151649999	0.8157684445292683	0.5350555112000001	0.2807129333292683
151650000	151699999	0.8369942385097562	0.5350555112000001	0.3019387273097561
151700000	151749999	0.8465525812560977	0.5350555112000001	0.3114970700560976
151750000	151799999	0.8566676065146341	0.5350555112000001	0.3216120953146341
151800000	151849999	0.8602631924195123	0.5350555112000001	0.32520768121951227
151850000	151899999	0.8598425033926831	0.5350555112000001	0.32478699219268303
151900000	151949999	0.8537990611097561	0.5350555112000001	0.31874354990975606
151950000	151999999	0.8506558211512195	0.5350555112000001	0.31560030995121946
152000000	152049999	0.8564670653317075	0.5350555112000001	0.3214115541317074
152050000	152099999	0.8608438354731708	0.5350555112000001	0.3257883242731707
152100000	152149999	0.8663380520975611	0.5350555112000001	0.33128254089756104
152150000	152199999	0.8600031306073171	0.5350555112000001	0.3249476194073171
152200000	152249999	0.8626004401902441	0.5350555112000001	0.327544928990244
152250000	152299999	0.8616405195829269	0.5350555112000001	0.3265850083829268
152300000	152349999	0.8724438109585366	0.5350555112000001	0.33738829975853657
152350000	152399999	0.8755208546024391	0.5350555112000001	0.34046534340243906
152400000	152449999	0.882119980890244	0.5350555112000001	0.34706446969024396
152450000	152499999	0.8840874901585367	0.5350555112000001	0.34903197895853666
152500000	152549999	0.9110093576780489	0.5350555112000001	0.37595384647804886
152550000	152599999	0.9203035371536586	0.5350555112000001	0.3852480259536586
152600000	152649999	0.9262301339926831	0.5350555112000001	0.391174622792683
152650000	152699999	0.9220691061682927	0.5350555112000001	0.3870135949682927
152700000	152749999	0.9140635706975611	0.5350555112000001	0.379008059497561
152750000	152799999	0.9164511614756098	0.5350555112000001	0.38139565027560973
152800000	152849999	0.9195483147390244	0.5350555112000001	0.3844928035390244
152850000	152899999	0.9132072058097561	0.5350555112000001	0.37815169460975606
152900000	152949999	0.9058708479195122	0.5350555112000001	0.37081533671951217
152950000	152999999	0.900135414692683	0.5350555112000001	0.36507990349268293
153000000	153049999	0.9002689840756097	0.5350555112000001	0.3652134728756097
153050000	153099999	0.8919692968073172	0.5350555112000001	0.3569137856073171
153100000	153149999	0.8792757965658538	0.5350555112000001	0.3442202853658537
153150000	153199999	0.8680210266097562	0.5350555112000001	0.33296551540975616
153200000	153249999	0.858589662992683	0.5350555112000001	0.32353415179268297
153250000	153299999	0.841602271097561	0.5350555112000001	0.30654675989756097
153300000	153349999	0.8377097624829268	0.5350555112000001	0.3026542512829268
153350000	153399999	0.8052615631390244	0.5350555112000001	0.27020605193902436
153400000	153449999	0.7869373950439025	0.5350555112000001	0.2518818838439024
153450000	153499999	0.7787168807707318	0.5350555112000001	0.2436613695707317
153500000	153549999	0.7677177784707317	0.5350555112000001	0.2326622672707317
153550000	153599999	0.7289030425195122	0.5350555112000001	0.19384753131951216
153600000	153649999	0.7116190977463415	0.5350555112000001	0.1765635865463414
153650000	153699999	0.6992744253121952	0.5350555112000001	0.16421891411219514
153700000	153749999	0.6732312328097562	0.5350555112000001	0.1381757216097561
153750000	153799999	0.6608111586365855	0.5350555112000001	0.1257556474365854
153800000	153849999	0.6539272211414635	0.5350555112000001	0.11887170994146345
153850000	153899999	0.6392336572170733	0.5350555112000001	0.1041781460170732
153900000	153949999	0.6394489789585367	0.5350555112000001	0.10439346775853664
153950000	153999999	0.6366654985682928	0.5350555112000001	0.10160998736829274
154000000	154049999	0.6245445817731707	0.5350555112000001	0.08948907057317068
154050000	154099999	0.6243784690536586	0.5350555112000001	0.08932295785365851
154100000	154149999	0.6148531424853659	0.5350555112000001	0.07979763128536588
154150000	154199999	0.6104374803268293	0.5350555112000001	0.07538196912682926
154200000	154249999	0.6150771571853659	0.5350555112000001	0.08002164598536587
154250000	154299999	0.6133964228634147	0.5350555112000001	0.07834091166341461
154300000	154349999	0.6130863973341464	0.5350555112000001	0.07803088613414633
154350000	154399999	0.6049767857317073	0.5350555112000001	0.06992127453170727
154400000	154449999	0.5918281325829269	0.5350555112000001	0.056772621382926824
154450000	154499999	0.5850807566414634	0.5350555112000001	0.05002524544146336
154500000	154549999	0.5817496450439025	0.5350555112000001	0.04669413384390242
154550000	154599999	0.5502446125317073	0.5350555112000001	0.015189101331707255
154600000	154649999	0.5375358786634147	0.5350555112000001	0.0024803674634146233
154650000	154699999	0.5319038789390245	0.5350555112000001	-0.00315163226097559
154700000	154749999	0.5289268009390244	0.5350555112000001	-0.006128710260975612
154750000	154799999	0.5325038348487805	0.5350555112000001	-0.002551676351219556
154800000	154849999	0.5298037039439025	0.5350555112000001	-0.005251807256097529
154850000	154899999	0.5305544891390245	0.5350555112000001	-0.004501022060975579
154900000	154949999	0.5457234370317073	0.5350555112000001	0.010667925831707281
154950000	154999999	0.5503868904853659	0.5350555112000001	0.015331379285365876
155000000	155049999	0.5560489169390245	0.5350555112000001	0.020993405739024418
155050000	155099999	0.5624267120658537	0.5350555112000001	0.02737120086585365
155100000	155149999	0.5713183248658538	0.5350555112000001	0.03626281366585371
155150000	155199999	0.5842042022609757	0.5350555112000001	0.049148691060975636
155200000	155249999	0.5935719252219512	0.5350555112000001	0.05851641402195118
155250000	155299999	0.598447576497561	0.5350555112000001	0.06339206529756092
155300000	155349999	0.6051071638878049	0.5350555112000001	0.07005165268780489
155350000	155399999	0.6039743698365854	0.5350555112000001	0.06891885863658531
155400000	155449999	0.6131933139195123	0.5350555112000001	0.0781378027195122
155450000	155499999	0.6213245952463415	0.5350555112000001	0.08626908404634148
155500000	155549999	0.6275621772219513	0.5350555112000001	0.09250666602195123
155550000	155599999	0.6377495245707318	0.5350555112000001	0.1026940133707317
155600000	155649999	0.6437722323560976	0.5350555112000001	0.10871672115609754
155650000	155699999	0.6523706213463415	0.5350555112000001	0.11731511014634144
155700000	155749999	0.656977741097561	0.5350555112000001	0.12192222989756096
155750000	155799999	0.6665381142439025	0.5350555112000001	0.13148260304390247
155800000	155849999	0.6710868461585366	0.5350555112000001	0.1360313349585366
155850000	155899999	0.6772430283951221	0.5350555112000001	0.14218751719512202
155900000	155949999	0.6886349850585367	0.5350555112000001	0.15357947385853665
155950000	155999999	0.6901294376707318	0.5350555112000001	0.1550739264707317
156000000	156049999	0.7037597038707317	0.5350555112000001	0.16870419267073167
156050000	156099999	0.7245181139853659	0.5350555112000001	0.18946260278536586
156100000	156149999	0.7278183311658537	0.5350555112000001	0.19276281996585365
156150000	156199999	0.7287589571682928	0.5350555112000001	0.1937034459682927
156200000	156249999	0.7351168983634147	0.5350555112000001	0.2000613871634146
156250000	156299999	0.7374480399365855	0.5350555112000001	0.20239252873658542
156300000	156349999	0.7391964139024391	0.5350555112000001	0.204140902702439
156350000	156399999	0.7500353594024392	0.5350555112000001	0.2149798482024391
156400000	156449999	0.7795250647146342	0.5350555112000001	0.24446955351463417
156450000	156499999	0.7895283638317074	0.5350555112000001	0.2544728526317074
156500000	156549999	0.800268531490244	0.5350555112000001	0.26521302029024396
156550000	156599999	0.8029260416390245	0.5350555112000001	0.2678705304390244
156600000	156649999	0.8113856403000002	0.5350555112000001	0.2763301291000001
156650000	156699999	0.826021213585366	0.5350555112000001	0.2909657023853659
156700000	156749999	0.8330089129243903	0.5350555112000001	0.2979534017243902
156750000	156799999	0.8455722169097561	0.5350555112000001	0.3105167057097561
156800000	156849999	0.8505406918609757	0.5350555112000001	0.31548518066097564
156850000	156899999	0.8585623402146342	0.5350555112000001	0.3235068290146341
156900000	156949999	0.8692981197731708	0.5350555112000001	0.3342426085731708
156950000	156999999	0.8777771230560977	0.5350555112000001	0.3427216118560976
157000000	157049999	0.8933828847487806	0.5350555112000001	0.3583273735487805
157050000	157099999	0.9250233653365854	0.5350555112000001	0.3899678541365853
157100000	157149999	0.9350879324780489	0.5350555112000001	0.40003242127804883
157150000	157199999	0.9524045579414635	0.5350555112000001	0.41734904674146345
157200000	157249999	0.9538007092317073	0.5350555112000001	0.4187451980317073
157250000	157299999	0.9618365238365854	0.5350555112000001	0.4267810126365853
157300000	157349999	0.9730028509804879	0.5350555112000001	0.43794733978048783
157350000	157399999	0.9832882828243903	0.5350555112000001	0.44823277162439024
157400000	157449999	0.9905140038829269	0.5350555112000001	0.4554584926829268
157450000	157499999	0.9975518013439025	0.5350555112000001	0.4624962901439025
157500000	157549999	1.0061044907463415	0.5350555112000001	0.4710489795463414
157550000	157599999	1.0143958781365856	0.5350555112000001	0.47934036693658555
157600000	157649999	1.0243166913390245	0.5350555112000001	0.4892611801390244
157650000	157699999	1.034331312890244	0.5350555112000001	0.499275801690244
157700000	157749999	1.0422462057121953	0.5350555112000001	0.5071906945121952
157750000	157799999	1.057640432080488	0.5350555112000001	0.5225849208804879
157800000	157849999	1.0692531157268292	0.5350555112000001	0.5341976045268292
157850000	157899999	1.0803074974902438	0.5350555112000001	0.5452519862902437
157900000	157949999	1.0821238792536587	0.5350555112000001	0.5470683680536587
157950000	157999999	1.0850926594585366	0.5350555112000001	0.5500371482585366
158000000	158049999	1.091767045	0.5350555112000001	0.5567115338
158050000	158099999	1.0934580521756097	0.5350555112000001	0.5584025409756096
158100000	158149999	1.0921494979414637	0.5350555112000001	0.5570939867414636
158150000	158199999	1.0934159007585367	0.5350555112000001	0.5583603895585366
158200000	158249999	1.1075252130512196	0.5350555112000001	0.5724697018512196
158250000	158299999	1.1182129087487804	0.5350555112000001	0.5831573975487804
158300000	158349999	1.1254247781170732	0.5350555112000001	0.5903692669170731
158350000	158399999	1.1318319629707316	0.5350555112000001	0.5967764517707316
158400000	158449999	1.1465196588414637	0.5350555112000001	0.6114641476414636
158450000	158499999	1.139685724302439	0.5350555112000001	0.6046302131024389
158500000	158549999	1.1402599866	0.5350555112000001	0.6052044754
158550000	158599999	1.126985070978049	0.5350555112000001	0.5919295597780488
158600000	158649999	1.1260801522146342	0.5350555112000001	0.5910246410146341
158650000	158699999	1.1202145171	0.5350555112000001	0.5851590058999999
158700000	158749999	1.111767761882927	0.5350555112000001	0.5767122506829269
158750000	158799999	1.110007359504878	0.5350555112000001	0.574951848304878
158800000	158849999	1.1024144289585367	0.5350555112000001	0.5673589177585366
158850000	158899999	1.1026229614560976	0.5350555112000001	0.5675674502560976
158900000	158949999	1.1059013870365855	0.5350555112000001	0.5708458758365854
158950000	158999999	1.0973535068609759	0.5350555112000001	0.5622979956609758
159000000	159049999	1.0943821719121951	0.5350555112000001	0.5593266607121951
159050000	159099999	1.0772359820000001	0.5350555112000001	0.5421804708000001
159100000	159149999	1.0580203597634148	0.5350555112000001	0.5229648485634147
159150000	159199999	1.0613784000365856	0.5350555112000001	0.5263228888365855
159200000	159249999	1.059385877204878	0.5350555112000001	0.524330366004878
159250000	159299999	1.0784060096536585	0.5350555112000001	0.5433504984536585
159300000	159349999	1.0870199322	0.5350555112000001	0.551964421
159350000	159399999	1.0979826801195123	0.5350555112000001	0.5629271689195122
159400000	159449999	1.1082056091707317	0.5350555112000001	0.5731500979707317
159450000	159499999	1.1160137473853662	0.5350555112000001	0.5809582361853661
159500000	159549999	1.1217783807317074	0.5350555112000001	0.5867228695317074
159550000	159599999	1.1204600015756099	0.5350555112000001	0.5854044903756098
159600000	159649999	1.129449263921951	0.5350555112000001	0.594393752721951
159650000	159699999	1.1183921745317074	0.5350555112000001	0.5833366633317073
159700000	159749999	1.1233390608000002	0.5350555112000001	0.5882835496000002
159750000	159799999	1.118270245392683	0.5350555112000001	0.5832147341926829
159800000	159849999	1.1058951011487808	0.5350555112000001	0.5708395899487807
159850000	159899999	1.0905660258048782	0.5350555112000001	0.5555105146048781
159900000	159949999	1.0712092520317076	0.5350555112000001	0.5361537408317075
159950000	159999999	1.057047256085366	0.5350555112000001	0.521991744885366
160000000	160049999	1.0487726159073172	0.5350555112000001	0.5137171047073171
160050000	160099999	1.0388330799707317	0.5350555112000001	0.5037775687707317
160100000	160149999	1.0296280464317074	0.5350555112000001	0.4945725352317073
160150000	160199999	1.022605224792683	0.5350555112000001	0.48754971359268284
160200000	160249999	1.0155543792731707	0.5350555112000001	0.48049886807317066
160250000	160299999	0.9976994847268292	0.5350555112000001	0.4626439735268292
160300000	160349999	0.9753413612463415	0.5350555112000001	0.44028585004634146
160350000	160399999	0.9601895920756098	0.5350555112000001	0.4251340808756098
160400000	160449999	0.9479218644024391	0.5350555112000001	0.41286635320243903
160450000	160499999	0.9178744813609756	0.5350555112000001	0.38281897016097555
160500000	160549999	0.8934581889048782	0.5350555112000001	0.3584026777048781
160550000	160599999	0.8800227136121952	0.5350555112000001	0.34496720241219514
160600000	160649999	0.875071851607317	0.5350555112000001	0.340016340407317
160650000	160699999	0.8657092301365854	0.5350555112000001	0.33065371893658535
160700000	160749999	0.8585552534756098	0.5350555112000001	0.32349974227560974
160750000	160799999	0.8465249587853659	0.5350555112000001	0.3114694475853659
160800000	160849999	0.8382806375658536	0.5350555112000001	0.3032251263658535
160850000	160899999	0.8340828608463415	0.5350555112000001	0.2990273496463415
160900000	160949999	0.8267751693390244	0.5350555112000001	0.29171965813902434
160950000	160999999	0.8260585675170733	0.5350555112000001	0.29100305631707324
161000000	161049999	0.8415879550341464	0.5350555112000001	0.30653244383414635
161050000	161099999	0.8470226897439025	0.5350555112000001	0.31196717854390243
161100000	161149999	0.8694430535097561	0.5350555112000001	0.3343875423097561
161150000	161199999	0.8727423679951221	0.5350555112000001	0.337686856795122
161200000	161249999	0.884607506104878	0.5350555112000001	0.349551994904878
161250000	161299999	0.8675178635780488	0.5350555112000001	0.3324623523780488
161300000	161349999	0.840128562492683	0.5350555112000001	0.3050730512926829
161350000	161399999	0.812790876007317	0.5350555112000001	0.277735364807317
161400000	161449999	0.7786298366219513	0.5350555112000001	0.24357432542195123
161450000	161499999	0.7598604028878049	0.5350555112000001	0.22480489168780482
161500000	161549999	0.7469652840487805	0.5350555112000001	0.21190977284878043
161550000	161599999	0.7317347502317073	0.5350555112000001	0.19667923903170725
161600000	161649999	0.7257389015365854	0.5350555112000001	0.19068339033658532
161650000	161699999	0.6987598840219513	0.5350555112000001	0.16370437282195127
161700000	161749999	0.691436237185366	0.5350555112000001	0.1563807259853659
161750000	161799999	0.6684186234341464	0.5350555112000001	0.13336311223414632
161800000	161849999	0.6648866380341464	0.5350555112000001	0.12983112683414633
161850000	161899999	0.6592687627146342	0.5350555112000001	0.12421325151463414
161900000	161949999	0.6484523496634147	0.5350555112000001	0.11339683846341464
161950000	161999999	0.6475226400585367	0.5350555112000001	0.1124671288585366
162000000	162049999	0.6531755345341465	0.5350555112000001	0.1181200233341464
162050000	162099999	0.6524279772317073	0.5350555112000001	0.11737246603170726
162100000	162149999	0.6522379781463415	0.5350555112000001	0.11718246694634149
162150000	162199999	0.6465167965243903	0.5350555112000001	0.11146128532439026
162200000	162249999	0.6458662550609756	0.5350555112000001	0.11081074386097556
162250000	162299999	0.6488006523756098	0.5350555112000001	0.11374514117560974
162300000	162349999	0.6454209289341464	0.5350555112000001	0.11036541773414632
162350000	162399999	0.6513312459682927	0.5350555112000001	0.11627573476829267
162400000	162449999	0.6456042571390245	0.5350555112000001	0.11054874593902442
162450000	162499999	0.6513979179829269	0.5350555112000001	0.11634240678292684
162500000	162549999	0.6561729260756098	0.5350555112000001	0.12111741487560979
162550000	162599999	0.6617018121097562	0.5350555112000001	0.12664630090975615
162600000	162649999	0.6689226521243903	0.5350555112000001	0.13386714092439023
162650000	162699999	0.676043554985366	0.5350555112000001	0.1409880437853659
162700000	162749999	0.6816568958634147	0.5350555112000001	0.14660138466341466
162750000	162799999	0.6840927153780488	0.5350555112000001	0.14903720417804878
162800000	162849999	0.6884793661365854	0.5350555112000001	0.1534238549365854
162850000	162899999	0.6873211945585367	0.5350555112000001	0.15226568335853663
162900000	162949999	0.6852955198048781	0.5350555112000001	0.15024000860487807
162950000	162999999	0.6890964976512195	0.5350555112000001	0.15404098645121944
163000000	163049999	0.681479550397561	0.5350555112000001	0.14642403919756097
163050000	163099999	0.6666792239487805	0.5350555112000001	0.13162371274878049
163100000	163149999	0.6483083141000001	0.5350555112000001	0.11325280290000006
163150000	163199999	0.6275708797365854	0.5350555112000001	0.09251536853658537
163200000	163249999	0.6112679882682928	0.5350555112000001	0.0762124770682927
163250000	163299999	0.5784265294756098	0.5350555112000001	0.04337101827560974
163300000	163349999	0.5749481407292684	0.5350555112000001	0.03989262952926831
163350000	163399999	0.5723600509829269	0.5350555112000001	0.037304539782926804
163400000	163449999	0.5726968369853659	0.5350555112000001	0.03764132578536583
163450000	163499999	0.5788963306487805	0.5350555112000001	0.04384081944878049
163500000	163549999	0.5721978276804879	0.5350555112000001	0.037142316480487825
163550000	163599999	0.5650644481243903	0.5350555112000001	0.030008936924390217
163600000	163649999	0.5643134083756098	0.5350555112000001	0.02925789717560978
163650000	163699999	0.5542266696780488	0.5350555112000001	0.019171158478048733
163700000	163749999	0.5601077741146342	0.5350555112000001	0.025052262914634138
163750000	163799999	0.5569055176487805	0.5350555112000001	0.021850006448780435
163800000	163849999	0.5605863493414635	0.5350555112000001	0.025530838141463397
163850000	163899999	0.5562137618756098	0.5350555112000001	0.021158250675609724
163900000	163949999	0.5564698038682927	0.5350555112000001	0.021414292668292645
163950000	163999999	0.5574370049414634	0.5350555112000001	0.022381493741463365
164000000	164049999	0.5603760220804879	0.5350555112000001	0.025320510880487812
164050000	164099999	0.5579027168731708	0.5350555112000001	0.02284720567317078
164100000	164149999	0.5521509206536586	0.5350555112000001	0.017095409453658506
164150000	164199999	0.5500131399829269	0.5350555112000001	0.014957628782926835
164200000	164249999	0.5481257052414634	0.5350555112000001	0.013070194041463368
164250000	164299999	0.5442918313878049	0.5350555112000001	0.009236320187804847
164300000	164349999	0.5360607946365854	0.5350555112000001	0.001005283436585347
164350000	164399999	0.5371451135439025	0.5350555112000001	0.0020896023439024303
164400000	164449999	0.5329058968390245	0.5350555112000001	-0.0021496143609756047
164450000	164499999	0.5300668391560976	0.5350555112000001	-0.004988672043902409
164500000	164549999	0.5247523657487806	0.5350555112000001	-0.010303145451219464
164550000	164599999	0.5243549563121952	0.5350555112000001	-0.010700554887804858
164600000	164649999	0.5238078625243903	0.5350555112000001	-0.01124764867560979
164650000	164699999	0.5216644339317074	0.5350555112000001	-0.013391077268292695
164700000	164749999	0.522494150497561	0.5350555112000001	-0.012561360702439073
164750000	164799999	0.5258411025292683	0.5350555112000001	-0.009214408670731755
164800000	164849999	0.5256908805195123	0.5350555112000001	-0.009364630680487762
164850000	164899999	0.5252347121048782	0.5350555112000001	-0.009820799095121902
164900000	164949999	0.5267670454585366	0.5350555112000001	-0.008288465741463469
164950000	164999999	0.5322380364560976	0.5350555112000001	-0.0028174747439024816
165000000	165049999	0.5350328340292684	0.5350555112000001	-2.267717073167752e-05
165050000	165099999	0.5352434042658537	0.5350555112000001	0.0001878930658536504
165100000	165149999	0.5298679655804879	0.5350555112000001	-0.005187545619512179
165150000	165199999	0.5377052325146342	0.5350555112000001	0.002649721314634146
165200000	165249999	0.5397589065365854	0.5350555112000001	0.00470339533658537
165250000	165299999	0.5343446982365854	0.5350555112000001	-0.0007108129634146865
165300000	165349999	0.5291713890146342	0.5350555112000001	-0.005884122185365825
165350000	165399999	0.5301559039902439	0.5350555112000001	-0.004899607209756129
165400000	165449999	0.5335187947609756	0.5350555112000001	-0.0015367164390244215
165450000	165499999	0.5329447508268293	0.5350555112000001	-0.002110760373170706
165500000	165549999	0.5302869795317073	0.5350555112000001	-0.004768531668292719
165550000	165599999	0.525397091395122	0.5350555112000001	-0.009658419804878027
165600000	165649999	0.5328802696365854	0.5350555112000001	-0.0021752415634146427
165650000	165699999	0.5324910624975611	0.5350555112000001	-0.002564448702438993
165700000	165749999	0.5438626126756099	0.5350555112000001	0.008807101475609813
165750000	165799999	0.5612019464536586	0.5350555112000001	0.026146435253658562
165800000	165849999	0.5621055925804879	0.5350555112000001	0.02705008138048781
165850000	165899999	0.5708336023780488	0.5350555112000001	0.035778091178048754
165900000	165949999	0.5794201729146342	0.5350555112000001	0.04436466171463416
165950000	165999999	0.5784690802853659	0.5350555112000001	0.043413569085365866
166000000	166049999	0.5972150323512195	0.5350555112000001	0.06215952115121948
166050000	166099999	0.6107981719048781	0.5350555112000001	0.075742660704878
166100000	166149999	0.6284551083073171	0.5350555112000001	0.09339959710731705
166150000	166199999	0.646598171190244	0.5350555112000001	0.11154265999024393
166200000	166249999	0.6729323222487806	0.5350555112000001	0.13787681104878058
166250000	166299999	0.6986235259170732	0.5350555112000001	0.16356801471707316
166300000	166349999	0.7063773158073171	0.5350555112000001	0.17132180460731705
166350000	166399999	0.7185078666780489	0.5350555112000001	0.18345235547804883
166400000	166449999	0.7292444977585366	0.5350555112000001	0.19418898655853656
166450000	166499999	0.7273275028463415	0.5350555112000001	0.19227199164634146
166500000	166549999	0.7361527215658538	0.5350555112000001	0.2010972103658537
166550000	166599999	0.7298016036756099	0.5350555112000001	0.1947460924756098
166600000	166649999	0.7285171742243903	0.5350555112000001	0.19346166302439027
166650000	166699999	0.7321998227365855	0.5350555112000001	0.1971443115365854
166700000	166749999	0.7301092471	0.5350555112000001	0.19505373589999997
166750000	166799999	0.7271751393536586	0.5350555112000001	0.19211962815365857
166800000	166849999	0.7215081998487806	0.5350555112000001	0.1864526886487805
166850000	166899999	0.7228309986292684	0.5350555112000001	0.1877754874292683
166900000	166949999	0.7233844644195122	0.5350555112000001	0.18832895321951215
166950000	166999999	0.7256308732707317	0.5350555112000001	0.19057536207073167
167000000	167049999	0.7194714879121952	0.5350555112000001	0.18441597671219512
167050000	167099999	0.7150311060756098	0.5350555112000001	0.17997559487560977
167100000	167149999	0.713964272790244	0.5350555112000001	0.17890876159024394
167150000	167199999	0.7181695765487806	0.5350555112000001	0.1831140653487805
167200000	167249999	0.7161569663219512	0.5350555112000001	0.1811014551219512
167250000	167299999	0.7091074000390245	0.5350555112000001	0.17405188883902445
167300000	167349999	0.713053375190244	0.5350555112000001	0.17799786399024398
167350000	167399999	0.7255603798146342	0.5350555112000001	0.19050486861463412
167400000	167449999	0.7197074213243904	0.5350555112000001	0.1846519101243903
167450000	167499999	0.7200663032000001	0.5350555112000001	0.18501079200000003
167500000	167549999	0.7203573981707317	0.5350555112000001	0.1853018869707317
167550000	167599999	0.7255849696463416	0.5350555112000001	0.1905294584463415
167600000	167649999	0.7429774510365854	0.5350555112000001	0.20792193983658536
167650000	167699999	0.7409585506756098	0.5350555112000001	0.20590303947560973
167700000	167749999	0.7487200949243903	0.5350555112000001	0.21366458372439023
167750000	167799999	0.7532988919536586	0.5350555112000001	0.21824338075365857
167800000	167849999	0.7506790861390245	0.5350555112000001	0.2156235749390244
167850000	167899999	0.7529743117243903	0.5350555112000001	0.21791880052439028
167900000	167949999	0.7520581964951221	0.5350555112000001	0.217002685295122
167950000	167999999	0.751161779992683	0.5350555112000001	0.2161062687926829
168000000	168049999	0.7567062591097562	0.5350555112000001	0.22165074790975614
168050000	168099999	0.7493382583097561	0.5350555112000001	0.21428274710975603
168100000	168149999	0.7445549725268293	0.5350555112000001	0.20949946132682928
168150000	168199999	0.7418417787682927	0.5350555112000001	0.20678626756829266
168200000	168249999	0.7421182564439025	0.5350555112000001	0.20706274524390245
168250000	168299999	0.7290106350658537	0.5350555112000001	0.19395512386585367
168300000	168349999	0.7300945434487806	0.5350555112000001	0.1950390322487805
168350000	168399999	0.7370319660341463	0.5350555112000001	0.20197645483414628
168400000	168449999	0.7415067291146342	0.5350555112000001	0.20645121791463417
168450000	168499999	0.7539346708585366	0.5350555112000001	0.21887915965853655
168500000	168549999	0.7733054328000001	0.5350555112000001	0.23824992160000003
168550000	168599999	0.7842432804707318	0.5350555112000001	0.24918776927073172
168600000	168649999	0.8116035143146342	0.5350555112000001	0.2765480031146341
168650000	168699999	0.8329847540073172	0.5350555112000001	0.29792924280731714
168700000	168749999	0.8443602059487805	0.5350555112000001	0.3093046947487804
168750000	168799999	0.8843751562707318	0.5350555112000001	0.34931964507073177
168800000	168849999	0.9233022315536585	0.5350555112000001	0.3882467203536585
168850000	168899999	0.9532698192707317	0.5350555112000001	0.4182143080707317
168900000	168949999	0.977668672297561	0.5350555112000001	0.442613161097561
168950000	168999999	0.9975665043804879	0.5350555112000001	0.46251099318048783
169000000	169049999	1.0245139399902439	0.5350555112000001	0.4894584287902438
169050000	169099999	1.060493030892683	0.5350555112000001	0.5254375196926829
169100000	169149999	1.065950076995122	0.5350555112000001	0.530894565795122
169150000	169199999	1.0690310027121952	0.5350555112000001	0.5339754915121951
169200000	169249999	1.0803995097317074	0.5350555112000001	0.5453439985317073
169250000	169299999	1.0989179819634147	0.5350555112000001	0.5638624707634147
169300000	169349999	1.1334190036341463	0.5350555112000001	0.5983634924341462
169350000	169399999	1.1593560652853658	0.5350555112000001	0.6243005540853658
169400000	169449999	1.1634254630560976	0.5350555112000001	0.6283699518560976
169450000	169499999	1.1926094378048782	0.5350555112000001	0.6575539266048781
169500000	169549999	1.2176320662268294	0.5350555112000001	0.6825765550268293
169550000	169599999	1.231758212882927	0.5350555112000001	0.6967027016829269
169600000	169649999	1.2339179349951221	0.5350555112000001	0.6988624237951221
169650000	169699999	1.2368171843634146	0.5350555112000001	0.7017616731634145
169700000	169749999	1.2606367103219513	0.5350555112000001	0.7255811991219513
169750000	169799999	1.277996832202439	0.5350555112000001	0.742941321002439
169800000	169849999	1.2991481862390244	0.5350555112000001	0.7640926750390243
169850000	169899999	1.3333607867170731	0.5350555112000001	0.7983052755170731
169900000	169949999	1.3692112405585366	0.5350555112000001	0.8341557293585365
169950000	169999999	1.3781729464439023	0.5350555112000001	0.8431174352439023
170000000	170049999	1.386472267902439	0.5350555112000001	0.851416756702439
170050000	170099999	1.3981065526585366	0.5350555112000001	0.8630510414585365
170100000	170149999	1.423799582187805	0.5350555112000001	0.8887440709878048
170150000	170199999	1.4534475846975612	0.5350555112000001	0.9183920734975611
170200000	170249999	1.4611022881463414	0.5350555112000001	0.9260467769463413
170250000	170299999	1.4637286447560975	0.5350555112000001	0.9286731335560975
170300000	170349999	1.465278766097561	0.5350555112000001	0.930223254897561
170350000	170399999	1.4587782842585366	0.5350555112000001	0.9237227730585366
170400000	170449999	1.4636296893512193	0.5350555112000001	0.9285741781512192
170450000	170499999	1.466020331785366	0.5350555112000001	0.9309648205853659
170500000	170549999	1.4555932649414633	0.5350555112000001	0.9205377537414633
170550000	170599999	1.4494301639219511	0.5350555112000001	0.9143746527219511
170600000	170649999	1.457630561385366	0.5350555112000001	0.9225750501853659
170650000	170699999	1.4478263946439025	0.5350555112000001	0.9127708834439024
170700000	170749999	1.4367403754756096	0.5350555112000001	0.9016848642756096
170750000	170799999	1.4287672097121953	0.5350555112000001	0.8937116985121952
170800000	170849999	1.4003358729536586	0.5350555112000001	0.8652803617536585
170850000	170899999	1.3894959546707317	0.5350555112000001	0.8544404434707317
170900000	170949999	1.393926217204878	0.5350555112000001	0.858870706004878
170950000	170999999	1.4054270495292682	0.5350555112000001	0.8703715383292682
171000000	171049999	1.4049747577390246	0.5350555112000001	0.8699192465390245
171050000	171099999	1.3917752377439023	0.5350555112000001	0.8567197265439023
171100000	171149999	1.3723831655658536	0.5350555112000001	0.8373276543658535
171150000	171199999	1.3762530961951218	0.5350555112000001	0.8411975849951218
171200000	171249999	1.395897740795122	0.5350555112000001	0.860842229595122
171250000	171299999	1.403311307802439	0.5350555112000001	0.868255796602439
171300000	171349999	1.4168516628731709	0.5350555112000001	0.8817961516731708
171350000	171399999	1.399303006395122	0.5350555112000001	0.8642474951951219
171400000	171449999	1.3865704415365854	0.5350555112000001	0.8515149303365853
171450000	171499999	1.382771966085366	0.5350555112000001	0.8477164548853658
171500000	171549999	1.3789685987682927	0.5350555112000001	0.8439130875682926
171550000	171599999	1.3815259300926828	0.5350555112000001	0.8464704188926827
171600000	171649999	1.3845938017024393	0.5350555112000001	0.8495382905024392
171650000	171699999	1.4017745960634147	0.5350555112000001	0.8667190848634146
171700000	171749999	1.4074732148170732	0.5350555112000001	0.8724177036170732
171750000	171799999	1.395779865185366	0.5350555112000001	0.8607243539853658
171800000	171849999	1.3928993641439025	0.5350555112000001	0.8578438529439024
171850000	171899999	1.3683670178048781	0.5350555112000001	0.8333115066048781
171900000	171949999	1.3403437469292685	0.5350555112000001	0.8052882357292684
171950000	171999999	1.3030644092634147	0.5350555112000001	0.7680088980634147
172000000	172049999	1.2933369559731709	0.5350555112000001	0.7582814447731708
172050000	172099999	1.2807738268658535	0.5350555112000001	0.7457183156658534
172100000	172149999	1.2679812525804879	0.5350555112000001	0.7329257413804878
172150000	172199999	1.2414598678292683	0.5350555112000001	0.7064043566292683
172200000	172249999	1.2101661069317076	0.5350555112000001	0.6751105957317075
172250000	172299999	1.1933592107439024	0.5350555112000001	0.6583036995439023
172300000	172349999	1.185016299882927	0.5350555112000001	0.649960788682927
172350000	172399999	1.177854401587805	0.5350555112000001	0.6427988903878049
172400000	172449999	1.1652040886170731	0.5350555112000001	0.6301485774170731
172450000	172499999	1.1567577198780488	0.5350555112000001	0.6217022086780487
172500000	172549999	1.1448641577195122	0.5350555112000001	0.6098086465195122
172550000	172599999	1.1424327387780489	0.5350555112000001	0.6073772275780488
172600000	172649999	1.1416173823829268	0.5350555112000001	0.6065618711829267
172650000	172699999	1.1309952786463415	0.5350555112000001	0.5959397674463415
172700000	172749999	1.1299209292317074	0.5350555112000001	0.5948654180317073
172750000	172799999	1.1264391282341464	0.5350555112000001	0.5913836170341463
172800000	172849999	1.1346033109634148	0.5350555112000001	0.5995477997634148
172850000	172899999	1.1393632350439025	0.5350555112000001	0.6043077238439024
172900000	172949999	1.1224517301365855	0.5350555112000001	0.5873962189365854
172950000	172999999	1.1084041495292682	0.5350555112000001	0.5733486383292682
173000000	173049999	1.1040240664487806	0.5350555112000001	0.5689685552487805
173050000	173099999	1.1115323031658537	0.5350555112000001	0.5764767919658537
173100000	173149999	1.107924539192683	0.5350555112000001	0.572869027992683
173150000	173199999	1.0997031717439025	0.5350555112000001	0.5646476605439025
173200000	173249999	1.098043566380488	0.5350555112000001	0.5629880551804879
173250000	173299999	1.0806306232	0.5350555112000001	0.545575112
173300000	173349999	1.0647922510682926	0.5350555112000001	0.5297367398682925
173350000	173399999	1.0356936717365854	0.5350555112000001	0.5006381605365854
173400000	173449999	1.0278558256024393	0.5350555112000001	0.4928003144024392
173450000	173499999	1.0251197062609756	0.5350555112000001	0.49006419506097554
173500000	173549999	1.0256771164560976	0.5350555112000001	0.49062160525609755
173550000	173599999	1.0079985399707319	0.5350555112000001	0.4729430287707318
173600000	173649999	0.9874579334731708	0.5350555112000001	0.45240242227317073
173650000	173699999	0.9853694835243902	0.5350555112000001	0.4503139723243902
173700000	173749999	0.9723144119243903	0.5350555112000001	0.4372589007243902
173750000	173799999	0.9795062896219513	0.5350555112000001	0.44445077842195124
173800000	173849999	0.9818573125243903	0.5350555112000001	0.4468018013243903
173850000	173899999	0.9707619439000001	0.5350555112000001	0.4357064327000001
173900000	173949999	0.9798616192048781	0.5350555112000001	0.4448061080048781
173950000	173999999	0.9897833062512196	0.5350555112000001	0.4547277950512195
174000000	174049999	1.0275468547780489	0.5350555112000001	0.4924913435780488
174050000	174099999	1.0530772789365854	0.5350555112000001	0.5180217677365854
174100000	174149999	1.0644237803853658	0.5350555112000001	0.5293682691853657
174150000	174199999	1.0673734791292684	0.5350555112000001	0.5323179679292683
174200000	174249999	1.0679748569878047	0.5350555112000001	0.5329193457878046
174250000	174299999	1.0819129824536584	0.5350555112000001	0.5468574712536584
174300000	174349999	1.0912377881536586	0.5350555112000001	0.5561822769536585
174350000	174399999	1.090939103007317	0.5350555112000001	0.555883591807317
174400000	174449999	1.093240954892683	0.5350555112000001	0.5581854436926829
174450000	174499999	1.1046625610097562	0.5350555112000001	0.5696070498097562
174500000	174549999	1.0964912327048784	0.5350555112000001	0.5614357215048783
174550000	174599999	1.0944671253585367	0.5350555112000001	0.5594116141585367
174600000	174649999	1.098708245090244	0.5350555112000001	0.5636527338902438
174650000	174699999	1.0991331456560975	0.5350555112000001	0.5640776344560975
174700000	174749999	1.119012649395122	0.5350555112000001	0.583957138195122
174750000	174799999	1.1290320075195122	0.5350555112000001	0.5939764963195121
174800000	174849999	1.143956554695122	0.5350555112000001	0.608901043495122
174850000	174899999	1.1306253605268293	0.5350555112000001	0.5955698493268292
174900000	174949999	1.1305801257341463	0.5350555112000001	0.5955246145341463
174950000	174999999	1.152068149985366	0.5350555112000001	0.6170126387853659
175000000	175049999	1.1521302985121953	0.5350555112000001	0.6170747873121952
175050000	175099999	1.1391750985317075	0.5350555112000001	0.6041195873317075
175100000	175149999	1.1276152338682928	0.5350555112000001	0.5925597226682927
175150000	175199999	1.124370416904878	0.5350555112000001	0.589314905704878
175200000	175249999	1.1304539098097561	0.5350555112000001	0.5953983986097561
175250000	175299999	1.1301068427975611	0.5350555112000001	0.5950513315975611
175300000	175349999	1.1271774835268293	0.5350555112000001	0.5921219723268293
175350000	175399999	1.1222849223609757	0.5350555112000001	0.5872294111609756
175400000	175449999	1.1253915023146344	0.5350555112000001	0.5903359911146343
175450000	175499999	1.1174968659146343	0.5350555112000001	0.5824413547146342
175500000	175549999	1.1133372497682927	0.5350555112000001	0.5782817385682927
175550000	175599999	1.1124155174	0.5350555112000001	0.5773600062
175600000	175649999	1.1077179189804878	0.5350555112000001	0.5726624077804877
175650000	175699999	1.1007404319048781	0.5350555112000001	0.5656849207048781
175700000	175749999	1.0944604906560977	0.5350555112000001	0.5594049794560977
175750000	175799999	1.0993016739317074	0.5350555112000001	0.5642461627317074
175800000	175849999	1.0984402414219514	0.5350555112000001	0.5633847302219513
175850000	175899999	1.1089030087268292	0.5350555112000001	0.5738474975268292
175900000	175949999	1.0993344863365855	0.5350555112000001	0.5642789751365854
175950000	175999999	1.0800040301487805	0.5350555112000001	0.5449485189487805
176000000	176049999	1.0454742421634147	0.5350555112000001	0.5104187309634146
176050000	176099999	1.0111508762390244	0.5350555112000001	0.4760953650390244
176100000	176149999	0.9912735921097561	0.5350555112000001	0.456218080909756
176150000	176199999	1.0010292259219513	0.5350555112000001	0.46597371472195126
176200000	176249999	1.0171947160341466	0.5350555112000001	0.4821392048341465
176250000	176299999	1.0190296076	0.5350555112000001	0.4839740964
176300000	176349999	1.0091670932487806	0.5350555112000001	0.47411158204878057
176350000	176399999	0.9984965060439025	0.5350555112000001	0.46344099484390244
176400000	176449999	0.9972537318317074	0.5350555112000001	0.46219822063170735
176450000	176499999	0.9982337978536586	0.5350555112000001	0.46317828665365857
176500000	176549999	0.9946146578487806	0.5350555112000001	0.4595591466487805
176550000	176599999	1.0002181763121953	0.5350555112000001	0.4651626651121953
176600000	176649999	1.0034772255219513	0.5350555112000001	0.46842171432195123
176650000	176699999	0.9995153548707317	0.5350555112000001	0.4644598436707317
176700000	176749999	1.0078435055853658	0.5350555112000001	0.4727879943853658
176750000	176799999	0.9924804261390244	0.5350555112000001	0.4574249149390244
176800000	176849999	0.9860261962731708	0.5350555112000001	0.45097068507317073
176850000	176899999	0.9739291139780488	0.5350555112000001	0.43887360277804877
176900000	176949999	0.9773393283829268	0.5350555112000001	0.44228381718292675
176950000	176999999	0.9837493322634147	0.5350555112000001	0.4486938210634146
177000000	177049999	0.9835298095902439	0.5350555112000001	0.4484742983902439
177050000	177099999	0.980249075792683	0.5350555112000001	0.4451935645926829
177100000	177149999	0.9817753322439025	0.5350555112000001	0.4467198210439024
177150000	177199999	0.9883096249853659	0.5350555112000001	0.45325411378536584
177200000	177249999	1.0022134152414635	0.5350555112000001	0.4671579040414634
177250000	177299999	1.0132057771731708	0.5350555112000001	0.4781502659731708
177300000	177349999	1.036094021595122	0.5350555112000001	0.5010385103951219
177350000	177399999	1.0705909604780488	0.5350555112000001	0.5355354492780487
177400000	177449999	1.0829634246634146	0.5350555112000001	0.5479079134634145
177450000	177499999	1.090795614297561	0.5350555112000001	0.555740103097561
177500000	177549999	1.1075113610609755	0.5350555112000001	0.5724558498609754
177550000	177599999	1.1236345550487805	0.5350555112000001	0.5885790438487805
177600000	177649999	1.1345301686463416	0.5350555112000001	0.5994746574463415
177650000	177699999	1.1490476993487806	0.5350555112000001	0.6139921881487805
177700000	177749999	1.1501105807390244	0.5350555112000001	0.6150550695390243
177750000	177799999	1.1568513487731709	0.5350555112000001	0.6217958375731708
177800000	177849999	1.142053409495122	0.5350555112000001	0.606997898295122
177850000	177899999	1.1393548231560975	0.5350555112000001	0.6042993119560974
177900000	177949999	1.1236640214439024	0.5350555112000001	0.5886085102439024
177950000	177999999	1.1484412260707317	0.5350555112000001	0.6133857148707317
178000000	178049999	1.1651397519609756	0.5350555112000001	0.6300842407609756
178050000	178099999	1.1771404575536586	0.5350555112000001	0.6420849463536585
178100000	178149999	1.1933395562780489	0.5350555112000001	0.6582840450780488
178150000	178199999	1.2055616713780488	0.5350555112000001	0.6705061601780488
178200000	178249999	1.2014529422634146	0.5350555112000001	0.6663974310634145
178250000	178299999	1.2012039459804877	0.5350555112000001	0.6661484347804877
178300000	178349999	1.2102486446341465	0.5350555112000001	0.6751931334341464
178350000	178399999	1.2250566433731707	0.5350555112000001	0.6900011321731706
178400000	178449999	1.2441467170097562	0.5350555112000001	0.7090912058097562
178450000	178499999	1.2679332797634146	0.5350555112000001	0.7328777685634146
178500000	178549999	1.2579174129439026	0.5350555112000001	0.7228619017439025
178550000	178599999	1.2639023264682927	0.5350555112000001	0.7288468152682926
178600000	178649999	1.2739333921439024	0.5350555112000001	0.7388778809439024
178650000	178699999	1.2817362977	0.5350555112000001	0.7466807864999999
178700000	178749999	1.284846770209756	0.5350555112000001	0.7497912590097559
178750000	178799999	1.2735950486682928	0.5350555112000001	0.7385395374682927
178800000	178849999	1.2615115937878048	0.5350555112000001	0.7264560825878047
178850000	178899999	1.246463869612195	0.5350555112000001	0.711408358412195
178900000	178949999	1.2325501970292683	0.5350555112000001	0.6974946858292682
178950000	178999999	1.227055268797561	0.5350555112000001	0.691999757597561
179000000	179049999	1.2122953106146341	0.5350555112000001	0.6772397994146341
179050000	179099999	1.1797511249146342	0.5350555112000001	0.6446956137146341
179100000	179149999	1.1639784348658537	0.5350555112000001	0.6289229236658537
179150000	179199999	1.1435953884195122	0.5350555112000001	0.6085398772195122
179200000	179249999	1.1204724281512195	0.5350555112000001	0.5854169169512194
179250000	179299999	1.0976734243926831	0.5350555112000001	0.5626179131926831
179300000	179349999	1.0723947991317073	0.5350555112000001	0.5373392879317073
179350000	179399999	1.0451275399804878	0.5350555112000001	0.5100720287804877
179400000	179449999	1.0097214770707317	0.5350555112000001	0.4746659658707316
179450000	179499999	0.9957070710878049	0.5350555112000001	0.4606515598878048
179500000	179549999	0.9817330219243903	0.5350555112000001	0.4466775107243902
179550000	179599999	0.968596713590244	0.5350555112000001	0.43354120239024396
179600000	179649999	0.9467193632829269	0.5350555112000001	0.4116638520829269
179650000	179699999	0.93741934357561	0.5350555112000001	0.4023638323756099
179700000	179749999	0.9293031168756098	0.5350555112000001	0.3942476056756098
179750000	179799999	0.9288485181756099	0.5350555112000001	0.3937930069756098
179800000	179849999	0.9298984667682928	0.5350555112000001	0.39484295556829274
179850000	179899999	0.9406650513756099	0.5350555112000001	0.4056095401756098
179900000	179949999	0.9259699815829269	0.5350555112000001	0.3909144703829268
179950000	179999999	0.9250084596682928	0.5350555112000001	0.38995294846829276
180000000	180049999	0.8992331521170732	0.5350555112000001	0.36417764091707316
180050000	180099999	0.8819713900341464	0.5350555112000001	0.3469158788341463
180100000	180149999	0.8702131712048782	0.5350555112000001	0.3351576600048781
180150000	180199999	0.8497384187707318	0.5350555112000001	0.3146829075707317
180200000	180249999	0.829569329495122	0.5350555112000001	0.2945138182951219
180250000	180299999	0.8123715122512195	0.5350555112000001	0.27731600105121945
180300000	180349999	0.789544824297561	0.5350555112000001	0.25448931309756095
180350000	180399999	0.7778357157121952	0.5350555112000001	0.24278020451219517
180400000	180449999	0.7623244318609756	0.5350555112000001	0.2272689206609756
180450000	180499999	0.7399035124634147	0.5350555112000001	0.20484800126341463
180500000	180549999	0.7115927960048781	0.5350555112000001	0.17653728480487807
180550000	180599999	0.712801903092683	0.5350555112000001	0.17774639189268293
180600000	180649999	0.6971423299146342	0.5350555112000001	0.16208681871463415
180650000	180699999	0.6796775318878049	0.5350555112000001	0.14462202068780483
180700000	180749999	0.6680640129926829	0.5350555112000001	0.13300850179268286
180750000	180799999	0.6716575078536585	0.5350555112000001	0.13660199665365846
180800000	180849999	0.6823700958000001	0.5350555112000001	0.14731458460000002
180850000	180899999	0.6989028735780488	0.5350555112000001	0.16384736237804876
180900000	180949999	0.7170361720878049	0.5350555112000001	0.18198066088780485
180950000	180999999	0.7246960647365854	0.5350555112000001	0.18964055353658538
181000000	181049999	0.7176817774341464	0.5350555112000001	0.18262626623414635
181050000	181099999	0.7154888515585366	0.5350555112000001	0.18043334035853653
181100000	181149999	0.7163372458024391	0.5350555112000001	0.18128173460243902
181150000	181199999	0.7215763442804879	0.5350555112000001	0.18652083308048784
181200000	181249999	0.7234965719829268	0.5350555112000001	0.18844106078292677
181250000	181299999	0.7240944001365854	0.5350555112000001	0.18903888893658538
181300000	181349999	0.7263510591731708	0.5350555112000001	0.19129554797317072
181350000	181399999	0.7311846126658537	0.5350555112000001	0.1961291014658536
181400000	181449999	0.7280729608219513	0.5350555112000001	0.19301744962195122
181450000	181499999	0.7279563411609756	0.5350555112000001	0.19290082996097557
181500000	181549999	0.7232919333560976	0.5350555112000001	0.1882364221560976
181550000	181599999	0.7197674826341464	0.5350555112000001	0.1847119714341463
181600000	181649999	0.7240188083585366	0.5350555112000001	0.18896329715853655
181650000	181699999	0.7389448961634146	0.5350555112000001	0.20388938496341458
181700000	181749999	0.7535652785073171	0.5350555112000001	0.21850976730731708
181750000	181799999	0.7692897354365854	0.5350555112000001	0.23423422423658535
181800000	181849999	0.7731163088317073	0.5350555112000001	0.2380607976317073
181850000	181899999	0.7589704797609756	0.5350555112000001	0.2239149685609756
181900000	181949999	0.7560512463585366	0.5350555112000001	0.22099573515853654
181950000	181999999	0.7472496736731707	0.5350555112000001	0.2121941624731707
182000000	182049999	0.7358114867243903	0.5350555112000001	0.20075597552439028
182050000	182099999	0.734040325192683	0.5350555112000001	0.19898481399268297
182100000	182149999	0.7349235324780489	0.5350555112000001	0.1998680212780488
182150000	182199999	0.7381096286292683	0.5350555112000001	0.20305411742926827
182200000	182249999	0.7378174883512195	0.5350555112000001	0.20276197715121946
182250000	182299999	0.7310498628682928	0.5350555112000001	0.1959943516682927
182300000	182349999	0.7262984118682927	0.5350555112000001	0.19124290066829264
182350000	182399999	0.7269963242170732	0.5350555112000001	0.1919408130170731
182400000	182449999	0.7258906629731707	0.5350555112000001	0.19083515177317067
182450000	182499999	0.7213792894756098	0.5350555112000001	0.18632377827560975
182500000	182549999	0.7285481062463415	0.5350555112000001	0.19349259504634142
182550000	182599999	0.7466586684146342	0.5350555112000001	0.21160315721463419
182600000	182649999	0.762470493395122	0.5350555112000001	0.2274149821951219
182650000	182699999	0.7702258427536586	0.5350555112000001	0.23517033155365852
182700000	182749999	0.7775520092195123	0.5350555112000001	0.24249649801951223
182750000	182799999	0.7927607169756099	0.5350555112000001	0.25770520577560985
182800000	182849999	0.8076125716853659	0.5350555112000001	0.2725570604853659
182850000	182899999	0.8151458947170733	0.5350555112000001	0.28009038351707327
182900000	182949999	0.8054332419756098	0.5350555112000001	0.2703777307756098
182950000	182999999	0.8062867390536586	0.5350555112000001	0.2712312278536585
183000000	183049999	0.8179660944536586	0.5350555112000001	0.2829105832536586
183050000	183099999	0.8458097897487805	0.5350555112000001	0.31075427854878046
183100000	183149999	0.8484413944341463	0.5350555112000001	0.3133858832341463
183150000	183199999	0.8557357033121952	0.5350555112000001	0.3206801921121951
183200000	183249999	0.8576960896536585	0.5350555112000001	0.32264057845365846
183250000	183299999	0.8544503718024391	0.5350555112000001	0.31939486060243905
183300000	183349999	0.852389697895122	0.5350555112000001	0.3173341866951219
183350000	183399999	0.8486513010731708	0.5350555112000001	0.3135957898731707
183400000	183449999	0.8456160893097562	0.5350555112000001	0.3105605781097561
183450000	183499999	0.8420585190073171	0.5350555112000001	0.30700300780731704
183500000	183549999	0.8441866157121951	0.5350555112000001	0.30913110451219505
183550000	183599999	0.8498058148682928	0.5350555112000001	0.3147503036682927
183600000	183649999	0.8526578005292684	0.5350555112000001	0.3176022893292684
183650000	183699999	0.8484466194414635	0.5350555112000001	0.31339110824146343
183700000	183749999	0.8311696028487805	0.5350555112000001	0.29611409164878044
183750000	183799999	0.8050275394609757	0.5350555112000001	0.26997202826097566
183800000	183849999	0.7841895410487806	0.5350555112000001	0.24913402984878052
183850000	183899999	0.7774376937634148	0.5350555112000001	0.2423821825634147
183900000	183949999	0.7781062591560977	0.5350555112000001	0.2430507479560976
183950000	183999999	0.7690548784634147	0.5350555112000001	0.23399936726341464
184000000	184049999	0.7742685804829269	0.5350555112000001	0.23921306928292685
184050000	184099999	0.7852423809024391	0.5350555112000001	0.2501868697024391
184100000	184149999	0.7872766172097562	0.5350555112000001	0.2522211060097561
184150000	184199999	0.7893352820707318	0.5350555112000001	0.2542797708707317
184200000	184249999	0.7905890348	0.5350555112000001	0.2555335235999999
184250000	184299999	0.7930757713414635	0.5350555112000001	0.2580202601414634
184300000	184349999	0.8019854186609757	0.5350555112000001	0.26692990746097567
184350000	184399999	0.8026099448292684	0.5350555112000001	0.26755443362926834
184400000	184449999	0.7999467036073171	0.5350555112000001	0.26489119240731707
184450000	184499999	0.7977584628146343	0.5350555112000001	0.2627029516146342
184500000	184549999	0.7984558931195123	0.5350555112000001	0.2634003819195122
184550000	184599999	0.7944954731170732	0.5350555112000001	0.2594399619170732
184600000	184649999	0.776821700282927	0.5350555112000001	0.2417661890829269
184650000	184699999	0.7641610150317074	0.5350555112000001	0.22910550383170736
184700000	184749999	0.7627762907707318	0.5350555112000001	0.22772077957073178
184750000	184799999	0.7561081291536585	0.5350555112000001	0.2210526179536585
184800000	184849999	0.7356192588243903	0.5350555112000001	0.20056374762439022
184850000	184899999	0.709332452592683	0.5350555112000001	0.1742769413926829
184900000	184949999	0.6873619161756098	0.5350555112000001	0.15230640497560977
184950000	184999999	0.6769047283268294	0.5350555112000001	0.1418492171268293
185000000	185049999	0.6609237668536586	0.5350555112000001	0.12586825565365856
185050000	185099999	0.6475408234560976	0.5350555112000001	0.11248531225609759
185100000	185149999	0.6276022336804878	0.5350555112000001	0.09254672248048779
185150000	185199999	0.6224822694365855	0.5350555112000001	0.08742675823658541
185200000	185249999	0.6109568319390244	0.5350555112000001	0.07590132073902434
185250000	185299999	0.6021982948707317	0.5350555112000001	0.06714278367073168
185300000	185349999	0.6058082490121952	0.5350555112000001	0.07075273781219515
185350000	185399999	0.6112221320219513	0.5350555112000001	0.07616662082195125
185400000	185449999	0.612149771604878	0.5350555112000001	0.07709426040487799
185450000	185499999	0.6123128122073171	0.5350555112000001	0.07725730100731709
185500000	185549999	0.6176148846024391	0.5350555112000001	0.08255937340243902
185550000	185599999	0.6158838355560976	0.5350555112000001	0.08082832435609755
185600000	185649999	0.6188931390731708	0.5350555112000001	0.08383762787317073
185650000	185699999	0.630583773604878	0.5350555112000001	0.095528262404878
185700000	185749999	0.627433571395122	0.5350555112000001	0.09237806019512196
185750000	185799999	0.6322752871390245	0.5350555112000001	0.09721977593902442
185800000	185849999	0.6348146943878049	0.5350555112000001	0.09975918318780486
185850000	185899999	0.6387397613829269	0.5350555112000001	0.10368425018292682
185900000	185949999	0.6394708795682927	0.5350555112000001	0.10441536836829268
185950000	185999999	0.637066061895122	0.5350555112000001	0.102010550695122
186000000	186049999	0.6397479436146342	0.5350555112000001	0.1046924324146341
186050000	186099999	0.6343732342560976	0.5350555112000001	0.09931772305609754
186100000	186149999	0.6299993156780488	0.5350555112000001	0.09494380447804873
186150000	186199999	0.6317558091853659	0.5350555112000001	0.09670029798536584
186200000	186249999	0.6344047354146342	0.5350555112000001	0.0993492242146341
186250000	186299999	0.6341061674682927	0.5350555112000001	0.09905065626829268
186300000	186349999	0.640287611585366	0.5350555112000001	0.1052321003853659
186350000	186399999	0.6536315485195122	0.5350555112000001	0.11857603731951216
186400000	186449999	0.6699452070829268	0.5350555112000001	0.13488969588292676
186450000	186499999	0.6799299669585366	0.5350555112000001	0.14487445575853652
186500000	186549999	0.7064533064048781	0.5350555112000001	0.17139779520487808
186550000	186599999	0.7110217467243902	0.5350555112000001	0.17596623552439017
186600000	186649999	0.7149136125146343	0.5350555112000001	0.1798581013146342
186650000	186699999	0.7118335140560976	0.5350555112000001	0.17677800285609757
186700000	186749999	0.7199783691731708	0.5350555112000001	0.18492285797317076
186750000	186799999	0.7202868768609756	0.5350555112000001	0.18523136566097553
186800000	186849999	0.7136188692658537	0.5350555112000001	0.17856335806585366
186850000	186899999	0.7281697290780488	0.5350555112000001	0.19311421787804872
186900000	186949999	0.7429932602585366	0.5350555112000001	0.20793774905853657
186950000	186999999	0.7519352184560977	0.5350555112000001	0.21687970725609762
187000000	187049999	0.7607060589487805	0.5350555112000001	0.22565054774878046
187050000	187099999	0.759340414495122	0.5350555112000001	0.22428490329512196
187100000	187149999	0.7606896276195122	0.5350555112000001	0.22563411641951214
187150000	187199999	0.7644749395170732	0.5350555112000001	0.22941942831707318
187200000	187249999	0.7689960984658537	0.5350555112000001	0.23394058726585365
187250000	187299999	0.7797029316170732	0.5350555112000001	0.2446474204170731
187300000	187349999	0.8074162971317074	0.5350555112000001	0.2723607859317073
187350000	187399999	0.8286807313756098	0.5350555112000001	0.29362522017560977
187400000	187449999	0.8401349922390244	0.5350555112000001	0.3050794810390244
187450000	187499999	0.8547355097951219	0.5350555112000001	0.31967999859512186
187500000	187549999	0.8575143616853659	0.5350555112000001	0.3224588504853658
187550000	187599999	0.8645925472048781	0.5350555112000001	0.32953703600487805
187600000	187649999	0.8680708110268294	0.5350555112000001	0.3330152998268293
187650000	187699999	0.8694140590000001	0.5350555112000001	0.33435854780000007
187700000	187749999	0.8487162763195123	0.5350555112000001	0.31366076511951224
187750000	187799999	0.8420128548902439	0.5350555112000001	0.30695734369024386
187800000	187849999	0.8336690015536586	0.5350555112000001	0.2986134903536586
187850000	187899999	0.8255102847390244	0.5350555112000001	0.2904547735390244
187900000	187949999	0.8158953209268294	0.5350555112000001	0.2808398097268293
187950000	187999999	0.8081515201658538	0.5350555112000001	0.27309600896585373
188000000	188049999	0.8025761157292683	0.5350555112000001	0.2675206045292683
188050000	188099999	0.7976683440536587	0.5350555112000001	0.26261283285365866
188100000	188149999	0.8031406624195123	0.5350555112000001	0.26808515121951226
188150000	188199999	0.8063063292487805	0.5350555112000001	0.2712508180487805
188200000	188249999	0.8075427777731707	0.5350555112000001	0.2724872665731707
188250000	188299999	0.8020756251804879	0.5350555112000001	0.26702011398048786
188300000	188349999	0.7985109867585367	0.5350555112000001	0.26345547555853666
188350000	188399999	0.7904146901487805	0.5350555112000001	0.25535917894878046
188400000	188449999	0.7702656402682927	0.5350555112000001	0.23521012906829264
188450000	188499999	0.7512099010146341	0.5350555112000001	0.21615438981463408
188500000	188549999	0.7302888236756098	0.5350555112000001	0.1952333124756097
188550000	188599999	0.6924231600658537	0.5350555112000001	0.15736764886585364
188600000	188649999	0.6710836865317074	0.5350555112000001	0.1360281753317073
188650000	188699999	0.6490745344341464	0.5350555112000001	0.11401902323414637
188700000	188749999	0.637522004987805	0.5350555112000001	0.10246649378780492
188750000	188799999	0.6144924518268293	0.5350555112000001	0.07943694062682927
188800000	188849999	0.5959288169536586	0.5350555112000001	0.06087330575365857
188850000	188899999	0.5887534391829269	0.5350555112000001	0.05369792798292683
188900000	188949999	0.5735984184341464	0.5350555112000001	0.03854290723414633
188950000	188999999	0.5543888105146342	0.5350555112000001	0.019333299314634123
189000000	189049999	0.5398257643878049	0.5350555112000001	0.004770253187804885
189050000	189099999	0.533105683892683	0.5350555112000001	-0.0019498273073170758
189100000	189149999	0.5271819777682928	0.5350555112000001	-0.00787353343170727
189150000	189199999	0.5196548817414635	0.5350555112000001	-0.015400629458536597
189200000	189249999	0.5090818299073171	0.5350555112000001	-0.02597368129268296
189250000	189299999	0.49999893046097565	0.5350555112000001	-0.0350565807390244
189300000	189349999	0.49405783998048786	0.5350555112000001	-0.0409976712195122
189350000	189399999	0.469411583395122	0.5350555112000001	-0.06564392780487804
189400000	189449999	0.454477194195122	0.5350555112000001	-0.08057831700487805
189450000	189499999	0.4461684652390244	0.5350555112000001	-0.08888704596097563
189500000	189549999	0.4303840683804878	0.5350555112000001	-0.10467144281951224
189550000	189599999	0.4281911639463415	0.5350555112000001	-0.10686434725365856
189600000	189649999	0.41615137377073175	0.5350555112000001	-0.11890413742926831
189650000	189699999	0.4138126802658537	0.5350555112000001	-0.12124283093414634
189700000	189749999	0.409229098997561	0.5350555112000001	-0.12582641220243906
189750000	189799999	0.41904385014878054	0.5350555112000001	-0.11601166105121952
189800000	189849999	0.42361901559756104	0.5350555112000001	-0.11143649560243901
189850000	189899999	0.4292075406829269	0.5350555112000001	-0.10584797051707318
189900000	189949999	0.43894148200975613	0.5350555112000001	-0.09611402919024392
189950000	189999999	0.4486264067463415	0.5350555112000001	-0.08642910445365853
190000000	190049999	0.45036215931951223	0.5350555112000001	-0.08469335188048782
190050000	190099999	0.4541486557073171	0.5350555112000001	-0.08090685549268295
190100000	190149999	0.4559666841853659	0.5350555112000001	-0.07908882701463416
190150000	190199999	0.45285897160243904	0.5350555112000001	-0.08219653959756101
190200000	190249999	0.44375130169756105	0.5350555112000001	-0.091304209502439
190250000	190299999	0.43702739426097564	0.5350555112000001	-0.09802811693902441
190300000	190349999	0.4356462224365854	0.5350555112000001	-0.09940928876341465
190350000	190399999	0.4352044196365854	0.5350555112000001	-0.09985109156341465
190400000	190449999	0.4323594640463415	0.5350555112000001	-0.10269604715365854
190450000	190499999	0.43205007531707323	0.5350555112000001	-0.10300543588292682
190500000	190549999	0.43652969061951225	0.5350555112000001	-0.09852582058048781
190550000	190599999	0.44385181208048785	0.5350555112000001	-0.0912036991195122
190600000	190649999	0.4530141854878049	0.5350555112000001	-0.08204132571219513
190650000	190699999	0.46236271157317077	0.5350555112000001	-0.07269279962682929
190700000	190749999	0.4684133330170732	0.5350555112000001	-0.06664217818292684
190750000	190799999	0.49159173304878057	0.5350555112000001	-0.04346377815121949
190800000	190849999	0.501188116790244	0.5350555112000001	-0.03386739440975606
190850000	190899999	0.5043285662731708	0.5350555112000001	-0.030726944926829258
190900000	190949999	0.515380475997561	0.5350555112000001	-0.019675035202439073
190950000	190999999	0.5152068380390245	0.5350555112000001	-0.019848673160975605
191000000	191049999	0.5109380035146343	0.5350555112000001	-0.024117507685365802
191050000	191099999	0.5053066886536586	0.5350555112000001	-0.02974882254634148
191100000	191149999	0.4948311127146342	0.5350555112000001	-0.04022439848536585
191150000	191199999	0.49359503449024394	0.5350555112000001	-0.04146047670975611
191200000	191249999	0.4929146934634147	0.5350555112000001	-0.042140817736585345
191250000	191299999	0.4852955878878049	0.5350555112000001	-0.04975992331219514
191300000	191349999	0.475521626392683	0.5350555112000001	-0.05953388480731708
191350000	191399999	0.46333908755609765	0.5350555112000001	-0.0717164236439024
191400000	191449999	0.45880946638292686	0.5350555112000001	-0.0762460448170732
191450000	191499999	0.450632645595122	0.5350555112000001	-0.08442286560487805
191500000	191549999	0.44864011996097564	0.5350555112000001	-0.08641539123902442
191550000	191599999	0.4530527743292683	0.5350555112000001	-0.08200273687073173
191600000	191649999	0.44398503585121957	0.5350555112000001	-0.09107047534878049
191650000	191699999	0.44852836201219515	0.5350555112000001	-0.08652714918780491
191700000	191749999	0.44458074749024395	0.5350555112000001	-0.0904747637097561
191750000	191799999	0.43959217411951224	0.5350555112000001	-0.09546333708048782
191800000	191849999	0.4436181395609756	0.5350555112000001	-0.09143737163902443
191850000	191899999	0.4518109233365854	0.5350555112000001	-0.08324458786341465
191900000	191949999	0.4562337399756098	0.5350555112000001	-0.07882177122439027
191950000	191999999	0.45028018721951224	0.5350555112000001	-0.08477532398048782
192000000	192049999	0.44700245674146344	0.5350555112000001	-0.08805305445853662
192050000	192099999	0.44422186640000005	0.5350555112000001	-0.0908336448
192100000	192149999	0.4324174433341464	0.5350555112000001	-0.10263806786585367
192150000	192199999	0.42193862581219516	0.5350555112000001	-0.1131168853878049
192200000	192249999	0.4114606638560976	0.5350555112000001	-0.12359484734390247
192250000	192299999	0.4007688853268293	0.5350555112000001	-0.13428662587317075
192300000	192349999	0.3926603593585366	0.5350555112000001	-0.14239515184146345
192350000	192399999	0.38027461938048784	0.5350555112000001	-0.1547808918195122
192400000	192449999	0.369129805097561	0.5350555112000001	-0.16592570610243906
192450000	192499999	0.36066817362926834	0.5350555112000001	-0.17438733757073172
192500000	192549999	0.3514316633536586	0.5350555112000001	-0.18362384784634145
192550000	192599999	0.34211797016097567	0.5350555112000001	-0.19293754103902439
192600000	192649999	0.3355696070829269	0.5350555112000001	-0.19948590411707318
192650000	192699999	0.3269721696341463	0.5350555112000001	-0.20808334156585373
192700000	192749999	0.3172278971682927	0.5350555112000001	-0.21782761403170736
192750000	192799999	0.31224071306097567	0.5350555112000001	-0.22281479813902438
192800000	192849999	0.28978280282682933	0.5350555112000001	-0.24527270837317072
192850000	192899999	0.27927779503902445	0.5350555112000001	-0.2557777161609756
192900000	192949999	0.2736132187317074	0.5350555112000001	-0.26144229246829265
192950000	192999999	0.2636068822365854	0.5350555112000001	-0.27144862896341465
193000000	193049999	0.2580073413585366	0.5350555112000001	-0.27704816984146347
193050000	193099999	0.2550789604512195	0.5350555112000001	-0.27997655074878053
193100000	193149999	0.2541546319512195	0.5350555112000001	-0.28090087924878054
193150000	193199999	0.25335359591219514	0.5350555112000001	-0.2817019152878049
193200000	193249999	0.25200906820243907	0.5350555112000001	-0.283046442997561
193250000	193299999	0.24586933679268297	0.5350555112000001	-0.2891861744073171
193300000	193349999	0.2448150301121952	0.5350555112000001	-0.29024048108780487
193350000	193399999	0.2511031388390244	0.5350555112000001	-0.28395237236097565
193400000	193449999	0.2544276271634147	0.5350555112000001	-0.28062788403658534
193450000	193499999	0.24765465685121957	0.5350555112000001	-0.2874008543487805
193500000	193549999	0.23739480942195124	0.5350555112000001	-0.2976607017780488
193550000	193599999	0.2225852590609757	0.5350555112000001	-0.31247025213902435
193600000	193649999	0.2123127239439025	0.5350555112000001	-0.32274278725609756
193650000	193699999	0.2064913754048781	0.5350555112000001	-0.32856413579512195
193700000	193749999	0.19607055075365853	0.5350555112000001	-0.3389849604463415
193750000	193799999	0.18967325148292685	0.5350555112000001	-0.3453822597170732
193800000	193849999	0.1824198548097561	0.5350555112000001	-0.35263565639024397
193850000	193899999	0.1649497955731708	0.5350555112000001	-0.37010571562682926
193900000	193949999	0.14575124867804884	0.5350555112000001	-0.3893042625219512
193950000	193999999	0.12845722168536589	0.5350555112000001	-0.40659828951463417
194000000	194049999	0.11972803667317083	0.5350555112000001	-0.4153274745268292
194050000	194099999	0.10752329100731711	0.5350555112000001	-0.42753222019268294
194100000	194149999	0.10279119924146346	0.5350555112000001	-0.4322643119585366
194150000	194199999	0.1053180150658537	0.5350555112000001	-0.42973749613414636
194200000	194249999	0.10468197108292693	0.5350555112000001	-0.43037354011707313
194250000	194299999	0.10148738856341472	0.5350555112000001	-0.43356812263658534
194300000	194349999	0.10056717202926835	0.5350555112000001	-0.4344883391707317
194350000	194399999	0.09987041391951224	0.5350555112000001	-0.4351850972804878
194400000	194449999	0.10402859829268296	0.5350555112000001	-0.4310269129073171
194450000	194499999	0.10540516655365867	0.5350555112000001	-0.4296503446463414
194500000	194549999	0.10485321302195133	0.5350555112000001	-0.4302022981780487
194550000	194599999	0.10426976222926843	0.5350555112000001	-0.43078574897073163
194600000	194649999	0.10190431247804882	0.5350555112000001	-0.43315119872195124
194650000	194699999	0.10242613424390262	0.5350555112000001	-0.43262937695609743
194700000	194749999	0.10290255776829271	0.5350555112000001	-0.43215295343170734
194750000	194799999	0.10875218529512204	0.5350555112000001	-0.426303325904878
194800000	194849999	0.1088750642000001	0.5350555112000001	-0.42618044699999996
194850000	194899999	0.11604495535121956	0.5350555112000001	-0.4190105558487805
194900000	194949999	0.1188969359682927	0.5350555112000001	-0.41615857523170735
194950000	194999999	0.12372134906829269	0.5350555112000001	-0.41133416213170737
195000000	195049999	0.12386995213170737	0.5350555112000001	-0.4111855590682927
195050000	195099999	0.12420282197073174	0.5350555112000001	-0.4108526892292683
195100000	195149999	0.1291585973	0.5350555112000001	-0.40589691390000004
195150000	195199999	0.1390874403560976	0.5350555112000001	-0.39596807084390245
195200000	195249999	0.14589381838780496	0.5350555112000001	-0.3891616928121951
195250000	195299999	0.15554927563658544	0.5350555112000001	-0.3795062355634146
195300000	195349999	0.16482780429756105	0.5350555112000001	-0.370227706902439
195350000	195399999	0.1706299196536586	0.5350555112000001	-0.36442559154634147
195400000	195449999	0.16984186303902443	0.5350555112000001	-0.3652136481609756
195450000	195499999	0.17406241244390247	0.5350555112000001	-0.3609930987560976
195500000	195549999	0.18474813476585367	0.5350555112000001	-0.3503073764341464
195550000	195599999	0.19823966254634157	0.5350555112000001	-0.3368158486536585
195600000	195649999	0.2036659319341464	0.5350555112000001	-0.33138957926585366
195650000	195699999	0.20937772299268298	0.5350555112000001	-0.3256777882073171
195700000	195749999	0.21978773104878052	0.5350555112000001	-0.31526778015121953
195750000	195799999	0.2273494222195122	0.5350555112000001	-0.30770608898048785
195800000	195849999	0.2273456417365854	0.5350555112000001	-0.30770986946341466
195850000	195899999	0.235170420697561	0.5350555112000001	-0.29988509050243906
195900000	195949999	0.24288374057317075	0.5350555112000001	-0.2921717706268293
195950000	195999999	0.25517271132926833	0.5350555112000001	-0.2798827998707317
196000000	196049999	0.2709080156024391	0.5350555112000001	-0.26414749559756096
196050000	196099999	0.28283159118780493	0.5350555112000001	-0.2522239200121951
196100000	196149999	0.2955904406585366	0.5350555112000001	-0.23946507054146343
196150000	196199999	0.3069836890853659	0.5350555112000001	-0.22807182211463417
196200000	196249999	0.3139205501804878	0.5350555112000001	-0.22113496101951224
196250000	196299999	0.32948072892682934	0.5350555112000001	-0.20557478227317072
196300000	196349999	0.3397460944878049	0.5350555112000001	-0.19530941671219515
196350000	196399999	0.34345852283902445	0.5350555112000001	-0.1915969883609756
196400000	196449999	0.3501009073780489	0.5350555112000001	-0.18495460382195117
196450000	196499999	0.35374372640000007	0.5350555112000001	-0.1813117848
196500000	196549999	0.3645472053731708	0.5350555112000001	-0.17050830582682924
196550000	196599999	0.37290978708536593	0.5350555112000001	-0.16214572411463413
196600000	196649999	0.38206582098780495	0.5350555112000001	-0.1529896902121951
196650000	196699999	0.38494259525121954	0.5350555112000001	-0.1501129159487805
196700000	196749999	0.39416020295121956	0.5350555112000001	-0.1408953082487805
196750000	196799999	0.39694926195609764	0.5350555112000001	-0.1381062492439024
196800000	196849999	0.39767353176585374	0.5350555112000001	-0.13738197943414632
196850000	196899999	0.40178513795121956	0.5350555112000001	-0.1332703732487805
196900000	196949999	0.3963366499609757	0.5350555112000001	-0.13871886123902438
196950000	196999999	0.399147344495122	0.5350555112000001	-0.13590816670487804
197000000	197049999	0.39715470814878057	0.5350555112000001	-0.1379008030512195
197050000	197099999	0.40309277235853663	0.5350555112000001	-0.13196273884146342
197100000	197149999	0.40358640009512203	0.5350555112000001	-0.13146911110487802
197150000	197199999	0.4011555727195123	0.5350555112000001	-0.13389993848048776
197200000	197249999	0.39262746728048786	0.5350555112000001	-0.1424280439195122
197250000	197299999	0.3940480898243903	0.5350555112000001	-0.14100742137560973
197300000	197349999	0.3867043804512196	0.5350555112000001	-0.14835113074878048
197350000	197399999	0.38289543326585374	0.5350555112000001	-0.15216007793414632
197400000	197449999	0.3843108236634147	0.5350555112000001	-0.15074468753658538
197450000	197499999	0.3834147705853659	0.5350555112000001	-0.15164074061463417
197500000	197549999	0.3808962393341464	0.5350555112000001	-0.15415927186585365
197550000	197599999	0.3763629163292684	0.5350555112000001	-0.15869259487073167
197600000	197649999	0.3757152833658537	0.5350555112000001	-0.15934022783414636
197650000	197699999	0.378822507797561	0.5350555112000001	-0.15623300340243906
197700000	197749999	0.3921674414878049	0.5350555112000001	-0.14288806971219514
197750000	197799999	0.3959153637536586	0.5350555112000001	-0.13914014744634146
197800000	197849999	0.4031107931341464	0.5350555112000001	-0.13194471806585367
197850000	197899999	0.4111896289341464	0.5350555112000001	-0.12386588226585366
197900000	197949999	0.4216798300097562	0.5350555112000001	-0.11337568119024388
197950000	197999999	0.42552759643658544	0.5350555112000001	-0.10952791476341461
198000000	198049999	0.42864372826097563	0.5350555112000001	-0.10641178293902442
198050000	198099999	0.4199033868731708	0.5350555112000001	-0.11515212432682925
198100000	198149999	0.4175387321707318	0.5350555112000001	-0.11751677902926827
198150000	198199999	0.41556300451463424	0.5350555112000001	-0.11949250668536582
198200000	198249999	0.4135770585853659	0.5350555112000001	-0.12147845261463414
198250000	198299999	0.40866168986341467	0.5350555112000001	-0.1263938213365854
198300000	198349999	0.397609101790244	0.5350555112000001	-0.13744640940975605
198350000	198399999	0.39171157275365864	0.5350555112000001	-0.1433439384463414
198400000	198449999	0.38933461229024396	0.5350555112000001	-0.1457208989097561
198450000	198499999	0.38435271412195127	0.5350555112000001	-0.1507027970780488
198500000	198549999	0.3830269767707318	0.5350555112000001	-0.15202853442926828
198550000	198599999	0.3700250603390245	0.5350555112000001	-0.16503045086097556
198600000	198649999	0.3613694100365854	0.5350555112000001	-0.17368610116341465
198650000	198699999	0.35389761828780497	0.5350555112000001	-0.18115789291219508
198700000	198749999	0.3511821463463415	0.5350555112000001	-0.18387336485365857
198750000	198799999	0.34145850052682936	0.5350555112000001	-0.1935970106731707
198800000	198849999	0.34080190599024396	0.5350555112000001	-0.1942536052097561
198850000	198899999	0.3335330145439025	0.5350555112000001	-0.20152249665609756
198900000	198949999	0.3321325015634147	0.5350555112000001	-0.20292300963658538
198950000	198999999	0.33308669000243907	0.5350555112000001	-0.201968821197561
199000000	199049999	0.3280978371024391	0.5350555112000001	-0.20695767409756094
199050000	199099999	0.32594892645609763	0.5350555112000001	-0.20910658474390242
199100000	199149999	0.32037128679512206	0.5350555112000001	-0.214684224404878
199150000	199199999	0.3288860988536586	0.5350555112000001	-0.20616941234634145
199200000	199249999	0.33622801976585376	0.5350555112000001	-0.1988274914341463
199250000	199299999	0.3458229582756098	0.5350555112000001	-0.18923255292439023
199300000	199349999	0.3376156486707318	0.5350555112000001	-0.19743986252926826
199350000	199399999	0.3376152745268294	0.5350555112000001	-0.19744023667317068
199400000	199449999	0.33632750981219517	0.5350555112000001	-0.1987280013878049
199450000	199499999	0.3333311138512196	0.5350555112000001	-0.20172439734878045
199500000	199549999	0.3359025907585366	0.5350555112000001	-0.19915292044146343
199550000	199599999	0.3343546944487805	0.5350555112000001	-0.20070081675121954
199600000	199649999	0.3301918654536586	0.5350555112000001	-0.20486364574634147
199650000	199699999	0.323934670792683	0.5350555112000001	-0.21112084040731705
199700000	199749999	0.3222990234756098	0.5350555112000001	-0.21275648772439026
199750000	199799999	0.3121919207292683	0.5350555112000001	-0.22286359047073173
199800000	199849999	0.3104359085317074	0.5350555112000001	-0.22461960266829267
199850000	199899999	0.3021445304170732	0.5350555112000001	-0.23291098078292688
199900000	199949999	0.2964727074097562	0.5350555112000001	-0.23858280379024388
199950000	199999999	0.28171317063658546	0.5350555112000001	-0.2533423405634146
200000000	200049999	0.2743085639024391	0.5350555112000001	-0.260746947297561
200050000	200099999	0.2646374153463415	0.5350555112000001	-0.27041809585365856
200100000	200149999	0.265005268995122	0.5350555112000001	-0.27005024220487805
200150000	200199999	0.26374407465609756	0.5350555112000001	-0.2713114365439025
200200000	200249999	0.26575644181219515	0.5350555112000001	-0.2692990693878049
200250000	200299999	0.2690320363121952	0.5350555112000001	-0.26602347488780487
200300000	200349999	0.27361050605853665	0.5350555112000001	-0.2614450051414634
200350000	200399999	0.27888753552439033	0.5350555112000001	-0.2561679756756097
200400000	200449999	0.29367303325365857	0.5350555112000001	-0.2413824779463415
200450000	200499999	0.3020557169219513	0.5350555112000001	-0.23299979427804873
200500000	200549999	0.30484019616341473	0.5350555112000001	-0.23021531503658532
200550000	200599999	0.30749108771707323	0.5350555112000001	-0.22756442348292683
200600000	200649999	0.3165966420829268	0.5350555112000001	-0.21845886911707324
200650000	200699999	0.3209610805195122	0.5350555112000001	-0.21409443068048783
200700000	200749999	0.32527116184390253	0.5350555112000001	-0.20978434935609752
200750000	200799999	0.331955624190244	0.5350555112000001	-0.20309988700975606
200800000	200849999	0.34534296580731716	0.5350555112000001	-0.1897125453926829
200850000	200899999	0.3515604434731708	0.5350555112000001	-0.18349506772682928
200900000	200949999	0.3609370696804879	0.5350555112000001	-0.17411844151951217
200950000	200999999	0.36735399046829276	0.5350555112000001	-0.1677015207317073
201000000	201049999	0.37013453328780493	0.5350555112000001	-0.16492097791219512
201050000	201099999	0.377543486792683	0.5350555112000001	-0.15751202440731704
201100000	201149999	0.38099056780000007	0.5350555112000001	-0.1540649434
201150000	201199999	0.38890302758048784	0.5350555112000001	-0.14615248361951222
201200000	201249999	0.38676687385853664	0.5350555112000001	-0.14828863734146341
201250000	201299999	0.3937066460243903	0.5350555112000001	-0.14134886517560974
201300000	201349999	0.3875148873341464	0.5350555112000001	-0.14754062386585365
201350000	201399999	0.399316391392683	0.5350555112000001	-0.13573911980731707
201400000	201449999	0.40474715110487813	0.5350555112000001	-0.13030836009512192
201450000	201499999	0.4099490467243903	0.5350555112000001	-0.12510646447560975
201500000	201549999	0.4123160625243903	0.5350555112000001	-0.12273944867560976
201550000	201599999	0.41618965662439034	0.5350555112000001	-0.11886585457560972
201600000	201649999	0.42259710668536593	0.5350555112000001	-0.11245840451463412
201650000	201699999	0.42677007119268295	0.5350555112000001	-0.1082854400073171
201700000	201749999	0.4257126876560976	0.5350555112000001	-0.10934282354390246
201750000	201799999	0.425474922395122	0.5350555112000001	-0.10958058880487803
201800000	201849999	0.41624422495121954	0.5350555112000001	-0.11881128624878051
201850000	201899999	0.4109127572780488	0.5350555112000001	-0.12414275392195123
201900000	201949999	0.4079917331560976	0.5350555112000001	-0.12706377804390245
201950000	201999999	0.4040313932414635	0.5350555112000001	-0.13102411795853658
202000000	202049999	0.4042011662463415	0.5350555112000001	-0.13085434495365855
202050000	202099999	0.4046343264634147	0.5350555112000001	-0.13042118473658537
202100000	202149999	0.4086921295756098	0.5350555112000001	-0.12636338162439026
202150000	202199999	0.4085744583658537	0.5350555112000001	-0.12648105283414635
202200000	202249999	0.4052004912292684	0.5350555112000001	-0.12985501997073168
202250000	202299999	0.40005682366097567	0.5350555112000001	-0.1349986875390244
202300000	202349999	0.3951767154658537	0.5350555112000001	-0.13987879573414636
202350000	202399999	0.39245574472926836	0.5350555112000001	-0.1425997664707317
202400000	202449999	0.38954145282439034	0.5350555112000001	-0.1455140583756097
202450000	202499999	0.3790909743341464	0.5350555112000001	-0.15596453686585365
202500000	202549999	0.3749991947170732	0.5350555112000001	-0.16005631648292684
202550000	202599999	0.3792943256634147	0.5350555112000001	-0.15576118553658536
202600000	202649999	0.37966723529024393	0.5350555112000001	-0.15538827590975612
202650000	202699999	0.38028887635609765	0.5350555112000001	-0.1547666348439024
202700000	202749999	0.38533776462926833	0.5350555112000001	-0.14971774657073172
202750000	202799999	0.3876346585195123	0.5350555112000001	-0.14742085268048777
202800000	202849999	0.3936626177365854	0.5350555112000001	-0.14139289346341466
202850000	202899999	0.38799753262682934	0.5350555112000001	-0.1470579785731707
202900000	202949999	0.38953907635853663	0.5350555112000001	-0.14551643484146343
202950000	202999999	0.39132282914146344	0.5350555112000001	-0.14373268205853662
203000000	203049999	0.3944066091609757	0.5350555112000001	-0.14064890203902436
203050000	203099999	0.39648026774878053	0.5350555112000001	-0.13857524345121952
203100000	203149999	0.39459236906829276	0.5350555112000001	-0.1404631421317073
203150000	203199999	0.3949498060121952	0.5350555112000001	-0.14010570518780485
203200000	203249999	0.39245632113902446	0.5350555112000001	-0.1425991900609756
203250000	203299999	0.39216837623902445	0.5350555112000001	-0.1428871349609756
203300000	203349999	0.38494165223902443	0.5350555112000001	-0.15011385896097562
203350000	203399999	0.3837638668390244	0.5350555112000001	-0.15129164436097564
203400000	203449999	0.3723666186414635	0.5350555112000001	-0.16268889255853658
203450000	203499999	0.36156970980731706	0.5350555112000001	-0.173485801392683
203500000	203549999	0.3534838688756098	0.5350555112000001	-0.18157164232439027
203550000	203599999	0.3511858562804878	0.5350555112000001	-0.18386965491951224
203600000	203649999	0.34360568775609757	0.5350555112000001	-0.1914498234439025
203650000	203699999	0.3338114821756098	0.5350555112000001	-0.20124402902439026
203700000	203749999	0.3309074845292683	0.5350555112000001	-0.20414802667073173
203750000	203799999	0.33019502389268296	0.5350555112000001	-0.2048604873073171
203800000	203849999	0.3244410906024391	0.5350555112000001	-0.21061442059756097
203850000	203899999	0.32891289706829274	0.5350555112000001	-0.2061426141317073
203900000	203949999	0.3283419559560976	0.5350555112000001	-0.20671355524390245
203950000	203999999	0.3247069053780488	0.5350555112000001	-0.21034860582195125
204000000	204049999	0.3228059155341464	0.5350555112000001	-0.21224959566585366
204050000	204099999	0.32048973984878054	0.5350555112000001	-0.21456577135121951
204100000	204149999	0.31672959929756106	0.5350555112000001	-0.218325911902439
204150000	204199999	0.31246037503414636	0.5350555112000001	-0.2225951361658537
204200000	204249999	0.31101711110487806	0.5350555112000001	-0.224038400095122
204250000	204299999	0.3129886826707317	0.5350555112000001	-0.22206682852926835
204300000	204349999	0.30901343409268295	0.5350555112000001	-0.2260420771073171
204350000	204399999	0.3064788315512196	0.5350555112000001	-0.22857667964878048
204400000	204449999	0.3012857334634147	0.5350555112000001	-0.23376977773658536
204450000	204499999	0.3040135369195123	0.5350555112000001	-0.23104197428048778
204500000	204549999	0.30340084786585375	0.5350555112000001	-0.2316546633341463
204550000	204599999	0.30783489036585365	0.5350555112000001	-0.2272206208341464
204600000	204649999	0.30333860326341466	0.5350555112000001	-0.2317169079365854
204650000	204699999	0.3004575401829269	0.5350555112000001	-0.23459797101707314
204700000	204749999	0.29738781032682926	0.5350555112000001	-0.2376677008731708
204750000	204799999	0.29998305385609764	0.5350555112000001	-0.23507245734390242
204800000	204849999	0.29654175000000005	0.5350555112000001	-0.2385137612
204850000	204899999	0.2864385719	0.5350555112000001	-0.24861693930000006
204900000	204949999	0.2847642320560976	0.5350555112000001	-0.2502912791439025
204950000	204999999	0.282694307892683	0.5350555112000001	-0.25236120330731704
205000000	205049999	0.2762271484097561	0.5350555112000001	-0.25882836279024396
205050000	205099999	0.2698203693609757	0.5350555112000001	-0.26523514183902436
205100000	205149999	0.26949217498780487	0.5350555112000001	-0.2655633362121952
205150000	205199999	0.2664290559195122	0.5350555112000001	-0.26862645528048784
205200000	205249999	0.2661445621560976	0.5350555112000001	-0.26891094904390245
205250000	205299999	0.26301646286097563	0.5350555112000001	-0.2720390483390244
205300000	205349999	0.2579191927390244	0.5350555112000001	-0.27713631846097564
205350000	205399999	0.25090813372926835	0.5350555112000001	-0.2841473774707317
205400000	205449999	0.24802520099268294	0.5350555112000001	-0.2870303102073171
205450000	205499999	0.2475299563146342	0.5350555112000001	-0.28752555488536585
205500000	205549999	0.25041910985853666	0.5350555112000001	-0.2846364013414634
205550000	205599999	0.2490227490609757	0.5350555112000001	-0.28603276213902434
205600000	205649999	0.24551114695121956	0.5350555112000001	-0.2895443642487805
205650000	205699999	0.24496268594146348	0.5350555112000001	-0.2900928252585366
205700000	205749999	0.24485630589268292	0.5350555112000001	-0.29019920530731713
205750000	205799999	0.2419311709731708	0.5350555112000001	-0.29312434022682926
205800000	205849999	0.23849402880487813	0.5350555112000001	-0.2965614823951219
205850000	205899999	0.24401577160000004	0.5350555112000001	-0.2910397396
205900000	205949999	0.24607833362195125	0.5350555112000001	-0.2889771775780488
205950000	205999999	0.24733185153170734	0.5350555112000001	-0.2877236596682927
206000000	206049999	0.2480034072170732	0.5350555112000001	-0.28705210398292685
206050000	206099999	0.24898519567560984	0.5350555112000001	-0.2860703155243902
206100000	206149999	0.24901105714634147	0.5350555112000001	-0.2860444540536586
206150000	206199999	0.25079778655853663	0.5350555112000001	-0.2842577246414634
206200000	206249999	0.24811104266585365	0.5350555112000001	-0.2869444685341464
206250000	206299999	0.24331018138780497	0.5350555112000001	-0.2917453298121951
206300000	206349999	0.23721010425365857	0.5350555112000001	-0.2978454069463415
206350000	206399999	0.2357112086414635	0.5350555112000001	-0.29934430255853656
206400000	206449999	0.23596183613902444	0.5350555112000001	-0.2990936750609756
206450000	206499999	0.24476204939756102	0.5350555112000001	-0.29029346180243903
206500000	206549999	0.23842862400731712	0.5350555112000001	-0.29662688719268293
206550000	206599999	0.2343803100707318	0.5350555112000001	-0.30067520112926827
206600000	206649999	0.2303793485560976	0.5350555112000001	-0.30467616264390246
206650000	206699999	0.2272603175902439	0.5350555112000001	-0.30779519360975616
206700000	206749999	0.22824579880487805	0.5350555112000001	-0.306809712395122
206750000	206799999	0.22781775719024394	0.5350555112000001	-0.3072377540097561
206800000	206849999	0.21671637334878052	0.5350555112000001	-0.31833913785121953
206850000	206899999	0.2122690049073171	0.5350555112000001	-0.32278650629268296
206900000	206949999	0.21076811355121955	0.5350555112000001	-0.3242873976487805
206950000	206999999	0.20765288190000009	0.5350555112000001	-0.32740262929999997
207000000	207049999	0.20236328267073178	0.5350555112000001	-0.3326922285292683
207050000	207099999	0.20333095272682933	0.5350555112000001	-0.3317245584731707
207100000	207149999	0.20414869946341468	0.5350555112000001	-0.33090681173658537
207150000	207199999	0.20432601735365863	0.5350555112000001	-0.3307294938463414
207200000	207249999	0.20655140511219516	0.5350555112000001	-0.3285041060878049
207250000	207299999	0.2112546969878049	0.5350555112000001	-0.32380081421219514
207300000	207349999	0.21374427320243905	0.5350555112000001	-0.321311237997561
207350000	207399999	0.21688073586341466	0.5350555112000001	-0.3181747753365854
207400000	207449999	0.2290122578073171	0.5350555112000001	-0.30604325339268296
207450000	207499999	0.2312276497341464	0.5350555112000001	-0.30382786146585367
207500000	207549999	0.23574759950975616	0.5350555112000001	-0.2993079116902439
207550000	207599999	0.23714933830731716	0.5350555112000001	-0.2979061728926829
207600000	207649999	0.2413809152292683	0.5350555112000001	-0.29367459597073176
207650000	207699999	0.24513165120487806	0.5350555112000001	-0.289923859995122
207700000	207749999	0.2506150269414634	0.5350555112000001	-0.28444048425853663
207750000	207799999	0.25421011024878054	0.5350555112000001	-0.2808454009512195
207800000	207849999	0.25976765537317076	0.5350555112000001	-0.2752878558268293
207850000	207899999	0.2650642778317074	0.5350555112000001	-0.26999123336829267
207900000	207949999	0.2651962464682927	0.5350555112000001	-0.26985926473170735
207950000	207999999	0.259108684092683	0.5350555112000001	-0.27594682710731705
208000000	208049999	0.2586444557170732	0.5350555112000001	-0.2764110554829269
208050000	208099999	0.25990939738048785	0.5350555112000001	-0.2751461138195122
208100000	208149999	0.2650705744536586	0.5350555112000001	-0.26998493674634144
208150000	208199999	0.27449398827317084	0.5350555112000001	-0.2605615229268292
208200000	208249999	0.27549788427804883	0.5350555112000001	-0.2595576269219512
208250000	208299999	0.2815917472658537	0.5350555112000001	-0.2534637639341464
208300000	208349999	0.28915032587560985	0.5350555112000001	-0.2459051853243902
208350000	208399999	0.29500648952682934	0.5350555112000001	-0.24004902167317071
208400000	208449999	0.29949850886829277	0.5350555112000001	-0.2355570023317073
208450000	208499999	0.30690250059756097	0.5350555112000001	-0.2281530106024391
208500000	208549999	0.30634193529512205	0.5350555112000001	-0.228713575904878
208550000	208599999	0.3127743392536586	0.5350555112000001	-0.22228117194634145
208600000	208649999	0.32291514900975615	0.5350555112000001	-0.2121403621902439
208650000	208699999	0.3238557172731708	0.5350555112000001	-0.21119979392682925
208700000	208749999	0.3258834404707318	0.5350555112000001	-0.20917207072926824
208750000	208799999	0.3248792696048781	0.5350555112000001	-0.21017624159512194
208800000	208849999	0.3315700325414635	0.5350555112000001	-0.20348547865853656
208850000	208899999	0.33777336464146346	0.5350555112000001	-0.1972821465585366
208900000	208949999	0.3403530025585366	0.5350555112000001	-0.19470250864146343
208950000	208999999	0.34251033167804884	0.5350555112000001	-0.19254517952195122
209000000	209049999	0.33768648138536594	0.5350555112000001	-0.1973690298146341
209050000	209099999	0.33739492249024394	0.5350555112000001	-0.1976605887097561
209100000	209149999	0.334859329397561	0.5350555112000001	-0.20019618180243903
209150000	209199999	0.32752090282682933	0.5350555112000001	-0.20753460837317073
209200000	209249999	0.3188013793756098	0.5350555112000001	-0.21625413182439024
209250000	209299999	0.315414326090244	0.5350555112000001	-0.21964118510975605
209300000	209349999	0.30548604544146346	0.5350555112000001	-0.2295694657585366
209350000	209399999	0.29476579771707323	0.5350555112000001	-0.24028971348292683
209400000	209449999	0.2879595724780488	0.5350555112000001	-0.24709593872195124
209450000	209499999	0.2737127048560976	0.5350555112000001	-0.26134280634390245
209500000	209549999	0.27117339442926836	0.5350555112000001	-0.2638821167707317
209550000	209599999	0.2677033959024391	0.5350555112000001	-0.267352115297561
209600000	209649999	0.2611765464487806	0.5350555112000001	-0.2738789647512195
209650000	209699999	0.253276096497561	0.5350555112000001	-0.28177941470243906
209700000	209749999	0.25014510882682933	0.5350555112000001	-0.2849104023731707
209750000	209799999	0.24263460353658545	0.5350555112000001	-0.2924209076634146
209800000	209849999	0.24126869095365855	0.5350555112000001	-0.2937868202463415
209850000	209899999	0.24197404688780494	0.5350555112000001	-0.2930814643121951
209900000	209949999	0.24004847852439032	0.5350555112000001	-0.29500703267560974
209950000	209999999	0.242552258190244	0.5350555112000001	-0.29250325300975605
210000000	210049999	0.24990146641951222	0.5350555112000001	-0.28515404478048784
210050000	210099999	0.249535873892683	0.5350555112000001	-0.28551963730731705
210100000	210149999	0.2429723317024391	0.5350555112000001	-0.29208317949756096
210150000	210199999	0.235819808792683	0.5350555112000001	-0.29923570240731706
210200000	210249999	0.22245859689756103	0.5350555112000001	-0.312596914302439
210250000	210299999	0.2174187800878049	0.5350555112000001	-0.31763673111219515
210300000	210349999	0.2149348693073171	0.5350555112000001	-0.32012064189268297
210350000	210399999	0.20766799536585373	0.5350555112000001	-0.3273875158341463
210400000	210449999	0.20899300772439033	0.5350555112000001	-0.3260625034756097
210450000	210499999	0.20660958927804884	0.5350555112000001	-0.3284459219219512
210500000	210549999	0.19667110500243906	0.5350555112000001	-0.338384406197561
210550000	210599999	0.18943794969268296	0.5350555112000001	-0.3456175615073171
210600000	210649999	0.17879215809756105	0.5350555112000001	-0.356263353102439
210650000	210699999	0.16763850560487809	0.5350555112000001	-0.36741700559512197
210700000	210749999	0.16189837525853668	0.5350555112000001	-0.3731571359414634
210750000	210799999	0.15651315795365867	0.5350555112000001	-0.3785423532463414
210800000	210849999	0.15142245518292685	0.5350555112000001	-0.3836330560170732
210850000	210899999	0.1390357762756098	0.5350555112000001	-0.39601973492439024
210900000	210949999	0.13456086653658544	0.5350555112000001	-0.4004946446634146
210950000	210999999	0.132813643795122	0.5350555112000001	-0.40224186740487805
211000000	211049999	0.12999794488048783	0.5350555112000001	-0.40505756631951223
211050000	211099999	0.12760940106097568	0.5350555112000001	-0.4074461101390244
211100000	211149999	0.121514311695122	0.5350555112000001	-0.41354119950487805
211150000	211199999	0.11920926023658546	0.5350555112000001	-0.4158462509634146
211200000	211249999	0.12043098664878049	0.5350555112000001	-0.41462452455121956
211250000	211299999	0.12160978805853662	0.5350555112000001	-0.41344572314146344
211300000	211349999	0.12232012088780492	0.5350555112000001	-0.41273539031219514
211350000	211399999	0.12132215963902443	0.5350555112000001	-0.4137333515609756
211400000	211449999	0.12429868554634149	0.5350555112000001	-0.41075682565365856
211450000	211499999	0.12518773317560983	0.5350555112000001	-0.40986777802439023
211500000	211549999	0.12445096722682936	0.5350555112000001	-0.4106045439731707
211550000	211599999	0.12133607084634146	0.5350555112000001	-0.4137194403536586
211600000	211649999	0.11635464663170741	0.5350555112000001	-0.41870086456829264
211650000	211699999	0.11773149971951219	0.5350555112000001	-0.41732401148048787
211700000	211749999	0.12010158109024405	0.5350555112000001	-0.414953930109756
211750000	211799999	0.11507126467073181	0.5350555112000001	-0.41998424652926825
211800000	211849999	0.11525401978780486	0.5350555112000001	-0.4198014914121952
211850000	211899999	0.10901747503414644	0.5350555112000001	-0.4260380361658536
211900000	211949999	0.10134556299024411	0.5350555112000001	-0.43370994820975595
211950000	211999999	0.09555886150487813	0.5350555112000001	-0.4394966496951219
212000000	212049999	0.08656158318780494	0.5350555112000001	-0.4484939280121951
212050000	212099999	0.07862591439512207	0.5350555112000001	-0.456429596804878
212100000	212149999	0.07461184475121962	0.5350555112000001	-0.46044366644878043
212150000	212199999	0.07618998076829281	0.5350555112000001	-0.45886553043170725
212200000	212249999	0.0761862519439025	0.5350555112000001	-0.45886925925609756
212250000	212299999	0.08067696604878055	0.5350555112000001	-0.4543785451512195
212300000	212349999	0.07713930964146354	0.5350555112000001	-0.4579162015585365
212350000	212399999	0.07301454216585374	0.5350555112000001	-0.4620409690341463
212400000	212449999	0.07264042370000001	0.5350555112000001	-0.46241508750000004
212450000	212499999	0.06407436125609761	0.5350555112000001	-0.47098114994390244
212500000	212549999	0.05957335160243915	0.5350555112000001	-0.4754821595975609
212550000	212599999	0.05387635805853669	0.5350555112000001	-0.48117915314146337
212600000	212649999	0.05208098609268297	0.5350555112000001	-0.4829745251073171
212650000	212699999	0.049574040060975655	0.5350555112000001	-0.4854814711390244
212700000	212749999	0.04583698840975614	0.5350555112000001	-0.4892185227902439
212750000	212799999	0.044225602534146424	0.5350555112000001	-0.49082990866585363
212800000	212849999	0.04554807470975619	0.5350555112000001	-0.48950743649024386
212850000	212899999	0.04641466345365863	0.5350555112000001	-0.4886408477463414
212900000	212949999	0.05070588625609762	0.5350555112000001	-0.48434962494390243
212950000	212999999	0.04982185607073181	0.5350555112000001	-0.48523365512926825
213000000	213049999	0.05065120416585378	0.5350555112000001	-0.4844043070341463
213050000	213099999	0.05122527064878063	0.5350555112000001	-0.4838302405512194
213100000	213149999	0.05703599000000009	0.5350555112000001	-0.47801952119999996
213150000	213199999	0.06133859046829282	0.5350555112000001	-0.47371692073170724
213200000	213249999	0.06099579394146354	0.5350555112000001	-0.4740597172585365
213250000	213299999	0.0607547675634148	0.5350555112000001	-0.47430074363658525
213300000	213349999	0.05719616789024412	0.5350555112000001	-0.47785934330975594
213350000	213399999	0.054304957817073285	0.5350555112000001	-0.48075055338292677
213400000	213449999	0.05367203900000017	0.5350555112000001	-0.4813834721999999
213450000	213499999	0.05312575334146352	0.5350555112000001	-0.48192975785853653
213500000	213549999	0.050474571241463484	0.5350555112000001	-0.48458093995853657
213550000	213599999	0.04698032172195121	0.5350555112000001	-0.48807518947804884
213600000	213649999	0.048125790631707355	0.5350555112000001	-0.4869297205682927
213650000	213699999	0.050978953760975665	0.5350555112000001	-0.4840765574390244
213700000	213749999	0.05388772496097566	0.5350555112000001	-0.4811677862390244
213750000	213799999	0.05333313801463424	0.5350555112000001	-0.4817223731853658
213800000	213849999	0.05741085538292695	0.5350555112000001	-0.4776446558170731
213850000	213899999	0.05791147360731708	0.5350555112000001	-0.477144037592683
213900000	213949999	0.06127780694146351	0.5350555112000001	-0.47377770425853655
213950000	213999999	0.06085155921707314	0.5350555112000001	-0.4742039519829269
214000000	214049999	0.060638131297561015	0.5350555112000001	-0.47441737990243904
214050000	214099999	0.06235893277317084	0.5350555112000001	-0.4726965784268292
214100000	214149999	0.06066689634634148	0.5350555112000001	-0.4743886148536586
214150000	214199999	0.06133087773658541	0.5350555112000001	-0.47372463346341465
214200000	214249999	0.06148148630243916	0.5350555112000001	-0.4735740248975609
214250000	214299999	0.06242144100975622	0.5350555112000001	-0.47263407019024384
214300000	214349999	0.05884732211951227	0.5350555112000001	-0.4762081890804878
214350000	214399999	0.06250871600975616	0.5350555112000001	-0.4725467951902439
214400000	214449999	0.060956392756097655	0.5350555112000001	-0.4740991184439024
214450000	214499999	0.06043160397560987	0.5350555112000001	-0.4746239072243902
214500000	214549999	0.061565880795121986	0.5350555112000001	-0.47348963040487807
214550000	214599999	0.06237339926829277	0.5350555112000001	-0.4726821119317073
214600000	214649999	0.0723409657268293	0.5350555112000001	-0.46271454547317076
214650000	214699999	0.07861160353414642	0.5350555112000001	-0.45644390766585363
214700000	214749999	0.08130961114634155	0.5350555112000001	-0.4537459000536585
214750000	214799999	0.08562122481219525	0.5350555112000001	-0.4494342863878048
214800000	214849999	0.08893211315609767	0.5350555112000001	-0.4461233980439024
214850000	214899999	0.09644312377804881	0.5350555112000001	-0.43861238742195124
214900000	214949999	0.1022210488000001	0.5350555112000001	-0.43283446239999995
214950000	214999999	0.10096515113658544	0.5350555112000001	-0.4340903600634146
215000000	215049999	0.09937428203658538	0.5350555112000001	-0.4356812291634147
215050000	215099999	0.0962012631609756	0.5350555112000001	-0.43885424803902445
215100000	215149999	0.0982717676121953	0.5350555112000001	-0.43678374358780475
215150000	215199999	0.10146155778536586	0.5350555112000001	-0.4335939534146342
215200000	215249999	0.10625130514146347	0.5350555112000001	-0.4288042060585366
215250000	215299999	0.11406949731707322	0.5350555112000001	-0.42098601388292684
215300000	215349999	0.12104088303902444	0.5350555112000001	-0.4140146281609756
215350000	215399999	0.1312827026804878	0.5350555112000001	-0.40377280851951225
215400000	215449999	0.14080612204878057	0.5350555112000001	-0.3942493891512195
215450000	215499999	0.15233676555121956	0.5350555112000001	-0.3827187456487805
215500000	215549999	0.16396186252195127	0.5350555112000001	-0.3710936486780488
215550000	215599999	0.17405894272195127	0.5350555112000001	-0.3609965684780488
215600000	215649999	0.18770852251463427	0.5350555112000001	-0.3473469886853658
215650000	215699999	0.1960989006756098	0.5350555112000001	-0.33895661052439024
215700000	215749999	0.20524677495853666	0.5350555112000001	-0.3298087362414634
215750000	215799999	0.20613807423902447	0.5350555112000001	-0.3289174369609756
215800000	215849999	0.21413777672926837	0.5350555112000001	-0.3209177344707317
215850000	215899999	0.21747425016097566	0.5350555112000001	-0.3175812610390244
215900000	215949999	0.22149559550243908	0.5350555112000001	-0.313559915697561
215950000	215999999	0.22862192565121953	0.5350555112000001	-0.30643358554878053
216000000	216049999	0.2400532037804879	0.5350555112000001	-0.29500230741951217
216050000	216099999	0.24535103674634157	0.5350555112000001	-0.2897044744536585
216100000	216149999	0.24766345691463426	0.5350555112000001	-0.2873920542853658
216150000	216199999	0.25184297530000005	0.5350555112000001	-0.2832125359
216200000	216249999	0.2552617403487805	0.5350555112000001	-0.27979377085121954
216250000	216299999	0.26164415543414643	0.5350555112000001	-0.2734113557658536
216300000	216349999	0.2649408263243903	0.5350555112000001	-0.27011468487560975
216350000	216399999	0.2747689087463415	0.5350555112000001	-0.26028660245365853
216400000	216449999	0.2780833938146342	0.5350555112000001	-0.25697211738536585
216450000	216499999	0.28162959753170735	0.5350555112000001	-0.2534259136682927
216500000	216549999	0.2859674487560977	0.5350555112000001	-0.24908806244390236
216550000	216599999	0.2890312400317073	0.5350555112000001	-0.24602427116829273
216600000	216649999	0.2930148626536586	0.5350555112000001	-0.24204064854634144
216650000	216699999	0.2920653295731708	0.5350555112000001	-0.24299018162682928
216700000	216749999	0.2961385467707318	0.5350555112000001	-0.23891696442926824
216750000	216799999	0.3037860074585366	0.5350555112000001	-0.23126950374146343
216800000	216849999	0.3082092979804879	0.5350555112000001	-0.22684621321951215
216850000	216899999	0.3126220560658537	0.5350555112000001	-0.22243345513414636
216900000	216949999	0.31407304736585373	0.5350555112000001	-0.22098246383414633
216950000	216999999	0.31992090112682925	0.5350555112000001	-0.2151346100731708
217000000	217049999	0.33115386145609765	0.5350555112000001	-0.2039016497439024
217050000	217099999	0.3412543544268293	0.5350555112000001	-0.19380115677317078
217100000	217149999	0.34781108341707323	0.5350555112000001	-0.18724442778292683
217150000	217199999	0.34888010428292693	0.5350555112000001	-0.18617540691707313
217200000	217249999	0.34878133880975615	0.5350555112000001	-0.1862741723902439
217250000	217299999	0.34790557391951227	0.5350555112000001	-0.1871499372804878
217300000	217349999	0.3454791697463415	0.5350555112000001	-0.18957634145365854
217350000	217399999	0.34561993327073176	0.5350555112000001	-0.1894355779292683
217400000	217449999	0.34197937323658545	0.5350555112000001	-0.1930761379634146
217450000	217499999	0.33530720138536596	0.5350555112000001	-0.1997483098146341
217500000	217549999	0.3278607691341464	0.5350555112000001	-0.20719474206585364
217550000	217599999	0.32256514217560983	0.5350555112000001	-0.21249036902439022
217600000	217649999	0.31753726343902444	0.5350555112000001	-0.2175182477609756
217650000	217699999	0.3113928151707318	0.5350555112000001	-0.22366269602926825
217700000	217749999	0.3108500937609757	0.5350555112000001	-0.22420541743902433
217750000	217799999	0.30718394577804886	0.5350555112000001	-0.2278715654219512
217800000	217849999	0.3092901019756098	0.5350555112000001	-0.22576540922439026
217850000	217899999	0.30661409967804887	0.5350555112000001	-0.2284414115219512
217900000	217949999	0.3051405443487806	0.5350555112000001	-0.22991496685121948
217950000	217999999	0.3109502083268293	0.5350555112000001	-0.22410530287317076
218000000	218049999	0.31122253204878053	0.5350555112000001	-0.22383297915121952
218050000	218099999	0.3062850770804879	0.5350555112000001	-0.22877043411951214
218100000	218149999	0.307483558895122	0.5350555112000001	-0.22757195230487803
218150000	218199999	0.31123868814878053	0.5350555112000001	-0.22381682305121953
218200000	218249999	0.3132158002170732	0.5350555112000001	-0.22183971098292687
218250000	218299999	0.3148646620439025	0.5350555112000001	-0.22019084915609755
218300000	218349999	0.3174299728317074	0.5350555112000001	-0.21762553836829268
218350000	218399999	0.32109751094390243	0.5350555112000001	-0.21395800025609762
218400000	218449999	0.3234361681219513	0.5350555112000001	-0.21161934307804875
218450000	218499999	0.32605280969268297	0.5350555112000001	-0.2090027015073171
218500000	218549999	0.3292863628317073	0.5350555112000001	-0.20576914836829274
218550000	218599999	0.33488307583414634	0.5350555112000001	-0.20017243536585372
218600000	218649999	0.3366175059658537	0.5350555112000001	-0.19843800523414634
218650000	218699999	0.33622863371707323	0.5350555112000001	-0.19882687748292682
218700000	218749999	0.33044069950975613	0.5350555112000001	-0.20461481169024393
218750000	218799999	0.32398310176097567	0.5350555112000001	-0.2110724094390244
218800000	218849999	0.32149239833170734	0.5350555112000001	-0.21356311286829271
218850000	218899999	0.3182635954512195	0.5350555112000001	-0.21679191574878054
218900000	218949999	0.3147900797243903	0.5350555112000001	-0.22026543147560973
218950000	218999999	0.31544926047073174	0.5350555112000001	-0.21960625072926832
219000000	219049999	0.3080935620512195	0.5350555112000001	-0.22696194914878054
219050000	219099999	0.29614372517560983	0.5350555112000001	-0.23891178602439023
219100000	219149999	0.29079971908292684	0.5350555112000001	-0.2442557921170732
219150000	219199999	0.2863472391195122	0.5350555112000001	-0.24870827208048785
219200000	219249999	0.2858284620585366	0.5350555112000001	-0.24922704914146343
219250000	219299999	0.2848829175048781	0.5350555112000001	-0.25017259369512196
219300000	219349999	0.2815577726024391	0.5350555112000001	-0.253497738597561
219350000	219399999	0.2909506772829269	0.5350555112000001	-0.24410483391707316
219400000	219449999	0.28686062291219516	0.5350555112000001	-0.2481948882878049
219450000	219499999	0.28560645290975617	0.5350555112000001	-0.24944905829024389
219500000	219549999	0.290024143297561	0.5350555112000001	-0.24503136790243907
219550000	219599999	0.29460830539512206	0.5350555112000001	-0.240447205804878
219600000	219649999	0.28878347530487813	0.5350555112000001	-0.24627203589512192
219650000	219699999	0.28629752553414645	0.5350555112000001	-0.2487579856658536
219700000	219749999	0.2829803130439025	0.5350555112000001	-0.2520751981560976
219750000	219799999	0.27299496106341464	0.5350555112000001	-0.2620605501365854
219800000	219849999	0.26760690032439033	0.5350555112000001	-0.2674486108756097
219850000	219899999	0.26237204339024395	0.5350555112000001	-0.2726834678097561
219900000	219949999	0.25910636633902445	0.5350555112000001	-0.2759491448609756
219950000	219999999	0.25712898284634156	0.5350555112000001	-0.2779265283536585
220000000	220049999	0.2461411096878049	0.5350555112000001	-0.28891440151219516
220050000	220099999	0.2363615014073171	0.5350555112000001	-0.29869400979268296
220100000	220149999	0.22883812859756103	0.5350555112000001	-0.306217382602439
220150000	220199999	0.22273503957804885	0.5350555112000001	-0.3123204716219512
220200000	220249999	0.2155955305121952	0.5350555112000001	-0.31945998068780485
220250000	220299999	0.20568431112439028	0.5350555112000001	-0.32937120007560977
220300000	220349999	0.19904374301463423	0.5350555112000001	-0.3360117681853658
220350000	220399999	0.18801716254878054	0.5350555112000001	-0.3470383486512195
220400000	220449999	0.1761800990536586	0.5350555112000001	-0.35887541214634144
220450000	220499999	0.16387725509024392	0.5350555112000001	-0.37117825610975613
220500000	220549999	0.1556680950146342	0.5350555112000001	-0.37938741618536587
220550000	220599999	0.15106444908780498	0.5350555112000001	-0.3839910621121951
220600000	220649999	0.14117231224634158	0.5350555112000001	-0.3938831989536585
220650000	220699999	0.13278044531707323	0.5350555112000001	-0.40227506588292683
220700000	220749999	0.1265394735048781	0.5350555112000001	-0.40851603769512196
220750000	220799999	0.12333599955853664	0.5350555112000001	-0.4117195116414634
220800000	220849999	0.11837322110975612	0.5350555112000001	-0.41668229009024393
220850000	220899999	0.112455975697561	0.5350555112000001	-0.42259953550243906
220900000	220949999	0.10548861315121949	0.5350555112000001	-0.42956689804878057
220950000	220999999	0.09933111702195119	0.5350555112000001	-0.43572439417804887
221000000	221049999	0.09021198385365858	0.5350555112000001	-0.44484352734634147
221050000	221099999	0.0848479495536586	0.5350555112000001	-0.45020756164634146
221100000	221149999	0.0854592953560977	0.5350555112000001	-0.44959621584390236
221150000	221199999	0.07854294405853657	0.5350555112000001	-0.4565125671414635
221200000	221249999	0.07302200585853663	0.5350555112000001	-0.4620335053414634
221250000	221299999	0.06736693889756107	0.5350555112000001	-0.467688572302439
221300000	221349999	0.06119538505121952	0.5350555112000001	-0.47386012614878054
221350000	221399999	0.05620570544146353	0.5350555112000001	-0.47884980575853653
221400000	221449999	0.04021142934390243	0.5350555112000001	-0.49484408185609763
221450000	221499999	0.03531683483658543	0.5350555112000001	-0.4997386763634146
221500000	221549999	0.031673584485365835	0.5350555112000001	-0.5033819267146342
221550000	221599999	0.02586717455609766	0.5350555112000001	-0.5091883366439024
221600000	221649999	0.018348097456097667	0.5350555112000001	-0.5167074137439024
221650000	221699999	0.014422436029268293	0.5350555112000001	-0.5206330751707318
221700000	221749999	0.015173193534146479	0.5350555112000001	-0.5198823176658536
221750000	221799999	0.01053581657317082	0.5350555112000001	-0.5245196946268292
221800000	221849999	0.009615566421951272	0.5350555112000001	-0.5254399447780488
221850000	221899999	0.0056258759243903445	0.5350555112000001	-0.5294296352756097
221900000	221949999	0.006656855258536654	0.5350555112000001	-0.5283986559414634
221950000	221999999	0.004572291507317194	0.5350555112000001	-0.5304832196926829
222000000	222049999	0.0006116951024390804	0.5350555112000001	-0.534443816097561
222050000	222099999	0.0008337019560976655	0.5350555112000001	-0.5342218092439024
222100000	222149999	0.0017578183073171383	0.5350555112000001	-0.5332976928926829
222150000	222199999	0.0	0.5350555112000001	-0.5350555112000001
222200000	222249999	0.002590739758536631	0.5350555112000001	-0.5324647714414634
222250000	222299999	0.0024919209878049298	0.5350555112000001	-0.5325635902121951
222300000	222349999	0.00601520271951228	0.5350555112000001	-0.5290403084804878
222350000	222399999	0.006731926187804826	0.5350555112000001	-0.5283235850121952
222400000	222449999	0.014400122902439194	0.5350555112000001	-0.5206553882975609
222450000	222499999	0.024530199604878122	0.5350555112000001	-0.5105253115951219
222500000	222549999	0.033926490707317125	0.5350555112000001	-0.5011290204926829
222550000	222599999	0.04058463113902444	0.5350555112000001	-0.4944708800609756
222600000	222649999	0.04773830901219528	0.5350555112000001	-0.4873172021878048
222650000	222699999	0.05372122721707323	0.5350555112000001	-0.4813342839829268
222700000	222749999	0.06390710588048781	0.5350555112000001	-0.47114840531951224
222750000	222799999	0.07127683213902447	0.5350555112000001	-0.4637786790609756
222800000	222849999	0.07923981265121954	0.5350555112000001	-0.4558156985487805
222850000	222899999	0.08355791059268308	0.5350555112000001	-0.451497600607317
222900000	222949999	0.09120216975365852	0.5350555112000001	-0.44385334144634153
222950000	222999999	0.10092546551219517	0.5350555112000001	-0.4341300456878049
223000000	223049999	0.10784109110000001	0.5350555112000001	-0.42721442010000005
223050000	223099999	0.10539247872926832	0.5350555112000001	-0.42966303247073173
223100000	223149999	0.1089197219268293	0.5350555112000001	-0.42613578927317075
223150000	223199999	0.10470681955609756	0.5350555112000001	-0.4303486916439025
223200000	223249999	0.1078248051585366	0.5350555112000001	-0.42723070604146346
223250000	223299999	0.1148105962048781	0.5350555112000001	-0.42024491499512195
223300000	223349999	0.11539607262439028	0.5350555112000001	-0.4196594385756098
223350000	223399999	0.11849966886585361	0.5350555112000001	-0.41655584233414644
223400000	223449999	0.12302213072195123	0.5350555112000001	-0.4120333804780488
223450000	223499999	0.12656630421951215	0.5350555112000001	-0.4084892069804879
223500000	223549999	0.13240185368292684	0.5350555112000001	-0.4026536575170732
223550000	223599999	0.13883578327317075	0.5350555112000001	-0.3962197279268293
223600000	223649999	0.14080298523414636	0.5350555112000001	-0.3942525259658537
223650000	223699999	0.145705798497561	0.5350555112000001	-0.38934971270243907
223700000	223749999	0.15086885876097567	0.5350555112000001	-0.3841866524390244
223750000	223799999	0.1539331320560976	0.5350555112000001	-0.38112237914390246
223800000	223849999	0.16149950559024395	0.5350555112000001	-0.3735560056097561
223850000	223899999	0.16746995585121954	0.5350555112000001	-0.3675855553487805
223900000	223949999	0.1699924223658537	0.5350555112000001	-0.36506308883414634
223950000	223999999	0.1692551914048781	0.5350555112000001	-0.36580031979512195
224000000	224049999	0.17109502725853665	0.5350555112000001	-0.3639604839414634
224050000	224099999	0.17306772253170738	0.5350555112000001	-0.3619877886682927
224100000	224149999	0.17806361914878055	0.5350555112000001	-0.3569918920512195
224150000	224199999	0.17878881458780493	0.5350555112000001	-0.3562666966121951
224200000	224249999	0.1847975678097562	0.5350555112000001	-0.35025794339024385
224250000	224299999	0.18548676295609756	0.5350555112000001	-0.3495687482439025
224300000	224349999	0.18949139210975618	0.5350555112000001	-0.34556411909024387
224350000	224399999	0.19999773869268295	0.5350555112000001	-0.3350577725073171
224400000	224449999	0.21379624345121956	0.5350555112000001	-0.3212592677487805
224450000	224499999	0.21150156739756104	0.5350555112000001	-0.323553943802439
224500000	224549999	0.20551173077073176	0.5350555112000001	-0.3295437804292683
224550000	224599999	0.19752301977804887	0.5350555112000001	-0.3375324914219512
224600000	224649999	0.19021846907317075	0.5350555112000001	-0.3448370421268293
224650000	224699999	0.18074194772439028	0.5350555112000001	-0.35431356347560977
224700000	224749999	0.17322206787073174	0.5350555112000001	-0.3618334433292683
224750000	224799999	0.16474864166097564	0.5350555112000001	-0.3703068695390244
224800000	224849999	0.1576119650609757	0.5350555112000001	-0.37744354613902437
224850000	224899999	0.15062870884390245	0.5350555112000001	-0.3844268023560976
224900000	224949999	0.14614125187560978	0.5350555112000001	-0.3889142593243903
224950000	224999999	0.14072231771463423	0.5350555112000001	-0.39433319348536583
225000000	225049999	0.1352144635268293	0.5350555112000001	-0.39984104767317075
225050000	225099999	0.1353508123439025	0.5350555112000001	-0.39970469885609755
225100000	225149999	0.13812402148048786	0.5350555112000001	-0.3969314897195122
225150000	225199999	0.1352059012536586	0.5350555112000001	-0.39984960994634144
225200000	225249999	0.1395451273219513	0.5350555112000001	-0.39551038387804877
225250000	225299999	0.14041763834878057	0.5350555112000001	-0.3946378728512195
225300000	225349999	0.13935774075121954	0.5350555112000001	-0.3956977704487805
225350000	225399999	0.1400695785219513	0.5350555112000001	-0.39498593267804877
225400000	225449999	0.13820789473170736	0.5350555112000001	-0.3968476164682927
225450000	225499999	0.13844759848292693	0.5350555112000001	-0.39660791271707313
225500000	225549999	0.13731264404878057	0.5350555112000001	-0.3977428671512195
225550000	225599999	0.13653751672439035	0.5350555112000001	-0.3985179944756097
225600000	225649999	0.12862443304878057	0.5350555112000001	-0.4064310781512195
225650000	225699999	0.1259114980780489	0.5350555112000001	-0.40914401312195114
225700000	225749999	0.12012558340487811	0.5350555112000001	-0.41492992779512194
225750000	225799999	0.11941536834878058	0.5350555112000001	-0.4156401428512195
225800000	225849999	0.11624083199268298	0.5350555112000001	-0.4188146792073171
225850000	225899999	0.11153853217317083	0.5350555112000001	-0.4235169790268292
225900000	225949999	0.10818192582926844	0.5350555112000001	-0.4268735853707316
225950000	225999999	0.10767801292439028	0.5350555112000001	-0.4273774982756098
226000000	226049999	0.10847607793902453	0.5350555112000001	-0.4265794332609755
226050000	226099999	0.11083957881707329	0.5350555112000001	-0.42421593238292676
226100000	226149999	0.11204411547317084	0.5350555112000001	-0.4230113957268292
226150000	226199999	0.10395582582926838	0.5350555112000001	-0.4310996853707317
226200000	226249999	0.10288043974146344	0.5350555112000001	-0.4321750714585366
226250000	226299999	0.09940582670975617	0.5350555112000001	-0.4356496844902439
226300000	226349999	0.09671928978048788	0.5350555112000001	-0.4383362214195122
226350000	226399999	0.09271891189512205	0.5350555112000001	-0.442336599304878
226400000	226449999	0.08123544961951218	0.5350555112000001	-0.4538200615804879
226450000	226499999	0.06723927706097566	0.5350555112000001	-0.4678162341390244
226500000	226549999	0.06321109187073182	0.5350555112000001	-0.47184441932926824
226550000	226599999	0.06272031764146352	0.5350555112000001	-0.47233519355853654
226600000	226649999	0.07028524172195127	0.5350555112000001	-0.4647702694780488
226650000	226699999	0.07724815057073181	0.5350555112000001	-0.45780736062926825
226700000	226749999	0.08564426147560988	0.5350555112000001	-0.44941124972439017
226750000	226799999	0.09543647714390252	0.5350555112000001	-0.43961903405609754
226800000	226849999	0.09938569137804876	0.5350555112000001	-0.4356698198219513
226850000	226899999	0.10132760223170739	0.5350555112000001	-0.43372790896829266
226900000	226949999	0.10374934833414634	0.5350555112000001	-0.4313061628658537
226950000	226999999	0.1057721866658537	0.5350555112000001	-0.42928332453414636
227000000	227049999	0.10632161065365858	0.5350555112000001	-0.4287339005463415
227050000	227099999	0.10559404076341478	0.5350555112000001	-0.4294614704365853
227100000	227149999	0.10495019173658537	0.5350555112000001	-0.4301053194634147
227150000	227199999	0.10722521759024395	0.5350555112000001	-0.4278302936097561
227200000	227249999	0.11779414188780502	0.5350555112000001	-0.41726136931219504
227250000	227299999	0.11784224444390251	0.5350555112000001	-0.41721326675609754
227300000	227349999	0.12173513095609767	0.5350555112000001	-0.4133203802439024
227350000	227399999	0.13454902549512204	0.5350555112000001	-0.400506485704878
227400000	227449999	0.14325222447317076	0.5350555112000001	-0.3918032867268293
227450000	227499999	0.14539560415609765	0.5350555112000001	-0.3896599070439024
227500000	227549999	0.1452980279853659	0.5350555112000001	-0.38975748321463416
227550000	227599999	0.1477655803536586	0.5350555112000001	-0.38728993084634145
227600000	227649999	0.1455264640804878	0.5350555112000001	-0.38952904711951225
227650000	227699999	0.14896214852682932	0.5350555112000001	-0.38609336267317074
227700000	227749999	0.15001337863414643	0.5350555112000001	-0.3850421325658536
227750000	227799999	0.15250961833414645	0.5350555112000001	-0.3825458928658536
227800000	227849999	0.14942595458780494	0.5350555112000001	-0.3856295566121951
227850000	227899999	0.14576381524146348	0.5350555112000001	-0.3892916959585366
227900000	227949999	0.14146849111707327	0.5350555112000001	-0.3935870200829268
227950000	227999999	0.13897035918536593	0.5350555112000001	-0.3960851520146341
228000000	228049999	0.14038382418292694	0.5350555112000001	-0.3946716870170731
228050000	228099999	0.13784364514390252	0.5350555112000001	-0.39721186605609754
228100000	228149999	0.13458825088292697	0.5350555112000001	-0.4004672603170731
228150000	228199999	0.13248228680731722	0.5350555112000001	-0.40257322439268284
228200000	228249999	0.13498255601219517	0.5350555112000001	-0.4000729551878049
228250000	228299999	0.13440218020000005	0.5350555112000001	-0.400653331
228300000	228349999	0.13377568332195128	0.5350555112000001	-0.4012798278780488
228350000	228399999	0.13221504707073178	0.5350555112000001	-0.40284046412926827
228400000	228449999	0.12879319939024386	0.5350555112000001	-0.4062623118097562
228450000	228499999	0.12684128928048782	0.5350555112000001	-0.40821422191951223
228500000	228549999	0.12561809090243897	0.5350555112000001	-0.4094374202975611
228550000	228599999	0.12523472805853664	0.5350555112000001	-0.4098207831414634
228600000	228649999	0.12062447859756104	0.5350555112000001	-0.414431032602439
228650000	228699999	0.11012344014878056	0.5350555112000001	-0.4249320710512195
228700000	228749999	0.10385305948780488	0.5350555112000001	-0.4312024517121952
228750000	228799999	0.09431905993170736	0.5350555112000001	-0.4407364512682927
228800000	228849999	0.08662227146097562	0.5350555112000001	-0.44843323973902444
228850000	228899999	0.07997593931219515	0.5350555112000001	-0.4550795718878049
228900000	228949999	0.07588346599512197	0.5350555112000001	-0.4591720452048781
228950000	228999999	0.0733298886439025	0.5350555112000001	-0.46172562255609756
229000000	229049999	0.07024938149512205	0.5350555112000001	-0.464806129704878
229050000	229099999	0.066694196590244	0.5350555112000001	-0.46836131460975605
229100000	229149999	0.06351699798536586	0.5350555112000001	-0.4715385132146342
229150000	229199999	0.05845273588048788	0.5350555112000001	-0.4766027753195122
229200000	229249999	0.05315517220487814	0.5350555112000001	-0.4819003389951219
229250000	229299999	0.04202510710975621	0.5350555112000001	-0.49303040409024385
229300000	229349999	0.039816523265853665	0.5350555112000001	-0.4952389879341464
229350000	229399999	0.03352245171951218	0.5350555112000001	-0.5015330594804879
229400000	229449999	0.01779313483902445	0.5350555112000001	-0.5172623763609756
229450000	229499999	0.009318832556097667	0.5350555112000001	-0.5257366786439024
229500000	229549999	0.007166746443902583	0.5350555112000001	-0.5278887647560975
229550000	229599999	0.004915467682926833	0.5350555112000001	-0.5301400435170732
229600000	229649999	0.004664867824390351	0.5350555112000001	-0.5303906433756097
229650000	229699999	0.01754308201707322	0.5350555112000001	-0.5175124291829268
229700000	229749999	0.028393719790243965	0.5350555112000001	-0.5066617914097561
229750000	229799999	0.03035827301219507	0.5350555112000001	-0.504697238187805
229800000	229849999	0.033202522190244	0.5350555112000001	-0.5018529890097561
229850000	229899999	0.04135699697804884	0.5350555112000001	-0.4936985142219512
229900000	229949999	0.048787115595121944	0.5350555112000001	-0.4862683956048781
229950000	229999999	0.06033457718048779	0.5350555112000001	-0.47472093401951226
230000000	230049999	0.06686480122439031	0.5350555112000001	-0.46819070997560974
230050000	230099999	0.07337736879512202	0.5350555112000001	-0.46167814240487803
230100000	230149999	0.08313291199512213	0.5350555112000001	-0.45192259920487793
230150000	230199999	0.08700503994634157	0.5350555112000001	-0.4480504712536585
230200000	230249999	0.10057055371219525	0.5350555112000001	-0.4344849574878048
230250000	230299999	0.10755456424390247	0.5350555112000001	-0.4275009469560976
230300000	230349999	0.12075470281951228	0.5350555112000001	-0.4143008083804878
230350000	230399999	0.12995827891707323	0.5350555112000001	-0.4050972322829268
230400000	230449999	0.13862098485609764	0.5350555112000001	-0.3964345263439024
230450000	230499999	0.15021845121707328	0.5350555112000001	-0.3848370599829268
230500000	230549999	0.1589025929317074	0.5350555112000001	-0.37615291826829267
230550000	230599999	0.16679280254390255	0.5350555112000001	-0.3682627086560975
230600000	230649999	0.1808728338536586	0.5350555112000001	-0.35418267734634146
230650000	230699999	0.19048118150731713	0.5350555112000001	-0.3445743296926829
230700000	230749999	0.19473719712682935	0.5350555112000001	-0.3403183140731707
230750000	230799999	0.2010091851243903	0.5350555112000001	-0.33404632607560975
230800000	230849999	0.20547049055609762	0.5350555112000001	-0.32958502064390244
230850000	230899999	0.208103287192683	0.5350555112000001	-0.32695222400731705
230900000	230949999	0.21723456960975618	0.5350555112000001	-0.3178209415902439
230950000	230999999	0.23227227506585368	0.5350555112000001	-0.30278323613414637
231000000	231049999	0.24352762219756102	0.5350555112000001	-0.29152788900243903
231050000	231099999	0.2527060353609757	0.5350555112000001	-0.28234947583902437
231100000	231149999	0.2597362552195122	0.5350555112000001	-0.27531925598048784
231150000	231199999	0.2685559141439025	0.5350555112000001	-0.26649959705609755
231200000	231249999	0.27197565703902443	0.5350555112000001	-0.2630798541609756
231250000	231299999	0.2756567358853659	0.5350555112000001	-0.2593987753146342
231300000	231349999	0.281465008697561	0.5350555112000001	-0.25359050250243903
231350000	231399999	0.28305042809512204	0.5350555112000001	-0.252005083104878
231400000	231449999	0.28584020761463413	0.5350555112000001	-0.24921530358536592
231450000	231499999	0.2898556484585366	0.5350555112000001	-0.24519986274146344
231500000	231549999	0.2929708225121952	0.5350555112000001	-0.24208468868780486
231550000	231599999	0.2961497211463415	0.5350555112000001	-0.23890579005365853
231600000	231649999	0.3029958823000001	0.5350555112000001	-0.23205962889999998
231650000	231699999	0.3000844240731708	0.5350555112000001	-0.23497108712682924
231700000	231749999	0.28868524204878054	0.5350555112000001	-0.2463702691512195
231750000	231799999	0.27996239332439027	0.5350555112000001	-0.2550931178756098
231800000	231849999	0.2834282237365854	0.5350555112000001	-0.2516272874634147
231850000	231899999	0.2878285045804878	0.5350555112000001	-0.24722700661951225
231900000	231949999	0.2923728306000001	0.5350555112000001	-0.24268268059999998
231950000	231999999	0.296115606097561	0.5350555112000001	-0.23893990510243907
232000000	232049999	0.2954669469219513	0.5350555112000001	-0.23958856427804875
232050000	232099999	0.2959692678048781	0.5350555112000001	-0.23908624339512197
232100000	232149999	0.29357927260000005	0.5350555112000001	-0.2414762386
232150000	232199999	0.2846046118780488	0.5350555112000001	-0.25045089932195125
232200000	232249999	0.28037133017560983	0.5350555112000001	-0.2546841810243902
232250000	232299999	0.26974572879268294	0.5350555112000001	-0.2653097824073171
232300000	232349999	0.2632045966048781	0.5350555112000001	-0.27185091459512195
232350000	232399999	0.2529269747317074	0.5350555112000001	-0.28212853646829267
232400000	232449999	0.24792410174634155	0.5350555112000001	-0.2871314094536585
232450000	232499999	0.24428534533902446	0.5350555112000001	-0.2907701658609756
232500000	232549999	0.24046657914390251	0.5350555112000001	-0.29458893205609754
232550000	232599999	0.24659963922682937	0.5350555112000001	-0.2884558719731707
232600000	232649999	0.25456936824390247	0.5350555112000001	-0.2804861429560976
232650000	232699999	0.2518099358682927	0.5350555112000001	-0.28324557533170736
232700000	232749999	0.24785361331951222	0.5350555112000001	-0.28720189788048783
232750000	232799999	0.24627523578536592	0.5350555112000001	-0.28878027541463414
232800000	232849999	0.24589403599268295	0.5350555112000001	-0.2891614752073171
232850000	232899999	0.2474456529512195	0.5350555112000001	-0.28760985824878055
232900000	232949999	0.2488819209731708	0.5350555112000001	-0.28617359022682926
232950000	232999999	0.24977637034878053	0.5350555112000001	-0.2852791408512195
233000000	233049999	0.23753794174390253	0.5350555112000001	-0.29751756945609753
233050000	233099999	0.23271818668536592	0.5350555112000001	-0.30233732451463413
233100000	233149999	0.2305000803585367	0.5350555112000001	-0.30455543084146336
233150000	233199999	0.23365414715365856	0.5350555112000001	-0.3014013640463415
233200000	233249999	0.2344994578170732	0.5350555112000001	-0.30055605338292685
233250000	233299999	0.23881488792195127	0.5350555112000001	-0.2962406232780488
233300000	233349999	0.24014040677804882	0.5350555112000001	-0.29491510442195124
233350000	233399999	0.2369163071756098	0.5350555112000001	-0.29813920402439026
233400000	233449999	0.25138130553170734	0.5350555112000001	-0.2836742056682927
233450000	233499999	0.25791286286341464	0.5350555112000001	-0.2771426483365854
233500000	233549999	0.26273876528536594	0.5350555112000001	-0.2723167459146341
233550000	233599999	0.2646882107414635	0.5350555112000001	-0.2703673004585366
233600000	233649999	0.2648185854731708	0.5350555112000001	-0.2702369257268293
233650000	233699999	0.2576354930097562	0.5350555112000001	-0.27742001819024387
233700000	233749999	0.25977799340731716	0.5350555112000001	-0.2752775177926829
233750000	233799999	0.2626170797780489	0.5350555112000001	-0.2724384314219512
233800000	233849999	0.2641843052780488	0.5350555112000001	-0.27087120592195124
233850000	233899999	0.2589919383195123	0.5350555112000001	-0.2760635728804878
233900000	233949999	0.2537946958780488	0.5350555112000001	-0.28126081532195124
233950000	233999999	0.24716150766097567	0.5350555112000001	-0.2878940035390244
234000000	234049999	0.23926808514146347	0.5350555112000001	-0.2957874260585366
234050000	234099999	0.2338635120292683	0.5350555112000001	-0.30119199917073175
234100000	234149999	0.2306620041243903	0.5350555112000001	-0.30439350707560975
234150000	234199999	0.22961595301463417	0.5350555112000001	-0.3054395581853659
234200000	234249999	0.2319426545195123	0.5350555112000001	-0.30311285668048776
234250000	234299999	0.2346966573365854	0.5350555112000001	-0.30035885386341465
234300000	234349999	0.2351594959439025	0.5350555112000001	-0.29989601525609755
234350000	234399999	0.23805351853902446	0.5350555112000001	-0.2970019926609756
234400000	234449999	0.23853916956829274	0.5350555112000001	-0.2965163416317073
234450000	234499999	0.23544777261219518	0.5350555112000001	-0.2996077385878049
234500000	234549999	0.23195201354390255	0.5350555112000001	-0.3031034976560975
234550000	234599999	0.22396782819024397	0.5350555112000001	-0.3110876830097561
234600000	234649999	0.2124020887463416	0.5350555112000001	-0.32265342245365847
234650000	234699999	0.19947202464390257	0.5350555112000001	-0.3355834865560975
234700000	234749999	0.19120239567560987	0.5350555112000001	-0.3438531155243902
234750000	234799999	0.1883361091317074	0.5350555112000001	-0.34671940206829266
234800000	234849999	0.18759795701219523	0.5350555112000001	-0.34745755418780483
234850000	234899999	0.18278120360731714	0.5350555112000001	-0.3522743075926829
234900000	234949999	0.1804448981292684	0.5350555112000001	-0.35461061307073166
234950000	234999999	0.17592243044146344	0.5350555112000001	-0.3591330807585366
235000000	235049999	0.17296562931219517	0.5350555112000001	-0.3620898818878049
235050000	235099999	0.17565696259512198	0.5350555112000001	-0.3593985486048781
235100000	235149999	0.1735709357634147	0.5350555112000001	-0.36148457543658535
235150000	235199999	0.17559431878536585	0.5350555112000001	-0.3594611924146342
235200000	235249999	0.16996634333902444	0.5350555112000001	-0.3650891678609756
235250000	235299999	0.16687952747073176	0.5350555112000001	-0.3681759837292683
235300000	235349999	0.16727636035121962	0.5350555112000001	-0.36777915084878043
235350000	235399999	0.17182654772439032	0.5350555112000001	-0.36322896347560973
235400000	235449999	0.1748324690243903	0.5350555112000001	-0.36022304217560974
235450000	235499999	0.15953873630243903	0.5350555112000001	-0.375516774897561
235500000	235549999	0.15358340796585374	0.5350555112000001	-0.3814721032341463
235550000	235599999	0.14813779840487812	0.5350555112000001	-0.38691771279512194
235600000	235649999	0.14469235026097566	0.5350555112000001	-0.3903631609390244
235650000	235699999	0.14514194187804885	0.5350555112000001	-0.3899135693219512
235700000	235749999	0.1477502293560976	0.5350555112000001	-0.38730528184390245
235750000	235799999	0.14837755939756103	0.5350555112000001	-0.386677951802439
235800000	235849999	0.14902700515609757	0.5350555112000001	-0.3860285060439025
235850000	235899999	0.1457972195560976	0.5350555112000001	-0.38925829164390247
235900000	235949999	0.14748642080000002	0.5350555112000001	-0.38756909040000004
235950000	235999999	0.14642424537560972	0.5350555112000001	-0.38863126582439034
236000000	236049999	0.14361266807560974	0.5350555112000001	-0.3914428431243903
236050000	236099999	0.14344333982926832	0.5350555112000001	-0.39161217137073173
236100000	236149999	0.14387326630975616	0.5350555112000001	-0.3911822448902439
236150000	236199999	0.1452963259219513	0.5350555112000001	-0.38975918527804876
236200000	236249999	0.14416767356341464	0.5350555112000001	-0.3908878376365854
236250000	236299999	0.1415097659097561	0.5350555112000001	-0.39354574529024394
236300000	236349999	0.13916014596829274	0.5350555112000001	-0.3958953652317073
236350000	236399999	0.14105554932926834	0.5350555112000001	-0.3939999618707317
236400000	236449999	0.13937240295121955	0.5350555112000001	-0.3956831082487805
236450000	236499999	0.13632078552682925	0.5350555112000001	-0.3987347256731708
236500000	236549999	0.1357204656121952	0.5350555112000001	-0.39933504558780486
236550000	236599999	0.13590774066585365	0.5350555112000001	-0.3991477705341464
236600000	236649999	0.138607744692683	0.5350555112000001	-0.39644776650731706
236650000	236699999	0.140265317495122	0.5350555112000001	-0.39479019370487806
236700000	236749999	0.1390707304365854	0.5350555112000001	-0.39598478076341465
236750000	236799999	0.13586360940975611	0.5350555112000001	-0.39919190179024394
236800000	236849999	0.137938016387805	0.5350555112000001	-0.39711749481219505
236850000	236899999	0.14109271158536596	0.5350555112000001	-0.3939627996146341
236900000	236949999	0.14159341795609764	0.5350555112000001	-0.3934620932439024
236950000	236999999	0.14513407911463422	0.5350555112000001	-0.38992143208536584
237000000	237049999	0.1519109302560976	0.5350555112000001	-0.38314458094390247
237050000	237099999	0.15248203685609762	0.5350555112000001	-0.38257347434390243
237100000	237149999	0.15038020662682927	0.5350555112000001	-0.3846753045731708
237150000	237199999	0.15339272457804887	0.5350555112000001	-0.3816627866219512
237200000	237249999	0.1510537342048781	0.5350555112000001	-0.38400177699512195
237250000	237299999	0.15416185597804882	0.5350555112000001	-0.38089365522195123
237300000	237349999	0.15556469181463417	0.5350555112000001	-0.3794908193853659
237350000	237399999	0.15014870634878053	0.5350555112000001	-0.38490680485121953
237400000	237449999	0.14564982593658538	0.5350555112000001	-0.3894056852634147
237450000	237499999	0.14329583297804882	0.5350555112000001	-0.39175967822195124
237500000	237549999	0.1437747469585366	0.5350555112000001	-0.39128076424146346
237550000	237599999	0.1420731356170732	0.5350555112000001	-0.39298237558292687
237600000	237649999	0.14512644816341463	0.5350555112000001	-0.3899290630365854
237650000	237699999	0.14756797838780494	0.5350555112000001	-0.3874875328121951
237700000	237749999	0.15308683174146348	0.5350555112000001	-0.3819686794585366
237750000	237799999	0.15057986928048794	0.5350555112000001	-0.3844756419195121
237800000	237849999	0.15170546915121957	0.5350555112000001	-0.3833500420487805
237850000	237899999	0.15028358955853666	0.5350555112000001	-0.3847719216414634
237900000	237949999	0.15324108611463422	0.5350555112000001	-0.38181442508536584
237950000	237999999	0.15385532918048783	0.5350555112000001	-0.3812001820195122
238000000	238049999	0.15459907205609763	0.5350555112000001	-0.3804564391439024
238050000	238099999	0.15754804454390248	0.5350555112000001	-0.3775074666560976
238100000	238149999	0.15881079645609764	0.5350555112000001	-0.3762447147439024
238150000	238199999	0.15996021415121958	0.5350555112000001	-0.3750952970487805
238200000	238249999	0.1600026517121952	0.5350555112000001	-0.37505285948780487
238250000	238299999	0.16280647537317078	0.5350555112000001	-0.3722490358268293
238300000	238349999	0.1673629775439025	0.5350555112000001	-0.36769253365609755
238350000	238399999	0.16904043772926836	0.5350555112000001	-0.3660150734707317
238400000	238449999	0.17028464133902438	0.5350555112000001	-0.3647708698609757
238450000	238499999	0.17277585126829276	0.5350555112000001	-0.3622796599317073
238500000	238549999	0.1745355458463415	0.5350555112000001	-0.36051996535365854
238550000	238599999	0.1777982820585366	0.5350555112000001	-0.35725722914146346
238600000	238649999	0.17814153643902447	0.5350555112000001	-0.3569139747609756
238650000	238699999	0.1781682199000001	0.5350555112000001	-0.35688729129999996
238700000	238749999	0.17820513993658543	0.5350555112000001	-0.3568503712634146
238750000	238799999	0.17630127823170738	0.5350555112000001	-0.3587542329682927
238800000	238849999	0.17612460277560982	0.5350555112000001	-0.35893090842439024
238850000	238899999	0.17617266745853666	0.5350555112000001	-0.3588828437414634
238900000	238949999	0.17492337371463418	0.5350555112000001	-0.3601321374853659
238950000	238999999	0.17424959556829273	0.5350555112000001	-0.36080591563170733
239000000	239049999	0.17189641629756108	0.5350555112000001	-0.363159094902439
239050000	239099999	0.16449365306341468	0.5350555112000001	-0.3705618581365854
239100000	239149999	0.16155362345609764	0.5350555112000001	-0.3735018877439024
239150000	239199999	0.16490035574878054	0.5350555112000001	-0.3701551554512195
239200000	239249999	0.15843605271463418	0.5350555112000001	-0.3766194584853659
239250000	239299999	0.15536141495609762	0.5350555112000001	-0.37969409624390243
239300000	239349999	0.15166874414634152	0.5350555112000001	-0.38338676705365854
239350000	239399999	0.14783341126341465	0.5350555112000001	-0.3872220999365854
239400000	239449999	0.1485772018121952	0.5350555112000001	-0.38647830938780486
239450000	239499999	0.14755332256585368	0.5350555112000001	-0.38750218863414637
239500000	239549999	0.14488860254878055	0.5350555112000001	-0.3901669086512195
239550000	239599999	0.1416109946317074	0.5350555112000001	-0.39344451656829266
239600000	239649999	0.14005729228048786	0.5350555112000001	-0.3949982189195122
239650000	239699999	0.1346848266268293	0.5350555112000001	-0.40037068457317077
239700000	239749999	0.13107928982439027	0.5350555112000001	-0.4039762213756098
239750000	239799999	0.13999553715365864	0.5350555112000001	-0.3950599740463414
239800000	239849999	0.14485483198048787	0.5350555112000001	-0.3902006792195122
239850000	239899999	0.14142965975853666	0.5350555112000001	-0.3936258514414634
239900000	239949999	0.14123985521463422	0.5350555112000001	-0.39381565598536583
239950000	239999999	0.13824224140975622	0.5350555112000001	-0.39681326979024384
240000000	240049999	0.13642262565609764	0.5350555112000001	-0.3986328855439024
240050000	240099999	0.13423830801219516	0.5350555112000001	-0.4008172031878049
240100000	240149999	0.1291070211926829	0.5350555112000001	-0.40594849000731714
240150000	240199999	0.1310553747390244	0.5350555112000001	-0.40400013646097566
240200000	240249999	0.1298977611	0.5350555112000001	-0.40515775010000005
240250000	240299999	0.12754038209268287	0.5350555112000001	-0.4075151291073172
240300000	240349999	0.12399833727073173	0.5350555112000001	-0.4110571739292683
240350000	240399999	0.12426567647804887	0.5350555112000001	-0.4107898347219512
240400000	240449999	0.1231116673073171	0.5350555112000001	-0.41194384389268296
240450000	240499999	0.11710459563658543	0.5350555112000001	-0.4179509155634146
240500000	240549999	0.11925622593414642	0.5350555112000001	-0.41579928526585364
240550000	240599999	0.11812547298780496	0.5350555112000001	-0.4169300382121951
240600000	240649999	0.11181700913414644	0.5350555112000001	-0.4232385020658536
240650000	240699999	0.1153719194804878	0.5350555112000001	-0.41968359171951225
240700000	240749999	0.11655374370975613	0.5350555112000001	-0.4185017674902439
240750000	240799999	0.11479372034146346	0.5350555112000001	-0.4202617908585366
240800000	240849999	0.1148091232609757	0.5350555112000001	-0.42024638793902436
240850000	240899999	0.11594260137804879	0.5350555112000001	-0.41911290982195126
240900000	240949999	0.11211234478780491	0.5350555112000001	-0.42294316641219515
240950000	240999999	0.11056915518780502	0.5350555112000001	-0.42448635601219503
241000000	241049999	0.1129579646780488	0.5350555112000001	-0.42209754652195125
241050000	241099999	0.11243295722926838	0.5350555112000001	-0.4226225539707317
241100000	241149999	0.11337274504878048	0.5350555112000001	-0.4216827661512196
241150000	241199999	0.11415421267073167	0.5350555112000001	-0.4209012985292684
241200000	241249999	0.1160952967829268	0.5350555112000001	-0.41896021441707326
241250000	241299999	0.1223320738780489	0.5350555112000001	-0.41272343732195116
241300000	241349999	0.12806079858780495	0.5350555112000001	-0.4069947126121951
241350000	241399999	0.12880623606829278	0.5350555112000001	-0.4062492751317073
241400000	241449999	0.13337238326097567	0.5350555112000001	-0.4016831279390244
241450000	241499999	0.13403085394390246	0.5350555112000001	-0.4010246572560976
241500000	241549999	0.13399267764878064	0.5350555112000001	-0.4010628335512194
241550000	241599999	0.13436054415365856	0.5350555112000001	-0.4006949670463415
241600000	241649999	0.1377728140487805	0.5350555112000001	-0.39728269715121955
241650000	241699999	0.13889749464390244	0.5350555112000001	-0.3961580165560976
241700000	241749999	0.13645392610243912	0.5350555112000001	-0.39860158509756094
241750000	241799999	0.13404723271219515	0.5350555112000001	-0.4010082784878049
241800000	241849999	0.11779691449756102	0.5350555112000001	-0.41725859670243903
241850000	241899999	0.11249551967804872	0.5350555112000001	-0.42255999152195134
241900000	241949999	0.11435358349268304	0.5350555112000001	-0.420701927707317
241950000	241999999	0.10896501298292688	0.5350555112000001	-0.4260904982170732
242000000	242049999	0.11094469274634144	0.5350555112000001	-0.4241108184536586
242050000	242099999	0.1201029275463415	0.5350555112000001	-0.41495258365365856
242100000	242149999	0.1074858155585367	0.5350555112000001	-0.42756969564146335
242150000	242199999	0.1115192699414635	0.5350555112000001	-0.42353624125853656
242200000	242249999	0.10893640801749999	0.5350555112000001	-0.42611910318250007
242250000	242299999	0.10879483531282058	0.5350555112000001	-0.4262606758871795
242300000	242349999	0.10963936643684219	0.5350555112000001	-0.42541614476315787
242350000	242399999	0.11024328174054049	0.5350555112000001	-0.42481222945945957
242400000	242449999	0.10789249147500002	0.5350555112000001	-0.42716301972500004
242450000	242499999	0.10901511961999999	0.5350555112000001	-0.42604039158000007
242500000	242549999	0.11265437252647059	0.5350555112000001	-0.42240113867352946
242550000	242599999	0.10744631499393942	0.5350555112000001	-0.42760919620606064
242600000	242649999	0.11006282428750003	0.5350555112000001	-0.42499268691250003
242650000	242699999	0.11632386750645168	0.5350555112000001	-0.41873164369354837
242700000	242749999	0.11256208766666664	0.5350555112000001	-0.4224934235333334
242750000	242799999	0.11301449421034476	0.5350555112000001	-0.4220410169896553
242800000	242849999	0.11401206748571424	0.5350555112000001	-0.4210434437142858
242850000	242899999	0.11831487530370371	0.5350555112000001	-0.41674063589629634
242900000	242949999	0.12122387528461537	0.5350555112000001	-0.4138316359153847
242950000	242999999	0.12823684443599997	0.5350555112000001	-0.4068186667640001
243000000	243049999	0.1318908006791667	0.5350555112000001	-0.40316471052083336
243050000	243099999	0.13277040308260873	0.5350555112000001	-0.4022851081173913
243100000	243149999	0.1325339894863637	0.5350555112000001	-0.40252152171363637
243150000	243199999	0.13613024511904764	0.5350555112000001	-0.3989252660809524
