start	end	obs	exp	var
0	49999	1.08281803674	0.99673133554	0.08608670119999995
50000	99999	1.360607523715	0.99673133554	0.3638761881749999
100000	149999	1.2404607654	0.99673133554	0.2437294298599999
150000	199999	1.25902431162	0.99673133554	0.2622929760799999
200000	249999	1.1360721975	0.99673133554	0.13934086196000006
250000	299999	1.05436024216	0.99673133554	0.057628906619999976
300000	349999	0.7607868089400001	0.99673133554	-0.23594452659999998
350000	399999	0.77236699726	0.99673133554	-0.22436433828000002
400000	449999	0.7037312650800001	0.99673133554	-0.29300007046
450000	499999	0.71307997104	0.99673133554	-0.28365136450000006
500000	549999	0.7230281897999999	0.99673133554	-0.2737031457400001
550000	599999	0.70603665762	0.99673133554	-0.29069467792000003
600000	649999	0.6670899211400001	0.99673133554	-0.32964141439999994
650000	699999	0.6705077740400001	0.99673133554	-0.3262235615
700000	749999	0.6273519974	0.99673133554	-0.36937933814
750000	799999	0.58982527768	0.99673133554	-0.40690605786
800000	849999	0.5771776883799999	0.99673133554	-0.4195536471600001
850000	899999	0.5465572590200001	0.99673133554	-0.45017407651999997
900000	949999	0.53273507736	0.99673133554	-0.46399625818
950000	999999	0.5029002924400001	0.99673133554	-0.4938310430999999
1000000	1049999	0.48778188392	0.99673133554	-0.50894945162
1050000	1099999	0.45830990265999993	0.99673133554	-0.5384214328800001
1100000	1149999	0.43595667961999995	0.99673133554	-0.5607746559200001
1150000	1199999	0.42145470554	0.99673133554	-0.5752766300000001
1200000	1249999	0.4502106604	0.99673133554	-0.54652067514
1250000	1299999	0.44056543581999996	0.99673133554	-0.5561658997200001
1300000	1349999	0.44195750398	0.99673133554	-0.55477383156
1350000	1399999	0.46499568964000004	0.99673133554	-0.5317356459
1400000	1449999	0.4529647513999999	0.99673133554	-0.5437665841400001
1450000	1499999	0.45719854388000003	0.99673133554	-0.53953279166
1500000	1549999	0.46485999077999995	0.99673133554	-0.5318713447600001
1550000	1599999	0.48341348572	0.99673133554	-0.5133178498200001
1600000	1649999	0.48786723770000007	0.99673133554	-0.50886409784
1650000	1699999	0.48187374498	0.99673133554	-0.51485759056
1700000	1749999	0.48054543415999995	0.99673133554	-0.5161859013800001
1750000	1799999	0.5024588628000001	0.99673133554	-0.49427247273999997
1800000	1849999	0.4953623904800001	0.99673133554	-0.50136894506
1850000	1899999	0.54060273648	0.99673133554	-0.45612859906000003
1900000	1949999	0.61822033066	0.99673133554	-0.37851100488
1950000	1999999	0.6706219665	0.99673133554	-0.32610936904
2000000	2049999	0.6880457814600001	0.99673133554	-0.30868555408
2050000	2099999	0.7376970327400001	0.99673133554	-0.25903430279999995
2100000	2149999	0.72327295122	0.99673133554	-0.27345838432
2150000	2199999	0.67718070598	0.99673133554	-0.31955062956
2200000	2249999	0.6355375242400001	0.99673133554	-0.36119381129999995
2250000	2299999	0.6196265863	0.99673133554	-0.37710474924000004
2300000	2349999	0.56873662688	0.99673133554	-0.42799470866
2350000	2399999	0.5540086576400001	0.99673133554	-0.4427226779
2400000	2449999	0.53611276296	0.99673133554	-0.46061857258000005
2450000	2499999	0.55289379306	0.99673133554	-0.44383754248000007
2500000	2549999	0.5557810092600001	0.99673133554	-0.44095032627999997
2550000	2599999	0.5927066458800001	0.99673133554	-0.40402468965999994
2600000	2649999	0.606673083	0.99673133554	-0.39005825254000004
2650000	2699999	0.6636309435000001	0.99673133554	-0.33310039203999997
2700000	2749999	0.7097206995600001	0.99673133554	-0.28701063598
2750000	2799999	0.7112151787200001	0.99673133554	-0.28551615682
2800000	2849999	0.7007693891200001	0.99673133554	-0.29596194641999996
2850000	2899999	0.68889018524	0.99673133554	-0.30784115030000003
2900000	2949999	0.6640207037200001	0.99673133554	-0.33271063181999994
2950000	2999999	0.6223269281600001	0.99673133554	-0.3744044073799999
3000000	3049999	0.6368338835800001	0.99673133554	-0.3598974519599999
3050000	3099999	0.6550853951400001	0.99673133554	-0.34164594039999996
3100000	3149999	0.7134494363000001	0.99673133554	-0.2832818992399999
3150000	3199999	0.7988522452600001	0.99673133554	-0.19787909027999995
3200000	3249999	0.8502270727200001	0.99673133554	-0.14650426281999995
3250000	3299999	0.9047192457200001	0.99673133554	-0.09201208981999998
3300000	3349999	1.02098551694	0.99673133554	0.024254181399999908
3350000	3399999	1.08698624382	0.99673133554	0.09025490827999993
3400000	3449999	1.07731012086	0.99673133554	0.08057878531999996
3450000	3499999	1.05508340642	0.99673133554	0.05835207088000005
3500000	3549999	1.02838970292	0.99673133554	0.03165836737999994
3550000	3599999	0.9314240289000001	0.99673133554	-0.06530730663999995
3600000	3649999	0.8443924797200001	0.99673133554	-0.15233885581999995
3650000	3699999	0.7692572910200001	0.99673133554	-0.22747404451999997
3700000	3749999	0.6951037424200001	0.99673133554	-0.30162759312
3750000	3799999	0.65586576312	0.99673133554	-0.34086557242000004
3800000	3849999	0.63651052884	0.99673133554	-0.3602208067
3850000	3899999	0.63101471148	0.99673133554	-0.36571662406000005
3900000	3949999	0.61687435664	0.99673133554	-0.37985697890000003
3950000	3999999	0.6495745335800001	0.99673133554	-0.34715680196
4000000	4049999	0.67966273856	0.99673133554	-0.31706859698
4050000	4099999	0.6468432852000001	0.99673133554	-0.3498880503399999
4100000	4149999	0.63534096278	0.99673133554	-0.3613903727600001
4150000	4199999	0.66035010262	0.99673133554	-0.33638123292
4200000	4249999	0.6725629466	0.99673133554	-0.32416838894
4250000	4299999	0.6687757673600001	0.99673133554	-0.32795556817999993
4300000	4349999	0.71603575222	0.99673133554	-0.28069558332
4350000	4399999	0.70779181696	0.99673133554	-0.28893951858
4400000	4449999	0.7232275910800001	0.99673133554	-0.2735037444599999
4450000	4499999	0.7287329073400001	0.99673133554	-0.26799842819999997
4500000	4549999	0.74267734344	0.99673133554	-0.2540539921
4550000	4599999	0.78536263094	0.99673133554	-0.2113687046
4600000	4649999	0.83221291286	0.99673133554	-0.16451842268000005
4650000	4699999	0.832875758	0.99673133554	-0.16385557754000002
4700000	4749999	0.91059789686	0.99673133554	-0.08613343868000001
4750000	4799999	0.93438372526	0.99673133554	-0.06234761028000002
4800000	4849999	0.93134751926	0.99673133554	-0.06538381628
4850000	4899999	0.9542032420800001	0.99673133554	-0.04252809345999997
4900000	4949999	0.9957432377600001	0.99673133554	-0.0009880977799999746
4950000	4999999	1.01446416654	0.99673133554	0.017732831000000004
5000000	5049999	0.99216517522	0.99673133554	-0.004566160320000012
5050000	5099999	0.99342683706	0.99673133554	-0.0033044984800000288
5100000	5149999	0.9664516167	0.99673133554	-0.030279718840000025
5150000	5199999	0.9359345763800001	0.99673133554	-0.060796759159999936
5200000	5249999	0.8450051148200001	0.99673133554	-0.15172622071999997
5250000	5299999	0.83171083008	0.99673133554	-0.16502050546000002
5300000	5349999	0.76744777356	0.99673133554	-0.22928356198
5350000	5399999	0.76617224642	0.99673133554	-0.23055908912
5400000	5449999	0.76407745372	0.99673133554	-0.23265388182000002
5450000	5499999	0.7766812282000001	0.99673133554	-0.22005010733999997
5500000	5549999	0.8284952263800001	0.99673133554	-0.16823610915999998
5550000	5599999	0.8822237772	0.99673133554	-0.11450755834000004
5600000	5649999	0.91311831188	0.99673133554	-0.08361302366000001
5650000	5699999	0.95127532158	0.99673133554	-0.045456013959999986
5700000	5749999	0.9704020505400001	0.99673133554	-0.02632928499999998
5750000	5799999	0.9459216849600001	0.99673133554	-0.050809650579999976
5800000	5849999	1.01393254584	0.99673133554	0.01720121029999988
5850000	5899999	1.01909198248	0.99673133554	0.02236064693999995
5900000	5949999	0.9726307367	0.99673133554	-0.024100598840000043
5950000	5999999	0.9370423760600001	0.99673133554	-0.05968895947999997
6000000	6049999	0.89683945046	0.99673133554	-0.09989188508000002
6050000	6099999	0.7950210993200001	0.99673133554	-0.20171023621999995
6100000	6149999	0.74764199986	0.99673133554	-0.24908933568000002
6150000	6199999	0.73538937934	0.99673133554	-0.2613419562
6200000	6249999	0.7525640179	0.99673133554	-0.24416731764
6250000	6299999	0.74984453608	0.99673133554	-0.24688679946000003
6300000	6349999	0.73525279806	0.99673133554	-0.26147853748000005
6350000	6399999	0.75575625534	0.99673133554	-0.24097508020000002
6400000	6449999	0.7406614018200001	0.99673133554	-0.25606993372
6450000	6499999	0.7226587806	0.99673133554	-0.27407255494000005
6500000	6549999	0.7143135834400001	0.99673133554	-0.2824177521
6550000	6599999	0.7110384664	0.99673133554	-0.28569286914
6600000	6649999	0.6572711243	0.99673133554	-0.33946021124000003
6650000	6699999	0.66085383292	0.99673133554	-0.33587750262000005
6700000	6749999	0.6573398413	0.99673133554	-0.33939149424000004
6750000	6799999	0.6995591263800001	0.99673133554	-0.29717220916
6800000	6849999	0.72368787036	0.99673133554	-0.27304346518
6850000	6899999	0.77980001172	0.99673133554	-0.21693132382000002
6900000	6949999	0.882707541	0.99673133554	-0.11402379454
6950000	6999999	0.9456259879200001	0.99673133554	-0.05110534761999996
7000000	7049999	0.9389785459400001	0.99673133554	-0.057752789599999965
7050000	7099999	0.90125234036	0.99673133554	-0.09547899518000003
7100000	7149999	0.82542658466	0.99673133554	-0.17130475088000008
7150000	7199999	0.71653325694	0.99673133554	-0.2801980786
7200000	7249999	0.62213324094	0.99673133554	-0.37459809460000004
7250000	7299999	0.5797482760800001	0.99673133554	-0.4169830594599999
7300000	7349999	0.5619976164400001	0.99673133554	-0.4347337190999999
7350000	7399999	0.5697556750600001	0.99673133554	-0.4269756604799999
7400000	7449999	0.5847353803800002	0.99673133554	-0.41199595515999987
7450000	7499999	0.58911432596	0.99673133554	-0.40761700958
7500000	7549999	0.56998843542	0.99673133554	-0.42674290012000005
7550000	7599999	0.5616539248200001	0.99673133554	-0.43507741071999995
7600000	7649999	0.5401703035600001	0.99673133554	-0.45656103198
7650000	7699999	0.5158710829600001	0.99673133554	-0.48086025258
7700000	7749999	0.52170351006	0.99673133554	-0.47502782548
7750000	7799999	0.5221493475000001	0.99673133554	-0.47458198803999996
7800000	7849999	0.52184404438	0.99673133554	-0.47488729116000006
7850000	7899999	0.5378938665	0.99673133554	-0.45883746904
7900000	7949999	0.51224514986	0.99673133554	-0.48448618568
7950000	7999999	0.48712221156	0.99673133554	-0.50960912398
8000000	8049999	0.48905905714	0.99673133554	-0.5076722784000001
8050000	8099999	0.49408655542	0.99673133554	-0.50264478012
8100000	8149999	0.47208774492000005	0.99673133554	-0.52464359062
8150000	8199999	0.46815297180000004	0.99673133554	-0.52857836374
8200000	8249999	0.47613460533999996	0.99673133554	-0.5205967302000001
8250000	8299999	0.47912191041999996	0.99673133554	-0.5176094251200001
8300000	8349999	0.5083204581799999	0.99673133554	-0.4884108773600001
8350000	8399999	0.55008065048	0.99673133554	-0.44665068506000005
8400000	8449999	0.5898376383400001	0.99673133554	-0.4068936971999999
8450000	8499999	0.60800993678	0.99673133554	-0.38872139876
8500000	8549999	0.6213588694600001	0.99673133554	-0.37537246607999997
8550000	8599999	0.59406873266	0.99673133554	-0.40266260288
8600000	8649999	0.5679338826800001	0.99673133554	-0.42879745285999993
8650000	8699999	0.5414106051400001	0.99673133554	-0.4553207304
8700000	8749999	0.5226793286	0.99673133554	-0.47405200694000005
8750000	8799999	0.48397055822	0.99673133554	-0.51276077732
8800000	8849999	0.4679846978400001	0.99673133554	-0.5287466377
8850000	8899999	0.47522029099999996	0.99673133554	-0.5215110445400001
8900000	8949999	0.47307222202	0.99673133554	-0.52365911352
8950000	8999999	0.4781560842800001	0.99673133554	-0.5185752512599999
9000000	9049999	0.5003112601	0.99673133554	-0.49642007544
9050000	9099999	0.53941736654	0.99673133554	-0.457313969
9100000	9149999	0.53078374084	0.99673133554	-0.4659475947
9150000	9199999	0.5622308651000001	0.99673133554	-0.43450047043999995
9200000	9249999	0.56639970168	0.99673133554	-0.43033163386000006
9250000	9299999	0.5715552876800001	0.99673133554	-0.42517604785999996
9300000	9349999	0.56175444476	0.99673133554	-0.43497689078
9350000	9399999	0.57369564076	0.99673133554	-0.42303569478
9400000	9449999	0.5754791098400001	0.99673133554	-0.4212522257
9450000	9499999	0.58219201818	0.99673133554	-0.41453931736000005
9500000	9549999	0.5971699715600001	0.99673133554	-0.39956136398
9550000	9599999	0.59683596912	0.99673133554	-0.39989536642
9600000	9649999	0.59854768388	0.99673133554	-0.39818365166
9650000	9699999	0.5940998025600001	0.99673133554	-0.40263153298
9700000	9749999	0.59844715248	0.99673133554	-0.39828418306
9750000	9799999	0.61362479676	0.99673133554	-0.38310653878
9800000	9849999	0.6170534896	0.99673133554	-0.3796778459400001
9850000	9899999	0.60283301872	0.99673133554	-0.3938983168200001
9900000	9949999	0.58825298474	0.99673133554	-0.40847835080000006
9950000	9999999	0.5728851237200001	0.99673133554	-0.42384621181999993
10000000	10049999	0.53145765988	0.99673133554	-0.46527367566
10050000	10099999	0.53229184102	0.99673133554	-0.46443949452
10100000	10149999	0.5700905342600001	0.99673133554	-0.4266408012799999
10150000	10199999	0.5753889962200001	0.99673133554	-0.42134233932
10200000	10249999	0.5796807142200001	0.99673133554	-0.4170506213199999
10250000	10299999	0.60857662962	0.99673133554	-0.38815470592
10300000	10349999	0.59559335732	0.99673133554	-0.4011379782200001
10350000	10399999	0.56677063258	0.99673133554	-0.42996070296
10400000	10449999	0.55495012014	0.99673133554	-0.44178121540000004
10450000	10499999	0.54526579206	0.99673133554	-0.45146554348
10500000	10549999	0.54003019342	0.99673133554	-0.45670114212
10550000	10599999	0.54544359864	0.99673133554	-0.4512877369
10600000	10649999	0.5296611259800001	0.99673133554	-0.4670702095599999
10650000	10699999	0.5135901514000001	0.99673133554	-0.48314118413999996
10700000	10749999	0.53400070066	0.99673133554	-0.46273063488
10750000	10799999	0.5131961150800001	0.99673133554	-0.48353522045999997
10800000	10849999	0.5103964632200001	0.99673133554	-0.48633487231999994
10850000	10899999	0.51604480354	0.99673133554	-0.480686532
10900000	10949999	0.5590628456600001	0.99673133554	-0.43766848987999996
10950000	10999999	0.58499047826	0.99673133554	-0.4117408572800001
11000000	11049999	0.62297934188	0.99673133554	-0.37375199366
11050000	11099999	0.63233482184	0.99673133554	-0.36439651370000004
11100000	11149999	0.63639501578	0.99673133554	-0.36033631976
11150000	11199999	0.6091100517000001	0.99673133554	-0.38762128383999994
11200000	11249999	0.5739473956400001	0.99673133554	-0.42278393989999996
11250000	11299999	0.56353217514	0.99673133554	-0.43319916040000006
11300000	11349999	0.5482330588400001	0.99673133554	-0.4484982767
11350000	11399999	0.54872446882	0.99673133554	-0.44800686672
11400000	11449999	0.56269719652	0.99673133554	-0.43403413902
11450000	11499999	0.5544816822	0.99673133554	-0.44224965334
11500000	11549999	0.53183677624	0.99673133554	-0.4648945593
11550000	11599999	0.5361119070400001	0.99673133554	-0.46061942849999993
11600000	11649999	0.5514794604000001	0.99673133554	-0.44525187514
11650000	11699999	0.54481367802	0.99673133554	-0.45191765752
11700000	11749999	0.5486614245200001	0.99673133554	-0.44806991101999993
11750000	11799999	0.5582343178400001	0.99673133554	-0.43849701769999994
11800000	11849999	0.53895166536	0.99673133554	-0.45777967018
11850000	11899999	0.52506387214	0.99673133554	-0.4716674634
11900000	11949999	0.5232658047000001	0.99673133554	-0.47346553084
11950000	11999999	0.5221954360400001	0.99673133554	-0.47453589949999997
12000000	12049999	0.5218096732399999	0.99673133554	-0.4749216623000001
12050000	12099999	0.5569198953600001	0.99673133554	-0.43981144017999996
12100000	12149999	0.55801775132	0.99673133554	-0.43871358422000006
12150000	12199999	0.56806861216	0.99673133554	-0.42866272338
12200000	12249999	0.56092815178	0.99673133554	-0.43580318376000005
12250000	12299999	0.5690833573199999	0.99673133554	-0.4276479782200001
12300000	12349999	0.57681546842	0.99673133554	-0.41991586712000006
12350000	12399999	0.57941258328	0.99673133554	-0.41731875226000004
12400000	12449999	0.56149384218	0.99673133554	-0.43523749336000006
12450000	12499999	0.55710936782	0.99673133554	-0.43962196772000006
12500000	12549999	0.5564807651599999	0.99673133554	-0.44025057038000015
12550000	12599999	0.55852763448	0.99673133554	-0.43820370106000006
12600000	12649999	0.5709471348599999	0.99673133554	-0.4257842006800001
12650000	12699999	0.59014987366	0.99673133554	-0.40658146188
12700000	12749999	0.6283261063600001	0.99673133554	-0.36840522917999996
12750000	12799999	0.6149310342800001	0.99673133554	-0.38180030126
12800000	12849999	0.5868959045400001	0.99673133554	-0.409835431
12850000	12899999	0.5731995011200001	0.99673133554	-0.42353183442
12900000	12949999	0.5715196198200001	0.99673133554	-0.42521171571999994
12950000	12999999	0.58465816256	0.99673133554	-0.41207317298
13000000	13049999	0.65092124164	0.99673133554	-0.34581009390000006
13050000	13099999	0.71703726142	0.99673133554	-0.27969407412
13100000	13149999	0.81301981828	0.99673133554	-0.18371151726
13150000	13199999	0.8427496919599999	0.99673133554	-0.1539816435800001
13200000	13249999	0.8470048847	0.99673133554	-0.14972645084000002
13250000	13299999	0.8150084233	0.99673133554	-0.18172291224000003
13300000	13349999	0.79990176294	0.99673133554	-0.1968295726
13350000	13399999	0.71247025048	0.99673133554	-0.28426108506000003
13400000	13449999	0.6844150463800001	0.99673133554	-0.31231628916
13450000	13499999	0.6514672765	0.99673133554	-0.34526405904
13500000	13549999	0.6594036964400001	0.99673133554	-0.33732763909999997
13550000	13599999	0.62969099622	0.99673133554	-0.36704033932
13600000	13649999	0.6497232896	0.99673133554	-0.34700804594
13650000	13699999	0.64255692398	0.99673133554	-0.35417441156000007
13700000	13749999	0.6770790851	0.99673133554	-0.31965225044
13750000	13799999	0.68462264314	0.99673133554	-0.31210869240000005
13800000	13849999	0.72424787802	0.99673133554	-0.27248345752
13850000	13899999	0.6934506488000001	0.99673133554	-0.30328068673999997
13900000	13949999	0.72363643324	0.99673133554	-0.2730949023
13950000	13999999	0.74269921992	0.99673133554	-0.25403211562000005
14000000	14049999	0.84669962108	0.99673133554	-0.15003171446000008
14050000	14099999	0.89648273964	0.99673133554	-0.10024859590000001
14100000	14149999	0.9918736396600001	0.99673133554	-0.004857695879999957
14150000	14199999	1.0413786092000001	0.99673133554	0.0446472736600001
14200000	14249999	0.98782768436	0.99673133554	-0.008903651180000027
14250000	14299999	0.88981770898	0.99673133554	-0.10691362656000003
14300000	14349999	0.8660711620800001	0.99673133554	-0.13066017345999992
14350000	14399999	0.84344216038	0.99673133554	-0.15328917516000007
14400000	14449999	0.84831587808	0.99673133554	-0.14841545746000007
14450000	14499999	0.87815591624	0.99673133554	-0.11857541930000004
14500000	14549999	0.96457094078	0.99673133554	-0.03216039475999999
14550000	14599999	0.9346802264	0.99673133554	-0.062051109140000005
14600000	14649999	0.92198283546	0.99673133554	-0.07474850008
14650000	14699999	0.89811779012	0.99673133554	-0.09861354542
14700000	14749999	0.8891337328200001	0.99673133554	-0.10759760271999996
14750000	14799999	0.7533987081000001	0.99673133554	-0.24333262743999995
14800000	14849999	0.75784197478	0.99673133554	-0.23888936076
14850000	14899999	0.71510227916	0.99673133554	-0.28162905638
14900000	14949999	0.7019905039800001	0.99673133554	-0.29474083155999997
14950000	14999999	0.6970090786	0.99673133554	-0.29972225694
15000000	15049999	0.70436158792	0.99673133554	-0.29236974762
15050000	15099999	0.67169737218	0.99673133554	-0.32503396336
15100000	15149999	0.65576377342	0.99673133554	-0.34096756212
15150000	15199999	0.6153949292600001	0.99673133554	-0.38133640628
15200000	15249999	0.59443501012	0.99673133554	-0.40229632542000004
15250000	15299999	0.61053770576	0.99673133554	-0.38619362978000005
15300000	15349999	0.60376695388	0.99673133554	-0.39296438166000003
15350000	15399999	0.6868799520200001	0.99673133554	-0.30985138351999997
15400000	15449999	0.71260862438	0.99673133554	-0.28412271116
15450000	15499999	0.7455519194	0.99673133554	-0.25117941614000006
15500000	15549999	0.76358217202	0.99673133554	-0.23314916352000004
15550000	15599999	0.7728557593000001	0.99673133554	-0.22387557623999998
15600000	15649999	0.70031897602	0.99673133554	-0.29641235952
15650000	15699999	0.65262056434	0.99673133554	-0.3441107712
15700000	15749999	0.6413388536600001	0.99673133554	-0.35539248187999994
15750000	15799999	0.61448791654	0.99673133554	-0.38224341900000003
15800000	15849999	0.5839698221	0.99673133554	-0.41276151344
15850000	15899999	0.5671877218	0.99673133554	-0.42954361374000005
15900000	15949999	0.5491190050200001	0.99673133554	-0.44761233051999993
15950000	15999999	0.48995384498000005	0.99673133554	-0.50677749056
16000000	16049999	0.43207846004000006	0.99673133554	-0.5646528755
16050000	16099999	0.3969767823400001	0.99673133554	-0.5997545531999999
16100000	16149999	0.3589465619200001	0.99673133554	-0.63778477362
16150000	16199999	0.35321481490000006	0.99673133554	-0.64351652064
16200000	16249999	0.35237087604000017	0.99673133554	-0.6443604594999999
16250000	16299999	0.3568005113	0.99673133554	-0.63993082424
16300000	16349999	0.38688620848	0.99673133554	-0.60984512706
16350000	16399999	0.4066872897	0.99673133554	-0.59004404584
16400000	16449999	0.4228928511000001	0.99673133554	-0.57383848444
16450000	16499999	0.44440492046000013	0.99673133554	-0.5523264150799999
16500000	16549999	0.49436422442000016	0.99673133554	-0.5023671111199999
16550000	16599999	0.8645849774400001	0.99673133554	-0.13214635809999997
16600000	16649999	0.87081048128	0.99673133554	-0.12592085426
16650000	16699999	0.8603674289600001	0.99673133554	-0.13636390657999997
16700000	16749999	0.8462873225800001	0.99673133554	-0.15044401295999998
16750000	16799999	0.7906867988	0.99673133554	-0.20604453674
16800000	16849999	0.39032991142000006	0.99673133554	-0.60640142412
16850000	16899999	0.3709585042400001	0.99673133554	-0.6257728312999999
16900000	16949999	0.3860957033200001	0.99673133554	-0.61063563222
16950000	16999999	0.3977785114000001	0.99673133554	-0.59895282414
17000000	17049999	0.42703171082000013	0.99673133554	-0.5696996247199999
17050000	17099999	0.45027934581999995	0.99673133554	-0.5464519897200001
17100000	17149999	0.49387183034000004	0.99673133554	-0.5028595052
17150000	17199999	0.4926512123800001	0.99673133554	-0.50408012316
17200000	17249999	0.51477467436	0.99673133554	-0.48195666118
17250000	17299999	0.5117336262200001	0.99673133554	-0.48499770931999997
17300000	17349999	0.5375571977	0.99673133554	-0.45917413784000005
17350000	17399999	0.55974458532	0.99673133554	-0.43698675022
17400000	17449999	0.5388208494	0.99673133554	-0.4579104861400001
17450000	17499999	0.49846933783999997	0.99673133554	-0.49826199770000007
17500000	17549999	0.48823396704	0.99673133554	-0.5084973685
17550000	17599999	0.45255723654	0.99673133554	-0.544174099
17600000	17649999	0.41027297214	0.99673133554	-0.5864583634
17650000	17699999	0.4075953179199999	0.99673133554	-0.5891360176200001
17700000	17749999	0.4153259842000001	0.99673133554	-0.5814053513399999
17750000	17799999	0.42961545204000007	0.99673133554	-0.5671158835
17800000	17849999	0.41002572036000007	0.99673133554	-0.58670561518
17850000	17899999	0.4196335404	0.99673133554	-0.57709779514
17900000	17949999	0.45249680644	0.99673133554	-0.5442345291
17950000	17999999	0.46490371636000005	0.99673133554	-0.53182761918
18000000	18049999	0.46122229098	0.99673133554	-0.53550904456
18050000	18099999	0.4784662557	0.99673133554	-0.51826507984
18100000	18149999	0.49008270132	0.99673133554	-0.5066486342200001
18150000	18199999	0.48830824258000005	0.99673133554	-0.50842309296
18200000	18249999	0.48755703034	0.99673133554	-0.5091743052000001
18250000	18299999	0.48905421288000006	0.99673133554	-0.50767712266
18300000	18349999	0.5183580282400001	0.99673133554	-0.47837330729999994
18350000	18399999	0.51848044718	0.99673133554	-0.47825088836000007
18400000	18449999	0.52636446154	0.99673133554	-0.470366874
18450000	18499999	0.55052429706	0.99673133554	-0.4462070384800001
18500000	18549999	0.5487068498400001	0.99673133554	-0.4480244857
18550000	18599999	0.5519808310400001	0.99673133554	-0.4447505045
18600000	18649999	0.5326797625	0.99673133554	-0.46405157304
18650000	18699999	0.5449342744600001	0.99673133554	-0.45179706107999995
18700000	18749999	0.5390310580400001	0.99673133554	-0.4577002775
18750000	18799999	0.5550128251800001	0.99673133554	-0.44171851036
18800000	18849999	0.5492477021800001	0.99673133554	-0.44748363335999997
18850000	18899999	0.56278592656	0.99673133554	-0.43394540898
18900000	18949999	0.57273243764	0.99673133554	-0.4239988979
18950000	18999999	0.64348017698	0.99673133554	-0.35325115856
19000000	19049999	0.68421731676	0.99673133554	-0.31251401878000007
19050000	19099999	0.75004359038	0.99673133554	-0.24668774516000003
19100000	19149999	0.80119521874	0.99673133554	-0.19553611680000005
19150000	19199999	0.8503549849200001	0.99673133554	-0.14637635061999998
19200000	19249999	0.8967638176	0.99673133554	-0.09996751794000003
19250000	19299999	0.9340561685000001	0.99673133554	-0.06267516703999998
19300000	19349999	0.9009735267400001	0.99673133554	-0.09575780879999995
19350000	19399999	0.8572552013200001	0.99673133554	-0.13947613421999994
19400000	19449999	0.80236049608	0.99673133554	-0.19437083946
19450000	19499999	0.69089970394	0.99673133554	-0.30583163160000004
19500000	19549999	0.6450833313000001	0.99673133554	-0.35164800424
19550000	19599999	0.62543875948	0.99673133554	-0.37129257606
19600000	19649999	0.65122215774	0.99673133554	-0.3455091778
19650000	19699999	0.640937396	0.99673133554	-0.35579393954000005
19700000	19749999	0.65759078822	0.99673133554	-0.33914054732
19750000	19799999	0.63305649462	0.99673133554	-0.36367484092
19800000	19849999	0.6059678033000001	0.99673133554	-0.39076353223999993
19850000	19899999	0.55735710138	0.99673133554	-0.43937423416
19900000	19949999	0.517511361	0.99673133554	-0.4792199745400001
19950000	19999999	0.4589727803600001	0.99673133554	-0.5377585551799999
20000000	20049999	0.4257124968	0.99673133554	-0.57101883874
20050000	20099999	0.42767649306	0.99673133554	-0.56905484248
20100000	20149999	0.41048566188	0.99673133554	-0.58624567366
20150000	20199999	0.4005183244	0.99673133554	-0.59621301114
20200000	20249999	0.4190335244200001	0.99673133554	-0.57769781112
20250000	20299999	0.44152508832000015	0.99673133554	-0.5552062472199999
20300000	20349999	0.47288220696000005	0.99673133554	-0.52384912858
20350000	20399999	0.52256946216	0.99673133554	-0.47416187338000004
20400000	20449999	0.53397657262	0.99673133554	-0.46275476292000006
20450000	20499999	0.51778474852	0.99673133554	-0.47894658702000004
20500000	20549999	0.51934227904	0.99673133554	-0.4773890565000001
20550000	20599999	0.49514652168000006	0.99673133554	-0.50158481386
20600000	20649999	0.48941142328	0.99673133554	-0.5073199122600001
20650000	20699999	0.41738125814000004	0.99673133554	-0.5793500774
20700000	20749999	0.3388082294400001	0.99673133554	-0.6579231060999999
20750000	20799999	0.23204722864000005	0.99673133554	-0.7646841069
20800000	20849999	0.12925279688000002	0.99673133554	-0.86747853866
20850000	20899999	0.011087861659999976	0.99673133554	-0.9856434738800001
20900000	20949999	0.006042278520000055	0.99673133554	-0.99068905702
20950000	20999999	0.0055598265199998664	0.99673133554	-0.9911715090200002
21000000	21049999	0.005236846680000129	0.99673133554	-0.9914944888599999
21050000	21099999	0.00500908086000007	0.99673133554	-0.99172225468
21100000	21149999	0.0054299722399999695	0.99673133554	-0.9913013633000001
21150000	21199999	0.005910731240000078	0.99673133554	-0.9908206043
21200000	21249999	0.009213688820000066	0.99673133554	-0.98751764672
21250000	21299999	0.010015495460000134	0.99673133554	-0.9867158400799999
21300000	21349999	0.009709416580000019	0.99673133554	-0.98702191896
21350000	21399999	0.009422582260000034	0.99673133554	-0.98730875328
21400000	21449999	0.008901018300000008	0.99673133554	-0.98783031724
21450000	21499999	0.005885033100000103	0.99673133554	-0.9908463024399999
21500000	21549999	0.005423931840000118	0.99673133554	-0.9913074036999999
21550000	21599999	0.0055541390000000135	0.99673133554	-0.99117719654
21600000	21649999	0.00450192453999998	0.99673133554	-0.9922294110000001
21650000	21699999	0.004022597260000094	0.99673133554	-0.99270873828
21700000	21749999	0.00430301736000005	0.99673133554	-0.99242831818
21750000	21799999	0.004401372100000134	0.99673133554	-0.9923299634399999
21800000	21849999	0.004605961380000134	0.99673133554	-0.9921253741599999
21850000	21899999	0.004299053740000058	0.99673133554	-0.9924322818
21900000	21949999	0.004255916179999986	0.99673133554	-0.99247541936
21950000	21999999	0.004396307840000002	0.99673133554	-0.9923350277
22000000	22049999	0.003313879140000142	0.99673133554	-0.9934174563999999
22050000	22099999	0.003969248880000054	0.99673133554	-0.99276208666
22100000	22149999	0.004725316040000038	0.99673133554	-0.9920060195
22150000	22199999	0.004437899580000071	0.99673133554	-0.99229343596
22200000	22249999	0.004277998139999961	0.99673133554	-0.9924533374000001
22250000	22299999	0.00543852362000008	0.99673133554	-0.99129281192
22300000	22349999	0.005533508160000089	0.99673133554	-0.99119782738
22350000	22399999	0.006348384320000067	0.99673133554	-0.99038295122
22400000	22449999	0.00764953555999992	0.99673133554	-0.9890817999800001
22450000	22499999	0.008071383300000123	0.99673133554	-0.9886599522399999
22500000	22549999	0.008176725200000123	0.99673133554	-0.9885546103399999
22550000	22599999	0.007290374520000031	0.99673133554	-0.98944096102
22600000	22649999	0.008280600600000021	0.99673133554	-0.98845073494
22650000	22699999	0.007785467820000003	0.99673133554	-0.98894586772
22700000	22749999	0.006337122259999939	0.99673133554	-0.9903942132800001
22750000	22799999	0.0064625134400000395	0.99673133554	-0.9902688221
22800000	22849999	0.00582238212000008	0.99673133554	-0.99090895342
22850000	22899999	0.005273158920000132	0.99673133554	-0.9914581766199999
22900000	22949999	0.005449975760000059	0.99673133554	-0.99128135978
22950000	22999999	0.006445107879999967	0.99673133554	-0.9902862276600001
23000000	23049999	0.025746226260000116	0.99673133554	-0.9709851092799999
23050000	23099999	0.025887508119999958	0.99673133554	-0.9708438274200001
23100000	23149999	0.024605753220000026	0.99673133554	-0.97212558232
23150000	23199999	0.024521574800000057	0.99673133554	-0.97220976074
23200000	23249999	0.024215062479999938	0.99673133554	-0.9725162730600001
23250000	23299999	0.004709153019999968	0.99673133554	-0.9920221825200001
23300000	23349999	0.005613738700000037	0.99673133554	-0.99111759684
23350000	23399999	0.005020551079999991	0.99673133554	-0.99171078446
23400000	23449999	0.004926308860000006	0.99673133554	-0.99180502668
23450000	23499999	0.004171638459999905	0.99673133554	-0.9925596970800001
23500000	23549999	0.002485445200000158	0.99673133554	-0.9942458903399999
23550000	23599999	0.0016457421800000205	0.99673133554	-0.99508559336
23600000	23649999	0.001018341480000018	0.99673133554	-0.99571299406
23650000	23699999	0.001287290180000067	0.99673133554	-0.99544404536
23700000	23749999	0.0017686177600000352	0.99673133554	-0.99496271778
23750000	23799999	0.004088304880000004	0.99673133554	-0.99264303066
23800000	23849999	0.004682753880000057	0.99673133554	-0.99204858166
23850000	23899999	0.00732462202000006	0.99673133554	-0.98940671352
23900000	23949999	0.006887971579999985	0.99673133554	-0.9898433639600001
23950000	23999999	0.00695507130000006	0.99673133554	-0.98977626424
24000000	24049999	0.0064443557400001295	0.99673133554	-0.9902869797999999
24050000	24099999	0.008625378040000076	0.99673133554	-0.9881059575
24100000	24149999	0.008022932019999929	0.99673133554	-0.9887084035200001
24150000	24199999	0.008324454639999979	0.99673133554	-0.9884068809000001
24200000	24249999	0.008525963219999988	0.99673133554	-0.98820537232
24250000	24299999	0.007665968179999982	0.99673133554	-0.9890653673600001
24300000	24349999	0.00589566745999992	0.99673133554	-0.9908356680800001
24350000	24399999	0.00507156860000002	0.99673133554	-0.99165976694
24400000	24449999	0.004790049760000081	0.99673133554	-0.99194128578
24450000	24499999	0.008326882680000036	0.99673133554	-0.98840445286
24500000	24549999	0.008704241600000162	0.99673133554	-0.9880270939399999
24550000	24599999	0.010392455080000085	0.99673133554	-0.98633888046
24600000	24649999	0.0097457512400001	0.99673133554	-0.9869855842999999
24650000	24699999	0.011111713799999978	0.99673133554	-0.9856196217400001
24700000	24749999	0.007398724620000019	0.99673133554	-0.98933261092
24750000	24799999	0.008078319580000048	0.99673133554	-0.98865301596
24800000	24849999	0.0062806422600000245	0.99673133554	-0.99045069328
24850000	24899999	0.006985375479999889	0.99673133554	-0.9897459600600002
24900000	24949999	0.007611565180000057	0.99673133554	-0.98911977036
24950000	24999999	0.010769200479999963	0.99673133554	-0.9859621350600001
25000000	25049999	0.0111612806000001	0.99673133554	-0.9855700549399999
25050000	25099999	0.012125424419999975	0.99673133554	-0.9846059111200001
25100000	25149999	0.014706905960000016	0.99673133554	-0.98202442958
25150000	25199999	0.01422313459999991	0.99673133554	-0.9825082009400001
25200000	25249999	0.012077256600000141	0.99673133554	-0.9846540789399999
25250000	25299999	0.010251956079999958	0.99673133554	-0.9864793794600001
25300000	25349999	0.008317944459999893	0.99673133554	-0.9884133910800001
25350000	25399999	0.005504816280000102	0.99673133554	-0.9912265192599999
25400000	25449999	0.00484168426000009	0.99673133554	-0.99188965128
25450000	25499999	0.00554560977999996	0.99673133554	-0.9911857257600001
25500000	25549999	0.005871038020000108	0.99673133554	-0.9908602975199999
25550000	25599999	0.006941096879999997	0.99673133554	-0.98979023866
25600000	25649999	0.007370408459999922	0.99673133554	-0.9893609270800001
25650000	25699999	0.005879767000000147	0.99673133554	-0.9908515685399999
25700000	25749999	0.003871104880000198	0.99673133554	-0.9928602306599998
25750000	25799999	0.0038648335800000044	0.99673133554	-0.99286650196
25800000	25849999	0.00494282909999999	0.99673133554	-0.99178850644
25850000	25899999	0.004002995200000026	0.99673133554	-0.99272834034
25900000	25949999	0.0052928770400000325	0.99673133554	-0.9914384585
25950000	25999999	0.005046007640000072	0.99673133554	-0.9916853279
26000000	26049999	0.00584252362000004	0.99673133554	-0.99088881192
26050000	26099999	0.004319835620000045	0.99673133554	-0.99241149992
26100000	26149999	0.0048896443400000544	0.99673133554	-0.9918416912
26150000	26199999	0.005238567960000107	0.99673133554	-0.9914927675799999
26200000	26249999	0.005928807420000015	0.99673133554	-0.99080252812
26250000	26299999	0.005159063939999875	0.99673133554	-0.9915722716000002
26300000	26349999	0.005015871560000051	0.99673133554	-0.99171546398
26350000	26399999	0.004646861720000062	0.99673133554	-0.99208447382
26400000	26449999	0.0028302021800000743	0.99673133554	-0.99390113336
26450000	26499999	0.026808377220000068	0.99673133554	-0.96992295832
26500000	26549999	0.11077607040000004	0.99673133554	-0.88595526514
26550000	26599999	0.20652538104000007	0.99673133554	-0.7902059545
26600000	26649999	0.29598760168000005	0.99673133554	-0.70074373386
26650000	26699999	0.38999723790000007	0.99673133554	-0.60673409764
26700000	26749999	0.46493022758	0.99673133554	-0.53180110796
26750000	26799999	0.4830830905000001	0.99673133554	-0.51364824504
26800000	26849999	0.5028692037000001	0.99673133554	-0.49386213183999994
26850000	26899999	0.53359674952	0.99673133554	-0.46313458602
26900000	26949999	0.55208691188	0.99673133554	-0.44464442366
26950000	26999999	0.5365327004	0.99673133554	-0.46019863514000003
27000000	27049999	0.5117719570400001	0.99673133554	-0.4849593784999999
27050000	27099999	0.47563548794	0.99673133554	-0.5210958476
27100000	27149999	0.44016019992	0.99673133554	-0.55657113562
27150000	27199999	0.42377002474000003	0.99673133554	-0.5729613108
27200000	27249999	0.4255465125	0.99673133554	-0.5711848230400001
27250000	27299999	0.43888156461999994	0.99673133554	-0.5578497709200001
27300000	27349999	0.4493153984400001	0.99673133554	-0.5474159370999999
27350000	27399999	0.4626918374200001	0.99673133554	-0.53403949812
27400000	27449999	0.47525306408	0.99673133554	-0.52147827146
27450000	27499999	0.51473701174	0.99673133554	-0.48199432380000007
27500000	27549999	0.51704677586	0.99673133554	-0.47968455968
27550000	27599999	0.5043813568	0.99673133554	-0.4923499787400001
27600000	27649999	0.47936314576000005	0.99673133554	-0.51736818978
27650000	27699999	0.43980634606	0.99673133554	-0.55692498948
27700000	27749999	0.3838148774	0.99673133554	-0.6129164581400001
27750000	27799999	0.3847612332600001	0.99673133554	-0.6119701022799999
27800000	27849999	0.38476874540000006	0.99673133554	-0.61196259014
27850000	27899999	0.39414739622000006	0.99673133554	-0.60258393932
27900000	27949999	0.40484254225999994	0.99673133554	-0.5918887932800001
27950000	27999999	0.41059421506000005	0.99673133554	-0.58613712048
28000000	28049999	0.3567817530399999	0.99673133554	-0.6399495825000001
28050000	28099999	0.33285978422000007	0.99673133554	-0.66387155132
28100000	28149999	0.3135972746600001	0.99673133554	-0.68313406088
28150000	28199999	0.29615321448	0.99673133554	-0.7005781210600001
28200000	28249999	0.2752250996000001	0.99673133554	-0.72150623594
28250000	28299999	0.28940374848000006	0.99673133554	-0.70732758706
28300000	28349999	0.30155222916	0.99673133554	-0.69517910638
28350000	28399999	0.30680320142000006	0.99673133554	-0.68992813412
28400000	28449999	0.31353992378000006	0.99673133554	-0.68319141176
28450000	28499999	0.26695549116000006	0.99673133554	-0.72977584438
28500000	28549999	0.2135543781200001	0.99673133554	-0.7831769574199999
28550000	28599999	0.1764773285400001	0.99673133554	-0.820254007
28600000	28649999	0.10824262120000006	0.99673133554	-0.88848871434
28650000	28699999	0.03992377345999998	0.99673133554	-0.9568075620800001
28700000	28749999	0.03303167348000002	0.99673133554	-0.96369966206
28750000	28799999	0.033754105579999916	0.99673133554	-0.9629772299600001
28800000	28849999	0.005154575320000188	0.99673133554	-0.9915767602199999
28850000	28899999	0.006183490460000218	0.99673133554	-0.9905478450799998
28900000	28949999	0.006201552499999985	0.99673133554	-0.9905297830400001
28950000	28999999	0.006814751039999956	0.99673133554	-0.9899165845000001
29000000	29049999	0.00507779486000004	0.99673133554	-0.99165354068
29050000	29099999	0.006708851179999975	0.99673133554	-0.9900224843600001
29100000	29149999	0.004700634840000051	0.99673133554	-0.9920307007
29150000	29199999	0.0055272933600000185	0.99673133554	-0.99120404218
29200000	29249999	0.005797347200000136	0.99673133554	-0.9909339883399999
29250000	29299999	0.006393741480000048	0.99673133554	-0.99033759406
29300000	29349999	0.005761121099999933	0.99673133554	-0.9909702144400001
29350000	29399999	0.00879375836000007	0.99673133554	-0.98793757718
29400000	29449999	0.00799374716000012	0.99673133554	-0.9887375883799999
29450000	29499999	0.007118449200000043	0.99673133554	-0.98961288634
29500000	29549999	0.007100302580000051	0.99673133554	-0.98963103296
29550000	29599999	0.03092694977999999	0.99673133554	-0.96580438576
29600000	29649999	0.030142730060000122	0.99673133554	-0.9665886054799999
29650000	29699999	0.030034975880000037	0.99673133554	-0.96669635966
29700000	29749999	0.02986097662000009	0.99673133554	-0.96687035892
29750000	29799999	0.02962185890000013	0.99673133554	-0.9671094766399999
29800000	29849999	0.004966141619999975	0.99673133554	-0.9917651939200001
29850000	29899999	0.0032935715399999843	0.99673133554	-0.9934377640000001
29900000	29949999	0.0038509387799999795	0.99673133554	-0.9928803967600001
29950000	29999999	0.0044424924999999504	0.99673133554	-0.9922888430400001
30000000	30049999	0.005599332040000071	0.99673133554	-0.9911320035
30050000	30099999	0.005630465059999978	0.99673133554	-0.9911008704800001
30100000	30149999	0.007146191600000074	0.99673133554	-0.98958514394
30150000	30199999	0.006007813220000102	0.99673133554	-0.9907235223199999
30200000	30249999	0.005644285680000083	0.99673133554	-0.99108704986
30250000	30299999	0.0042131697600000795	0.99673133554	-0.99251816578
30300000	30349999	0.005361252420000073	0.99673133554	-0.99137008312
30350000	30399999	0.004378046779999978	0.99673133554	-0.9923532887600001
30400000	30449999	0.0063965486599999455	0.99673133554	-0.9903347868800001
30450000	30499999	0.009626867040000153	0.99673133554	-0.9871044684999999
30500000	30549999	0.010110739159999937	0.99673133554	-0.9866205963800001
30550000	30599999	0.010782365099999858	0.99673133554	-0.9859489704400002
30600000	30649999	0.010065568899999988	0.99673133554	-0.98666576664
30650000	30699999	0.009601944200000156	0.99673133554	-0.9871293913399999
30700000	30749999	0.007026376340000029	0.99673133554	-0.9897049592
30750000	30799999	0.007116116000000172	0.99673133554	-0.9896152195399999
30800000	30849999	0.004594421120000081	0.99673133554	-0.99213691442
30850000	30899999	0.005145962700000006	0.99673133554	-0.99158537284
30900000	30949999	0.008334121340000111	0.99673133554	-0.9883972141999999
30950000	30999999	0.009158994840000156	0.99673133554	-0.9875723406999999
31000000	31049999	0.008542657200000137	0.99673133554	-0.9881886783399999
31050000	31099999	0.009881523180000018	0.99673133554	-0.98684981236
31100000	31149999	0.010955809080000045	0.99673133554	-0.98577552646
31150000	31199999	0.009024131420000026	0.99673133554	-0.98770720412
31200000	31249999	0.00871237396000013	0.99673133554	-0.9880189615799999
31250000	31299999	0.01006885026000015	0.99673133554	-0.9866624852799999
31300000	31349999	0.010049077739999968	0.99673133554	-0.9866822578000001
31350000	31399999	0.008604463879999913	0.99673133554	-0.9881268716600001
31400000	31449999	0.006639832379999988	0.99673133554	-0.99009150316
31450000	31499999	0.006456246780000008	0.99673133554	-0.99027508876
31500000	31549999	0.0411044731800001	0.99673133554	-0.9556268623599999
31550000	31599999	0.10607610254	0.99673133554	-0.890655233
31600000	31649999	0.1813172980600002	0.99673133554	-0.8154140374799999
31650000	31699999	0.255022167	0.99673133554	-0.74170916854
31700000	31749999	0.3430314858800001	0.99673133554	-0.6536998496599999
31750000	31799999	0.41601077734	0.99673133554	-0.5807205582
31800000	31849999	0.4325910286800001	0.99673133554	-0.5641403068599999
31850000	31899999	0.4309236094000002	0.99673133554	-0.5658077261399999
31900000	31949999	0.43342360644	0.99673133554	-0.5633077291
31950000	31999999	0.41668350504000007	0.99673133554	-0.5800478305
32000000	32049999	0.37195853376	0.99673133554	-0.62477280178
32050000	32099999	0.34806622368000006	0.99673133554	-0.64866511186
32100000	32149999	0.36690750420000007	0.99673133554	-0.62982383134
32150000	32199999	0.41532576485999995	0.99673133554	-0.5814055706800001
32200000	32249999	0.46641468632000016	0.99673133554	-0.5303166492199999
32250000	32299999	0.5385854067000001	0.99673133554	-0.45814592883999994
32300000	32349999	0.6140434277800001	0.99673133554	-0.38268790775999995
32350000	32399999	0.65809091882	0.99673133554	-0.33864041672
32400000	32449999	0.67972476	0.99673133554	-0.31700657554
32450000	32499999	0.71062934096	0.99673133554	-0.2861019945800001
32500000	32549999	0.70737760744	0.99673133554	-0.28935372810000004
32550000	32599999	0.67864663006	0.99673133554	-0.31808470548
32600000	32649999	0.6308782444400001	0.99673133554	-0.36585309109999997
32650000	32699999	0.59758290508	0.99673133554	-0.39914843046000004
32700000	32749999	0.5939597214200001	0.99673133554	-0.40277161411999995
32750000	32799999	0.6008892389	0.99673133554	-0.39584209664000003
32800000	32849999	0.63846324468	0.99673133554	-0.35826809086
32850000	32899999	0.70602616046	0.99673133554	-0.29070517508000004
32900000	32949999	0.75062164054	0.99673133554	-0.24610969500000002
32950000	32999999	0.7791500129000001	0.99673133554	-0.21758132263999996
33000000	33049999	0.77259807688	0.99673133554	-0.22413325866
33050000	33099999	0.7890229041600001	0.99673133554	-0.20770843137999995
33100000	33149999	0.8054688807800001	0.99673133554	-0.19126245475999992
33150000	33199999	0.80443897186	0.99673133554	-0.19229236368000002
33200000	33249999	0.7868526205	0.99673133554	-0.20987871504
33250000	33299999	0.80734032704	0.99673133554	-0.1893910085
33300000	33349999	0.80946652776	0.99673133554	-0.18726480778
33350000	33399999	0.7810616813200001	0.99673133554	-0.21566965421999995
33400000	33449999	0.9026644112600001	0.99673133554	-0.09406692427999996
33450000	33499999	0.91662171622	0.99673133554	-0.08010961932000005
33500000	33549999	0.93145680862	0.99673133554	-0.06527452692000002
33550000	33599999	0.9769960642200001	0.99673133554	-0.01973527131999997
33600000	33649999	1.00495096118	0.99673133554	0.008219625640000006
33650000	33699999	0.91850037212	0.99673133554	-0.07823096342000002
33700000	33749999	0.91825301274	0.99673133554	-0.0784783228
33750000	33799999	0.91331142756	0.99673133554	-0.08341990797999999
33800000	33849999	0.84702016508	0.99673133554	-0.14971117046000004
33850000	33899999	0.8539580428	0.99673133554	-0.14277329274000006
33900000	33949999	0.80517125684	0.99673133554	-0.19156007870000002
33950000	33999999	0.7951334994	0.99673133554	-0.20159783614000004
34000000	34049999	0.78114470286	0.99673133554	-0.21558663268
34050000	34099999	0.83269144374	0.99673133554	-0.1640398918
34100000	34149999	0.82446318454	0.99673133554	-0.17226815100000004
34150000	34199999	0.82264624354	0.99673133554	-0.174085092
34200000	34249999	0.81974346466	0.99673133554	-0.17698787088
34250000	34299999	0.8136285587000001	0.99673133554	-0.18310277683999998
34300000	34349999	0.7753159080800001	0.99673133554	-0.22141542745999998
34350000	34399999	0.7609044441	0.99673133554	-0.23582689144000002
34400000	34449999	0.74487529594	0.99673133554	-0.2518560396
34450000	34499999	0.7395892051600002	0.99673133554	-0.2571421303799999
34500000	34549999	0.7605363590800001	0.99673133554	-0.23619497645999998
34550000	34599999	0.76402488512	0.99673133554	-0.23270645042000004
34600000	34649999	0.73898055516	0.99673133554	-0.25775078038
34650000	34699999	0.7590109786400001	0.99673133554	-0.23772035689999993
34700000	34749999	0.7398234202	0.99673133554	-0.25690791534
34750000	34799999	0.7346492732800001	0.99673133554	-0.26208206225999997
34800000	34849999	0.70763618618	0.99673133554	-0.28909514936
34850000	34899999	0.7144801694	0.99673133554	-0.28225116614
34900000	34949999	0.74807577948	0.99673133554	-0.24865555606
34950000	34999999	0.76819340574	0.99673133554	-0.2285379298000001
35000000	35049999	0.75941775388	0.99673133554	-0.23731358166000005
35050000	35099999	0.79455611136	0.99673133554	-0.20217522418
35100000	35149999	0.8276701186800001	0.99673133554	-0.16906121685999997
35150000	35199999	0.84364810318	0.99673133554	-0.15308323236
35200000	35249999	0.88587224356	0.99673133554	-0.11085909197999999
35250000	35299999	0.87574239614	0.99673133554	-0.1209889394
35300000	35349999	0.8952615916200001	0.99673133554	-0.10146974391999997
35350000	35399999	0.88346513752	0.99673133554	-0.11326619802000004
35400000	35449999	0.8411280144400001	0.99673133554	-0.15560332109999997
35450000	35499999	0.7728703959000001	0.99673133554	-0.22386093963999998
35500000	35549999	0.78389573486	0.99673133554	-0.21283560068000007
35550000	35599999	0.74323588682	0.99673133554	-0.25349544872000007
35600000	35649999	0.74229877656	0.99673133554	-0.25443255898000006
35650000	35699999	0.75600898364	0.99673133554	-0.24072235190000002
35700000	35749999	0.77991789992	0.99673133554	-0.21681343562
35750000	35799999	0.78325040378	0.99673133554	-0.21348093176000005
35800000	35849999	0.8207488015200001	0.99673133554	-0.17598253401999997
35850000	35899999	0.82564894548	0.99673133554	-0.17108239006000003
35900000	35949999	0.8218768328	0.99673133554	-0.17485450274000003
35950000	35999999	0.8758294422	0.99673133554	-0.12090189334000001
36000000	36049999	0.8730243933	0.99673133554	-0.12370694224
36050000	36099999	0.8359043096600001	0.99673133554	-0.16082702587999997
36100000	36149999	0.81896690094	0.99673133554	-0.17776443460000002
36150000	36199999	0.81645618354	0.99673133554	-0.180275152
36200000	36249999	0.7584322753	0.99673133554	-0.23829906024000003
36250000	36299999	0.79997374552	0.99673133554	-0.19675759002000004
36300000	36349999	0.80807869048	0.99673133554	-0.18865264506
36350000	36399999	0.80780389166	0.99673133554	-0.18892744388000005
36400000	36449999	0.8045687719200001	0.99673133554	-0.19216256361999995
36450000	36499999	0.7986889369400001	0.99673133554	-0.19804239859999995
36500000	36549999	0.74966208296	0.99673133554	-0.24706925258
36550000	36599999	0.7811601648000001	0.99673133554	-0.21557117073999998
36600000	36649999	0.76327181544	0.99673133554	-0.23345952010000004
36650000	36699999	0.7219600547	0.99673133554	-0.27477128084
36700000	36749999	0.71421264088	0.99673133554	-0.28251869466
36750000	36799999	0.6947664622	0.99673133554	-0.30196487334
36800000	36849999	0.6342404207600001	0.99673133554	-0.36249091477999995
36850000	36899999	0.6348207490600001	0.99673133554	-0.36191058647999996
36900000	36949999	0.6549283706200001	0.99673133554	-0.34180296491999995
36950000	36999999	0.71765468482	0.99673133554	-0.27907665072
37000000	37049999	0.9830579095	0.99673133554	-0.013673426039999992
37050000	37099999	1.2802632097600002	0.99673133554	0.28353187422000015
37100000	37149999	1.70879763578	0.99673133554	0.7120663002400001
37150000	37199999	2.0598079719399998	0.99673133554	1.0630766363999997
37200000	37249999	2.35131587338	0.99673133554	1.3545845378399999
37250000	37299999	2.23478604006	0.99673133554	1.2380547045199999
37300000	37349999	2.1113045276199998	0.99673133554	1.1145731920799997
37350000	37399999	1.8716550562	0.99673133554	0.87492372066
37400000	37449999	1.8124841968	0.99673133554	0.81575286126
37450000	37499999	1.62563776492	0.99673133554	0.62890642938
37500000	37549999	1.63750289136	0.99673133554	0.64077155582
37550000	37599999	1.6445456735000001	0.99673133554	0.6478143379600001
37600000	37649999	1.60102366016	0.99673133554	0.60429232462
37650000	37699999	1.4618816585999999	0.99673133554	0.4651503230599998
37700000	37749999	1.50541175698	0.99673133554	0.50868042144
37750000	37799999	1.5567584337200002	0.99673133554	0.5600270981800002
37800000	37849999	1.51058032566	0.99673133554	0.5138489901199998
37850000	37899999	1.5194391016600002	0.99673133554	0.5227077661200001
37900000	37949999	1.53017153972	0.99673133554	0.5334402041799999
37950000	37999999	1.47532688948	0.99673133554	0.47859555394
38000000	38049999	1.43806648044	0.99673133554	0.44133514490000003
38050000	38099999	1.4368425552200002	0.99673133554	0.4401112196800001
38100000	38149999	1.38355278564	0.99673133554	0.3868214501
38150000	38199999	1.2997597832	0.99673133554	0.30302844766000003
38200000	38249999	1.23983974692	0.99673133554	0.24310841137999994
38250000	38299999	1.20858773932	0.99673133554	0.21185640377999992
38300000	38349999	1.1649683967	0.99673133554	0.16823706115999992
38350000	38399999	1.09297575374	0.99673133554	0.09624441819999996
38400000	38449999	1.0443623637400001	0.99673133554	0.04763102820000009
38450000	38499999	0.97425944408	0.99673133554	-0.02247189146000006
38500000	38549999	0.81307041414	0.99673133554	-0.1836609214
38550000	38599999	0.73158450348	0.99673133554	-0.26514683206
38600000	38649999	0.68121468766	0.99673133554	-0.31551664788
38650000	38699999	0.63116580016	0.99673133554	-0.36556553538000003
38700000	38749999	0.5654350021600001	0.99673133554	-0.43129633337999995
38750000	38799999	0.49026314396000004	0.99673133554	-0.50646819158
38800000	38849999	0.38928317690000014	0.99673133554	-0.6074481586399999
38850000	38899999	0.3214141157200001	0.99673133554	-0.6753172198199999
38900000	38949999	0.35586179098000004	0.99673133554	-0.64086954456
38950000	38999999	0.4873648930800001	0.99673133554	-0.50936644246
39000000	39049999	0.5871714005399999	0.99673133554	-0.4095599350000001
39050000	39099999	0.6483806224	0.99673133554	-0.34835071314
39100000	39149999	0.6089712263	0.99673133554	-0.38776010924000004
39150000	39199999	0.46147979946000006	0.99673133554	-0.53525153608
39200000	39249999	0.23118086704000007	0.99673133554	-0.7655504685
39250000	39299999	0.10167099654000011	0.99673133554	-0.8950603389999999
39300000	39349999	0.008986528980000075	0.99673133554	-0.98774480656
39350000	39399999	0.014970455479999978	0.99673133554	-0.9817608800600001
39400000	39449999	0.010739063679999994	0.99673133554	-0.98599227186
39450000	39499999	0.01962723727999993	0.99673133554	-0.9771040982600001
39500000	39549999	0.01989854608000019	0.99673133554	-0.9768327894599999
39550000	39599999	0.019185207360000067	0.99673133554	-0.97754612818
39600000	39649999	0.03410849074000011	0.99673133554	-0.9626228447999999
39650000	39699999	0.06648241952	0.99673133554	-0.93024891602
39700000	39749999	0.07826449602000007	0.99673133554	-0.91846683952
39750000	39799999	0.07521613845999997	0.99673133554	-0.9215151970800001
39800000	39849999	0.08385321500000009	0.99673133554	-0.91287812054
39850000	39899999	0.06338812011999995	0.99673133554	-0.9333432154200001
39900000	39949999	0.03604914679999993	0.99673133554	-0.9606821887400001
39950000	39999999	0.027033733080000122	0.99673133554	-0.9696976024599999
40000000	40049999	0.03336649966000005	0.99673133554	-0.96336483588
40050000	40099999	0.03078871913999992	0.99673133554	-0.9659426164000001
40100000	40149999	0.030005761019999966	0.99673133554	-0.9667255745200001
40150000	40199999	0.03654667570000003	0.99673133554	-0.96018465984
40200000	40249999	0.07993408158000015	0.99673133554	-0.9167972539599999
40250000	40299999	0.10714378741999997	0.99673133554	-0.8895875481200001
40300000	40349999	0.10928264824	0.99673133554	-0.8874486873
40350000	40399999	0.12667017341999998	0.99673133554	-0.8700611621200001
40400000	40449999	0.14706197314000002	0.99673133554	-0.8496693624
40450000	40499999	0.13381674446000003	0.99673133554	-0.86291459108
40500000	40549999	0.1900254927399999	0.99673133554	-0.8067058428000001
40550000	40599999	0.2146658586000001	0.99673133554	-0.78206547694
40600000	40649999	0.2524875619000001	0.99673133554	-0.7442437736399999
40650000	40699999	0.30237277154	0.99673133554	-0.6943585640000001
40700000	40749999	0.3058150110000001	0.99673133554	-0.69091632454
40750000	40799999	0.22501167576000014	0.99673133554	-0.7717196597799999
40800000	40849999	0.20885372164000016	0.99673133554	-0.7878776138999999
40850000	40899999	0.15241369908000013	0.99673133554	-0.8443176364599999
40900000	40949999	0.07868663778000018	0.99673133554	-0.9180446977599999
40950000	40999999	0.03840516838000019	0.99673133554	-0.9583261671599999
41000000	41049999	0.03580763808000009	0.99673133554	-0.96092369746
41050000	41099999	0.019127069500000093	0.99673133554	-0.97760426604
41100000	41149999	0.05219472378000012	0.99673133554	-0.9445366117599999
41150000	41199999	0.09253118632000001	0.99673133554	-0.90420014922
41200000	41249999	0.09170565144000009	0.99673133554	-0.9050256841
41250000	41299999	0.08430405580000011	0.99673133554	-0.9124272797399999
41300000	41349999	0.08821683074000009	0.99673133554	-0.9085145048
41350000	41399999	0.062004639620000024	0.99673133554	-0.93472669592
41400000	41449999	0.01510478854000008	0.99673133554	-0.981626547
41450000	41499999	0.011591433400000128	0.99673133554	-0.9851399021399999
41500000	41549999	0.01455625319999998	0.99673133554	-0.9821750823400001
41550000	41599999	0.01174897707999989	0.99673133554	-0.9849823584600002
41600000	41649999	0.01935396803999989	0.99673133554	-0.9773773675000001
41650000	41699999	0.020144720600000166	0.99673133554	-0.9765866149399999
41700000	41749999	0.027010019340000135	0.99673133554	-0.9697213161999999
41750000	41799999	0.05258092988000007	0.99673133554	-0.94415040566
41800000	41849999	0.14657427278000013	0.99673133554	-0.8501570627599999
41850000	41899999	0.38578407166000006	0.99673133554	-0.61094726388
41900000	41949999	0.40293613318	0.99673133554	-0.59379520236
41950000	41999999	0.40113287624000005	0.99673133554	-0.5955984593
42000000	42049999	0.38748989095999997	0.99673133554	-0.6092414445800001
42050000	42099999	0.3641526506599999	0.99673133554	-0.6325786848800001
42100000	42149999	0.17351704863999995	0.99673133554	-0.8232142869000001
42150000	42199999	0.17534175819999998	0.99673133554	-0.8213895773400001
42200000	42249999	0.20294285826000014	0.99673133554	-0.7937884772799999
42250000	42299999	0.21411597591999998	0.99673133554	-0.7826153596200001
42300000	42349999	0.15496108799999997	0.99673133554	-0.8417702475400001
42350000	42399999	0.11796611174000005	0.99673133554	-0.8787652238
42400000	42449999	0.12646329002000012	0.99673133554	-0.8702680455199999
42450000	42499999	0.10088120884000018	0.99673133554	-0.8958501266999999
42500000	42549999	0.0747612956	0.99673133554	-0.92197003994
42550000	42599999	0.06258210262000008	0.99673133554	-0.93414923292
42600000	42649999	0.03898734723999997	0.99673133554	-0.9577439883000001
42650000	42699999	0.009190662419999995	0.99673133554	-0.98754067312
42700000	42749999	0.004068881639999966	0.99673133554	-0.9926624539000001
42750000	42799999	0.04026027724000003	0.99673133554	-0.9564710583
42800000	42849999	0.09450315273999998	0.99673133554	-0.9022281828000001
42850000	42899999	0.14456003214000013	0.99673133554	-0.8521713033999999
42900000	42949999	0.16315997074	0.99673133554	-0.8335713648
42950000	42999999	0.17247061951999998	0.99673133554	-0.8242607160200001
43000000	43049999	0.18339970226000002	0.99673133554	-0.81333163328
43050000	43099999	0.17459046863999994	0.99673133554	-0.8221408669000001
43100000	43149999	0.1227237079800001	0.99673133554	-0.8740076275599999
43150000	43199999	0.30353513870000004	0.99673133554	-0.69319619684
43200000	43249999	0.32378839426000006	0.99673133554	-0.67294294128
43250000	43299999	0.35308465386	0.99673133554	-0.64364668168
43300000	43349999	0.3936703395800001	0.99673133554	-0.60306099596
43350000	43399999	0.52790882776	0.99673133554	-0.46882250778
43400000	43449999	0.4810181527399999	0.99673133554	-0.5157131828000001
43450000	43499999	0.5363315838	0.99673133554	-0.46039975174000003
43500000	43549999	0.5717967654000001	0.99673133554	-0.4249345701399999
43550000	43599999	0.6428153609	0.99673133554	-0.35391597464
43600000	43649999	0.5836763975800001	0.99673133554	-0.4130549379599999
43650000	43699999	0.48311645018000005	0.99673133554	-0.51361488536
43700000	43749999	0.4460675258400001	0.99673133554	-0.5506638097
43750000	43799999	0.4218531042200001	0.99673133554	-0.5748782313199999
43800000	43849999	0.30733209919999993	0.99673133554	-0.6893992363400001
43850000	43899999	0.23641302216000004	0.99673133554	-0.76031831338
43900000	43949999	0.18555862140000012	0.99673133554	-0.8111727141399999
43950000	43999999	0.2563467209400001	0.99673133554	-0.7403846145999999
44000000	44049999	0.2812411292200001	0.99673133554	-0.7154902063199999
44050000	44099999	0.3352930757000001	0.99673133554	-0.6614382598399999
44100000	44149999	0.42075086862	0.99673133554	-0.57598046692
44150000	44199999	0.42336630474000003	0.99673133554	-0.5733650308
44200000	44249999	0.30712584892000006	0.99673133554	-0.68960548662
44250000	44299999	0.2131300276200001	0.99673133554	-0.7836013079199999
44300000	44349999	0.14488157664000012	0.99673133554	-0.8518497588999999
44350000	44399999	0.05650996946000009	0.99673133554	-0.94022136608
44400000	44449999	0.052228373819999896	0.99673133554	-0.9445029617200001
44450000	44499999	0.04656395852000006	0.99673133554	-0.95016737702
44500000	44549999	0.028053860959999954	0.99673133554	-0.9686774745800001
44550000	44599999	0.0	0.99673133554	-0.99673133554
44600000	44649999	0.07056454290000014	0.99673133554	-0.9261667926399999
44650000	44699999	0.32757093428000006	0.99673133554	-0.66916040126
44700000	44749999	0.61175078654	0.99673133554	-0.384980549
44750000	44799999	0.7352810816800001	0.99673133554	-0.26145025386
44800000	44849999	0.7820592749799999	0.99673133554	-0.2146720605600001
44850000	44899999	0.75787729914	0.99673133554	-0.23885403640000002
44900000	44949999	0.5119144361400001	0.99673133554	-0.48481689939999995
44950000	44999999	0.2478811274199999	0.99673133554	-0.7488502081200001
45000000	45049999	0.15127699662000005	0.99673133554	-0.84545433892
45050000	45099999	0.10585585476000015	0.99673133554	-0.8908754807799999
45100000	45149999	0.05780733599999999	0.99673133554	-0.93892399954
45150000	45199999	0.04673499032000006	0.99673133554	-0.94999634522
45200000	45249999	0.22628335502000008	0.99673133554	-0.77044798052
45250000	45299999	0.45570857754000005	0.99673133554	-0.541022758
45300000	45349999	0.5774193306600001	0.99673133554	-0.41931200488
45350000	45399999	0.73785928616	0.99673133554	-0.2588720493800001
45400000	45449999	0.78599951366	0.99673133554	-0.21073182188000006
45450000	45499999	0.60382362696	0.99673133554	-0.39290770858
45500000	45549999	0.42342208794	0.99673133554	-0.5733092476
45550000	45599999	0.37633604770000006	0.99673133554	-0.62039528784
45600000	45649999	0.33860461208000003	0.99673133554	-0.65812672346
45650000	45699999	0.32216791901999997	0.99673133554	-0.6745634165200001
45700000	45749999	0.30567624122000003	0.99673133554	-0.69105509432
45750000	45799999	0.22988366967999996	0.99673133554	-0.7668476658600001
45800000	45849999	0.15723895226000006	0.99673133554	-0.83949238328
45850000	45899999	0.04725874020000009	0.99673133554	-0.94947259534
45900000	45949999	0.02168530085999998	0.99673133554	-0.9750460346800001
45950000	45999999	0.036948200099999995	0.99673133554	-0.95978313544
46000000	46049999	0.07811239824000005	0.99673133554	-0.9186189373
46050000	46099999	0.08035949330000003	0.99673133554	-0.91637184224
46100000	46149999	0.08757670282000007	0.99673133554	-0.90915463272
46150000	46199999	0.10439533363999998	0.99673133554	-0.8923360019000001
46200000	46249999	0.09821128464000006	0.99673133554	-0.8985200509
46250000	46299999	0.07861698348000012	0.99673133554	-0.9181143520599999
46300000	46349999	0.07981089514000006	0.99673133554	-0.9169204404
46350000	46399999	0.06051684343999997	0.99673133554	-0.9362144921000001
46400000	46449999	0.23756811751999996	0.99673133554	-0.7591632180200001
46450000	46499999	0.23184105310000003	0.99673133554	-0.76489028244
46500000	46549999	0.21249210058	0.99673133554	-0.78423923496
46550000	46599999	0.21279312114000004	0.99673133554	-0.7839382144
46600000	46649999	0.21392699694000006	0.99673133554	-0.7828043386
46650000	46699999	0.020783196340000032	0.99673133554	-0.9759481392
46700000	46749999	0.02466963136000011	0.99673133554	-0.9720617041799999
46750000	46799999	0.045544328219999985	0.99673133554	-0.95118700732
46800000	46849999	0.04695905560000002	0.99673133554	-0.94977227994
46850000	46899999	0.054366235520000084	0.99673133554	-0.94236510002
46900000	46949999	0.055685733860000086	0.99673133554	-0.94104560168
46950000	46999999	0.048477523459999894	0.99673133554	-0.9482538120800001
47000000	47049999	0.22488559522000007	0.99673133554	-0.77184574032
47050000	47099999	0.47624909238	0.99673133554	-0.52048224316
47100000	47149999	0.6575956053600001	0.99673133554	-0.33913573018
47150000	47199999	0.66435380522	0.99673133554	-0.33237753032000006
47200000	47249999	0.66333942664	0.99673133554	-0.33339190890000003
47250000	47299999	0.66333942664	0.99673133554	-0.33339190890000003
47300000	47349999	0.60278805478	0.99673133554	-0.39394328076000007
47350000	47399999	0.6120133005	0.99673133554	-0.38471803504
47400000	47449999	0.7970794029	0.99673133554	-0.19965193264000003
47450000	47499999	0.99673133554	0.99673133554	0.0
47500000	47549999	0.99673133554	0.99673133554	0.0
47550000	47599999	0.99673133554	0.99673133554	0.0
47600000	47649999	0.99673133554	0.99673133554	0.0
47650000	47699999	0.99673133554	0.99673133554	0.0
47700000	47749999	0.99673133554	0.99673133554	0.0
47750000	47799999	0.99673133554	0.99673133554	0.0
47800000	47849999	0.99673133554	0.99673133554	0.0
47850000	47899999	0.99673133554	0.99673133554	0.0
47900000	47949999	0.99673133554	0.99673133554	0.0
47950000	47999999	0.99673133554	0.99673133554	0.0
48000000	48049999	0.99673133554	0.99673133554	0.0
48050000	48099999	0.99673133554	0.99673133554	0.0
48100000	48149999	0.99673133554	0.99673133554	0.0
48150000	48199999	0.99673133554	0.99673133554	0.0
48200000	48249999	0.99673133554	0.99673133554	0.0
48250000	48299999	0.99673133554	0.99673133554	0.0
48300000	48349999	0.99673133554	0.99673133554	0.0
48350000	48399999	0.99673133554	0.99673133554	0.0
48400000	48449999	0.99673133554	0.99673133554	0.0
48450000	48499999	0.99673133554	0.99673133554	0.0
48500000	48549999	0.99673133554	0.99673133554	0.0
48550000	48599999	0.99673133554	0.99673133554	0.0
48600000	48649999	0.99673133554	0.99673133554	0.0
48650000	48699999	0.99673133554	0.99673133554	0.0
48700000	48749999	0.99673133554	0.99673133554	0.0
48750000	48799999	0.99673133554	0.99673133554	0.0
48800000	48849999	0.99673133554	0.99673133554	0.0
48850000	48899999	0.99673133554	0.99673133554	0.0
48900000	48949999	0.99673133554	0.99673133554	0.0
48950000	48999999	0.99673133554	0.99673133554	0.0
49000000	49049999	0.99673133554	0.99673133554	0.0
49050000	49099999	0.99673133554	0.99673133554	0.0
49100000	49149999	0.99673133554	0.99673133554	0.0
49150000	49199999	0.99673133554	0.99673133554	0.0
49200000	49249999	0.99673133554	0.99673133554	0.0
49250000	49299999	0.99673133554	0.99673133554	0.0
49300000	49349999	0.99673133554	0.99673133554	0.0
49350000	49399999	0.99673133554	0.99673133554	0.0
49400000	49449999	0.99673133554	0.99673133554	0.0
49450000	49499999	0.99673133554	0.99673133554	0.0
49500000	49549999	0.99673133554	0.99673133554	0.0
49550000	49599999	0.99673133554	0.99673133554	0.0
49600000	49649999	0.99673133554	0.99673133554	0.0
49650000	49699999	0.99673133554	0.99673133554	0.0
49700000	49749999	0.99673133554	0.99673133554	0.0
49750000	49799999	0.99673133554	0.99673133554	0.0
49800000	49849999	0.99673133554	0.99673133554	0.0
49850000	49899999	0.99673133554	0.99673133554	0.0
49900000	49949999	0.99673133554	0.99673133554	0.0
49950000	49999999	0.99673133554	0.99673133554	0.0
50000000	50049999	0.99673133554	0.99673133554	0.0
50050000	50099999	0.99673133554	0.99673133554	0.0
50100000	50149999	0.99673133554	0.99673133554	0.0
50150000	50199999	0.99673133554	0.99673133554	0.0
50200000	50249999	0.99673133554	0.99673133554	0.0
50250000	50299999	0.99673133554	0.99673133554	0.0
50300000	50349999	0.99673133554	0.99673133554	0.0
50350000	50399999	0.99673133554	0.99673133554	0.0
50400000	50449999	0.99673133554	0.99673133554	0.0
50450000	50499999	0.99673133554	0.99673133554	0.0
50500000	50549999	0.99673133554	0.99673133554	0.0
50550000	50599999	0.99673133554	0.99673133554	0.0
50600000	50649999	0.99673133554	0.99673133554	0.0
50650000	50699999	0.99673133554	0.99673133554	0.0
50700000	50749999	0.99673133554	0.99673133554	0.0
50750000	50799999	0.99673133554	0.99673133554	0.0
50800000	50849999	0.99673133554	0.99673133554	0.0
50850000	50899999	0.99673133554	0.99673133554	0.0
50900000	50949999	0.99673133554	0.99673133554	0.0
50950000	50999999	0.99673133554	0.99673133554	0.0
51000000	51049999	0.99673133554	0.99673133554	0.0
51050000	51099999	0.99673133554	0.99673133554	0.0
51100000	51149999	0.99673133554	0.99673133554	0.0
51150000	51199999	0.99673133554	0.99673133554	0.0
51200000	51249999	0.99673133554	0.99673133554	0.0
51250000	51299999	0.99673133554	0.99673133554	0.0
51300000	51349999	0.99673133554	0.99673133554	0.0
51350000	51399999	0.99673133554	0.99673133554	0.0
51400000	51449999	0.99673133554	0.99673133554	0.0
51450000	51499999	0.99673133554	0.99673133554	0.0
51500000	51549999	0.99673133554	0.99673133554	0.0
51550000	51599999	0.99673133554	0.99673133554	0.0
51600000	51649999	0.99673133554	0.99673133554	0.0
51650000	51699999	0.99673133554	0.99673133554	0.0
51700000	51749999	0.99673133554	0.99673133554	0.0
51750000	51799999	0.99673133554	0.99673133554	0.0
51800000	51849999	0.99673133554	0.99673133554	0.0
51850000	51899999	0.99673133554	0.99673133554	0.0
51900000	51949999	0.99673133554	0.99673133554	0.0
51950000	51999999	0.99673133554	0.99673133554	0.0
52000000	52049999	0.99673133554	0.99673133554	0.0
52050000	52099999	0.99673133554	0.99673133554	0.0
52100000	52149999	0.99673133554	0.99673133554	0.0
52150000	52199999	0.99673133554	0.99673133554	0.0
52200000	52249999	0.99673133554	0.99673133554	0.0
52250000	52299999	0.99673133554	0.99673133554	0.0
52300000	52349999	0.99673133554	0.99673133554	0.0
52350000	52399999	0.99673133554	0.99673133554	0.0
52400000	52449999	0.99673133554	0.99673133554	0.0
52450000	52499999	0.99673133554	0.99673133554	0.0
52500000	52549999	0.99673133554	0.99673133554	0.0
52550000	52599999	0.99673133554	0.99673133554	0.0
52600000	52649999	0.99673133554	0.99673133554	0.0
52650000	52699999	0.99673133554	0.99673133554	0.0
52700000	52749999	0.99673133554	0.99673133554	0.0
52750000	52799999	0.99673133554	0.99673133554	0.0
52800000	52849999	0.99673133554	0.99673133554	0.0
52850000	52899999	0.99673133554	0.99673133554	0.0
52900000	52949999	0.99673133554	0.99673133554	0.0
52950000	52999999	0.99673133554	0.99673133554	0.0
53000000	53049999	0.99673133554	0.99673133554	0.0
53050000	53099999	0.99673133554	0.99673133554	0.0
53100000	53149999	0.99673133554	0.99673133554	0.0
53150000	53199999	0.99673133554	0.99673133554	0.0
53200000	53249999	0.99673133554	0.99673133554	0.0
53250000	53299999	0.99673133554	0.99673133554	0.0
53300000	53349999	0.99673133554	0.99673133554	0.0
53350000	53399999	0.99673133554	0.99673133554	0.0
53400000	53449999	0.99673133554	0.99673133554	0.0
53450000	53499999	0.99673133554	0.99673133554	0.0
53500000	53549999	0.99673133554	0.99673133554	0.0
53550000	53599999	0.99673133554	0.99673133554	0.0
53600000	53649999	0.99673133554	0.99673133554	0.0
53650000	53699999	0.99673133554	0.99673133554	0.0
53700000	53749999	0.99673133554	0.99673133554	0.0
53750000	53799999	0.99673133554	0.99673133554	0.0
53800000	53849999	0.99673133554	0.99673133554	0.0
53850000	53899999	0.99673133554	0.99673133554	0.0
53900000	53949999	0.99673133554	0.99673133554	0.0
53950000	53999999	0.99673133554	0.99673133554	0.0
54000000	54049999	0.99673133554	0.99673133554	0.0
54050000	54099999	0.99673133554	0.99673133554	0.0
54100000	54149999	0.99673133554	0.99673133554	0.0
54150000	54199999	0.99673133554	0.99673133554	0.0
54200000	54249999	0.99673133554	0.99673133554	0.0
54250000	54299999	0.99673133554	0.99673133554	0.0
54300000	54349999	0.99673133554	0.99673133554	0.0
54350000	54399999	0.99673133554	0.99673133554	0.0
54400000	54449999	0.99673133554	0.99673133554	0.0
54450000	54499999	0.99673133554	0.99673133554	0.0
54500000	54549999	0.99673133554	0.99673133554	0.0
54550000	54599999	0.99673133554	0.99673133554	0.0
54600000	54649999	0.99673133554	0.99673133554	0.0
54650000	54699999	0.99673133554	0.99673133554	0.0
54700000	54749999	0.99673133554	0.99673133554	0.0
54750000	54799999	0.99673133554	0.99673133554	0.0
54800000	54849999	0.99673133554	0.99673133554	0.0
54850000	54899999	0.99673133554	0.99673133554	0.0
54900000	54949999	0.99673133554	0.99673133554	0.0
54950000	54999999	0.99673133554	0.99673133554	0.0
55000000	55049999	0.99673133554	0.99673133554	0.0
55050000	55099999	0.99673133554	0.99673133554	0.0
55100000	55149999	0.99673133554	0.99673133554	0.0
55150000	55199999	0.99673133554	0.99673133554	0.0
55200000	55249999	0.99673133554	0.99673133554	0.0
55250000	55299999	0.99673133554	0.99673133554	0.0
55300000	55349999	0.99673133554	0.99673133554	0.0
55350000	55399999	0.99673133554	0.99673133554	0.0
55400000	55449999	0.99673133554	0.99673133554	0.0
55450000	55499999	0.99673133554	0.99673133554	0.0
55500000	55549999	0.99673133554	0.99673133554	0.0
55550000	55599999	0.99673133554	0.99673133554	0.0
55600000	55649999	0.99673133554	0.99673133554	0.0
55650000	55699999	0.99673133554	0.99673133554	0.0
55700000	55749999	0.99673133554	0.99673133554	0.0
55750000	55799999	0.99673133554	0.99673133554	0.0
55800000	55849999	0.99673133554	0.99673133554	0.0
55850000	55899999	0.99673133554	0.99673133554	0.0
55900000	55949999	0.99673133554	0.99673133554	0.0
55950000	55999999	0.99673133554	0.99673133554	0.0
56000000	56049999	0.99673133554	0.99673133554	0.0
56050000	56099999	0.99673133554	0.99673133554	0.0
56100000	56149999	0.99673133554	0.99673133554	0.0
56150000	56199999	0.99673133554	0.99673133554	0.0
56200000	56249999	0.99673133554	0.99673133554	0.0
56250000	56299999	0.99673133554	0.99673133554	0.0
56300000	56349999	0.99673133554	0.99673133554	0.0
56350000	56399999	0.99673133554	0.99673133554	0.0
56400000	56449999	0.99673133554	0.99673133554	0.0
56450000	56499999	0.99673133554	0.99673133554	0.0
56500000	56549999	0.99673133554	0.99673133554	0.0
56550000	56599999	0.99673133554	0.99673133554	0.0
56600000	56649999	0.99673133554	0.99673133554	0.0
56650000	56699999	0.99673133554	0.99673133554	0.0
56700000	56749999	0.99673133554	0.99673133554	0.0
56750000	56799999	0.99673133554	0.99673133554	0.0
56800000	56849999	0.99673133554	0.99673133554	0.0
56850000	56899999	0.99673133554	0.99673133554	0.0
56900000	56949999	0.99673133554	0.99673133554	0.0
56950000	56999999	0.99673133554	0.99673133554	0.0
57000000	57049999	0.99673133554	0.99673133554	0.0
57050000	57099999	0.99673133554	0.99673133554	0.0
57100000	57149999	0.99673133554	0.99673133554	0.0
57150000	57199999	0.99673133554	0.99673133554	0.0
57200000	57249999	0.99673133554	0.99673133554	0.0
57250000	57299999	0.99673133554	0.99673133554	0.0
57300000	57349999	0.99673133554	0.99673133554	0.0
57350000	57399999	0.99673133554	0.99673133554	0.0
57400000	57449999	0.99673133554	0.99673133554	0.0
57450000	57499999	0.99673133554	0.99673133554	0.0
57500000	57549999	0.99673133554	0.99673133554	0.0
57550000	57599999	0.99673133554	0.99673133554	0.0
57600000	57649999	0.99673133554	0.99673133554	0.0
57650000	57699999	0.99673133554	0.99673133554	0.0
57700000	57749999	0.99673133554	0.99673133554	0.0
57750000	57799999	0.99673133554	0.99673133554	0.0
57800000	57849999	0.99673133554	0.99673133554	0.0
57850000	57899999	0.99673133554	0.99673133554	0.0
57900000	57949999	0.99673133554	0.99673133554	0.0
57950000	57999999	0.99673133554	0.99673133554	0.0
58000000	58049999	0.99673133554	0.99673133554	0.0
58050000	58099999	0.99673133554	0.99673133554	0.0
58100000	58149999	0.99673133554	0.99673133554	0.0
58150000	58199999	0.99673133554	0.99673133554	0.0
58200000	58249999	0.99673133554	0.99673133554	0.0
58250000	58299999	0.99673133554	0.99673133554	0.0
58300000	58349999	0.99673133554	0.99673133554	0.0
58350000	58399999	0.99673133554	0.99673133554	0.0
58400000	58449999	0.99673133554	0.99673133554	0.0
58450000	58499999	0.99673133554	0.99673133554	0.0
58500000	58549999	0.99673133554	0.99673133554	0.0
58550000	58599999	0.99673133554	0.99673133554	0.0
58600000	58649999	0.99673133554	0.99673133554	0.0
58650000	58699999	0.99673133554	0.99673133554	0.0
58700000	58749999	0.99673133554	0.99673133554	0.0
58750000	58799999	0.99673133554	0.99673133554	0.0
58800000	58849999	0.99673133554	0.99673133554	0.0
58850000	58899999	0.99673133554	0.99673133554	0.0
58900000	58949999	0.99673133554	0.99673133554	0.0
58950000	58999999	0.99673133554	0.99673133554	0.0
59000000	59049999	0.99673133554	0.99673133554	0.0
59050000	59099999	0.99673133554	0.99673133554	0.0
59100000	59149999	0.99673133554	0.99673133554	0.0
59150000	59199999	0.99673133554	0.99673133554	0.0
59200000	59249999	0.99673133554	0.99673133554	0.0
59250000	59299999	0.99673133554	0.99673133554	0.0
59300000	59349999	0.99673133554	0.99673133554	0.0
59350000	59399999	0.99673133554	0.99673133554	0.0
59400000	59449999	0.99673133554	0.99673133554	0.0
59450000	59499999	0.99673133554	0.99673133554	0.0
59500000	59549999	0.99673133554	0.99673133554	0.0
59550000	59599999	0.99673133554	0.99673133554	0.0
59600000	59649999	0.99673133554	0.99673133554	0.0
59650000	59699999	0.99673133554	0.99673133554	0.0
59700000	59749999	0.99673133554	0.99673133554	0.0
59750000	59799999	0.99673133554	0.99673133554	0.0
59800000	59849999	0.99673133554	0.99673133554	0.0
59850000	59899999	0.99673133554	0.99673133554	0.0
59900000	59949999	0.99673133554	0.99673133554	0.0
59950000	59999999	0.99673133554	0.99673133554	0.0
60000000	60049999	0.99673133554	0.99673133554	0.0
60050000	60099999	0.99673133554	0.99673133554	0.0
60100000	60149999	0.99673133554	0.99673133554	0.0
60150000	60199999	0.99673133554	0.99673133554	0.0
60200000	60249999	0.99673133554	0.99673133554	0.0
60250000	60299999	0.99673133554	0.99673133554	0.0
60300000	60349999	0.99673133554	0.99673133554	0.0
60350000	60399999	0.99673133554	0.99673133554	0.0
60400000	60449999	0.99673133554	0.99673133554	0.0
60450000	60499999	0.99673133554	0.99673133554	0.0
60500000	60549999	0.99673133554	0.99673133554	0.0
60550000	60599999	0.99673133554	0.99673133554	0.0
60600000	60649999	0.99673133554	0.99673133554	0.0
60650000	60699999	0.99673133554	0.99673133554	0.0
60700000	60749999	0.99673133554	0.99673133554	0.0
60750000	60799999	0.99673133554	0.99673133554	0.0
60800000	60849999	0.99673133554	0.99673133554	0.0
60850000	60899999	0.99673133554	0.99673133554	0.0
60900000	60949999	0.99673133554	0.99673133554	0.0
60950000	60999999	0.99673133554	0.99673133554	0.0
61000000	61049999	0.99673133554	0.99673133554	0.0
61050000	61099999	0.99673133554	0.99673133554	0.0
61100000	61149999	0.99673133554	0.99673133554	0.0
61150000	61199999	0.99673133554	0.99673133554	0.0
61200000	61249999	0.99673133554	0.99673133554	0.0
61250000	61299999	0.99673133554	0.99673133554	0.0
61300000	61349999	0.99673133554	0.99673133554	0.0
61350000	61399999	0.99673133554	0.99673133554	0.0
61400000	61449999	0.99673133554	0.99673133554	0.0
61450000	61499999	0.99673133554	0.99673133554	0.0
61500000	61549999	0.99673133554	0.99673133554	0.0
61550000	61599999	0.99673133554	0.99673133554	0.0
61600000	61649999	0.99673133554	0.99673133554	0.0
61650000	61699999	0.99673133554	0.99673133554	0.0
61700000	61749999	0.99673133554	0.99673133554	0.0
61750000	61799999	0.99673133554	0.99673133554	0.0
61800000	61849999	0.99673133554	0.99673133554	0.0
61850000	61899999	0.99673133554	0.99673133554	0.0
61900000	61949999	0.99673133554	0.99673133554	0.0
61950000	61999999	0.99673133554	0.99673133554	0.0
62000000	62049999	0.99673133554	0.99673133554	0.0
62050000	62099999	0.99673133554	0.99673133554	0.0
62100000	62149999	0.99673133554	0.99673133554	0.0
62150000	62199999	0.99673133554	0.99673133554	0.0
62200000	62249999	0.99673133554	0.99673133554	0.0
62250000	62299999	0.99673133554	0.99673133554	0.0
62300000	62349999	0.99673133554	0.99673133554	0.0
62350000	62399999	0.99673133554	0.99673133554	0.0
62400000	62449999	0.99673133554	0.99673133554	0.0
62450000	62499999	0.99673133554	0.99673133554	0.0
62500000	62549999	0.99673133554	0.99673133554	0.0
62550000	62599999	0.99673133554	0.99673133554	0.0
62600000	62649999	0.99673133554	0.99673133554	0.0
62650000	62699999	0.99673133554	0.99673133554	0.0
62700000	62749999	0.99673133554	0.99673133554	0.0
62750000	62799999	0.99673133554	0.99673133554	0.0
62800000	62849999	0.99673133554	0.99673133554	0.0
62850000	62899999	0.99673133554	0.99673133554	0.0
62900000	62949999	0.99673133554	0.99673133554	0.0
62950000	62999999	0.99673133554	0.99673133554	0.0
63000000	63049999	0.99673133554	0.99673133554	0.0
63050000	63099999	0.99673133554	0.99673133554	0.0
63100000	63149999	0.99673133554	0.99673133554	0.0
63150000	63199999	0.99673133554	0.99673133554	0.0
63200000	63249999	0.99673133554	0.99673133554	0.0
63250000	63299999	0.99673133554	0.99673133554	0.0
63300000	63349999	0.99673133554	0.99673133554	0.0
63350000	63399999	0.99673133554	0.99673133554	0.0
63400000	63449999	0.99673133554	0.99673133554	0.0
63450000	63499999	0.99673133554	0.99673133554	0.0
63500000	63549999	0.99673133554	0.99673133554	0.0
63550000	63599999	0.99673133554	0.99673133554	0.0
63600000	63649999	0.99673133554	0.99673133554	0.0
63650000	63699999	0.99673133554	0.99673133554	0.0
63700000	63749999	0.99673133554	0.99673133554	0.0
63750000	63799999	0.99673133554	0.99673133554	0.0
63800000	63849999	0.99673133554	0.99673133554	0.0
63850000	63899999	0.99673133554	0.99673133554	0.0
63900000	63949999	0.99673133554	0.99673133554	0.0
63950000	63999999	0.99673133554	0.99673133554	0.0
64000000	64049999	0.99673133554	0.99673133554	0.0
64050000	64099999	0.99673133554	0.99673133554	0.0
64100000	64149999	0.99673133554	0.99673133554	0.0
64150000	64199999	0.99673133554	0.99673133554	0.0
64200000	64249999	0.99673133554	0.99673133554	0.0
64250000	64299999	0.99673133554	0.99673133554	0.0
64300000	64349999	0.99673133554	0.99673133554	0.0
64350000	64399999	0.99673133554	0.99673133554	0.0
64400000	64449999	0.99673133554	0.99673133554	0.0
64450000	64499999	0.99673133554	0.99673133554	0.0
64500000	64549999	0.99673133554	0.99673133554	0.0
64550000	64599999	0.99673133554	0.99673133554	0.0
64600000	64649999	0.99673133554	0.99673133554	0.0
64650000	64699999	0.99673133554	0.99673133554	0.0
64700000	64749999	0.99673133554	0.99673133554	0.0
64750000	64799999	0.99673133554	0.99673133554	0.0
64800000	64849999	0.99673133554	0.99673133554	0.0
64850000	64899999	0.99673133554	0.99673133554	0.0
64900000	64949999	0.99673133554	0.99673133554	0.0
64950000	64999999	0.99673133554	0.99673133554	0.0
65000000	65049999	0.99673133554	0.99673133554	0.0
65050000	65099999	0.99673133554	0.99673133554	0.0
65100000	65149999	0.99673133554	0.99673133554	0.0
65150000	65199999	0.99673133554	0.99673133554	0.0
65200000	65249999	0.99673133554	0.99673133554	0.0
65250000	65299999	0.99673133554	0.99673133554	0.0
65300000	65349999	0.99673133554	0.99673133554	0.0
65350000	65399999	0.8058802061000001	0.99673133554	-0.19085112943999993
65400000	65449999	0.6132788644	0.99673133554	-0.38345247114000003
65450000	65499999	0.4578949936600001	0.99673133554	-0.53883634188
65500000	65549999	0.41905296042000006	0.99673133554	-0.57767837512
65550000	65599999	0.22311433974000006	0.99673133554	-0.7736169958
65600000	65649999	0.21953991768000014	0.99673133554	-0.7771914178599999
65650000	65699999	0.22022702998	0.99673133554	-0.77650430556
65700000	65749999	0.18044673181999993	0.99673133554	-0.8162846037200001
65750000	65799999	0.024704623000000092	0.99673133554	-0.97202671254
65800000	65849999	0.022486849840000156	0.99673133554	-0.9742444856999999
65850000	65899999	0.029981189200000147	0.99673133554	-0.9667501463399999
65900000	65949999	0.054419200539999935	0.99673133554	-0.9423121350000001
65950000	65999999	0.06073838986000002	0.99673133554	-0.93599294568
66000000	66049999	0.05975369990000012	0.99673133554	-0.9369776356399999
66050000	66099999	0.06170872063999999	0.99673133554	-0.9350226149
66100000	66149999	0.061482526580000085	0.99673133554	-0.93524880896
66150000	66199999	0.1627858563000001	0.99673133554	-0.83394547924
66200000	66249999	0.27100145988	0.99673133554	-0.72572987566
66250000	66299999	0.26810033482000006	0.99673133554	-0.72863100072
66300000	66349999	0.2644437128	0.99673133554	-0.73228762274
66350000	66399999	1.31173513086	0.99673133554	0.31500379532
66400000	66449999	1.6360791873	0.99673133554	0.63934785176
66450000	66499999	1.6042261673999998	0.99673133554	0.6074948318599998
66500000	66549999	1.61253223516	0.99673133554	0.61580089962
66550000	66599999	1.6444755739199999	0.99673133554	0.6477442383799998
66600000	66649999	0.68195812714	0.99673133554	-0.3147732084
66650000	66699999	0.35671117526000007	0.99673133554	-0.64002016028
66700000	66749999	0.51297766302	0.99673133554	-0.48375367252
66750000	66799999	0.64670838744	0.99673133554	-0.3500229481
66800000	66849999	0.61683347808	0.99673133554	-0.37989785746000004
66850000	66899999	0.53715966588	0.99673133554	-0.45957166966000007
66900000	66949999	0.4149770877200001	0.99673133554	-0.58175424782
66950000	66999999	0.18500359580000003	0.99673133554	-0.81172773974
67000000	67049999	0.04233422260000008	0.99673133554	-0.95439711294
67050000	67099999	0.24012378832000003	0.99673133554	-0.75660754722
67100000	67149999	0.2792643564	0.99673133554	-0.71746697914
67150000	67199999	0.37998808680000007	0.99673133554	-0.61674324874
67200000	67249999	0.5802805424200002	0.99673133554	-0.4164507931199999
67250000	67299999	0.5874151061	0.99673133554	-0.40931622944
67300000	67349999	0.5874151061	0.99673133554	-0.40931622944
67350000	67399999	0.7303317851400001	0.99673133554	-0.26639955039999996
67400000	67449999	0.6336752195800001	0.99673133554	-0.36305611596
67450000	67499999	0.41986402874000006	0.99673133554	-0.5768673068
67500000	67549999	0.42171897682000004	0.99673133554	-0.57501235872
67550000	67599999	0.27680492842000004	0.99673133554	-0.71992640712
67600000	67649999	0.10884858104000006	0.99673133554	-0.8878827545
67650000	67699999	0.12073853802000001	0.99673133554	-0.87599279752
67700000	67749999	0.1477777788800001	0.99673133554	-0.8489535566599999
67750000	67799999	0.22410454978000005	0.99673133554	-0.77262678576
67800000	67849999	0.21576629114	0.99673133554	-0.7809650444
67850000	67899999	0.20292734470000007	0.99673133554	-0.79380399084
67900000	67949999	0.3762285848200001	0.99673133554	-0.6205027507199999
67950000	67999999	0.5488974792400001	0.99673133554	-0.44783385629999994
68000000	68049999	0.4737783685200001	0.99673133554	-0.5229529670199999
68050000	68099999	0.60393044244	0.99673133554	-0.3928008931
68100000	68149999	0.76075796972	0.99673133554	-0.23597336582000006
68150000	68199999	0.7394452275800001	0.99673133554	-0.25728610795999995
68200000	68249999	0.68902294988	0.99673133554	-0.30770838566000003
68250000	68299999	0.98506541944	0.99673133554	-0.011665916100000007
68300000	68349999	1.4500760455200001	0.99673133554	0.4533447099800001
68350000	68399999	1.60902591364	0.99673133554	0.6122945781
68400000	68449999	1.48909429786	0.99673133554	0.4923629623199999
68450000	68499999	1.53951657556	0.99673133554	0.54278524002
68500000	68549999	1.43237947216	0.99673133554	0.43564813662
68550000	68599999	0.93632543144	0.99673133554	-0.06040590410000002
68600000	68649999	0.7157375915	0.99673133554	-0.28099374404
68650000	68699999	0.71711210676	0.99673133554	-0.27961922878
68700000	68749999	0.62085864532	0.99673133554	-0.37587269022
68750000	68799999	0.62085864532	0.99673133554	-0.37587269022
68800000	68849999	0.67500229308	0.99673133554	-0.32172904246
68850000	68899999	0.6343722932	0.99673133554	-0.36235904234000005
68900000	68949999	0.65122611426	0.99673133554	-0.34550522128000005
68950000	68999999	0.6413140642	0.99673133554	-0.35541727134
69000000	69049999	0.5138057817	0.99673133554	-0.48292555384
69050000	69099999	0.37510839032	0.99673133554	-0.6216229452200001
69100000	69149999	0.35449072544000015	0.99673133554	-0.6422406100999999
69150000	69199999	0.29662111224	0.99673133554	-0.7001102233000001
69200000	69249999	0.2112388757200001	0.99673133554	-0.7854924598199999
69250000	69299999	0.16513337484000012	0.99673133554	-0.8315979606999999
69300000	69349999	0.16605934294000013	0.99673133554	-0.8306719925999999
69350000	69399999	0.2215854826200001	0.99673133554	-0.7751458529199999
69400000	69449999	0.4045855984800001	0.99673133554	-0.59214573706
69450000	69499999	0.44188257458	0.99673133554	-0.55484876096
69500000	69549999	0.43920315322000003	0.99673133554	-0.55752818232
69550000	69599999	0.40719575864	0.99673133554	-0.5895355769
69600000	69649999	0.30537113108	0.99673133554	-0.69136020446
69650000	69699999	0.13905123413999998	0.99673133554	-0.8576801014000001
69700000	69749999	0.55131959756	0.99673133554	-0.44541173798
69750000	69799999	0.61089758366	0.99673133554	-0.38583375188
69800000	69849999	0.6494374814	0.99673133554	-0.34729385414
69850000	69899999	0.80991236666	0.99673133554	-0.18681896888000005
69900000	69949999	0.79982810448	0.99673133554	-0.19690323106000007
69950000	69999999	0.34719793574	0.99673133554	-0.6495333998
70000000	70049999	0.29657419448	0.99673133554	-0.70015714106
70050000	70099999	0.25386590096000006	0.99673133554	-0.74286543458
70100000	70149999	0.08912862641999997	0.99673133554	-0.9076027091200001
70150000	70199999	0.26341830448000003	0.99673133554	-0.73331303106
70200000	70249999	0.25803088172	0.99673133554	-0.73870045382
70250000	70299999	0.22638641628	0.99673133554	-0.77034491926
70300000	70349999	0.2009970336400001	0.99673133554	-0.7957343018999999
70350000	70399999	0.30715634876	0.99673133554	-0.6895749867800001
70400000	70449999	0.12890626516000003	0.99673133554	-0.86782507038
70450000	70499999	0.167092684	0.99673133554	-0.82963865154
70500000	70549999	0.23991465284000002	0.99673133554	-0.7568166827
70550000	70599999	0.27119841928	0.99673133554	-0.72553291626
70600000	70649999	0.20362069861999998	0.99673133554	-0.7931106369200001
70650000	70699999	0.38187078222000004	0.99673133554	-0.61486055332
70700000	70749999	0.4009833810800001	0.99673133554	-0.59574795446
70750000	70799999	0.39482294796000006	0.99673133554	-0.60190838758
70800000	70849999	0.42623292730000006	0.99673133554	-0.57049840824
70850000	70899999	0.6114442790200001	0.99673133554	-0.38528705651999995
70900000	70949999	0.54149631088	0.99673133554	-0.45523502466
70950000	70999999	0.62323846534	0.99673133554	-0.3734928702
71000000	71049999	0.6907158214	0.99673133554	-0.30601551414000006
71050000	71099999	0.7621595224400001	0.99673133554	-0.23457181309999997
71100000	71149999	0.66845661526	0.99673133554	-0.32827472028000004
71150000	71199999	0.7085592862200001	0.99673133554	-0.28817204931999996
71200000	71249999	0.7631607891600001	0.99673133554	-0.23357054637999997
71250000	71299999	0.86443912938	0.99673133554	-0.13229220616000004
71300000	71349999	0.90829633972	0.99673133554	-0.08843499582000003
71350000	71399999	0.9754554590000001	0.99673133554	-0.02127587653999996
71400000	71449999	0.9696961900800001	0.99673133554	-0.027035145459999965
71450000	71499999	0.95689103172	0.99673133554	-0.039840303820000034
71500000	71549999	0.8771235876	0.99673133554	-0.11960774794000006
71550000	71599999	0.82707138002	0.99673133554	-0.16965995552000002
71600000	71649999	0.75364562154	0.99673133554	-0.243085714
71650000	71699999	0.7395231813200001	0.99673133554	-0.25720815422
71700000	71749999	0.7205398039	0.99673133554	-0.27619153164
71750000	71799999	0.6800391315400001	0.99673133554	-0.316692204
71800000	71849999	0.6804118017	0.99673133554	-0.31631953384
71850000	71899999	0.71916613726	0.99673133554	-0.27756519828000004
71900000	71949999	0.67271965582	0.99673133554	-0.32401167972
71950000	71999999	0.6039833131400001	0.99673133554	-0.39274802239999995
72000000	72049999	0.58634650518	0.99673133554	-0.41038483036000006
72050000	72099999	0.5983803893399999	0.99673133554	-0.3983509462000001
72100000	72149999	0.56305256712	0.99673133554	-0.4336787684200001
72150000	72199999	0.58243199134	0.99673133554	-0.41429934420000003
72200000	72249999	0.6897875686400001	0.99673133554	-0.3069437668999999
72250000	72299999	0.7631147446400001	0.99673133554	-0.23361659089999998
72300000	72349999	0.7874766617200001	0.99673133554	-0.20925467381999996
72350000	72399999	0.80099397876	0.99673133554	-0.19573735678000004
72400000	72449999	0.8269778047	0.99673133554	-0.16975353084
72450000	72499999	0.76488224792	0.99673133554	-0.23184908762
72500000	72549999	0.71865149206	0.99673133554	-0.27807984348000003
72550000	72599999	0.6988652177800001	0.99673133554	-0.29786611775999994
72600000	72649999	0.69821990026	0.99673133554	-0.29851143528
72650000	72699999	0.70813601636	0.99673133554	-0.28859531918000003
72700000	72749999	0.72108285666	0.99673133554	-0.27564847888
72750000	72799999	0.7843215831400001	0.99673133554	-0.21240975239999993
72800000	72849999	0.87333971188	0.99673133554	-0.12339162366
72850000	72899999	0.91566540762	0.99673133554	-0.08106592792
72900000	72949999	0.90163730064	0.99673133554	-0.09509403490000001
72950000	72999999	0.9202542983600001	0.99673133554	-0.07647703717999998
73000000	73049999	0.8942283426800001	0.99673133554	-0.10250299285999998
73050000	73099999	0.8177442637400001	0.99673133554	-0.17898707179999995
73100000	73149999	0.76489112546	0.99673133554	-0.23184021008
73150000	73199999	0.7531995988200001	0.99673133554	-0.24353173671999995
73200000	73249999	0.6386395739	0.99673133554	-0.35809176164
73250000	73299999	0.59386512736	0.99673133554	-0.4028662081800001
73300000	73349999	0.5541444962800001	0.99673133554	-0.44258683926
73350000	73399999	0.5507732507800001	0.99673133554	-0.44595808476
73400000	73449999	0.55263199272	0.99673133554	-0.4440993428200001
73450000	73499999	0.60637697952	0.99673133554	-0.39035435602
73500000	73549999	0.64634370504	0.99673133554	-0.3503876305
73550000	73599999	0.6390474699600001	0.99673133554	-0.35768386558
73600000	73649999	0.63673242966	0.99673133554	-0.35999890588000005
73650000	73699999	0.6463716184	0.99673133554	-0.35035971714
73700000	73749999	0.6679021285800001	0.99673133554	-0.32882920695999995
73750000	73799999	0.644331754	0.99673133554	-0.35239958154000006
73800000	73849999	0.6997596505200001	0.99673133554	-0.29697168501999993
73850000	73899999	0.7267613014000001	0.99673133554	-0.26997003414
73900000	73949999	0.73892427776	0.99673133554	-0.25780705778
73950000	73999999	0.74128735006	0.99673133554	-0.25544398548
74000000	74049999	0.7513560007800001	0.99673133554	-0.24537533475999995
74050000	74099999	0.76188597028	0.99673133554	-0.23484536526
74100000	74149999	0.78584966678	0.99673133554	-0.21088166876000003
74150000	74199999	0.8247221055	0.99673133554	-0.17200923004000002
74200000	74249999	0.8772041584400001	0.99673133554	-0.11952717709999994
74250000	74299999	0.90367164296	0.99673133554	-0.09305969258000002
74300000	74349999	0.8856888070600001	0.99673133554	-0.11104252847999996
74350000	74399999	0.87163906028	0.99673133554	-0.12509227526
74400000	74449999	0.84640144308	0.99673133554	-0.15032989246000006
74450000	74499999	0.83395879168	0.99673133554	-0.16277254386000006
74500000	74549999	0.7939278980600001	0.99673133554	-0.20280343747999996
74550000	74599999	0.7949131248800001	0.99673133554	-0.20181821065999994
74600000	74649999	0.7772058793800001	0.99673133554	-0.21952545615999997
74650000	74699999	0.7420483804	0.99673133554	-0.25468295514000006
74700000	74749999	0.6955006157600001	0.99673133554	-0.30123071977999993
74750000	74799999	0.71342695436	0.99673133554	-0.28330438118
74800000	74849999	0.68131173448	0.99673133554	-0.31541960106
74850000	74899999	0.66422193624	0.99673133554	-0.3325093993
74900000	74949999	0.6779027265600001	0.99673133554	-0.31882860898
74950000	74999999	0.67585790424	0.99673133554	-0.3208734313
75000000	75049999	0.6660747410600001	0.99673133554	-0.33065659447999995
75050000	75099999	0.71707090558	0.99673133554	-0.27966042996000007
75100000	75149999	0.72529993926	0.99673133554	-0.27143139628
75150000	75199999	0.74068306728	0.99673133554	-0.25604826826000004
75200000	75249999	0.76314812468	0.99673133554	-0.23358321086
75250000	75299999	0.76851997152	0.99673133554	-0.22821136402000008
75300000	75349999	0.7524295268	0.99673133554	-0.24430180874000007
75350000	75399999	0.74780343224	0.99673133554	-0.24892790330000003
75400000	75449999	0.8382565657600001	0.99673133554	-0.15847476977999997
75450000	75499999	0.9293188718800001	0.99673133554	-0.06741246365999998
75500000	75549999	1.07871542068	0.99673133554	0.08198408514
75550000	75599999	1.15747220952	0.99673133554	0.16074087398000003
75600000	75649999	1.28103769788	0.99673133554	0.28430636233999995
75650000	75699999	1.3451658196	0.99673133554	0.34843448406
75700000	75749999	1.2859618343800001	0.99673133554	0.28923049884000007
75750000	75799999	1.1497320038	0.99673133554	0.15300066826000003
75800000	75849999	1.0290667312000001	0.99673133554	0.0323353956600001
75850000	75899999	0.95015525554	0.99673133554	-0.04657608000000002
75900000	75949999	0.8011943015	0.99673133554	-0.19553703404
75950000	75999999	0.795117095	0.99673133554	-0.20161424054
76000000	76049999	0.7992611841200001	0.99673133554	-0.1974701514199999
76050000	76099999	0.84849781252	0.99673133554	-0.14823352302000004
76100000	76149999	0.8322911566600001	0.99673133554	-0.16444017887999995
76150000	76199999	0.79968363752	0.99673133554	-0.19704769802
76200000	76249999	0.775590149	0.99673133554	-0.22114118654000003
76250000	76299999	0.73511046988	0.99673133554	-0.2616208656600001
76300000	76349999	0.70076456426	0.99673133554	-0.29596677128000004
76350000	76399999	0.6715823869399999	0.99673133554	-0.3251489486000001
76400000	76449999	0.6875952095	0.99673133554	-0.30913612604000007
76450000	76499999	0.72648511004	0.99673133554	-0.2702462255
76500000	76549999	0.73906220138	0.99673133554	-0.25766913416000004
76550000	76599999	0.73941783588	0.99673133554	-0.25731349966000006
76600000	76649999	0.70907300964	0.99673133554	-0.28765832590000007
76650000	76699999	0.6701328855199999	0.99673133554	-0.3265984500200001
76700000	76749999	0.5825470686199999	0.99673133554	-0.4141842669200001
76750000	76799999	0.54718118932	0.99673133554	-0.44955014622
76800000	76849999	0.5475682179	0.99673133554	-0.44916311764000005
76850000	76899999	0.57433007804	0.99673133554	-0.4224012575
76900000	76949999	0.54702130236	0.99673133554	-0.44971003318
76950000	76999999	0.5694201492	0.99673133554	-0.4273111863400001
77000000	77049999	0.61719318404	0.99673133554	-0.37953815150000003
77050000	77099999	0.6350476653000001	0.99673133554	-0.3616836702399999
77100000	77149999	0.636101168	0.99673133554	-0.36063016754
77150000	77199999	0.6646528220000001	0.99673133554	-0.33207851353999995
77200000	77249999	0.67405265884	0.99673133554	-0.32267867670000006
77250000	77299999	0.6717146008800001	0.99673133554	-0.3250167346599999
77300000	77349999	0.6472567048000001	0.99673133554	-0.34947463073999996
77350000	77399999	0.6349318219600001	0.99673133554	-0.36179951357999995
77400000	77449999	0.6497188078200001	0.99673133554	-0.3470125277199999
77450000	77499999	0.6910459013800001	0.99673133554	-0.30568543415999994
77500000	77549999	0.7313920265200001	0.99673133554	-0.2653393090199999
77550000	77599999	0.7416544754800001	0.99673133554	-0.25507686005999997
77600000	77649999	0.76418471182	0.99673133554	-0.23254662372
77650000	77699999	0.7990755941200001	0.99673133554	-0.19765574141999998
77700000	77749999	0.74968953382	0.99673133554	-0.24704180172
77750000	77799999	0.663184902	0.99673133554	-0.33354643354
77800000	77849999	0.6484400482000001	0.99673133554	-0.3482912873399999
77850000	77899999	0.59840684458	0.99673133554	-0.39832449096
77900000	77949999	0.5110618135	0.99673133554	-0.48566952204
77950000	77999999	0.47384164117999994	0.99673133554	-0.5228896943600001
78000000	78049999	0.4707735565000001	0.99673133554	-0.52595777904
78050000	78099999	0.44426365041999993	0.99673133554	-0.5524676851200001
78100000	78149999	0.43852091858	0.99673133554	-0.5582104169600001
78150000	78199999	0.4655882894000001	0.99673133554	-0.53114304614
78200000	78249999	0.45499509872	0.99673133554	-0.54173623682
78250000	78299999	0.45150168713999994	0.99673133554	-0.5452296484000001
78300000	78349999	0.45911635326	0.99673133554	-0.53761498228
78350000	78399999	0.4751221378000001	0.99673133554	-0.5216091977399999
78400000	78449999	0.45532540088000006	0.99673133554	-0.54140593466
78450000	78499999	0.48629532726000013	0.99673133554	-0.5104360082799999
78500000	78549999	0.5159540450800001	0.99673133554	-0.48077729045999995
78550000	78599999	0.53415866672	0.99673133554	-0.46257266882000003
78600000	78649999	0.5878855070000001	0.99673133554	-0.40884582853999996
78650000	78699999	0.6373422092400001	0.99673133554	-0.3593891263
78700000	78749999	0.65597472118	0.99673133554	-0.34075661436000004
78750000	78799999	0.65562976754	0.99673133554	-0.341101568
78800000	78849999	0.650214862	0.99673133554	-0.34651647354000004
78850000	78899999	0.6631850667600001	0.99673133554	-0.33354626877999993
78900000	78949999	0.65917898896	0.99673133554	-0.33755234658
78950000	78999999	0.65025446268	0.99673133554	-0.34647687286000006
79000000	79049999	0.64319323186	0.99673133554	-0.35353810368000005
79050000	79099999	0.6530713706	0.99673133554	-0.34365996494000006
79100000	79149999	0.6324578474	0.99673133554	-0.36427348814000005
79150000	79199999	0.62895008118	0.99673133554	-0.3677812543600001
79200000	79249999	0.64953311898	0.99673133554	-0.34719821656000005
79250000	79299999	0.64610012744	0.99673133554	-0.35063120810000004
79300000	79349999	0.63954737752	0.99673133554	-0.35718395802
79350000	79399999	0.59499638288	0.99673133554	-0.40173495266000003
79400000	79449999	0.582860347	0.99673133554	-0.41387098854000004
79450000	79499999	0.56085384778	0.99673133554	-0.43587748776
79500000	79549999	0.53888325884	0.99673133554	-0.45784807670000005
79550000	79599999	0.5334875892600001	0.99673133554	-0.46324374628
79600000	79649999	0.59632930538	0.99673133554	-0.4004020301600001
79650000	79699999	0.60587563952	0.99673133554	-0.39085569602000003
79700000	79749999	0.69682634076	0.99673133554	-0.29990499478
79750000	79799999	0.8157600983600001	0.99673133554	-0.18097123717999997
79800000	79849999	0.9259087597600001	0.99673133554	-0.07082257577999995
79850000	79899999	0.9740400452800001	0.99673133554	-0.02269129025999994
79900000	79949999	1.00846589152	0.99673133554	0.01173455597999995
79950000	79999999	0.9239789547	0.99673133554	-0.07275238084000002
80000000	80049999	0.82598012332	0.99673133554	-0.17075121222
80050000	80099999	0.72679814462	0.99673133554	-0.26993319092
80100000	80149999	0.62443618412	0.99673133554	-0.37229515142
80150000	80199999	0.5872194375399999	0.99673133554	-0.4095118980000001
80200000	80249999	0.6058035294999999	0.99673133554	-0.3909278060400001
80250000	80299999	0.65942365274	0.99673133554	-0.3373076828
80300000	80349999	0.75167815442	0.99673133554	-0.24505318112000007
80350000	80399999	0.7982444875800001	0.99673133554	-0.19848684795999993
80400000	80449999	0.9006625338800001	0.99673133554	-0.09606880165999998
80450000	80499999	1.07552417322	0.99673133554	0.07879283768
80500000	80549999	1.0946329317	0.99673133554	0.09790159616000005
80550000	80599999	1.0368999353400001	0.99673133554	0.04016859980000009
80600000	80649999	1.03806764372	0.99673133554	0.04133630818
80650000	80699999	0.9545803880600001	0.99673133554	-0.04215094747999992
80700000	80749999	0.79175272774	0.99673133554	-0.2049786078
80750000	80799999	0.7877636839000001	0.99673133554	-0.20896765163999997
80800000	80849999	0.74036945718	0.99673133554	-0.25636187836
80850000	80899999	0.7221305653400001	0.99673133554	-0.27460077019999996
80900000	80949999	0.7055255881200001	0.99673133554	-0.29120574741999994
80950000	80999999	0.6497359877800001	0.99673133554	-0.34699534775999996
81000000	81049999	0.57116353748	0.99673133554	-0.42556779806
81050000	81099999	0.54585329116	0.99673133554	-0.45087804438
81100000	81149999	0.51043890624	0.99673133554	-0.48629242930000005
81150000	81199999	0.5018174006000001	0.99673133554	-0.4949139349399999
81200000	81249999	0.50305999166	0.99673133554	-0.49367134388
81250000	81299999	0.5230383819200001	0.99673133554	-0.47369295361999997
81300000	81349999	0.53344460222	0.99673133554	-0.46328673332000003
81350000	81399999	0.5145070140000001	0.99673133554	-0.48222432153999994
81400000	81449999	0.5269214715200001	0.99673133554	-0.4698098640199999
81450000	81499999	0.52751934476	0.99673133554	-0.4692119907800001
81500000	81549999	0.5345011766600001	0.99673133554	-0.46223015887999996
81550000	81599999	0.5058909503600001	0.99673133554	-0.49084038517999995
81600000	81649999	0.4991038488	0.99673133554	-0.49762748674
81650000	81699999	0.44993898634000007	0.99673133554	-0.5467923492
81700000	81749999	0.4542752994200001	0.99673133554	-0.5424560361199999
81750000	81799999	0.41708398325999996	0.99673133554	-0.5796473522800001
81800000	81849999	0.43956137724	0.99673133554	-0.5571699583
81850000	81899999	0.47355464685999993	0.99673133554	-0.5231766886800001
81900000	81949999	0.4841446662800001	0.99673133554	-0.51258666926
81950000	81999999	0.47449366138000004	0.99673133554	-0.52223767416
82000000	82049999	0.47256340638000016	0.99673133554	-0.5241679291599999
82050000	82099999	0.4733688730400001	0.99673133554	-0.5233624625
82100000	82149999	0.47279325634000013	0.99673133554	-0.5239380791999999
82150000	82199999	0.48381425556	0.99673133554	-0.51291707998
82200000	82249999	0.48245295022	0.99673133554	-0.51427838532
82250000	82299999	0.48631819972	0.99673133554	-0.51041313582
82300000	82349999	0.4984033722400002	0.99673133554	-0.49832796329999984
82350000	82399999	0.46169527200000005	0.99673133554	-0.53503606354
82400000	82449999	0.45074902842	0.99673133554	-0.5459823071200001
82450000	82499999	0.44082140496	0.99673133554	-0.55590993058
82500000	82549999	0.47750993724	0.99673133554	-0.5192213983
82550000	82599999	0.47961110202	0.99673133554	-0.51712023352
82600000	82649999	0.4892450085400001	0.99673133554	-0.507486327
82650000	82699999	0.4833185824399999	0.99673133554	-0.5134127531000001
82700000	82749999	0.5055931454	0.99673133554	-0.49113819014000004
82750000	82799999	0.47777895262000003	0.99673133554	-0.51895238292
82800000	82849999	0.4713500153400001	0.99673133554	-0.5253813202
82850000	82899999	0.45320072627999997	0.99673133554	-0.5435306092600001
82900000	82949999	0.47514301022000005	0.99673133554	-0.52158832532
82950000	82999999	0.4604235319800001	0.99673133554	-0.53630780356
83000000	83049999	0.45791446292000004	0.99673133554	-0.53881687262
83050000	83099999	0.4738400544400001	0.99673133554	-0.5228912810999999
83100000	83149999	0.51190916258	0.99673133554	-0.4848221729600001
83150000	83199999	0.48190677159999995	0.99673133554	-0.5148245639400001
83200000	83249999	0.48350830536	0.99673133554	-0.51322303018
83250000	83299999	0.4870327501	0.99673133554	-0.50969858544
83300000	83349999	0.4582937436000001	0.99673133554	-0.53843759194
83350000	83399999	0.46683724421999995	0.99673133554	-0.5298940913200001
83400000	83449999	0.4853137595400001	0.99673133554	-0.5114175759999999
83450000	83499999	0.4905018605	0.99673133554	-0.50622947504
83500000	83549999	0.49388440532	0.99673133554	-0.50284693022
83550000	83599999	0.5157176462800002	0.99673133554	-0.4810136892599999
83600000	83649999	0.5001449249800001	0.99673133554	-0.49658641055999997
83650000	83699999	0.49002335378000006	0.99673133554	-0.50670798176
83700000	83749999	0.47981858584000003	0.99673133554	-0.5169127497
83750000	83799999	0.46677543362000007	0.99673133554	-0.52995590192
83800000	83849999	0.44395616964000006	0.99673133554	-0.5527751659
83850000	83899999	0.4284368289000001	0.99673133554	-0.5682945066399999
83900000	83949999	0.4267327447600001	0.99673133554	-0.5699985907799999
83950000	83999999	0.4211025974200001	0.99673133554	-0.5756287381199999
84000000	84049999	0.40798517558000014	0.99673133554	-0.5887461599599999
84050000	84099999	0.40737525508000005	0.99673133554	-0.58935608046
84100000	84149999	0.40000533494	0.99673133554	-0.5967260006
84150000	84199999	0.3977104415000001	0.99673133554	-0.5990208940399999
84200000	84249999	0.38536426794	0.99673133554	-0.6113670676
84250000	84299999	0.38506090028000006	0.99673133554	-0.61167043526
84300000	84349999	0.3718865491800001	0.99673133554	-0.62484478636
84350000	84399999	0.37557140184000004	0.99673133554	-0.6211599337
84400000	84449999	0.3468682956200001	0.99673133554	-0.6498630399199999
84450000	84499999	0.33365306448	0.99673133554	-0.6630782710600001
84500000	84549999	0.3379213014800002	0.99673133554	-0.6588100340599998
84550000	84599999	0.3421071411800001	0.99673133554	-0.65462419436
84600000	84649999	0.35294354304	0.99673133554	-0.6437877925000001
84650000	84699999	0.38127259814000003	0.99673133554	-0.6154587374
84700000	84749999	0.4172216906999999	0.99673133554	-0.5795096448400001
84750000	84799999	0.44032384869999996	0.99673133554	-0.5564074868400001
84800000	84849999	0.46459260164000005	0.99673133554	-0.5321387339
84850000	84899999	0.47073563490000003	0.99673133554	-0.52599570064
84900000	84949999	0.46510794054000004	0.99673133554	-0.531623395
84950000	84999999	0.4565366472800001	0.99673133554	-0.5401946882599999
85000000	85049999	0.45315224716000013	0.99673133554	-0.5435790883799999
85050000	85099999	0.43164659518000004	0.99673133554	-0.56508474036
85100000	85149999	0.4303600189400001	0.99673133554	-0.5663713166
85150000	85199999	0.45916095731999995	0.99673133554	-0.5375703782200001
85200000	85249999	0.44886577005999995	0.99673133554	-0.5478655654800001
85250000	85299999	0.42129154004	0.99673133554	-0.5754397955
85300000	85349999	0.44721552716	0.99673133554	-0.54951580838
85350000	85399999	0.4616668540600002	0.99673133554	-0.5350644814799999
85400000	85449999	0.4190140965000001	0.99673133554	-0.5777172390399999
85450000	85499999	0.44283212458	0.99673133554	-0.55389921096
85500000	85549999	0.47797436682000005	0.99673133554	-0.51875696872
85550000	85599999	0.44320137656	0.99673133554	-0.55352995898
85600000	85649999	0.42572189028000007	0.99673133554	-0.57100944526
85650000	85699999	0.47181916934	0.99673133554	-0.5249121662
85700000	85749999	0.4540957256200001	0.99673133554	-0.5426356099199999
85750000	85799999	0.45612836698000003	0.99673133554	-0.54060296856
85800000	85849999	0.5076545624	0.99673133554	-0.4890767731400001
85850000	85899999	0.54429247198	0.99673133554	-0.45243886356000007
85900000	85949999	0.54707139522	0.99673133554	-0.44965994032
85950000	85999999	0.5891405294600001	0.99673133554	-0.40759080608
86000000	86049999	0.58886617186	0.99673133554	-0.40786516368000003
86050000	86099999	0.59955619662	0.99673133554	-0.39717513892
86100000	86149999	0.60342359166	0.99673133554	-0.39330774388
86150000	86199999	0.6557286854400001	0.99673133554	-0.34100265009999997
86200000	86249999	0.6912081651800001	0.99673133554	-0.30552317036
86250000	86299999	0.7973598558400001	0.99673133554	-0.1993714796999999
86300000	86349999	0.8121400654800001	0.99673133554	-0.18459127005999998
86350000	86399999	0.89014466292	0.99673133554	-0.10658667261999999
86400000	86449999	0.90148593436	0.99673133554	-0.09524540118000002
86450000	86499999	0.8872691260200001	0.99673133554	-0.10946220951999996
86500000	86549999	0.8688934614	0.99673133554	-0.12783787414000003
86550000	86599999	0.8432794974	0.99673133554	-0.15345183814000007
86600000	86649999	0.78204679518	0.99673133554	-0.21468454036000006
86650000	86699999	0.72689016964	0.99673133554	-0.26984116590000007
86700000	86749999	0.7181256338	0.99673133554	-0.27860570174
86750000	86799999	0.6398668148000001	0.99673133554	-0.35686452073999997
86800000	86849999	0.6473141637400001	0.99673133554	-0.3494171718
86850000	86899999	0.6196378668000001	0.99673133554	-0.37709346873999994
86900000	86949999	0.6097658985800001	0.99673133554	-0.38696543695999996
86950000	86999999	0.58625060778	0.99673133554	-0.41048072776
87000000	87049999	0.5548325035600001	0.99673133554	-0.4418988319799999
87050000	87099999	0.5304970985	0.99673133554	-0.46623423704
87100000	87149999	0.51317398394	0.99673133554	-0.4835573516
87150000	87199999	0.50371516894	0.99673133554	-0.4930161666
87200000	87249999	0.5155509144000001	0.99673133554	-0.4811804211399999
87250000	87299999	0.5460808875800001	0.99673133554	-0.45065044796
87300000	87349999	0.54806337382	0.99673133554	-0.44866796172
87350000	87399999	0.5560801093800001	0.99673133554	-0.44065122615999996
87400000	87449999	0.54902124032	0.99673133554	-0.44771009522000005
87450000	87499999	0.54221277618	0.99673133554	-0.4545185593600001
87500000	87549999	0.5200333909200001	0.99673133554	-0.4766979446199999
87550000	87599999	0.49241069112	0.99673133554	-0.50432064442
87600000	87649999	0.49197682826	0.99673133554	-0.50475450728
87650000	87699999	0.48752760792000005	0.99673133554	-0.50920372762
87700000	87749999	0.46347979652000015	0.99673133554	-0.5332515390199999
87750000	87799999	0.46745968928000003	0.99673133554	-0.52927164626
87800000	87849999	0.4777321280400001	0.99673133554	-0.5189992075
87850000	87899999	0.46820492410000003	0.99673133554	-0.52852641144
87900000	87949999	0.48512974474000004	0.99673133554	-0.5116015908
87950000	87999999	0.4990550316800001	0.99673133554	-0.49767630385999995
88000000	88049999	0.49418899916000003	0.99673133554	-0.50254233638
88050000	88099999	0.5485559603600001	0.99673133554	-0.44817537517999995
88100000	88149999	0.62774510032	0.99673133554	-0.36898623522000007
88150000	88199999	0.71650676902	0.99673133554	-0.28022456652000005
88200000	88249999	0.7698439809000001	0.99673133554	-0.22688735463999998
88250000	88299999	0.8536854813200001	0.99673133554	-0.14304585421999993
88300000	88349999	0.92095158796	0.99673133554	-0.07577974758000006
88350000	88399999	0.9148227224200001	0.99673133554	-0.08190861311999997
88400000	88449999	0.89409666674	0.99673133554	-0.10263466880000005
88450000	88499999	0.92526234776	0.99673133554	-0.07146898777999999
88500000	88549999	0.93709386124	0.99673133554	-0.05963747429999999
88550000	88599999	0.82582823402	0.99673133554	-0.17090310152
88600000	88649999	0.7650570387400001	0.99673133554	-0.23167429679999996
88650000	88699999	0.74334337898	0.99673133554	-0.25338795656
88700000	88749999	0.69264661392	0.99673133554	-0.30408472162
88750000	88799999	0.63445335154	0.99673133554	-0.362277984
88800000	88849999	0.7295930150400001	0.99673133554	-0.26713832049999997
88850000	88899999	0.77847562404	0.99673133554	-0.2182557115
88900000	88949999	0.7684285968000001	0.99673133554	-0.22830273873999996
88950000	88999999	0.7592303654800001	0.99673133554	-0.23750097005999993
89000000	89049999	0.7626053852600001	0.99673133554	-0.23412595027999994
89050000	89099999	0.6731851076800001	0.99673133554	-0.32354622786
89100000	89149999	0.62146694276	0.99673133554	-0.37526439278
89150000	89199999	0.60645980426	0.99673133554	-0.39027153128000003
89200000	89249999	0.60771586986	0.99673133554	-0.38901546568
89250000	89299999	0.5892411254800001	0.99673133554	-0.40749021005999997
89300000	89349999	0.5999865499000001	0.99673133554	-0.39674478563999993
89350000	89399999	0.62139668842	0.99673133554	-0.3753346471200001
89400000	89449999	0.61764301592	0.99673133554	-0.37908831962
89450000	89499999	0.60646067388	0.99673133554	-0.39027066166
89500000	89549999	0.63589949572	0.99673133554	-0.36083183982
89550000	89599999	0.6417496073000001	0.99673133554	-0.35498172823999996
89600000	89649999	0.6358187742400001	0.99673133554	-0.36091256129999993
89650000	89699999	0.6586405738800001	0.99673133554	-0.33809076165999996
89700000	89749999	0.67688329636	0.99673133554	-0.31984803918000004
89750000	89799999	0.65233989368	0.99673133554	-0.34439144186000004
89800000	89849999	0.6682405840800001	0.99673133554	-0.32849075145999995
89850000	89899999	0.714620238	0.99673133554	-0.2821110975400001
89900000	89949999	0.73331455666	0.99673133554	-0.26341677888000004
89950000	89999999	0.75177255184	0.99673133554	-0.24495878370000002
90000000	90049999	0.7837504065	0.99673133554	-0.21298092904
90050000	90099999	0.81031145366	0.99673133554	-0.18641988188000003
90100000	90149999	0.81760715122	0.99673133554	-0.17912418432
90150000	90199999	0.7911427512400001	0.99673133554	-0.20558858429999993
90200000	90249999	0.77497814008	0.99673133554	-0.22175319546000005
90250000	90299999	0.7659687311400001	0.99673133554	-0.23076260439999996
90300000	90349999	0.7605867072200001	0.99673133554	-0.23614462831999994
90350000	90399999	0.7127460631200001	0.99673133554	-0.28398527241999993
90400000	90449999	0.7010906787	0.99673133554	-0.29564065684000007
90450000	90499999	0.67307938032	0.99673133554	-0.32365195522
90500000	90549999	0.64725714188	0.99673133554	-0.34947419366
90550000	90599999	0.60455747122	0.99673133554	-0.39217386432
90600000	90649999	0.5942908473199999	0.99673133554	-0.4024404882200001
90650000	90699999	0.58037576618	0.99673133554	-0.41635556936000007
90700000	90749999	0.5802270591800001	0.99673133554	-0.41650427636
90750000	90799999	0.55390527822	0.99673133554	-0.44282605732
90800000	90849999	0.5562429563000001	0.99673133554	-0.44048837923999995
90850000	90899999	0.5648482245199999	0.99673133554	-0.4318831110200001
90900000	90949999	0.5879838034800001	0.99673133554	-0.4087475320599999
90950000	90999999	0.61953792464	0.99673133554	-0.3771934109
91000000	91049999	0.6287576689200001	0.99673133554	-0.36797366662
91050000	91099999	0.6102809464400001	0.99673133554	-0.38645038909999996
91100000	91149999	0.59986809554	0.99673133554	-0.39686324000000006
91150000	91199999	0.5840590289800001	0.99673133554	-0.41267230656
91200000	91249999	0.55765786098	0.99673133554	-0.43907347456
91250000	91299999	0.6073467679000001	0.99673133554	-0.38938456763999996
91300000	91349999	0.65132722444	0.99673133554	-0.3454041111
91350000	91399999	0.69706832174	0.99673133554	-0.29966301380000004
91400000	91449999	0.7154168113800001	0.99673133554	-0.2813145241599999
91450000	91499999	0.7225313858800001	0.99673133554	-0.27419994965999994
91500000	91549999	0.66956861698	0.99673133554	-0.32716271856
91550000	91599999	0.6320919499800001	0.99673133554	-0.36463938556
91600000	91649999	0.58461591688	0.99673133554	-0.41211541866
91650000	91699999	0.55036609656	0.99673133554	-0.44636523898
91700000	91749999	0.53493498482	0.99673133554	-0.46179635072
91750000	91799999	0.53972707464	0.99673133554	-0.4570042609
91800000	91849999	0.55257370262	0.99673133554	-0.44415763292
91850000	91899999	0.54427626346	0.99673133554	-0.45245507208
91900000	91949999	0.5538912046600001	0.99673133554	-0.44284013087999996
91950000	91999999	0.5334208225800001	0.99673133554	-0.4633105129599999
92000000	92049999	0.5257751563599999	0.99673133554	-0.4709561791800001
92050000	92099999	0.50633919716	0.99673133554	-0.49039213838000006
92100000	92149999	0.5063116199	0.99673133554	-0.4904197156400001
92150000	92199999	0.4918140403	0.99673133554	-0.5049172952400001
92200000	92249999	0.5181885161	0.99673133554	-0.47854281944
92250000	92299999	0.62041945486	0.99673133554	-0.37631188068
92300000	92349999	0.6504829774600001	0.99673133554	-0.34624835808
92350000	92399999	0.63440829464	0.99673133554	-0.3623230409
92400000	92449999	0.7016291641600001	0.99673133554	-0.29510217137999994
92450000	92499999	0.78811493726	0.99673133554	-0.20861639828
92500000	92549999	0.78811493726	0.99673133554	-0.20861639828
92550000	92599999	0.72021852632	0.99673133554	-0.27651280922
92600000	92649999	0.73085306242	0.99673133554	-0.26587827312
92650000	92699999	0.6729419202400001	0.99673133554	-0.32378941529999994
92700000	92749999	0.58054738486	0.99673133554	-0.41618395068
92750000	92799999	0.49295794282000005	0.99673133554	-0.50377339272
92800000	92849999	0.5230976215400001	0.99673133554	-0.473633714
92850000	92899999	0.559732136	0.99673133554	-0.43699919954
92900000	92949999	0.5756028630800001	0.99673133554	-0.42112847245999996
92950000	92999999	0.58151857328	0.99673133554	-0.41521276226000003
93000000	93049999	0.64301902284	0.99673133554	-0.35371231270000003
93050000	93099999	0.6695412559	0.99673133554	-0.32719007964
93100000	93149999	0.65509954284	0.99673133554	-0.3416317927
93150000	93199999	0.67746444604	0.99673133554	-0.31926688950000004
93200000	93249999	0.70059446822	0.99673133554	-0.29613686732
93250000	93299999	0.64871672704	0.99673133554	-0.3480146085
93300000	93349999	0.65813891556	0.99673133554	-0.33859241998
93350000	93399999	0.63750777444	0.99673133554	-0.3592235611000001
93400000	93449999	0.6217014510800001	0.99673133554	-0.37502988445999996
93450000	93499999	0.62904774304	0.99673133554	-0.36768359250000004
93500000	93549999	0.62763858828	0.99673133554	-0.3690927472600001
93550000	93599999	0.6197576566	0.99673133554	-0.37697367894
93600000	93649999	0.6489656024	0.99673133554	-0.34776573314000003
93650000	93699999	0.6354912610400001	0.99673133554	-0.36124007449999995
93700000	93749999	0.6195170612600001	0.99673133554	-0.37721427428
93750000	93799999	0.63594692624	0.99673133554	-0.3607844093
93800000	93849999	0.6354439421000001	0.99673133554	-0.36128739343999994
93850000	93899999	0.64134994848	0.99673133554	-0.35538138706
93900000	93949999	0.7086900224600001	0.99673133554	-0.2880413130799999
93950000	93999999	0.7916829593400001	0.99673133554	-0.20504837619999994
94000000	94049999	0.88227928334	0.99673133554	-0.11445205219999999
94050000	94099999	0.94103151214	0.99673133554	-0.055699823400000015
94100000	94149999	1.00682696098	0.99673133554	0.010095625439999978
94150000	94199999	1.03165950078	0.99673133554	0.034928165239999975
94200000	94249999	0.97952654854	0.99673133554	-0.017204787000000055
94250000	94299999	0.9247032739600001	0.99673133554	-0.07202806157999997
94300000	94349999	0.94339931374	0.99673133554	-0.05333202180000007
94350000	94399999	0.90925696182	0.99673133554	-0.08747437372
94400000	94449999	0.87882106192	0.99673133554	-0.11791027362000006
94450000	94499999	0.8920477462	0.99673133554	-0.10468358934
94500000	94549999	0.9255643883000001	0.99673133554	-0.07116694723999994
94550000	94599999	0.9343941101000001	0.99673133554	-0.06233722543999998
94600000	94649999	0.9819971928800001	0.99673133554	-0.01473414265999995
94650000	94699999	1.00356530408	0.99673133554	0.006833968540000068
94700000	94749999	1.04335053526	0.99673133554	0.04661919972000006
94750000	94799999	1.0382067113	0.99673133554	0.04147537575999993
94800000	94849999	1.0136959916200001	0.99673133554	0.016964656080000085
94850000	94899999	0.96979362116	0.99673133554	-0.026937714380000033
94900000	94949999	0.9973193341400001	0.99673133554	0.0005879986000000281
94950000	94999999	1.07488108136	0.99673133554	0.07814974582
95000000	95049999	1.1070366033	0.99673133554	0.11030526776000005
95050000	95099999	1.2454742588	0.99673133554	0.24874292326000003
95100000	95149999	1.30845882508	0.99673133554	0.31172748953999996
95150000	95199999	1.34933564988	0.99673133554	0.35260431433999995
95200000	95249999	1.31377010938	0.99673133554	0.31703877384
95250000	95299999	1.2948653166200002	0.99673133554	0.2981339810800001
95300000	95349999	1.17113307598	0.99673133554	0.17440174044
95350000	95399999	1.12488932482	0.99673133554	0.12815798928
95400000	95449999	1.04144886942	0.99673133554	0.04471753387999988
95450000	95499999	0.99548960164	0.99673133554	-0.0012417339000000416
95500000	95549999	1.0069445706	0.99673133554	0.010213235059999937
95550000	95599999	1.0018707459	0.99673133554	0.005139410359999985
95600000	95649999	0.95657328578	0.99673133554	-0.040158049760000036
95650000	95699999	0.9355253640200001	0.99673133554	-0.06120597151999996
95700000	95749999	0.94735369232	0.99673133554	-0.049377643220000045
95750000	95799999	0.9031868523800001	0.99673133554	-0.09354448315999997
95800000	95849999	0.88712899992	0.99673133554	-0.10960233561999999
95850000	95899999	0.91067803144	0.99673133554	-0.0860533041
95900000	95949999	0.90834935076	0.99673133554	-0.08838198478000003
95950000	95999999	0.84744734034	0.99673133554	-0.14928399520000002
96000000	96049999	0.87126485196	0.99673133554	-0.12546648358
96050000	96099999	0.95057528914	0.99673133554	-0.04615604640000004
96100000	96149999	1.03553083938	0.99673133554	0.03879950383999997
96150000	96199999	1.10415450986	0.99673133554	0.10742317432000004
96200000	96249999	1.12355965242	0.99673133554	0.12682831687999996
96250000	96299999	1.05771472372	0.99673133554	0.06098338817999993
96300000	96349999	0.9158904010000001	0.99673133554	-0.08084093453999996
96350000	96399999	0.8297902825800001	0.99673133554	-0.16694105295999995
96400000	96449999	0.8454334292600001	0.99673133554	-0.15129790627999995
96450000	96499999	0.82160091546	0.99673133554	-0.17513042008000002
96500000	96549999	0.85157551738	0.99673133554	-0.14515581816
96550000	96599999	0.89191517272	0.99673133554	-0.10481616282000006
96600000	96649999	0.86726049498	0.99673133554	-0.12947084056000002
96650000	96699999	0.83682599366	0.99673133554	-0.15990534188000005
96700000	96749999	0.9528920377400001	0.99673133554	-0.043839297799999954
96750000	96799999	0.9869352815800001	0.99673133554	-0.00979605395999994
96800000	96849999	1.0589282285800001	0.99673133554	0.06219689304000009
96850000	96899999	1.18551687478	0.99673133554	0.18878553923999997
96900000	96949999	1.2013687155800001	0.99673133554	0.2046373800400001
96950000	96999999	1.10510975538	0.99673133554	0.10837841983999996
97000000	97049999	1.0545041881800001	0.99673133554	0.057772852640000094
97050000	97099999	1.05325906558	0.99673133554	0.05652773004
97100000	97149999	0.99243853246	0.99673133554	-0.004292803080000018
97150000	97199999	0.9774490119	0.99673133554	-0.019282323640000043
97200000	97249999	0.96619098404	0.99673133554	-0.030540351500000007
97250000	97299999	1.00516061158	0.99673133554	0.008429276039999989
97300000	97349999	0.95436280084	0.99673133554	-0.042368534700000016
97350000	97399999	0.95987201174	0.99673133554	-0.03685932380000001
97400000	97449999	0.95826265318	0.99673133554	-0.038468682360000006
97450000	97499999	1.00556256786	0.99673133554	0.008831232319999938
97500000	97549999	1.05279691486	0.99673133554	0.05606557932
97550000	97599999	1.0649170448	0.99673133554	0.06818570926
97600000	97649999	1.07450035482	0.99673133554	0.07776901928000002
97650000	97699999	1.0677794438800001	0.99673133554	0.07104810834000008
97700000	97749999	1.0481571452	0.99673133554	0.05142580965999999
97750000	97799999	1.01422451746	0.99673133554	0.017493181919999934
97800000	97849999	1.04457402368	0.99673133554	0.047842688140000034
97850000	97899999	1.07679851906	0.99673133554	0.08006718351999997
97900000	97949999	1.1244592093	0.99673133554	0.12772787376000005
97950000	97999999	1.15185863574	0.99673133554	0.15512730019999998
98000000	98049999	1.1395352896	0.99673133554	0.1428039540599999
98050000	98099999	1.13852670208	0.99673133554	0.14179536654000002
98100000	98149999	1.0696877764200001	0.99673133554	0.07295644088000008
98150000	98199999	0.99124103234	0.99673133554	-0.005490303199999991
98200000	98249999	0.9519535972400001	0.99673133554	-0.04477773829999998
98250000	98299999	0.9589713174000001	0.99673133554	-0.03776001813999996
98300000	98349999	0.9255748480200001	0.99673133554	-0.07115648751999992
98350000	98399999	0.91013208036	0.99673133554	-0.08659925518
98400000	98449999	0.90963272898	0.99673133554	-0.08709860656000001
98450000	98499999	0.9484578622600001	0.99673133554	-0.04827347327999998
98500000	98549999	1.02937806656	0.99673133554	0.03264673102000004
98550000	98599999	1.2057051010800002	0.99673133554	0.20897376554000013
98600000	98649999	1.3099619368600002	0.99673133554	0.31323060132000013
98650000	98699999	1.29690647852	0.99673133554	0.3001751429799999
98700000	98749999	1.2352020542200002	0.99673133554	0.23847071868000014
98750000	98799999	1.1433498533600002	0.99673133554	0.14661851782000013
98800000	98849999	0.9370994789600001	0.99673133554	-0.05963185657999992
98850000	98899999	0.8368642304	0.99673133554	-0.15986710514000002
98900000	98949999	0.8805045519800001	0.99673133554	-0.11622678355999994
98950000	98999999	0.93506924434	0.99673133554	-0.06166209119999999
99000000	99049999	0.9554793782200001	0.99673133554	-0.04125195731999998
99050000	99099999	1.0323596730200002	0.99673133554	0.03562833748000016
99100000	99149999	1.07663554304	0.99673133554	0.07990420750000005
99150000	99199999	1.0562725615600002	0.99673133554	0.059541226020000115
99200000	99249999	1.0913780605	0.99673133554	0.09464672496000004
99250000	99299999	1.0945375706	0.99673133554	0.09780623505999997
99300000	99349999	1.05587199232	0.99673133554	0.05914065677999991
99350000	99399999	1.01869984762	0.99673133554	0.021968512079999947
99400000	99449999	1.10100266198	0.99673133554	0.10427132643999992
99450000	99499999	1.0917585817	0.99673133554	0.09502724615999991
99500000	99549999	1.12462805766	0.99673133554	0.12789672212000003
99550000	99599999	1.09112771832	0.99673133554	0.09439638278000007
99600000	99649999	1.1031214816800001	0.99673133554	0.10639014614000009
99650000	99699999	1.04807661828	0.99673133554	0.05134528274000005
99700000	99749999	0.9977793461000001	0.99673133554	0.0010480105600000345
99750000	99799999	0.99761955028	0.99673133554	0.000888214740000004
99800000	99849999	1.1624975236200001	0.99673133554	0.1657661880800001
99850000	99899999	1.24865262494	0.99673133554	0.2519212894
99900000	99949999	1.30110429892	0.99673133554	0.30437296337999986
99950000	99999999	1.31356316822	0.99673133554	0.3168318326799999
100000000	100049999	1.2860645428600002	0.99673133554	0.2893332073200001
100050000	100099999	1.1955085457	0.99673133554	0.19877721016000005
100100000	100149999	1.2182063028	0.99673133554	0.22147496726000004
100150000	100199999	1.15347547798	0.99673133554	0.15674414244
100200000	100249999	1.1389592154000001	0.99673133554	0.14222787986000007
100250000	100299999	1.19111940854	0.99673133554	0.19438807300000005
100300000	100349999	1.32828102852	0.99673133554	0.3315496929799999
100350000	100399999	1.25044450362	0.99673133554	0.25371316808
100400000	100449999	1.30522170654	0.99673133554	0.308490371
100450000	100499999	1.3522979617200002	0.99673133554	0.3555666261800001
100500000	100549999	1.26330161436	0.99673133554	0.26657027881999995
100550000	100599999	1.15009963668	0.99673133554	0.15336830114
100600000	100649999	1.17766479512	0.99673133554	0.18093345958000007
100650000	100699999	1.19188460136	0.99673133554	0.19515326581999992
100700000	100749999	1.20906289816	0.99673133554	0.21233156261999997
100750000	100799999	1.27484813542	0.99673133554	0.27811679988000004
100800000	100849999	1.22398126918	0.99673133554	0.22724993364
100850000	100899999	1.20389858942	0.99673133554	0.20716725388
100900000	100949999	1.18486192404	0.99673133554	0.18813058849999997
100950000	100999999	1.2051771744	0.99673133554	0.2084458388599999
101000000	101049999	1.18149219878	0.99673133554	0.18476086323999996
101050000	101099999	1.22411278692	0.99673133554	0.22738145137999988
101100000	101149999	1.22688525714	0.99673133554	0.23015392159999992
101150000	101199999	1.173811471	0.99673133554	0.17708013546
101200000	101249999	1.15114534284	0.99673133554	0.1544140073
101250000	101299999	1.1434125863	0.99673133554	0.14668125075999994
101300000	101349999	1.13248922212	0.99673133554	0.13575788658
101350000	101399999	1.13639368012	0.99673133554	0.13966234458000004
101400000	101449999	1.1712207189800001	0.99673133554	0.1744893834400001
101450000	101499999	1.18341818808	0.99673133554	0.18668685254000006
101500000	101549999	1.26170315604	0.99673133554	0.2649718205
101550000	101599999	1.31933821902	0.99673133554	0.32260688348
101600000	101649999	1.39077174318	0.99673133554	0.3940404076399999
101650000	101699999	1.3980112183	0.99673133554	0.40127988275999993
101700000	101749999	1.42787838728	0.99673133554	0.43114705174
101750000	101799999	1.44337035306	0.99673133554	0.4466390175199999
101800000	101849999	1.40590979096	0.99673133554	0.40917845542
101850000	101899999	1.37164483058	0.99673133554	0.37491349503999993
101900000	101949999	1.34115218924	0.99673133554	0.3444208537
101950000	101999999	1.27122921296	0.99673133554	0.27449787742
102000000	102049999	1.17193106168	0.99673133554	0.17519972614
102050000	102099999	1.1416808391	0.99673133554	0.14494950355999991
102100000	102149999	1.07650071016	0.99673133554	0.07976937461999989
102150000	102199999	1.04119262462	0.99673133554	0.04446128908000002
102200000	102249999	1.03142568654	0.99673133554	0.03469435099999996
102250000	102299999	1.0801694670400002	0.99673133554	0.08343813150000012
102300000	102349999	1.03460493786	0.99673133554	0.03787360231999992
102350000	102399999	1.08978533774	0.99673133554	0.09305400219999993
102400000	102449999	1.17214118214	0.99673133554	0.17540984660000003
102450000	102499999	1.18726551798	0.99673133554	0.19053418243999998
102500000	102549999	1.14969252972	0.99673133554	0.15296119417999998
102550000	102599999	1.23115685102	0.99673133554	0.2344255154799999
102600000	102649999	1.30766067968	0.99673133554	0.31092934414000006
102650000	102699999	1.3125434048	0.99673133554	0.31581206925999994
102700000	102749999	1.3827130466000002	0.99673133554	0.3859817110600001
102750000	102799999	1.4469830730600002	0.99673133554	0.45025173752000014
102800000	102849999	1.42657816752	0.99673133554	0.42984683197999995
102850000	102899999	1.3669694457200001	0.99673133554	0.3702381101800001
102900000	102949999	1.3769729699600002	0.99673133554	0.38024163442000014
102950000	102999999	1.358252647	0.99673133554	0.36152131146
103000000	103049999	1.33365992344	0.99673133554	0.3369285878999999
103050000	103099999	1.30430918232	0.99673133554	0.3075778467799999
103100000	103149999	1.23367825278	0.99673133554	0.23694691724000005
103150000	103199999	1.21664033736	0.99673133554	0.21990900182000006
103200000	103249999	1.1849647434400001	0.99673133554	0.1882334079000001
103250000	103299999	1.1132577165200002	0.99673133554	0.11652638098000012
103300000	103349999	1.0434430840800002	0.99673133554	0.04671174854000015
103350000	103399999	0.9849814499	0.99673133554	-0.011749885640000013
103400000	103449999	0.8823473567800001	0.99673133554	-0.11438397875999995
103450000	103499999	0.77188400936	0.99673133554	-0.22484732618000003
103500000	103549999	0.7193200695	0.99673133554	-0.27741126604
103550000	103599999	0.70582165412	0.99673133554	-0.29090968142000007
103600000	103649999	0.6827936524	0.99673133554	-0.31393768314000003
103650000	103699999	0.7020528917600001	0.99673133554	-0.29467844377999997
103700000	103749999	0.73119787954	0.99673133554	-0.265533456
103750000	103799999	0.7123993015200001	0.99673133554	-0.28433203401999996
103800000	103849999	0.7140299330800001	0.99673133554	-0.28270140246
103850000	103899999	0.76129467714	0.99673133554	-0.23543665840000005
103900000	103949999	0.8071181978599999	0.99673133554	-0.1896131376800001
103950000	103999999	0.8405420765	0.99673133554	-0.15618925904000003
104000000	104049999	0.97544459496	0.99673133554	-0.02128674058000002
104050000	104099999	1.09877570306	0.99673133554	0.10204436752000001
104100000	104149999	1.12763061888	0.99673133554	0.13089928334
104150000	104199999	1.15575997478	0.99673133554	0.15902863924
104200000	104249999	1.1897551610000001	0.99673133554	0.19302382546000008
104250000	104299999	1.09580657936	0.99673133554	0.09907524381999999
104300000	104349999	1.06018988038	0.99673133554	0.06345854484000002
104350000	104399999	1.01441132344	0.99673133554	0.017679987900000027
104400000	104449999	0.99648567234	0.99673133554	-0.00024566320000007913
104450000	104499999	0.99696223226	0.99673133554	0.0002308967199999845
104500000	104549999	1.1149537545800001	0.99673133554	0.11822241904000008
104550000	104599999	1.17102459024	0.99673133554	0.1742932547
104600000	104649999	1.19553695842	0.99673133554	0.19880562287999992
104650000	104699999	1.15533898216	0.99673133554	0.15860764661999993
104700000	104749999	1.09316347088	0.99673133554	0.09643213533999995
104750000	104799999	0.9958699626	0.99673133554	-0.0008613729399999936
104800000	104849999	0.88021964304	0.99673133554	-0.11651169250000004
104850000	104899999	0.83988596104	0.99673133554	-0.15684537450000002
104900000	104949999	0.8539529307	0.99673133554	-0.14277840484000004
104950000	104999999	0.8351498767600001	0.99673133554	-0.16158145877999996
105000000	105049999	0.7965760389000001	0.99673133554	-0.20015529663999998
105050000	105099999	0.77255888498	0.99673133554	-0.22417245056000001
105100000	105149999	0.8057085974	0.99673133554	-0.19102273814000004
105150000	105199999	0.7745202748400001	0.99673133554	-0.22221106069999996
105200000	105249999	0.8105831075000001	0.99673133554	-0.18614822803999997
105250000	105299999	0.8363098068200001	0.99673133554	-0.16042152871999993
105300000	105349999	0.88262409072	0.99673133554	-0.11410724482000001
105350000	105399999	0.8405425441400001	0.99673133554	-0.15618879139999997
105400000	105449999	0.8560143062400001	0.99673133554	-0.14071702929999996
105450000	105499999	0.81401029032	0.99673133554	-0.18272104522
105500000	105549999	0.80846110368	0.99673133554	-0.18827023186000003
105550000	105599999	0.75727439582	0.99673133554	-0.23945693972000004
105600000	105649999	0.79283643534	0.99673133554	-0.2038949002
105650000	105699999	0.7977263928	0.99673133554	-0.19900494274000002
105700000	105749999	0.8127465124000001	0.99673133554	-0.18398482313999998
105750000	105799999	0.7831517306200001	0.99673133554	-0.21357960491999994
105800000	105849999	0.7743933435000001	0.99673133554	-0.22233799203999993
105850000	105899999	0.7504588172800001	0.99673133554	-0.24627251825999996
105900000	105949999	0.71329118394	0.99673133554	-0.2834401516
105950000	105999999	0.7198829669800001	0.99673133554	-0.27684836855999995
106000000	106049999	0.7518060133200001	0.99673133554	-0.24492532221999996
106050000	106099999	0.7610111587600001	0.99673133554	-0.2357201767799999
106100000	106149999	0.7274413695	0.99673133554	-0.26928996604
106150000	106199999	0.7469647945800001	0.99673133554	-0.24976654095999995
106200000	106249999	0.7463254662600001	0.99673133554	-0.25040586927999997
106250000	106299999	0.73184388842	0.99673133554	-0.26488744712
106300000	106349999	0.7702911208800001	0.99673133554	-0.22644021465999997
106350000	106399999	0.8100791564600001	0.99673133554	-0.18665217907999998
106400000	106449999	0.8056883587400001	0.99673133554	-0.19104297679999993
106450000	106499999	0.82410593734	0.99673133554	-0.1726253982
106500000	106549999	0.81458879564	0.99673133554	-0.18214253990000007
106550000	106599999	0.8055266323000001	0.99673133554	-0.19120470323999994
106600000	106649999	0.8192266290200001	0.99673133554	-0.17750470651999994
106650000	106699999	0.7947443165400001	0.99673133554	-0.20198701899999993
106700000	106749999	0.77823477422	0.99673133554	-0.21849656132000006
106750000	106799999	0.93187034388	0.99673133554	-0.06486099166000003
106800000	106849999	0.9871149036800001	0.99673133554	-0.009616431859999941
106850000	106899999	0.9646848432	0.99673133554	-0.03204649234000001
106900000	106949999	1.00395779842	0.99673133554	0.007226462880000062
106950000	106999999	0.9671990369000001	0.99673133554	-0.029532298639999954
107000000	107049999	0.7988922741800001	0.99673133554	-0.19783906135999996
107050000	107099999	0.72689002136	0.99673133554	-0.26984131418
107100000	107149999	0.7517561311600001	0.99673133554	-0.24497520437999998
107150000	107199999	0.72096137182	0.99673133554	-0.27576996372000007
107200000	107249999	0.77785050328	0.99673133554	-0.21888083226
107250000	107299999	0.7914851662800001	0.99673133554	-0.20524616925999994
107300000	107349999	0.83911134444	0.99673133554	-0.15761999110000002
107350000	107399999	0.8624636591200001	0.99673133554	-0.13426767641999993
107400000	107449999	0.99245650466	0.99673133554	-0.0042748308800000245
107450000	107499999	0.98682834624	0.99673133554	-0.009902989299999998
107500000	107549999	1.00691917844	0.99673133554	0.010187842899999966
107550000	107599999	0.99387589934	0.99673133554	-0.002855436200000061
107600000	107649999	0.98573467822	0.99673133554	-0.010996657319999992
107650000	107699999	0.87099277862	0.99673133554	-0.12573855692000002
107700000	107749999	0.86494213578	0.99673133554	-0.13178919976000003
107750000	107799999	0.8674196495400001	0.99673133554	-0.12931168599999998
107800000	107849999	0.8792381603	0.99673133554	-0.11749317524000003
107850000	107899999	0.8568093698800001	0.99673133554	-0.13992196565999993
107900000	107949999	0.87268284852	0.99673133554	-0.12404848702000004
107950000	107999999	0.9395030025000001	0.99673133554	-0.05722833303999997
108000000	108049999	1.0646968467	0.99673133554	0.06796551115999994
108050000	108099999	1.11573642916	0.99673133554	0.11900509362
108100000	108149999	1.21935688524	0.99673133554	0.22262554970000004
108150000	108199999	1.2768353802	0.99673133554	0.28010404466000005
108200000	108249999	1.27027529654	0.99673133554	0.2735439609999999
108250000	108299999	1.31124195046	0.99673133554	0.3145106149199999
108300000	108349999	1.31034796488	0.99673133554	0.31361662934
108350000	108399999	1.2981868233	0.99673133554	0.30145548776
108400000	108449999	1.33857504642	0.99673133554	0.3418437108799999
108450000	108499999	1.21765266386	0.99673133554	0.22092132832
108500000	108549999	1.09303348604	0.99673133554	0.0963021504999999
108550000	108599999	1.01416122628	0.99673133554	0.017429890739999898
108600000	108649999	0.94572356348	0.99673133554	-0.05100777206000007
108650000	108699999	0.7957418430200001	0.99673133554	-0.20098949251999998
108700000	108749999	0.81354140196	0.99673133554	-0.18318993358000002
108750000	108799999	0.7707107449200001	0.99673133554	-0.2260205906199999
108800000	108849999	0.72141409676	0.99673133554	-0.27531723878000003
108850000	108899999	0.70935142222	0.99673133554	-0.28737991332
108900000	108949999	0.7184681163000001	0.99673133554	-0.27826321923999997
108950000	108999999	0.7559035041200001	0.99673133554	-0.24082783141999997
109000000	109049999	0.77005170968	0.99673133554	-0.22667962586
109050000	109099999	0.7993707559000001	0.99673133554	-0.19736057963999998
109100000	109149999	0.76163963672	0.99673133554	-0.23509169882000003
109150000	109199999	0.7464920467	0.99673133554	-0.25023928884
109200000	109249999	0.7004403413	0.99673133554	-0.29629099424000005
109250000	109299999	0.64757675808	0.99673133554	-0.34915457746
109300000	109349999	0.6367685589000001	0.99673133554	-0.35996277664
109350000	109399999	0.64365120046	0.99673133554	-0.35308013508
109400000	109449999	0.65996657962	0.99673133554	-0.33676475592
109450000	109499999	0.69223735604	0.99673133554	-0.3044939795
109500000	109549999	0.72618025712	0.99673133554	-0.27055107842000004
109550000	109599999	0.71562349256	0.99673133554	-0.28110784298
109600000	109649999	0.72453963688	0.99673133554	-0.27219169866000004
109650000	109699999	0.72317738164	0.99673133554	-0.27355395390000004
109700000	109749999	0.7051717954400001	0.99673133554	-0.29155954009999996
109750000	109799999	0.70274215318	0.99673133554	-0.29398918236000005
109800000	109849999	0.74419557532	0.99673133554	-0.25253576022
109850000	109899999	0.78916917048	0.99673133554	-0.20756216506000003
109900000	109949999	0.8134015694000001	0.99673133554	-0.18332976613999996
109950000	109999999	0.95712472258	0.99673133554	-0.03960661296000001
110000000	110049999	0.9759044721200001	0.99673133554	-0.020826863419999952
110050000	110099999	0.9742937475800001	0.99673133554	-0.02243758795999995
110100000	110149999	0.9404346479400001	0.99673133554	-0.05629668759999995
110150000	110199999	0.9358835057400001	0.99673133554	-0.06084782979999992
110200000	110249999	0.8474533910600001	0.99673133554	-0.14927794447999998
110250000	110299999	0.85395813158	0.99673133554	-0.14277320396000004
110300000	110349999	0.8682658619800001	0.99673133554	-0.12846547355999993
110350000	110399999	0.8885946168000001	0.99673133554	-0.10813671873999997
110400000	110449999	0.89441866818	0.99673133554	-0.10231266736
110450000	110499999	0.9300838368800001	0.99673133554	-0.06664749865999997
110500000	110549999	0.9408467984800001	0.99673133554	-0.05588453705999996
110550000	110599999	0.9826492733600001	0.99673133554	-0.014082062179999966
110600000	110649999	1.01657112306	0.99673133554	0.01983978752000004
110650000	110699999	1.0503889343000001	0.99673133554	0.05365759876000009
110700000	110749999	1.04981842286	0.99673133554	0.053087087320000004
110750000	110799999	1.14879635526	0.99673133554	0.15206501971999997
110800000	110849999	1.16365141084	0.99673133554	0.16692007529999997
110850000	110899999	1.13202243158	0.99673133554	0.13529109604
110900000	110949999	1.18369203472	0.99673133554	0.1869606991799999
110950000	110999999	1.149047353	0.99673133554	0.15231601746
111000000	111049999	1.05656183282	0.99673133554	0.059830497279999895
111050000	111099999	1.05343613556	0.99673133554	0.05670480001999989
111100000	111149999	1.04626632534	0.99673133554	0.04953498979999993
111150000	111199999	0.95337778234	0.99673133554	-0.043353553200000006
111200000	111249999	0.9888022681	0.99673133554	-0.007929067439999993
111250000	111299999	0.98138324992	0.99673133554	-0.015348085620000007
111300000	111349999	0.9280061644400001	0.99673133554	-0.06872517109999998
111350000	111399999	0.9240649700000001	0.99673133554	-0.07266636553999994
111400000	111449999	0.9674774732	0.99673133554	-0.029253862340000047
111450000	111499999	0.94716985202	0.99673133554	-0.049561483520000005
111500000	111549999	0.96762083546	0.99673133554	-0.029110500080000046
111550000	111599999	1.06754322354	0.99673133554	0.07081188799999993
111600000	111649999	1.1928976907	0.99673133554	0.19616635515999992
111650000	111699999	1.25479209626	0.99673133554	0.25806076072000006
111700000	111749999	1.36408836812	0.99673133554	0.36735703257999996
111750000	111799999	1.41223259726	0.99673133554	0.41550126172
111800000	111849999	1.37582051588	0.99673133554	0.37908918034000005
111850000	111899999	1.28547717822	0.99673133554	0.28874584268000003
111900000	111949999	1.24539699608	0.99673133554	0.24866566053999994
111950000	111999999	1.1121875593200001	0.99673133554	0.11545622378000009
112000000	112049999	1.03492466334	0.99673133554	0.038193327799999954
112050000	112099999	0.98496569852	0.99673133554	-0.011765637019999997
112100000	112149999	0.97990585554	0.99673133554	-0.01682548000000006
112150000	112199999	0.91908949522	0.99673133554	-0.07764184031999999
112200000	112249999	0.89738381452	0.99673133554	-0.09934752102
112250000	112299999	0.8902330294	0.99673133554	-0.10649830614
112300000	112349999	0.8475522466800001	0.99673133554	-0.14917908885999998
112350000	112399999	0.8370427491800001	0.99673133554	-0.15968858635999994
112400000	112449999	0.82521570998	0.99673133554	-0.17151562556
112450000	112499999	0.8219393988000001	0.99673133554	-0.17479193673999993
112500000	112549999	0.78709378304	0.99673133554	-0.20963755250000005
112550000	112599999	0.80565011326	0.99673133554	-0.19108122228000002
112600000	112649999	0.75858068796	0.99673133554	-0.23815064758000004
112650000	112699999	0.7502299362	0.99673133554	-0.24650139934000004
112700000	112749999	0.73637602946	0.99673133554	-0.26035530608
112750000	112799999	0.7340827657400001	0.99673133554	-0.26264856979999995
112800000	112849999	0.74112801854	0.99673133554	-0.25560331700000005
112850000	112899999	0.7493279098400001	0.99673133554	-0.24740342569999996
112900000	112949999	0.78539857418	0.99673133554	-0.21133276136
112950000	112999999	0.8277834242	0.99673133554	-0.1689479113400001
113000000	113049999	0.92772199866	0.99673133554	-0.06900933688
113050000	113099999	0.93719799016	0.99673133554	-0.05953334537999999
113100000	113149999	1.01264252626	0.99673133554	0.015911190720000024
113150000	113199999	1.04471179858	0.99673133554	0.04798046304000003
113200000	113249999	1.03510721454	0.99673133554	0.038375878999999946
113250000	113299999	0.97839863406	0.99673133554	-0.01833270147999999
113300000	113349999	0.9656798185000001	0.99673133554	-0.031051517039999976
113350000	113399999	0.9057225721400001	0.99673133554	-0.09100876339999997
113400000	113449999	0.85226804534	0.99673133554	-0.14446329020000004
113450000	113499999	0.78523636144	0.99673133554	-0.21149497410000007
113500000	113549999	0.74397729248	0.99673133554	-0.25275404306000004
113550000	113599999	0.7180192655000001	0.99673133554	-0.27871207004
113600000	113649999	0.68197816462	0.99673133554	-0.31475317092
113650000	113699999	0.6627954152800001	0.99673133554	-0.33393592025999996
113700000	113749999	0.67069315916	0.99673133554	-0.32603817638
113750000	113799999	0.6648838237200001	0.99673133554	-0.33184751181999994
113800000	113849999	0.7004426218600001	0.99673133554	-0.29628871368
113850000	113899999	0.7011177126000001	0.99673133554	-0.29561362293999993
113900000	113949999	0.7138459969000001	0.99673133554	-0.28288533864
113950000	113999999	0.78592328562	0.99673133554	-0.21080804992000002
114000000	114049999	0.88944269852	0.99673133554	-0.10728863702000002
114050000	114099999	0.98092303694	0.99673133554	-0.015808298599999993
114100000	114149999	1.04927302284	0.99673133554	0.05254168729999997
114150000	114199999	1.0820130099	0.99673133554	0.08528167436
114200000	114249999	1.07704209886	0.99673133554	0.08031076331999998
114250000	114299999	1.03779353862	0.99673133554	0.04106220307999986
114300000	114349999	0.9682584641800001	0.99673133554	-0.028472871359999985
114350000	114399999	1.131472724	0.99673133554	0.13474138845999994
114400000	114449999	1.34073514396	0.99673133554	0.3440038084199999
114450000	114499999	1.3894855442	0.99673133554	0.39275420866
114500000	114549999	1.4312355927400002	0.99673133554	0.4345042572000002
114550000	114599999	1.4895711445200002	0.99673133554	0.4928398089800001
114600000	114649999	1.35038066652	0.99673133554	0.35364933097999995
114650000	114699999	1.2438600181200001	0.99673133554	0.2471286825800001
114700000	114749999	1.27684628274	0.99673133554	0.28011494719999996
114750000	114799999	1.32277187324	0.99673133554	0.32604053769999997
114800000	114849999	1.32632000572	0.99673133554	0.32958867017999993
114850000	114899999	1.3999570258	0.99673133554	0.40322569026
114900000	114949999	1.4725298586200002	0.99673133554	0.47579852308000015
114950000	114999999	1.4950036821600001	0.99673133554	0.4982723466200001
115000000	115049999	1.4648751392800001	0.99673133554	0.4681438037400001
115050000	115099999	1.53801248592	0.99673133554	0.5412811503799999
115100000	115149999	1.5302284236400001	0.99673133554	0.5334970881000001
115150000	115199999	1.49671364502	0.99673133554	0.49998230948
115200000	115249999	1.6156623377000001	0.99673133554	0.6189310021600001
115250000	115299999	1.8550227427600001	0.99673133554	0.8582914072200001
115300000	115349999	1.75412013112	0.99673133554	0.75738879558
115350000	115399999	1.7001580836	0.99673133554	0.70342674806
115400000	115449999	1.5948905021400002	0.99673133554	0.5981591666000001
115450000	115499999	1.4003715627200002	0.99673133554	0.40364022718000014
115500000	115549999	1.1229207343	0.99673133554	0.12618939876000002
115550000	115599999	1.13376063184	0.99673133554	0.13702929629999994
115600000	115649999	1.07817431276	0.99673133554	0.08144297722000005
115650000	115699999	1.0500575261	0.99673133554	0.053326190559999986
115700000	115749999	0.92439298786	0.99673133554	-0.07233834768000003
115750000	115799999	0.833513472	0.99673133554	-0.16321786354
115800000	115849999	0.80202259846	0.99673133554	-0.19470873708000003
115850000	115899999	0.8873829008	0.99673133554	-0.10934843474
115900000	115949999	0.95596862266	0.99673133554	-0.040762712879999996
115950000	115999999	1.1133631994	0.99673133554	0.1166318638599999
116000000	116049999	1.22420318186	0.99673133554	0.22747184632000006
116050000	116099999	1.23334565852	0.99673133554	0.23661432297999996
116100000	116149999	1.17131817762	0.99673133554	0.17458684207999986
116150000	116199999	1.13649355986	0.99673133554	0.13976222431999985
116200000	116249999	1.10394461342	0.99673133554	0.1072132778799999
116250000	116299999	1.081593366	0.99673133554	0.08486203045999985
116300000	116349999	1.07005049306	0.99673133554	0.07331915752000007
116350000	116399999	1.0394581259	0.99673133554	0.04272679035999993
116400000	116449999	1.0111843252800001	0.99673133554	0.014452989740000088
116450000	116499999	1.05053172354	0.99673133554	0.05380038799999998
116500000	116549999	1.0411968420800002	0.99673133554	0.044465506540000144
116550000	116599999	1.02925279908	0.99673133554	0.03252146353999996
116600000	116649999	1.03305271022	0.99673133554	0.03632137467999996
116650000	116699999	0.99371145764	0.99673133554	-0.003019877900000023
116700000	116749999	0.89530680642	0.99673133554	-0.10142452912
116750000	116799999	0.87341942166	0.99673133554	-0.12331191388000007
116800000	116849999	0.8478411394200001	0.99673133554	-0.14889019611999998
116850000	116899999	0.86087109514	0.99673133554	-0.1358602404
116900000	116949999	0.8994262307600001	0.99673133554	-0.09730510477999998
116950000	116999999	0.92792631076	0.99673133554	-0.06880502478000006
117000000	117049999	0.90410563042	0.99673133554	-0.09262570512000001
117050000	117099999	0.93467020594	0.99673133554	-0.06206112959999999
117100000	117149999	0.95772126132	0.99673133554	-0.039010074220000024
117150000	117199999	0.9925567008	0.99673133554	-0.004174634740000016
117200000	117249999	1.02160373302	0.99673133554	0.02487239748000003
117250000	117299999	1.0859952024400001	0.99673133554	0.0892638669000001
117300000	117349999	1.1148202646	0.99673133554	0.11808892906000001
117350000	117399999	1.07056748294	0.99673133554	0.0738361474
117400000	117449999	1.03386173714	0.99673133554	0.03713040160000003
117450000	117499999	1.00046797806	0.99673133554	0.0037366425200000553
117500000	117549999	0.96264108286	0.99673133554	-0.03409025267999999
117550000	117599999	0.88402418056	0.99673133554	-0.11270715498000006
117600000	117649999	0.86254448602	0.99673133554	-0.13418684952000004
117650000	117699999	0.85544709498	0.99673133554	-0.14128424056
117700000	117749999	0.8386774155800001	0.99673133554	-0.15805391995999996
117750000	117799999	0.81950040114	0.99673133554	-0.17723093440000004
117800000	117849999	0.78436819518	0.99673133554	-0.21236314036000004
117850000	117899999	0.7692336955800001	0.99673133554	-0.22749763995999994
117900000	117949999	0.73114151938	0.99673133554	-0.26558981616
117950000	117999999	0.7104292321600001	0.99673133554	-0.28630210337999995
118000000	118049999	0.6643109231400001	0.99673133554	-0.3324204124
118050000	118099999	0.6571334509600001	0.99673133554	-0.33959788457999995
118100000	118149999	0.6413185168400001	0.99673133554	-0.35541281869999997
118150000	118199999	0.6420559182400001	0.99673133554	-0.35467541729999996
118200000	118249999	0.67033068114	0.99673133554	-0.3264006544
118250000	118299999	0.6977296855	0.99673133554	-0.29900165004
118300000	118349999	0.7441969796800001	0.99673133554	-0.25253435585999995
118350000	118399999	0.77282907974	0.99673133554	-0.2239022558
118400000	118449999	0.75756674412	0.99673133554	-0.23916459142000002
118450000	118499999	0.74285176872	0.99673133554	-0.25387956682
118500000	118549999	0.73685465354	0.99673133554	-0.259876682
118550000	118599999	0.75096616786	0.99673133554	-0.24576516768
118600000	118649999	0.72838132116	0.99673133554	-0.26835001438000006
118650000	118699999	0.78220874714	0.99673133554	-0.21452258840000005
118700000	118749999	0.83657214646	0.99673133554	-0.16015918908000004
118750000	118799999	0.86022367458	0.99673133554	-0.13650766096
118800000	118849999	0.89043656006	0.99673133554	-0.10629477547999999
118850000	118899999	0.9658395536000001	0.99673133554	-0.030891781939999974
118900000	118949999	1.03563254918	0.99673133554	0.03890121363999999
118950000	118999999	1.0727979434800001	0.99673133554	0.07606660794000009
119000000	119049999	1.1686070551	0.99673133554	0.17187571956000003
119050000	119099999	1.24077538934	0.99673133554	0.24404405379999994
119100000	119149999	1.29004654576	0.99673133554	0.29331521022000007
119150000	119199999	1.24357329714	0.99673133554	0.24684196159999994
119200000	119249999	1.2281453044000001	0.99673133554	0.2314139688600001
119250000	119299999	1.16995321246	0.99673133554	0.17322187692000002
119300000	119349999	1.0735216408400001	0.99673133554	0.07679030530000008
119350000	119399999	1.0183232261400001	0.99673133554	0.021591890600000108
119400000	119449999	0.9494336671200001	0.99673133554	-0.04729766841999994
119450000	119499999	0.8765956376	0.99673133554	-0.12013569794000001
119500000	119549999	0.81457376762	0.99673133554	-0.18215756792000004
119550000	119599999	0.7750644258000001	0.99673133554	-0.22166690973999992
119600000	119649999	0.7156330430800001	0.99673133554	-0.28109829245999995
119650000	119699999	0.7228359545	0.99673133554	-0.27389538104
119700000	119749999	0.6696081218000001	0.99673133554	-0.32712321374
119750000	119799999	0.65795146808	0.99673133554	-0.33877986746
119800000	119849999	0.6583626188	0.99673133554	-0.33836871674
119850000	119899999	0.64531621572	0.99673133554	-0.35141511982000007
119900000	119949999	0.62092224514	0.99673133554	-0.3758090904
119950000	119999999	0.6355739758000001	0.99673133554	-0.36115735973999996
120000000	120049999	0.64254336032	0.99673133554	-0.35418797522
120050000	120099999	0.6288896477400001	0.99673133554	-0.36784168779999993
120100000	120149999	0.647489057	0.99673133554	-0.34924227854
120150000	120199999	0.6734380094000001	0.99673133554	-0.32329332613999995
120200000	120249999	0.69202544394	0.99673133554	-0.30470589160000006
120250000	120299999	0.71502267212	0.99673133554	-0.28170866342
120300000	120349999	0.72145583776	0.99673133554	-0.27527549778000004
120350000	120399999	0.7383520796	0.99673133554	-0.25837925594
120400000	120449999	0.70338162366	0.99673133554	-0.29334971188000003
120450000	120499999	0.7303899989	0.99673133554	-0.26634133664000004
120500000	120549999	0.69841248734	0.99673133554	-0.2983188482
120550000	120599999	0.7416292684200001	0.99673133554	-0.25510206711999994
120600000	120649999	0.7145058731	0.99673133554	-0.28222546244
120650000	120699999	0.7514071691	0.99673133554	-0.24532416644
120700000	120749999	0.7634560702000001	0.99673133554	-0.23327526533999998
120750000	120799999	0.7790319593	0.99673133554	-0.21769937624000002
120800000	120849999	0.7633589546	0.99673133554	-0.23337238094
120850000	120899999	0.8082730314000001	0.99673133554	-0.18845830413999998
120900000	120949999	0.8000354799	0.99673133554	-0.19669585564000003
120950000	120999999	0.79543817488	0.99673133554	-0.20129316066000003
121000000	121049999	0.8275555492000001	0.99673133554	-0.16917578633999997
121050000	121099999	0.8371828508000001	0.99673133554	-0.15954848473999994
121100000	121149999	0.8031994966	0.99673133554	-0.19353183894000003
121150000	121199999	0.7923804443	0.99673133554	-0.20435089124000005
121200000	121249999	0.78152282346	0.99673133554	-0.21520851208000003
121250000	121299999	0.77572353766	0.99673133554	-0.22100779788000002
121300000	121349999	0.71858412444	0.99673133554	-0.27814721110000007
121350000	121399999	0.72028149216	0.99673133554	-0.27644984338
121400000	121449999	0.7159467288000001	0.99673133554	-0.28078460673999994
121450000	121499999	0.69103497768	0.99673133554	-0.30569635786000005
121500000	121549999	0.6968754342800001	0.99673133554	-0.29985590125999995
121550000	121599999	0.7265057721600001	0.99673133554	-0.2702255633799999
121600000	121649999	0.7588673480800001	0.99673133554	-0.23786398745999993
121650000	121699999	0.7773840598200001	0.99673133554	-0.2193472757199999
121700000	121749999	0.77192559266	0.99673133554	-0.22480574288
121750000	121799999	0.7332432706600001	0.99673133554	-0.26348806488
121800000	121849999	0.69412947174	0.99673133554	-0.3026018638000001
121850000	121899999	0.6696198028	0.99673133554	-0.32711153274000004
121900000	121949999	0.6400351306800001	0.99673133554	-0.35669620486
121950000	121999999	0.6289589888	0.99673133554	-0.36777234674000003
122000000	122049999	0.62117245578	0.99673133554	-0.37555887976
122050000	122099999	0.6844163735000001	0.99673133554	-0.31231496204
122100000	122149999	0.67998808806	0.99673133554	-0.31674324748000005
122150000	122199999	0.6913660301400001	0.99673133554	-0.30536530539999995
122200000	122249999	0.7036902665200001	0.99673133554	-0.29304106901999993
122250000	122299999	0.6671918665200001	0.99673133554	-0.32953946902
122300000	122349999	0.6257061218000001	0.99673133554	-0.37102521373999997
122350000	122399999	0.61030923886	0.99673133554	-0.38642209668000005
122400000	122449999	0.6430704727200001	0.99673133554	-0.35366086282
122450000	122499999	0.6385183876	0.99673133554	-0.35821294794
122500000	122549999	0.66439226034	0.99673133554	-0.33233907520000006
122550000	122599999	0.68263398674	0.99673133554	-0.31409734880000006
122600000	122649999	0.72604690962	0.99673133554	-0.2706844259200001
122650000	122699999	0.7136624929200001	0.99673133554	-0.28306884262
122700000	122749999	0.7076149181	0.99673133554	-0.28911641744000005
122750000	122799999	0.75069267006	0.99673133554	-0.24603866548000008
122800000	122849999	0.75757308914	0.99673133554	-0.23915824640000005
122850000	122899999	0.73892311506	0.99673133554	-0.25780822048000007
122900000	122949999	0.7569691981800001	0.99673133554	-0.23976213735999996
122950000	122999999	0.79632656706	0.99673133554	-0.20040476848
123000000	123049999	0.81234964742	0.99673133554	-0.18438168812
123050000	123099999	0.86271475456	0.99673133554	-0.13401658098000002
123100000	123149999	0.9338741688600001	0.99673133554	-0.06285716667999997
123150000	123199999	0.9496469042200001	0.99673133554	-0.04708443131999995
123200000	123249999	0.9982183908600001	0.99673133554	0.0014870553200000414
123250000	123299999	1.10392186722	0.99673133554	0.10719053167999992
123300000	123349999	1.2075931878600001	0.99673133554	0.2108618523200001
123350000	123399999	1.2217635390800001	0.99673133554	0.2250322035400001
123400000	123449999	1.2862723633400002	0.99673133554	0.28954102780000013
123450000	123499999	1.62165625614	0.99673133554	0.6249249206
123500000	123549999	1.8587890771	0.99673133554	0.8620577415599999
123550000	123599999	1.96218405434	0.99673133554	0.9654527187999999
123600000	123649999	1.9906296465200004	0.99673133554	0.9938983109800004
123650000	123699999	2.06445652242	0.99673133554	1.06772518688
123700000	123749999	1.8074404449400001	0.99673133554	0.8107091094000001
123750000	123799999	1.66850426222	0.99673133554	0.6717729266799999
123800000	123849999	1.55657504914	0.99673133554	0.5598437136000001
123850000	123899999	1.54408859634	0.99673133554	0.5473572607999999
123900000	123949999	1.45794460358	0.99673133554	0.46121326804000007
123950000	123999999	1.39643424264	0.99673133554	0.3997029071
124000000	124049999	1.34220359972	0.99673133554	0.3454722641799999
124050000	124099999	1.31123777642	0.99673133554	0.31450644088
124100000	124149999	1.28216729656	0.99673133554	0.2854359610199999
124150000	124199999	1.23789128064	0.99673133554	0.24115994509999994
124200000	124249999	1.23128617452	0.99673133554	0.23455483898000007
124250000	124299999	1.09494714468	0.99673133554	0.09821580914000005
124300000	124349999	1.02292505474	0.99673133554	0.02619371919999991
124350000	124399999	0.9922809448400001	0.99673133554	-0.004450390699999973
124400000	124449999	0.97128927062	0.99673133554	-0.025442064920000007
124450000	124499999	0.91799382836	0.99673133554	-0.07873750718000005
124500000	124549999	0.93859643854	0.99673133554	-0.058134897000000074
124550000	124599999	0.95351486626	0.99673133554	-0.04321646928
124600000	124649999	0.94123430594	0.99673133554	-0.055497029600000025
124650000	124699999	0.9966584597	0.99673133554	-7.287584000004177e-05
124700000	124749999	1.04810491296	0.99673133554	0.05137357741999993
124750000	124799999	1.0396713945	0.99673133554	0.04294005895999997
124800000	124849999	1.08237918924	0.99673133554	0.08564785370000005
124850000	124899999	1.12378591938	0.99673133554	0.1270545838399999
124900000	124949999	1.1804992609	0.99673133554	0.18376792535999997
124950000	124999999	1.18735764072	0.99673133554	0.1906263051799999
125000000	125049999	1.2089986545	0.99673133554	0.21226731895999995
125050000	125099999	1.20139781658	0.99673133554	0.20466648104000007
125100000	125149999	1.21314412924	0.99673133554	0.2164127937
125150000	125199999	1.1576851161600001	0.99673133554	0.1609537806200001
125200000	125249999	1.24971255922	0.99673133554	0.25298122368
125250000	125299999	1.26112229192	0.99673133554	0.26439095638
125300000	125349999	1.25566425284	0.99673133554	0.2589329172999999
125350000	125399999	1.2657750062600002	0.99673133554	0.2690436707200001
125400000	125449999	1.2556910379200001	0.99673133554	0.2589597023800001
125450000	125499999	1.1720820006800001	0.99673133554	0.17535066514000008
125500000	125549999	1.15363978518	0.99673133554	0.15690844963999995
125550000	125599999	1.1711860509	0.99673133554	0.17445471536
125600000	125649999	1.18914151222	0.99673133554	0.19241017667999993
125650000	125699999	1.32827916134	0.99673133554	0.3315478258
125700000	125749999	1.38789135788	0.99673133554	0.39116002234
125750000	125799999	1.40403206554	0.99673133554	0.40730073
125800000	125849999	1.5600631107	0.99673133554	0.56333177516
125850000	125899999	1.5864676868	0.99673133554	0.58973635126
125900000	125949999	1.4702401909000002	0.99673133554	0.4735088553600002
125950000	125999999	1.4284596753	0.99673133554	0.43172833976
126000000	126049999	1.4943400632600001	0.99673133554	0.4976087277200001
126050000	126099999	1.30695434778	0.99673133554	0.31022301224000004
126100000	126149999	1.2247561164	0.99673133554	0.22802478086
126150000	126199999	1.2574975665	0.99673133554	0.26076623096000007
126200000	126249999	1.22681427402	0.99673133554	0.23008293848000005
126250000	126299999	1.17035243178	0.99673133554	0.17362109624
126300000	126349999	1.22429703206	0.99673133554	0.22756569651999992
126350000	126399999	1.27292944924	0.99673133554	0.2761981137
126400000	126449999	1.32330998462	0.99673133554	0.32657864908
126450000	126499999	1.5011238326799998	0.99673133554	0.5043924971399998
126500000	126549999	1.5996359457799998	0.99673133554	0.6029046102399997
126550000	126599999	1.52881449836	0.99673133554	0.53208316282
126600000	126649999	1.42947422656	0.99673133554	0.43274289101999996
126650000	126699999	1.2758438664	0.99673133554	0.27911253086
126700000	126749999	1.07026312244	0.99673133554	0.07353178690000006
126750000	126799999	0.94131341002	0.99673133554	-0.05541792552000002
126800000	126849999	0.9964497062200001	0.99673133554	-0.0002816293199999764
126850000	126899999	1.05352610272	0.99673133554	0.05679476717999998
126900000	126949999	1.1070743233	0.99673133554	0.11034298775999996
126950000	126999999	1.16290141886	0.99673133554	0.16617008331999994
127000000	127049999	1.1616418704	0.99673133554	0.16491053485999996
127050000	127099999	1.1368695370000002	0.99673133554	0.1401382014600001
127100000	127149999	1.1177818858800002	0.99673133554	0.12105055034000012
127150000	127199999	1.0804370681600002	0.99673133554	0.08370573262000014
127200000	127249999	1.11641276234	0.99673133554	0.11968142679999993
127250000	127299999	1.17212796766	0.99673133554	0.17539663212
127300000	127349999	1.26966114224	0.99673133554	0.2729298066999999
127350000	127399999	1.38591212356	0.99673133554	0.38918078802
127400000	127449999	1.43268130354	0.99673133554	0.43594996799999985
127450000	127499999	1.3571812624600001	0.99673133554	0.3604499269200001
127500000	127549999	1.31536453318	0.99673133554	0.31863319763999987
127550000	127599999	1.2188484052400002	0.99673133554	0.2221170697000001
127600000	127649999	1.16587117542	0.99673133554	0.16913983987999992
127650000	127699999	1.20330779014	0.99673133554	0.20657645459999996
127700000	127749999	1.2639055048	0.99673133554	0.26717416926000004
127750000	127799999	1.2763413891000002	0.99673133554	0.2796100535600001
127800000	127849999	1.2912922201800001	0.99673133554	0.2945608846400001
127850000	127899999	1.25399072528	0.99673133554	0.25725938973999996
127900000	127949999	1.2250519646	0.99673133554	0.22832062905999995
127950000	127999999	1.19013090902	0.99673133554	0.19339957348000003
128000000	128049999	1.17288744606	0.99673133554	0.17615611052000002
128050000	128099999	1.11967399106	0.99673133554	0.12294265551999994
128100000	128149999	1.08290827646	0.99673133554	0.08617694091999994
128150000	128199999	1.1177417977	0.99673133554	0.12101046215999989
128200000	128249999	1.11778798394	0.99673133554	0.12105664839999997
128250000	128299999	1.10798064982	0.99673133554	0.11124931427999996
128300000	128349999	1.189617105	0.99673133554	0.1928857694599999
128350000	128399999	1.22190456564	0.99673133554	0.2251732301
128400000	128449999	1.13717784448	0.99673133554	0.14044650894
128450000	128499999	1.1960313934	0.99673133554	0.19930005785999994
128500000	128549999	1.29766482926	0.99673133554	0.3009334937199999
128550000	128599999	1.30947817922	0.99673133554	0.31274684368000005
128600000	128649999	1.24775981854	0.99673133554	0.251028483
128650000	128699999	1.2385740548200002	0.99673133554	0.24184271928000012
128700000	128749999	1.08789115656	0.99673133554	0.09115982101999998
128750000	128799999	0.93982671342	0.99673133554	-0.056904622120000026
128800000	128849999	0.81157119464	0.99673133554	-0.1851601409
128850000	128899999	0.8123943426	0.99673133554	-0.18433699294000006
128900000	128949999	0.86492944108	0.99673133554	-0.13180189446
128950000	128999999	0.8866440746400001	0.99673133554	-0.11008726089999998
129000000	129049999	0.90306555982	0.99673133554	-0.09366577572000001
129050000	129099999	0.95892996772	0.99673133554	-0.03780136781999999
129100000	129149999	1.0621373898400002	0.99673133554	0.06540605430000013
129150000	129199999	0.97795971258	0.99673133554	-0.018771622960000012
129200000	129249999	0.97823859706	0.99673133554	-0.018492738479999993
129250000	129299999	0.9712686006800001	0.99673133554	-0.025462734859999947
129300000	129349999	0.9281492596	0.99673133554	-0.06858207593999999
129350000	129399999	0.8038931294	0.99673133554	-0.19283820614000002
129400000	129449999	0.8583767889	0.99673133554	-0.13835454664000002
129450000	129499999	0.9267582037400001	0.99673133554	-0.06997313179999998
129500000	129549999	0.9564996912	0.99673133554	-0.04023164434000004
129550000	129599999	0.9872131067000001	0.99673133554	-0.009518228839999976
129600000	129649999	1.06933360224	0.99673133554	0.07260226669999992
129650000	129699999	1.05640115496	0.99673133554	0.05966981942000005
129700000	129749999	1.03675334002	0.99673133554	0.04002200447999993
129750000	129799999	1.08140441018	0.99673133554	0.08467307463999996
129800000	129849999	1.0865349690600001	0.99673133554	0.08980363352000009
129850000	129899999	1.11252158204	0.99673133554	0.11579024650000003
129900000	129949999	1.20718512166	0.99673133554	0.21045378611999999
129950000	129999999	1.25290772306	0.99673133554	0.25617638752000005
130000000	130049999	1.22910176566	0.99673133554	0.23237043012000003
130050000	130099999	1.2345060905	0.99673133554	0.23777475496
130100000	130149999	1.20280652304	0.99673133554	0.20607518749999998
130150000	130199999	1.12188941742	0.99673133554	0.12515808188
130200000	130249999	1.08360884782	0.99673133554	0.08687751228000007
130250000	130299999	1.1025232676	0.99673133554	0.10579193206000004
130300000	130349999	1.12058588714	0.99673133554	0.12385455160000003
130350000	130399999	1.11858721856	0.99673133554	0.12185588302000006
130400000	130449999	1.13225248412	0.99673133554	0.13552114857999986
130450000	130499999	1.105749475	0.99673133554	0.10901813946000005
130500000	130549999	1.0681681986	0.99673133554	0.07143686305999997
130550000	130599999	1.06594445482	0.99673133554	0.06921311928000007
130600000	130649999	1.0840490268	0.99673133554	0.08731769126
130650000	130699999	1.08655376696	0.99673133554	0.08982243142000002
130700000	130749999	1.17130191074	0.99673133554	0.17457057519999997
130750000	130799999	1.2063611476	0.99673133554	0.20962981205999998
130800000	130849999	1.3942757916000001	0.99673133554	0.3975444560600001
130850000	130899999	1.6220089284800001	0.99673133554	0.6252775929400001
130900000	130949999	1.8257525730000002	0.99673133554	0.8290212374600001
130950000	130999999	2.0389991917000003	0.99673133554	1.0422678561600003
131000000	131049999	2.03476676454	0.99673133554	1.038035429
131050000	131099999	1.8242075079400002	0.99673133554	0.8274761724000002
131100000	131149999	1.5714476122	0.99673133554	0.57471627666
131150000	131199999	1.37442856122	0.99673133554	0.37769722567999997
131200000	131249999	1.13081354418	0.99673133554	0.13408220863999998
131250000	131299999	1.10980493282	0.99673133554	0.11307359727999988
131300000	131349999	1.25335014394	0.99673133554	0.25661880840000006
131350000	131399999	1.2625505718599999	0.99673133554	0.2658192363199998
131400000	131449999	1.24654729348	0.99673133554	0.2498159579399999
131450000	131499999	1.23279759318	0.99673133554	0.2360662576399999
131500000	131549999	1.26639752002	0.99673133554	0.2696661844799999
131550000	131599999	1.12507960958	0.99673133554	0.12834827403999993
131600000	131649999	1.12659097036	0.99673133554	0.12985963482000007
131650000	131699999	1.09893742924	0.99673133554	0.1022060937
131700000	131749999	1.07512553824	0.99673133554	0.07839420269999997
131750000	131799999	1.0295728664000001	0.99673133554	0.03284153086000008
131800000	131849999	1.0447684977	0.99673133554	0.04803716215999998
131850000	131899999	1.03596170212	0.99673133554	0.03923036658000001
131900000	131949999	1.06439155518	0.99673133554	0.06766021964000002
131950000	131999999	1.02755648982	0.99673133554	0.03082515427999999
132000000	132049999	1.00308040096	0.99673133554	0.006349065420000022
132050000	132099999	0.9981953092200001	0.99673133554	0.0014639736800000636
132100000	132149999	1.0036030755	0.99673133554	0.006871739960000012
132150000	132199999	0.99644171538	0.99673133554	-0.0002896201600000037
132200000	132249999	1.03965400882	0.99673133554	0.04292267327999988
132250000	132299999	1.09080811612	0.99673133554	0.09407678058000002
132300000	132349999	1.11557673882	0.99673133554	0.11884540327999993
132350000	132399999	1.22887483766	0.99673133554	0.23214350212
132400000	132449999	1.4108656247	0.99673133554	0.41413428915999995
132450000	132499999	1.51309824158	0.99673133554	0.51636690604
132500000	132549999	1.58746876136	0.99673133554	0.59073742582
132550000	132599999	1.61204815182	0.99673133554	0.61531681628
132600000	132649999	1.5333328213200001	0.99673133554	0.5366014857800001
132650000	132699999	1.37815423206	0.99673133554	0.38142289651999994
132700000	132749999	1.2875116046800001	0.99673133554	0.2907802691400001
132750000	132799999	1.20857085422	0.99673133554	0.21183951867999995
132800000	132849999	1.1478441792	0.99673133554	0.15111284366
132850000	132899999	1.08327528966	0.99673133554	0.08654395411999993
132900000	132949999	1.0454967370000001	0.99673133554	0.04876540146000008
132950000	132999999	1.0187887161	0.99673133554	0.02205738055999995
133000000	133049999	0.99565828016	0.99673133554	-0.0010730553800000209
133050000	133099999	0.98246660764	0.99673133554	-0.014264727899999996
133100000	133149999	1.12973499062	0.99673133554	0.13300365508
133150000	133199999	1.12533433716	0.99673133554	0.12860300161999993
133200000	133249999	1.1439959655	0.99673133554	0.14726462996
133250000	133299999	1.1420808823200002	0.99673133554	0.14534954678000012
133300000	133349999	1.1703396156	0.99673133554	0.17360828006000006
133350000	133399999	1.07942237822	0.99673133554	0.08269104268000005
133400000	133449999	1.06999010176	0.99673133554	0.07325876621999994
133450000	133499999	1.07845467172	0.99673133554	0.08172333618000005
133500000	133549999	2.22781562516	0.99673133554	1.2310842896199998
133550000	133599999	3.51918804634	0.99673133554	2.5224567108000002
133600000	133649999	4.834369399880001	0.99673133554	3.837638064340001
133650000	133699999	5.96850554908	0.99673133554	4.97177421354
133700000	133749999	6.93845893244	0.99673133554	5.9417275969
133750000	133799999	6.88838979924	0.99673133554	5.8916584637
133800000	133849999	6.6096059581999995	0.99673133554	5.61287462266
133850000	133899999	6.580323420399999	0.99673133554	5.583592084859999
133900000	133949999	6.84958872238	0.99673133554	5.85285738684
133950000	133999999	6.9108662911200005	0.99673133554	5.914134955580001
134000000	134049999	6.45341943542	0.99673133554	5.45668809988
134050000	134099999	5.4957710027	0.99673133554	4.49903966716
134100000	134149999	4.2474875915200005	0.99673133554	3.2507562559800007
134150000	134199999	2.83688603642	0.99673133554	1.84015470088
134200000	134249999	1.7900421782399998	0.99673133554	0.7933108426999997
134250000	134299999	1.14630998294	0.99673133554	0.14957864740000004
134300000	134349999	1.0467801994	0.99673133554	0.05004886386000007
134350000	134399999	0.9631248656200001	0.99673133554	-0.03360646991999994
134400000	134449999	1.00860357866	0.99673133554	0.011872243120000014
134450000	134499999	1.02399327256	0.99673133554	0.027261937020000016
134500000	134549999	1.02085991796	0.99673133554	0.024128582419999933
134550000	134599999	1.02872635678	0.99673133554	0.03199502123999998
134600000	134649999	1.04185910888	0.99673133554	0.045127773339999955
134650000	134699999	0.99635456288	0.99673133554	-0.0003767726600000243
134700000	134749999	1.01929153566	0.99673133554	0.02256020012000004
134750000	134799999	1.11694544582	0.99673133554	0.12021411028000006
134800000	134849999	1.1382011326800001	0.99673133554	0.14146979714000008
134850000	134899999	1.13011299152	0.99673133554	0.13338165598000007
134900000	134949999	1.15121599994	0.99673133554	0.15448466439999997
134950000	134999999	1.05599721196	0.99673133554	0.05926587642000003
135000000	135049999	0.94082246804	0.99673133554	-0.055908867500000015
135050000	135099999	0.9561618013800001	0.99673133554	-0.040569534159999976
135100000	135149999	0.9622032920600001	0.99673133554	-0.03452804347999994
135150000	135199999	0.9455238573000001	0.99673133554	-0.05120747823999994
135200000	135249999	0.98305977036	0.99673133554	-0.013671565180000012
135250000	135299999	1.00333192426	0.99673133554	0.006600588720000022
135300000	135349999	0.92895148648	0.99673133554	-0.06777984906000001
135350000	135399999	0.9043435539	0.99673133554	-0.09238778164000006
135400000	135449999	0.96362390818	0.99673133554	-0.03310742736000005
135450000	135499999	1.00313846002	0.99673133554	0.006407124479999915
135500000	135549999	1.01318435696	0.99673133554	0.016453021420000047
135550000	135599999	1.05153402254	0.99673133554	0.05480268700000002
135600000	135649999	1.07252057636	0.99673133554	0.07578924082000005
135650000	135699999	1.07005302198	0.99673133554	0.07332168643999992
135700000	135749999	1.0603969517	0.99673133554	0.06366561616
135750000	135799999	1.06757738348	0.99673133554	0.07084604793999993
135800000	135849999	1.05056876236	0.99673133554	0.05383742681999992
135850000	135899999	1.01387425872	0.99673133554	0.01714292317999999
135900000	135949999	1.0173047291400001	0.99673133554	0.0205733936000001
135950000	135999999	0.9683541241400001	0.99673133554	-0.028377211399999935
136000000	136049999	0.9227780065800001	0.99673133554	-0.07395332895999995
136050000	136099999	0.9272730339	0.99673133554	-0.06945830164
136100000	136149999	0.9546463164200001	0.99673133554	-0.042085019119999956
136150000	136199999	0.8873592984600001	0.99673133554	-0.10937203707999998
136200000	136249999	0.9193229946	0.99673133554	-0.07740834094000004
136250000	136299999	0.92707723966	0.99673133554	-0.06965409588000004
136300000	136349999	0.8283641014	0.99673133554	-0.16836723414
136350000	136399999	0.77848705886	0.99673133554	-0.21824427668000002
136400000	136449999	0.78947136998	0.99673133554	-0.20725996556000004
136450000	136499999	0.74008553478	0.99673133554	-0.25664580076
136500000	136549999	0.71665488744	0.99673133554	-0.2800764481
136550000	136599999	0.82599956212	0.99673133554	-0.17073177342
136600000	136649999	0.8985491049800001	0.99673133554	-0.09818223055999997
136650000	136699999	0.8936633367200001	0.99673133554	-0.10306799881999995
136700000	136749999	0.89456182634	0.99673133554	-0.10216950920000001
136750000	136799999	0.8871925208	0.99673133554	-0.10953881474000005
136800000	136849999	0.85436192358	0.99673133554	-0.14236941196000008
136850000	136899999	0.81303562446	0.99673133554	-0.18369571108000005
136900000	136949999	0.7800826788	0.99673133554	-0.21664865674
136950000	136999999	0.9141650859	0.99673133554	-0.08256624964000003
137000000	137049999	0.93382288702	0.99673133554	-0.06290844852
137050000	137099999	0.92967517528	0.99673133554	-0.06705616026000005
137100000	137149999	0.96503419704	0.99673133554	-0.0316971385
137150000	137199999	1.05087049796	0.99673133554	0.05413916242000005
137200000	137249999	0.93389412238	0.99673133554	-0.06283721316000002
137250000	137299999	0.9039467642200001	0.99673133554	-0.09278457131999995
137300000	137349999	0.87795261534	0.99673133554	-0.11877872020000002
137350000	137399999	0.78704584296	0.99673133554	-0.20968549258000002
137400000	137449999	0.67118848022	0.99673133554	-0.32554285532000005
137450000	137499999	0.6665367078	0.99673133554	-0.3301946277400001
137500000	137549999	0.67630288062	0.99673133554	-0.32042845492000005
137550000	137599999	0.68682234964	0.99673133554	-0.30990898590000004
137600000	137649999	0.72922940484	0.99673133554	-0.26750193070000006
137650000	137699999	0.7535484392	0.99673133554	-0.24318289634
137700000	137749999	0.7081586891	0.99673133554	-0.28857264644
137750000	137799999	0.7113839792400001	0.99673133554	-0.28534735629999997
137800000	137849999	0.7249889861400001	0.99673133554	-0.27174234939999997
137850000	137899999	0.71628014626	0.99673133554	-0.28045118928
137900000	137949999	0.7397148422400001	0.99673133554	-0.2570164933
137950000	137999999	0.76805347532	0.99673133554	-0.22867786022000003
138000000	138049999	0.77104824748	0.99673133554	-0.22568308806000004
138050000	138099999	0.75241743364	0.99673133554	-0.24431390190000002
138100000	138149999	0.7487084359	0.99673133554	-0.24802289964000002
138150000	138199999	0.7441731155200001	0.99673133554	-0.25255822001999995
138200000	138249999	0.7758807120600001	0.99673133554	-0.22085062347999995
138250000	138299999	0.81301581438	0.99673133554	-0.18371552116
138300000	138349999	0.83893479094	0.99673133554	-0.15779654460000003
138350000	138399999	0.87775405658	0.99673133554	-0.11897727895999999
138400000	138449999	0.8779571037	0.99673133554	-0.11877423184000002
138450000	138499999	0.85285340662	0.99673133554	-0.14387792892000006
138500000	138549999	0.8425532652600001	0.99673133554	-0.15417807027999997
138550000	138599999	0.89305975112	0.99673133554	-0.10367158442000002
138600000	138649999	0.8564198215400001	0.99673133554	-0.14031151399999997
138650000	138699999	0.8918285743800001	0.99673133554	-0.10490276115999997
138700000	138749999	0.91460370892	0.99673133554	-0.08212762662000006
138750000	138799999	0.93376283408	0.99673133554	-0.06296850145999999
138800000	138849999	0.8124470691400001	0.99673133554	-0.18428426639999995
138850000	138899999	0.83804134984	0.99673133554	-0.15868998570000004
138900000	138949999	0.8739971206	0.99673133554	-0.12273421494000003
138950000	138999999	0.86914569084	0.99673133554	-0.1275856447
139000000	139049999	0.89958198804	0.99673133554	-0.09714934750000004
139050000	139099999	1.0640101456	0.99673133554	0.06727881005999992
139100000	139149999	0.99357249024	0.99673133554	-0.0031588452999999905
139150000	139199999	0.9445676561	0.99673133554	-0.05216367944
139200000	139249999	0.9355953921800001	0.99673133554	-0.061135943359999945
139250000	139299999	0.8708101235800001	0.99673133554	-0.12592121195999995
139300000	139349999	0.8356680243200001	0.99673133554	-0.16106331121999995
139350000	139399999	0.8992890985800001	0.99673133554	-0.09744223695999998
139400000	139449999	0.91942471686	0.99673133554	-0.07730661868
139450000	139499999	0.97451692984	0.99673133554	-0.022214405699999995
139500000	139549999	1.00710896486	0.99673133554	0.01037762931999997
139550000	139599999	0.99527480022	0.99673133554	-0.0014565353200000075
139600000	139649999	0.9809760952200001	0.99673133554	-0.015755240319999975
139650000	139699999	0.9430749958200001	0.99673133554	-0.053656339719999946
139700000	139749999	0.88682557486	0.99673133554	-0.10990576068000002
139750000	139799999	0.89634600052	0.99673133554	-0.10038533502000002
139800000	139849999	0.94447292248	0.99673133554	-0.05225841306000001
139850000	139899999	0.95568232762	0.99673133554	-0.04104900791999999
139900000	139949999	0.95307038706	0.99673133554	-0.04366094848000002
139950000	139999999	1.0473833110000002	0.99673133554	0.05065197546000011
140000000	140049999	1.08759480538	0.99673133554	0.09086346983999993
140050000	140099999	0.9972658098000001	0.99673133554	0.000534474260000084
140100000	140149999	0.9787648324600001	0.99673133554	-0.017966503079999918
140150000	140199999	0.9319335908	0.99673133554	-0.06479774474
140200000	140249999	0.86094884638	0.99673133554	-0.13578248916000002
140250000	140299999	0.78543295946	0.99673133554	-0.21129837608000002
140300000	140349999	0.79079491638	0.99673133554	-0.20593641916000005
140350000	140399999	0.80900473884	0.99673133554	-0.18772659670000003
140400000	140449999	0.87805972568	0.99673133554	-0.11867160986000003
140450000	140499999	0.8689144981000001	0.99673133554	-0.12781683743999994
140500000	140549999	0.86957046704	0.99673133554	-0.12716086850000008
140550000	140599999	0.8609151135	0.99673133554	-0.13581622204
140600000	140649999	0.79814022848	0.99673133554	-0.19859110706000005
140650000	140699999	0.76828410466	0.99673133554	-0.22844723088000007
140700000	140749999	0.74568854586	0.99673133554	-0.25104278968000004
140750000	140799999	0.74611232848	0.99673133554	-0.25061900706000007
140800000	140849999	0.70327325758	0.99673133554	-0.29345807796
140850000	140899999	0.75157364684	0.99673133554	-0.2451576887
140900000	140949999	0.74714161438	0.99673133554	-0.24958972116
140950000	140999999	0.9042213732400001	0.99673133554	-0.09250996229999997
141000000	141049999	0.8600476008400001	0.99673133554	-0.13668373469999995
141050000	141099999	0.7431680163800001	0.99673133554	-0.25356331915999997
141100000	141149999	0.5889382818600001	0.99673133554	-0.40779305367999996
141150000	141199999	0.5510187965900001	0.99673133554	-0.44571253894999996
141200000	141249999	0.20600198790666668	0.99673133554	-0.7907293476333334
