start	end	obs	exp	var
0	49999	0.5526170769329004	0.5655800555238095	-0.012962978590909113
50000	99999	0.5333956407738095	0.5655800555238095	-0.03218441475
100000	149999	0.513356914985348	0.5655800555238095	-0.052223140538461554
150000	199999	0.48908316576666666	0.5655800555238095	-0.07649688975714286
200000	249999	0.46693275663714284	0.5655800555238095	-0.09864729888666668
250000	299999	0.44698983992380953	0.5655800555238095	-0.11859021559999999
300000	349999	0.4385862151355742	0.5655800555238095	-0.1269938403882353
350000	399999	0.4453931090793651	0.5655800555238095	-0.12018694644444444
400000	449999	0.4677828458869674	0.5655800555238095	-0.09779720963684213
450000	499999	0.4698915366288095	0.5655800555238095	-0.09568851889500002
500000	549999	0.47157472666190475	0.5655800555238095	-0.09400532886190477
550000	599999	0.4649089764	0.5655800555238095	-0.10067107912380951
600000	649999	0.42913121165714285	0.5655800555238095	-0.13644884386666667
650000	699999	0.4210335172095238	0.5655800555238095	-0.1445465383142857
700000	749999	0.4172227496285714	0.5655800555238095	-0.1483573058952381
750000	799999	0.383630110347619	0.5655800555238095	-0.1819499451761905
800000	849999	0.34753698600952376	0.5655800555238095	-0.21804306951428576
850000	899999	0.3348159200809524	0.5655800555238095	-0.23076413544285712
900000	949999	0.3343202355857143	0.5655800555238095	-0.23125981993809525
950000	999999	0.33813055066666664	0.5655800555238095	-0.22744950485714288
1000000	1049999	0.32370554729523804	0.5655800555238095	-0.24187450822857148
1050000	1099999	0.3222476837619047	0.5655800555238095	-0.2433323717619048
1100000	1149999	0.315993302347619	0.5655800555238095	-0.2495867531761905
1150000	1199999	0.3131609437142857	0.5655800555238095	-0.2524191118095238
1200000	1249999	0.30838657230952377	0.5655800555238095	-0.25719348321428576
1250000	1299999	0.31303821086666667	0.5655800555238095	-0.25254184465714286
1300000	1349999	0.31471165147142854	0.5655800555238095	-0.250868404052381
1350000	1399999	0.319704654447619	0.5655800555238095	-0.24587540107619055
1400000	1449999	0.31427057684285714	0.5655800555238095	-0.2513094786809524
1450000	1499999	0.29144840183809523	0.5655800555238095	-0.2741316536857143
1500000	1549999	0.2851769948714286	0.5655800555238095	-0.2804030606523809
1550000	1599999	0.27342963951904764	0.5655800555238095	-0.2921504160047619
1600000	1649999	0.2655329235476191	0.5655800555238095	-0.30004713197619043
1650000	1699999	0.2602405665619048	0.5655800555238095	-0.3053394889619047
1700000	1749999	0.2600798082952381	0.5655800555238095	-0.30550024722857144
1750000	1799999	0.2560095766571428	0.5655800555238095	-0.3095704788666667
1800000	1849999	0.2685504992809524	0.5655800555238095	-0.2970295562428571
1850000	1899999	0.28388438633809526	0.5655800555238095	-0.28169566918571426
1900000	1949999	0.2874312901047619	0.5655800555238095	-0.2781487654190476
1950000	1999999	0.3022353996619047	0.5655800555238095	-0.2633446558619048
2000000	2049999	0.3055650143952381	0.5655800555238095	-0.26001504112857143
2050000	2099999	0.3135555156809523	0.5655800555238095	-0.2520245398428572
2100000	2149999	0.33002081744285716	0.5655800555238095	-0.23555923808095236
2150000	2199999	0.34129815326190477	0.5655800555238095	-0.22428190226190475
2200000	2249999	0.35894908807142856	0.5655800555238095	-0.20663096745238096
2250000	2299999	0.37541712736190475	0.5655800555238095	-0.19016292816190478
2300000	2349999	0.38348650464285716	0.5655800555238095	-0.18209355088095236
2350000	2399999	0.39761913113333336	0.5655800555238095	-0.16796092439047616
2400000	2449999	0.3984906255047619	0.5655800555238095	-0.16708943001904764
2450000	2499999	0.39728211079047615	0.5655800555238095	-0.16829794473333337
2500000	2549999	0.39740454310000006	0.5655800555238095	-0.16817551242380946
2550000	2599999	0.4045011782857143	0.5655800555238095	-0.16107887723809522
2600000	2649999	0.4085137848285715	0.5655800555238095	-0.15706627069523804
2650000	2699999	0.41439141264285717	0.5655800555238095	-0.15118864288095235
2700000	2749999	0.41692163156666673	0.5655800555238095	-0.1486584239571428
2750000	2799999	0.41709167914285716	0.5655800555238095	-0.14848837638095236
2800000	2849999	0.4261638881047619	0.5655800555238095	-0.1394161674190476
2850000	2899999	0.4222402093190476	0.5655800555238095	-0.14333984620476192
2900000	2949999	0.4217392179809524	0.5655800555238095	-0.14384083754285715
2950000	2999999	0.43132635288095234	0.5655800555238095	-0.1342537026428572
3000000	3049999	0.4345098769238095	0.5655800555238095	-0.13107017860000003
3050000	3099999	0.44082115421904766	0.5655800555238095	-0.12475890130476186
3100000	3149999	0.4510075423714286	0.5655800555238095	-0.11457251315238093
3150000	3199999	0.46027523345238097	0.5655800555238095	-0.10530482207142855
3200000	3249999	0.4678839274142857	0.5655800555238095	-0.09769612810952383
3250000	3299999	0.46794139145714286	0.5655800555238095	-0.09763866406666666
3300000	3349999	0.48866470501904763	0.5655800555238095	-0.07691535050476189
3350000	3399999	0.5154282037761905	0.5655800555238095	-0.05015185174761905
3400000	3449999	0.5334602505619047	0.5655800555238095	-0.03211980496190481
3450000	3499999	0.5444708567333333	0.5655800555238095	-0.021109198790476236
3500000	3549999	0.5600764443380952	0.5655800555238095	-0.005503611185714297
3550000	3599999	0.578618437952381	0.5655800555238095	0.013038382428571471
3600000	3649999	0.5844047900809524	0.5655800555238095	0.01882473455714284
3650000	3699999	0.5981592141047619	0.5655800555238095	0.032579158580952394
3700000	3749999	0.6016537738428571	0.5655800555238095	0.0360737183190476
3750000	3799999	0.6121609842428571	0.5655800555238095	0.04658092871904762
3800000	3849999	0.6177219295857143	0.5655800555238095	0.052141874061904736
3850000	3899999	0.6150333146333333	0.5655800555238095	0.049453259109523806
3900000	3949999	0.6478722036380953	0.5655800555238095	0.08229214811428576
3950000	3999999	0.6698943404571429	0.5655800555238095	0.10431428493333339
4000000	4049999	0.6882532630285714	0.5655800555238095	0.12267320750476185
4050000	4099999	0.6983244269476191	0.5655800555238095	0.13274437142380957
4100000	4149999	0.717416054	0.5655800555238095	0.15183599847619045
4150000	4199999	0.7339715059857144	0.5655800555238095	0.16839145046190485
4200000	4249999	0.7539284588666667	0.5655800555238095	0.18834840334285718
4250000	4299999	0.7756508623619047	0.5655800555238095	0.2100708068380952
4300000	4349999	0.7972424512952381	0.5655800555238095	0.23166239577142855
4350000	4399999	0.7866659600095238	0.5655800555238095	0.2210859044857143
4400000	4449999	0.7959810379333333	0.5655800555238095	0.23040098240952378
4450000	4499999	0.7868531265904762	0.5655800555238095	0.22127307106666672
4500000	4549999	0.7858220013333334	0.5655800555238095	0.22024194580952383
4550000	4599999	0.776000388	0.5655800555238095	0.21042033247619052
4600000	4649999	0.7784625754714286	0.5655800555238095	0.2128825199476191
4650000	4699999	0.7892838291238096	0.5655800555238095	0.22370377360000004
4700000	4749999	0.797180415695238	0.5655800555238095	0.2316003601714285
4750000	4799999	0.8066443726857143	0.5655800555238095	0.2410643171619048
4800000	4849999	0.813201282495238	0.5655800555238095	0.24762122697142852
4850000	4899999	0.8174311818142856	0.5655800555238095	0.2518511262904761
4900000	4949999	0.8308808932095237	0.5655800555238095	0.2653008376857142
4950000	4999999	0.8565278903095238	0.5655800555238095	0.2909478347857143
5000000	5049999	0.8493320117285714	0.5655800555238095	0.2837519562047619
5050000	5099999	0.8539704175428572	0.5655800555238095	0.28839036201904766
5100000	5149999	0.8534269527714287	0.5655800555238095	0.28784689724761914
5150000	5199999	0.8453684917380953	0.5655800555238095	0.27978843621428573
5200000	5249999	0.8536408412190477	0.5655800555238095	0.2880607856952382
5250000	5299999	0.8435628024523809	0.5655800555238095	0.2779827469285714
5300000	5349999	0.8425816529285715	0.5655800555238095	0.27700159740476193
5350000	5399999	0.8257684296904761	0.5655800555238095	0.2601883741666666
5400000	5449999	0.8238659947	0.5655800555238095	0.25828593917619047
5450000	5499999	0.801662821652381	0.5655800555238095	0.2360827661285715
5500000	5549999	0.8051094206476191	0.5655800555238095	0.23952936512380962
5550000	5599999	0.8026833317761904	0.5655800555238095	0.23710327625238092
5600000	5649999	0.8182777952380953	0.5655800555238095	0.2526977397142858
5650000	5699999	0.8067278235428572	0.5655800555238095	0.2411477680190477
5700000	5749999	0.7923668131619048	0.5655800555238095	0.2267867576380953
5750000	5799999	0.7745688936571429	0.5655800555238095	0.20898883813333335
5800000	5849999	0.7731323308190476	0.5655800555238095	0.20755227529523812
5850000	5899999	0.7633761663952381	0.5655800555238095	0.19779611087142857
5900000	5949999	0.7499061857571429	0.5655800555238095	0.18432613023333333
5950000	5999999	0.7469425671714286	0.5655800555238095	0.18136251164761907
6000000	6049999	0.7071748142857143	0.5655800555238095	0.14159475876190475
6050000	6099999	0.7069627957952381	0.5655800555238095	0.1413827402714286
6100000	6149999	0.7024304068761904	0.5655800555238095	0.13685035135238088
6150000	6199999	0.6940982944047619	0.5655800555238095	0.12851823888095237
6200000	6249999	0.6971702429047619	0.5655800555238095	0.1315901873809524
6250000	6299999	0.6720363882333333	0.5655800555238095	0.10645633270952382
6300000	6349999	0.6471194552095239	0.5655800555238095	0.08153939968571433
6350000	6399999	0.6313688906428572	0.5655800555238095	0.06578883511904765
6400000	6449999	0.6275919338333333	0.5655800555238095	0.062011878309523816
6450000	6499999	0.637549515095238	0.5655800555238095	0.07196945957142853
6500000	6549999	0.6386032694238095	0.5655800555238095	0.0730232139
6550000	6599999	0.6385897948285715	0.5655800555238095	0.07300973930476196
6600000	6649999	0.6358861057285714	0.5655800555238095	0.07030605020476188
6650000	6699999	0.6290030531238096	0.5655800555238095	0.06342299760000003
6700000	6749999	0.6291455330809523	0.5655800555238095	0.06356547755714281
6750000	6799999	0.6364652782095238	0.5655800555238095	0.07088522268571429
6800000	6849999	0.644746717595238	0.5655800555238095	0.07916666207142853
6850000	6899999	0.6439605702285714	0.5655800555238095	0.07838051470476193
6900000	6949999	0.6410491779714286	0.5655800555238095	0.07546912244761905
6950000	6999999	0.6520200305857142	0.5655800555238095	0.0864399750619047
7000000	7049999	0.6446886496380952	0.5655800555238095	0.07910859411428572
7050000	7099999	0.6310718603523809	0.5655800555238095	0.06549180482857142
7100000	7149999	0.6151750866142857	0.5655800555238095	0.04959503109047614
7150000	7199999	0.6032027766761905	0.5655800555238095	0.03762272115238097
7200000	7249999	0.5967738572333333	0.5655800555238095	0.031193801709523794
7250000	7299999	0.5860627932	0.5655800555238095	0.020482737676190466
7300000	7349999	0.6044291376904762	0.5655800555238095	0.038849082166666715
7350000	7399999	0.622557333452381	0.5655800555238095	0.056977277928571435
7400000	7449999	0.6390429018571429	0.5655800555238095	0.07346284633333333
7450000	7499999	0.6477506606285715	0.5655800555238095	0.08217060510476193
7500000	7549999	0.6605550087809524	0.5655800555238095	0.09497495325714289
7550000	7599999	0.6409687951952381	0.5655800555238095	0.07538873967142856
7600000	7649999	0.6276885589285714	0.5655800555238095	0.06210850340476193
7650000	7699999	0.628641355652381	0.5655800555238095	0.06306130012857147
7700000	7749999	0.6151721392904762	0.5655800555238095	0.049592083766666684
7750000	7799999	0.6134358331619048	0.5655800555238095	0.04785577763809523
7800000	7849999	0.6008232191809524	0.5655800555238095	0.03524316365714286
7850000	7899999	0.5991955682333333	0.5655800555238095	0.03361551270952379
7900000	7949999	0.5874120874095238	0.5655800555238095	0.021832031885714254
7950000	7999999	0.5823135970857143	0.5655800555238095	0.016733541561904763
8000000	8049999	0.5702891529190476	0.5655800555238095	0.00470909739523806
8050000	8099999	0.5614643184095238	0.5655800555238095	-0.0041157371142857
8100000	8149999	0.5615955248904761	0.5655800555238095	-0.003984530633333372
8150000	8199999	0.5559537573619048	0.5655800555238095	-0.009626298161904745
8200000	8249999	0.5524169349333333	0.5655800555238095	-0.013163120590476196
8250000	8299999	0.5479567130857143	0.5655800555238095	-0.01762334243809527
8300000	8349999	0.5447610791571429	0.5655800555238095	-0.02081897636666663
8350000	8399999	0.5273632109809524	0.5655800555238095	-0.03821684454285712
8400000	8449999	0.5085314335190476	0.5655800555238095	-0.057048622004761906
8450000	8499999	0.4855687728095238	0.5655800555238095	-0.0800112827142857
8500000	8549999	0.46516770749523806	0.5655800555238095	-0.10041234802857146
8550000	8599999	0.43796629894761907	0.5655800555238095	-0.12761375657619045
8600000	8649999	0.4422428152047619	0.5655800555238095	-0.12333724031904764
8650000	8699999	0.4459635485142857	0.5655800555238095	-0.11961650700952381
8700000	8749999	0.4408924417857143	0.5655800555238095	-0.12468761373809523
8750000	8799999	0.44861468322380954	0.5655800555238095	-0.11696537229999998
8800000	8849999	0.4504043804380952	0.5655800555238095	-0.1151756750857143
8850000	8899999	0.45774574208095237	0.5655800555238095	-0.10783431344285715
8900000	8949999	0.44829162558095237	0.5655800555238095	-0.11728842994285715
8950000	8999999	0.4641220734952381	0.5655800555238095	-0.10145798202857143
9000000	9049999	0.46290259084761903	0.5655800555238095	-0.10267746467619049
9050000	9099999	0.45961408221904765	0.5655800555238095	-0.10596597330476187
9100000	9149999	0.4650461986619048	0.5655800555238095	-0.10053385686190475
9150000	9199999	0.4757147502619048	0.5655800555238095	-0.08986530526190473
9200000	9249999	0.48028928886666666	0.5655800555238095	-0.08529076665714286
9250000	9299999	0.49072671911904764	0.5655800555238095	-0.07485333640476188
9300000	9349999	0.5026717853714285	0.5655800555238095	-0.06290827015238099
9350000	9399999	0.5013357600809524	0.5655800555238095	-0.06424429544285715
9400000	9449999	0.5022032234571429	0.5655800555238095	-0.06337683206666667
9450000	9499999	0.5018495693142857	0.5655800555238095	-0.06373048620952382
9500000	9549999	0.49279360196666666	0.5655800555238095	-0.07278645355714286
9550000	9599999	0.49730809033333334	0.5655800555238095	-0.06827196519047618
9600000	9649999	0.4873596514904762	0.5655800555238095	-0.0782204040333333
9650000	9699999	0.48445369083333334	0.5655800555238095	-0.08112636469047618
9700000	9749999	0.47742948289047615	0.5655800555238095	-0.08815057263333337
9750000	9799999	0.47650186442380954	0.5655800555238095	-0.08907819109999998
9800000	9849999	0.45753474406666667	0.5655800555238095	-0.10804531145714286
9850000	9899999	0.45329332892857144	0.5655800555238095	-0.11228672659523808
9900000	9949999	0.4354757350095238	0.5655800555238095	-0.13010432051428572
9950000	9999999	0.43718708634285713	0.5655800555238095	-0.1283929691809524
10000000	10049999	0.4270798325809524	0.5655800555238095	-0.13850022294285713
10050000	10099999	0.41942362346190476	0.5655800555238095	-0.14615643206190476
10100000	10149999	0.41967068907142857	0.5655800555238095	-0.14590936645238095
10150000	10199999	0.4110036124190476	0.5655800555238095	-0.15457644310476193
10200000	10249999	0.39113000492380956	0.5655800555238095	-0.17445005059999996
10250000	10299999	0.38703304811428574	0.5655800555238095	-0.17854700740952378
10300000	10349999	0.3735638602809524	0.5655800555238095	-0.19201619524285712
10350000	10399999	0.37071795475238095	0.5655800555238095	-0.19486210077142857
10400000	10449999	0.373218190947619	0.5655800555238095	-0.19236186457619053
10450000	10499999	0.37052716350952386	0.5655800555238095	-0.19505289201428566
10500000	10549999	0.38087930566666667	0.5655800555238095	-0.18470074985714285
10550000	10599999	0.39517676441904764	0.5655800555238095	-0.17040329110476188
10600000	10649999	0.40450211197619046	0.5655800555238095	-0.16107794354761906
10650000	10699999	0.42266537826190476	0.5655800555238095	-0.14291467726190477
10700000	10749999	0.4457295409047619	0.5655800555238095	-0.11985051461904761
10750000	10799999	0.4618961435095238	0.5655800555238095	-0.10368391201428573
10800000	10849999	0.46931041476190477	0.5655800555238095	-0.09626964076190475
10850000	10899999	0.4868270498666667	0.5655800555238095	-0.07875300565714283
10900000	10949999	0.4902544557428572	0.5655800555238095	-0.07532559978095232
10950000	10999999	0.5078552868761905	0.5655800555238095	-0.057724768647618996
11000000	11049999	0.5337952667428572	0.5655800555238095	-0.03178478878095237
11050000	11099999	0.5932390388047619	0.5655800555238095	0.0276589832809524
11100000	11149999	0.6628233026238095	0.5655800555238095	0.09724324709999999
11150000	11199999	0.6869075014714285	0.5655800555238095	0.12132744594761902
11200000	11249999	0.7187454681952381	0.5655800555238095	0.15316541267142858
11250000	11299999	0.7365462863142858	0.5655800555238095	0.17096623079047624
11300000	11349999	0.7504542271761905	0.5655800555238095	0.18487417165238096
11350000	11399999	0.7622618672571428	0.5655800555238095	0.19668181173333332
11400000	11449999	0.7671920312809524	0.5655800555238095	0.20161197575714285
11450000	11499999	0.7761681009619048	0.5655800555238095	0.21058804543809528
11500000	11549999	0.8051221393190476	0.5655800555238095	0.23954208379523811
11550000	11599999	0.8148966196619047	0.5655800555238095	0.24931656413809522
11600000	11649999	0.8197302775523809	0.5655800555238095	0.2541502220285714
11650000	11699999	0.8227162751476189	0.5655800555238095	0.2571362196238094
11700000	11749999	0.8299034216952381	0.5655800555238095	0.2643233661714286
11750000	11799999	0.8259255299142857	0.5655800555238095	0.2603454743904762
11800000	11849999	0.8344832743952381	0.5655800555238095	0.26890321887142854
11850000	11899999	0.8312157469380952	0.5655800555238095	0.26563569141428567
11900000	11949999	0.8306494605857142	0.5655800555238095	0.2650694050619047
11950000	11999999	0.8303776819714286	0.5655800555238095	0.26479762644761906
12000000	12049999	0.8262783765761904	0.5655800555238095	0.2606983210523809
12050000	12099999	0.7980593852571428	0.5655800555238095	0.2324793297333333
12100000	12149999	0.7431708532476191	0.5655800555238095	0.1775907977238096
12150000	12199999	0.6854114847142857	0.5655800555238095	0.11983142919047618
12200000	12249999	0.6774811805809524	0.5655800555238095	0.11190112505714289
12250000	12299999	0.6600434101857142	0.5655800555238095	0.0944633546619047
12300000	12349999	0.6502306990904761	0.5655800555238095	0.08465064356666663
12350000	12399999	0.636908053452381	0.5655800555238095	0.07132799792857147
12400000	12449999	0.625488318704762	0.5655800555238095	0.05990826318095244
12450000	12499999	0.6271047576238096	0.5655800555238095	0.06152470210000005
12500000	12549999	0.6191015770380952	0.5655800555238095	0.053521521514285686
12550000	12599999	0.5985023285476191	0.5655800555238095	0.03292227302380957
12600000	12649999	0.5889237311476191	0.5655800555238095	0.023343675623809568
12650000	12699999	0.5907085105285714	0.5655800555238095	0.025128455004761907
12700000	12749999	0.5955731091428572	0.5655800555238095	0.029993053619047694
12750000	12799999	0.5869397694571429	0.5655800555238095	0.021359713933333357
12800000	12849999	0.5833949909571429	0.5655800555238095	0.017814935433333345
12850000	12899999	0.5661462644619047	0.5655800555238095	0.0005662089380952251
12900000	12949999	0.5809049092904762	0.5655800555238095	0.015324853766666702
12950000	12999999	0.5922856482285714	0.5655800555238095	0.026705592704761916
13000000	13049999	0.6010733892809524	0.5655800555238095	0.03549333375714292
13050000	13099999	0.6075636112238095	0.5655800555238095	0.04198355570000001
13100000	13149999	0.6373145273952381	0.5655800555238095	0.07173447187142856
13150000	13199999	0.6428740349238096	0.5655800555238095	0.07729397940000005
13200000	13249999	0.647638753652381	0.5655800555238095	0.08205869812857147
13250000	13299999	0.6442969146428572	0.5655800555238095	0.07871685911904769
13300000	13349999	0.6458310659666666	0.5655800555238095	0.0802510104428571
13350000	13399999	0.6531496066333333	0.5655800555238095	0.0875695511095238
13400000	13449999	0.659074490452381	0.5655800555238095	0.09349443492857146
13450000	13499999	0.6649279627571428	0.5655800555238095	0.09934790723333331
13500000	13549999	0.6557426586428572	0.5655800555238095	0.09016260311904767
13550000	13599999	0.6530839768952381	0.5655800555238095	0.0875039213714286
13600000	13649999	0.6503399137095238	0.5655800555238095	0.0847598581857143
13650000	13699999	0.6434871114904762	0.5655800555238095	0.0779070559666667
13700000	13749999	0.6330956940619048	0.5655800555238095	0.06751563853809528
13750000	13799999	0.6177263998571428	0.5655800555238095	0.05214634433333332
13800000	13849999	0.617519186047619	0.5655800555238095	0.051939130523809496
13850000	13899999	0.6054994080095238	0.5655800555238095	0.03991935248571432
13900000	13949999	0.6030475503095238	0.5655800555238095	0.03746749478571432
13950000	13999999	0.5899005809428571	0.5655800555238095	0.02432052541904761
14000000	14049999	0.576973579147619	0.5655800555238095	0.01139352362380952
14050000	14099999	0.5647819450047619	0.5655800555238095	-0.0007981105190476567
14100000	14149999	0.5623498489333334	0.5655800555238095	-0.0032302065904761257
14150000	14199999	0.5412589615142858	0.5655800555238095	-0.024321094009523758
14200000	14249999	0.5307082758571429	0.5655800555238095	-0.03487177966666666
14250000	14299999	0.5310602449190476	0.5655800555238095	-0.03451981060476195
14300000	14349999	0.5344081175333334	0.5655800555238095	-0.03117193799047613
14350000	14399999	0.5458754702857143	0.5655800555238095	-0.019704585238095262
14400000	14449999	0.5539557696285714	0.5655800555238095	-0.011624285895238118
14450000	14499999	0.5628223506952381	0.5655800555238095	-0.0027577048285714056
14500000	14549999	0.5826952236904762	0.5655800555238095	0.017115168166666694
14550000	14599999	0.5928644177809523	0.5655800555238095	0.027284362257142813
14600000	14649999	0.5944726985238096	0.5655800555238095	0.02889264300000005
14650000	14699999	0.6000660338285715	0.5655800555238095	0.034485978304761966
14700000	14749999	0.6095860583666667	0.5655800555238095	0.04400600284285716
14750000	14799999	0.6177157915952382	0.5655800555238095	0.05213573607142863
14800000	14849999	0.6251418645238095	0.5655800555238095	0.059561808999999966
14850000	14899999	0.6298185278523809	0.5655800555238095	0.06423847232857138
14900000	14949999	0.6452806562190476	0.5655800555238095	0.0797006006952381
14950000	14999999	0.6614104394238095	0.5655800555238095	0.09583038389999998
15000000	15049999	0.6742260540428572	0.5655800555238095	0.10864599851904766
15050000	15099999	0.6801083785809524	0.5655800555238095	0.11452832305714289
15100000	15149999	0.7038327947809524	0.5655800555238095	0.13825273925714288
15150000	15199999	0.7156231811	0.5655800555238095	0.15004312557619048
15200000	15249999	0.7460718666666667	0.5655800555238095	0.18049181114285717
15250000	15299999	0.7572578221095239	0.5655800555238095	0.19167776658571434
15300000	15349999	0.7811924464333333	0.5655800555238095	0.21561239090952378
15350000	15399999	0.8284118811238095	0.5655800555238095	0.26283182559999996
15400000	15449999	0.8309078635428572	0.5655800555238095	0.26532780801904765
15450000	15499999	0.8369918809190476	0.5655800555238095	0.2714118253952381
15500000	15549999	0.8532095452047619	0.5655800555238095	0.28762948968095237
15550000	15599999	0.8413988891428572	0.5655800555238095	0.2758188336190477
15600000	15649999	0.8431075896428571	0.5655800555238095	0.2775275341190476
15650000	15699999	0.8409756810809523	0.5655800555238095	0.2753956255571428
15700000	15749999	0.827413336042857	0.5655800555238095	0.26183328051904753
15750000	15799999	0.8141838233	0.5655800555238095	0.24860376777619053
15800000	15849999	0.8078056343285714	0.5655800555238095	0.24222557880476192
15850000	15899999	0.8028133399095239	0.5655800555238095	0.23723328438571434
15900000	15949999	0.7976984753571429	0.5655800555238095	0.23211841983333337
15950000	15999999	0.7908113708285714	0.5655800555238095	0.22523131530476193
16000000	16049999	0.7849328251476191	0.5655800555238095	0.21935276962380956
16050000	16099999	0.7729730219285714	0.5655800555238095	0.2073929664047619
16100000	16149999	0.7714751924095238	0.5655800555238095	0.20589513688571426
16150000	16199999	0.751230906447619	0.5655800555238095	0.1856508509238095
16200000	16249999	0.7426525616619049	0.5655800555238095	0.17707250613809533
16250000	16299999	0.7184613814333334	0.5655800555238095	0.15288132590952386
16300000	16349999	0.7124117829380953	0.5655800555238095	0.14683172741428574
16350000	16399999	0.6916474507190475	0.5655800555238095	0.12606739519523802
16400000	16449999	0.6614701983761905	0.5655800555238095	0.09589014285238096
16450000	16499999	0.662287232695238	0.5655800555238095	0.09670717717142852
16500000	16549999	0.6563250427904762	0.5655800555238095	0.09074498726666669
16550000	16599999	0.6465499912238095	0.5655800555238095	0.0809699357
16600000	16649999	0.6665605664666666	0.5655800555238095	0.1009805109428571
16650000	16699999	0.684374861047619	0.5655800555238095	0.1187948055238095
16700000	16749999	0.7244888199238095	0.5655800555238095	0.1589087644
16750000	16799999	0.7437841153857143	0.5655800555238095	0.1782040598619048
16800000	16849999	0.75754453	0.5655800555238095	0.19196447447619047
16850000	16899999	0.781355861295238	0.5655800555238095	0.21577580577142852
16900000	16949999	0.7968562201571429	0.5655800555238095	0.23127616463333334
16950000	16999999	0.8103257988428572	0.5655800555238095	0.24474574331904764
17000000	17049999	0.8255335919761905	0.5655800555238095	0.25995353645238095
17050000	17099999	0.8280519082285714	0.5655800555238095	0.2624718527047619
17100000	17149999	0.8409767957904762	0.5655800555238095	0.2753967402666667
17150000	17199999	0.8389846551285715	0.5655800555238095	0.27340459960476193
17200000	17249999	0.8768020592333334	0.5655800555238095	0.3112220037095239
17250000	17299999	0.8481689996619047	0.5655800555238095	0.2825889441380952
17300000	17349999	0.8026177004238095	0.5655800555238095	0.2370376449
17350000	17399999	0.764794671204762	0.5655800555238095	0.19921461568095244
17400000	17449999	0.7187721608333333	0.5655800555238095	0.15319210530952376
17450000	17499999	0.6603111137142857	0.5655800555238095	0.09473105819047623
17500000	17549999	0.6030889132380952	0.5655800555238095	0.03750885771428569
17550000	17599999	0.5514931713142858	0.5655800555238095	-0.014086884209523753
17600000	17649999	0.4960082966142857	0.5655800555238095	-0.06957175890952383
17650000	17699999	0.4225346044904762	0.5655800555238095	-0.14304545103333333
17700000	17749999	0.376751787552381	0.5655800555238095	-0.18882826797142854
17750000	17799999	0.34308565863809526	0.5655800555238095	-0.22249439688571426
17800000	17849999	0.32743207894761905	0.5655800555238095	-0.23814797657619047
17850000	17899999	0.32239460430952377	0.5655800555238095	-0.24318545121428575
17900000	17949999	0.29030477497619045	0.5655800555238095	-0.2752752805476191
17950000	17999999	0.2726523913333333	0.5655800555238095	-0.2929276641904762
18000000	18049999	0.25679186002380944	0.5655800555238095	-0.3087881955000001
18050000	18099999	0.23723715364761894	0.5655800555238095	-0.3283429018761906
18100000	18149999	0.2260100507571428	0.5655800555238095	-0.3395700047666667
18150000	18199999	0.2113779804238095	0.5655800555238095	-0.3542020751
18200000	18249999	0.20515327564761898	0.5655800555238095	-0.36042677987619054
18250000	18299999	0.1579406045666667	0.5655800555238095	-0.4076394509571428
18300000	18349999	0.17296413379523812	0.5655800555238095	-0.3926159217285714
18350000	18399999	0.2042682812523809	0.5655800555238095	-0.36131177427142863
18400000	18449999	0.25020319770476185	0.5655800555238095	-0.3153768578190477
18450000	18499999	0.29259494459047614	0.5655800555238095	-0.2729851109333334
18500000	18549999	0.3325531251619047	0.5655800555238095	-0.2330269303619048
18550000	18599999	0.36941521004285705	0.5655800555238095	-0.19616484548095248
18600000	18649999	0.4096347144857143	0.5655800555238095	-0.1559453410380952
18650000	18699999	0.4450444747285714	0.5655800555238095	-0.12053558079523813
18700000	18749999	0.4790521923190476	0.5655800555238095	-0.08652786320476191
18750000	18799999	0.48918818855238094	0.5655800555238095	-0.07639186697142858
18800000	18849999	0.4800304863	0.5655800555238095	-0.08554956922380952
18850000	18899999	0.4734153041047619	0.5655800555238095	-0.09216475141904762
18900000	18949999	0.46936077881428573	0.5655800555238095	-0.0962192767095238
18950000	18999999	0.47155411745238096	0.5655800555238095	-0.09402593807142856
19000000	19049999	0.47517780994761905	0.5655800555238095	-0.09040224557619048
19050000	19099999	0.4709793807666667	0.5655800555238095	-0.09460067475714284
19100000	19149999	0.47241866343333333	0.5655800555238095	-0.09316139209047619
19150000	19199999	0.47482938310476186	0.5655800555238095	-0.09075067241904766
19200000	19249999	0.47237515679047615	0.5655800555238095	-0.09320489873333337
19250000	19299999	0.4701571500809524	0.5655800555238095	-0.09542290544285714
19300000	19349999	0.4733843117	0.5655800555238095	-0.09219574382380952
19350000	19399999	0.4685637445285714	0.5655800555238095	-0.09701631099523811
19400000	19449999	0.47444402966666666	0.5655800555238095	-0.09113602585714287
19450000	19499999	0.44953101826666664	0.5655800555238095	-0.11604903725714288
19500000	19549999	0.45044157898571424	0.5655800555238095	-0.11513847653809528
19550000	19599999	0.45082331724761904	0.5655800555238095	-0.11475673827619048
19600000	19649999	0.443687101	0.5655800555238095	-0.12189295452380955
19650000	19699999	0.4387408938333333	0.5655800555238095	-0.1268391616904762
19700000	19749999	0.4410944496	0.5655800555238095	-0.12448560592380953
19750000	19799999	0.44423612501904763	0.5655800555238095	-0.12134393050476189
19800000	19849999	0.4501090787190476	0.5655800555238095	-0.11547097680476193
19850000	19899999	0.4509764500714286	0.5655800555238095	-0.11460360545238091
19900000	19949999	0.44855432363333336	0.5655800555238095	-0.11702573189047616
19950000	19999999	0.4481450757095238	0.5655800555238095	-0.11743497981428574
20000000	20049999	0.44816971186190474	0.5655800555238095	-0.11741034366190478
20050000	20099999	0.4315186374142857	0.5655800555238095	-0.13406141810952382
20100000	20149999	0.42161368343333333	0.5655800555238095	-0.1439663720904762
20150000	20199999	0.40675194175238094	0.5655800555238095	-0.15882811377142858
20200000	20249999	0.3936657865190476	0.5655800555238095	-0.17191426900476192
20250000	20299999	0.38850456277619044	0.5655800555238095	-0.17707549274761908
20300000	20349999	0.37617208014285713	0.5655800555238095	-0.1894079753809524
20350000	20399999	0.365475895052381	0.5655800555238095	-0.20010416047142854
20400000	20449999	0.3737695059380952	0.5655800555238095	-0.1918105495857143
20450000	20499999	0.3646282499333333	0.5655800555238095	-0.2009518055904762
20500000	20549999	0.36716109197142854	0.5655800555238095	-0.19841896355238098
20550000	20599999	0.3748890333904762	0.5655800555238095	-0.19069102213333333
20600000	20649999	0.3944611576952381	0.5655800555238095	-0.17111889782857143
20650000	20699999	0.43147442525714286	0.5655800555238095	-0.13410563026666666
20700000	20749999	0.4434016128238095	0.5655800555238095	-0.1221784427
20750000	20799999	0.4645977157095238	0.5655800555238095	-0.10098233981428573
20800000	20849999	0.47722588924761905	0.5655800555238095	-0.08835416627619047
20850000	20899999	0.49330749752857145	0.5655800555238095	-0.07227255799523807
20900000	20949999	0.5143962805952381	0.5655800555238095	-0.0511837749285714
20950000	20999999	0.5398937261428571	0.5655800555238095	-0.02568632938095239
21000000	21049999	0.5531535552904762	0.5655800555238095	-0.01242650023333336
21050000	21099999	0.5642919757904762	0.5655800555238095	-0.001288079733333336
21100000	21149999	0.5865563540523809	0.5655800555238095	0.020976298528571413
21150000	21199999	0.6076476525571428	0.5655800555238095	0.04206759703333329
21200000	21249999	0.6321231843571429	0.5655800555238095	0.06654312883333335
21250000	21299999	0.6480438879142857	0.5655800555238095	0.08246383239047617
21300000	21349999	0.6536392826523809	0.5655800555238095	0.0880592271285714
21350000	21399999	0.6880237882238095	0.5655800555238095	0.12244373269999997
21400000	21449999	0.7244269236523809	0.5655800555238095	0.1588468681285714
21450000	21499999	0.7642052749047619	0.5655800555238095	0.19862521938095234
21500000	21549999	0.782616688952381	0.5655800555238095	0.2170366334285715
21550000	21599999	0.8176553203714285	0.5655800555238095	0.252075264847619
21600000	21649999	0.8185561366476191	0.5655800555238095	0.25297608112380954
21650000	21699999	0.8158953274571429	0.5655800555238095	0.25031527193333336
21700000	21749999	0.8336705894333333	0.5655800555238095	0.26809053390952375
21750000	21799999	0.8793643926809523	0.5655800555238095	0.3137843371571428
21800000	21849999	0.8966125426714285	0.5655800555238095	0.331032487147619
21850000	21899999	0.9176675889761905	0.5655800555238095	0.352087533452381
21900000	21949999	0.9202515778238095	0.5655800555238095	0.3546715223
21950000	21999999	0.9386175616333334	0.5655800555238095	0.3730375061095239
22000000	22049999	0.9505705707000001	0.5655800555238095	0.38499051517619054
22050000	22099999	0.9550802714238095	0.5655800555238095	0.38950021589999995
22100000	22149999	0.9556489455238095	0.5655800555238095	0.39006889
22150000	22199999	0.9741809517285714	0.5655800555238095	0.4086008962047619
22200000	22249999	0.9840444503380952	0.5655800555238095	0.41846439481428566
22250000	22299999	0.9801540785761904	0.5655800555238095	0.4145740230523809
22300000	22349999	0.9892612448809524	0.5655800555238095	0.42368118935714283
22350000	22399999	1.0066152011190477	0.5655800555238095	0.44103514559523815
22400000	22449999	1.0180684592285714	0.5655800555238095	0.45248840370476184
22450000	22499999	1.0284472574190475	0.5655800555238095	0.462867201895238
22500000	22549999	1.0084671160571428	0.5655800555238095	0.44288706053333327
22550000	22599999	1.018377717804762	0.5655800555238095	0.4527976622809524
22600000	22649999	1.0121895653952382	0.5655800555238095	0.44660950987142867
22650000	22699999	1.0177342715952382	0.5655800555238095	0.4521542160714287
22700000	22749999	1.0285675487380952	0.5655800555238095	0.4629874932142857
22750000	22799999	1.0121266822380952	0.5655800555238095	0.4465466267142857
22800000	22849999	0.9921891126142857	0.5655800555238095	0.42660905709047614
22850000	22899999	0.9681363021142857	0.5655800555238095	0.4025562465904762
22900000	22949999	0.9465408930857142	0.5655800555238095	0.3809608375619047
22950000	22999999	0.9116917160142857	0.5655800555238095	0.34611166049047615
23000000	23049999	0.8860779918	0.5655800555238095	0.3204979362761905
23050000	23099999	0.850738040595238	0.5655800555238095	0.28515798507142853
23100000	23149999	0.8295859418095238	0.5655800555238095	0.2640058862857143
23150000	23199999	0.8178266001428571	0.5655800555238095	0.2522465446190476
23200000	23249999	0.7929184586809525	0.5655800555238095	0.22733840315714293
23250000	23299999	0.7712168663000001	0.5655800555238095	0.20563681077619056
23300000	23349999	0.7615299507380953	0.5655800555238095	0.19594989521428574
23350000	23399999	0.7391064380523811	0.5655800555238095	0.17352638252857155
23400000	23449999	0.7145462063285715	0.5655800555238095	0.14896615080476194
23450000	23499999	0.6712835736809524	0.5655800555238095	0.10570351815714285
23500000	23549999	0.6339625372857143	0.5655800555238095	0.06838248176190476
23550000	23599999	0.6059247691666667	0.5655800555238095	0.04034471364285719
23600000	23649999	0.5765563011190477	0.5655800555238095	0.010976245595238132
23650000	23699999	0.5460208252476191	0.5655800555238095	-0.019559230276190442
23700000	23749999	0.5092639665666667	0.5655800555238095	-0.056316088957142796
23750000	23799999	0.46765338766666664	0.5655800555238095	-0.09792666785714288
23800000	23849999	0.4422510190952381	0.5655800555238095	-0.1233290364285714
23850000	23899999	0.39510578266190477	0.5655800555238095	-0.17047427286190475
23900000	23949999	0.3816858758428571	0.5655800555238095	-0.1838941796809524
23950000	23999999	0.3644137026	0.5655800555238095	-0.20116635292380952
24000000	24049999	0.3802092953047619	0.5655800555238095	-0.18537076021904764
24050000	24099999	0.36096019768571425	0.5655800555238095	-0.20461985783809528
24100000	24149999	0.3676041053190476	0.5655800555238095	-0.19797595020476194
24150000	24199999	0.3722860500285714	0.5655800555238095	-0.19329400549523812
24200000	24249999	0.37871791438571434	0.5655800555238095	-0.18686214113809518
24250000	24299999	0.3795700128380952	0.5655800555238095	-0.1860100426857143
24300000	24349999	0.38409138009047616	0.5655800555238095	-0.18148867543333336
24350000	24399999	0.42191919703333336	0.5655800555238095	-0.14366085849047616
24400000	24449999	0.4404182452047619	0.5655800555238095	-0.1251618103190476
24450000	24499999	0.4814920328	0.5655800555238095	-0.0840880227238095
24500000	24549999	0.49960927001428573	0.5655800555238095	-0.06597078550952379
24550000	24599999	0.5120725624952381	0.5655800555238095	-0.053507493028571385
24600000	24649999	0.5384604109761905	0.5655800555238095	-0.02711964454761906
24650000	24699999	0.5642562348809524	0.5655800555238095	-0.0013238206428570765
24700000	24749999	0.5949357801380952	0.5655800555238095	0.029355724614285705
24750000	24799999	0.6466877430761905	0.5655800555238095	0.08110768755238096
24800000	24849999	0.6861538498238096	0.5655800555238095	0.12057379430000004
24850000	24899999	0.6921255680857143	0.5655800555238095	0.12654551256190483
24900000	24949999	0.7085721873476191	0.5655800555238095	0.14299213182380954
24950000	24999999	0.7118126307190477	0.5655800555238095	0.14623257519523813
25000000	25049999	0.7304056006571429	0.5655800555238095	0.16482554513333336
25050000	25099999	0.7533659667952382	0.5655800555238095	0.18778591127142863
25100000	25149999	0.7735049434190476	0.5655800555238095	0.2079248878952381
25150000	25199999	0.7866465302952381	0.5655800555238095	0.2210664747714286
25200000	25249999	0.7988973702238095	0.5655800555238095	0.23331731469999994
25250000	25299999	0.8065040593666667	0.5655800555238095	0.24092400384285717
25300000	25349999	0.8195825259428572	0.5655800555238095	0.25400247041904767
25350000	25399999	0.8404892053095239	0.5655800555238095	0.27490914978571435
25400000	25449999	0.8118099921476191	0.5655800555238095	0.24622993662380954
25450000	25499999	0.7999249595095239	0.5655800555238095	0.2343449039857144
25500000	25549999	0.7648235647285715	0.5655800555238095	0.19924350920476197
25550000	25599999	0.7608770662809524	0.5655800555238095	0.1952970107571429
25600000	25649999	0.7537847598285714	0.5655800555238095	0.18820470430476188
25650000	25699999	0.731142835247619	0.5655800555238095	0.1655627797238095
25700000	25749999	0.7193087397761905	0.5655800555238095	0.15372868425238095
25750000	25799999	0.6957031761952381	0.5655800555238095	0.13012312067142862
25800000	25849999	0.6625105880047619	0.5655800555238095	0.0969305324809524
25850000	25899999	0.629811276347619	0.5655800555238095	0.0642312208238095
25900000	25949999	0.6277024882714286	0.5655800555238095	0.06212243274761908
25950000	25999999	0.6266619963666666	0.5655800555238095	0.06108194084285712
26000000	26049999	0.6150400758761905	0.5655800555238095	0.04946002035238095
26050000	26099999	0.6046797040809524	0.5655800555238095	0.039099648557142874
26100000	26149999	0.5779501472761904	0.5655800555238095	0.012370091752380907
26150000	26199999	0.562720918752381	0.5655800555238095	-0.002859136771428572
26200000	26249999	0.5475843750619047	0.5655800555238095	-0.017995680461904806
26250000	26299999	0.5347108182761905	0.5655800555238095	-0.03086923724761903
26300000	26349999	0.5159832689714285	0.5655800555238095	-0.04959678655238098
26350000	26399999	0.5022750987	0.5655800555238095	-0.06330495682380954
26400000	26449999	0.48409265692380954	0.5655800555238095	-0.08148739859999998
26450000	26499999	0.49005019485714285	0.5655800555238095	-0.07552986066666667
26500000	26549999	0.4963288228857143	0.5655800555238095	-0.06925123263809524
26550000	26599999	0.5268205143333333	0.5655800555238095	-0.0387595411904762
26600000	26649999	0.5430785096095238	0.5655800555238095	-0.02250154591428577
26650000	26699999	0.5495667449571429	0.5655800555238095	-0.01601331056666666
26700000	26749999	0.5638892394857142	0.5655800555238095	-0.0016908160380952886
26750000	26799999	0.5625664847428571	0.5655800555238095	-0.003013570780952435
26800000	26849999	0.6017239842714286	0.5655800555238095	0.03614392874761907
26850000	26899999	0.6153479956619048	0.5655800555238095	0.04976794013809527
26900000	26949999	0.6335455517238096	0.5655800555238095	0.06796549620000003
26950000	26999999	0.6367656113619048	0.5655800555238095	0.07118555583809527
27000000	27049999	0.6425981226857143	0.5655800555238095	0.07701806716190474
27050000	27099999	0.6695235659285714	0.5655800555238095	0.10394351040476191
27100000	27149999	0.6850906313095237	0.5655800555238095	0.11951057578571422
27150000	27199999	0.6961971930190476	0.5655800555238095	0.13061713749523807
27200000	27249999	0.7104579425857143	0.5655800555238095	0.14487788706190474
27250000	27299999	0.7196028289714286	0.5655800555238095	0.15402277344761905
27300000	27349999	0.7557679220761905	0.5655800555238095	0.19018786655238096
27350000	27399999	0.7686199575904762	0.5655800555238095	0.20303990206666667
27400000	27449999	0.7626191716047619	0.5655800555238095	0.19703911608095237
27450000	27499999	0.7574182421095238	0.5655800555238095	0.19183818658571428
27500000	27549999	0.7448055519857143	0.5655800555238095	0.17922549646190478
27550000	27599999	0.7427995686380953	0.5655800555238095	0.17721951311428574
27600000	27649999	0.7108196038380952	0.5655800555238095	0.14523954831428565
27650000	27699999	0.6983976462523809	0.5655800555238095	0.13281759072857136
27700000	27749999	0.6957985421095239	0.5655800555238095	0.13021848658571433
27750000	27799999	0.6916714140190476	0.5655800555238095	0.12609135849523812
27800000	27849999	0.7034678735285714	0.5655800555238095	0.1378878180047619
27850000	27899999	0.677194678847619	0.5655800555238095	0.11161462332380945
27900000	27949999	0.6854082686714286	0.5655800555238095	0.11982821314761904
27950000	27999999	0.6803378161714285	0.5655800555238095	0.114757760647619
28000000	28049999	0.6888427270666666	0.5655800555238095	0.12326267154285708
28050000	28099999	0.6880596111047619	0.5655800555238095	0.12247955558095236
28100000	28149999	0.6764653893857143	0.5655800555238095	0.1108853338619048
28150000	28199999	0.6659492301571429	0.5655800555238095	0.10036917463333339
28200000	28249999	0.6736434660714286	0.5655800555238095	0.10806341054761903
28250000	28299999	0.6726621914761904	0.5655800555238095	0.10708213595238092
28300000	28349999	0.680515523947619	0.5655800555238095	0.11493546842380953
28350000	28399999	0.6744448994	0.5655800555238095	0.10886484387619044
28400000	28449999	0.6693102175	0.5655800555238095	0.10373016197619045
28450000	28499999	0.6866528280952381	0.5655800555238095	0.12107277257142857
28500000	28549999	0.7047963796571428	0.5655800555238095	0.1392163241333333
28550000	28599999	0.719428379204762	0.5655800555238095	0.15384832368095247
28600000	28649999	0.741794029452381	0.5655800555238095	0.17621397392857152
28650000	28699999	0.7631227325380953	0.5655800555238095	0.19754267701428574
28700000	28749999	0.7795697864333334	0.5655800555238095	0.2139897309095239
28750000	28799999	0.791167876152381	0.5655800555238095	0.22558782062857152
28800000	28849999	0.7996845583095238	0.5655800555238095	0.23410450278571426
28850000	28899999	0.7938518284857143	0.5655800555238095	0.22827177296190482
28900000	28949999	0.7967601255190476	0.5655800555238095	0.2311800699952381
28950000	28999999	0.7829795755190476	0.5655800555238095	0.2173995199952381
29000000	29049999	0.785601505252381	0.5655800555238095	0.22002144972857152
29050000	29099999	0.7683750957904762	0.5655800555238095	0.20279504026666673
29100000	29149999	0.7602458275571429	0.5655800555238095	0.19466577203333335
29150000	29199999	0.7582444331142858	0.5655800555238095	0.19266437759047628
29200000	29249999	0.7657336917333334	0.5655800555238095	0.20015363620952387
29250000	29299999	0.7466238590047619	0.5655800555238095	0.1810438034809524
29300000	29349999	0.7381906115095238	0.5655800555238095	0.1726105559857143
29350000	29399999	0.7149850099190476	0.5655800555238095	0.14940495439523804
29400000	29449999	0.6857028487333333	0.5655800555238095	0.12012279320952379
29450000	29499999	0.6800732857714286	0.5655800555238095	0.11449323024761904
29500000	29549999	0.6584728241714286	0.5655800555238095	0.09289276864761908
29550000	29599999	0.6371363079190476	0.5655800555238095	0.0715562523952381
29600000	29649999	0.6187332477095238	0.5655800555238095	0.05315319218571424
29650000	29699999	0.5902929539095239	0.5655800555238095	0.024712898385714333
29700000	29749999	0.5688995017666667	0.5655800555238095	0.0033194462428571825
29750000	29799999	0.5483442106714286	0.5655800555238095	-0.017235844852380944
29800000	29849999	0.522767858752381	0.5655800555238095	-0.04281219677142856
29850000	29899999	0.5125740382142857	0.5655800555238095	-0.05300601730952381
29900000	29949999	0.5102112674761905	0.5655800555238095	-0.05536878804761902
29950000	29999999	0.5021351738476191	0.5655800555238095	-0.06344488167619045
30000000	30049999	0.5008266389047619	0.5655800555238095	-0.06475341661904765
30050000	30099999	0.5039517763142857	0.5655800555238095	-0.06162827920952385
30100000	30149999	0.5189579779095238	0.5655800555238095	-0.04662207761428572
30150000	30199999	0.5323752046238095	0.5655800555238095	-0.03320485090000003
30200000	30249999	0.5460043397761905	0.5655800555238095	-0.01957571574761907
30250000	30299999	0.5562180924476191	0.5655800555238095	-0.009361963076190416
30300000	30349999	0.5780449291428571	0.5655800555238095	0.012464873619047578
30350000	30399999	0.5863335058714286	0.5655800555238095	0.020753450347619107
30400000	30449999	0.6048118615428572	0.5655800555238095	0.03923180601904763
30450000	30499999	0.6027058190666666	0.5655800555238095	0.037125763542857126
30500000	30549999	0.6062904491	0.5655800555238095	0.04071039357619044
30550000	30599999	0.6113654948380952	0.5655800555238095	0.04578543931428569
30600000	30649999	0.6140423793761904	0.5655800555238095	0.04846232385238092
30650000	30699999	0.6316078060047619	0.5655800555238095	0.06602775048095233
30700000	30749999	0.6333570863285715	0.5655800555238095	0.06777703080476194
30750000	30799999	0.6468918051761905	0.5655800555238095	0.08131174965238097
30800000	30849999	0.6502076808	0.5655800555238095	0.0846276252761905
30850000	30899999	0.652946409247619	0.5655800555238095	0.08736635372380952
30900000	30949999	0.6568602352714286	0.5655800555238095	0.09128017974761904
30950000	30999999	0.652200576852381	0.5655800555238095	0.08662052132857145
31000000	31049999	0.6724171119142857	0.5655800555238095	0.10683705639047614
31050000	31099999	0.6767171992857143	0.5655800555238095	0.11113714376190476
31100000	31149999	0.6915739467047619	0.5655800555238095	0.1259938911809524
31150000	31199999	0.6911642430904762	0.5655800555238095	0.12558418756666667
31200000	31249999	0.6922506279666667	0.5655800555238095	0.12667057244285718
31250000	31299999	0.6941729671428571	0.5655800555238095	0.12859291161904762
31300000	31349999	0.6864712365952381	0.5655800555238095	0.1208911810714286
31350000	31399999	0.6632019622809524	0.5655800555238095	0.09762190675714288
31400000	31449999	0.6443392596714286	0.5655800555238095	0.07875920414761906
31450000	31499999	0.6307647496571428	0.5655800555238095	0.06518469413333328
31500000	31549999	0.6274956517952381	0.5655800555238095	0.06191559627142862
31550000	31599999	0.6340930810666666	0.5655800555238095	0.0685130255428571
31600000	31649999	0.6925240263285715	0.5655800555238095	0.12694397080476194
31650000	31699999	0.7232304632523809	0.5655800555238095	0.15765040772857142
31700000	31749999	0.7231122943619048	0.5655800555238095	0.1575322388380953
31750000	31799999	0.7307514027571429	0.5655800555238095	0.16517134723333338
31800000	31849999	0.7396991284238095	0.5655800555238095	0.17411907289999995
31850000	31899999	0.7536818682523809	0.5655800555238095	0.1881018127285714
31900000	31949999	0.7664836143	0.5655800555238095	0.20090355877619048
31950000	31999999	0.763253395042857	0.5655800555238095	0.19767333951904753
32000000	32049999	0.7678920289619047	0.5655800555238095	0.20231197343809515
32050000	32099999	0.7599852838714286	0.5655800555238095	0.19440522834761909
32100000	32149999	0.7641049130285714	0.5655800555238095	0.1985248575047619
32150000	32199999	0.7566384686761904	0.5655800555238095	0.19105841315238092
32200000	32249999	0.7739144080047619	0.5655800555238095	0.20833435248095233
32250000	32299999	0.7815859211380952	0.5655800555238095	0.2160058656142857
32300000	32349999	0.7766842710571429	0.5655800555238095	0.21110421553333336
32350000	32399999	0.7833230174190476	0.5655800555238095	0.21774296189523812
32400000	32449999	0.8110167156428572	0.5655800555238095	0.24543666011904763
32450000	32499999	0.8312258296523809	0.5655800555238095	0.2656457741285714
32500000	32549999	0.8500481935047619	0.5655800555238095	0.2844681379809524
32550000	32599999	0.8666891867571429	0.5655800555238095	0.3011091312333334
32600000	32649999	0.8818043899952381	0.5655800555238095	0.3162243344714286
32650000	32699999	0.8608366184	0.5655800555238095	0.2952565628761905
32700000	32749999	0.8468423816333333	0.5655800555238095	0.28126232610952373
32750000	32799999	0.8558716870190476	0.5655800555238095	0.29029163149523807
32800000	32849999	0.8515009281	0.5655800555238095	0.2859208725761905
32850000	32899999	0.8386826734142857	0.5655800555238095	0.2731026178904762
32900000	32949999	0.8201244410142858	0.5655800555238095	0.2545443854904763
32950000	32999999	0.8154460715285714	0.5655800555238095	0.24986601600476188
33000000	33049999	0.8144668641142857	0.5655800555238095	0.24888680859047618
33050000	33099999	0.808000891852381	0.5655800555238095	0.24242083632857148
33100000	33149999	0.7884711954238095	0.5655800555238095	0.22289113989999998
33150000	33199999	0.7737528755190476	0.5655800555238095	0.20817281999523807
33200000	33249999	0.7489905424809524	0.5655800555238095	0.1834104869571429
33250000	33299999	0.7151803956	0.5655800555238095	0.1496003400761905
33300000	33349999	0.6892020165238095	0.5655800555238095	0.123621961
33350000	33399999	0.6761111603190476	0.5655800555238095	0.11053110479523809
33400000	33449999	0.652035416047619	0.5655800555238095	0.08645536052380953
33450000	33499999	0.6264971554571429	0.5655800555238095	0.060917099933333385
33500000	33549999	0.6070768408714285	0.5655800555238095	0.041496785347619025
33550000	33599999	0.5876291491	0.5655800555238095	0.02204909357619045
33600000	33649999	0.5687111202761904	0.5655800555238095	0.0031310647523808965
33650000	33699999	0.5424473443952381	0.5655800555238095	-0.023132711128571404
33700000	33749999	0.5059916511190476	0.5655800555238095	-0.059588404404761874
33750000	33799999	0.48527239061428573	0.5655800555238095	-0.08030766490952379
33800000	33849999	0.4550480712047619	0.5655800555238095	-0.11053198431904765
33850000	33899999	0.4433009656	0.5655800555238095	-0.12227908992380954
33900000	33949999	0.44401164683333333	0.5655800555238095	-0.12156840869047619
33950000	33999999	0.4525925741238095	0.5655800555238095	-0.11298748140000003
34000000	34049999	0.4535675263142857	0.5655800555238095	-0.11201252920952381
34050000	34099999	0.4653415033904762	0.5655800555238095	-0.10023855213333333
34100000	34149999	0.48503718813809527	0.5655800555238095	-0.08054286738571426
34150000	34199999	0.5101481848	0.5655800555238095	-0.055431870723809507
34200000	34249999	0.5238060763190476	0.5655800555238095	-0.04177397920476189
34250000	34299999	0.5362022905714285	0.5655800555238095	-0.02937776495238098
34300000	34349999	0.5466038595666667	0.5655800555238095	-0.01897619595714284
34350000	34399999	0.5601720678761904	0.5655800555238095	-0.0054079876476190725
34400000	34449999	0.562203175895238	0.5655800555238095	-0.003376879628571472
34450000	34499999	0.5757828379809524	0.5655800555238095	0.0102027824571429
34500000	34549999	0.5827654148666667	0.5655800555238095	0.017185359342857143
34550000	34599999	0.5942225889904762	0.5655800555238095	0.028642533466666675
34600000	34649999	0.5983647155380952	0.5655800555238095	0.032784660014285705
34650000	34699999	0.6145660299857143	0.5655800555238095	0.04898597446190478
34700000	34749999	0.6221461646142857	0.5655800555238095	0.05656610909047621
34750000	34799999	0.6261814004857142	0.5655800555238095	0.060601344961904724
34800000	34849999	0.6545050257809524	0.5655800555238095	0.08892497025714285
34850000	34899999	0.6700304164857143	0.5655800555238095	0.10445036096190474
34900000	34949999	0.6927127251238095	0.5655800555238095	0.12713266960000003
34950000	34999999	0.7124883503809524	0.5655800555238095	0.14690829485714285
35000000	35049999	0.7206406973523809	0.5655800555238095	0.15506064182857138
35050000	35099999	0.7289217034714286	0.5655800555238095	0.16334164794761907
35100000	35149999	0.7243722736333333	0.5655800555238095	0.15879221810952382
35150000	35199999	0.7175989931333333	0.5655800555238095	0.15201893760952379
35200000	35249999	0.7082297737761905	0.5655800555238095	0.14264971825238093
35250000	35299999	0.6994010214714286	0.5655800555238095	0.13382096594761905
35300000	35349999	0.6950090001714286	0.5655800555238095	0.12942894464761912
35350000	35399999	0.6869278534285714	0.5655800555238095	0.12134779790476191
35400000	35449999	0.675392090452381	0.5655800555238095	0.1098120349285715
35450000	35499999	0.6618508417666666	0.5655800555238095	0.09627078624285712
35500000	35549999	0.6545251197142857	0.5655800555238095	0.08894506419047621
35550000	35599999	0.6491427706047619	0.5655800555238095	0.08356271508095237
35600000	35649999	0.6315422768619048	0.5655800555238095	0.06596222133809526
35650000	35699999	0.6191449349238095	0.5655800555238095	0.05356487939999999
35700000	35749999	0.6018563588190476	0.5655800555238095	0.03627630329523812
35750000	35799999	0.5873770851142857	0.5655800555238095	0.021797029590476136
35800000	35849999	0.5714267804380952	0.5655800555238095	0.005846724914285728
35850000	35899999	0.5373020834285714	0.5655800555238095	-0.02827797209523808
35900000	35949999	0.5323541204380953	0.5655800555238095	-0.03322593508571425
35950000	35999999	0.5076467999571429	0.5655800555238095	-0.05793325556666662
36000000	36049999	0.47756943856190476	0.5655800555238095	-0.08801061696190476
36050000	36099999	0.4567039081904762	0.5655800555238095	-0.10887614733333334
36100000	36149999	0.44601160617142854	0.5655800555238095	-0.11956844935238098
36150000	36199999	0.4258674706095238	0.5655800555238095	-0.13971258491428573
36200000	36249999	0.4020334784761904	0.5655800555238095	-0.1635465770476191
36250000	36299999	0.3754178311952381	0.5655800555238095	-0.19016222432857144
36300000	36349999	0.36047422750952385	0.5655800555238095	-0.20510582801428567
36350000	36399999	0.3428537305666667	0.5655800555238095	-0.22272632495714284
36400000	36449999	0.3319895035238095	0.5655800555238095	-0.233590552
36450000	36499999	0.32304109214285714	0.5655800555238095	-0.24253896338095238
36500000	36549999	0.3183817494428571	0.5655800555238095	-0.24719830608095245
36550000	36599999	0.30844591044285713	0.5655800555238095	-0.2571341450809524
36600000	36649999	0.3016185546619048	0.5655800555238095	-0.26396150086190473
36650000	36699999	0.2997080628666667	0.5655800555238095	-0.26587199265714284
36700000	36749999	0.3051303420285714	0.5655800555238095	-0.2604497134952381
36750000	36799999	0.30115534918571424	0.5655800555238095	-0.2644247063380953
36800000	36849999	0.3045853373571428	0.5655800555238095	-0.2609947181666667
36850000	36899999	0.30076608480476186	0.5655800555238095	-0.26481397071904766
36900000	36949999	0.30834554940000003	0.5655800555238095	-0.2572345061238095
36950000	36999999	0.2942420499809524	0.5655800555238095	-0.27133800554285714
37000000	37049999	0.29699431913333335	0.5655800555238095	-0.26858573639047617
37050000	37099999	0.28046566422857144	0.5655800555238095	-0.2851143912952381
37100000	37149999	0.2776855275095238	0.5655800555238095	-0.2878945280142857
37150000	37199999	0.26330965161428566	0.5655800555238095	-0.30227040390952387
37200000	37249999	0.25917095883333335	0.5655800555238095	-0.30640909669047617
37250000	37299999	0.254072987947619	0.5655800555238095	-0.3115070675761905
37300000	37349999	0.2441688688047618	0.5655800555238095	-0.3214111867190477
37350000	37399999	0.24369675928095236	0.5655800555238095	-0.32188329624285716
37400000	37449999	0.23343931123809525	0.5655800555238095	-0.3321407442857143
37450000	37499999	0.22008097009523803	0.5655800555238095	-0.3454990854285715
37500000	37549999	0.21178560356190473	0.5655800555238095	-0.3537944519619048
37550000	37599999	0.21599065231428566	0.5655800555238095	-0.34958940320952386
37600000	37649999	0.2198145360047618	0.5655800555238095	-0.3457655195190477
37650000	37699999	0.22116765079999995	0.5655800555238095	-0.3444124047238096
37700000	37749999	0.223253914647619	0.5655800555238095	-0.3423261408761905
37750000	37799999	0.22742639195714276	0.5655800555238095	-0.33815366356666676
37800000	37849999	0.2512979641666667	0.5655800555238095	-0.3142820913571428
37850000	37899999	0.2549354361	0.5655800555238095	-0.3106446194238095
37900000	37949999	0.263415215147619	0.5655800555238095	-0.3021648403761905
37950000	37999999	0.25524978331904763	0.5655800555238095	-0.3103302722047619
38000000	38049999	0.260824086247619	0.5655800555238095	-0.30475596927619053
38050000	38099999	0.26285388229523804	0.5655800555238095	-0.3027261732285715
38100000	38149999	0.2720570597190476	0.5655800555238095	-0.29352299580476193
38150000	38199999	0.2767655504	0.5655800555238095	-0.2888145051238095
38200000	38249999	0.2939679016333333	0.5655800555238095	-0.2716121538904762
38250000	38299999	0.2954442674714286	0.5655800555238095	-0.2701357880523809
38300000	38349999	0.29241037378095236	0.5655800555238095	-0.27316968174285716
38350000	38399999	0.3762773027238095	0.5655800555238095	-0.18930275280000003
38400000	38449999	0.42102321194285713	0.5655800555238095	-0.1445568435809524
38450000	38499999	0.506376143095238	0.5655800555238095	-0.05920391242857148
38500000	38549999	0.5391980612380952	0.5655800555238095	-0.026381994285714305
38550000	38599999	0.5758595759714286	0.5655800555238095	0.01027952044761904
38600000	38649999	0.5932090479238095	0.5655800555238095	0.02762899239999994
38650000	38699999	0.5817950400380952	0.5655800555238095	0.016214984514285713
38700000	38749999	0.5939056915190476	0.5655800555238095	0.028325635995238074
38750000	38799999	0.6107078632857142	0.5655800555238095	0.045127807761904726
38800000	38849999	0.6171362546428572	0.5655800555238095	0.05155619911904763
38850000	38899999	0.6084502214476191	0.5655800555238095	0.042870165923809544
38900000	38949999	0.615198050752381	0.5655800555238095	0.049617995228571465
38950000	38999999	0.6266959305619048	0.5655800555238095	0.061115875038095235
39000000	39049999	0.6398500860999999	0.5655800555238095	0.07427003057619042
39050000	39099999	0.6476315238809524	0.5655800555238095	0.08205146835714283
39100000	39149999	0.6566292718714285	0.5655800555238095	0.09104921634761898
39150000	39199999	0.6705633426	0.5655800555238095	0.10498328707619042
39200000	39249999	0.677606092952381	0.5655800555238095	0.11202603742857142
39250000	39299999	0.6770004145	0.5655800555238095	0.11142035897619051
39300000	39349999	0.6935641407666666	0.5655800555238095	0.1279840852428571
39350000	39399999	0.7166147501666666	0.5655800555238095	0.15103469464285713
39400000	39449999	0.6612174055571428	0.5655800555238095	0.09563735003333329
39450000	39499999	0.6297693978857143	0.5655800555238095	0.06418934236190477
39500000	39549999	0.5680124923095238	0.5655800555238095	0.0024324367857142537
39550000	39599999	0.5602935942428572	0.5655800555238095	-0.005286461280952337
39600000	39649999	0.5477279178095238	0.5655800555238095	-0.017852137714285732
39650000	39699999	0.5457257675238095	0.5655800555238095	-0.019854287999999998
39700000	39749999	0.5655800555238095	0.5655800555238095	0.0
39750000	39799999	0.5655800555238095	0.5655800555238095	0.0
39800000	39849999	0.5655800555238095	0.5655800555238095	0.0
39850000	39899999	0.5655800555238095	0.5655800555238095	0.0
39900000	39949999	0.5655800555238095	0.5655800555238095	0.0
39950000	39999999	0.5655800555238095	0.5655800555238095	0.0
40000000	40049999	0.5655800555238095	0.5655800555238095	0.0
40050000	40099999	0.5655800555238095	0.5655800555238095	0.0
40100000	40149999	0.5655800555238095	0.5655800555238095	0.0
40150000	40199999	0.5655800555238095	0.5655800555238095	0.0
40200000	40249999	0.5655800555238095	0.5655800555238095	0.0
40250000	40299999	0.5655800555238095	0.5655800555238095	0.0
40300000	40349999	0.5655800555238095	0.5655800555238095	0.0
40350000	40399999	0.5655800555238095	0.5655800555238095	0.0
40400000	40449999	0.5655800555238095	0.5655800555238095	0.0
40450000	40499999	0.5655800555238095	0.5655800555238095	0.0
40500000	40549999	0.5655800555238095	0.5655800555238095	0.0
40550000	40599999	0.5655800555238095	0.5655800555238095	0.0
40600000	40649999	0.5655800555238095	0.5655800555238095	0.0
40650000	40699999	0.5655800555238095	0.5655800555238095	0.0
40700000	40749999	0.5655800555238095	0.5655800555238095	0.0
40750000	40799999	0.5655800555238095	0.5655800555238095	0.0
40800000	40849999	0.5655800555238095	0.5655800555238095	0.0
40850000	40899999	0.5655800555238095	0.5655800555238095	0.0
40900000	40949999	0.5655800555238095	0.5655800555238095	0.0
40950000	40999999	0.5655800555238095	0.5655800555238095	0.0
41000000	41049999	0.5655800555238095	0.5655800555238095	0.0
41050000	41099999	0.5655800555238095	0.5655800555238095	0.0
41100000	41149999	0.5655800555238095	0.5655800555238095	0.0
41150000	41199999	0.5655800555238095	0.5655800555238095	0.0
41200000	41249999	0.5655800555238095	0.5655800555238095	0.0
41250000	41299999	0.5655800555238095	0.5655800555238095	0.0
41300000	41349999	0.5655800555238095	0.5655800555238095	0.0
41350000	41399999	0.5655800555238095	0.5655800555238095	0.0
41400000	41449999	0.5655800555238095	0.5655800555238095	0.0
41450000	41499999	0.5655800555238095	0.5655800555238095	0.0
41500000	41549999	0.5655800555238095	0.5655800555238095	0.0
41550000	41599999	0.5655800555238095	0.5655800555238095	0.0
41600000	41649999	0.5655800555238095	0.5655800555238095	0.0
41650000	41699999	0.5655800555238095	0.5655800555238095	0.0
41700000	41749999	0.5655800555238095	0.5655800555238095	0.0
41750000	41799999	0.5655800555238095	0.5655800555238095	0.0
41800000	41849999	0.5655800555238095	0.5655800555238095	0.0
41850000	41899999	4.609624257138095	0.5655800555238095	4.044044201614286
41900000	41949999	4.752760615747619	0.5655800555238095	4.18718056022381
41950000	41999999	4.727378527823809	0.5655800555238095	4.1617984723
42000000	42049999	4.883099248471428	0.5655800555238095	4.317519192947619
42050000	42099999	6.812704573390476	0.5655800555238095	6.247124517866666
42100000	42149999	6.995878706338094	0.5655800555238095	6.430298650814285
42150000	42199999	7.123947638442855	0.5655800555238095	6.558367582919046
42200000	42249999	7.159264385523807	0.5655800555238095	6.593684329999998
42250000	42299999	7.18655988692857	0.5655800555238095	6.62097983140476
42300000	42349999	7.199728047247617	0.5655800555238095	6.6341479917238075
42350000	42399999	7.196245392347619	0.5655800555238095	6.630665336823809
42400000	42449999	7.198077314823809	0.5655800555238095	6.6324972593
42450000	42499999	7.201179732480953	0.5655800555238095	6.635599676957144
42500000	42549999	7.2215523866857145	0.5655800555238095	6.655972331161905
42550000	42599999	7.234819878733334	0.5655800555238095	6.669239823209525
42600000	42649999	7.266979859942856	0.5655800555238095	6.701399804419046
42650000	42699999	7.2796821141047605	0.5655800555238095	6.714102058580951
42700000	42749999	7.296742423371429	0.5655800555238095	6.731162367847619
42750000	42799999	7.301079773166667	0.5655800555238095	6.735499717642858
42800000	42849999	7.323207059042859	0.5655800555238095	6.757627003519049
42850000	42899999	7.307049287595239	0.5655800555238095	6.74146923207143
42900000	42949999	3.2539667584190477	0.5655800555238095	2.6883867028952384
42950000	42999999	3.1095849001285716	0.5655800555238095	2.5440048446047623
43000000	43049999	3.1292457805761904	0.5655800555238095	2.563665725052381
43050000	43099999	2.9719004879714292	0.5655800555238095	2.40632043244762
43100000	43149999	1.0506851825619048	0.5655800555238095	0.4851051270380953
43150000	43199999	0.8759815831571429	0.5655800555238095	0.3104015276333334
43200000	43249999	0.7410912185	0.5655800555238095	0.17551116297619052
43250000	43299999	0.7107166863238096	0.5655800555238095	0.14513663080000005
43300000	43349999	0.6890096126428572	0.5655800555238095	0.12342955711904768
43350000	43399999	0.6928822831333334	0.5655800555238095	0.12730222760952392
43400000	43449999	0.7127822732	0.5655800555238095	0.14720221767619046
43450000	43499999	0.7281097708190476	0.5655800555238095	0.16252971529523808
43500000	43549999	0.7382147193095239	0.5655800555238095	0.17263466378571435
43550000	43599999	0.7313907616857143	0.5655800555238095	0.16581070616190474
43600000	43649999	0.7427958468238095	0.5655800555238095	0.17721579129999998
43650000	43699999	0.7038218749190477	0.5655800555238095	0.13824181939523816
43700000	43749999	0.690312380604762	0.5655800555238095	0.12473232508095244
43750000	43799999	0.6730709826238095	0.5655800555238095	0.10749092709999997
43800000	43849999	0.6672933848380952	0.5655800555238095	0.10171332931428567
43850000	43899999	0.6468710413095238	0.5655800555238095	0.08129098578571425
43900000	43949999	0.6649564240238095	0.5655800555238095	0.09937636849999998
43950000	43999999	0.6725484046666667	0.5655800555238095	0.10696834914285713
44000000	44049999	0.6680080624571428	0.5655800555238095	0.10242800693333332
44050000	44099999	0.6709211207142857	0.5655800555238095	0.10534106519047615
44100000	44149999	0.6804360012285714	0.5655800555238095	0.11485594570476187
44150000	44199999	0.6726482696380952	0.5655800555238095	0.10706821411428569
44200000	44249999	0.6604501979666667	0.5655800555238095	0.09487014244285719
44250000	44299999	0.6629673991428572	0.5655800555238095	0.09738734361904766
44300000	44349999	0.6647795092904762	0.5655800555238095	0.09919945376666672
44350000	44399999	0.6534413527380952	0.5655800555238095	0.0878612972142857
44400000	44449999	0.6293492998190476	0.5655800555238095	0.06376924429523811
44450000	44499999	0.6044722038714286	0.5655800555238095	0.038892148347619115
44500000	44549999	0.5889392723857143	0.5655800555238095	0.023359216861904786
44550000	44599999	0.5678864262857143	0.5655800555238095	0.0023063707619047635
44600000	44649999	0.5816266133619048	0.5655800555238095	0.016046557838095277
44650000	44699999	0.5637750399809524	0.5655800555238095	-0.001805015542857169
44700000	44749999	0.5835366173666666	0.5655800555238095	0.0179565618428571
44750000	44799999	0.5877028416380953	0.5655800555238095	0.022122786114285753
44800000	44849999	0.5889682013428571	0.5655800555238095	0.02338814581904758
44850000	44899999	0.5921558784809524	0.5655800555238095	0.02657582295714289
44900000	44949999	0.5979999627238095	0.5655800555238095	0.03241990719999999
44950000	44999999	0.6100498111809524	0.5655800555238095	0.04446975565714284
45000000	45049999	0.6233130365761904	0.5655800555238095	0.057732981052380894
45050000	45099999	0.6336787653714285	0.5655800555238095	0.06809870984761901
45100000	45149999	0.6479460739190476	0.5655800555238095	0.08236601839523805
45150000	45199999	0.672063283152381	0.5655800555238095	0.10648322762857143
45200000	45249999	0.6893137718761905	0.5655800555238095	0.12373371635238095
45250000	45299999	0.7090856380857142	0.5655800555238095	0.1435055825619047
45300000	45349999	0.7366747152238096	0.5655800555238095	0.17109465970000004
45350000	45399999	0.743584057347619	0.5655800555238095	0.1780040018238095
45400000	45449999	0.7503996799380952	0.5655800555238095	0.18481962441428568
45450000	45499999	0.7715127477238095	0.5655800555238095	0.2059326922
45500000	45549999	0.8150720598857143	0.5655800555238095	0.24949200436190477
45550000	45599999	0.8302853905571428	0.5655800555238095	0.26470533503333327
45600000	45649999	0.8706438735857143	0.5655800555238095	0.30506381806190475
45650000	45699999	0.8626278541333334	0.5655800555238095	0.2970477986095239
45700000	45749999	0.8720741390428571	0.5655800555238095	0.3064940835190476
45750000	45799999	0.8485369259476191	0.5655800555238095	0.28295687042380957
45800000	45849999	0.8181603910238096	0.5655800555238095	0.25258033550000003
45850000	45899999	0.7805641080952381	0.5655800555238095	0.2149840525714286
45900000	45949999	0.7312445192142857	0.5655800555238095	0.16566446369047616
45950000	45999999	0.6779077917809524	0.5655800555238095	0.11232773625714287
46000000	46049999	0.6182623843571429	0.5655800555238095	0.05268232883333335
46050000	46099999	0.5664943062047619	0.5655800555238095	0.0009142506809524109
46100000	46149999	0.5149895880571429	0.5655800555238095	-0.05059046746666662
46150000	46199999	0.4596053487809524	0.5655800555238095	-0.10597470674285714
46200000	46249999	0.38477922805238096	0.5655800555238095	-0.18080082747142856
46250000	46299999	0.32170058842380955	0.5655800555238095	-0.24387946709999997
46300000	46349999	0.26081713065714285	0.5655800555238095	-0.3047629248666667
46350000	46399999	0.19385123516190478	0.5655800555238095	-0.37172882036190474
46400000	46449999	0.1845567282285714	0.5655800555238095	-0.38102332729523813
46450000	46499999	0.2168427413333333	0.5655800555238095	-0.3487373141904762
46500000	46549999	0.2603961009619048	0.5655800555238095	-0.3051839545619047
46550000	46599999	0.2883951761428572	0.5655800555238095	-0.2771848793809523
46600000	46649999	0.353584573504762	0.5655800555238095	-0.2119954820190475
46650000	46699999	0.2932837929571429	0.5655800555238095	-0.2722962625666666
46700000	46749999	0.22701842045238096	0.5655800555238095	-0.33856163507142856
46750000	46799999	0.1705985192904762	0.5655800555238095	-0.3949815362333333
46800000	46849999	0.20576306860476196	0.5655800555238095	-0.35981698691904757
46850000	46899999	0.27192852199523815	0.5655800555238095	-0.2936515335285714
46900000	46949999	0.2821497968000001	0.5655800555238095	-0.28343025872380945
46950000	46999999	0.32972195653333336	0.5655800555238095	-0.23585809899047616
47000000	47049999	0.4077161078952381	0.5655800555238095	-0.15786394762857142
47050000	47099999	0.49033922890000003	0.5655800555238095	-0.07524082662380949
47100000	47149999	0.5311765385047619	0.5655800555238095	-0.03440351701904765
47150000	47199999	0.5816401285095238	0.5655800555238095	0.016060072985714324
47200000	47249999	0.6584277132142857	0.5655800555238095	0.0928476576904762
47250000	47299999	0.6575437799333333	0.5655800555238095	0.09196372440952383
47300000	47349999	0.7027696429190476	0.5655800555238095	0.13718958739523812
47350000	47399999	0.704566559304762	0.5655800555238095	0.13898650378095245
47400000	47449999	0.7236566878095239	0.5655800555238095	0.15807663228571434
47450000	47499999	0.7321398544333333	0.5655800555238095	0.16655979890952377
47500000	47549999	0.6726101922761905	0.5655800555238095	0.10703013675238093
47550000	47599999	0.5760525293476191	0.5655800555238095	0.010472473823809558
47600000	47649999	0.5089399929619047	0.5655800555238095	-0.05664006256190479
47650000	47699999	0.3858460164857143	0.5655800555238095	-0.1797340390380952
47700000	47749999	0.3667874358238095	0.5655800555238095	-0.1987926197
47750000	47799999	0.3663335520095238	0.5655800555238095	-0.19924650351428574
47800000	47849999	0.4014902550619047	0.5655800555238095	-0.1640898004619048
47850000	47899999	0.3838426833142857	0.5655800555238095	-0.1817373722095238
47900000	47949999	0.3449734917809524	0.5655800555238095	-0.22060656374285714
47950000	47999999	0.3739359217857143	0.5655800555238095	-0.19164413373809525
48000000	48049999	0.3812088837047619	0.5655800555238095	-0.1843711718190476
48050000	48099999	0.3481702109	0.5655800555238095	-0.21740984462380952
48100000	48149999	0.31267833907142856	0.5655800555238095	-0.25290171645238096
48150000	48199999	0.28138733520000003	0.5655800555238095	-0.2841927203238095
48200000	48249999	0.23451936829047626	0.5655800555238095	-0.33106068723333326
48250000	48299999	0.16325544254285712	0.5655800555238095	-0.4023246129809524
48300000	48349999	0.16619625336666666	0.5655800555238095	-0.39938380215714286
48350000	48399999	0.13270177944761907	0.5655800555238095	-0.43287827607619045
48400000	48449999	0.1531823578619047	0.5655800555238095	-0.4123976976619048
48450000	48499999	0.1761196023761904	0.5655800555238095	-0.3894604531476191
48500000	48549999	0.1203701702904762	0.5655800555238095	-0.4452098852333333
48550000	48599999	0.10344769211904764	0.5655800555238095	-0.4621323634047619
48600000	48649999	0.14239014974285719	0.5655800555238095	-0.42318990578095234
48650000	48699999	0.10280182830476181	0.5655800555238095	-0.4627782272190477
48700000	48749999	0.13094556643333338	0.5655800555238095	-0.43463448909047614
48750000	48799999	0.15717109025714293	0.5655800555238095	-0.4084089652666666
48800000	48849999	0.17759026145714285	0.5655800555238095	-0.38798979406666667
48850000	48899999	0.16658768174285715	0.5655800555238095	-0.39899237378095237
48900000	48949999	0.17034398490476182	0.5655800555238095	-0.3952360706190477
48950000	48999999	0.1835020602333332	0.5655800555238095	-0.3820779952904763
49000000	49049999	0.20713132965238085	0.5655800555238095	-0.3584487258714287
49050000	49099999	0.2542837466380953	0.5655800555238095	-0.31129630888571425
49100000	49149999	0.33976244910952386	0.5655800555238095	-0.22581760641428567
49150000	49199999	0.35711757962380963	0.5655800555238095	-0.2084624758999999
49200000	49249999	0.3959019832761905	0.5655800555238095	-0.16967807224761905
49250000	49299999	0.45884181917142863	0.5655800555238095	-0.10673823635238089
49300000	49349999	0.5135856173333333	0.5655800555238095	-0.05199443819047622
49350000	49399999	0.5564500167190476	0.5655800555238095	-0.00913003880476193
49400000	49449999	0.6050474392285714	0.5655800555238095	0.03946738370476188
49450000	49499999	0.6360300496761905	0.5655800555238095	0.07044999415238096
49500000	49549999	0.6473015748380953	0.5655800555238095	0.08172151931428573
49550000	49599999	0.7139600908857143	0.5655800555238095	0.1483800353619048
49600000	49649999	0.7685172018428572	0.5655800555238095	0.2029371463190477
49650000	49699999	0.7820477108761905	0.5655800555238095	0.216467655352381
49700000	49749999	0.8395881590904762	0.5655800555238095	0.2740081035666667
49750000	49799999	0.8879395278666667	0.5655800555238095	0.3223594723428572
49800000	49849999	0.9315432488095239	0.5655800555238095	0.36596319328571436
49850000	49899999	0.9949335169190476	0.5655800555238095	0.4293534613952381
49900000	49949999	1.049781541452381	0.5655800555238095	0.4842014859285715
49950000	49999999	1.0542514836380952	0.5655800555238095	0.48867142811428566
50000000	50049999	1.0748921784047618	0.5655800555238095	0.5093121228809523
50050000	50099999	1.0671207377714285	0.5655800555238095	0.5015406822476189
50100000	50149999	1.0114606099857144	0.5655800555238095	0.4458805544619049
50150000	50199999	0.9665483344809525	0.5655800555238095	0.40096827895714293
50200000	50249999	0.9727571185523809	0.5655800555238095	0.4071770630285714
50250000	50299999	0.9858063197714286	0.5655800555238095	0.4202262642476191
50300000	50349999	0.9688648392571428	0.5655800555238095	0.4032847837333333
50350000	50399999	0.9542684532095238	0.5655800555238095	0.3886883976857143
50400000	50449999	0.9506986535285715	0.5655800555238095	0.385118598004762
50450000	50499999	0.9344494338	0.5655800555238095	0.3688693782761905
50500000	50549999	0.9482235491523809	0.5655800555238095	0.3826434936285714
50550000	50599999	0.974864354	0.5655800555238095	0.4092842984761905
50600000	50649999	1.0598280627714285	0.5655800555238095	0.49424800724761897
50650000	50699999	1.0011211870904762	0.5655800555238095	0.43554113156666663
50700000	50749999	0.9442082553428571	0.5655800555238095	0.3786281998190476
50750000	50799999	0.8842584563904761	0.5655800555238095	0.31867840086666654
50800000	50849999	0.801856881304762	0.5655800555238095	0.23627682578095244
50850000	50899999	0.7354091132904761	0.5655800555238095	0.16982905776666657
50900000	50949999	0.6527353484380952	0.5655800555238095	0.0871552929142857
50950000	50999999	0.6439424338761904	0.5655800555238095	0.07836237835238091
51000000	51049999	0.6427555601904762	0.5655800555238095	0.07717550466666667
51050000	51099999	0.6165885730428571	0.5655800555238095	0.05100851751904756
51100000	51149999	0.5654206452	0.5655800555238095	-0.0001594103238095057
51150000	51199999	0.5239630716	0.5655800555238095	-0.041616983923809525
51200000	51249999	0.49974971458571427	0.5655800555238095	-0.06583034093809526
51250000	51299999	0.5111795170761905	0.5655800555238095	-0.05440053844761905
51300000	51349999	0.4896999277142857	0.5655800555238095	-0.0758801278095238
51350000	51399999	0.44176742865714286	0.5655800555238095	-0.12381262686666666
51400000	51449999	0.3949951322714286	0.5655800555238095	-0.17058492325238095
51450000	51499999	0.3497234963904762	0.5655800555238095	-0.21585655913333335
51500000	51549999	0.39187431859523814	0.5655800555238095	-0.17370573692857139
51550000	51599999	0.4570378541095238	0.5655800555238095	-0.10854220141428572
51600000	51649999	0.4648317962095238	0.5655800555238095	-0.10074825931428572
51650000	51699999	0.3910804623809524	0.5655800555238095	-0.17449959314285712
51700000	51749999	0.46788615306666664	0.5655800555238095	-0.09769390245714288
51750000	51799999	0.5370247806238095	0.5655800555238095	-0.028555274899999983
51800000	51849999	0.6318926961619048	0.5655800555238095	0.06631264063809528
51850000	51899999	0.6986449920333333	0.5655800555238095	0.13306493650952378
51900000	51949999	0.7533740552047619	0.5655800555238095	0.18779399968095234
51950000	51999999	0.822373144442857	0.5655800555238095	0.2567930889190475
52000000	52049999	0.8252046643904762	0.5655800555238095	0.2596246088666667
52050000	52099999	0.8406034770761905	0.5655800555238095	0.275023421552381
52100000	52149999	0.8782068808809524	0.5655800555238095	0.3126268253571429
52150000	52199999	0.9309657918857143	0.5655800555238095	0.36538573636190474
52200000	52249999	0.9963228030142857	0.5655800555238095	0.43074274749047614
52250000	52299999	0.9891196098571429	0.5655800555238095	0.42353955433333335
52300000	52349999	0.9630816508285713	0.5655800555238095	0.3975015953047618
52350000	52399999	0.9767623688095237	0.5655800555238095	0.4111823132857142
52400000	52449999	1.0367691565666666	0.5655800555238095	0.47118910104285705
52450000	52499999	1.0843540642095237	0.5655800555238095	0.5187740086857142
52500000	52549999	1.1285655088333333	0.5655800555238095	0.5629854533095238
52550000	52599999	1.0892808182571427	0.5655800555238095	0.5237007627333332
52600000	52649999	1.0067963531238096	0.5655800555238095	0.44121629760000003
52650000	52699999	0.9636019601333332	0.5655800555238095	0.3980219046095237
52700000	52749999	0.9415996118809523	0.5655800555238095	0.3760195563571428
52750000	52799999	0.9124165912857142	0.5655800555238095	0.34683653576190465
52800000	52849999	0.8925358175142857	0.5655800555238095	0.32695576199047616
52850000	52899999	0.8450459830285714	0.5655800555238095	0.27946592750476185
52900000	52949999	0.8523849723999999	0.5655800555238095	0.28680491687619036
52950000	52999999	0.8528868750428571	0.5655800555238095	0.2873068195190476
53000000	53049999	0.834411802409524	0.5655800555238095	0.26883174688571443
53050000	53099999	0.8113743492523809	0.5655800555238095	0.24579429372857142
53100000	53149999	0.7878196857666666	0.5655800555238095	0.2222396302428571
53150000	53199999	0.7551531783380953	0.5655800555238095	0.18957312281428573
53200000	53249999	0.7331194452190476	0.5655800555238095	0.16753938969523807
53250000	53299999	0.7057767416619047	0.5655800555238095	0.14019668613809522
53300000	53349999	0.7100403831523809	0.5655800555238095	0.14446032762857142
53350000	53399999	0.7147560571285714	0.5655800555238095	0.14917600160476185
53400000	53449999	0.7037290419714286	0.5655800555238095	0.13814898644761908
53450000	53499999	0.687270166752381	0.5655800555238095	0.12169011122857143
53500000	53549999	0.6919518059238096	0.5655800555238095	0.12637175040000004
53550000	53599999	0.695384783547619	0.5655800555238095	0.1298047280238095
53600000	53649999	0.6850260456904762	0.5655800555238095	0.11944599016666668
53650000	53699999	0.6849740811380952	0.5655800555238095	0.11939402561428569
53700000	53749999	0.6844104370666667	0.5655800555238095	0.11883038154285719
53750000	53799999	0.6733620845142857	0.5655800555238095	0.10778202899047618
53800000	53849999	0.6843246789095238	0.5655800555238095	0.11874462338571423
53850000	53899999	0.682509244095238	0.5655800555238095	0.11692918857142853
53900000	53949999	0.6849222445047619	0.5655800555238095	0.11934218898095239
53950000	53999999	0.6564463017714286	0.5655800555238095	0.09086624624761908
54000000	54049999	0.6361313912095238	0.5655800555238095	0.07055133568571426
54050000	54099999	0.6420991175666667	0.5655800555238095	0.07651906204285719
54100000	54149999	0.6211581504809524	0.5655800555238095	0.05557809495714283
54150000	54199999	0.6232840118142857	0.5655800555238095	0.0577039562904762
54200000	54249999	0.597502435247619	0.5655800555238095	0.03192237972380951
54250000	54299999	0.5962262546190477	0.5655800555238095	0.030646199095238136
54300000	54349999	0.6167608677666667	0.5655800555238095	0.0511808122428572
54350000	54399999	0.6035758186142857	0.5655800555238095	0.03799576309047614
54400000	54449999	0.5977989883142857	0.5655800555238095	0.03221893279047616
54450000	54499999	0.5980749278619047	0.5655800555238095	0.032494872338095226
54500000	54549999	0.6041783724714286	0.5655800555238095	0.03859831694761906
54550000	54599999	0.5985857527714286	0.5655800555238095	0.03300569724761904
54600000	54649999	0.5985489501761905	0.5655800555238095	0.03296889465238095
54650000	54699999	0.6171672320142857	0.5655800555238095	0.05158717649047617
54700000	54749999	0.6118360109095238	0.5655800555238095	0.046255955385714254
54750000	54799999	0.6048428190571429	0.5655800555238095	0.039262763533333356
54800000	54849999	0.6139228891761905	0.5655800555238095	0.04834283365238101
54850000	54899999	0.6240723465428571	0.5655800555238095	0.058492291019047626
54900000	54949999	0.6260107562666667	0.5655800555238095	0.06043070074285717
54950000	54999999	0.6207204833904761	0.5655800555238095	0.05514042786666662
55000000	55049999	0.6310388112	0.5655800555238095	0.06545875567619053
55050000	55099999	0.6396559125142858	0.5655800555238095	0.07407585699047625
55100000	55149999	0.6346302160619047	0.5655800555238095	0.0690501605380952
55150000	55199999	0.6387342070809524	0.5655800555238095	0.07315415155714289
55200000	55249999	0.630557775452381	0.5655800555238095	0.06497771992857149
55250000	55299999	0.6365566314571429	0.5655800555238095	0.0709765759333334
55300000	55349999	0.6402696036809524	0.5655800555238095	0.0746895481571429
55350000	55399999	0.6322831262095239	0.5655800555238095	0.06670307068571435
55400000	55449999	0.6307572266619048	0.5655800555238095	0.06517717113809529
55450000	55499999	0.6221254964428572	0.5655800555238095	0.056545440919047674
55500000	55549999	0.623238829504762	0.5655800555238095	0.05765877398095243
55550000	55599999	0.619050385452381	0.5655800555238095	0.05347032992857148
55600000	55649999	0.625472748652381	0.5655800555238095	0.059892693128571484
55650000	55699999	0.6263543592523809	0.5655800555238095	0.0607743037285714
55700000	55749999	0.617629833547619	0.5655800555238095	0.0520497780238095
55750000	55799999	0.617412174747619	0.5655800555238095	0.05183211922380948
55800000	55849999	0.6335153085619047	0.5655800555238095	0.06793525303809522
55850000	55899999	0.6246250332809524	0.5655800555238095	0.0590449777571429
55900000	55949999	0.6127155613380952	0.5655800555238095	0.047135505814285716
55950000	55999999	0.6113049413761905	0.5655800555238095	0.04572488585238099
56000000	56049999	0.6146748857190476	0.5655800555238095	0.04909483019523808
56050000	56099999	0.6124503740952381	0.5655800555238095	0.04687031857142854
56100000	56149999	0.6212283484476191	0.5655800555238095	0.05564829292380957
56150000	56199999	0.6136271813761904	0.5655800555238095	0.04804712585238091
56200000	56249999	0.6217612669190477	0.5655800555238095	0.05618121139523813
56250000	56299999	0.6256920088571428	0.5655800555238095	0.0601119533333333
56300000	56349999	0.6372161897	0.5655800555238095	0.07163613417619052
56350000	56399999	0.6503803045095238	0.5655800555238095	0.08480024898571425
56400000	56449999	0.6408002345714285	0.5655800555238095	0.07522017904761902
56450000	56499999	0.6470107418809524	0.5655800555238095	0.0814306863571429
56500000	56549999	0.645108829152381	0.5655800555238095	0.07952877362857147
56550000	56599999	0.6485883450666666	0.5655800555238095	0.0830082895428571
56600000	56649999	0.6570698011619047	0.5655800555238095	0.0914897456380952
56650000	56699999	0.6619054518857143	0.5655800555238095	0.09632539636190474
56700000	56749999	0.6660439725142857	0.5655800555238095	0.10046391699047619
56750000	56799999	0.6651362390714286	0.5655800555238095	0.09955618354761908
56800000	56849999	0.6693952117523809	0.5655800555238095	0.1038151562285714
56850000	56899999	0.6616671436904762	0.5655800555238095	0.09608708816666667
56900000	56949999	0.6544020230809524	0.5655800555238095	0.08882196755714289
56950000	56999999	0.6504111747238095	0.5655800555238095	0.08483111919999997
57000000	57049999	0.6425459542666666	0.5655800555238095	0.07696589874285709
57050000	57099999	0.6406513390380952	0.5655800555238095	0.07507128351428571
57100000	57149999	0.639892676447619	0.5655800555238095	0.07431262092380952
57150000	57199999	0.6283711744761905	0.5655800555238095	0.06279111895238099
57200000	57249999	0.6318824991333334	0.5655800555238095	0.06630244360952386
57250000	57299999	0.6353626798190476	0.5655800555238095	0.06978262429523807
57300000	57349999	0.6319620016428571	0.5655800555238095	0.06638194611904757
57350000	57399999	0.6307044004333333	0.5655800555238095	0.06512434490952379
57400000	57449999	0.6145445221333333	0.5655800555238095	0.048964466609523805
57450000	57499999	0.618856889	0.5655800555238095	0.0532768334761905
57500000	57549999	0.6200965014476191	0.5655800555238095	0.05451644592380955
57550000	57599999	0.6434851335904762	0.5655800555238095	0.07790507806666669
57600000	57649999	0.6607531875809524	0.5655800555238095	0.09517313205714284
57650000	57699999	0.6602526193095238	0.5655800555238095	0.09467256378571431
57700000	57749999	0.6420942028619048	0.5655800555238095	0.07651414733809525
57750000	57799999	0.6350147580857143	0.5655800555238095	0.06943470256190476
57800000	57849999	0.6341626078	0.5655800555238095	0.06858255227619048
57850000	57899999	0.6348942340809524	0.5655800555238095	0.06931417855714284
57900000	57949999	0.6334533494142858	0.5655800555238095	0.06787329389047625
57950000	57999999	0.6421127030095238	0.5655800555238095	0.07653264748571431
58000000	58049999	0.6396625058714286	0.5655800555238095	0.07408245034761907
58050000	58099999	0.6496070386571429	0.5655800555238095	0.08402698313333334
58100000	58149999	0.6474088246428571	0.5655800555238095	0.08182876911904757
58150000	58199999	0.6503507783666667	0.5655800555238095	0.08477072284285714
58200000	58249999	0.6519725790285714	0.5655800555238095	0.0863925235047619
58250000	58299999	0.6505388654047619	0.5655800555238095	0.08495880988095239
58300000	58349999	0.6497441843285714	0.5655800555238095	0.08416412880476187
58350000	58399999	0.6433664928190477	0.5655800555238095	0.07778643729523815
58400000	58449999	0.6470224966190476	0.5655800555238095	0.08144244109523813
58450000	58499999	0.6643419274095238	0.5655800555238095	0.09876187188571428
58500000	58549999	0.6605984566809524	0.5655800555238095	0.09501840115714288
58550000	58599999	0.6609785729952381	0.5655800555238095	0.09539851747142858
58600000	58649999	0.6420020546523809	0.5655800555238095	0.0764219991285714
58650000	58699999	0.6255386812761905	0.5655800555238095	0.05995862575238098
58700000	58749999	0.6274344608095238	0.5655800555238095	0.06185440528571429
58750000	58799999	0.634884802	0.5655800555238095	0.06930474647619045
58800000	58849999	0.6346770330238095	0.5655800555238095	0.06909697749999999
58850000	58899999	0.6518073334619048	0.5655800555238095	0.08622727793809526
58900000	58949999	0.656915176847619	0.5655800555238095	0.0913351213238095
58950000	58999999	0.6598522773666666	0.5655800555238095	0.0942722218428571
59000000	59049999	0.6630684315380952	0.5655800555238095	0.09748837601428573
59050000	59099999	0.6529401381	0.5655800555238095	0.08736008257619043
59100000	59149999	0.6448324507047619	0.5655800555238095	0.0792523951809524
59150000	59199999	0.6536357313809523	0.5655800555238095	0.0880556758571428
59200000	59249999	0.6590428777904762	0.5655800555238095	0.09346282226666669
59250000	59299999	0.6634067800380952	0.5655800555238095	0.09782672451428565
59300000	59349999	0.6551222750333333	0.5655800555238095	0.08954221950952379
59350000	59399999	0.6515123335857143	0.5655800555238095	0.08593227806190473
59400000	59449999	0.6732499159238094	0.5655800555238095	0.10766986039999993
59450000	59499999	0.6978347190047619	0.5655800555238095	0.13225466348095238
59500000	59549999	0.7059114060904761	0.5655800555238095	0.14033135056666657
59550000	59599999	0.7254270501285713	0.5655800555238095	0.15984699460476182
59600000	59649999	0.7848319000047619	0.5655800555238095	0.21925184448095236
59650000	59699999	0.7990883854047619	0.5655800555238095	0.23350832988095238
59700000	59749999	0.7901016391285713	0.5655800555238095	0.22452158360476182
59750000	59799999	0.785401764947619	0.5655800555238095	0.21982170942380952
59800000	59849999	0.7947811034809524	0.5655800555238095	0.2292010479571429
59850000	59899999	0.7917488630952381	0.5655800555238095	0.22616880757142854
59900000	59949999	0.7714298988285715	0.5655800555238095	0.20584984330476197
59950000	59999999	0.7550985887714285	0.5655800555238095	0.18951853324761903
60000000	60049999	0.7635628097095237	0.5655800555238095	0.1979827541857142
60050000	60099999	0.7543488187047619	0.5655800555238095	0.18876876318095237
60100000	60149999	0.7483450553571429	0.5655800555238095	0.18276499983333339
60150000	60199999	0.7502754317619048	0.5655800555238095	0.1846953762380953
60200000	60249999	0.7455132053142857	0.5655800555238095	0.17993314979047614
60250000	60299999	0.7274584688190476	0.5655800555238095	0.1618784132952381
60300000	60349999	0.7133235856095238	0.5655800555238095	0.14774353008571428
60350000	60399999	0.7309755445047619	0.5655800555238095	0.16539548898095235
60400000	60449999	0.7319864852857143	0.5655800555238095	0.16640642976190478
60450000	60499999	0.7252029805857143	0.5655800555238095	0.15962292506190479
60500000	60549999	0.6923273772	0.5655800555238095	0.12674732167619052
60550000	60599999	0.6653639945333334	0.5655800555238095	0.09978393900952387
60600000	60649999	0.6418827705190476	0.5655800555238095	0.07630271499523811
60650000	60699999	0.5844021406142857	0.5655800555238095	0.018822085090476226
60700000	60749999	0.5703353773619048	0.5655800555238095	0.004755321838095239
60750000	60799999	0.5649671595285715	0.5655800555238095	-0.0006128959952380608
60800000	60849999	0.5604171207380952	0.5655800555238095	-0.005162934785714279
60850000	60899999	0.5531267229904762	0.5655800555238095	-0.012453332533333361
60900000	60949999	0.5791834235238096	0.5655800555238095	0.01360336800000006
60950000	60999999	0.5955941813666666	0.5655800555238095	0.03001412584285712
61000000	61049999	0.613422461547619	0.5655800555238095	0.047842406023809514
61050000	61099999	0.6236398473857143	0.5655800555238095	0.0580597918619048
61100000	61149999	0.6583646458190476	0.5655800555238095	0.09278459029523811
61150000	61199999	0.6964636318285714	0.5655800555238095	0.13088357630476188
61200000	61249999	0.7306155482428571	0.5655800555238095	0.1650354927190476
61250000	61299999	0.7561034435142857	0.5655800555238095	0.1905233879904762
61300000	61349999	0.8108962047571429	0.5655800555238095	0.24531614923333334
61350000	61399999	0.8546160738	0.5655800555238095	0.2890360182761905
61400000	61449999	0.8778335222333333	0.5655800555238095	0.3122534667095238
61450000	61499999	0.9108013743952381	0.5655800555238095	0.3452213188714286
61500000	61549999	0.9443987524238096	0.5655800555238095	0.37881869690000003
61550000	61599999	0.9916585423047619	0.5655800555238095	0.4260784867809524
61600000	61649999	1.059260046557143	0.5655800555238095	0.4936799910333334
61650000	61699999	1.1219385407	0.5655800555238095	0.5563584851761905
61700000	61749999	1.1548738631619049	0.5655800555238095	0.5892938076380954
61750000	61799999	1.1825287380904763	0.5655800555238095	0.6169486825666668
61800000	61849999	1.2091168062476192	0.5655800555238095	0.6435367507238097
61850000	61899999	1.2512637796809525	0.5655800555238095	0.685683724157143
61900000	61949999	1.2742993200142858	0.5655800555238095	0.7087192644904763
61950000	61999999	1.2639397620571429	0.5655800555238095	0.6983597065333333
62000000	62049999	1.2982996259428572	0.5655800555238095	0.7327195704190477
62050000	62099999	1.3295337739714286	0.5655800555238095	0.7639537184476191
62100000	62149999	1.318819561142857	0.5655800555238095	0.7532395056190475
62150000	62199999	1.314636818061905	0.5655800555238095	0.7490567625380955
62200000	62249999	1.3293692819142857	0.5655800555238095	0.7637892263904762
62250000	62299999	1.3165237132857142	0.5655800555238095	0.7509436577619046
62300000	62349999	1.3020436314761903	0.5655800555238095	0.7364635759523808
62350000	62399999	1.2816978545619047	0.5655800555238095	0.7161177990380951
62400000	62449999	1.2751751494380952	0.5655800555238095	0.7095950939142857
62450000	62499999	1.266788101204762	0.5655800555238095	0.7012080456809524
62500000	62549999	1.2441255989714284	0.5655800555238095	0.6785455434476189
62550000	62599999	1.2289377534238093	0.5655800555238095	0.6633576978999998
62600000	62649999	1.201204377347619	0.5655800555238095	0.6356243218238096
62650000	62699999	1.1855799068238095	0.5655800555238095	0.6199998513
62700000	62749999	1.1549275512571429	0.5655800555238095	0.5893474957333333
62750000	62799999	1.159282607161905	0.5655800555238095	0.5937025516380954
62800000	62849999	1.1697619250857143	0.5655800555238095	0.6041818695619048
62850000	62899999	1.1933689907333334	0.5655800555238095	0.6277889352095238
62900000	62949999	1.208882407552381	0.5655800555238095	0.6433023520285714
62950000	62999999	1.2429662089	0.5655800555238095	0.6773861533761905
63000000	63049999	1.3089552067190477	0.5655800555238095	0.7433751511952382
63050000	63099999	1.3112053650809523	0.5655800555238095	0.7456253095571428
63100000	63149999	1.299367918209524	0.5655800555238095	0.7337878626857144
63150000	63199999	1.3168027235952382	0.5655800555238095	0.7512226680714287
63200000	63249999	1.3136121711095239	0.5655800555238095	0.7480321155857144
63250000	63299999	1.2988004848714287	0.5655800555238095	0.7332204293476192
63300000	63349999	1.3005725627666667	0.5655800555238095	0.7349925072428571
63350000	63399999	1.2943236076428573	0.5655800555238095	0.7287435521190477
63400000	63449999	1.276268528957143	0.5655800555238095	0.7106884734333334
63450000	63499999	1.2944496481190475	0.5655800555238095	0.728869592595238
63500000	63549999	1.2885711034095237	0.5655800555238095	0.7229910478857142
63550000	63599999	1.2963936990333333	0.5655800555238095	0.7308136435095238
63600000	63649999	1.2751703280190476	0.5655800555238095	0.7095902724952381
63650000	63699999	1.2729979533428573	0.5655800555238095	0.7074178978190477
63700000	63749999	1.2320787422333335	0.5655800555238095	0.666498686709524
63750000	63799999	1.2183892915142858	0.5655800555238095	0.6528092359904762
63800000	63849999	1.1807293213428571	0.5655800555238095	0.6151492658190476
63850000	63899999	1.1352497634523808	0.5655800555238095	0.5696697079285713
63900000	63949999	1.083822293490476	0.5655800555238095	0.5182422379666665
63950000	63999999	1.034049802161905	0.5655800555238095	0.4684697466380954
64000000	64049999	0.9804042888571428	0.5655800555238095	0.4148242333333333
64050000	64099999	0.9108359504952381	0.5655800555238095	0.3452558949714286
64100000	64149999	0.8688514848571427	0.5655800555238095	0.3032714293333332
64150000	64199999	0.8454405239333334	0.5655800555238095	0.27986046840952383
64200000	64249999	0.8187652149571429	0.5655800555238095	0.2531851594333334
64250000	64299999	0.8056711176285715	0.5655800555238095	0.24009106210476194
64300000	64349999	0.7915011634285715	0.5655800555238095	0.22592110790476194
64350000	64399999	0.7835464991857143	0.5655800555238095	0.21796644366190476
64400000	64449999	0.8043337105095238	0.5655800555238095	0.23875365498571433
64450000	64499999	0.855933130147619	0.5655800555238095	0.29035307462380944
64500000	64549999	0.8531754248333333	0.5655800555238095	0.2875953693095238
64550000	64599999	0.8635331137190476	0.5655800555238095	0.2979530581952381
64600000	64649999	0.8887342754047619	0.5655800555238095	0.3231542198809524
64650000	64699999	0.9270185043761905	0.5655800555238095	0.36143844885238097
64700000	64749999	0.9669345066142857	0.5655800555238095	0.4013544510904762
64750000	64799999	1.0094718596619048	0.5655800555238095	0.44389180413809526
64800000	64849999	1.0288046978714287	0.5655800555238095	0.4632246423476192
64850000	64899999	1.044177323004762	0.5655800555238095	0.47859726748095244
64900000	64949999	1.0762485643142856	0.5655800555238095	0.5106685087904761
64950000	64999999	1.1095320413523808	0.5655800555238095	0.5439519858285713
65000000	65049999	1.115058527095238	0.5655800555238095	0.5494784715714285
65050000	65099999	1.1253385531666669	0.5655800555238095	0.5597584976428573
65100000	65149999	1.1225555030809524	0.5655800555238095	0.5569754475571429
65150000	65199999	1.1200152745809524	0.5655800555238095	0.5544352190571429
65200000	65249999	1.1038942593380954	0.5655800555238095	0.5383142038142859
65250000	65299999	1.0983990195809523	0.5655800555238095	0.5328189640571428
65300000	65349999	1.0839183874047618	0.5655800555238095	0.5183383318809522
65350000	65399999	1.063601817904762	0.5655800555238095	0.4980217623809524
65400000	65449999	1.0568404637238094	0.5655800555238095	0.49126040819999983
65450000	65499999	1.0327287919333332	0.5655800555238095	0.4671487364095237
65500000	65549999	0.9712711177142856	0.5655800555238095	0.4056910621904761
65550000	65599999	0.9500302928238096	0.5655800555238095	0.38445023730000005
65600000	65649999	0.9245466340666666	0.5655800555238095	0.3589665785428571
65650000	65699999	0.8962179120047619	0.5655800555238095	0.33063785648095234
65700000	65749999	0.869222708847619	0.5655800555238095	0.30364265332380946
65750000	65799999	0.8647919515190476	0.5655800555238095	0.2992118959952381
65800000	65849999	0.8393570145047619	0.5655800555238095	0.27377695898095233
65850000	65899999	0.8308302390761906	0.5655800555238095	0.26525018355238106
65900000	65949999	0.8320270651952382	0.5655800555238095	0.26644700967142865
65950000	65999999	0.8258321573333334	0.5655800555238095	0.26025210180952385
66000000	66049999	0.8104203087333334	0.5655800555238095	0.24484025320952385
66050000	66099999	0.8100898522	0.5655800555238095	0.24450979667619044
66100000	66149999	0.821073934147619	0.5655800555238095	0.25549387862380946
66150000	66199999	0.8342011372714286	0.5655800555238095	0.2686210817476191
66200000	66249999	0.8389674634000001	0.5655800555238095	0.27338740787619054
66250000	66299999	0.8665132389857143	0.5655800555238095	0.3009331834619048
66300000	66349999	0.8776471276095238	0.5655800555238095	0.31206707208571427
66350000	66399999	0.8850395022809524	0.5655800555238095	0.3194594467571429
66400000	66449999	0.8958221416476191	0.5655800555238095	0.33024208612380956
66450000	66499999	0.9000397804380953	0.5655800555238095	0.33445972491428577
66500000	66549999	0.8968571788904762	0.5655800555238095	0.3312771233666667
66550000	66599999	0.9015855515047619	0.5655800555238095	0.3360054959809524
66600000	66649999	0.8848654757857144	0.5655800555238095	0.3192854202619049
66650000	66699999	0.8776186602285714	0.5655800555238095	0.31203860470476186
66700000	66749999	0.8600066351571428	0.5655800555238095	0.2944265796333333
66750000	66799999	0.8454136344476191	0.5655800555238095	0.27983357892380956
66800000	66849999	0.7930907038190477	0.5655800555238095	0.22751064829523815
66850000	66899999	0.7783209309571429	0.5655800555238095	0.21274087543333342
66900000	66949999	0.7571618208761905	0.5655800555238095	0.19158176535238103
66950000	66999999	0.7374171450380953	0.5655800555238095	0.17183708951428578
67000000	67049999	0.7181796372809524	0.5655800555238095	0.15259958175714283
67050000	67099999	0.7078216885476191	0.5655800555238095	0.14224163302380954
67100000	67149999	0.698586197	0.5655800555238095	0.1330061414761905
67150000	67199999	0.6824681061619048	0.5655800555238095	0.11688805063809526
67200000	67249999	0.6686833438952381	0.5655800555238095	0.10310328837142857
67250000	67299999	0.6621850067285714	0.5655800555238095	0.09660495120476187
67300000	67349999	0.6484845843095238	0.5655800555238095	0.0829045287857143
67350000	67399999	0.6466323971	0.5655800555238095	0.08105234157619046
67400000	67449999	0.6493496153761905	0.5655800555238095	0.08376955985238099
67450000	67499999	0.666075974152381	0.5655800555238095	0.10049591862857143
67500000	67549999	0.6595991906571429	0.5655800555238095	0.09401913513333338
67550000	67599999	0.659677602904762	0.5655800555238095	0.09409754738095244
67600000	67649999	0.6556093524190476	0.5655800555238095	0.09002929689523809
67650000	67699999	0.6562284226523809	0.5655800555238095	0.09064836712857138
67700000	67749999	0.6663034220238095	0.5655800555238095	0.10072336650000002
67750000	67799999	0.6807484435095238	0.5655800555238095	0.11516838798571427
67800000	67849999	0.6816446249666667	0.5655800555238095	0.11606456944285715
67850000	67899999	0.6966006630142857	0.5655800555238095	0.13102060749047617
67900000	67949999	0.6951024233666667	0.5655800555238095	0.1295223678428572
67950000	67999999	0.6936044151190477	0.5655800555238095	0.12802435959523817
68000000	68049999	0.6974845971047618	0.5655800555238095	0.13190454158095233
68050000	68099999	0.7097970816	0.5655800555238095	0.14421702607619047
68100000	68149999	0.7072215313095238	0.5655800555238095	0.1416414757857143
68150000	68199999	0.7132768147380952	0.5655800555238095	0.1476967592142857
68200000	68249999	0.7094288606809525	0.5655800555238095	0.14384880515714293
68250000	68299999	0.7191931873904762	0.5655800555238095	0.1536131318666667
68300000	68349999	0.7285913655238095	0.5655800555238095	0.16301131000000002
68350000	68399999	0.7389935540333334	0.5655800555238095	0.17341349850952392
68400000	68449999	0.7354310605095238	0.5655800555238095	0.16985100498571426
68450000	68499999	0.7243994772142857	0.5655800555238095	0.15881942169047614
68500000	68549999	0.7158803573333333	0.5655800555238095	0.1503003018095238
68550000	68599999	0.7131986815809523	0.5655800555238095	0.14761862605714282
68600000	68649999	0.7189750584857142	0.5655800555238095	0.15339500296190467
68650000	68699999	0.7163861913190476	0.5655800555238095	0.15080613579523805
68700000	68749999	0.7170731306380952	0.5655800555238095	0.15149307511428567
68750000	68799999	0.7184442228	0.5655800555238095	0.15286416727619045
68800000	68849999	0.7212858296142857	0.5655800555238095	0.15570577409047615
68850000	68899999	0.7254347715857143	0.5655800555238095	0.15985471606190482
68900000	68949999	0.7188662183238095	0.5655800555238095	0.15328616279999996
68950000	68999999	0.7275136262571429	0.5655800555238095	0.16193357073333337
69000000	69049999	0.7488711204	0.5655800555238095	0.1832910648761905
69050000	69099999	0.7758870098142857	0.5655800555238095	0.2103069542904762
69100000	69149999	0.7814405937761905	0.5655800555238095	0.21586053825238094
69150000	69199999	0.8112508856714286	0.5655800555238095	0.24567083014761903
69200000	69249999	0.8270822136380953	0.5655800555238095	0.2615021581142858
69250000	69299999	0.8631292586190475	0.5655800555238095	0.297549203095238
69300000	69349999	0.8994311671809523	0.5655800555238095	0.33385111165714276
69350000	69399999	0.9241289161047619	0.5655800555238095	0.35854886058095237
69400000	69449999	0.9370156862619048	0.5655800555238095	0.37143563073809527
69450000	69499999	0.9541047554047619	0.5655800555238095	0.3885246998809524
69500000	69549999	0.9794165383904762	0.5655800555238095	0.41383648286666663
69550000	69599999	0.9954813171999999	0.5655800555238095	0.42990126167619036
69600000	69649999	1.013802765495238	0.5655800555238095	0.44822270997142843
69650000	69699999	1.0348750691095239	0.5655800555238095	0.46929501358571435
69700000	69749999	1.0621850679904763	0.5655800555238095	0.4966050124666668
69750000	69799999	1.0829454107142857	0.5655800555238095	0.5173653551904762
69800000	69849999	1.1007285413190475	0.5655800555238095	0.535148485795238
69850000	69899999	1.1136055285238096	0.5655800555238095	0.548025473
69900000	69949999	1.139366576204762	0.5655800555238095	0.5737865206809525
69950000	69999999	1.1529195159666665	0.5655800555238095	0.587339460442857
70000000	70049999	1.1678750831285716	0.5655800555238095	0.6022950276047621
70050000	70099999	1.1652541263190477	0.5655800555238095	0.5996740707952382
70100000	70149999	1.159625489842857	0.5655800555238095	0.5940454343190475
70150000	70199999	1.1683685723095238	0.5655800555238095	0.6027885167857143
70200000	70249999	1.1714956289047622	0.5655800555238095	0.6059155733809527
70250000	70299999	1.1873468704142858	0.5655800555238095	0.6217668148904762
70300000	70349999	1.168209570638095	0.5655800555238095	0.6026295151142855
70350000	70399999	1.149247347366667	0.5655800555238095	0.5836672918428574
70400000	70449999	1.1486516601380952	0.5655800555238095	0.5830716046142856
70450000	70499999	1.1518700860333333	0.5655800555238095	0.5862900305095238
70500000	70549999	1.1592455855	0.5655800555238095	0.5936655299761904
70550000	70599999	1.1668253203476189	0.5655800555238095	0.6012452648238094
70600000	70649999	1.1678211150809523	0.5655800555238095	0.6022410595571428
70650000	70699999	1.1688527113857141	0.5655800555238095	0.6032726558619046
70700000	70749999	1.153720774295238	0.5655800555238095	0.5881407187714285
70750000	70799999	1.1348410445285715	0.5655800555238095	0.569260989004762
70800000	70849999	1.1157832807904762	0.5655800555238095	0.5502032252666667
70850000	70899999	1.1064225780476191	0.5655800555238095	0.5408425225238096
70900000	70949999	1.091391550857143	0.5655800555238095	0.5258114953333335
70950000	70999999	1.0700254560714286	0.5655800555238095	0.5044454005476191
71000000	71049999	1.0607433405714286	0.5655800555238095	0.4951632850476191
71050000	71099999	1.041647735647619	0.5655800555238095	0.4760676801238095
71100000	71149999	1.0318742136190475	0.5655800555238095	0.466294158095238
71150000	71199999	1.0097271316571428	0.5655800555238095	0.44414707613333326
71200000	71249999	0.9900330743190475	0.5655800555238095	0.424453018795238
71250000	71299999	0.9787611907761904	0.5655800555238095	0.41318113525238087
71300000	71349999	0.9559763215238095	0.5655800555238095	0.390396266
71350000	71399999	0.9539189141380953	0.5655800555238095	0.38833885861428574
71400000	71449999	0.9397818457238094	0.5655800555238095	0.3742017901999999
71450000	71499999	0.9362378356285714	0.5655800555238095	0.3706577801047619
71500000	71549999	0.9190262704523811	0.5655800555238095	0.35344621492857153
71550000	71599999	0.9087722925142857	0.5655800555238095	0.3431922369904762
71600000	71649999	0.9021114581476191	0.5655800555238095	0.33653140262380954
71650000	71699999	0.898377648252381	0.5655800555238095	0.33279759272857146
71700000	71749999	0.8892899055142857	0.5655800555238095	0.32370984999047614
71750000	71799999	0.8941098367238094	0.5655800555238095	0.32852978119999987
71800000	71849999	0.9084323252095238	0.5655800555238095	0.34285226968571425
71850000	71899999	0.9309491807428572	0.5655800555238095	0.36536912521904763
71900000	71949999	0.9464230262857143	0.5655800555238095	0.38084297076190476
71950000	71999999	0.9644545446285713	0.5655800555238095	0.39887448910476175
72000000	72049999	0.9751226522761904	0.5655800555238095	0.4095425967523809
72050000	72099999	0.9969786668523809	0.5655800555238095	0.4313986113285714
72100000	72149999	1.017061938604762	0.5655800555238095	0.4514818830809524
72150000	72199999	1.0274251712761904	0.5655800555238095	0.46184511575238085
72200000	72249999	1.0327789930238096	0.5655800555238095	0.4671989375000001
72250000	72299999	1.0346681840095238	0.5655800555238095	0.46908812848571424
72300000	72349999	1.0259903328619047	0.5655800555238095	0.46041027733809514
72350000	72399999	1.024699447157143	0.5655800555238095	0.4591193916333334
72400000	72449999	1.0414921700714286	0.5655800555238095	0.47591211454761906
72450000	72499999	1.0547689813857142	0.5655800555238095	0.48918892586190466
72500000	72549999	1.048983799847619	0.5655800555238095	0.4834037443238095
72550000	72599999	1.0612454960809525	0.5655800555238095	0.495665440557143
72600000	72649999	1.0799030198142856	0.5655800555238095	0.5143229642904761
72650000	72699999	1.0726198985142856	0.5655800555238095	0.5070398429904761
72700000	72749999	1.0672075454904761	0.5655800555238095	0.5016274899666666
72750000	72799999	1.0761896979999999	0.5655800555238095	0.5106096424761903
72800000	72849999	1.0906961495047618	0.5655800555238095	0.5251160939809523
72850000	72899999	1.093458851347619	0.5655800555238095	0.5278787958238096
72900000	72949999	1.0894046699142859	0.5655800555238095	0.5238246143904763
72950000	72999999	1.1012840536952382	0.5655800555238095	0.5357039981714287
73000000	73049999	1.0995079122761906	0.5655800555238095	0.5339278567523811
73050000	73099999	1.1042761359095237	0.5655800555238095	0.5386960803857141
73100000	73149999	1.0981149762095237	0.5655800555238095	0.5325349206857142
73150000	73199999	1.098443812157143	0.5655800555238095	0.5328637566333334
73200000	73249999	1.0873232455333333	0.5655800555238095	0.5217431900095237
73250000	73299999	1.0858792800476191	0.5655800555238095	0.5202992245238096
73300000	73349999	1.0957758109619047	0.5655800555238095	0.5301957554380952
73350000	73399999	1.1181605047476189	0.5655800555238095	0.5525804492238093
73400000	73449999	1.1584731017047618	0.5655800555238095	0.5928930461809523
73450000	73499999	1.1532693789238095	0.5655800555238095	0.5876893234
73500000	73549999	1.1569291829380952	0.5655800555238095	0.5913491274142857
73550000	73599999	1.158499602914286	0.5655800555238095	0.5929195473904765
73600000	73649999	1.1588650166238095	0.5655800555238095	0.5932849611
73650000	73699999	1.1660632034666665	0.5655800555238095	0.600483147942857
73700000	73749999	1.196308386742857	0.5655800555238095	0.6307283312190475
73750000	73799999	1.256033006642857	0.5655800555238095	0.6904529511190476
73800000	73849999	1.2743960916714285	0.5655800555238095	0.708816036147619
73850000	73899999	1.2772150660571429	0.5655800555238095	0.7116350105333333
73900000	73949999	1.2921173405095239	0.5655800555238095	0.7265372849857143
73950000	73999999	1.3024103168476189	0.5655800555238095	0.7368302613238094
74000000	74049999	1.3064271633809525	0.5655800555238095	0.740847107857143
74050000	74099999	1.3355472980380954	0.5655800555238095	0.7699672425142858
74100000	74149999	1.3538426598095237	0.5655800555238095	0.7882626042857142
74150000	74199999	1.363637370766667	0.5655800555238095	0.7980573152428574
74200000	74249999	1.3673770453809526	0.5655800555238095	0.8017969898571431
74250000	74299999	1.3995691926666665	0.5655800555238095	0.8339891371428569
74300000	74349999	1.4386293974809523	0.5655800555238095	0.8730493419571428
74350000	74399999	1.4493249216761905	0.5655800555238095	0.883744866152381
74400000	74449999	1.4553407962714289	0.5655800555238095	0.8897607407476193
74450000	74499999	1.4429046118238098	0.5655800555238095	0.8773245563000003
74500000	74549999	1.4522991620761903	0.5655800555238095	0.8867191065523807
74550000	74599999	1.4527508107	0.5655800555238095	0.8871707551761905
74600000	74649999	1.4607722681	0.5655800555238095	0.8951922125761904
74650000	74699999	1.465847262090476	0.5655800555238095	0.9002672065666666
74700000	74749999	1.4703212662190475	0.5655800555238095	0.9047412106952379
74750000	74799999	1.4547259284095237	0.5655800555238095	0.8891458728857142
74800000	74849999	1.4178113898476192	0.5655800555238095	0.8522313343238097
74850000	74899999	1.4080122561952382	0.5655800555238095	0.8424322006714287
74900000	74949999	1.4039095320761907	0.5655800555238095	0.8383294765523812
74950000	74999999	1.403162120966667	0.5655800555238095	0.8375820654428574
75000000	75049999	1.390244621804762	0.5655800555238095	0.8246645662809524
75050000	75099999	1.3526764282857142	0.5655800555238095	0.7870963727619047
75100000	75149999	1.3219635570809525	0.5655800555238095	0.756383501557143
75150000	75199999	1.298469517404762	0.5655800555238095	0.7328894618809525
75200000	75249999	1.2826043971904761	0.5655800555238095	0.7170243416666666
75250000	75299999	1.284234078985714	0.5655800555238095	0.7186540234619045
75300000	75349999	1.2957051716619046	0.5655800555238095	0.730125116138095
75350000	75399999	1.2755224361619049	0.5655800555238095	0.7099423806380953
75400000	75449999	1.2694246122619046	0.5655800555238095	0.7038445567380951
75450000	75499999	1.2706139732857145	0.5655800555238095	0.7050339177619049
75500000	75549999	1.2930347265142856	0.5655800555238095	0.7274546709904761
75550000	75599999	1.3160002992190476	0.5655800555238095	0.7504202436952381
75600000	75649999	1.3432846351809522	0.5655800555238095	0.7777045796571427
75650000	75699999	1.3733961263285714	0.5655800555238095	0.8078160708047619
75700000	75749999	1.4180766002190475	0.5655800555238095	0.852496544695238
75750000	75799999	1.4516297487809524	0.5655800555238095	0.8860496932571429
75800000	75849999	1.4683089073714286	0.5655800555238095	0.9027288518476191
75850000	75899999	1.4886872624142855	0.5655800555238095	0.923107206890476
75900000	75949999	1.496373530847619	0.5655800555238095	0.9307934753238094
75950000	75999999	1.4936256769714285	0.5655800555238095	0.9280456214476189
76000000	76049999	1.4627983722142857	0.5655800555238095	0.8972183166904761
76050000	76099999	1.4527605979666667	0.5655800555238095	0.8871805424428572
76100000	76149999	1.4790746191523811	0.5655800555238095	0.9134945636285716
76150000	76199999	1.4769632008380953	0.5655800555238095	0.9113831453142858
76200000	76249999	1.5123443345285714	0.5655800555238095	0.9467642790047619
76250000	76299999	1.5234742148238092	0.5655800555238095	0.9578941592999997
76300000	76349999	1.4977055351523811	0.5655800555238095	0.9321254796285716
76350000	76399999	1.4636842169904762	0.5655800555238095	0.8981041614666667
76400000	76449999	1.4634105016190475	0.5655800555238095	0.897830446095238
76450000	76499999	1.4605732343666666	0.5655800555238095	0.8949931788428571
76500000	76549999	1.4267303438666668	0.5655800555238095	0.8611502883428572
76550000	76599999	1.3696092713095238	0.5655800555238095	0.8040292157857143
76600000	76649999	1.3095703490095238	0.5655800555238095	0.7439902934857143
76650000	76699999	1.2475812559904762	0.5655800555238095	0.6820012004666667
76700000	76749999	1.1889709298238094	0.5655800555238095	0.6233908742999998
76750000	76799999	1.1114766701142857	0.5655800555238095	0.5458966145904762
76800000	76849999	1.0386990044809525	0.5655800555238095	0.473118948957143
76850000	76899999	1.002984962604762	0.5655800555238095	0.4374049070809525
76900000	76949999	0.9539734648571428	0.5655800555238095	0.38839340933333333
76950000	76999999	0.9233027834619049	0.5655800555238095	0.35772272793809534
77000000	77049999	0.9023511349904761	0.5655800555238095	0.3367710794666666
77050000	77099999	0.9061624215809524	0.5655800555238095	0.34058236605714287
77100000	77149999	0.8970905793571429	0.5655800555238095	0.33151052383333335
77150000	77199999	0.8667491094333334	0.5655800555238095	0.30116905390952387
77200000	77249999	0.8394541356333334	0.5655800555238095	0.27387408010952385
77250000	77299999	0.7852222976666667	0.5655800555238095	0.2196422421428572
77300000	77349999	0.7498401917904762	0.5655800555238095	0.1842601362666667
77350000	77399999	0.7335457546476191	0.5655800555238095	0.16796569912380954
77400000	77449999	0.7100232690857142	0.5655800555238095	0.1444432135619047
77450000	77499999	0.6699224100857143	0.5655800555238095	0.10434235456190477
77500000	77549999	0.6506700770333333	0.5655800555238095	0.08509002150952383
77550000	77599999	0.6427831931095238	0.5655800555238095	0.07720313758571429
77600000	77649999	0.6305240990666666	0.5655800555238095	0.0649440435428571
77650000	77699999	0.6158606173285714	0.5655800555238095	0.050280561804761925
77700000	77749999	0.6161148360285714	0.5655800555238095	0.0505347805047619
77750000	77799999	0.6251347910809524	0.5655800555238095	0.05955473555714286
77800000	77849999	0.6195239980333334	0.5655800555238095	0.053943942509523835
77850000	77899999	0.6129587087047619	0.5655800555238095	0.04737865318095236
77900000	77949999	0.5977428616428572	0.5655800555238095	0.03216280611904765
77950000	77999999	0.5873023187904762	0.5655800555238095	0.021722263266666708
78000000	78049999	0.5815988958333334	0.5655800555238095	0.01601884030952383
78050000	78099999	0.5661279705666666	0.5655800555238095	0.0005479150428571167
78100000	78149999	0.5503761587238095	0.5655800555238095	-0.015203896800000005
78150000	78199999	0.5509419563857143	0.5655800555238095	-0.014638099138095217
78200000	78249999	0.5511282075952381	0.5655800555238095	-0.01445184792857146
78250000	78299999	0.562192442	0.5655800555238095	-0.003387613523809563
78300000	78349999	0.5693079432095238	0.5655800555238095	0.003727887685714304
78350000	78399999	0.5880712067571429	0.5655800555238095	0.02249115123333334
78400000	78449999	0.6054381587952381	0.5655800555238095	0.03985810327142858
78450000	78499999	0.6294237181571428	0.5655800555238095	0.0638436626333333
78500000	78549999	0.6562761617190476	0.5655800555238095	0.09069610619523805
78550000	78599999	0.6590427643809524	0.5655800555238095	0.09346270885714292
78600000	78649999	0.6673644827952381	0.5655800555238095	0.10178442727142856
78650000	78699999	0.6771982745809524	0.5655800555238095	0.11161821905714286
78700000	78749999	0.6936892795666667	0.5655800555238095	0.12810922404285718
78750000	78799999	0.7021598203809524	0.5655800555238095	0.13657976485714285
78800000	78849999	0.7003731434619047	0.5655800555238095	0.1347930879380952
78850000	78899999	0.7185035014714286	0.5655800555238095	0.15292344594761909
78900000	78949999	0.7309884228238095	0.5655800555238095	0.16540836729999997
78950000	78999999	0.7597195942857142	0.5655800555238095	0.1941395387619047
79000000	79049999	0.7841205632809525	0.5655800555238095	0.21854050775714295
79050000	79099999	0.7938467308333333	0.5655800555238095	0.22826667530952383
79100000	79149999	0.8149579015142858	0.5655800555238095	0.2493778459904763
79150000	79199999	0.8314306631999999	0.5655800555238095	0.2658506076761904
79200000	79249999	0.8535346799761905	0.5655800555238095	0.28795462445238096
79250000	79299999	0.876831965347619	0.5655800555238095	0.31125190982380946
79300000	79349999	0.8860569414714285	0.5655800555238095	0.32047688594761903
79350000	79399999	0.8910950835904762	0.5655800555238095	0.32551502806666666
79400000	79449999	0.8934651871904762	0.5655800555238095	0.32788513166666666
79450000	79499999	0.890566362604762	0.5655800555238095	0.32498630708095244
79500000	79549999	0.8805797484428572	0.5655800555238095	0.3149996929190477
79550000	79599999	0.8784612373142857	0.5655800555238095	0.3128811817904762
79600000	79649999	0.8834596808571429	0.5655800555238095	0.31787962533333336
79650000	79699999	0.8931299909190477	0.5655800555238095	0.32754993539523813
79700000	79749999	0.9009350181095237	0.5655800555238095	0.3353549625857142
79750000	79799999	0.9036338725523809	0.5655800555238095	0.3380538170285714
79800000	79849999	0.9185545139238096	0.5655800555238095	0.3529744584000001
79850000	79899999	0.9133902573809525	0.5655800555238095	0.34781020185714295
79900000	79949999	0.9174566121904761	0.5655800555238095	0.3518765566666666
79950000	79999999	0.9222271086761905	0.5655800555238095	0.356647053152381
80000000	80049999	0.9027942420095239	0.5655800555238095	0.33721418648571433
80050000	80099999	0.8978341516095237	0.5655800555238095	0.3322540960857142
80100000	80149999	0.9006407815857143	0.5655800555238095	0.33506072606190473
80150000	80199999	0.9084202467619047	0.5655800555238095	0.34284019123809517
80200000	80249999	0.9254895025857143	0.5655800555238095	0.35990944706190475
80250000	80299999	0.9245662851714286	0.5655800555238095	0.35898622964761906
80300000	80349999	0.9198154984333333	0.5655800555238095	0.3542354429095238
80350000	80399999	0.9387284418142857	0.5655800555238095	0.3731483862904762
80400000	80449999	0.9570684243904761	0.5655800555238095	0.3914883688666666
80450000	80499999	0.9635874727238094	0.5655800555238095	0.3980074171999999
80500000	80549999	0.9674040599809524	0.5655800555238095	0.40182400445714284
80550000	80599999	0.9690815236428572	0.5655800555238095	0.40350146811904763
80600000	80649999	0.9692052411714285	0.5655800555238095	0.40362518564761896
80650000	80699999	0.9820457037714285	0.5655800555238095	0.416465648247619
80700000	80749999	0.9953751373285713	0.5655800555238095	0.4297950818047618
80750000	80799999	0.9885023266523809	0.5655800555238095	0.4229222711285714
80800000	80849999	0.9869927177571429	0.5655800555238095	0.4214126622333334
80850000	80899999	0.9756886157761904	0.5655800555238095	0.41010856025238085
80900000	80949999	1.0193051973333334	0.5655800555238095	0.45372514180952384
80950000	80999999	0.9981149201523809	0.5655800555238095	0.4325348646285714
81000000	81049999	0.9969699175380953	0.5655800555238095	0.43138986201428575
81050000	81099999	1.0317030673571428	0.5655800555238095	0.46612301183333327
81100000	81149999	1.0023041397666668	0.5655800555238095	0.43672408424285725
81150000	81199999	1.0032883748571428	0.5655800555238095	0.4377083193333333
81200000	81249999	0.9780715359190475	0.5655800555238095	0.412491480395238
81250000	81299999	0.9523953275142858	0.5655800555238095	0.3868152719904763
81300000	81349999	0.9437908513666666	0.5655800555238095	0.3782107958428571
81350000	81399999	0.9369923032619047	0.5655800555238095	0.3714122477380952
81400000	81449999	0.904578790395238	0.5655800555238095	0.3389987348714285
81450000	81499999	0.8797038195857143	0.5655800555238095	0.3141237640619048
81500000	81549999	0.8571658063238095	0.5655800555238095	0.29158575079999993
81550000	81599999	0.8597165533571428	0.5655800555238095	0.2941364978333333
81600000	81649999	0.8629669261333334	0.5655800555238095	0.29738687060952385
81650000	81699999	0.8620412044619048	0.5655800555238095	0.2964611489380953
81700000	81749999	0.855818659047619	0.5655800555238095	0.2902386035238095
81750000	81799999	0.830824446995238	0.5655800555238095	0.26524439147142853
81800000	81849999	0.8271813330380952	0.5655800555238095	0.26160127751428564
81850000	81899999	0.8183915168619047	0.5655800555238095	0.2528114613380952
81900000	81949999	0.8161703622190475	0.5655800555238095	0.25059030669523796
81950000	81999999	0.7689020740809523	0.5655800555238095	0.20332201855714283
82000000	82049999	0.8132194409	0.5655800555238095	0.24763938537619046
82050000	82099999	0.8124148796619047	0.5655800555238095	0.2468348241380952
82100000	82149999	0.788790087095238	0.5655800555238095	0.2232100315714285
82150000	82199999	0.8195362688380952	0.5655800555238095	0.25395621331428564
82200000	82249999	0.8116175938190476	0.5655800555238095	0.2460375382952381
82250000	82299999	0.8121751686190476	0.5655800555238095	0.24659511309523807
82300000	82349999	0.8170894876952381	0.5655800555238095	0.2515094321714286
82350000	82399999	0.7962721748761905	0.5655800555238095	0.230692119352381
82400000	82449999	0.7875427452523809	0.5655800555238095	0.22196268972857136
82450000	82499999	0.7875766746714286	0.5655800555238095	0.22199661914761903
82500000	82549999	0.7851336238714286	0.5655800555238095	0.21955356834761908
82550000	82599999	0.7870103917619048	0.5655800555238095	0.22143033623809527
82600000	82649999	0.7769146748190476	0.5655800555238095	0.2113346192952381
82650000	82699999	0.7804911499666667	0.5655800555238095	0.21491109444285716
82700000	82749999	0.772482989847619	0.5655800555238095	0.20690293432380946
82750000	82799999	0.7539112893809523	0.5655800555238095	0.1883312338571428
82800000	82849999	0.7499333507761905	0.5655800555238095	0.18435329525238098
82850000	82899999	0.7506262175809524	0.5655800555238095	0.18504616205714286
82900000	82949999	0.7443326378333334	0.5655800555238095	0.17875258230952384
82950000	82999999	0.7311023966571428	0.5655800555238095	0.1655223411333333
83000000	83049999	0.7164364874714286	0.5655800555238095	0.1508564319476191
83050000	83099999	0.6844017219047619	0.5655800555238095	0.11882166638095237
83100000	83149999	0.6539415535333334	0.5655800555238095	0.08836149800952386
83150000	83199999	0.6356983582619048	0.5655800555238095	0.07011830273809527
83200000	83249999	0.6139846679571428	0.5655800555238095	0.04840461243333327
83250000	83299999	0.610750323395238	0.5655800555238095	0.04517026787142853
83300000	83349999	0.6110640609952381	0.5655800555238095	0.04548400547142861
83350000	83399999	0.6067577500619048	0.5655800555238095	0.04117769453809528
83400000	83449999	0.6256481686714286	0.5655800555238095	0.06006811314761906
83450000	83499999	0.6159935695571428	0.5655800555238095	0.05041351403333327
83500000	83549999	0.6112592974238096	0.5655800555238095	0.045679241900000056
83550000	83599999	0.6095009987428571	0.5655800555238095	0.0439209432190476
83600000	83649999	0.6037478345285714	0.5655800555238095	0.03816777900476187
83650000	83699999	0.6018158685333334	0.5655800555238095	0.03623581300952383
83700000	83749999	0.5760425110380952	0.5655800555238095	0.010462455514285707
83750000	83799999	0.5772189415428571	0.5655800555238095	0.011638886019047612
83800000	83849999	0.592256976652381	0.5655800555238095	0.02667692112857145
83850000	83899999	0.5924777282619048	0.5655800555238095	0.02689767273809529
83900000	83949999	0.5821503811619048	0.5655800555238095	0.01657032563809524
83950000	83999999	0.5841295029238095	0.5655800555238095	0.018549447399999974
84000000	84049999	0.5897744069666667	0.5655800555238095	0.024194351442857198
84050000	84099999	0.6004748088285714	0.5655800555238095	0.03489475330476188
84100000	84149999	0.5964009235761905	0.5655800555238095	0.030820868052380934
84150000	84199999	0.6214338450809525	0.5655800555238095	0.05585378955714293
84200000	84249999	0.6213999051809524	0.5655800555238095	0.05581984965714293
84250000	84299999	0.6253565525714286	0.5655800555238095	0.059776497047619115
84300000	84349999	0.6185678993190477	0.5655800555238095	0.05298784379523813
84350000	84399999	0.6263004382666667	0.5655800555238095	0.06072038274285718
84400000	84449999	0.6268437950095238	0.5655800555238095	0.061263739485714286
84450000	84499999	0.6057294712380953	0.5655800555238095	0.04014941571428576
84500000	84549999	0.6062030092190476	0.5655800555238095	0.04062295369523805
84550000	84599999	0.6022102084095238	0.5655800555238095	0.03663015288571425
84600000	84649999	0.6026351368952381	0.5655800555238095	0.037055081371428544
84650000	84699999	0.6145058247571429	0.5655800555238095	0.04892576923333336
84700000	84749999	0.6127393106	0.5655800555238095	0.047159255076190454
84750000	84799999	0.6343558578761905	0.5655800555238095	0.06877580235238101
84800000	84849999	0.626269291	0.5655800555238095	0.06068923547619043
84850000	84899999	0.6195830596047619	0.5655800555238095	0.05400300408095238
84900000	84949999	0.6358954164761905	0.5655800555238095	0.070315360952381
84950000	84999999	0.6480055206380952	0.5655800555238095	0.08242546511428572
85000000	85049999	0.6471631659190477	0.5655800555238095	0.08158311039523813
85050000	85099999	0.6433381914380952	0.5655800555238095	0.07775813591428571
85100000	85149999	0.6462549525238095	0.5655800555238095	0.08067489699999997
85150000	85199999	0.6429021241952381	0.5655800555238095	0.07732206867142855
85200000	85249999	0.6375772065857143	0.5655800555238095	0.07199715106190474
85250000	85299999	0.6478676127857143	0.5655800555238095	0.08228755726190473
85300000	85349999	0.6490784891714285	0.5655800555238095	0.083498433647619
85350000	85399999	0.6640793993619047	0.5655800555238095	0.09849934383809522
85400000	85449999	0.6694247776666666	0.5655800555238095	0.10384472214285712
85450000	85499999	0.6760661363095238	0.5655800555238095	0.11048608078571431
85500000	85549999	0.6862932366	0.5655800555238095	0.12071318107619045
85550000	85599999	0.7081280556	0.5655800555238095	0.1425480000761905
85600000	85649999	0.7419628357142858	0.5655800555238095	0.17638278019047626
85650000	85699999	0.7849243785047619	0.5655800555238095	0.2193443229809524
85700000	85749999	0.821539316652381	0.5655800555238095	0.2559592611285715
85750000	85799999	0.8392775883714285	0.5655800555238095	0.273697532847619
85800000	85849999	0.8267715247380952	0.5655800555238095	0.2611914692142857
85850000	85899999	0.8250835201619048	0.5655800555238095	0.25950346463809526
85900000	85949999	0.8094227629619047	0.5655800555238095	0.24384270743809522
85950000	85999999	0.7914359648285714	0.5655800555238095	0.22585590930476185
86000000	86049999	0.7744088657857142	0.5655800555238095	0.2088288102619047
86050000	86099999	0.7758796902666666	0.5655800555238095	0.21029963474285707
86100000	86149999	0.7750650693190476	0.5655800555238095	0.2094850137952381
86150000	86199999	0.7635586166571429	0.5655800555238095	0.19797856113333334
86200000	86249999	0.7555932117190476	0.5655800555238095	0.19001315619523806
86250000	86299999	0.752656422447619	0.5655800555238095	0.18707636692380947
86300000	86349999	0.7509770170142857	0.5655800555238095	0.18539696149047613
86350000	86399999	0.7350589694952381	0.5655800555238095	0.16947891397142856
86400000	86449999	0.7171678546666667	0.5655800555238095	0.15158779914285714
86450000	86499999	0.6966068498809523	0.5655800555238095	0.13102679435714282
86500000	86549999	0.6762430633285714	0.5655800555238095	0.1106630078047619
86550000	86599999	0.6799139090190476	0.5655800555238095	0.11433385349523806
86600000	86649999	0.6552177452285715	0.5655800555238095	0.08963768970476194
86650000	86699999	0.6158826637714285	0.5655800555238095	0.05030260824761901
86700000	86749999	0.5726627581666667	0.5655800555238095	0.007082702642857153
86750000	86799999	0.5233150693428571	0.5655800555238095	-0.042264986180952424
86800000	86849999	0.5263140527238095	0.5655800555238095	-0.03926600280000003
86850000	86899999	0.5187477040666666	0.5655800555238095	-0.04683235145714293
86900000	86949999	0.5209865597380953	0.5655800555238095	-0.044593495785714254
86950000	86999999	0.5371891027238095	0.5655800555238095	-0.028390952800000036
87000000	87049999	0.5309866888809524	0.5655800555238095	-0.03459336664285717
87050000	87099999	0.5524299536	0.5655800555238095	-0.013150101923809498
87100000	87149999	0.5456593903428572	0.5655800555238095	-0.01992066518095237
87150000	87199999	0.5585661561571429	0.5655800555238095	-0.007013899366666632
87200000	87249999	0.5663027415714286	0.5655800555238095	0.0007226860476190478
87250000	87299999	0.5817203857619048	0.5655800555238095	0.016140330238095246
87300000	87349999	0.5870451549904762	0.5655800555238095	0.021465099466666637
87350000	87399999	0.5537482287857143	0.5655800555238095	-0.011831826738095241
87400000	87449999	0.5399637959095238	0.5655800555238095	-0.025616259614285708
87450000	87499999	0.5191626186857143	0.5655800555238095	-0.04641743683809518
87500000	87549999	0.505485715852381	0.5655800555238095	-0.06009433967142852
87550000	87599999	0.4888964577952381	0.5655800555238095	-0.07668359772857142
87600000	87649999	0.4588843495857143	0.5655800555238095	-0.10669570593809524
87650000	87699999	0.447555883747619	0.5655800555238095	-0.11802417177619051
87700000	87749999	0.47754269758571427	0.5655800555238095	-0.08803735793809525
87750000	87799999	0.4565617537428571	0.5655800555238095	-0.1090183017809524
87800000	87849999	0.4466231620380952	0.5655800555238095	-0.11895689348571431
87850000	87899999	0.40759569489523806	0.5655800555238095	-0.15798436062857146
87900000	87949999	0.39588163472380955	0.5655800555238095	-0.16969842079999997
87950000	87999999	0.3780219138	0.5655800555238095	-0.18755814172380952
88000000	88049999	0.3609292006380952	0.5655800555238095	-0.20465085488571433
88050000	88099999	0.37336386934285715	0.5655800555238095	-0.19221618618095238
88100000	88149999	0.3524219211761904	0.5655800555238095	-0.2131581343476191
88150000	88199999	0.35536218483333337	0.5655800555238095	-0.21021787069047615
88200000	88249999	0.32546889839523807	0.5655800555238095	-0.24011115712857145
88250000	88299999	0.31738928743809525	0.5655800555238095	-0.24819076808571428
88300000	88349999	0.298217848947619	0.5655800555238095	-0.26736220657619053
88350000	88399999	0.2901904361857143	0.5655800555238095	-0.27538961933809525
88400000	88449999	0.32346095529047625	0.5655800555238095	-0.24211910023333327
88450000	88499999	0.32585915977142854	0.5655800555238095	-0.23972089575238098
88500000	88549999	0.33098888910476193	0.5655800555238095	-0.2345911664190476
88550000	88599999	0.34476746083809523	0.5655800555238095	-0.2208125946857143
88600000	88649999	0.3446648285095238	0.5655800555238095	-0.22091522701428573
88650000	88699999	0.4061508512285714	0.5655800555238095	-0.1594292042952381
88700000	88749999	0.3945027257857143	0.5655800555238095	-0.1710773297380952
88750000	88799999	0.3664383998095238	0.5655800555238095	-0.19914165571428571
88800000	88849999	0.3803677253476191	0.5655800555238095	-0.18521233017619043
88850000	88899999	0.3829993848714286	0.5655800555238095	-0.18258067065238093
88900000	88949999	0.3909219617761905	0.5655800555238095	-0.17465809374761904
88950000	88999999	0.40193244581904763	0.5655800555238095	-0.1636476097047619
89000000	89049999	0.4277514835428572	0.5655800555238095	-0.13782857198095233
89050000	89099999	0.44027543892857146	0.5655800555238095	-0.12530461659523806
89100000	89149999	0.42770224543333335	0.5655800555238095	-0.13787781009047617
89150000	89199999	0.4396228689142857	0.5655800555238095	-0.12595718660952382
89200000	89249999	0.4515508504333333	0.5655800555238095	-0.1140292050904762
89250000	89299999	0.46438026262380955	0.5655800555238095	-0.10119979289999997
89300000	89349999	0.4528641689380952	0.5655800555238095	-0.1127158865857143
89350000	89399999	0.44535402901904764	0.5655800555238095	-0.12022602650476188
89400000	89449999	0.43553322961428576	0.5655800555238095	-0.13004682590952377
89450000	89499999	0.4084942320523809	0.5655800555238095	-0.15708582347142863
89500000	89549999	0.4099018503285714	0.5655800555238095	-0.15567820519523812
89550000	89599999	0.4112651499380952	0.5655800555238095	-0.1543149055857143
89600000	89649999	0.4027018007142857	0.5655800555238095	-0.16287825480952384
89650000	89699999	0.41097854039523807	0.5655800555238095	-0.15460151512857145
89700000	89749999	0.35016303920952385	0.5655800555238095	-0.21541701631428567
89750000	89799999	0.3607454823904762	0.5655800555238095	-0.2048345731333333
89800000	89849999	0.3555139594190476	0.5655800555238095	-0.2100660961047619
89850000	89899999	0.34317336300476187	0.5655800555238095	-0.22240669251904766
89900000	89949999	0.3363740666190476	0.5655800555238095	-0.2292059889047619
89950000	89999999	0.32705795835238094	0.5655800555238095	-0.23852209717142858
90000000	90049999	0.31959334629999997	0.5655800555238095	-0.24598670922380955
90050000	90099999	0.2922331246571429	0.5655800555238095	-0.2733469308666666
90100000	90149999	0.27025241471904765	0.5655800555238095	-0.29532764080476187
90150000	90199999	0.2650878163047619	0.5655800555238095	-0.3004922392190476
90200000	90249999	0.245238712947619	0.5655800555238095	-0.3203413425761905
90250000	90299999	0.2233512104571429	0.5655800555238095	-0.3422288450666666
90300000	90349999	0.21649515877619047	0.5655800555238095	-0.34908489674761906
90350000	90399999	0.22666064627142862	0.5655800555238095	-0.3389194092523809
90400000	90449999	0.23247094433333332	0.5655800555238095	-0.3331091111904762
90450000	90499999	0.21826500223333334	0.5655800555238095	-0.3473150532904762
90500000	90549999	0.21732355103809525	0.5655800555238095	-0.34825650448571427
90550000	90599999	0.22066579287142857	0.5655800555238095	-0.34491426265238095
90600000	90649999	0.22830788810000002	0.5655800555238095	-0.3372721674238095
90650000	90699999	0.23885310620476186	0.5655800555238095	-0.32672694931904767
90700000	90749999	0.2386616978571428	0.5655800555238095	-0.3269183576666667
90750000	90799999	0.2386347914285714	0.5655800555238095	-0.3269452640952381
90800000	90849999	0.2432832105142857	0.5655800555238095	-0.3222968450095238
90850000	90899999	0.23961733720476192	0.5655800555238095	-0.3259627183190476
90900000	90949999	0.24102766376190482	0.5655800555238095	-0.3245523917619047
90950000	90999999	0.2685753345952381	0.5655800555238095	-0.29700472092857144
91000000	91049999	0.2805403039761905	0.5655800555238095	-0.285039751547619
91050000	91099999	0.27627995417619045	0.5655800555238095	-0.2893001013476191
91100000	91149999	0.2784913773238095	0.5655800555238095	-0.2870886782
91150000	91199999	0.2698048210809524	0.5655800555238095	-0.29577523444285714
91200000	91249999	0.2569286423095238	0.5655800555238095	-0.30865141321428574
91250000	91299999	0.2503220807714286	0.5655800555238095	-0.31525797475238093
91300000	91349999	0.23857197187619045	0.5655800555238095	-0.3270080836476191
91350000	91399999	0.22569894706666666	0.5655800555238095	-0.33988110845714287
91400000	91449999	0.2066270308952381	0.5655800555238095	-0.3589530246285714
91450000	91499999	0.2032022576666666	0.5655800555238095	-0.3623777978571429
91500000	91549999	0.20512211452380946	0.5655800555238095	-0.36045794100000006
91550000	91599999	0.19866515802857143	0.5655800555238095	-0.3669148974952381
91600000	91649999	0.1922960139904762	0.5655800555238095	-0.37328404153333333
91650000	91699999	0.17986619391904762	0.5655800555238095	-0.3857138616047619
91700000	91749999	0.16955033648095236	0.5655800555238095	-0.39602971904285716
91750000	91799999	0.1675536641142858	0.5655800555238095	-0.3980263914095237
91800000	91849999	0.16949474188095237	0.5655800555238095	-0.39608531364285715
91850000	91899999	0.15585648939047625	0.5655800555238095	-0.4097235661333333
91900000	91949999	0.14782631517142858	0.5655800555238095	-0.41775374035238094
91950000	91999999	0.14975522796190477	0.5655800555238095	-0.41582482756190475
92000000	92049999	0.12162256725238096	0.5655800555238095	-0.44395748827142856
92050000	92099999	0.1022047579571429	0.5655800555238095	-0.4633752975666666
92100000	92149999	0.10670732463333332	0.5655800555238095	-0.4588727308904762
92150000	92199999	0.11637525028571422	0.5655800555238095	-0.4492048052380953
92200000	92249999	0.13083735875714286	0.5655800555238095	-0.43474269676666666
92250000	92299999	0.13688907045714283	0.5655800555238095	-0.4286909850666667
92300000	92349999	0.14877060756190474	0.5655800555238095	-0.4168094479619048
92350000	92399999	0.16813825521904763	0.5655800555238095	-0.3974418003047619
92400000	92449999	0.18301346886190473	0.5655800555238095	-0.3825665866619048
92450000	92499999	0.21286143677619046	0.5655800555238095	-0.35271861874761906
92500000	92549999	0.2449519018714285	0.5655800555238095	-0.320628153652381
92550000	92599999	0.2495858542333333	0.5655800555238095	-0.31599420129047623
92600000	92649999	0.2630560448904761	0.5655800555238095	-0.3025240106333334
92650000	92699999	0.2776515698	0.5655800555238095	-0.2879284857238095
92700000	92749999	0.2910473951809523	0.5655800555238095	-0.2745326603428572
92750000	92799999	0.3054190738285714	0.5655800555238095	-0.2601609816952381
92800000	92849999	0.3157180157047619	0.5655800555238095	-0.24986203981904764
92850000	92899999	0.3315831803142857	0.5655800555238095	-0.23399687520952384
92900000	92949999	0.3467960587333333	0.5655800555238095	-0.21878399679047622
92950000	92999999	0.3711872000952381	0.5655800555238095	-0.19439285542857143
93000000	93049999	0.37398782969047617	0.5655800555238095	-0.19159222583333335
93050000	93099999	0.3898983979523809	0.5655800555238095	-0.17568165757142862
93100000	93149999	0.4046493328761904	0.5655800555238095	-0.1609307226476191
93150000	93199999	0.4092669100761904	0.5655800555238095	-0.1563131454476191
93200000	93249999	0.4218258389761905	0.5655800555238095	-0.143754216547619
93250000	93299999	0.4339344132428572	0.5655800555238095	-0.13164564228095232
93300000	93349999	0.44491460253333337	0.5655800555238095	-0.12066545299047615
93350000	93399999	0.4485682613761905	0.5655800555238095	-0.11701179414761903
93400000	93449999	0.4580787694095238	0.5655800555238095	-0.10750128611428572
93450000	93499999	0.45797555175238097	0.5655800555238095	-0.10760450377142855
93500000	93549999	0.44824424201428575	0.5655800555238095	-0.11733581350952377
93550000	93599999	0.4231578278285715	0.5655800555238095	-0.14242222769523805
93600000	93649999	0.4275949769857143	0.5655800555238095	-0.13798507853809522
93650000	93699999	0.4316399197142857	0.5655800555238095	-0.1339401358095238
93700000	93749999	0.43679818423333333	0.5655800555238095	-0.1287818712904762
93750000	93799999	0.4449501717809524	0.5655800555238095	-0.1206298837428571
93800000	93849999	0.44146831703809525	0.5655800555238095	-0.12411173848571427
93850000	93899999	0.44821348859047616	0.5655800555238095	-0.11736656693333336
93900000	93949999	0.43814914385238096	0.5655800555238095	-0.12743091167142856
93950000	93999999	0.437876198052381	0.5655800555238095	-0.12770385747142854
94000000	94049999	0.43302941589523813	0.5655800555238095	-0.1325506396285714
94050000	94099999	0.4358022816904762	0.5655800555238095	-0.12977777383333333
94100000	94149999	0.43773241580476185	0.5655800555238095	-0.12784763971904767
94150000	94199999	0.46222181253809524	0.5655800555238095	-0.10335824298571428
94200000	94249999	0.4740142627142857	0.5655800555238095	-0.09156579280952382
94250000	94299999	0.4752267912190476	0.5655800555238095	-0.09035326430476193
94300000	94349999	0.4583126560666667	0.5655800555238095	-0.10726739945714281
94350000	94399999	0.4546658062666667	0.5655800555238095	-0.11091424925714283
94400000	94449999	0.4404190445047619	0.5655800555238095	-0.12516101101904764
94450000	94499999	0.42584306024761903	0.5655800555238095	-0.1397369952761905
94500000	94549999	0.4198046393666667	0.5655800555238095	-0.14577541615714285
94550000	94599999	0.4099948227380952	0.5655800555238095	-0.15558523278571434
94600000	94649999	0.4088268698285714	0.5655800555238095	-0.1567531856952381
94650000	94699999	0.40822050439523805	0.5655800555238095	-0.15735955112857147
94700000	94749999	0.4014499792523809	0.5655800555238095	-0.16413007627142862
94750000	94799999	0.3963302382666667	0.5655800555238095	-0.16924981725714283
94800000	94849999	0.38035913975714286	0.5655800555238095	-0.18522091576666666
94850000	94899999	0.3747987913333333	0.5655800555238095	-0.1907812641904762
94900000	94949999	0.3816203652857143	0.5655800555238095	-0.18395969023809522
94950000	94999999	0.38510672577142857	0.5655800555238095	-0.18047332975238095
95000000	95049999	0.39243921759523814	0.5655800555238095	-0.17314083792857138
95050000	95099999	0.3819566240190476	0.5655800555238095	-0.1836234315047619
95100000	95149999	0.37023874976190474	0.5655800555238095	-0.19534130576190478
95150000	95199999	0.3571209840285714	0.5655800555238095	-0.20845907149523812
95200000	95249999	0.3224599041047619	0.5655800555238095	-0.24312015141904764
95250000	95299999	0.30354290061904765	0.5655800555238095	-0.26203715490476187
95300000	95349999	0.28099943464761906	0.5655800555238095	-0.28458062087619046
95350000	95399999	0.2778894733095238	0.5655800555238095	-0.28769058221428573
95400000	95449999	0.26995063723809526	0.5655800555238095	-0.29562941828571426
95450000	95499999	0.2795160044809524	0.5655800555238095	-0.28606405104285715
95500000	95549999	0.2780389535619048	0.5655800555238095	-0.28754110196190474
95550000	95599999	0.2885147036047619	0.5655800555238095	-0.27706535191904763
95600000	95649999	0.2976619236857143	0.5655800555238095	-0.2679181318380952
95650000	95699999	0.29791481795238095	0.5655800555238095	-0.26766523757142857
95700000	95749999	0.3066643103666667	0.5655800555238095	-0.25891574515714283
95750000	95799999	0.317304845104762	0.5655800555238095	-0.24827521041904754
95800000	95849999	0.3131584905571429	0.5655800555238095	-0.2524215649666666
95850000	95899999	0.32455871412380954	0.5655800555238095	-0.24102134139999998
95900000	95949999	0.324900240547619	0.5655800555238095	-0.2406798149761905
95950000	95999999	0.3077095067095238	0.5655800555238095	-0.2578705488142857
96000000	96049999	0.30376252019523803	0.5655800555238095	-0.2618175353285715
96050000	96099999	0.2925921361095238	0.5655800555238095	-0.27298791941428574
96100000	96149999	0.29517138437142854	0.5655800555238095	-0.270408671152381
96150000	96199999	0.3019001244333333	0.5655800555238095	-0.2636799310904762
96200000	96249999	0.3008210817142857	0.5655800555238095	-0.26475897380952385
96250000	96299999	0.30914175227619045	0.5655800555238095	-0.25643830324761907
96300000	96349999	0.31366010761428575	0.5655800555238095	-0.25191994790952377
96350000	96399999	0.32866428791428576	0.5655800555238095	-0.23691576760952376
96400000	96449999	0.3500518867142858	0.5655800555238095	-0.21552816880952375
96450000	96499999	0.3627051328952381	0.5655800555238095	-0.20287492262857143
96500000	96549999	0.3645109049095238	0.5655800555238095	-0.2010691506142857
96550000	96599999	0.3727876699666667	0.5655800555238095	-0.19279238555714284
96600000	96649999	0.3696603173047619	0.5655800555238095	-0.19591973821904762
96650000	96699999	0.3713879528761905	0.5655800555238095	-0.19419210264761905
96700000	96749999	0.3799444521714286	0.5655800555238095	-0.18563560335238094
96750000	96799999	0.38339580838571424	0.5655800555238095	-0.18218424713809528
96800000	96849999	0.3874494146142857	0.5655800555238095	-0.1781306409095238
96850000	96899999	0.3950842087095238	0.5655800555238095	-0.1704958468142857
96900000	96949999	0.39836600814285716	0.5655800555238095	-0.16721404738095236
96950000	96999999	0.40368331586190476	0.5655800555238095	-0.16189673966190476
97000000	97049999	0.4091805834809524	0.5655800555238095	-0.15639947204285715
97050000	97099999	0.4119286832380953	0.5655800555238095	-0.15365137228571424
97100000	97149999	0.4180361447666667	0.5655800555238095	-0.14754391075714285
97150000	97199999	0.426565799447619	0.5655800555238095	-0.1390142560761905
97200000	97249999	0.4318477111142857	0.5655800555238095	-0.1337323444095238
97250000	97299999	0.45259394348571425	0.5655800555238095	-0.11298611203809528
97300000	97349999	0.46761422035714284	0.5655800555238095	-0.09796583516666668
97350000	97399999	0.5000819802476191	0.5655800555238095	-0.06549807527619045
97400000	97449999	0.4946430503	0.5655800555238095	-0.07093700522380952
97450000	97499999	0.4859475107904762	0.5655800555238095	-0.07963254473333331
97500000	97549999	0.4812641199666667	0.5655800555238095	-0.08431593555714284
97550000	97599999	0.48198668517142856	0.5655800555238095	-0.08359337035238096
97600000	97649999	0.4725107248285714	0.5655800555238095	-0.0930693306952381
97650000	97699999	0.46885294088095236	0.5655800555238095	-0.09672711464285716
97700000	97749999	0.4597688037952381	0.5655800555238095	-0.10581125172857142
97750000	97799999	0.45253689506666667	0.5655800555238095	-0.11304316045714285
97800000	97849999	0.4567535877047619	0.5655800555238095	-0.10882646781904765
97850000	97899999	0.45142853975238095	0.5655800555238095	-0.11415151577142857
97900000	97949999	0.4471839593238095	0.5655800555238095	-0.11839609620000002
97950000	97999999	0.44111239411428566	0.5655800555238095	-0.12446766140952387
98000000	98049999	0.4390508365095238	0.5655800555238095	-0.1265292190142857
98050000	98099999	0.43042694362857137	0.5655800555238095	-0.13515311189523815
98100000	98149999	0.4357756504952381	0.5655800555238095	-0.12980440502857143
98150000	98199999	0.4549170653571428	0.5655800555238095	-0.1106629901666667
98200000	98249999	0.45546247812857144	0.5655800555238095	-0.11011757739523809
98250000	98299999	0.44554341303333334	0.5655800555238095	-0.12003664249047619
98300000	98349999	0.4259769093095238	0.5655800555238095	-0.1396031462142857
98350000	98399999	0.40314456483809524	0.5655800555238095	-0.16243549068571428
98400000	98449999	0.36781552253809524	0.5655800555238095	-0.19776453298571428
98450000	98499999	0.3632885021047619	0.5655800555238095	-0.20229155341904764
98500000	98549999	0.3583234931095238	0.5655800555238095	-0.2072565624142857
98550000	98599999	0.3566083469380953	0.5655800555238095	-0.20897170858571423
98600000	98649999	0.35365857463809525	0.5655800555238095	-0.21192148088571428
98650000	98699999	0.3609274480523809	0.5655800555238095	-0.2046526074714286
98700000	98749999	0.36456255362857143	0.5655800555238095	-0.2010175018952381
98750000	98799999	0.3674530415142857	0.5655800555238095	-0.19812701400952382
98800000	98849999	0.3657563705714286	0.5655800555238095	-0.1998236849523809
98850000	98899999	0.3564584590428571	0.5655800555238095	-0.2091215964809524
98900000	98949999	0.35393732483809526	0.5655800555238095	-0.21164273068571426
98950000	98999999	0.35119553021904765	0.5655800555238095	-0.21438452530476187
99000000	99049999	0.3450362367047619	0.5655800555238095	-0.2205438188190476
99050000	99099999	0.34393042457142853	0.5655800555238095	-0.221649630952381
99100000	99149999	0.3460098174047619	0.5655800555238095	-0.21957023811904763
99150000	99199999	0.33648969651428573	0.5655800555238095	-0.2290903590095238
99200000	99249999	0.31435429436190476	0.5655800555238095	-0.25122576116190476
99250000	99299999	0.2955628829571429	0.5655800555238095	-0.27001717256666663
99300000	99349999	0.2991969692	0.5655800555238095	-0.2663830863238095
99350000	99399999	0.30063212563333336	0.5655800555238095	-0.26494792989047616
99400000	99449999	0.3188268420714286	0.5655800555238095	-0.24675321345238094
99450000	99499999	0.3376956777238096	0.5655800555238095	-0.22788437779999993
99500000	99549999	0.33801747749523814	0.5655800555238095	-0.22756257802857138
99550000	99599999	0.34175805161904765	0.5655800555238095	-0.22382200390476187
99600000	99649999	0.34260314001904757	0.5655800555238095	-0.22297691550476195
99650000	99699999	0.3406653868809524	0.5655800555238095	-0.22491466864285714
99700000	99749999	0.3407364611190476	0.5655800555238095	-0.22484359440476193
99750000	99799999	0.34000987090952384	0.5655800555238095	-0.22557018461428568
99800000	99849999	0.3336684271761905	0.5655800555238095	-0.23191162834761903
99850000	99899999	0.3329425003952381	0.5655800555238095	-0.23263755512857143
99900000	99949999	0.3383527689904762	0.5655800555238095	-0.2272272865333333
99950000	99999999	0.3412139247571429	0.5655800555238095	-0.22436613076666662
100000000	100049999	0.3540482239619048	0.5655800555238095	-0.21153183156190475
100050000	100099999	0.36112035576666673	0.5655800555238095	-0.2044596997571428
100100000	100149999	0.3751355923761905	0.5655800555238095	-0.19044446314761904
100150000	100199999	0.38215704907142856	0.5655800555238095	-0.18342300645238097
100200000	100249999	0.3883424601476191	0.5655800555238095	-0.17723759537619044
100250000	100299999	0.39304397863809526	0.5655800555238095	-0.17253607688571426
100300000	100349999	0.41033580152380955	0.5655800555238095	-0.15524425399999997
100350000	100399999	0.4133110487380952	0.5655800555238095	-0.1522690067857143
100400000	100449999	0.4063306140333333	0.5655800555238095	-0.1592494414904762
100450000	100499999	0.395058621	0.5655800555238095	-0.17052143452380952
100500000	100549999	0.3771050470142857	0.5655800555238095	-0.1884750085095238
100550000	100599999	0.3711284115380952	0.5655800555238095	-0.1944516439857143
100600000	100649999	0.3642828119761905	0.5655800555238095	-0.20129724354761902
100650000	100699999	0.3646451180761905	0.5655800555238095	-0.20093493744761903
100700000	100749999	0.3651206798619048	0.5655800555238095	-0.20045937566190475
100750000	100799999	0.3534493335142857	0.5655800555238095	-0.21213072200952382
100800000	100849999	0.34731436832380946	0.5655800555238095	-0.21826568720000006
100850000	100899999	0.3539416713238095	0.5655800555238095	-0.21163838420000003
100900000	100949999	0.35972597832857145	0.5655800555238095	-0.20585407719523807
100950000	100999999	0.35623214993333335	0.5655800555238095	-0.20934790559047617
101000000	101049999	0.3560218115238095	0.5655800555238095	-0.209558244
101050000	101099999	0.3394719731238095	0.5655800555238095	-0.22610808240000002
101100000	101149999	0.33601049806190475	0.5655800555238095	-0.22956955746190477
101150000	101199999	0.31966615705714285	0.5655800555238095	-0.24591389846666667
101200000	101249999	0.3109720465523809	0.5655800555238095	-0.2546080089714286
101250000	101299999	0.3108851299619047	0.5655800555238095	-0.2546949255619048
101300000	101349999	0.30516265765238093	0.5655800555238095	-0.2604173978714286
101350000	101399999	0.29149924225238094	0.5655800555238095	-0.2740808132714286
101400000	101449999	0.30318633136190476	0.5655800555238095	-0.26239372416190476
101450000	101499999	0.31551427303333335	0.5655800555238095	-0.2500657824904762
101500000	101549999	0.31200077195238096	0.5655800555238095	-0.25357928357142856
101550000	101599999	0.31561456772857144	0.5655800555238095	-0.24996548779523808
101600000	101649999	0.32851205841428566	0.5655800555238095	-0.23706799710952386
101650000	101699999	0.33708332409999997	0.5655800555238095	-0.22849673142380955
101700000	101749999	0.3376691907904762	0.5655800555238095	-0.22791086473333333
101750000	101799999	0.3431245912285714	0.5655800555238095	-0.2224554642952381
101800000	101849999	0.3503595425809524	0.5655800555238095	-0.2152205129428571
101850000	101899999	0.35195467467619046	0.5655800555238095	-0.21362538084761906
101900000	101949999	0.33825415758095234	0.5655800555238095	-0.22732589794285718
101950000	101999999	0.32212261102380957	0.5655800555238095	-0.24345744449999995
102000000	102049999	0.30961270870952384	0.5655800555238095	-0.2559673468142857
102050000	102099999	0.30147099924285714	0.5655800555238095	-0.2641090562809524
102100000	102149999	0.30159575753809525	0.5655800555238095	-0.26398429798571427
102150000	102199999	0.3100824869809524	0.5655800555238095	-0.2554975685428571
102200000	102249999	0.3126020144666667	0.5655800555238095	-0.25297804105714283
102250000	102299999	0.3158491733190476	0.5655800555238095	-0.24973088220476192
102300000	102349999	0.3128514706	0.5655800555238095	-0.2527285849238095
102350000	102399999	0.3092601011761905	0.5655800555238095	-0.256319954347619
102400000	102449999	0.3186667009190476	0.5655800555238095	-0.24691335460476194
102450000	102499999	0.29972184695238097	0.5655800555238095	-0.26585820857142856
102500000	102549999	0.2887081967619048	0.5655800555238095	-0.27687185876190473
102550000	102599999	0.2893375938619048	0.5655800555238095	-0.27624246166190475
102600000	102649999	0.30189439334761903	0.5655800555238095	-0.2636856621761905
102650000	102699999	0.3103864469	0.5655800555238095	-0.2551936086238095
102700000	102749999	0.32939983348095236	0.5655800555238095	-0.23618022204285716
102750000	102799999	0.34389919354285714	0.5655800555238095	-0.22168086198095238
102800000	102849999	0.33747126368095237	0.5655800555238095	-0.22810879184285715
102850000	102899999	0.3353877589809524	0.5655800555238095	-0.2301922965428571
102900000	102949999	0.3377213964857143	0.5655800555238095	-0.2278586590380952
102950000	102999999	0.3521158202095238	0.5655800555238095	-0.2134642353142857
103000000	103049999	0.35717250386666666	0.5655800555238095	-0.20840755165714286
103050000	103099999	0.36123948264761907	0.5655800555238095	-0.20434057287619045
103100000	103149999	0.3329530435380953	0.5655800555238095	-0.23262701198571423
103150000	103199999	0.30181303234285717	0.5655800555238095	-0.26376702318095235
103200000	103249999	0.2586839151047619	0.5655800555238095	-0.3068961404190476
103250000	103299999	0.22804037531904764	0.5655800555238095	-0.3375396802047619
103300000	103349999	0.2254817747285714	0.5655800555238095	-0.34009828079523813
103350000	103399999	0.2255276054619047	0.5655800555238095	-0.3400524500619048
103400000	103449999	0.22908730508571423	0.5655800555238095	-0.3364927504380953
103450000	103499999	0.22711249818571427	0.5655800555238095	-0.33846755733809525
103500000	103549999	0.23818273804761902	0.5655800555238095	-0.3273973174761905
103550000	103599999	0.24753151183333327	0.5655800555238095	-0.31804854369047625
103600000	103649999	0.2538891827809524	0.5655800555238095	-0.3116908727428571
103650000	103699999	0.2418976969380952	0.5655800555238095	-0.3236823585857143
103700000	103749999	0.25114689147619046	0.5655800555238095	-0.31443316404761906
103750000	103799999	0.23169485848095234	0.5655800555238095	-0.3338851970428572
103800000	103849999	0.21813569378571424	0.5655800555238095	-0.3474443617380953
103850000	103899999	0.22204717669047613	0.5655800555238095	-0.3435328788333334
103900000	103949999	0.221992466547619	0.5655800555238095	-0.3435875889761905
103950000	103999999	0.22501130042380946	0.5655800555238095	-0.34056875510000006
104000000	104049999	0.23198727893333332	0.5655800555238095	-0.3335927765904762
104050000	104099999	0.24037697770476185	0.5655800555238095	-0.32520307781904767
104100000	104149999	0.24573595553809519	0.5655800555238095	-0.31984409998571434
104150000	104199999	0.2853950622571428	0.5655800555238095	-0.28018499326666674
104200000	104249999	0.3275982366952381	0.5655800555238095	-0.23798181882857145
104250000	104299999	0.37056528983333337	0.5655800555238095	-0.19501476569047616
104300000	104349999	0.40293205830952383	0.5655800555238095	-0.1626479972142857
104350000	104399999	0.40371591692857145	0.5655800555238095	-0.16186413859523807
104400000	104449999	0.4109512409142857	0.5655800555238095	-0.15462881460952382
104450000	104499999	0.4160266036380952	0.5655800555238095	-0.14955345188571434
104500000	104549999	0.4112858584142857	0.5655800555238095	-0.1542941971095238
104550000	104599999	0.40557812083333333	0.5655800555238095	-0.1600019346904762
104600000	104649999	0.4018456194714286	0.5655800555238095	-0.16373443605238092
104650000	104699999	0.3996344441333333	0.5655800555238095	-0.1659456113904762
104700000	104749999	0.39355566805714287	0.5655800555238095	-0.17202438746666665
104750000	104799999	0.3646925196190476	0.5655800555238095	-0.20088753590476194
104800000	104849999	0.3572002018238095	0.5655800555238095	-0.2083798537
104850000	104899999	0.3523786496380952	0.5655800555238095	-0.21320140588571435
104900000	104949999	0.3528165523285714	0.5655800555238095	-0.21276350319523812
104950000	104999999	0.35399709189047623	0.5655800555238095	-0.2115829636333333
105000000	105049999	0.35402511725714286	0.5655800555238095	-0.21155493826666666
105050000	105099999	0.3414019427238094	0.5655800555238095	-0.2241781128000001
105100000	105149999	0.3333727356285715	0.5655800555238095	-0.23220731989523802
105150000	105199999	0.3384616184380953	0.5655800555238095	-0.22711843708571422
105200000	105249999	0.3470844549952381	0.5655800555238095	-0.21849560052857142
105250000	105299999	0.3551801238095238	0.5655800555238095	-0.21039993171428573
105300000	105349999	0.34908581464285715	0.5655800555238095	-0.21649424088095237
105350000	105399999	0.35952791889047625	0.5655800555238095	-0.20605213663333327
105400000	105449999	0.3686144177238096	0.5655800555238095	-0.19696563779999993
105450000	105499999	0.3688431155285714	0.5655800555238095	-0.1967369399952381
105500000	105549999	0.3652476462333333	0.5655800555238095	-0.20033240929047624
105550000	105599999	0.3710237930714285	0.5655800555238095	-0.194556262452381
105600000	105649999	0.3775741264190476	0.5655800555238095	-0.18800592910476194
105650000	105699999	0.3754418462333333	0.5655800555238095	-0.1901382092904762
105700000	105749999	0.3652583763523809	0.5655800555238095	-0.20032167917142862
105750000	105799999	0.3599301696285714	0.5655800555238095	-0.20564988589523814
105800000	105849999	0.36175914719047614	0.5655800555238095	-0.20382090833333338
105850000	105899999	0.35929662910476184	0.5655800555238095	-0.20628342641904768
105900000	105949999	0.35049345960476186	0.5655800555238095	-0.21508659591904766
105950000	105999999	0.33847070497142856	0.5655800555238095	-0.22710935055238096
106000000	106049999	0.3295679966095238	0.5655800555238095	-0.23601205891428573
106050000	106099999	0.3162014921571428	0.5655800555238095	-0.2493785633666667
106100000	106149999	0.30844175321428574	0.5655800555238095	-0.2571383023095238
106150000	106199999	0.2980002280571428	0.5655800555238095	-0.2675798274666667
106200000	106249999	0.2710965897190476	0.5655800555238095	-0.2944834658047619
106250000	106299999	0.2443992020285714	0.5655800555238095	-0.3211808534952381
106300000	106349999	0.2134602393142857	0.5655800555238095	-0.3521198162095238
106350000	106399999	0.1990251733523809	0.5655800555238095	-0.3665548821714286
106400000	106449999	0.17465756696666668	0.5655800555238095	-0.39092248855714284
106450000	106499999	0.1548126054666666	0.5655800555238095	-0.41076745005714294
106500000	106549999	0.13422588821428566	0.5655800555238095	-0.43135416730952386
106550000	106599999	0.11844222753809525	0.5655800555238095	-0.4471378279857143
106600000	106649999	0.09622633557142862	0.5655800555238095	-0.4693537199523809
106650000	106699999	0.07639144703333334	0.5655800555238095	-0.4891886084904762
106700000	106749999	0.06426254100000006	0.5655800555238095	-0.5013175145238095
106750000	106799999	0.061249719328571484	0.5655800555238095	-0.504330336195238
106800000	106849999	0.05396128542380951	0.5655800555238095	-0.5116187701
106850000	106899999	0.04538253000952375	0.5655800555238095	-0.5201975255142858
106900000	106949999	0.036101914599999896	0.5655800555238095	-0.5294781409238096
106950000	106999999	0.029650726299999985	0.5655800555238095	-0.5359293292238095
107000000	107049999	0.019375940876190434	0.5655800555238095	-0.5462041146476191
107050000	107099999	0.018938563923809548	0.5655800555238095	-0.5466414916
107100000	107149999	0.022104120533333438	0.5655800555238095	-0.5434759349904761
107150000	107199999	0.020495435533333328	0.5655800555238095	-0.5450846199904762
107200000	107249999	0.026108809233333363	0.5655800555238095	-0.5394712462904762
107250000	107299999	0.031296274019047665	0.5655800555238095	-0.5342837815047619
107300000	107349999	0.031465038152381	0.5655800555238095	-0.5341150173714285
107350000	107399999	0.04069767741428576	0.5655800555238095	-0.5248823781095238
107400000	107449999	0.04455275873809528	0.5655800555238095	-0.5210272967857142
107450000	107499999	0.04601726047142851	0.5655800555238095	-0.519562795052381
107500000	107549999	0.04186001740952383	0.5655800555238095	-0.5237200381142857
107550000	107599999	0.04774108155714285	0.5655800555238095	-0.5178389739666667
107600000	107649999	0.056981970414285765	0.5655800555238095	-0.5085980851095238
107650000	107699999	0.06635389236666661	0.5655800555238095	-0.4992261631571429
107700000	107749999	0.0699792683761904	0.5655800555238095	-0.4956007871476191
107750000	107799999	0.07730618265714279	0.5655800555238095	-0.48827387286666674
107800000	107849999	0.07688487932857141	0.5655800555238095	-0.4886951761952381
107850000	107899999	0.08398050153809516	0.5655800555238095	-0.48159955398571436
107900000	107949999	0.08963118459047614	0.5655800555238095	-0.4759488709333334
107950000	107999999	0.09837330005238099	0.5655800555238095	-0.46720675547142854
108000000	108049999	0.11468685074285723	0.5655800555238095	-0.4508932047809523
108050000	108099999	0.13794155607619046	0.5655800555238095	-0.42763849944761906
108100000	108149999	0.14819996477619052	0.5655800555238095	-0.417380090747619
108150000	108199999	0.15557367438571423	0.5655800555238095	-0.4100063811380953
108200000	108249999	0.17092973706190473	0.5655800555238095	-0.3946503184619048
108250000	108299999	0.1875259712523809	0.5655800555238095	-0.3780540842714286
108300000	108349999	0.21641291983333333	0.5655800555238095	-0.3491671356904762
108350000	108399999	0.24016112427142855	0.5655800555238095	-0.32541893125238097
108400000	108449999	0.24332231891428574	0.5655800555238095	-0.3222577366095238
108450000	108499999	0.24372024454761904	0.5655800555238095	-0.3218598109761905
108500000	108549999	0.253086726795238	0.5655800555238095	-0.3124933287285715
108550000	108599999	0.26227685027142844	0.5655800555238095	-0.3033032052523811
108600000	108649999	0.26776049728571427	0.5655800555238095	-0.29781955823809525
108650000	108699999	0.26632591838571423	0.5655800555238095	-0.2992541371380953
108700000	108749999	0.2629054023190475	0.5655800555238095	-0.302674653204762
108750000	108799999	0.25914217799523803	0.5655800555238095	-0.3064378775285715
108800000	108849999	0.25314348597619046	0.5655800555238095	-0.31243656954761906
108850000	108899999	0.2608714454142857	0.5655800555238095	-0.3047086101095238
108900000	108949999	0.263382051647619	0.5655800555238095	-0.3021980038761905
108950000	108999999	0.25882383571904766	0.5655800555238095	-0.30675621980476186
109000000	109049999	0.2588285380190476	0.5655800555238095	-0.30675151750476193
109050000	109099999	0.2512787520714286	0.5655800555238095	-0.31430130345238094
109100000	109149999	0.23723682419999997	0.5655800555238095	-0.32834323132380955
109150000	109199999	0.22838074599999997	0.5655800555238095	-0.33719930952380955
109200000	109249999	0.21761560676666664	0.5655800555238095	-0.3479644487571429
109250000	109299999	0.20514328514285712	0.5655800555238095	-0.3604367703809524
109300000	109349999	0.1875770648428572	0.5655800555238095	-0.37800299068095233
109350000	109399999	0.15321769406666663	0.5655800555238095	-0.4123623614571429
109400000	109449999	0.1327224562428571	0.5655800555238095	-0.4328575992809524
109450000	109499999	0.12881259090952385	0.5655800555238095	-0.43676746461428567
109500000	109549999	0.12633407914285705	0.5655800555238095	-0.4392459763809525
109550000	109599999	0.11482000004285714	0.5655800555238095	-0.4507600554809524
109600000	109649999	0.11207006151904764	0.5655800555238095	-0.4535099940047619
109650000	109699999	0.10184263651428566	0.5655800555238095	-0.46373741900952387
109700000	109749999	0.09051149943333331	0.5655800555238095	-0.4750685560904762
109750000	109799999	0.0925883076476191	0.5655800555238095	-0.4729917478761904
109800000	109849999	0.09719037638095246	0.5655800555238095	-0.46838967914285706
109850000	109899999	0.09711776585714288	0.5655800555238095	-0.46846228966666664
109900000	109949999	0.09652268979523815	0.5655800555238095	-0.4690573657285714
109950000	109999999	0.08558340252857144	0.5655800555238095	-0.4799966529952381
110000000	110049999	0.08680858196190483	0.5655800555238095	-0.4787714735619047
110050000	110099999	0.08061685303809524	0.5655800555238095	-0.4849632024857143
110100000	110149999	0.08421287406666678	0.5655800555238095	-0.48136718145714275
110150000	110199999	0.08370828407142866	0.5655800555238095	-0.48187177145238086
110200000	110249999	0.08316465067619055	0.5655800555238095	-0.48241540484761897
110250000	110299999	0.08215172597142856	0.5655800555238095	-0.48342832955238096
110300000	110349999	0.0752786774380953	0.5655800555238095	-0.4903013780857142
110350000	110399999	0.0726927893190476	0.5655800555238095	-0.4928872662047619
110400000	110449999	0.0750389822809524	0.5655800555238095	-0.4905410732428571
110450000	110499999	0.0695430973142857	0.5655800555238095	-0.4960369582095238
110500000	110549999	0.06105724455238093	0.5655800555238095	-0.5045228109714286
110550000	110599999	0.0531043653714286	0.5655800555238095	-0.5124756901523809
110600000	110649999	0.048374474933333356	0.5655800555238095	-0.5172055805904762
110650000	110699999	0.04726746072380961	0.5655800555238095	-0.5183125947999999
110700000	110749999	0.05002741534285726	0.5655800555238095	-0.5155526401809523
110750000	110799999	0.05270701564285707	0.5655800555238095	-0.5128730398809525
110800000	110849999	0.050171797519047545	0.5655800555238095	-0.515408258004762
110850000	110899999	0.04339812560952372	0.5655800555238095	-0.5221819299142858
110900000	110949999	0.043095402919047676	0.5655800555238095	-0.5224846526047618
110950000	110999999	0.03788580603333325	0.5655800555238095	-0.5276942494904763
111000000	111049999	0.04694610548095235	0.5655800555238095	-0.5186339500428572
111050000	111099999	0.05155440626190466	0.5655800555238095	-0.5140256492619049
111100000	111149999	0.061926159466666686	0.5655800555238095	-0.5036538960571428
111150000	111199999	0.07160566695714271	0.5655800555238095	-0.4939743885666668
111200000	111249999	0.0878401821	0.5655800555238095	-0.4777398734238095
111250000	111299999	0.10551005926190477	0.5655800555238095	-0.46006999626190476
111300000	111349999	0.14211191588571415	0.5655800555238095	-0.4234681396380954
111350000	111399999	0.179211591504762	0.5655800555238095	-0.3863684640190475
111400000	111449999	0.19191916715714286	0.5655800555238095	-0.37366088836666667
111450000	111499999	0.2088763493047619	0.5655800555238095	-0.3567037062190476
111500000	111549999	0.24683024327619046	0.5655800555238095	-0.31874981224761906
111550000	111599999	0.266933559	0.5655800555238095	-0.29864649652380953
111600000	111649999	0.2835384788666666	0.5655800555238095	-0.2820415766571429
111650000	111699999	0.30112671688571424	0.5655800555238095	-0.2644533386380953
111700000	111749999	0.3100367213809524	0.5655800555238095	-0.2555433341428571
111750000	111799999	0.3207311635095238	0.5655800555238095	-0.24484889201428572
111800000	111849999	0.3510650036666667	0.5655800555238095	-0.2145150518571428
111850000	111899999	0.3714205617285714	0.5655800555238095	-0.19415949379523811
111900000	111949999	0.39876792943333333	0.5655800555238095	-0.1668121260904762
111950000	111999999	0.4117971465761905	0.5655800555238095	-0.15378290894761903
112000000	112049999	0.4219344719	0.5655800555238095	-0.14364558362380953
112050000	112099999	0.42916419234761904	0.5655800555238095	-0.13641586317619048
112100000	112149999	0.4459219231952381	0.5655800555238095	-0.11965813232857142
112150000	112199999	0.4703687095619048	0.5655800555238095	-0.09521134596190473
112200000	112249999	0.4994564195857143	0.5655800555238095	-0.06612363593809523
112250000	112299999	0.5178910590380953	0.5655800555238095	-0.04768899648571423
112300000	112349999	0.5016111571095238	0.5655800555238095	-0.06396889841428577
112350000	112399999	0.4747687059761905	0.5655800555238095	-0.09081134954761905
112400000	112449999	0.45280363205714286	0.5655800555238095	-0.11277642346666666
112450000	112499999	0.4496572782047619	0.5655800555238095	-0.1159227773190476
112500000	112549999	0.4391529779428571	0.5655800555238095	-0.1264270775809524
112550000	112599999	0.4054196464666666	0.5655800555238095	-0.1601604090571429
112600000	112649999	0.3879746899904762	0.5655800555238095	-0.17760536553333334
112650000	112699999	0.38272344165714284	0.5655800555238095	-0.18285661386666668
112700000	112749999	0.3679969333285714	0.5655800555238095	-0.1975831221952381
112750000	112799999	0.3594262696142857	0.5655800555238095	-0.20615378590952382
112800000	112849999	0.3432112938285714	0.5655800555238095	-0.22236876169523812
112850000	112899999	0.31356132187619046	0.5655800555238095	-0.25201873364761906
112900000	112949999	0.2938223237047619	0.5655800555238095	-0.2717577318190476
112950000	112999999	0.2692499552761905	0.5655800555238095	-0.296330100247619
113000000	113049999	0.2612921305428571	0.5655800555238095	-0.3042879249809524
113050000	113099999	0.2430408986190476	0.5655800555238095	-0.3225391569047619
113100000	113149999	0.22853898164761904	0.5655800555238095	-0.3370410738761905
113150000	113199999	0.2027856218809524	0.5655800555238095	-0.36279443364285713
113200000	113249999	0.16567864790000003	0.5655800555238095	-0.3999014076238095
113250000	113299999	0.11980504630000005	0.5655800555238095	-0.44577500922380947
113300000	113349999	0.08131629359999998	0.5655800555238095	-0.48426376192380954
113350000	113399999	0.07760839804285713	0.5655800555238095	-0.4879716574809524
113400000	113449999	0.08460394795714288	0.5655800555238095	-0.48097610756666664
113450000	113499999	0.08067023852857147	0.5655800555238095	-0.48490981699523805
113500000	113549999	0.07874673959047623	0.5655800555238095	-0.4868333159333333
113550000	113599999	0.08976883605714292	0.5655800555238095	-0.4758112194666666
113600000	113649999	0.09080377226190489	0.5655800555238095	-0.47477628326190463
113650000	113699999	0.10491687386666676	0.5655800555238095	-0.46066318165714276
113700000	113749999	0.12560082268571432	0.5655800555238095	-0.4399792328380952
113750000	113799999	0.16796881219523818	0.5655800555238095	-0.39761124332857134
113800000	113849999	0.18860302608095242	0.5655800555238095	-0.3769770294428571
113850000	113899999	0.207251926847619	0.5655800555238095	-0.3583281286761905
113900000	113949999	0.2291492549666666	0.5655800555238095	-0.3364308005571429
113950000	113999999	0.23952331500952373	0.5655800555238095	-0.3260567405142858
114000000	114049999	0.25017822879999996	0.5655800555238095	-0.31540182672380956
114050000	114099999	0.25304453096666657	0.5655800555238095	-0.31253552455714295
114100000	114149999	0.26864048255714285	0.5655800555238095	-0.2969395729666667
114150000	114199999	0.2794520527571428	0.5655800555238095	-0.2861280027666667
114200000	114249999	0.2876045236809524	0.5655800555238095	-0.2779755318428571
114250000	114299999	0.29566216370000004	0.5655800555238095	-0.2699178918238095
114300000	114349999	0.3104717354761905	0.5655800555238095	-0.255108320047619
114350000	114399999	0.3256346179809524	0.5655800555238095	-0.23994543754285713
114400000	114449999	0.33252931216666665	0.5655800555238095	-0.23305074335714288
114450000	114499999	0.3268682148095239	0.5655800555238095	-0.23871184071428564
114500000	114549999	0.32871483525714285	0.5655800555238095	-0.23686522026666668
114550000	114599999	0.33380247628095233	0.5655800555238095	-0.2317775792428572
114600000	114649999	0.33252456544285713	0.5655800555238095	-0.2330554900809524
114650000	114699999	0.3322409694238095	0.5655800555238095	-0.23333908610000004
114700000	114749999	0.3234073670571428	0.5655800555238095	-0.24217268846666673
114750000	114799999	0.3038838119523809	0.5655800555238095	-0.2616962435714286
114800000	114849999	0.27576306829047614	0.5655800555238095	-0.2898169872333334
114850000	114899999	0.25919353329523814	0.5655800555238095	-0.3063865222285714
114900000	114949999	0.24895693639047617	0.5655800555238095	-0.31662311913333335
114950000	114999999	0.2381810337047619	0.5655800555238095	-0.3273990218190476
115000000	115049999	0.2385775989238096	0.5655800555238095	-0.32700245659999994
115050000	115099999	0.24331952765714288	0.5655800555238095	-0.32226052786666665
115100000	115149999	0.2774092199095239	0.5655800555238095	-0.28817083561428564
115150000	115199999	0.29021298671428575	0.5655800555238095	-0.2753670688095238
115200000	115249999	0.2952363221047619	0.5655800555238095	-0.2703437334190476
115250000	115299999	0.3006359426428572	0.5655800555238095	-0.2649441128809523
115300000	115349999	0.3025935615714285	0.5655800555238095	-0.262986493952381
115350000	115399999	0.3104335891095238	0.5655800555238095	-0.25514646641428573
115400000	115449999	0.3098852202952381	0.5655800555238095	-0.25569483522857145
115450000	115499999	0.31543965894761905	0.5655800555238095	-0.25014039657619047
115500000	115549999	0.30548902164761904	0.5655800555238095	-0.2600910338761905
115550000	115599999	0.2976390611904762	0.5655800555238095	-0.26794099433333335
115600000	115649999	0.2921740614190476	0.5655800555238095	-0.2734059941047619
115650000	115699999	0.28394713160476187	0.5655800555238095	-0.28163292391904765
115700000	115749999	0.2829707844047619	0.5655800555238095	-0.2826092711190476
115750000	115799999	0.27880133415714287	0.5655800555238095	-0.28677872136666666
115800000	115849999	0.27430735207142865	0.5655800555238095	-0.2912727034523809
115850000	115899999	0.26819646776190476	0.5655800555238095	-0.29738358776190477
115900000	115949999	0.26399444560952384	0.5655800555238095	-0.3015856099142857
115950000	115999999	0.2653042531809524	0.5655800555238095	-0.3002758023428571
116000000	116049999	0.26182686153333334	0.5655800555238095	-0.3037531939904762
116050000	116099999	0.2614431035952381	0.5655800555238095	-0.30413695192857143
116100000	116149999	0.2560761673761905	0.5655800555238095	-0.30950388814761903
116150000	116199999	0.2233730728904762	0.5655800555238095	-0.3422069826333333
116200000	116249999	0.22585169735238098	0.5655800555238095	-0.33972835817142855
116250000	116299999	0.2134620180619048	0.5655800555238095	-0.35211803746190473
116300000	116349999	0.20433608450952384	0.5655800555238095	-0.3612439710142857
116350000	116399999	0.20269010778095242	0.5655800555238095	-0.3628899477428571
116400000	116449999	0.1890613200809524	0.5655800555238095	-0.37651873544285713
116450000	116499999	0.18437148796190478	0.5655800555238095	-0.38120856756190474
116500000	116549999	0.17662551622380956	0.5655800555238095	-0.38895453929999996
116550000	116599999	0.1792372657619048	0.5655800555238095	-0.3863427897619047
116600000	116649999	0.18033138259999998	0.5655800555238095	-0.38524867292380954
116650000	116699999	0.18474918854761907	0.5655800555238095	-0.38083086697619045
116700000	116749999	0.18091329523333338	0.5655800555238095	-0.38466676029047614
116750000	116799999	0.17704753606190476	0.5655800555238095	-0.38853251946190476
116800000	116849999	0.17731516158571425	0.5655800555238095	-0.38826489393809527
116850000	116899999	0.17925166252380959	0.5655800555238095	-0.38632839299999994
116900000	116949999	0.17780060654285712	0.5655800555238095	-0.3877794489809524
116950000	116999999	0.18061561743809518	0.5655800555238095	-0.38496443808571434
117000000	117049999	0.17778049581428573	0.5655800555238095	-0.3877995597095238
117050000	117099999	0.1733227506095238	0.5655800555238095	-0.39225730491428573
117100000	117149999	0.16422293382380954	0.5655800555238095	-0.4013571217
117150000	117199999	0.15494642657142854	0.5655800555238095	-0.410633628952381
117200000	117249999	0.1429902162714285	0.5655800555238095	-0.422589839252381
117250000	117299999	0.11240179622857144	0.5655800555238095	-0.4531782592952381
117300000	117349999	0.10885859125714281	0.5655800555238095	-0.4567214642666667
117350000	117399999	0.10382602561904763	0.5655800555238095	-0.4617540299047619
117400000	117449999	0.09635784112380957	0.5655800555238095	-0.46922221439999995
117450000	117499999	0.08751494316190478	0.5655800555238095	-0.47806511236190474
117500000	117549999	0.07684350525238093	0.5655800555238095	-0.4887365502714286
117550000	117599999	0.07632991516190474	0.5655800555238095	-0.4892501403619048
117600000	117649999	0.07920456586666669	0.5655800555238095	-0.48637548965714283
117650000	117699999	0.08310483363333332	0.5655800555238095	-0.4824752218904762
117700000	117749999	0.0770226923095238	0.5655800555238095	-0.4885573632142857
117750000	117799999	0.07920164192380952	0.5655800555238095	-0.4863784136
117800000	117849999	0.0844150592095238	0.5655800555238095	-0.4811649963142857
117850000	117899999	0.08159041236190484	0.5655800555238095	-0.4839896431619047
117900000	117949999	0.07803724745714286	0.5655800555238095	-0.48754280806666667
117950000	117999999	0.07272557361904763	0.5655800555238095	-0.4928544819047619
118000000	118049999	0.06897885493333333	0.5655800555238095	-0.4966012005904762
118050000	118099999	0.07008067269047619	0.5655800555238095	-0.49549938283333333
118100000	118149999	0.07856672788571423	0.5655800555238095	-0.4870133276380953
118150000	118199999	0.09845182052380946	0.5655800555238095	-0.46712823500000006
118200000	118249999	0.12280626796666666	0.5655800555238095	-0.44277378755714286
118250000	118299999	0.1415950732095238	0.5655800555238095	-0.4239849823142857
118300000	118349999	0.15764926707619042	0.5655800555238095	-0.4079307884476191
118350000	118399999	0.16656178653809517	0.5655800555238095	-0.39901826898571435
118400000	118449999	0.1764383073380953	0.5655800555238095	-0.38914174818571423
118450000	118499999	0.18620293278095235	0.5655800555238095	-0.3793771227428572
118500000	118549999	0.2004550232142857	0.5655800555238095	-0.3651250323095238
118550000	118599999	0.2439507726476191	0.5655800555238095	-0.3216292828761904
118600000	118649999	0.2620352954095238	0.5655800555238095	-0.3035447601142857
118650000	118699999	0.276141291647619	0.5655800555238095	-0.2894387638761905
118700000	118749999	0.2818328195	0.5655800555238095	-0.2837472360238095
118750000	118799999	0.2888852181190476	0.5655800555238095	-0.2766948374047619
118800000	118849999	0.29423187529047623	0.5655800555238095	-0.2713481802333333
118850000	118899999	0.298129581052381	0.5655800555238095	-0.2674504744714285
118900000	118949999	0.31015793625714294	0.5655800555238095	-0.2554221192666666
118950000	118999999	0.3154655499666667	0.5655800555238095	-0.2501145055571428
119000000	119049999	0.32912204936666667	0.5655800555238095	-0.23645800615714285
119050000	119099999	0.32733172404285715	0.5655800555238095	-0.23824833148095237
119100000	119149999	0.32746712941904765	0.5655800555238095	-0.23811292610476187
119150000	119199999	0.32941180620476196	0.5655800555238095	-0.23616824931904756
119200000	119249999	0.324712043	0.5655800555238095	-0.24086801252380952
119250000	119299999	0.3308613117619048	0.5655800555238095	-0.2347187437619047
119300000	119349999	0.3352358727095238	0.5655800555238095	-0.2303441828142857
119350000	119399999	0.34776603315238097	0.5655800555238095	-0.21781402237142855
119400000	119449999	0.3587639587238095	0.5655800555238095	-0.20681609680000002
119450000	119499999	0.3679791126809524	0.5655800555238095	-0.19760094284285712
119500000	119549999	0.3753282702095238	0.5655800555238095	-0.19025178531428572
119550000	119599999	0.3881315012476191	0.5655800555238095	-0.17744855427619044
119600000	119649999	0.3675787324809524	0.5655800555238095	-0.1980013230428571
119650000	119699999	0.36826451179047615	0.5655800555238095	-0.19731554373333338
119700000	119749999	0.3661972606190476	0.5655800555238095	-0.1993827949047619
119750000	119799999	0.37507283337142855	0.5655800555238095	-0.19050722215238097
119800000	119849999	0.37881625575714284	0.5655800555238095	-0.18676379976666668
119850000	119899999	0.3764272396380952	0.5655800555238095	-0.1891528158857143
119900000	119949999	0.38129918897619053	0.5655800555238095	-0.184280866547619
119950000	119999999	0.39631235883333327	0.5655800555238095	-0.16926769669047625
120000000	120049999	0.4015636070523809	0.5655800555238095	-0.1640164484714286
120050000	120099999	0.39760337698571424	0.5655800555238095	-0.16797667853809528
120100000	120149999	0.4091647868142857	0.5655800555238095	-0.15641526870952382
120150000	120199999	0.4137093208190476	0.5655800555238095	-0.15187073470476192
120200000	120249999	0.4113702621	0.5655800555238095	-0.15420979342380953
120250000	120299999	0.4077817849047619	0.5655800555238095	-0.1577982706190476
120300000	120349999	0.3856228030142857	0.5655800555238095	-0.17995725250952382
120350000	120399999	0.37679283075714287	0.5655800555238095	-0.18878722476666665
120400000	120449999	0.3674492263761905	0.5655800555238095	-0.19813082914761904
120450000	120499999	0.3647053829619048	0.5655800555238095	-0.20087467256190472
120500000	120549999	0.35636733044285707	0.5655800555238095	-0.20921272508095246
120550000	120599999	0.35225149487619045	0.5655800555238095	-0.21332856064761907
120600000	120649999	0.33983214267619044	0.5655800555238095	-0.22574791284761908
120650000	120699999	0.33281885586666665	0.5655800555238095	-0.23276119965714287
120700000	120749999	0.3191163544571428	0.5655800555238095	-0.2464637010666667
120750000	120799999	0.3134494520619048	0.5655800555238095	-0.25213060346190475
120800000	120849999	0.3098676656095238	0.5655800555238095	-0.25571238991428574
120850000	120899999	0.31009781898095234	0.5655800555238095	-0.2554822365428572
120900000	120949999	0.3141179900523809	0.5655800555238095	-0.25146206547142863
120950000	120999999	0.31217625512857144	0.5655800555238095	-0.2534038003952381
121000000	121049999	0.2988634443	0.5655800555238095	-0.2667166112238095
121050000	121099999	0.3009212880333333	0.5655800555238095	-0.26465876749047623
121100000	121149999	0.31052422527619045	0.5655800555238095	-0.2550558302476191
121150000	121199999	0.3116007798238095	0.5655800555238095	-0.2539792757
121200000	121249999	0.31051102589047613	0.5655800555238095	-0.2550690296333334
121250000	121299999	0.3103172916095237	0.5655800555238095	-0.2552627639142858
121300000	121349999	0.30426672794761905	0.5655800555238095	-0.26131332757619047
121350000	121399999	0.30305869959047615	0.5655800555238095	-0.26252135593333337
121400000	121449999	0.29901371997142856	0.5655800555238095	-0.26656633555238096
121450000	121499999	0.2851402369190476	0.5655800555238095	-0.2804398186047619
121500000	121549999	0.2796813077190476	0.5655800555238095	-0.28589874780476193
121550000	121599999	0.2812367813285714	0.5655800555238095	-0.28434327419523814
121600000	121649999	0.27261513156190476	0.5655800555238095	-0.29296492396190477
121650000	121699999	0.2612529698190476	0.5655800555238095	-0.3043270857047619
121700000	121749999	0.24823833053333338	0.5655800555238095	-0.31734172499047614
121750000	121799999	0.24328276836190477	0.5655800555238095	-0.32229728716190476
121800000	121849999	0.23570720538571427	0.5655800555238095	-0.32987285013809525
121850000	121899999	0.22414778969047622	0.5655800555238095	-0.3414322658333333
121900000	121949999	0.2125063427523809	0.5655800555238095	-0.3530737127714286
121950000	121999999	0.21347460350476194	0.5655800555238095	-0.3521054520190476
122000000	122049999	0.20685073998095233	0.5655800555238095	-0.3587293155428572
122050000	122099999	0.19622756572857142	0.5655800555238095	-0.3693524897952381
122100000	122149999	0.2004355111523809	0.5655800555238095	-0.3651445443714286
122150000	122199999	0.18214878485714286	0.5655800555238095	-0.38343127066666666
122200000	122249999	0.1683421774761904	0.5655800555238095	-0.3972378780476191
122250000	122299999	0.16385409243809512	0.5655800555238095	-0.4017259630857144
122300000	122349999	0.15984224977619038	0.5655800555238095	-0.40573780574761914
122350000	122399999	0.16058209629047615	0.5655800555238095	-0.40499795923333337
122400000	122449999	0.15556985141428564	0.5655800555238095	-0.4100102041095239
122450000	122499999	0.14686002648095237	0.5655800555238095	-0.41872002904285716
122500000	122549999	0.14814108949047616	0.5655800555238095	-0.41743896603333336
122550000	122599999	0.1455015874095238	0.5655800555238095	-0.42007846811428573
122600000	122649999	0.13379605981428577	0.5655800555238095	-0.43178399570952375
122650000	122699999	0.13442952817619042	0.5655800555238095	-0.4311505273476191
122700000	122749999	0.1360049199571428	0.5655800555238095	-0.4295751355666667
122750000	122799999	0.14236459111904765	0.5655800555238095	-0.4232154644047619
122800000	122849999	0.14007438488571433	0.5655800555238095	-0.4255056706380952
122850000	122899999	0.13462905125238106	0.5655800555238095	-0.43095100427142846
122900000	122949999	0.1355879158857144	0.5655800555238095	-0.4299921396380951
122950000	122999999	0.13514339448571433	0.5655800555238095	-0.4304366610380952
123000000	123049999	0.14322824743809526	0.5655800555238095	-0.42235180808571426
123050000	123099999	0.15837182736190475	0.5655800555238095	-0.4072082281619048
123100000	123149999	0.1726653903333334	0.5655800555238095	-0.39291466519047613
123150000	123199999	0.16887885009523818	0.5655800555238095	-0.39670120542857135
123200000	123249999	0.17336467146666668	0.5655800555238095	-0.39221538405714285
123250000	123299999	0.17942475756666665	0.5655800555238095	-0.3861552979571429
123300000	123349999	0.18093900780476196	0.5655800555238095	-0.38464104771904756
123350000	123399999	0.18086705368571426	0.5655800555238095	-0.38471300183809526
123400000	123449999	0.17778743976666672	0.5655800555238095	-0.3877926157571428
123450000	123499999	0.17542509834285708	0.5655800555238095	-0.39015495718095244
123500000	123549999	0.18194745569523813	0.5655800555238095	-0.3836325998285714
123550000	123599999	0.18494288814761894	0.5655800555238095	-0.3806371673761906
123600000	123649999	0.1844879375809524	0.5655800555238095	-0.38109211794285713
123650000	123699999	0.2089549490428571	0.5655800555238095	-0.3566251064809524
123700000	123749999	0.20623677667142853	0.5655800555238095	-0.359343278852381
123750000	123799999	0.20379719281904762	0.5655800555238095	-0.3617828627047619
123800000	123849999	0.19845708786190475	0.5655800555238095	-0.3671229676619048
123850000	123899999	0.1947646732952381	0.5655800555238095	-0.3708153822285714
123900000	123949999	0.1989336443619048	0.5655800555238095	-0.3666464111619047
123950000	123999999	0.20321441664285717	0.5655800555238095	-0.36236563888095236
124000000	124049999	0.20890585839523806	0.5655800555238095	-0.35667419712857146
124050000	124099999	0.1984229687523809	0.5655800555238095	-0.3671570867714286
124100000	124149999	0.18937571517619045	0.5655800555238095	-0.37620434034761907
124150000	124199999	0.19211992719047621	0.5655800555238095	-0.3734601283333333
124200000	124249999	0.1936413825142857	0.5655800555238095	-0.3719386730095238
124250000	124299999	0.20247660682857138	0.5655800555238095	-0.36310344869523814
124300000	124349999	0.20843894810476188	0.5655800555238095	-0.35714110741904764
124350000	124399999	0.21605234743809526	0.5655800555238095	-0.34952770808571426
124400000	124449999	0.22302498738571425	0.5655800555238095	-0.3425550681380953
124450000	124499999	0.22618519578571428	0.5655800555238095	-0.33939485973809524
124500000	124549999	0.22841081171428568	0.5655800555238095	-0.33716924380952384
124550000	124599999	0.23007999911904764	0.5655800555238095	-0.3355000564047619
124600000	124649999	0.2307395620333333	0.5655800555238095	-0.33484049349047623
124650000	124699999	0.22870502881428573	0.5655800555238095	-0.3368750267095238
124700000	124749999	0.2100354371809524	0.5655800555238095	-0.3555446183428571
124750000	124799999	0.21493102716190482	0.5655800555238095	-0.3506490283619047
124800000	124849999	0.21601356735238092	0.5655800555238095	-0.3495664881714286
124850000	124899999	0.2232414853	0.5655800555238095	-0.34233857022380954
124900000	124949999	0.22422861078095235	0.5655800555238095	-0.34135144474285717
124950000	124999999	0.2254718643047619	0.5655800555238095	-0.3401081912190476
125000000	125049999	0.2186206156	0.5655800555238095	-0.3469594399238095
125050000	125099999	0.21563748583809528	0.5655800555238095	-0.34994256968571424
125100000	125149999	0.2120576326428572	0.5655800555238095	-0.3535224228809523
125150000	125199999	0.2054698890333333	0.5655800555238095	-0.3601101664904762
125200000	125249999	0.19499188438095233	0.5655800555238095	-0.3705881711428572
125250000	125299999	0.18561586396666663	0.5655800555238095	-0.3799641915571429
125300000	125349999	0.1809607991761904	0.5655800555238095	-0.3846192563476191
125350000	125399999	0.16603601431904752	0.5655800555238095	-0.399544041204762
125400000	125449999	0.1870878260761904	0.5655800555238095	-0.3784922294476191
125450000	125499999	0.1817135422285714	0.5655800555238095	-0.38386651329523813
125500000	125549999	0.18308001609047608	0.5655800555238095	-0.38250003943333344
125550000	125599999	0.18776869737619045	0.5655800555238095	-0.37781135814761907
125600000	125649999	0.19526364776190475	0.5655800555238095	-0.3703164077619048
125650000	125699999	0.1968322301952381	0.5655800555238095	-0.3687478253285714
125700000	125749999	0.20475038677142865	0.5655800555238095	-0.36082966875238087
125750000	125799999	0.20804956424285714	0.5655800555238095	-0.3575304912809524
125800000	125849999	0.21387846205714295	0.5655800555238095	-0.3517015934666666
125850000	125899999	0.233405244852381	0.5655800555238095	-0.3321748106714285
125900000	125949999	0.2408395277333334	0.5655800555238095	-0.32474052779047613
125950000	125999999	0.2566207710619048	0.5655800555238095	-0.30895928446190474
126000000	126049999	0.26902350970476185	0.5655800555238095	-0.29655654581904767
126050000	126099999	0.27489377257142855	0.5655800555238095	-0.29068628295238097
126100000	126149999	0.2800614659571429	0.5655800555238095	-0.28551858956666665
126150000	126199999	0.2521972175428571	0.5655800555238095	-0.3133828379809524
126200000	126249999	0.24283593817619042	0.5655800555238095	-0.3227441173476191
126250000	126299999	0.24880917489999999	0.5655800555238095	-0.31677088062380954
126300000	126349999	0.2505320629190476	0.5655800555238095	-0.3150479926047619
126350000	126399999	0.2517682249380952	0.5655800555238095	-0.3138118305857143
126400000	126449999	0.26595666289523806	0.5655800555238095	-0.29962339262857146
126450000	126499999	0.2430260513619047	0.5655800555238095	-0.32255400416190483
126500000	126549999	0.24736504442380952	0.5655800555238095	-0.3182150111
126550000	126599999	0.2620062283666666	0.5655800555238095	-0.30357382715714293
126600000	126649999	0.2604612469571429	0.5655800555238095	-0.3051188085666666
126650000	126699999	0.25754442969999997	0.5655800555238095	-0.30803562582380956
126700000	126749999	0.26037260301904763	0.5655800555238095	-0.3052074525047619
126750000	126799999	0.2561167660428571	0.5655800555238095	-0.3094632894809524
126800000	126849999	0.2559668459238095	0.5655800555238095	-0.3096132096
126850000	126899999	0.2522532514857143	0.5655800555238095	-0.3133268040380952
126900000	126949999	0.24869601877142855	0.5655800555238095	-0.31688403675238097
126950000	126999999	0.24524252006190478	0.5655800555238095	-0.32033753546190474
127000000	127049999	0.24589634078571426	0.5655800555238095	-0.31968371473809526
127050000	127099999	0.2506015289761904	0.5655800555238095	-0.3149785265476191
127100000	127149999	0.2611501888619048	0.5655800555238095	-0.30442986666190475
127150000	127199999	0.25503525402857147	0.5655800555238095	-0.31054480149523805
127200000	127249999	0.2832630326095238	0.5655800555238095	-0.28231702291428573
127250000	127299999	0.2917774053142857	0.5655800555238095	-0.2738026502095238
127300000	127349999	0.28230187381428573	0.5655800555238095	-0.2832781817095238
127350000	127399999	0.28136466177142866	0.5655800555238095	-0.28421539375238086
127400000	127449999	0.27178314128095243	0.5655800555238095	-0.2937969142428571
127450000	127499999	0.27063843441904767	0.5655800555238095	-0.29494162110476185
127500000	127549999	0.2567268003	0.5655800555238095	-0.3088532552238095
127550000	127599999	0.24870489497142856	0.5655800555238095	-0.31687516055238096
127600000	127649999	0.22607128776190483	0.5655800555238095	-0.3395087677619047
127650000	127699999	0.21966352346190476	0.5655800555238095	-0.34591653206190476
127700000	127749999	0.2067371632095238	0.5655800555238095	-0.35884289231428573
127750000	127799999	0.1967291316190476	0.5655800555238095	-0.36885092390476193
127800000	127849999	0.19166797903809518	0.5655800555238095	-0.37391207648571434
127850000	127899999	0.17747668559523816	0.5655800555238095	-0.38810336992857136
127900000	127949999	0.16424543078095233	0.5655800555238095	-0.4013346247428572
127950000	127999999	0.1384250151809524	0.5655800555238095	-0.4271550403428571
128000000	128049999	0.1217827268333333	0.5655800555238095	-0.4437973286904762
128050000	128099999	0.0977713863666666	0.5655800555238095	-0.4678086691571429
128100000	128149999	0.07544180390952376	0.5655800555238095	-0.49013825161428576
128150000	128199999	0.08062270629523804	0.5655800555238095	-0.4849573492285715
128200000	128249999	0.10047804486666662	0.5655800555238095	-0.4651020106571429
128250000	128299999	0.11154187446190472	0.5655800555238095	-0.4540381810619048
128300000	128349999	0.1020962292571429	0.5655800555238095	-0.4634838262666666
128350000	128399999	0.0923058745571429	0.5655800555238095	-0.4732741809666666
128400000	128449999	0.08462774597142858	0.5655800555238095	-0.48095230955238094
128450000	128499999	0.07937649790476198	0.5655800555238095	-0.48620355761904754
128500000	128549999	0.0673358310714286	0.5655800555238095	-0.4982442244523809
128550000	128599999	0.06317923216190469	0.5655800555238095	-0.5024008233619048
128600000	128649999	0.05859424014761905	0.5655800555238095	-0.5069858153761905
128650000	128699999	0.058533615476190404	0.5655800555238095	-0.5070464400476191
128700000	128749999	0.053668498166666634	0.5655800555238095	-0.5119115573571429
128750000	128799999	0.04868718278571427	0.5655800555238095	-0.5168928727380953
128800000	128849999	0.04555010891904754	0.5655800555238095	-0.520029946604762
128850000	128899999	0.04128076315714291	0.5655800555238095	-0.5242992923666666
128900000	128949999	0.049268630909523825	0.5655800555238095	-0.5163114246142857
128950000	128999999	0.05450555093809539	0.5655800555238095	-0.5110745045857141
129000000	129049999	0.05533328665238102	0.5655800555238095	-0.5102467688714285
129050000	129099999	0.058794647138095235	0.5655800555238095	-0.5067854083857143
129100000	129149999	0.06148513074761908	0.5655800555238095	-0.5040949247761904
129150000	129199999	0.06445757463333335	0.5655800555238095	-0.5011224808904762
129200000	129249999	0.03906966513809518	0.5655800555238095	-0.5265103903857143
129250000	129299999	0.018854254038095264	0.5655800555238095	-0.5467258014857143
129300000	129349999	0.0	0.5655800555238095	-0.5655800555238095
129350000	129399999	0.009671776300000046	0.5655800555238095	-0.5559082792238095
129400000	129449999	0.024430119890476276	0.5655800555238095	-0.5411499356333332
129450000	129499999	0.029901912557142918	0.5655800555238095	-0.5356781429666666
129500000	129549999	0.033465124042857175	0.5655800555238095	-0.5321149314809523
129550000	129599999	0.04102554009523818	0.5655800555238095	-0.5245545154285713
129600000	129649999	0.05870389128095255	0.5655800555238095	-0.506876164242857
129650000	129699999	0.0637891905380954	0.5655800555238095	-0.5017908649857141
129700000	129749999	0.06807451909047618	0.5655800555238095	-0.49750553643333334
129750000	129799999	0.07677824323333332	0.5655800555238095	-0.4888018122904762
129800000	129849999	0.08963577901904762	0.5655800555238095	-0.4759442765047619
129850000	129899999	0.11186224367142855	0.5655800555238095	-0.45371781185238097
129900000	129949999	0.12360235036666645	0.5655800555238095	-0.4419777051571431
129950000	129999999	0.13599960749999995	0.5655800555238095	-0.42958044802380957
130000000	130049999	0.13987550990476189	0.5655800555238095	-0.42570454561904764
130050000	130099999	0.1541957622285714	0.5655800555238095	-0.4113842932952381
130100000	130149999	0.1644737357523809	0.5655800555238095	-0.40110631977142863
130150000	130199999	0.17099475137619047	0.5655800555238095	-0.39458530414761905
130200000	130249999	0.16724444664285715	0.5655800555238095	-0.3983356088809524
130250000	130299999	0.16966822308095236	0.5655800555238095	-0.39591183244285716
130300000	130349999	0.16501333271904756	0.5655800555238095	-0.40056672280476197
130350000	130399999	0.16530637811428567	0.5655800555238095	-0.40027367740952385
130400000	130449999	0.16325598679523812	0.5655800555238095	-0.4023240687285714
130450000	130499999	0.16078290413333335	0.5655800555238095	-0.4047971513904762
130500000	130549999	0.15555508940476187	0.5655800555238095	-0.41002496611904765
130550000	130599999	0.16434499295238092	0.5655800555238095	-0.4012350625714286
130600000	130649999	0.16477055449523803	0.5655800555238095	-0.4008095010285715
130650000	130699999	0.15850154371904762	0.5655800555238095	-0.4070785118047619
130700000	130749999	0.15604517622380953	0.5655800555238095	-0.4095348793
130750000	130799999	0.15355830030952378	0.5655800555238095	-0.41202175521428575
130800000	130849999	0.14445341319047617	0.5655800555238095	-0.42112664233333336
130850000	130899999	0.13274990998095243	0.5655800555238095	-0.4328301455428571
130900000	130949999	0.11671014473809532	0.5655800555238095	-0.4488699107857142
130950000	130999999	0.10569486758095242	0.5655800555238095	-0.4598851879428571
131000000	131049999	0.08214992199523807	0.5655800555238095	-0.48343013352857145
131050000	131099999	0.07324654466666669	0.5655800555238095	-0.49233351085714283
131100000	131149999	0.06279982485714286	0.5655800555238095	-0.5027802306666667
131150000	131199999	0.05123191402857141	0.5655800555238095	-0.5143481414952381
131200000	131249999	0.04848050307619034	0.5655800555238095	-0.5170995524476192
131250000	131299999	0.04342220229047622	0.5655800555238095	-0.5221578532333333
131300000	131349999	0.039849501600000004	0.5655800555238095	-0.5257305539238095
131350000	131399999	0.048505963100000105	0.5655800555238095	-0.5170740924238094
131400000	131449999	0.05557654571428572	0.5655800555238095	-0.5100035098095238
131450000	131499999	0.057157568819047655	0.5655800555238095	-0.5084224867047619
131500000	131549999	0.053690122914285765	0.5655800555238095	-0.5118899326095238
131550000	131599999	0.0511555244047619	0.5655800555238095	-0.5144245311190476
131600000	131649999	0.04149478767142856	0.5655800555238095	-0.524085267852381
131650000	131699999	0.03513937769047615	0.5655800555238095	-0.5304406778333334
131700000	131749999	0.032724333671428574	0.5655800555238095	-0.532855721852381
131750000	131799999	0.0281450393380952	0.5655800555238095	-0.5374350161857143
131800000	131849999	0.0253771003571428	0.5655800555238095	-0.5402029551666667
131850000	131899999	0.027331118333333237	0.5655800555238095	-0.5382489371904763
131900000	131949999	0.03141737987142845	0.5655800555238095	-0.5341626756523811
131950000	131999999	0.02582326216190467	0.5655800555238095	-0.5397567933619049
132000000	132049999	0.02438683017142851	0.5655800555238095	-0.541193225352381
132050000	132099999	0.028155628980952474	0.5655800555238095	-0.537424426542857
132100000	132149999	0.030583855652380976	0.5655800555238095	-0.5349961998714285
132150000	132199999	0.03193306906190463	0.5655800555238095	-0.5336469864619049
132200000	132249999	0.033414206685714265	0.5655800555238095	-0.5321658488380953
132250000	132299999	0.033983283404761866	0.5655800555238095	-0.5315967721190477
132300000	132349999	0.03686396583809515	0.5655800555238095	-0.5287160896857144
132350000	132399999	0.03768239419999997	0.5655800555238095	-0.5278976613238096
132400000	132449999	0.029328537947619027	0.5655800555238095	-0.5362515175761905
132450000	132499999	0.017427746071428496	0.5655800555238095	-0.548152309452381
132500000	132549999	0.012041359204761792	0.5655800555238095	-0.5535386963190477
132550000	132599999	0.007013156385714092	0.5655800555238095	-0.5585668991380954
132600000	132649999	0.009885706385714177	0.5655800555238095	-0.5556943491380953
132650000	132699999	0.015489031942857001	0.5655800555238095	-0.5500910235809525
132700000	132749999	0.017478330104761963	0.5655800555238095	-0.5481017254190476
132750000	132799999	0.01430087581428563	0.5655800555238095	-0.5512791797095239
132800000	132849999	0.017319793742857192	0.5655800555238095	-0.5482602617809523
132850000	132899999	0.03847606690476191	0.5655800555238095	-0.5271039886190476
132900000	132949999	0.03820854686190478	0.5655800555238095	-0.5273715086619047
132950000	132999999	0.031882251447619026	0.5655800555238095	-0.5336978040761905
133000000	133049999	0.034308082890476155	0.5655800555238095	-0.5312719726333334
133050000	133099999	0.03802265362380952	0.5655800555238095	-0.5275574019
133100000	133149999	0.042430470699999945	0.5655800555238095	-0.5231495848238096
133150000	133199999	0.056562867076190515	0.5655800555238095	-0.509017188447619
133200000	133249999	0.0610388356904763	0.5655800555238095	-0.5045412198333332
133250000	133299999	0.06759498149523818	0.5655800555238095	-0.49798507402857134
133300000	133349999	0.07927229982380957	0.5655800555238095	-0.48630775569999996
133350000	133399999	0.08545614631428577	0.5655800555238095	-0.48012390920952375
133400000	133449999	0.08576177465238105	0.5655800555238095	-0.47981828087142847
133450000	133499999	0.08661588322380953	0.5655800555238095	-0.4789641723
133500000	133549999	0.1021538649761905	0.5655800555238095	-0.463426190547619
133550000	133599999	0.10695492277142865	0.5655800555238095	-0.45862513275238087
133600000	133649999	0.11446131597142861	0.5655800555238095	-0.4511187395523809
133650000	133699999	0.11820643299523809	0.5655800555238095	-0.44737362252857144
133700000	133749999	0.1262717298190476	0.5655800555238095	-0.4393083257047619
133750000	133799999	0.1354981886761904	0.5655800555238095	-0.4300818668476191
133800000	133849999	0.14841236299999994	0.5655800555238095	-0.4171676925238096
133850000	133899999	0.15105555955714284	0.5655800555238095	-0.4145244959666667
133900000	133949999	0.13101052869047614	0.5655800555238095	-0.4345695268333334
133950000	133999999	0.13529842198095238	0.5655800555238095	-0.43028163354285714
134000000	134049999	0.14211331230000002	0.5655800555238095	-0.4234667432238095
134050000	134099999	0.1374188549619048	0.5655800555238095	-0.4281612005619047
134100000	134149999	0.13107515697619038	0.5655800555238095	-0.43450489854761914
134150000	134199999	0.1318642476666667	0.5655800555238095	-0.4337158078571428
134200000	134249999	0.11890131636666668	0.5655800555238095	-0.44667873915714285
134250000	134299999	0.11827292325714284	0.5655800555238095	-0.4473071322666667
134300000	134349999	0.11206071109523802	0.5655800555238095	-0.4535193444285715
134350000	134399999	0.10254499958095231	0.5655800555238095	-0.4630350559428572
134400000	134449999	0.09891308375238095	0.5655800555238095	-0.4666669717714286
134450000	134499999	0.10080922444285706	0.5655800555238095	-0.46477083108095246
134500000	134549999	0.10277798162380947	0.5655800555238095	-0.46280207390000005
134550000	134599999	0.1030779659190475	0.5655800555238095	-0.462502089604762
134600000	134649999	0.10196453519047616	0.5655800555238095	-0.46361552033333336
134650000	134699999	0.09814665577619047	0.5655800555238095	-0.46743339974761905
134700000	134749999	0.09551572733809527	0.5655800555238095	-0.47006432818571425
134750000	134799999	0.09848466073333334	0.5655800555238095	-0.4670953947904762
134800000	134849999	0.1061505995190476	0.5655800555238095	-0.4594294560047619
134850000	134899999	0.10701584078095244	0.5655800555238095	-0.4585642147428571
134900000	134949999	0.0997250281380952	0.5655800555238095	-0.4658550273857143
134950000	134999999	0.10078165714761905	0.5655800555238095	-0.46479839837619047
135000000	135049999	0.10482950120952378	0.5655800555238095	-0.46075055431428574
135050000	135099999	0.10765742799880951	0.5655800555238095	-0.457922627525
135100000	135149999	0.11713770307644111	0.5655800555238095	-0.4484423524473684
135150000	135199999	0.12777481869047613	0.5655800555238095	-0.4378052368333334
135200000	135249999	0.13193796605910363	0.5655800555238095	-0.4336420894647059
135250000	135299999	0.1382920090800595	0.5655800555238095	-0.42728804644375
135300000	135349999	0.14016103613047626	0.5655800555238095	-0.42541901939333326
135350000	135399999	0.14805336817380949	0.5655800555238095	-0.41752668735000004
135400000	135449999	0.1538728022315018	0.5655800555238095	-0.41170725329230773
135450000	135499999	0.16289061278214284	0.5655800555238095	-0.4026894427416667
135500000	135549999	0.1711778783056277	0.5655800555238095	-0.3944021772181818
