start	end	obs	exp	var
0	49999	0.5264996154	0.5264996154	0.0
50000	99999	0.5264996154	0.5264996154	0.0
100000	149999	0.5264996154	0.5264996154	0.0
150000	199999	0.5264996154	0.5264996154	0.0
200000	249999	0.5264996154	0.5264996154	0.0
250000	299999	0.5264996154	0.5264996154	0.0
300000	349999	0.5264996154	0.5264996154	0.0
350000	399999	0.5264996154	0.5264996154	0.0
400000	449999	0.5264996154	0.5264996154	0.0
450000	499999	0.5264996154	0.5264996154	0.0
500000	549999	0.5264996154	0.5264996154	0.0
550000	599999	0.5264996154	0.5264996154	0.0
600000	649999	0.5264996154	0.5264996154	0.0
650000	699999	0.5264996154	0.5264996154	0.0
700000	749999	0.5264996154	0.5264996154	0.0
750000	799999	0.5264996154	0.5264996154	0.0
800000	849999	0.5264996154	0.5264996154	0.0
850000	899999	0.5264996154	0.5264996154	0.0
900000	949999	0.5264996154	0.5264996154	0.0
950000	999999	0.5264996154	0.5264996154	0.0
1000000	1049999	0.5264996154	0.5264996154	0.0
1050000	1099999	0.5264996154	0.5264996154	0.0
1100000	1149999	0.5264996154	0.5264996154	0.0
1150000	1199999	0.5264996154	0.5264996154	0.0
1200000	1249999	0.5264996154	0.5264996154	0.0
1250000	1299999	0.5264996154	0.5264996154	0.0
1300000	1349999	0.5264996154	0.5264996154	0.0
1350000	1399999	0.5264996154	0.5264996154	0.0
1400000	1449999	0.5264996154	0.5264996154	0.0
1450000	1499999	0.5264996154	0.5264996154	0.0
1500000	1549999	0.5264996154	0.5264996154	0.0
1550000	1599999	0.5264996154	0.5264996154	0.0
1600000	1649999	0.5264996154	0.5264996154	0.0
1650000	1699999	0.5264996154	0.5264996154	0.0
1700000	1749999	0.5264996154	0.5264996154	0.0
1750000	1799999	0.5264996154	0.5264996154	0.0
1800000	1849999	0.5264996154	0.5264996154	0.0
1850000	1899999	0.5264996154	0.5264996154	0.0
1900000	1949999	0.5264996154	0.5264996154	0.0
1950000	1999999	0.5264996154	0.5264996154	0.0
2000000	2049999	0.5264996154	0.5264996154	0.0
2050000	2099999	0.5264996154	0.5264996154	0.0
2100000	2149999	0.5264996154	0.5264996154	0.0
2150000	2199999	0.5264996154	0.5264996154	0.0
2200000	2249999	0.5264996154	0.5264996154	0.0
2250000	2299999	0.5264996154	0.5264996154	0.0
2300000	2349999	0.5264996154	0.5264996154	0.0
2350000	2399999	0.5264996154	0.5264996154	0.0
2400000	2449999	0.5264996154	0.5264996154	0.0
2450000	2499999	0.5264996154	0.5264996154	0.0
2500000	2549999	0.5264996154	0.5264996154	0.0
2550000	2599999	0.5264996154	0.5264996154	0.0
2600000	2649999	0.5264996154	0.5264996154	0.0
2650000	2699999	0.5264996154	0.5264996154	0.0
2700000	2749999	0.5264996154	0.5264996154	0.0
2750000	2799999	0.5264996154	0.5264996154	0.0
2800000	2849999	0.5264996154	0.5264996154	0.0
2850000	2899999	0.5264996154	0.5264996154	0.0
2900000	2949999	0.5264996154	0.5264996154	0.0
2950000	2999999	0.5264996154	0.5264996154	0.0
3000000	3049999	0.5264996154	0.5264996154	0.0
3050000	3099999	0.5264996154	0.5264996154	0.0
3100000	3149999	0.5264996154	0.5264996154	0.0
3150000	3199999	0.5264996154	0.5264996154	0.0
3200000	3249999	0.5264996154	0.5264996154	0.0
3250000	3299999	0.5264996154	0.5264996154	0.0
3300000	3349999	0.5264996154	0.5264996154	0.0
3350000	3399999	0.5264996154	0.5264996154	0.0
3400000	3449999	0.5264996154	0.5264996154	0.0
3450000	3499999	0.5264996154	0.5264996154	0.0
3500000	3549999	0.5264996154	0.5264996154	0.0
3550000	3599999	0.5264996154	0.5264996154	0.0
3600000	3649999	0.5264996154	0.5264996154	0.0
3650000	3699999	0.5264996154	0.5264996154	0.0
3700000	3749999	0.5264996154	0.5264996154	0.0
3750000	3799999	0.5264996154	0.5264996154	0.0
3800000	3849999	0.5264996154	0.5264996154	0.0
3850000	3899999	0.5264996154	0.5264996154	0.0
3900000	3949999	0.5264996154	0.5264996154	0.0
3950000	3999999	0.5264996154	0.5264996154	0.0
4000000	4049999	0.5264996154	0.5264996154	0.0
4050000	4099999	0.5264996154	0.5264996154	0.0
4100000	4149999	0.5264996154	0.5264996154	0.0
4150000	4199999	0.5264996154	0.5264996154	0.0
4200000	4249999	0.5264996154	0.5264996154	0.0
4250000	4299999	0.5264996154	0.5264996154	0.0
4300000	4349999	0.5264996154	0.5264996154	0.0
4350000	4399999	0.5264996154	0.5264996154	0.0
4400000	4449999	0.5264996154	0.5264996154	0.0
4450000	4499999	0.5264996154	0.5264996154	0.0
4500000	4549999	0.5264996154	0.5264996154	0.0
4550000	4599999	0.5264996154	0.5264996154	0.0
4600000	4649999	0.5264996154	0.5264996154	0.0
4650000	4699999	0.5264996154	0.5264996154	0.0
4700000	4749999	0.5264996154	0.5264996154	0.0
4750000	4799999	0.5264996154	0.5264996154	0.0
4800000	4849999	0.5264996154	0.5264996154	0.0
4850000	4899999	0.5264996154	0.5264996154	0.0
4900000	4949999	0.5264996154	0.5264996154	0.0
4950000	4999999	0.5264996154	0.5264996154	0.0
5000000	5049999	0.5264996154	0.5264996154	0.0
5050000	5099999	0.5264996154	0.5264996154	0.0
5100000	5149999	0.5264996154	0.5264996154	0.0
5150000	5199999	0.5264996154	0.5264996154	0.0
5200000	5249999	0.5264996154	0.5264996154	0.0
5250000	5299999	0.5264996154	0.5264996154	0.0
5300000	5349999	0.5264996154	0.5264996154	0.0
5350000	5399999	0.5264996154	0.5264996154	0.0
5400000	5449999	0.5264996154	0.5264996154	0.0
5450000	5499999	0.5264996154	0.5264996154	0.0
5500000	5549999	0.5264996154	0.5264996154	0.0
5550000	5599999	0.5264996154	0.5264996154	0.0
5600000	5649999	0.5264996154	0.5264996154	0.0
5650000	5699999	0.5264996154	0.5264996154	0.0
5700000	5749999	0.5264996154	0.5264996154	0.0
5750000	5799999	0.5264996154	0.5264996154	0.0
5800000	5849999	0.5264996154	0.5264996154	0.0
5850000	5899999	0.5264996154	0.5264996154	0.0
5900000	5949999	0.5264996154	0.5264996154	0.0
5950000	5999999	0.5264996154	0.5264996154	0.0
6000000	6049999	0.5264996154	0.5264996154	0.0
6050000	6099999	0.5264996154	0.5264996154	0.0
6100000	6149999	0.5264996154	0.5264996154	0.0
6150000	6199999	0.5264996154	0.5264996154	0.0
6200000	6249999	0.5264996154	0.5264996154	0.0
6250000	6299999	0.5264996154	0.5264996154	0.0
6300000	6349999	0.5264996154	0.5264996154	0.0
6350000	6399999	0.5264996154	0.5264996154	0.0
6400000	6449999	0.5264996154	0.5264996154	0.0
6450000	6499999	0.5264996154	0.5264996154	0.0
6500000	6549999	0.5264996154	0.5264996154	0.0
6550000	6599999	0.5264996154	0.5264996154	0.0
6600000	6649999	0.5264996154	0.5264996154	0.0
6650000	6699999	0.5264996154	0.5264996154	0.0
6700000	6749999	0.5264996154	0.5264996154	0.0
6750000	6799999	0.5264996154	0.5264996154	0.0
6800000	6849999	0.5264996154	0.5264996154	0.0
6850000	6899999	0.5264996154	0.5264996154	0.0
6900000	6949999	0.5264996154	0.5264996154	0.0
6950000	6999999	0.5264996154	0.5264996154	0.0
7000000	7049999	0.5264996154	0.5264996154	0.0
7050000	7099999	0.5264996154	0.5264996154	0.0
7100000	7149999	0.5264996154	0.5264996154	0.0
7150000	7199999	0.5264996154	0.5264996154	0.0
7200000	7249999	0.5264996154	0.5264996154	0.0
7250000	7299999	0.5264996154	0.5264996154	0.0
7300000	7349999	0.5264996154	0.5264996154	0.0
7350000	7399999	0.5264996154	0.5264996154	0.0
7400000	7449999	0.5264996154	0.5264996154	0.0
7450000	7499999	0.5264996154	0.5264996154	0.0
7500000	7549999	0.5264996154	0.5264996154	0.0
7550000	7599999	0.5264996154	0.5264996154	0.0
7600000	7649999	0.5264996154	0.5264996154	0.0
7650000	7699999	0.5264996154	0.5264996154	0.0
7700000	7749999	0.5264996154	0.5264996154	0.0
7750000	7799999	0.5264996154	0.5264996154	0.0
7800000	7849999	0.5264996154	0.5264996154	0.0
7850000	7899999	0.5264996154	0.5264996154	0.0
7900000	7949999	0.5264996154	0.5264996154	0.0
7950000	7999999	0.5264996154	0.5264996154	0.0
8000000	8049999	0.5264996154	0.5264996154	0.0
8050000	8099999	0.5264996154	0.5264996154	0.0
8100000	8149999	0.5264996154	0.5264996154	0.0
8150000	8199999	0.5264996154	0.5264996154	0.0
8200000	8249999	0.5264996154	0.5264996154	0.0
8250000	8299999	0.5264996154	0.5264996154	0.0
8300000	8349999	0.5264996154	0.5264996154	0.0
8350000	8399999	0.5264996154	0.5264996154	0.0
8400000	8449999	0.5264996154	0.5264996154	0.0
8450000	8499999	0.5264996154	0.5264996154	0.0
8500000	8549999	0.5264996154	0.5264996154	0.0
8550000	8599999	0.5264996154	0.5264996154	0.0
8600000	8649999	0.5264996154	0.5264996154	0.0
8650000	8699999	0.5264996154	0.5264996154	0.0
8700000	8749999	0.5264996154	0.5264996154	0.0
8750000	8799999	0.5264996154	0.5264996154	0.0
8800000	8849999	0.5264996154	0.5264996154	0.0
8850000	8899999	0.5264996154	0.5264996154	0.0
8900000	8949999	0.5264996154	0.5264996154	0.0
8950000	8999999	0.5264996154	0.5264996154	0.0
9000000	9049999	0.5264996154	0.5264996154	0.0
9050000	9099999	0.5264996154	0.5264996154	0.0
9100000	9149999	0.5264996154	0.5264996154	0.0
9150000	9199999	0.5264996154	0.5264996154	0.0
9200000	9249999	0.5264996154	0.5264996154	0.0
9250000	9299999	0.5264996154	0.5264996154	0.0
9300000	9349999	0.5264996154	0.5264996154	0.0
9350000	9399999	0.5264996154	0.5264996154	0.0
9400000	9449999	0.5264996154	0.5264996154	0.0
9450000	9499999	0.5264996154	0.5264996154	0.0
9500000	9549999	0.5264996154	0.5264996154	0.0
9550000	9599999	0.5264996154	0.5264996154	0.0
9600000	9649999	0.5264996154	0.5264996154	0.0
9650000	9699999	0.5264996154	0.5264996154	0.0
9700000	9749999	0.5264996154	0.5264996154	0.0
9750000	9799999	0.5264996154	0.5264996154	0.0
9800000	9849999	0.5264996154	0.5264996154	0.0
9850000	9899999	0.5264996154	0.5264996154	0.0
9900000	9949999	0.5264996154	0.5264996154	0.0
9950000	9999999	0.5264996154	0.5264996154	0.0
10000000	10049999	0.5264996154	0.5264996154	0.0
10050000	10099999	0.5264996154	0.5264996154	0.0
10100000	10149999	0.5264996154	0.5264996154	0.0
10150000	10199999	0.5264996154	0.5264996154	0.0
10200000	10249999	0.5264996154	0.5264996154	0.0
10250000	10299999	0.5264996154	0.5264996154	0.0
10300000	10349999	0.5264996154	0.5264996154	0.0
10350000	10399999	0.5264996154	0.5264996154	0.0
10400000	10449999	0.5264996154	0.5264996154	0.0
10450000	10499999	0.5264996154	0.5264996154	0.0
10500000	10549999	0.5264996154	0.5264996154	0.0
10550000	10599999	0.5264996154	0.5264996154	0.0
10600000	10649999	0.5264996154	0.5264996154	0.0
10650000	10699999	0.5264996154	0.5264996154	0.0
10700000	10749999	0.5264996154	0.5264996154	0.0
10750000	10799999	0.5264996154	0.5264996154	0.0
10800000	10849999	0.5264996154	0.5264996154	0.0
10850000	10899999	0.5264996154	0.5264996154	0.0
10900000	10949999	0.5264996154	0.5264996154	0.0
10950000	10999999	0.5264996154	0.5264996154	0.0
11000000	11049999	0.5264996154	0.5264996154	0.0
11050000	11099999	0.5264996154	0.5264996154	0.0
11100000	11149999	0.5264996154	0.5264996154	0.0
11150000	11199999	0.5264996154	0.5264996154	0.0
11200000	11249999	0.5264996154	0.5264996154	0.0
11250000	11299999	0.5264996154	0.5264996154	0.0
11300000	11349999	0.5264996154	0.5264996154	0.0
11350000	11399999	0.5264996154	0.5264996154	0.0
11400000	11449999	0.5264996154	0.5264996154	0.0
11450000	11499999	0.5264996154	0.5264996154	0.0
11500000	11549999	0.5264996154	0.5264996154	0.0
11550000	11599999	0.5264996154	0.5264996154	0.0
11600000	11649999	0.5264996154	0.5264996154	0.0
11650000	11699999	0.5264996154	0.5264996154	0.0
11700000	11749999	0.5264996154	0.5264996154	0.0
11750000	11799999	0.5264996154	0.5264996154	0.0
11800000	11849999	0.5264996154	0.5264996154	0.0
11850000	11899999	0.5264996154	0.5264996154	0.0
11900000	11949999	0.5264996154	0.5264996154	0.0
11950000	11999999	0.5264996154	0.5264996154	0.0
12000000	12049999	0.5264996154	0.5264996154	0.0
12050000	12099999	0.5264996154	0.5264996154	0.0
12100000	12149999	0.5264996154	0.5264996154	0.0
12150000	12199999	0.5264996154	0.5264996154	0.0
12200000	12249999	0.5264996154	0.5264996154	0.0
12250000	12299999	0.5264996154	0.5264996154	0.0
12300000	12349999	0.5264996154	0.5264996154	0.0
12350000	12399999	0.5264996154	0.5264996154	0.0
12400000	12449999	0.5264996154	0.5264996154	0.0
12450000	12499999	0.5264996154	0.5264996154	0.0
12500000	12549999	0.5264996154	0.5264996154	0.0
12550000	12599999	0.5264996154	0.5264996154	0.0
12600000	12649999	0.5264996154	0.5264996154	0.0
12650000	12699999	0.5264996154	0.5264996154	0.0
12700000	12749999	0.5264996154	0.5264996154	0.0
12750000	12799999	0.5264996154	0.5264996154	0.0
12800000	12849999	0.5264996154	0.5264996154	0.0
12850000	12899999	0.5264996154	0.5264996154	0.0
12900000	12949999	0.5264996154	0.5264996154	0.0
12950000	12999999	0.5264996154	0.5264996154	0.0
13000000	13049999	0.5264996154	0.5264996154	0.0
13050000	13099999	0.5264996154	0.5264996154	0.0
13100000	13149999	0.5264996154	0.5264996154	0.0
13150000	13199999	0.5264996154	0.5264996154	0.0
13200000	13249999	0.5264996154	0.5264996154	0.0
13250000	13299999	0.5264996154	0.5264996154	0.0
13300000	13349999	0.5264996154	0.5264996154	0.0
13350000	13399999	0.5264996154	0.5264996154	0.0
13400000	13449999	0.5264996154	0.5264996154	0.0
13450000	13499999	0.5264996154	0.5264996154	0.0
13500000	13549999	0.5264996154	0.5264996154	0.0
13550000	13599999	0.5264996154	0.5264996154	0.0
13600000	13649999	0.5264996154	0.5264996154	0.0
13650000	13699999	0.5264996154	0.5264996154	0.0
13700000	13749999	0.5264996154	0.5264996154	0.0
13750000	13799999	0.5264996154	0.5264996154	0.0
13800000	13849999	0.5264996154	0.5264996154	0.0
13850000	13899999	0.5264996154	0.5264996154	0.0
13900000	13949999	0.5264996154	0.5264996154	0.0
13950000	13999999	0.5264996154	0.5264996154	0.0
14000000	14049999	0.5264996154	0.5264996154	0.0
14050000	14099999	0.5264996154	0.5264996154	0.0
14100000	14149999	0.5264996154	0.5264996154	0.0
14150000	14199999	0.5264996154	0.5264996154	0.0
14200000	14249999	0.5264996154	0.5264996154	0.0
14250000	14299999	0.5264996154	0.5264996154	0.0
14300000	14349999	0.5264996154	0.5264996154	0.0
14350000	14399999	0.5264996154	0.5264996154	0.0
14400000	14449999	0.5264996154	0.5264996154	0.0
14450000	14499999	0.5264996154	0.5264996154	0.0
14500000	14549999	0.5264996154	0.5264996154	0.0
14550000	14599999	0.5264996154	0.5264996154	0.0
14600000	14649999	0.5264996154	0.5264996154	0.0
14650000	14699999	0.5264996154	0.5264996154	0.0
14700000	14749999	0.5264996154	0.5264996154	0.0
14750000	14799999	0.5264996154	0.5264996154	0.0
14800000	14849999	0.5264996154	0.5264996154	0.0
14850000	14899999	0.5264996154	0.5264996154	0.0
14900000	14949999	0.5264996154	0.5264996154	0.0
14950000	14999999	0.5264996154	0.5264996154	0.0
15000000	15049999	0.5264996154	0.5264996154	0.0
15050000	15099999	0.5264996154	0.5264996154	0.0
15100000	15149999	0.5264996154	0.5264996154	0.0
15150000	15199999	0.5264996154	0.5264996154	0.0
15200000	15249999	0.5264996154	0.5264996154	0.0
15250000	15299999	0.5264996154	0.5264996154	0.0
15300000	15349999	0.5264996154	0.5264996154	0.0
15350000	15399999	0.5264996154	0.5264996154	0.0
15400000	15449999	0.5264996154	0.5264996154	0.0
15450000	15499999	0.5264996154	0.5264996154	0.0
15500000	15549999	0.5264996154	0.5264996154	0.0
15550000	15599999	0.5264996154	0.5264996154	0.0
15600000	15649999	0.5264996154	0.5264996154	0.0
15650000	15699999	0.5264996154	0.5264996154	0.0
15700000	15749999	0.5264996154	0.5264996154	0.0
15750000	15799999	0.5264996154	0.5264996154	0.0
15800000	15849999	0.5264996154	0.5264996154	0.0
15850000	15899999	0.5264996154	0.5264996154	0.0
15900000	15949999	0.5264996154	0.5264996154	0.0
15950000	15999999	0.5264996154	0.5264996154	0.0
16000000	16049999	0.5264996154	0.5264996154	0.0
16050000	16099999	0.5264996154	0.5264996154	0.0
16100000	16149999	0.5264996154	0.5264996154	0.0
16150000	16199999	0.5264996154	0.5264996154	0.0
16200000	16249999	0.5264996154	0.5264996154	0.0
16250000	16299999	0.5264996154	0.5264996154	0.0
16300000	16349999	0.5264996154	0.5264996154	0.0
16350000	16399999	0.5264996154	0.5264996154	0.0
16400000	16449999	0.5264996154	0.5264996154	0.0
16450000	16499999	0.5264996154	0.5264996154	0.0
16500000	16549999	0.5264996154	0.5264996154	0.0
16550000	16599999	0.5264996154	0.5264996154	0.0
16600000	16649999	0.5264996154	0.5264996154	0.0
16650000	16699999	0.5264996154	0.5264996154	0.0
16700000	16749999	0.5264996154	0.5264996154	0.0
16750000	16799999	0.5264996154	0.5264996154	0.0
16800000	16849999	0.5264996154	0.5264996154	0.0
16850000	16899999	0.5264996154	0.5264996154	0.0
16900000	16949999	0.5264996154	0.5264996154	0.0
16950000	16999999	0.5264996154	0.5264996154	0.0
17000000	17049999	0.5264996154	0.5264996154	0.0
17050000	17099999	0.5264996154	0.5264996154	0.0
17100000	17149999	0.5264996154	0.5264996154	0.0
17150000	17199999	0.5264996154	0.5264996154	0.0
17200000	17249999	0.5264996154	0.5264996154	0.0
17250000	17299999	0.5264996154	0.5264996154	0.0
17300000	17349999	0.5264996154	0.5264996154	0.0
17350000	17399999	0.5264996154	0.5264996154	0.0
17400000	17449999	0.5264996154	0.5264996154	0.0
17450000	17499999	0.5264996154	0.5264996154	0.0
17500000	17549999	0.5264996154	0.5264996154	0.0
17550000	17599999	0.5264996154	0.5264996154	0.0
17600000	17649999	0.5264996154	0.5264996154	0.0
17650000	17699999	0.5264996154	0.5264996154	0.0
17700000	17749999	0.5264996154	0.5264996154	0.0
17750000	17799999	0.5264996154	0.5264996154	0.0
17800000	17849999	0.5264996154	0.5264996154	0.0
17850000	17899999	0.5264996154	0.5264996154	0.0
17900000	17949999	0.5264996154	0.5264996154	0.0
17950000	17999999	0.5264996154	0.5264996154	0.0
18000000	18049999	0.5264996154	0.5264996154	0.0
18050000	18099999	0.5264996154	0.5264996154	0.0
18100000	18149999	0.5264996154	0.5264996154	0.0
18150000	18199999	0.5264996154	0.5264996154	0.0
18200000	18249999	0.5264996154	0.5264996154	0.0
18250000	18299999	0.5264996154	0.5264996154	0.0
18300000	18349999	0.5264996154	0.5264996154	0.0
18350000	18399999	0.5264996154	0.5264996154	0.0
18400000	18449999	0.5264996154	0.5264996154	0.0
18450000	18499999	0.5264996154	0.5264996154	0.0
18500000	18549999	0.48512907936666666	0.5264996154	-0.04137053603333335
18550000	18599999	0.4629109074619048	0.5264996154	-0.06358870793809523
18600000	18649999	0.44020298292857146	0.5264996154	-0.08629663247142855
18650000	18699999	0.41738869892857144	0.5264996154	-0.10911091647142857
18700000	18749999	0.39825057855714285	0.5264996154	-0.12824903684285716
18750000	18799999	0.38976213160952383	0.5264996154	-0.13673748379047618
18800000	18849999	0.3799019776857143	0.5264996154	-0.1465976377142857
18850000	18899999	0.38489435512857145	0.5264996154	-0.14160526027142856
18900000	18949999	0.428056460952381	0.5264996154	-0.09844315444761903
18950000	18999999	0.4214008999428571	0.5264996154	-0.10509871545714289
19000000	19049999	0.39657587110000003	0.5264996154	-0.12992374429999998
19050000	19099999	0.37245570507142856	0.5264996154	-0.15404391032857145
19100000	19149999	0.3455651999142857	0.5264996154	-0.18093441548571432
19150000	19199999	0.31962201206190477	0.5264996154	-0.20687760333809524
19200000	19249999	0.2944787136142857	0.5264996154	-0.23202090178571433
19250000	19299999	0.2783622863809524	0.5264996154	-0.24813732901904761
19300000	19349999	0.2579145043476191	0.5264996154	-0.2685851110523809
19350000	19399999	0.23983462725714288	0.5264996154	-0.2866649881428571
19400000	19449999	0.2198409160761905	0.5264996154	-0.3066586993238095
19450000	19499999	0.20121167432857145	0.5264996154	-0.32528794107142855
19500000	19549999	0.1982429503761905	0.5264996154	-0.3282566650238095
19550000	19599999	0.23114014427619045	0.5264996154	-0.29535947112380956
19600000	19649999	0.24134232043809523	0.5264996154	-0.2851572949619048
19650000	19699999	0.25215988614761903	0.5264996154	-0.274339729252381
19700000	19749999	0.2583743670142857	0.5264996154	-0.26812524838571433
19750000	19799999	0.28239176558095236	0.5264996154	-0.24410784981904765
19800000	19849999	0.2789711841619047	0.5264996154	-0.24752843123809531
19850000	19899999	0.2778662085047619	0.5264996154	-0.2486334068952381
19900000	19949999	0.2612363974380952	0.5264996154	-0.26526321796190483
19950000	19999999	0.2124360940380952	0.5264996154	-0.3140635213619048
20000000	20049999	0.20484503986190467	0.5264996154	-0.32165457553809534
20050000	20099999	0.2287026377	0.5264996154	-0.2977969777
20100000	20149999	0.2586054660190476	0.5264996154	-0.2678941493809524
20150000	20199999	0.2709450665238095	0.5264996154	-0.2555545488761905
20200000	20249999	0.2718842129428572	0.5264996154	-0.2546154024571428
20250000	20299999	0.27913572581904766	0.5264996154	-0.24736388958095235
20300000	20349999	0.27222102371428575	0.5264996154	-0.25427859168571426
20350000	20399999	0.27037408567142857	0.5264996154	-0.25612552972857144
20400000	20449999	0.2674471355761905	0.5264996154	-0.2590524798238095
20450000	20499999	0.26585024249523814	0.5264996154	-0.26064937290476187
20500000	20549999	0.2622387717857143	0.5264996154	-0.2642608436142857
20550000	20599999	0.24766178920476195	0.5264996154	-0.27883782619523806
20600000	20649999	0.24247872211428578	0.5264996154	-0.2840208932857142
20650000	20699999	0.24976181505238104	0.5264996154	-0.27673780034761897
20700000	20749999	0.2588749517428572	0.5264996154	-0.2676246636571428
20750000	20799999	0.25666564823809523	0.5264996154	-0.2698339671619048
20800000	20849999	0.23681624529999995	0.5264996154	-0.28968337010000006
20850000	20899999	0.2504037242333333	0.5264996154	-0.2760958911666667
20900000	20949999	0.2670371736095238	0.5264996154	-0.25946244179047623
20950000	20999999	0.26244414469047617	0.5264996154	-0.26405547070952384
21000000	21049999	0.25537139066190473	0.5264996154	-0.2711282247380953
21050000	21099999	0.2483922594857143	0.5264996154	-0.2781073559142857
21100000	21149999	0.23190642996666666	0.5264996154	-0.29459318543333335
21150000	21199999	0.2091525616380952	0.5264996154	-0.3173470537619048
21200000	21249999	0.210135656447619	0.5264996154	-0.316363958952381
21250000	21299999	0.21961332764285713	0.5264996154	-0.3068862877571429
21300000	21349999	0.22099560237619048	0.5264996154	-0.30550401302380953
21350000	21399999	0.22815880531904764	0.5264996154	-0.29834081008095237
21400000	21449999	0.23016739840000006	0.5264996154	-0.29633221699999995
21450000	21499999	0.24386138053333334	0.5264996154	-0.28263823486666667
21500000	21549999	0.2481894985619047	0.5264996154	-0.2783101168380953
21550000	21599999	0.2592718092142857	0.5264996154	-0.2672278061857143
21600000	21649999	0.2793648697333333	0.5264996154	-0.2471347456666667
21650000	21699999	0.28315614060952377	0.5264996154	-0.24334347479047624
21700000	21749999	0.26772850020952377	0.5264996154	-0.25877111519047624
21750000	21799999	0.2743046094238095	0.5264996154	-0.2521950059761905
21800000	21849999	0.27590032832380956	0.5264996154	-0.25059928707619045
21850000	21899999	0.26973987549523815	0.5264996154	-0.25675973990476186
21900000	21949999	0.2459389141333333	0.5264996154	-0.2805607012666667
21950000	21999999	0.2141590702142857	0.5264996154	-0.3123405451857143
22000000	22049999	0.20668453951904758	0.5264996154	-0.3198150758809524
22050000	22099999	0.20263586227619051	0.5264996154	-0.3238637531238095
22100000	22149999	0.2077731892571429	0.5264996154	-0.3187264261428571
22150000	22199999	0.2051186885285715	0.5264996154	-0.3213809268714285
22200000	22249999	0.21341771537619053	0.5264996154	-0.3130819000238095
22250000	22299999	0.20416995864285725	0.5264996154	-0.32232965675714276
22300000	22349999	0.1974997928285715	0.5264996154	-0.3289998225714285
22350000	22399999	0.19591546526666676	0.5264996154	-0.33058415013333325
22400000	22449999	0.19311340920952386	0.5264996154	-0.33338620619047615
22450000	22499999	0.19732661139047625	0.5264996154	-0.32917300400952376
22500000	22549999	0.18796219701428574	0.5264996154	-0.3385374183857143
22550000	22599999	0.18779783810476186	0.5264996154	-0.33870177729523815
22600000	22649999	0.18553838086666663	0.5264996154	-0.3409612345333334
22650000	22699999	0.170017200747619	0.5264996154	-0.356482414652381
22700000	22749999	0.16112936901904762	0.5264996154	-0.3653702463809524
22750000	22799999	0.16577981082380944	0.5264996154	-0.3607198045761906
22800000	22849999	0.14971633173809518	0.5264996154	-0.37678328366190483
22850000	22899999	0.158148597447619	0.5264996154	-0.368351017952381
22900000	22949999	0.16278574510952376	0.5264996154	-0.36371387029047625
22950000	22999999	0.17107785980952378	0.5264996154	-0.35542175559047623
23000000	23049999	0.16821795264761907	0.5264996154	-0.35828166275238094
23050000	23099999	0.17114825541428574	0.5264996154	-0.35535135998571427
23100000	23149999	0.17675785432857144	0.5264996154	-0.34974176107142857
23150000	23199999	0.17363364954761906	0.5264996154	-0.35286596585238095
23200000	23249999	0.17423594167142858	0.5264996154	-0.3522636737285714
23250000	23299999	0.16899529899047627	0.5264996154	-0.35750431640952374
23300000	23349999	0.18232982932380953	0.5264996154	-0.3441697860761905
23350000	23399999	0.18896454234761906	0.5264996154	-0.33753507305238095
23400000	23449999	0.1985887406666667	0.5264996154	-0.3279108747333333
23450000	23499999	0.1943824486857143	0.5264996154	-0.3321171667142857
23500000	23549999	0.19104193265714287	0.5264996154	-0.33545768274285714
23550000	23599999	0.18888634787619046	0.5264996154	-0.33761326752380955
23600000	23649999	0.1869365049142857	0.5264996154	-0.3395631104857143
23650000	23699999	0.17992092233809526	0.5264996154	-0.34657869306190475
23700000	23749999	0.17497216034761903	0.5264996154	-0.351527455052381
23750000	23799999	0.16918601047619047	0.5264996154	-0.35731360492380954
23800000	23849999	0.17074924714761908	0.5264996154	-0.35575036825238093
23850000	23899999	0.16595463332857147	0.5264996154	-0.36054498207142854
23900000	23949999	0.16376468680476192	0.5264996154	-0.3627349285952381
23950000	23999999	0.1607341493904762	0.5264996154	-0.3657654660095238
24000000	24049999	0.14870500640476192	0.5264996154	-0.3777946089952381
24050000	24099999	0.15846657539523812	0.5264996154	-0.3680330400047619
24100000	24149999	0.1582482292523809	0.5264996154	-0.3682513861476191
24150000	24199999	0.14918086867619051	0.5264996154	-0.3773187467238095
24200000	24249999	0.14753507618571432	0.5264996154	-0.3789645392142857
24250000	24299999	0.14539768188571428	0.5264996154	-0.38110193351428573
24300000	24349999	0.13735809346190475	0.5264996154	-0.38914152193809526
24350000	24399999	0.12126300442380955	0.5264996154	-0.40523661097619046
24400000	24449999	0.11060839739523809	0.5264996154	-0.4158912180047619
24450000	24499999	0.09953175051904761	0.5264996154	-0.4269678648809524
24500000	24549999	0.10607542010476184	0.5264996154	-0.42042419529523817
24550000	24599999	0.11234166606190471	0.5264996154	-0.4141579493380953
24600000	24649999	0.1214938635666667	0.5264996154	-0.4050057518333333
24650000	24699999	0.12759643089047623	0.5264996154	-0.3989031845095238
24700000	24749999	0.1298546387666667	0.5264996154	-0.3966449766333333
24750000	24799999	0.1283755763190476	0.5264996154	-0.3981240390809524
24800000	24849999	0.13454282441904764	0.5264996154	-0.3919567909809524
24850000	24899999	0.14451626674285717	0.5264996154	-0.38198334865714284
24900000	24949999	0.15968925484285718	0.5264996154	-0.36681036055714283
24950000	24999999	0.16209104979047623	0.5264996154	-0.3644085656095238
25000000	25049999	0.17761262178095244	0.5264996154	-0.34888699361904757
25050000	25099999	0.18629395112857144	0.5264996154	-0.34020566427142857
25100000	25149999	0.18601967741904762	0.5264996154	-0.3404799379809524
25150000	25199999	0.19899086260952387	0.5264996154	-0.32750875279047614
25200000	25249999	0.2028865211333334	0.5264996154	-0.3236130942666666
25250000	25299999	0.2058171871904762	0.5264996154	-0.3206824282095238
25300000	25349999	0.22330888283809525	0.5264996154	-0.30319073256190476
25350000	25399999	0.2466308960809524	0.5264996154	-0.2798687193190476
25400000	25449999	0.26465543400476194	0.5264996154	-0.2618441813952381
25450000	25499999	0.28515828916666663	0.5264996154	-0.24134132623333338
25500000	25549999	0.2884754344619048	0.5264996154	-0.2380241809380952
25550000	25599999	0.28339847793809525	0.5264996154	-0.24310113746190476
25600000	25649999	0.2822340071619047	0.5264996154	-0.2442656082380953
25650000	25699999	0.2754911272	0.5264996154	-0.2510084882
25700000	25749999	0.27126378833333337	0.5264996154	-0.25523582706666664
25750000	25799999	0.2719727224238096	0.5264996154	-0.2545268929761904
25800000	25849999	0.2712661086428571	0.5264996154	-0.2552335067571429
25850000	25899999	0.2788004080952381	0.5264996154	-0.24769920730476191
25900000	25949999	0.25947635887142856	0.5264996154	-0.26702325652857145
25950000	25999999	0.2347888140285715	0.5264996154	-0.2917108013714285
26000000	26049999	0.21828197961904766	0.5264996154	-0.30821763578095235
26050000	26099999	0.19999426279047622	0.5264996154	-0.3265053526095238
26100000	26149999	0.19615690289047621	0.5264996154	-0.3303427125095238
26150000	26199999	0.21794632312857148	0.5264996154	-0.3085532922714285
26200000	26249999	0.21804824369047615	0.5264996154	-0.30845137170952386
26250000	26299999	0.22961295871904763	0.5264996154	-0.2968866566809524
26300000	26349999	0.2435103995428572	0.5264996154	-0.2829892158571428
26350000	26399999	0.2503202528428572	0.5264996154	-0.2761793625571428
26400000	26449999	0.25568955881428573	0.5264996154	-0.2708100565857143
26450000	26499999	0.2576305465142858	0.5264996154	-0.2688690688857142
26500000	26549999	0.24932005324285716	0.5264996154	-0.27717956215714284
26550000	26599999	0.2449798192428571	0.5264996154	-0.2815197961571429
26600000	26649999	0.2515246585	0.5264996154	-0.2749749569
26650000	26699999	0.2532544062047619	0.5264996154	-0.2732452091952381
26700000	26749999	0.2531923606857144	0.5264996154	-0.27330725471428563
26750000	26799999	0.24635850569523815	0.5264996154	-0.28014110970476186
26800000	26849999	0.24141624381904764	0.5264996154	-0.28508337158095237
26850000	26899999	0.23805732294285714	0.5264996154	-0.28844229245714287
26900000	26949999	0.22996666083809525	0.5264996154	-0.29653295456190476
26950000	26999999	0.23468885461428574	0.5264996154	-0.2918107607857143
27000000	27049999	0.25029997055714287	0.5264996154	-0.27619964484285714
27050000	27099999	0.26282950382857145	0.5264996154	-0.26367011157142856
27100000	27149999	0.273179179152381	0.5264996154	-0.253320436247619
27150000	27199999	0.29371593261428575	0.5264996154	-0.23278368278571426
27200000	27249999	0.2906214363190476	0.5264996154	-0.23587817908095243
27250000	27299999	0.29053588030952376	0.5264996154	-0.23596373509047625
27300000	27349999	0.28643006283809513	0.5264996154	-0.24006955256190488
27350000	27399999	0.27570705677619045	0.5264996154	-0.25079255862380956
27400000	27449999	0.25572121316190466	0.5264996154	-0.27077840223809535
27450000	27499999	0.24103195371904756	0.5264996154	-0.28546766168095244
27500000	27549999	0.23574053727142857	0.5264996154	-0.29075907812857144
27550000	27599999	0.2353085720380952	0.5264996154	-0.2911910433619048
27600000	27649999	0.24872097351904765	0.5264996154	-0.27777864188095236
27650000	27699999	0.25671767797142864	0.5264996154	-0.2697819374285714
27700000	27749999	0.2758508130571429	0.5264996154	-0.25064880234285714
27750000	27799999	0.2840932286619048	0.5264996154	-0.24240638673809523
27800000	27849999	0.2896262970047619	0.5264996154	-0.23687331839523812
27850000	27899999	0.2896667319380953	0.5264996154	-0.23683288346190473
27900000	27949999	0.296238023	0.5264996154	-0.2302615924
27950000	27999999	0.2939942821666667	0.5264996154	-0.23250533323333333
28000000	28049999	0.2893591940761905	0.5264996154	-0.23714042132380952
28050000	28099999	0.2798981346190476	0.5264996154	-0.2466014807809524
28100000	28149999	0.2795718499142857	0.5264996154	-0.24692776548571432
28150000	28199999	0.27986057020476185	0.5264996154	-0.24663904519523816
28200000	28249999	0.26553359699523804	0.5264996154	-0.26096601840476197
28250000	28299999	0.27127815088095236	0.5264996154	-0.25522146451904765
28300000	28349999	0.2854351775714285	0.5264996154	-0.2410644378285715
28350000	28399999	0.2855049238047619	0.5264996154	-0.24099469159523812
28400000	28449999	0.2902803722761904	0.5264996154	-0.2362192431238096
28450000	28499999	0.3083844341952381	0.5264996154	-0.21811518120476192
28500000	28549999	0.3147210112238096	0.5264996154	-0.21177860417619043
28550000	28599999	0.315423894547619	0.5264996154	-0.21107572085238102
28600000	28649999	0.3202815658952381	0.5264996154	-0.2062180495047619
28650000	28699999	0.31834700268571425	0.5264996154	-0.20815261271428576
28700000	28749999	0.32314733195714285	0.5264996154	-0.20335228344285716
28750000	28799999	0.3098782227047619	0.5264996154	-0.2166213926952381
28800000	28849999	0.30381558377619045	0.5264996154	-0.22268403162380956
28850000	28899999	0.307129117152381	0.5264996154	-0.219370498247619
28900000	28949999	0.31714146459523807	0.5264996154	-0.20935815080476194
28950000	28999999	0.31577898035238094	0.5264996154	-0.21072063504761906
29000000	29049999	0.3196339140190476	0.5264996154	-0.2068657013809524
29050000	29099999	0.3201721046857143	0.5264996154	-0.20632751071428573
29100000	29149999	0.32033218498571425	0.5264996154	-0.20616743041428576
29150000	29199999	0.3178711131047619	0.5264996154	-0.2086285022952381
29200000	29249999	0.31202464465238094	0.5264996154	-0.21447497074761906
29250000	29299999	0.3068602602	0.5264996154	-0.2196393552
29300000	29349999	0.28142952600000004	0.5264996154	-0.24507008939999997
29350000	29399999	0.2551773993619048	0.5264996154	-0.2713222160380952
29400000	29449999	0.24311184878095238	0.5264996154	-0.28338776661904763
29450000	29499999	0.23523573750000004	0.5264996154	-0.29126387789999997
29500000	29549999	0.22085874568095237	0.5264996154	-0.30564086971904764
29550000	29599999	0.2005676507238095	0.5264996154	-0.3259319646761905
29600000	29649999	0.18692174220476193	0.5264996154	-0.3395778731952381
29650000	29699999	0.18277100002857144	0.5264996154	-0.34372861537142857
29700000	29749999	0.19173978014761905	0.5264996154	-0.33475983525238096
29750000	29799999	0.17874289859047615	0.5264996154	-0.34775671680952386
29800000	29849999	0.17108496259523814	0.5264996154	-0.35541465280476187
29850000	29899999	0.18623024541904765	0.5264996154	-0.34026936998095236
29900000	29949999	0.18303060698571433	0.5264996154	-0.3434690084142857
29950000	29999999	0.17797795198095234	0.5264996154	-0.34852166341904767
30000000	30049999	0.17617692532857143	0.5264996154	-0.3503226900714286
30050000	30099999	0.1732267428809524	0.5264996154	-0.3532728725190476
30100000	30149999	0.17934618966190474	0.5264996154	-0.34715342573809527
30150000	30199999	0.1809943139476191	0.5264996154	-0.3455053014523809
30200000	30249999	0.17803556367142864	0.5264996154	-0.34846405172857137
30250000	30299999	0.18256597461904767	0.5264996154	-0.34393364078095234
30300000	30349999	0.19690049127142867	0.5264996154	-0.32959912412857134
30350000	30399999	0.21091053022857142	0.5264996154	-0.3155890851714286
30400000	30449999	0.21911134344761907	0.5264996154	-0.30738827195238094
30450000	30499999	0.2250686632714285	0.5264996154	-0.3014309521285715
30500000	30549999	0.2267030124142857	0.5264996154	-0.2997966029857143
30550000	30599999	0.2273775903285714	0.5264996154	-0.2991220250714286
30600000	30649999	0.2370484972285714	0.5264996154	-0.2894511181714286
30650000	30699999	0.2593620595380952	0.5264996154	-0.2671375558619048
30700000	30749999	0.26287215005714293	0.5264996154	-0.2636274653428571
30750000	30799999	0.25115228217619046	0.5264996154	-0.27534733322380955
30800000	30849999	0.24694111383333334	0.5264996154	-0.2795585015666667
30850000	30899999	0.2430652303285714	0.5264996154	-0.2834343850714286
30900000	30949999	0.21665916036666666	0.5264996154	-0.30984045503333335
30950000	30999999	0.21377087018571433	0.5264996154	-0.3127287452142857
31000000	31049999	0.2144765216904762	0.5264996154	-0.3120230937095238
31050000	31099999	0.21475812820952384	0.5264996154	-0.3117414871904762
31100000	31149999	0.21616851453333336	0.5264996154	-0.31033110086666665
31150000	31199999	0.21361670024285712	0.5264996154	-0.3128829151571429
31200000	31249999	0.2236817081095238	0.5264996154	-0.3028179072904762
31250000	31299999	0.2181980310714285	0.5264996154	-0.3083015843285715
31300000	31349999	0.21206175805238098	0.5264996154	-0.31443785734761903
31350000	31399999	0.1950371459	0.5264996154	-0.3314624695
31400000	31449999	0.17293369745238096	0.5264996154	-0.35356591794761905
31450000	31499999	0.1650441834285714	0.5264996154	-0.3614554319714286
31500000	31549999	0.1632307215761905	0.5264996154	-0.3632688938238095
31550000	31599999	0.15577802861904755	0.5264996154	-0.37072158678095246
31600000	31649999	0.14936797952380948	0.5264996154	-0.37713163587619053
31650000	31699999	0.140154012495238	0.5264996154	-0.386345602904762
31700000	31749999	0.12113976706666668	0.5264996154	-0.40535984833333333
31750000	31799999	0.10911386505238102	0.5264996154	-0.417385750347619
31800000	31849999	0.10822507026190481	0.5264996154	-0.4182745451380952
31850000	31899999	0.11424727723333339	0.5264996154	-0.4122523381666666
31900000	31949999	0.11555887966666661	0.5264996154	-0.4109407357333334
31950000	31999999	0.12828204424285716	0.5264996154	-0.39821757115714285
32000000	32049999	0.13307356862380948	0.5264996154	-0.39342604677619053
32050000	32099999	0.12526986024285713	0.5264996154	-0.4012297551571429
32100000	32149999	0.1319379265857143	0.5264996154	-0.3945616888142857
32150000	32199999	0.14188724618571424	0.5264996154	-0.38461236921428577
32200000	32249999	0.15420574401428572	0.5264996154	-0.3722938713857143
32250000	32299999	0.15207744525714278	0.5264996154	-0.3744221701428572
32300000	32349999	0.16296293428095232	0.5264996154	-0.3635366811190477
32350000	32399999	0.17498759006666664	0.5264996154	-0.35151202533333337
32400000	32449999	0.19405748579047621	0.5264996154	-0.3324421296095238
32450000	32499999	0.2168743770380952	0.5264996154	-0.3096252383619048
32500000	32549999	0.22019510679047616	0.5264996154	-0.30630450860952385
32550000	32599999	0.23693970443809526	0.5264996154	-0.28955991096190475
32600000	32649999	0.2575580873380952	0.5264996154	-0.2689415280619048
32650000	32699999	0.2631653621666667	0.5264996154	-0.2633342532333333
32700000	32749999	0.2805505711047619	0.5264996154	-0.24594904429523812
32750000	32799999	0.28954533724285714	0.5264996154	-0.23695427815714287
32800000	32849999	0.31856953507619046	0.5264996154	-0.20793008032380955
32850000	32899999	0.32542730975714285	0.5264996154	-0.20107230564285716
32900000	32949999	0.31798300203809526	0.5264996154	-0.20851661336190475
32950000	32999999	0.31957923097619045	0.5264996154	-0.20692038442380956
33000000	33049999	0.3127902206476191	0.5264996154	-0.21370939475238093
33050000	33099999	0.3089916427142857	0.5264996154	-0.2175079726857143
33100000	33149999	0.31816830879047625	0.5264996154	-0.20833130660952376
33150000	33199999	0.311731491952381	0.5264996154	-0.21476812344761903
33200000	33249999	0.2990989752571429	0.5264996154	-0.2274006401428571
33250000	33299999	0.2855970222238095	0.5264996154	-0.2409025931761905
33300000	33349999	0.27500350705238097	0.5264996154	-0.25149610834761904
33350000	33399999	0.270179792752381	0.5264996154	-0.256319822647619
33400000	33449999	0.25450618250952384	0.5264996154	-0.27199343289047617
33450000	33499999	0.23581659461904764	0.5264996154	-0.2906830207809524
33500000	33549999	0.22405600852380947	0.5264996154	-0.30244360687619054
33550000	33599999	0.22711556467142857	0.5264996154	-0.29938405072857144
33600000	33649999	0.22850857664285718	0.5264996154	-0.29799103875714283
33650000	33699999	0.21599651731904762	0.5264996154	-0.3105030980809524
33700000	33749999	0.21489142489523816	0.5264996154	-0.31160819050476185
33750000	33799999	0.20293962860000003	0.5264996154	-0.3235599868
33800000	33849999	0.19186595463809525	0.5264996154	-0.33463366076190476
33850000	33899999	0.18066996854761908	0.5264996154	-0.34582964685238093
33900000	33949999	0.18018746110476197	0.5264996154	-0.34631215429523804
33950000	33999999	0.18781824906666672	0.5264996154	-0.3386813663333333
34000000	34049999	0.18446477688095242	0.5264996154	-0.3420348385190476
34050000	34099999	0.18122124300476194	0.5264996154	-0.34527837239523806
34100000	34149999	0.1769913524857143	0.5264996154	-0.3495082629142857
34150000	34199999	0.1678712203714286	0.5264996154	-0.3586283950285714
34200000	34249999	0.165022434152381	0.5264996154	-0.361477181247619
34250000	34299999	0.16470225645238096	0.5264996154	-0.36179735894761905
34300000	34349999	0.15895030547142858	0.5264996154	-0.36754930992857143
34350000	34399999	0.15783887943809533	0.5264996154	-0.3686607359619047
34400000	34449999	0.14470438176666672	0.5264996154	-0.3817952336333333
34450000	34499999	0.14120745177619048	0.5264996154	-0.3852921636238095
34500000	34549999	0.13912486489047615	0.5264996154	-0.38737475050952386
34550000	34599999	0.13144288405714288	0.5264996154	-0.3950567313428571
34600000	34649999	0.11417702007619046	0.5264996154	-0.41232259532380955
34650000	34699999	0.08628971624285708	0.5264996154	-0.4402098991571429
34700000	34749999	0.07507419455714293	0.5264996154	-0.4514254208428571
34750000	34799999	0.0643207518904762	0.5264996154	-0.4621788635095238
34800000	34849999	0.05964060109523811	0.5264996154	-0.4668590143047619
34850000	34899999	0.05385072200952379	0.5264996154	-0.4726488933904762
34900000	34949999	0.0331679115666666	0.5264996154	-0.4933317038333334
34950000	34999999	0.012741099795238076	0.5264996154	-0.5137585156047619
35000000	35049999	0.004131880333333227	0.5264996154	-0.5223677350666668
35050000	35099999	0.0	0.5264996154	-0.5264996154
35100000	35149999	0.0022138576809522803	0.5264996154	-0.5242857577190477
35150000	35199999	0.0046854645904761405	0.5264996154	-0.5218141508095239
35200000	35249999	0.014244379209523816	0.5264996154	-0.5122552361904762
35250000	35299999	0.019335769309523743	0.5264996154	-0.5071638460904763
35300000	35349999	0.019252375671428457	0.5264996154	-0.5072472397285716
35350000	35399999	0.02334855687619042	0.5264996154	-0.5031510585238096
35400000	35449999	0.027910877328571393	0.5264996154	-0.4985887380714286
35450000	35499999	0.03471055171904752	0.5264996154	-0.4917890636809525
35500000	35549999	0.04010771151428577	0.5264996154	-0.48639190388571424
35550000	35599999	0.045848956076190495	0.5264996154	-0.4806506593238095
35600000	35649999	0.053056418276190564	0.5264996154	-0.47344319712380944
35650000	35699999	0.06386797945238093	0.5264996154	-0.4626316359476191
35700000	35749999	0.0688829245952381	0.5264996154	-0.4576166908047619
35750000	35799999	0.06800966852380946	0.5264996154	-0.45848994687619055
35800000	35849999	0.06491859322380944	0.5264996154	-0.46158102217619057
35850000	35899999	0.06487528549047611	0.5264996154	-0.4616243299095239
35900000	35949999	0.06958436038571425	0.5264996154	-0.45691525501428576
35950000	35999999	0.07269158815238091	0.5264996154	-0.4538080272476191
36000000	36049999	0.07494489539047611	0.5264996154	-0.4515547200095239
36050000	36099999	0.07667978897142858	0.5264996154	-0.44981982642857143
36100000	36149999	0.0840588241809524	0.5264996154	-0.4424407912190476
36150000	36199999	0.1053768563619048	0.5264996154	-0.4211227590380952
36200000	36249999	0.11330086676666673	0.5264996154	-0.4131987486333333
36250000	36299999	0.12007559461428574	0.5264996154	-0.40642402078571427
36300000	36349999	0.13243332695714283	0.5264996154	-0.3940662884428572
36350000	36399999	0.13600151686190476	0.5264996154	-0.39049809853809525
36400000	36449999	0.1503067223285714	0.5264996154	-0.3761928930714286
36450000	36499999	0.15758495511428572	0.5264996154	-0.3689146602857143
36500000	36549999	0.16191329083333333	0.5264996154	-0.3645863245666667
36550000	36599999	0.17048893825714284	0.5264996154	-0.35601067714285717
36600000	36649999	0.1733635811	0.5264996154	-0.3531360343
36650000	36699999	0.175214262447619	0.5264996154	-0.351285352952381
36700000	36749999	0.17425810633333333	0.5264996154	-0.3522415090666667
36750000	36799999	0.17802884415714287	0.5264996154	-0.34847077124285714
36800000	36849999	0.1929533298952381	0.5264996154	-0.3335462855047619
36850000	36899999	0.20928682163809526	0.5264996154	-0.31721279376190475
36900000	36949999	0.2161682582333333	0.5264996154	-0.3103313571666667
36950000	36999999	0.22216232305238098	0.5264996154	-0.304337292347619
37000000	37049999	0.2374910078571429	0.5264996154	-0.2890086075428571
37050000	37099999	0.2553706437190476	0.5264996154	-0.2711289716809524
37100000	37149999	0.27078352686190477	0.5264996154	-0.25571608853809524
37150000	37199999	0.27235466590952384	0.5264996154	-0.25414494949047617
37200000	37249999	0.2499909026	0.5264996154	-0.2765087128
37250000	37299999	0.2432782879714286	0.5264996154	-0.2832213274285714
37300000	37349999	0.22866727323333336	0.5264996154	-0.29783234216666665
37350000	37399999	0.21015152500476197	0.5264996154	-0.31634809039523804
37400000	37449999	0.21309492285714282	0.5264996154	-0.3134046925428572
37450000	37499999	0.19548630065238098	0.5264996154	-0.331013314747619
37500000	37549999	0.1866860052952381	0.5264996154	-0.3398136101047619
37550000	37599999	0.18722530922857145	0.5264996154	-0.33927430617142856
37600000	37649999	0.18451097531428573	0.5264996154	-0.3419886400857143
37650000	37699999	0.18564926483333338	0.5264996154	-0.3408503505666666
37700000	37749999	0.19196304586666663	0.5264996154	-0.3345365695333334
37750000	37799999	0.20645210660476188	0.5264996154	-0.32004750879523813
37800000	37849999	0.21605525827142857	0.5264996154	-0.31044435712857144
37850000	37899999	0.2196662449285714	0.5264996154	-0.3068333704714286
37900000	37949999	0.22231513024285715	0.5264996154	-0.30418448515714286
37950000	37999999	0.2414914960428572	0.5264996154	-0.2850081193571428
38000000	38049999	0.25339475170000003	0.5264996154	-0.2731048637
38050000	38099999	0.2557697431857144	0.5264996154	-0.2707298722142856
38100000	38149999	0.25437575079047625	0.5264996154	-0.27212386460952376
38150000	38199999	0.24294492656190475	0.5264996154	-0.28355468883809526
38200000	38249999	0.24214250257142855	0.5264996154	-0.28435711282857146
38250000	38299999	0.2532855316285714	0.5264996154	-0.2732140837714286
38300000	38349999	0.2646616621952381	0.5264996154	-0.2618379532047619
38350000	38399999	0.28002158965714286	0.5264996154	-0.24647802574285715
38400000	38449999	0.3072237047571428	0.5264996154	-0.21927591064285723
38450000	38499999	0.317762735295238	0.5264996154	-0.208736880104762
38500000	38549999	0.32922525591428575	0.5264996154	-0.19727435948571426
38550000	38599999	0.33814465565238094	0.5264996154	-0.18835495974761907
38600000	38649999	0.3465115388142857	0.5264996154	-0.1799880765857143
38650000	38699999	0.3497751889952381	0.5264996154	-0.17672442640476194
38700000	38749999	0.3503668555809524	0.5264996154	-0.17613275981904764
38750000	38799999	0.3407591619761905	0.5264996154	-0.18574045342380952
38800000	38849999	0.3343416691095238	0.5264996154	-0.19215794629047622
38850000	38899999	0.3291096050095238	0.5264996154	-0.1973900103904762
38900000	38949999	0.32258662726666665	0.5264996154	-0.20391298813333336
38950000	38999999	0.3169303207714286	0.5264996154	-0.20956929462857143
39000000	39049999	0.30268653600476186	0.5264996154	-0.22381307939523815
39050000	39099999	0.2954379271857144	0.5264996154	-0.23106168821428563
39100000	39149999	0.29049376243333336	0.5264996154	-0.23600585296666665
39150000	39199999	0.28843330122857147	0.5264996154	-0.23806631417142854
39200000	39249999	0.29117071933809524	0.5264996154	-0.23532889606190477
39250000	39299999	0.2927376065190477	0.5264996154	-0.23376200888095233
39300000	39349999	0.28791518264285715	0.5264996154	-0.23858443275714286
39350000	39399999	0.28304927640476196	0.5264996154	-0.24345033899523805
39400000	39449999	0.272830399447619	0.5264996154	-0.253669215952381
39450000	39499999	0.2541667636142857	0.5264996154	-0.2723328517857143
39500000	39549999	0.23990837229523804	0.5264996154	-0.286591243104762
39550000	39599999	0.23992602656190476	0.5264996154	-0.28657358883809525
39600000	39649999	0.23348624515238092	0.5264996154	-0.2930133702476191
39650000	39699999	0.2245026022523809	0.5264996154	-0.3019970131476191
39700000	39749999	0.23479057885238097	0.5264996154	-0.29170903654761904
39750000	39799999	0.25209185348095237	0.5264996154	-0.27440776191904764
39800000	39849999	0.26623924696190476	0.5264996154	-0.26026036843809525
39850000	39899999	0.26733398119999996	0.5264996154	-0.25916563420000005
39900000	39949999	0.26208435204761904	0.5264996154	-0.26441526335238097
39950000	39999999	0.2659130421761905	0.5264996154	-0.2605865732238095
40000000	40049999	0.2619829411380952	0.5264996154	-0.2645166742619048
40050000	40099999	0.2532803847619048	0.5264996154	-0.2732192306380952
40100000	40149999	0.2471065508619048	0.5264996154	-0.2793930645380952
40150000	40199999	0.2400208666047619	0.5264996154	-0.2864787487952381
40200000	40249999	0.22622757683809525	0.5264996154	-0.30027203856190476
40250000	40299999	0.22068667508095235	0.5264996154	-0.30581294031904765
40300000	40349999	0.22007623775238094	0.5264996154	-0.30642337764761907
40350000	40399999	0.21537325027619053	0.5264996154	-0.3111263651238095
40400000	40449999	0.20454454840000003	0.5264996154	-0.321955067
40450000	40499999	0.20289033010000007	0.5264996154	-0.32360928529999994
40500000	40549999	0.19897592256666669	0.5264996154	-0.3275236928333333
40550000	40599999	0.19927610250952388	0.5264996154	-0.32722351289047613
40600000	40649999	0.19587495971904767	0.5264996154	-0.33062465568095234
40650000	40699999	0.20066680007619053	0.5264996154	-0.3258328153238095
40700000	40749999	0.20483567986666673	0.5264996154	-0.3216639355333333
40750000	40799999	0.20115594640952383	0.5264996154	-0.3253436689904762
40800000	40849999	0.19077732597619051	0.5264996154	-0.3357222894238095
40850000	40899999	0.18458252142380954	0.5264996154	-0.34191709397619047
40900000	40949999	0.19425848101904764	0.5264996154	-0.3322411343809524
40950000	40999999	0.2089632390714286	0.5264996154	-0.3175363763285714
41000000	41049999	0.21231445045714287	0.5264996154	-0.31418516494285714
41050000	41099999	0.25535816736190475	0.5264996154	-0.27114144803809526
41100000	41149999	0.268346193652381	0.5264996154	-0.258153421747619
41150000	41199999	0.28107564697619036	0.5264996154	-0.24542396842380965
41200000	41249999	0.29437334414285715	0.5264996154	-0.23212627125714286
41250000	41299999	0.3109576727095238	0.5264996154	-0.21554194269047622
41300000	41349999	0.3291337877761905	0.5264996154	-0.1973658276238095
41350000	41399999	0.33745163225238095	0.5264996154	-0.18904798314761906
41400000	41449999	0.3643569376904762	0.5264996154	-0.16214267770952379
41450000	41499999	0.3893265485809524	0.5264996154	-0.13717306681904762
41500000	41549999	0.39338442016666664	0.5264996154	-0.13311519523333337
41550000	41599999	0.39692926073333334	0.5264996154	-0.12957035466666667
41600000	41649999	0.3928738276714286	0.5264996154	-0.13362578772857142
41650000	41699999	0.39941161535238096	0.5264996154	-0.12708800004761905
41700000	41749999	0.4139007691142857	0.5264996154	-0.11259884628571432
41750000	41799999	0.45215427752380954	0.5264996154	-0.07434533787619046
41800000	41849999	0.4683710190714286	0.5264996154	-0.058128596328571425
41850000	41899999	0.49011339846190477	0.5264996154	-0.03638621693809524
41900000	41949999	0.5068646600238095	0.5264996154	-0.019634955376190533
41950000	41999999	0.5104237891333333	0.5264996154	-0.016075826266666704
42000000	42049999	0.5136202786571429	0.5264996154	-0.012879336742857128
42050000	42099999	0.5202544906523809	0.5264996154	-0.0062451247476190686
42100000	42149999	0.487355430247619	0.5264996154	-0.039144185152380995
42150000	42199999	0.4892027150190476	0.5264996154	-0.0372969003809524
42200000	42249999	0.4952110204142857	0.5264996154	-0.03128859498571429
42250000	42299999	0.5076026376285714	0.5264996154	-0.018896977771428625
42300000	42349999	0.5180076347095238	0.5264996154	-0.008491980690476186
42350000	42399999	0.5451499073523809	0.5264996154	0.018650291952380882
42400000	42449999	0.5439772192761905	0.5264996154	0.017477603876190462
42450000	42499999	0.5198714481857143	0.5264996154	-0.006628167214285718
42500000	42549999	0.5065765839333333	0.5264996154	-0.01992303146666674
42550000	42599999	0.5051232237380953	0.5264996154	-0.021376391661904748
42600000	42649999	0.4991727752380952	0.5264996154	-0.027326840161904786
42650000	42699999	0.5071527927761905	0.5264996154	-0.01934682262380949
42700000	42749999	0.5005379416142857	0.5264996154	-0.025961673785714345
42750000	42799999	0.48464373452380954	0.5264996154	-0.041855880876190465
42800000	42849999	0.4432167700047619	0.5264996154	-0.08328284539523811
42850000	42899999	0.4143951754809524	0.5264996154	-0.11210443991904762
42900000	42949999	0.3761108657857143	0.5264996154	-0.15038874961428572
42950000	42999999	0.3533439782952381	0.5264996154	-0.1731556371047619
43000000	43049999	0.3295689260095238	0.5264996154	-0.1969306893904762
43050000	43099999	0.30999032292380957	0.5264996154	-0.21650929247619044
43100000	43149999	0.2971771728	0.5264996154	-0.2293224426
43150000	43199999	0.29945018228095244	0.5264996154	-0.22704943311904757
43200000	43249999	0.2793580263190476	0.5264996154	-0.2471415890809524
43250000	43299999	0.2616089429571429	0.5264996154	-0.26489067244285713
43300000	43349999	0.2336849191619048	0.5264996154	-0.2928146962380952
43350000	43399999	0.21233347680000003	0.5264996154	-0.3141661386
43400000	43449999	0.16198584294285717	0.5264996154	-0.36451377245714284
43450000	43499999	0.14773618059523813	0.5264996154	-0.3787634348047619
43500000	43549999	0.15501574947619046	0.5264996154	-0.37148386592380955
43550000	43599999	0.15887628949523813	0.5264996154	-0.3676233259047619
43600000	43649999	0.1610182433666667	0.5264996154	-0.3654813720333333
43650000	43699999	0.16190710071904763	0.5264996154	-0.3645925146809524
43700000	43749999	0.16120499641904762	0.5264996154	-0.3652946189809524
43750000	43799999	0.16223615589523815	0.5264996154	-0.36426345950476186
43800000	43849999	0.1600723758571429	0.5264996154	-0.3664272395428571
43850000	43899999	0.1520770785333334	0.5264996154	-0.3744225368666666
43900000	43949999	0.1620182938047619	0.5264996154	-0.3644813215952381
43950000	43999999	0.17795897345714284	0.5264996154	-0.34854064194285717
44000000	44049999	0.16962017141428576	0.5264996154	-0.35687944398571425
44050000	44099999	0.17667131532380953	0.5264996154	-0.3498283000761905
44100000	44149999	0.1812474649190477	0.5264996154	-0.3452521504809523
44150000	44199999	0.1838741260904762	0.5264996154	-0.3426254893095238
44200000	44249999	0.17561701432857146	0.5264996154	-0.35088260107142855
44250000	44299999	0.18476004707619048	0.5264996154	-0.34173956832380953
44300000	44349999	0.19285103734761905	0.5264996154	-0.33364857805238096
44350000	44399999	0.2070027501714286	0.5264996154	-0.3194968652285714
44400000	44449999	0.2162572356952382	0.5264996154	-0.3102423797047618
44450000	44499999	0.23072841379523817	0.5264996154	-0.29577120160476184
44500000	44549999	0.25126067268095237	0.5264996154	-0.27523894271904764
44550000	44599999	0.2621970120809524	0.5264996154	-0.2643026033190476
44600000	44649999	0.28498091046666674	0.5264996154	-0.24151870493333327
44650000	44699999	0.2819063377238096	0.5264996154	-0.24459327767619043
44700000	44749999	0.28496593284761906	0.5264996154	-0.24153368255238095
44750000	44799999	0.2825425570571429	0.5264996154	-0.24395705834285714
44800000	44849999	0.28013535844761905	0.5264996154	-0.24636425695238096
44850000	44899999	0.27989810441904767	0.5264996154	-0.24660151098095234
44900000	44949999	0.291096681147619	0.5264996154	-0.235402934252381
44950000	44999999	0.28702129709523805	0.5264996154	-0.23947831830476196
45000000	45049999	0.2920249328619048	0.5264996154	-0.23447468253809522
45050000	45099999	0.31411712218095245	0.5264996154	-0.21238249321904756
45100000	45149999	0.32093258697619054	0.5264996154	-0.20556702842380947
45150000	45199999	0.32745205533809524	0.5264996154	-0.19904756006190477
45200000	45249999	0.3344783432380952	0.5264996154	-0.1920212721619048
45250000	45299999	0.3561796139380953	0.5264996154	-0.17032000146190474
45300000	45349999	0.3661103588619048	0.5264996154	-0.16038925653809522
45350000	45399999	0.36553943870000005	0.5264996154	-0.16096017669999996
45400000	45449999	0.35987573681428575	0.5264996154	-0.16662387858571426
45450000	45499999	0.35306608023809527	0.5264996154	-0.17343353516190474
45500000	45549999	0.3513571852619048	0.5264996154	-0.17514243013809522
45550000	45599999	0.35178785964761905	0.5264996154	-0.17471175575238096
45600000	45649999	0.3358240940238095	0.5264996154	-0.19067552137619048
45650000	45699999	0.30810527256666664	0.5264996154	-0.21839434283333337
45700000	45749999	0.31471125767619046	0.5264996154	-0.21178835772380955
45750000	45799999	0.319101000752381	0.5264996154	-0.207398614647619
45800000	45849999	0.324451063852381	0.5264996154	-0.20204855154761903
45850000	45899999	0.3270680354476191	0.5264996154	-0.19943157995238092
45900000	45949999	0.32764507705714285	0.5264996154	-0.19885453834285716
45950000	45999999	0.32942697156666667	0.5264996154	-0.19707264383333334
46000000	46049999	0.3367006311142857	0.5264996154	-0.1897989842857143
46050000	46099999	0.35805998066666667	0.5264996154	-0.16843963473333334
46100000	46149999	0.3761110289571429	0.5264996154	-0.15038858644285713
46150000	46199999	0.38866237087142863	0.5264996154	-0.13783724452857138
46200000	46249999	0.3922272650571429	0.5264996154	-0.13427235034285712
46250000	46299999	0.38963621889523814	0.5264996154	-0.13686339650476187
46300000	46349999	0.396500910252381	0.5264996154	-0.12999870514761902
46350000	46399999	0.39998216055714286	0.5264996154	-0.12651745484285715
46400000	46449999	0.3969756106190476	0.5264996154	-0.12952400478095238
46450000	46499999	0.39366456136190475	0.5264996154	-0.13283505403809526
46500000	46549999	0.4094973504142857	0.5264996154	-0.11700226498571431
46550000	46599999	0.40659643410476193	0.5264996154	-0.11990318129523808
46600000	46649999	0.39226113453809525	0.5264996154	-0.13423848086190476
46650000	46699999	0.3997411548190476	0.5264996154	-0.12675846058095241
46700000	46749999	0.4066209609095238	0.5264996154	-0.11987865449047619
46750000	46799999	0.4195312739047619	0.5264996154	-0.1069683414952381
46800000	46849999	0.41828659833809523	0.5264996154	-0.10821301706190478
46850000	46899999	0.4351262943761905	0.5264996154	-0.09137332102380952
46900000	46949999	0.4454428757666667	0.5264996154	-0.08105673963333332
46950000	46999999	0.44935396953333334	0.5264996154	-0.07714564586666667
47000000	47049999	0.4430055075666667	0.5264996154	-0.08349410783333333
47050000	47099999	0.4343019631809524	0.5264996154	-0.09219765221904763
47100000	47149999	0.40912572725238094	0.5264996154	-0.11737388814761907
47150000	47199999	0.38682548121904764	0.5264996154	-0.13967413418095237
47200000	47249999	0.37778218256666674	0.5264996154	-0.14871743283333327
47250000	47299999	0.36593809350952383	0.5264996154	-0.16056152189047618
47300000	47349999	0.3585830476285714	0.5264996154	-0.1679165677714286
47350000	47399999	0.3291211473666667	0.5264996154	-0.1973784680333333
47400000	47449999	0.318717363547619	0.5264996154	-0.20778225185238103
47450000	47499999	0.30852311997619053	0.5264996154	-0.21797649542380948
47500000	47549999	0.29744778384761905	0.5264996154	-0.22905183155238096
47550000	47599999	0.2766810650285715	0.5264996154	-0.24981855037142853
47600000	47649999	0.2644204417571429	0.5264996154	-0.2620791736428571
47650000	47699999	0.2565225354904762	0.5264996154	-0.2699770799095238
47700000	47749999	0.24430821598095243	0.5264996154	-0.2821913994190476
47750000	47799999	0.22655465490952387	0.5264996154	-0.29994496049047614
47800000	47849999	0.21255548605714292	0.5264996154	-0.3139441293428571
47850000	47899999	0.2010435141428572	0.5264996154	-0.3254561012571428
47900000	47949999	0.17564240846666668	0.5264996154	-0.35085720693333333
47950000	47999999	0.16278995114761902	0.5264996154	-0.363709664252381
48000000	48049999	0.1660919658095238	0.5264996154	-0.3604076495904762
48050000	48099999	0.17513862010476194	0.5264996154	-0.35136099529523807
48100000	48149999	0.17103917065714297	0.5264996154	-0.35546044474285704
48150000	48199999	0.16640808627619053	0.5264996154	-0.3600915291238095
48200000	48249999	0.16348200733333335	0.5264996154	-0.36301760806666666
48250000	48299999	0.15787328510000004	0.5264996154	-0.36862633029999997
48300000	48349999	0.17280001195238098	0.5264996154	-0.353699603447619
48350000	48399999	0.17076775234761898	0.5264996154	-0.355731863052381
48400000	48449999	0.18824721843333336	0.5264996154	-0.33825239696666665
48450000	48499999	0.19854240203333334	0.5264996154	-0.32795721336666667
48500000	48549999	0.20767251139523812	0.5264996154	-0.3188271040047619
48550000	48599999	0.22815568886190474	0.5264996154	-0.29834392653809527
48600000	48649999	0.24324486667142853	0.5264996154	-0.2832547487285715
48650000	48699999	0.25250432423333335	0.5264996154	-0.27399529116666665
48700000	48749999	0.2592191888333334	0.5264996154	-0.2672804265666666
48750000	48799999	0.26893768770952375	0.5264996154	-0.25756192769047626
48800000	48849999	0.2800916486142857	0.5264996154	-0.2464079667857143
48850000	48899999	0.27935251847619047	0.5264996154	-0.24714709692380954
48900000	48949999	0.2864575845047619	0.5264996154	-0.24004203089523812
48950000	48999999	0.2981286654047619	0.5264996154	-0.2283709499952381
49000000	49049999	0.3125713884380953	0.5264996154	-0.21392822696190472
49050000	49099999	0.32226271562857145	0.5264996154	-0.20423689977142856
49100000	49149999	0.33259233219047624	0.5264996154	-0.19390728320952377
49150000	49199999	0.35477151128571427	0.5264996154	-0.17172810411428574
49200000	49249999	0.36015847324285716	0.5264996154	-0.16634114215714285
49250000	49299999	0.35973990693333335	0.5264996154	-0.16675970846666666
49300000	49349999	0.36246767351904763	0.5264996154	-0.16403194188095238
49350000	49399999	0.3538046033619048	0.5264996154	-0.17269501203809523
49400000	49449999	0.3739238056666667	0.5264996154	-0.1525758097333333
49450000	49499999	0.3668451593619048	0.5264996154	-0.1596544560380952
49500000	49549999	0.376005031204762	0.5264996154	-0.15049458419523803
49550000	49599999	0.3769638826666667	0.5264996154	-0.14953573273333332
49600000	49649999	0.3669386265095238	0.5264996154	-0.1595609888904762
49650000	49699999	0.3592452795	0.5264996154	-0.1672543359
49700000	49749999	0.3646312156666667	0.5264996154	-0.16186839973333333
49750000	49799999	0.37092646660952383	0.5264996154	-0.15557314879047618
49800000	49849999	0.3810077491476191	0.5264996154	-0.14549186625238092
49850000	49899999	0.3822595764666667	0.5264996154	-0.14424003893333331
49900000	49949999	0.3818096616952381	0.5264996154	-0.1446899537047619
49950000	49999999	0.3930938792666667	0.5264996154	-0.13340573613333329
50000000	50049999	0.3944118585714286	0.5264996154	-0.13208775682857143
50050000	50099999	0.3892647933190476	0.5264996154	-0.1372348220809524
50100000	50149999	0.39988508902857145	0.5264996154	-0.12661452637142856
50150000	50199999	0.3972343171666667	0.5264996154	-0.12926529823333333
50200000	50249999	0.3819891499	0.5264996154	-0.14451046550000002
50250000	50299999	0.38477953455238095	0.5264996154	-0.14172008084761906
50300000	50349999	0.38508687772380956	0.5264996154	-0.14141273767619045
50350000	50399999	0.39557085280000004	0.5264996154	-0.13092876259999997
50400000	50449999	0.39800329972380954	0.5264996154	-0.12849631567619046
50450000	50499999	0.3837027291285714	0.5264996154	-0.1427968862714286
50500000	50549999	0.38906333765238094	0.5264996154	-0.13743627774761907
50550000	50599999	0.37345414948095235	0.5264996154	-0.15304546591904766
50600000	50649999	0.3827046251333333	0.5264996154	-0.1437949902666667
50650000	50699999	0.3933723260809524	0.5264996154	-0.1331272893190476
50700000	50749999	0.39684866176666667	0.5264996154	-0.12965095363333334
50750000	50799999	0.4091764283761905	0.5264996154	-0.1173231870238095
50800000	50849999	0.4056499345095238	0.5264996154	-0.12084968089047621
50850000	50899999	0.40339259744285716	0.5264996154	-0.12310701795714285
50900000	50949999	0.4100527506380952	0.5264996154	-0.1164468647619048
50950000	50999999	0.4194664322047619	0.5264996154	-0.10703318319523814
51000000	51049999	0.4309478270904762	0.5264996154	-0.09555178830952382
51050000	51099999	0.4217122754857143	0.5264996154	-0.10478733991428568
51100000	51149999	0.42013333634761907	0.5264996154	-0.10636627905238094
51150000	51199999	0.39408408157619046	0.5264996154	-0.13241553382380955
51200000	51249999	0.378314109347619	0.5264996154	-0.148185506052381
51250000	51299999	0.37390008262857144	0.5264996154	-0.15259953277142857
51300000	51349999	0.3680472984809524	0.5264996154	-0.1584523169190476
51350000	51399999	0.36566565378571425	0.5264996154	-0.16083396161428576
51400000	51449999	0.3577377635809524	0.5264996154	-0.16876185181904763
51450000	51499999	0.3805330719380952	0.5264996154	-0.1459665434619048
51500000	51549999	0.3867721001380952	0.5264996154	-0.1397275152619048
51550000	51599999	0.3820813758142857	0.5264996154	-0.14441823958571431
51600000	51649999	0.3827623878238095	0.5264996154	-0.1437372275761905
51650000	51699999	0.38071982069047616	0.5264996154	-0.14577979470952385
51700000	51749999	0.3757566330190476	0.5264996154	-0.1507429823809524
51750000	51799999	0.3802295810904762	0.5264996154	-0.1462700343095238
51800000	51849999	0.36962939682857143	0.5264996154	-0.15687021857142858
51850000	51899999	0.3728206264809524	0.5264996154	-0.15367898891904763
51900000	51949999	0.36665601644285717	0.5264996154	-0.15984359895714284
51950000	51999999	0.3598720776190476	0.5264996154	-0.1666275377809524
52000000	52049999	0.34539350634761906	0.5264996154	-0.18110610905238095
52050000	52099999	0.3333106821523809	0.5264996154	-0.1931889332476191
52100000	52149999	0.33690237357619046	0.5264996154	-0.18959724182380955
52150000	52199999	0.34159515305714283	0.5264996154	-0.18490446234285718
52200000	52249999	0.3476763219952381	0.5264996154	-0.17882329340476188
52250000	52299999	0.36849345511904763	0.5264996154	-0.15800616028095238
52300000	52349999	0.3729490096761905	0.5264996154	-0.15355060572380952
52350000	52399999	0.37103922326190475	0.5264996154	-0.15546039213809526
52400000	52449999	0.36836055921428573	0.5264996154	-0.15813905618571428
52450000	52499999	0.3552571249952381	0.5264996154	-0.17124249040476192
52500000	52549999	0.33400808306666674	0.5264996154	-0.19249153233333327
52550000	52599999	0.32073922075714284	0.5264996154	-0.20576039464285717
52600000	52649999	0.2925236894428571	0.5264996154	-0.2339759259571429
52650000	52699999	0.28905564073333334	0.5264996154	-0.23744397466666667
52700000	52749999	0.2896224181	0.5264996154	-0.2368771973
52750000	52799999	0.28845357734285715	0.5264996154	-0.23804603805714286
52800000	52849999	0.2739488520761905	0.5264996154	-0.2525507633238095
52850000	52899999	0.26248777451428573	0.5264996154	-0.2640118408857143
52900000	52949999	0.2466598588904762	0.5264996154	-0.2798397565095238
52950000	52999999	0.23453868459523813	0.5264996154	-0.2919609308047619
53000000	53049999	0.22507724770000004	0.5264996154	-0.30142236769999997
53050000	53099999	0.2251262210761905	0.5264996154	-0.3013733943238095
53100000	53149999	0.21316639714285712	0.5264996154	-0.3133332182571429
53150000	53199999	0.20614830540476187	0.5264996154	-0.32035130999523814
53200000	53249999	0.1908592567285714	0.5264996154	-0.3356403586714286
53250000	53299999	0.1753476757428571	0.5264996154	-0.3511519396571429
53300000	53349999	0.15029264176666668	0.5264996154	-0.37620697363333333
53350000	53399999	0.13376308936190467	0.5264996154	-0.39273652603809533
53400000	53449999	0.11991309385238091	0.5264996154	-0.4065865215476191
53450000	53499999	0.1114235520047619	0.5264996154	-0.4150760633952381
53500000	53549999	0.09846279593333335	0.5264996154	-0.42803681946666666
53550000	53599999	0.08867726701428563	0.5264996154	-0.4378223483857144
53600000	53649999	0.08331559812380956	0.5264996154	-0.44318401727619045
53650000	53699999	0.0934841377523809	0.5264996154	-0.4330154776476191
53700000	53749999	0.0867054159666667	0.5264996154	-0.4397941994333333
53750000	53799999	0.07564223169047612	0.5264996154	-0.4508573837095239
53800000	53849999	0.06355180120952386	0.5264996154	-0.46294781419047615
53850000	53899999	0.062204028142857026	0.5264996154	-0.464295587257143
53900000	53949999	0.06310970833333335	0.5264996154	-0.46338990706666666
53950000	53999999	0.0648996365095238	0.5264996154	-0.4615999788904762
54000000	54049999	0.06273611309047622	0.5264996154	-0.4637635023095238
54050000	54099999	0.06407210276666664	0.5264996154	-0.46242751263333337
54100000	54149999	0.05437923561904762	0.5264996154	-0.4721203797809524
54150000	54199999	0.054009082876190495	0.5264996154	-0.4724905325238095
54200000	54249999	0.04686696462857137	0.5264996154	-0.47963265077142864
54250000	54299999	0.04441535569047622	0.5264996154	-0.4820842597095238
54300000	54349999	0.04384190013809525	0.5264996154	-0.48265771526190476
54350000	54399999	0.039217256523809585	0.5264996154	-0.4872823588761904
54400000	54449999	0.0450332905238095	0.5264996154	-0.4814663248761905
54450000	54499999	0.04640558374761905	0.5264996154	-0.48009403165238096
54500000	54549999	0.05027545787619053	0.5264996154	-0.4762241575238095
54550000	54599999	0.05683773990476182	0.5264996154	-0.4696618754952382
54600000	54649999	0.05365194783809529	0.5264996154	-0.4728476675619047
54650000	54699999	0.05580302891428579	0.5264996154	-0.4706965864857142
54700000	54749999	0.05788863026190483	0.5264996154	-0.4686109851380952
54750000	54799999	0.04365112734761911	0.5264996154	-0.4828484880523809
54800000	54849999	0.0390465297761905	0.5264996154	-0.4874530856238095
54850000	54899999	0.031822528085714286	0.5264996154	-0.4946770873142857
54900000	54949999	0.03130121520952378	0.5264996154	-0.49519840019047623
54950000	54999999	0.030367737242857074	0.5264996154	-0.49613187815714294
55000000	55049999	0.030750639042857075	0.5264996154	-0.49574897635714293
55050000	55099999	0.025042064695238064	0.5264996154	-0.501457550704762
55100000	55149999	0.023821874042857183	0.5264996154	-0.5026777413571428
55150000	55199999	0.0312441323952381	0.5264996154	-0.4952554830047619
55200000	55249999	0.02761825276190477	0.5264996154	-0.49888136263809524
55250000	55299999	0.03361668949523805	0.5264996154	-0.49288292590476196
55300000	55349999	0.035692337628571436	0.5264996154	-0.4908072777714286
55350000	55399999	0.03558420979999993	0.5264996154	-0.4909154056000001
55400000	55449999	0.04224199829999997	0.5264996154	-0.48425761710000004
55450000	55499999	0.040883441176190416	0.5264996154	-0.4856161742238096
55500000	55549999	0.03948392968571435	0.5264996154	-0.48701568571428566
55550000	55599999	0.03691795368095241	0.5264996154	-0.4895816617190476
55600000	55649999	0.03946245229523809	0.5264996154	-0.4870371631047619
55650000	55699999	0.03238080557619044	0.5264996154	-0.49411880982380957
55700000	55749999	0.025963707442857142	0.5264996154	-0.5005359079571429
55750000	55799999	0.02475574056666674	0.5264996154	-0.5017438748333333
55800000	55849999	0.031042215361904768	0.5264996154	-0.49545740003809524
55850000	55899999	0.03134081800476202	0.5264996154	-0.495158797395238
55900000	55949999	0.038660839757142795	0.5264996154	-0.4878387756428572
55950000	55999999	0.036887114	0.5264996154	-0.4896125014
56000000	56049999	0.036702124852380946	0.5264996154	-0.48979749054761906
56050000	56099999	0.03809129509523812	0.5264996154	-0.4884083203047619
56100000	56149999	0.03999421473809517	0.5264996154	-0.48650540066190484
56150000	56199999	0.03434629265238098	0.5264996154	-0.492153322747619
56200000	56249999	0.03462397098571435	0.5264996154	-0.49187564441428566
56250000	56299999	0.03927354126666677	0.5264996154	-0.48722607413333324
56300000	56349999	0.03875193055714293	0.5264996154	-0.4877476848428571
56350000	56399999	0.03928611449047614	0.5264996154	-0.48721350090952387
56400000	56449999	0.04361060370000003	0.5264996154	-0.4828890117
56450000	56499999	0.045391054961904764	0.5264996154	-0.48110856043809525
56500000	56549999	0.046456573561904746	0.5264996154	-0.48004304183809526
56550000	56599999	0.04869488152380952	0.5264996154	-0.4778047338761905
56600000	56649999	0.04917933078571429	0.5264996154	-0.4773202846142857
56650000	56699999	0.050024891352381085	0.5264996154	-0.4764747240476189
56700000	56749999	0.05326109505238097	0.5264996154	-0.47323852034761904
56750000	56799999	0.06640704554285709	0.5264996154	-0.4600925698571429
56800000	56849999	0.06327902870000002	0.5264996154	-0.4632205867
56850000	56899999	0.06524295902857147	0.5264996154	-0.46125665637142854
56900000	56949999	0.061320598404762006	0.5264996154	-0.465179016995238
56950000	56999999	0.05885539896190478	0.5264996154	-0.46764421643809523
57000000	57049999	0.059624424042857116	0.5264996154	-0.4668751913571429
57050000	57099999	0.05918076774761899	0.5264996154	-0.467318847652381
57100000	57149999	0.05533232910952379	0.5264996154	-0.4711672862904762
57150000	57199999	0.0545180958238094	0.5264996154	-0.4719815195761906
57200000	57249999	0.04097814594285715	0.5264996154	-0.48552146945714286
57250000	57299999	0.037465845452380964	0.5264996154	-0.48903376994761905
57300000	57349999	0.03516001766190485	0.5264996154	-0.49133959773809516
57350000	57399999	0.032748841590476196	0.5264996154	-0.4937507738095238
57400000	57449999	0.027541566419047647	0.5264996154	-0.49895804898095236
57450000	57499999	0.02248422993809529	0.5264996154	-0.5040153854619047
57500000	57549999	0.022183083338095266	0.5264996154	-0.5043165320619047
57550000	57599999	0.020282990109523835	0.5264996154	-0.5062166252904762
57600000	57649999	0.02584668332857143	0.5264996154	-0.5006529320714286
57650000	57699999	0.02853383195714293	0.5264996154	-0.4979657834428571
57700000	57749999	0.031178662628571385	0.5264996154	-0.4953209527714286
57750000	57799999	0.036471964185714134	0.5264996154	-0.4900276512142859
57800000	57849999	0.031470862242857	0.5264996154	-0.495028753157143
57850000	57899999	0.039824194285714154	0.5264996154	-0.48667542111428586
57900000	57949999	0.04348459373809527	0.5264996154	-0.48301502166190474
57950000	57999999	0.04959110076190476	0.5264996154	-0.47690851463809525
58000000	58049999	0.051275371742857234	0.5264996154	-0.4752242436571428
58050000	58099999	0.05215859727619049	0.5264996154	-0.4743410181238095
58100000	58149999	0.05533787644285715	0.5264996154	-0.47116173895714286
58150000	58199999	0.06695951503809522	0.5264996154	-0.4595401003619048
58200000	58249999	0.07466927370000004	0.5264996154	-0.45183034169999997
58250000	58299999	0.08937152872380955	0.5264996154	-0.43712808667619046
58300000	58349999	0.09703489713809521	0.5264996154	-0.4294647182619048
58350000	58399999	0.09460794752857143	0.5264996154	-0.4318916678714286
58400000	58449999	0.09540341837142852	0.5264996154	-0.4310961970285715
58450000	58499999	0.10452412546190482	0.5264996154	-0.4219754899380952
58500000	58549999	0.11233006464285716	0.5264996154	-0.41416955075714285
58550000	58599999	0.10380114359523812	0.5264996154	-0.4226984718047619
58600000	58649999	0.10291218858571427	0.5264996154	-0.42358742681428574
58650000	58699999	0.09795033743809523	0.5264996154	-0.4285492779619048
58700000	58749999	0.09590241302380959	0.5264996154	-0.4305972023761904
58750000	58799999	0.08665166402380953	0.5264996154	-0.4398479513761905
58800000	58849999	0.08706390319523805	0.5264996154	-0.43943571220476196
58850000	58899999	0.08679731729047618	0.5264996154	-0.4397022981095238
58900000	58949999	0.07888820732380941	0.5264996154	-0.4476114080761906
58950000	58999999	0.07967985366666669	0.5264996154	-0.4468197617333333
59000000	59049999	0.0765100841619048	0.5264996154	-0.4499895312380952
59050000	59099999	0.0756937715761905	0.5264996154	-0.4508058438238095
59100000	59149999	0.07281538910000007	0.5264996154	-0.45368422629999994
59150000	59199999	0.07029201003809527	0.5264996154	-0.45620760536190474
59200000	59249999	0.06794012054761911	0.5264996154	-0.4585594948523809
59250000	59299999	0.06929757396190478	0.5264996154	-0.45720204143809523
59300000	59349999	0.07628252382380962	0.5264996154	-0.4502170915761904
59350000	59399999	0.07514565052380956	0.5264996154	-0.45135396487619045
59400000	59449999	0.08625750363333329	0.5264996154	-0.4402421117666667
59450000	59499999	0.09813551117142855	0.5264996154	-0.42836410422857146
59500000	59549999	0.10396390313333342	0.5264996154	-0.4225357122666666
59550000	59599999	0.10902272098095245	0.5264996154	-0.41747689441904756
59600000	59649999	0.12388285193333326	0.5264996154	-0.40261676346666675
59650000	59699999	0.13247716970476192	0.5264996154	-0.3940224456952381
59700000	59749999	0.13929219577619056	0.5264996154	-0.38720741962380945
59750000	59799999	0.16275482790000007	0.5264996154	-0.36374478749999994
59800000	59849999	0.19544691520476193	0.5264996154	-0.3310527001952381
59850000	59899999	0.21735462383333337	0.5264996154	-0.30914499156666664
59900000	59949999	0.23953808950476196	0.5264996154	-0.28696152589523805
59950000	59999999	0.28311174468571426	0.5264996154	-0.24338787071428575
60000000	60049999	0.3072902785333333	0.5264996154	-0.21920933686666672
60050000	60099999	0.33004770455714283	0.5264996154	-0.19645191084285718
60100000	60149999	0.36073493882857144	0.5264996154	-0.16576467657142857
60150000	60199999	0.39631389946190476	0.5264996154	-0.13018571593809525
60200000	60249999	0.4227782355142857	0.5264996154	-0.10372137988571428
60250000	60299999	0.44588060892380954	0.5264996154	-0.08061900647619047
60300000	60349999	0.4574881616714286	0.5264996154	-0.06901145372857143
60350000	60399999	0.4658024688761905	0.5264996154	-0.06069714652380953
60400000	60449999	0.48253718401904766	0.5264996154	-0.04396243138095235
60450000	60499999	0.49002776745238097	0.5264996154	-0.03647184794761904
60500000	60549999	0.5113073008	0.5264996154	-0.015192314600000034
60550000	60599999	0.5134670027	0.5264996154	-0.013032612700000001
60600000	60649999	0.5293941134285715	0.5264996154	0.002894498028571446
60650000	60699999	0.5273204665428571	0.5264996154	0.0008208511428571263
60700000	60749999	0.5255786071619047	0.5264996154	-0.0009210082380952667
60750000	60799999	0.5167417958761905	0.5264996154	-0.009757819523809497
60800000	60849999	0.4903250934904762	0.5264996154	-0.036174521909523805
60850000	60899999	0.4635084265142857	0.5264996154	-0.06299118888571431
60900000	60949999	0.43330593316666666	0.5264996154	-0.09319368223333335
60950000	60999999	0.41035422575714287	0.5264996154	-0.11614538964285714
61000000	61049999	0.3722120202523809	0.5264996154	-0.15428759514761908
61050000	61099999	0.3411960997761905	0.5264996154	-0.18530351562380953
61100000	61149999	0.3219348920428572	0.5264996154	-0.20456472335714282
61150000	61199999	0.28561331910476184	0.5264996154	-0.24088629629523817
61200000	61249999	0.2548128090857143	0.5264996154	-0.2716868063142857
61250000	61299999	0.22198974960952383	0.5264996154	-0.3045098657904762
61300000	61349999	0.18723844758571428	0.5264996154	-0.3392611678142857
61350000	61399999	0.1694132604809524	0.5264996154	-0.3570863549190476
61400000	61449999	0.15685633975238095	0.5264996154	-0.36964327564761906
61450000	61499999	0.14018367736666665	0.5264996154	-0.38631593803333336
61500000	61549999	0.12380178438571426	0.5264996154	-0.40269783101428575
61550000	61599999	0.09094865308095229	0.5264996154	-0.4355509623190477
61600000	61649999	0.0777755046047619	0.5264996154	-0.4487241107952381
61650000	61699999	0.051089651728571384	0.5264996154	-0.4754099636714286
61700000	61749999	0.045574161876190455	0.5264996154	-0.48092545352380955
61750000	61799999	0.04116654312380946	0.5264996154	-0.48533307227619055
61800000	61849999	0.04349128829523807	0.5264996154	-0.48300832710476194
61850000	61899999	0.04043097707619042	0.5264996154	-0.4860686383238096
61900000	61949999	0.044593813899999946	0.5264996154	-0.48190580150000006
61950000	61999999	0.0480693047428572	0.5264996154	-0.4784303106571428
62000000	62049999	0.04523506547142869	0.5264996154	-0.4812645499285713
62050000	62099999	0.0445525953380953	0.5264996154	-0.4819470200619047
62100000	62149999	0.04923024879999999	0.5264996154	-0.4772693666
62150000	62199999	0.04758348850952382	0.5264996154	-0.4789161268904762
62200000	62249999	0.04825325551904758	0.5264996154	-0.47824635988095243
62250000	62299999	0.04998802692857146	0.5264996154	-0.47651158847142855
62300000	62349999	0.05918472928571433	0.5264996154	-0.4673148861142857
62350000	62399999	0.06523742835714286	0.5264996154	-0.46126218704285715
62400000	62449999	0.06869855138095238	0.5264996154	-0.45780106401904763
62450000	62499999	0.0692492297857143	0.5264996154	-0.4572503856142857
62500000	62549999	0.06419516339523806	0.5264996154	-0.46230445200476195
62550000	62599999	0.06868987487619055	0.5264996154	-0.45780974052380946
62600000	62649999	0.07340353318095238	0.5264996154	-0.4530960822190476
62650000	62699999	0.0717050668	0.5264996154	-0.4547945486
62700000	62749999	0.07436695063333343	0.5264996154	-0.4521326647666666
62750000	62799999	0.07346161458095235	0.5264996154	-0.45303800081904766
62800000	62849999	0.07248421678095235	0.5264996154	-0.45401539861904766
62850000	62899999	0.07510095539523809	0.5264996154	-0.4513986600047619
62900000	62949999	0.08324170847142853	0.5264996154	-0.4432579069285715
62950000	62999999	0.07527709500476198	0.5264996154	-0.451222520395238
63000000	63049999	0.07449545557619047	0.5264996154	-0.45200415982380954
63050000	63099999	0.07599337870476197	0.5264996154	-0.45050623669523804
63100000	63149999	0.09845826142380953	0.5264996154	-0.4280413539761905
63150000	63199999	0.0975733963952381	0.5264996154	-0.4289262190047619
63200000	63249999	0.09852189543333328	0.5264996154	-0.4279777199666667
63250000	63299999	0.10237961800952383	0.5264996154	-0.4241199973904762
63300000	63349999	0.09893577250000002	0.5264996154	-0.4275638429
63350000	63399999	0.0936547957714286	0.5264996154	-0.4328448196285714
63400000	63449999	0.09070511687619043	0.5264996154	-0.4357944985238096
63450000	63499999	0.09025469784761908	0.5264996154	-0.43624491755238093
63500000	63549999	0.09266265896666676	0.5264996154	-0.43383695643333325
63550000	63599999	0.09390334160476199	0.5264996154	-0.432596273795238
63600000	63649999	0.09070010676666668	0.5264996154	-0.43579950863333333
63650000	63699999	0.08759715265238094	0.5264996154	-0.43890246274761907
63700000	63749999	0.09028508815238101	0.5264996154	-0.436214527247619
63750000	63799999	0.08193134576190486	0.5264996154	-0.44456826963809515
63800000	63849999	0.07411036229523815	0.5264996154	-0.45238925310476186
63850000	63899999	0.08245197587619058	0.5264996154	-0.44404763952380943
63900000	63949999	0.06894843076190482	0.5264996154	-0.4575511846380952
63950000	63999999	0.06849987679999997	0.5264996154	-0.45799973860000004
64000000	64049999	0.0809192710714286	0.5264996154	-0.4455803443285714
64050000	64099999	0.1023469233190476	0.5264996154	-0.4241526920809524
64100000	64149999	0.12342550159523819	0.5264996154	-0.4030741138047618
64150000	64199999	0.10841907651904775	0.5264996154	-0.41808053888095226
64200000	64249999	0.1112345322857144	0.5264996154	-0.4152650831142856
64250000	64299999	0.11849581348095234	0.5264996154	-0.40800380191904767
64300000	64349999	0.13329591113333333	0.5264996154	-0.3932037042666667
64350000	64399999	0.1445016120190476	0.5264996154	-0.3819980033809524
64400000	64449999	0.15416088967619046	0.5264996154	-0.37233872572380955
64450000	64499999	0.16793679106190473	0.5264996154	-0.3585628243380953
64500000	64549999	0.17093480792380955	0.5264996154	-0.35556480747619046
64550000	64599999	0.17151378443809523	0.5264996154	-0.3549858309619048
64600000	64649999	0.1765543238333333	0.5264996154	-0.3499452915666667
64650000	64699999	0.17845054657619042	0.5264996154	-0.3480490688238096
64700000	64749999	0.1782956144904762	0.5264996154	-0.3482040009095238
64750000	64799999	0.17699071931904758	0.5264996154	-0.3495088960809524
64800000	64849999	0.1811529507809524	0.5264996154	-0.3453466646190476
64850000	64899999	0.19063965079523804	0.5264996154	-0.335859964604762
64900000	64949999	0.1831609333571429	0.5264996154	-0.3433386820428571
64950000	64999999	0.1961125832714286	0.5264996154	-0.3303870321285714
65000000	65049999	0.19885996890000002	0.5264996154	-0.3276396465
65050000	65099999	0.18955227217619053	0.5264996154	-0.3369473432238095
65100000	65149999	0.16908401550476193	0.5264996154	-0.3574155998952381
65150000	65199999	0.1503297721857143	0.5264996154	-0.3761698432142857
65200000	65249999	0.14451650579523806	0.5264996154	-0.38198310960476195
65250000	65299999	0.13973232010952374	0.5264996154	-0.38676729529047627
65300000	65349999	0.13160004283333326	0.5264996154	-0.39489957256666675
65350000	65399999	0.12172280717142853	0.5264996154	-0.4047768082285715
65400000	65449999	0.11292861024761902	0.5264996154	-0.413571005152381
65450000	65499999	0.10759305950476183	0.5264996154	-0.4189065558952382
65500000	65549999	0.09801264320476183	0.5264996154	-0.4284869721952382
65550000	65599999	0.09330468759523808	0.5264996154	-0.43319492780476193
65600000	65649999	0.09308848141904763	0.5264996154	-0.4334111339809524
65650000	65699999	0.09093565854285718	0.5264996154	-0.43556395685714283
65700000	65749999	0.09335372112857143	0.5264996154	-0.4331458942714286
65750000	65799999	0.09431596978571422	0.5264996154	-0.4321836456142858
65800000	65849999	0.09935583487619043	0.5264996154	-0.4271437805238096
65850000	65899999	0.10600093562857155	0.5264996154	-0.42049867977142846
65900000	65949999	0.11017425561904765	0.5264996154	-0.41632535978095236
65950000	65999999	0.11899949723333342	0.5264996154	-0.4075001181666666
66000000	66049999	0.12408265062857143	0.5264996154	-0.4024169647714286
66050000	66099999	0.12181773806666668	0.5264996154	-0.40468187733333333
66100000	66149999	0.13325321233809528	0.5264996154	-0.3932464030619047
66150000	66199999	0.14554733292857142	0.5264996154	-0.3809522824714286
66200000	66249999	0.14960383453809517	0.5264996154	-0.37689578086190484
66250000	66299999	0.15244639245714287	0.5264996154	-0.37405322294285714
66300000	66349999	0.15078070310476194	0.5264996154	-0.37571891229523807
66350000	66399999	0.15784276200952385	0.5264996154	-0.36865685339047616
66400000	66449999	0.1666784970238095	0.5264996154	-0.3598211183761905
66450000	66499999	0.17081002461904765	0.5264996154	-0.35568959078095236
66500000	66549999	0.17843869039047622	0.5264996154	-0.3480609250095238
66550000	66599999	0.1864518797809524	0.5264996154	-0.3400477356190476
66600000	66649999	0.1989892607571429	0.5264996154	-0.3275103546428571
66650000	66699999	0.20859148209523815	0.5264996154	-0.31790813330476186
66700000	66749999	0.21710992805238094	0.5264996154	-0.30938968734761907
66750000	66799999	0.22299289996190474	0.5264996154	-0.30350671543809526
66800000	66849999	0.22832557071904763	0.5264996154	-0.2981740446809524
66850000	66899999	0.22593660634285717	0.5264996154	-0.30056300905714284
66900000	66949999	0.2304799320571429	0.5264996154	-0.2960196833428571
66950000	66999999	0.24125652435238093	0.5264996154	-0.2852430910476191
67000000	67049999	0.25456886813333335	0.5264996154	-0.27193074726666666
67050000	67099999	0.26206924459523806	0.5264996154	-0.26443037080476195
67100000	67149999	0.2766012538619047	0.5264996154	-0.2498983615380953
67150000	67199999	0.2887168882904762	0.5264996154	-0.2377827271095238
67200000	67249999	0.29753398035238093	0.5264996154	-0.22896563504761908
67250000	67299999	0.31829948269999997	0.5264996154	-0.20820013270000004
67300000	67349999	0.3244220586047619	0.5264996154	-0.2020775567952381
67350000	67399999	0.3365175710619047	0.5264996154	-0.1899820443380953
67400000	67449999	0.3395300479714286	0.5264996154	-0.1869695674285714
67450000	67499999	0.3335252240142857	0.5264996154	-0.19297439138571432
67500000	67549999	0.33229849465714284	0.5264996154	-0.19420112074285717
67550000	67599999	0.3363543013761905	0.5264996154	-0.19014531402380952
67600000	67649999	0.33260894054285717	0.5264996154	-0.19389067485714284
67650000	67699999	0.32602470325714283	0.5264996154	-0.20047491214285718
67700000	67749999	0.3220439390095238	0.5264996154	-0.20445567639047618
67750000	67799999	0.31055371054761904	0.5264996154	-0.21594590485238097
67800000	67849999	0.3049744197761905	0.5264996154	-0.2215251956238095
67850000	67899999	0.3051562416	0.5264996154	-0.22134337380000002
67900000	67949999	0.3090798225285714	0.5264996154	-0.2174197928714286
67950000	67999999	0.2966357786761904	0.5264996154	-0.2298638367238096
68000000	68049999	0.28392770813333335	0.5264996154	-0.24257190726666666
68050000	68099999	0.26138560716190473	0.5264996154	-0.2651140082380953
68100000	68149999	0.24981501683333335	0.5264996154	-0.27668459856666666
68150000	68199999	0.23439024592857138	0.5264996154	-0.2921093694714286
68200000	68249999	0.2147776533095238	0.5264996154	-0.3117219620904762
68250000	68299999	0.1986647759238095	0.5264996154	-0.3278348394761905
68300000	68349999	0.17321929759047616	0.5264996154	-0.35328031780952385
68350000	68399999	0.16793541329523803	0.5264996154	-0.358564202104762
68400000	68449999	0.1582364553285714	0.5264996154	-0.3682631600714286
68450000	68499999	0.15011129507142856	0.5264996154	-0.37638832032857145
68500000	68549999	0.14999710253809523	0.5264996154	-0.3765025128619048
68550000	68599999	0.1494589076142857	0.5264996154	-0.3770407077857143
68600000	68649999	0.14595637488095242	0.5264996154	-0.3805432405190476
68650000	68699999	0.15303030172857146	0.5264996154	-0.37346931367142855
68700000	68749999	0.15736215622380956	0.5264996154	-0.36913745917619045
68750000	68799999	0.16253294224761905	0.5264996154	-0.36396667315238096
68800000	68849999	0.1739977161857143	0.5264996154	-0.3525018992142857
68850000	68899999	0.17576093323333336	0.5264996154	-0.35073868216666665
68900000	68949999	0.17475302664761905	0.5264996154	-0.35174658875238096
68950000	68999999	0.17116192883809533	0.5264996154	-0.3553376865619047
69000000	69049999	0.18155638475714292	0.5264996154	-0.3449432306428571
69050000	69099999	0.18683827074761905	0.5264996154	-0.33966134465238096
69100000	69149999	0.1935891680285714	0.5264996154	-0.3329104473714286
69150000	69199999	0.19554865403809524	0.5264996154	-0.33095096136190477
69200000	69249999	0.20011666912857146	0.5264996154	-0.32638294627142855
69250000	69299999	0.20750150320000005	0.5264996154	-0.31899811219999996
69300000	69349999	0.21520860201428577	0.5264996154	-0.31129101338571424
69350000	69399999	0.2290896394285714	0.5264996154	-0.2974099759714286
69400000	69449999	0.23255650130952388	0.5264996154	-0.29394311409047613
69450000	69499999	0.2439378509095238	0.5264996154	-0.2825617644904762
69500000	69549999	0.2464699934619048	0.5264996154	-0.2800296219380952
69550000	69599999	0.24668896667142853	0.5264996154	-0.2798106487285715
69600000	69649999	0.2533912535904762	0.5264996154	-0.2731083618095238
69650000	69699999	0.25558544746190476	0.5264996154	-0.27091416793809525
69700000	69749999	0.2533613985809524	0.5264996154	-0.2731382168190476
69750000	69799999	0.2566457871047619	0.5264996154	-0.26985382829523813
69800000	69849999	0.25563134348095246	0.5264996154	-0.27086827191904755
69850000	69899999	0.24703686765238098	0.5264996154	-0.27946274774761903
69900000	69949999	0.25010178007619055	0.5264996154	-0.27639783532380946
69950000	69999999	0.24535278809523814	0.5264996154	-0.28114682730476187
70000000	70049999	0.24555631921904775	0.5264996154	-0.28094329618095226
70050000	70099999	0.2432783065619048	0.5264996154	-0.2832213088380952
70100000	70149999	0.23485311068095244	0.5264996154	-0.2916465047190476
70150000	70199999	0.22930956780952388	0.5264996154	-0.2971900475904761
70200000	70249999	0.2208469027666667	0.5264996154	-0.3056527126333333
70250000	70299999	0.21246445908095246	0.5264996154	-0.31403515631904755
70300000	70349999	0.20476226244761908	0.5264996154	-0.32173735295238093
70350000	70399999	0.19381900164761912	0.5264996154	-0.3326806137523809
70400000	70449999	0.17933941644761908	0.5264996154	-0.3471601989523809
70450000	70499999	0.16891035920952385	0.5264996154	-0.35758925619047616
70500000	70549999	0.1594634762761905	0.5264996154	-0.3670361391238095
70550000	70599999	0.15177520226666674	0.5264996154	-0.37472441313333327
70600000	70649999	0.15137755340476194	0.5264996154	-0.37512206199523807
70650000	70699999	0.14443485584761906	0.5264996154	-0.38206475955238095
70700000	70749999	0.13505098963333345	0.5264996154	-0.39144862576666656
70750000	70799999	0.12225365912857145	0.5264996154	-0.40424595627142856
70800000	70849999	0.1126923627190477	0.5264996154	-0.4138072526809523
70850000	70899999	0.10083451307619051	0.5264996154	-0.4256651023238095
70900000	70949999	0.0971441467380953	0.5264996154	-0.4293554686619047
70950000	70999999	0.08708385721428574	0.5264996154	-0.43941575818571427
71000000	71049999	0.08805369889523806	0.5264996154	-0.43844591650476195
71050000	71099999	0.08894791726666662	0.5264996154	-0.4375516981333334
71100000	71149999	0.08038060702380945	0.5264996154	-0.44611900837619056
71150000	71199999	0.08397156311904758	0.5264996154	-0.44252805228095243
71200000	71249999	0.08393334376666667	0.5264996154	-0.44256627163333334
71250000	71299999	0.08650560806190472	0.5264996154	-0.4399940073380953
71300000	71349999	0.09069753056190477	0.5264996154	-0.43580208483809524
71350000	71399999	0.0903176044619049	0.5264996154	-0.4361820109380951
71400000	71449999	0.08960828874761906	0.5264996154	-0.43689132665238095
71450000	71499999	0.08693529007142858	0.5264996154	-0.4395643253285714
71500000	71549999	0.0897053705047619	0.5264996154	-0.4367942448952381
71550000	71599999	0.08767458618095242	0.5264996154	-0.4388250292190476
71600000	71649999	0.08806879619523816	0.5264996154	-0.43843081920476185
71650000	71699999	0.08540382312857142	0.5264996154	-0.4410957922714286
71700000	71749999	0.08174934034285719	0.5264996154	-0.4447502750571428
71750000	71799999	0.08141963701428578	0.5264996154	-0.4450799783857142
71800000	71849999	0.08258079731904755	0.5264996154	-0.44391881808095246
71850000	71899999	0.08471912889047617	0.5264996154	-0.44178048650952384
71900000	71949999	0.09162358306666663	0.5264996154	-0.4348760323333334
71950000	71999999	0.09595973143809527	0.5264996154	-0.43053988396190473
72000000	72049999	0.09780512092857141	0.5264996154	-0.4286944944714286
72050000	72099999	0.09593819819523808	0.5264996154	-0.43056141720476193
72100000	72149999	0.09542854254761896	0.5264996154	-0.43107107285238105
72150000	72199999	0.09864320829047613	0.5264996154	-0.4278564071095239
72200000	72249999	0.10239217578095244	0.5264996154	-0.42410743961904757
72250000	72299999	0.09909350915714293	0.5264996154	-0.4274061062428571
72300000	72349999	0.09357437907619048	0.5264996154	-0.4329252363238095
72350000	72399999	0.09207940024285716	0.5264996154	-0.43442021515714285
72400000	72449999	0.08877903811428578	0.5264996154	-0.43772057728571423
72450000	72499999	0.09220261495714294	0.5264996154	-0.4342970004428571
72500000	72549999	0.09462726740476196	0.5264996154	-0.43187234799523805
72550000	72599999	0.09781697106190479	0.5264996154	-0.4286826443380952
72600000	72649999	0.09237394875714289	0.5264996154	-0.4341256666428571
72650000	72699999	0.09276500248095237	0.5264996154	-0.43373461291904764
72700000	72749999	0.0976020115095238	0.5264996154	-0.4288976038904762
72750000	72799999	0.10278614829047611	0.5264996154	-0.4237134671095239
72800000	72849999	0.12201155919523815	0.5264996154	-0.40448805620476186
72850000	72899999	0.14598543963809524	0.5264996154	-0.38051417576190477
72900000	72949999	0.15730483517142857	0.5264996154	-0.36919478022857144
72950000	72999999	0.17248494207142856	0.5264996154	-0.35401467332857145
73000000	73049999	0.18255636740000003	0.5264996154	-0.343943248
73050000	73099999	0.18964459626190477	0.5264996154	-0.33685501913809524
73100000	73149999	0.1962076356047619	0.5264996154	-0.3302919797952381
73150000	73199999	0.19968422381904766	0.5264996154	-0.32681539158095235
73200000	73249999	0.20832109197142862	0.5264996154	-0.3181785234285714
73250000	73299999	0.20571527639523812	0.5264996154	-0.3207843390047619
73300000	73349999	0.21366470705238094	0.5264996154	-0.31283490834761907
73350000	73399999	0.23279966899523813	0.5264996154	-0.2936999464047619
73400000	73449999	0.24227426870476193	0.5264996154	-0.2842253466952381
73450000	73499999	0.25134479874761906	0.5264996154	-0.27515481665238095
73500000	73549999	0.24721039183333332	0.5264996154	-0.2792892235666667
73550000	73599999	0.25407605045238096	0.5264996154	-0.27242356494761905
73600000	73649999	0.25157215710476194	0.5264996154	-0.27492745829523807
73650000	73699999	0.2637131696428571	0.5264996154	-0.2627864457571429
73700000	73749999	0.2611692195571429	0.5264996154	-0.2653303958428571
73750000	73799999	0.2598199584619048	0.5264996154	-0.2666796569380952
73800000	73849999	0.255845881847619	0.5264996154	-0.270653733552381
73850000	73899999	0.23570468923809523	0.5264996154	-0.2907949261619048
73900000	73949999	0.21404194033809526	0.5264996154	-0.31245767506190475
73950000	73999999	0.1982412057238096	0.5264996154	-0.3282584096761904
74000000	74049999	0.1802219177952381	0.5264996154	-0.3462776976047619
74050000	74099999	0.1665181521619048	0.5264996154	-0.3599814632380952
74100000	74149999	0.15420075169523811	0.5264996154	-0.3722988637047619
74150000	74199999	0.15568418452380955	0.5264996154	-0.37081543087619045
74200000	74249999	0.1437874273619047	0.5264996154	-0.3827121880380953
74250000	74299999	0.13699163339523812	0.5264996154	-0.3895079820047619
74300000	74349999	0.12737404420000004	0.5264996154	-0.3991255712
74350000	74399999	0.12198700312380956	0.5264996154	-0.40451261227619045
74400000	74449999	0.10775677196190475	0.5264996154	-0.41874284343809526
74450000	74499999	0.09373053730476189	0.5264996154	-0.4327690780952381
74500000	74549999	0.0779264257523809	0.5264996154	-0.4485731896476191
74550000	74599999	0.07686136747619043	0.5264996154	-0.4496382479238096
74600000	74649999	0.06821358230952379	0.5264996154	-0.4582860330904762
74650000	74699999	0.06791248951428563	0.5264996154	-0.4585871258857144
74700000	74749999	0.0634160013333333	0.5264996154	-0.4630836140666667
74750000	74799999	0.06588612162380947	0.5264996154	-0.46061349377619054
74800000	74849999	0.062290840119047564	0.5264996154	-0.46420877528095245
74850000	74899999	0.0683993798428571	0.5264996154	-0.4581002355571429
74900000	74949999	0.0788165288190476	0.5264996154	-0.4476830865809524
74950000	74999999	0.09683447630952385	0.5264996154	-0.42966513909047616
75000000	75049999	0.11580150501904773	0.5264996154	-0.4106981103809523
75050000	75099999	0.12090012972857156	0.5264996154	-0.40559948567142845
75100000	75149999	0.12726174135714285	0.5264996154	-0.39923787404285715
75150000	75199999	0.13489617434285717	0.5264996154	-0.39160344105714284
75200000	75249999	0.1332164933666667	0.5264996154	-0.3932831220333333
75250000	75299999	0.1397392244904762	0.5264996154	-0.3867603909095238
75300000	75349999	0.14038759078571428	0.5264996154	-0.38611202461428573
75350000	75399999	0.15747509847619046	0.5264996154	-0.36902451692380955
75400000	75449999	0.17498459731428573	0.5264996154	-0.3515150180857143
75450000	75499999	0.1908931949714286	0.5264996154	-0.3356064204285714
75500000	75549999	0.20986599710476195	0.5264996154	-0.31663361829523806
75550000	75599999	0.2238099320809524	0.5264996154	-0.3026896833190476
75600000	75649999	0.24325178560476185	0.5264996154	-0.28324782979523816
75650000	75699999	0.2741260153142857	0.5264996154	-0.2523736000857143
75700000	75749999	0.27668828895238096	0.5264996154	-0.24981132644761905
75750000	75799999	0.2808913348714285	0.5264996154	-0.24560828052857153
75800000	75849999	0.2877529912999999	0.5264996154	-0.23874662410000008
75850000	75899999	0.2940363788380952	0.5264996154	-0.23246323656190482
75900000	75949999	0.29781421028095234	0.5264996154	-0.22868540511904767
75950000	75999999	0.3020240945142857	0.5264996154	-0.22447552088571432
76000000	76049999	0.2977565478238095	0.5264996154	-0.2287430675761905
76050000	76099999	0.3115829679857143	0.5264996154	-0.21491664741428573
76100000	76149999	0.32426812134761906	0.5264996154	-0.20223149405238094
76150000	76199999	0.32428620474761904	0.5264996154	-0.20221341065238096
76200000	76249999	0.32693279356190474	0.5264996154	-0.19956682183809527
76250000	76299999	0.3247211136809524	0.5264996154	-0.2017785017190476
76300000	76349999	0.3266978025666667	0.5264996154	-0.19980181283333331
76350000	76399999	0.3293823747857143	0.5264996154	-0.1971172406142857
76400000	76449999	0.31396131635238095	0.5264996154	-0.21253829904761906
76450000	76499999	0.2985667200809523	0.5264996154	-0.2279328953190477
76500000	76549999	0.2936345328809523	0.5264996154	-0.2328650825190477
76550000	76599999	0.28324944319523804	0.5264996154	-0.24325017220476197
76600000	76649999	0.27609270430952376	0.5264996154	-0.25040691109047625
76650000	76699999	0.25235189243333334	0.5264996154	-0.2741477229666667
76700000	76749999	0.22250567427619045	0.5264996154	-0.30399394112380956
76750000	76799999	0.21598874084761904	0.5264996154	-0.31051087455238097
76800000	76849999	0.20927006528571424	0.5264996154	-0.3172295501142858
76850000	76899999	0.2061542316333333	0.5264996154	-0.3203453837666667
76900000	76949999	0.2024062616095238	0.5264996154	-0.3240933537904762
76950000	76999999	0.19590863805238096	0.5264996154	-0.33059097734761905
77000000	77049999	0.18517812459047617	0.5264996154	-0.34132149080952384
77050000	77099999	0.18675688986666666	0.5264996154	-0.33974272553333335
77100000	77149999	0.16613295935714278	0.5264996154	-0.3603666560428572
77150000	77199999	0.17610261199523813	0.5264996154	-0.3503970034047619
77200000	77249999	0.19763806189523814	0.5264996154	-0.32886155350476187
77250000	77299999	0.21018574087619046	0.5264996154	-0.31631387452380955
77300000	77349999	0.23395781941904764	0.5264996154	-0.29254179598095237
77350000	77399999	0.25475782077142867	0.5264996154	-0.27174179462857134
77400000	77449999	0.2602532074904762	0.5264996154	-0.2662464079095238
77450000	77499999	0.27429149561904764	0.5264996154	-0.25220811978095237
77500000	77549999	0.28552725310952387	0.5264996154	-0.24097236229047614
77550000	77599999	0.2822716268952381	0.5264996154	-0.2442279885047619
77600000	77649999	0.28410572583333327	0.5264996154	-0.24239388956666674
77650000	77699999	0.2932644843666667	0.5264996154	-0.23323513103333332
77700000	77749999	0.29613129887142864	0.5264996154	-0.23036831652857137
77750000	77799999	0.2956418029190476	0.5264996154	-0.23085781248095238
77800000	77849999	0.30342798845714286	0.5264996154	-0.22307162694285715
77850000	77899999	0.3042699061	0.5264996154	-0.22222970930000002
77900000	77949999	0.3041936277190476	0.5264996154	-0.2223059876809524
77950000	77999999	0.29867705435714287	0.5264996154	-0.22782256104285714
78000000	78049999	0.28701463730952387	0.5264996154	-0.23948497809047614
78050000	78099999	0.2792464466952381	0.5264996154	-0.24725316870476188
78100000	78149999	0.25881354907619053	0.5264996154	-0.2676860663238095
78150000	78199999	0.24994485536666672	0.5264996154	-0.2765547600333333
78200000	78249999	0.2222578495380953	0.5264996154	-0.3042417658619047
78250000	78299999	0.19699199006190476	0.5264996154	-0.32950762533809524
78300000	78349999	0.18183373920000007	0.5264996154	-0.34466587619999994
78350000	78399999	0.15755814451428568	0.5264996154	-0.36894147088571433
78400000	78449999	0.1359080738238096	0.5264996154	-0.3905915415761904
78450000	78499999	0.12162948120952377	0.5264996154	-0.40487013419047624
78500000	78549999	0.11105655945714288	0.5264996154	-0.41544305594285713
78550000	78599999	0.09528162284285713	0.5264996154	-0.4312179925571429
78600000	78649999	0.09664101825714277	0.5264996154	-0.42985859714285723
78650000	78699999	0.0943032909571428	0.5264996154	-0.4321963244428572
78700000	78749999	0.09612972977142858	0.5264996154	-0.4303698856285714
78750000	78799999	0.11113248920000007	0.5264996154	-0.41536712619999994
78800000	78849999	0.11947285527142859	0.5264996154	-0.4070267601285714
78850000	78899999	0.12523599387142859	0.5264996154	-0.4012636215285714
78900000	78949999	0.12485339582380955	0.5264996154	-0.40164621957619046
78950000	78999999	0.12434079920952384	0.5264996154	-0.40215881619047616
79000000	79049999	0.12558994855714284	0.5264996154	-0.40090966684285717
79050000	79099999	0.1351008073142857	0.5264996154	-0.3913988080857143
79100000	79149999	0.1413753179380952	0.5264996154	-0.3851242974619048
79150000	79199999	0.1430081548714286	0.5264996154	-0.3834914605285714
79200000	79249999	0.14156961366190474	0.5264996154	-0.3849300017380953
79250000	79299999	0.14719399181904763	0.5264996154	-0.3793056235809524
79300000	79349999	0.14771197907142858	0.5264996154	-0.37878763632857143
79350000	79399999	0.15580052621904766	0.5264996154	-0.37069908918095235
79400000	79449999	0.17920129976190474	0.5264996154	-0.34729831563809527
79450000	79499999	0.20251694975238094	0.5264996154	-0.3239826656476191
79500000	79549999	0.2327277053809524	0.5264996154	-0.2937719100190476
79550000	79599999	0.26761515834285715	0.5264996154	-0.25888445705714286
79600000	79649999	0.3022011723333334	0.5264996154	-0.22429844306666663
79650000	79699999	0.29490849402857144	0.5264996154	-0.23159112137142857
79700000	79749999	0.30103932951904766	0.5264996154	-0.22546028588095235
79750000	79799999	0.2990984311380953	0.5264996154	-0.2274011842619047
79800000	79849999	0.2847889628	0.5264996154	-0.24171065260000002
79850000	79899999	0.26702102177619047	0.5264996154	-0.25947859362380954
79900000	79949999	0.2439481854095238	0.5264996154	-0.2825514299904762
79950000	79999999	0.24094340996190472	0.5264996154	-0.2855562054380953
80000000	80049999	0.23629995569523804	0.5264996154	-0.29019965970476197
80050000	80099999	0.23643787966190477	0.5264996154	-0.29006173573809524
80100000	80149999	0.2301341488571429	0.5264996154	-0.2963654665428571
80150000	80199999	0.22804744820952388	0.5264996154	-0.2984521671904761
80200000	80249999	0.22406747223333334	0.5264996154	-0.30243214316666667
80250000	80299999	0.21761810492857148	0.5264996154	-0.30888151047142853
80300000	80349999	0.20979049081904766	0.5264996154	-0.31670912458095235
80350000	80399999	0.20500277696190483	0.5264996154	-0.3214968384380952
80400000	80449999	0.1927166156333333	0.5264996154	-0.3337829997666667
80450000	80499999	0.16748592190000006	0.5264996154	-0.35901369349999995
80500000	80549999	0.14380521472857144	0.5264996154	-0.38269440067142857
80550000	80599999	0.1530023527904762	0.5264996154	-0.3734972626095238
80600000	80649999	0.25845541430952385	0.5264996154	-0.26804420109047616
80650000	80699999	0.408794211842857	0.5264996154	-0.11770540355714298
80700000	80749999	0.5873807264571429	0.5264996154	0.06088111105714289
80750000	80799999	0.6977628701	0.5264996154	0.17126325470000003
80800000	80849999	0.8567864903142857	0.5264996154	0.33028687491428566
80850000	80899999	1.0372692371857142	0.5264996154	0.5107696217857142
80900000	80949999	1.2203745315	0.5264996154	0.6938749161000001
80950000	80999999	1.282124855652381	0.5264996154	0.755625240252381
81000000	81049999	1.2849018958761902	0.5264996154	0.7584022804761902
81050000	81099999	1.2859976046523807	0.5264996154	0.7594979892523807
81100000	81149999	1.2845770282857143	0.5264996154	0.7580774128857143
81150000	81199999	1.2851212748380951	0.5264996154	0.7586216594380951
81200000	81249999	1.2848531576761903	0.5264996154	0.7583535422761903
81250000	81299999	1.2911050920285714	0.5264996154	0.7646054766285714
81300000	81349999	1.3033705254666668	0.5264996154	0.7768709100666668
81350000	81399999	1.3078130973619047	0.5264996154	0.7813134819619046
81400000	81449999	1.309794340047619	0.5264996154	0.7832947246476191
81450000	81499999	1.3153271426999997	0.5264996154	0.7888275272999997
81500000	81549999	1.3152480041809524	0.5264996154	0.7887483887809524
81550000	81599999	1.3164473613666667	0.5264996154	0.7899477459666667
81600000	81649999	1.2769713316142859	0.5264996154	0.7504717162142859
81650000	81699999	1.136578626657143	0.5264996154	0.6100790112571429
81700000	81749999	0.9552639083619048	0.5264996154	0.42876429296190477
81750000	81799999	0.7768893396095238	0.5264996154	0.25038972420952377
81800000	81849999	0.6514197610619048	0.5264996154	0.12492014566190479
81850000	81899999	0.4812886709619048	0.5264996154	-0.0452109444380952
81900000	81949999	0.2976694983619048	0.5264996154	-0.2288301170380952
81950000	81999999	0.13025380250476193	0.5264996154	-0.3962458128952381
82000000	82049999	0.07813427379047622	0.5264996154	-0.4483653416095238
82050000	82099999	0.08068903580000003	0.5264996154	-0.4458105796
82100000	82149999	0.07992610071904765	0.5264996154	-0.44657351468095235
82150000	82199999	0.08436741560952388	0.5264996154	-0.44213219979047613
82200000	82249999	0.08940723923809529	0.5264996154	-0.4370923761619047
82250000	82299999	0.09407936671428585	0.5264996154	-0.43242024868571416
82300000	82349999	0.09265333386666663	0.5264996154	-0.4338462815333334
82350000	82399999	0.08637047085238092	0.5264996154	-0.4401291445476191
82400000	82449999	0.08635659401428575	0.5264996154	-0.44014302138571426
82450000	82499999	0.08512592658571427	0.5264996154	-0.44137368881428574
82500000	82549999	0.07881581274761912	0.5264996154	-0.4476838026523809
82550000	82599999	0.08139236447142867	0.5264996154	-0.44510725092857134
82600000	82649999	0.0785962080571429	0.5264996154	-0.4479034073428571
82650000	82699999	0.08680901573809541	0.5264996154	-0.4396905996619046
82700000	82749999	0.08932949695238102	0.5264996154	-0.437170118447619
82750000	82799999	0.09027754718571424	0.5264996154	-0.4362220682142858
82800000	82849999	0.09430179150476198	0.5264996154	-0.43219782389523803
82850000	82899999	0.1035265521952381	0.5264996154	-0.4229730632047619
82900000	82949999	0.1109535391571429	0.5264996154	-0.4155460762428571
82950000	82999999	0.12623690993809522	0.5264996154	-0.4002627054619048
83000000	83049999	0.1318755644238096	0.5264996154	-0.3946240509761904
83050000	83099999	0.15164071932380957	0.5264996154	-0.37485889607619044
83100000	83149999	0.1699580624333334	0.5264996154	-0.3565415529666666
83150000	83199999	0.19504117780000002	0.5264996154	-0.3314584376
83200000	83249999	0.20184858674761902	0.5264996154	-0.324651028652381
83250000	83299999	0.2071562748190477	0.5264996154	-0.3193433405809523
83300000	83349999	0.20344831987142864	0.5264996154	-0.32305129552857137
83350000	83399999	0.20755892507142865	0.5264996154	-0.31894069032857136
83400000	83449999	0.2086906162714286	0.5264996154	-0.3178089991285714
83450000	83499999	0.2075977920714286	0.5264996154	-0.3189018233285714
83500000	83549999	0.2098623694333333	0.5264996154	-0.3166372459666667
83550000	83599999	0.21109174250000007	0.5264996154	-0.31540787289999994
83600000	83649999	0.2111425419666667	0.5264996154	-0.3153570734333333
83650000	83699999	0.20761363183333337	0.5264996154	-0.31888598356666664
83700000	83749999	0.20819912440952376	0.5264996154	-0.31830049099047625
83750000	83799999	0.21077884730000002	0.5264996154	-0.3157207681
83800000	83849999	0.20865941498571428	0.5264996154	-0.31784020041428573
83850000	83899999	0.20508165496666675	0.5264996154	-0.32141796043333326
83900000	83949999	0.20145673718095236	0.5264996154	-0.32504287821904765
83950000	83999999	0.19117087076190475	0.5264996154	-0.33532874463809526
84000000	84049999	0.17617473369999997	0.5264996154	-0.35032488170000003
84050000	84099999	0.16612098187619045	0.5264996154	-0.36037863352380956
84100000	84149999	0.14971208959047616	0.5264996154	-0.37678752580952385
84150000	84199999	0.13016060235714288	0.5264996154	-0.3963390130428571
84200000	84249999	0.10615395876666667	0.5264996154	-0.42034565663333334
84250000	84299999	0.09941796745714282	0.5264996154	-0.4270816479428572
84300000	84349999	0.08935954930952378	0.5264996154	-0.43714006609047623
84350000	84399999	0.0883362883571428	0.5264996154	-0.4381633270428572
84400000	84449999	0.08637044548571432	0.5264996154	-0.4401291699142857
84450000	84499999	0.08036600660952387	0.5264996154	-0.44613360879047614
84500000	84549999	0.07719134849999998	0.5264996154	-0.44930826690000003
84550000	84599999	0.07359602712857138	0.5264996154	-0.4529035882714286
84600000	84649999	0.07209443323333325	0.5264996154	-0.45440518216666675
84650000	84699999	0.06794709048571423	0.5264996154	-0.4585525249142858
84700000	84749999	0.07451748577619044	0.5264996154	-0.45198212962380957
84750000	84799999	0.07171177716190469	0.5264996154	-0.4547878382380953
84800000	84849999	0.06576116602380955	0.5264996154	-0.46073844937619046
84850000	84899999	0.06534754838571427	0.5264996154	-0.46115206701428574
84900000	84949999	0.062107455952380985	0.5264996154	-0.464392159447619
84950000	84999999	0.0636505031095238	0.5264996154	-0.4628491122904762
85000000	85049999	0.0737308407333333	0.5264996154	-0.4527687746666667
85050000	85099999	0.07510405101428569	0.5264996154	-0.4513955643857143
85100000	85149999	0.07594890594761905	0.5264996154	-0.45055070945238096
85150000	85199999	0.07115531789999996	0.5264996154	-0.45534429750000005
85200000	85249999	0.06795030548095249	0.5264996154	-0.4585493099190475
85250000	85299999	0.06329049517619051	0.5264996154	-0.4632091202238095
85300000	85349999	0.0616641860761904	0.5264996154	-0.4648354293238096
85350000	85399999	0.06352588570476192	0.5264996154	-0.4629737296952381
85400000	85449999	0.05999302971904763	0.5264996154	-0.4665065856809524
85450000	85499999	0.062151310119047565	0.5264996154	-0.46434830528095244
85500000	85549999	0.0660466208761904	0.5264996154	-0.4604529945238096
85550000	85599999	0.06516453371428566	0.5264996154	-0.46133508168571435
85600000	85649999	0.06587409055238092	0.5264996154	-0.4606255248476191
85650000	85699999	0.06471445481904758	0.5264996154	-0.4617851605809524
85700000	85749999	0.06527069339999991	0.5264996154	-0.4612289220000001
85750000	85799999	0.059158320947619025	0.5264996154	-0.467341294452381
85800000	85849999	0.06021719966666672	0.5264996154	-0.4662824157333333
85850000	85899999	0.062453381657142926	0.5264996154	-0.4640462337428571
85900000	85949999	0.06228798329523816	0.5264996154	-0.46421163210476185
85950000	85999999	0.06062958157142856	0.5264996154	-0.46587003382857145
86000000	86049999	0.05344863829523816	0.5264996154	-0.47305097710476185
86050000	86099999	0.04574721158095241	0.5264996154	-0.4807524038190476
86100000	86149999	0.048274153090476224	0.5264996154	-0.4782254623095238
86150000	86199999	0.046358471638095256	0.5264996154	-0.48014114376190475
86200000	86249999	0.0441684876095238	0.5264996154	-0.4823311277904762
86250000	86299999	0.047115390271428526	0.5264996154	-0.4793842251285715
86300000	86349999	0.07483458490952377	0.5264996154	-0.45166503049047624
86350000	86399999	0.09445087211428571	0.5264996154	-0.4320487432857143
86400000	86449999	0.08250650258571429	0.5264996154	-0.4439931128142857
86450000	86499999	0.08531064391428567	0.5264996154	-0.44118897148571434
86500000	86549999	0.07742479710952382	0.5264996154	-0.4490748182904762
86550000	86599999	0.07457936084761912	0.5264996154	-0.4519202545523809
86600000	86649999	0.07464230648095238	0.5264996154	-0.45185730891904763
86650000	86699999	0.07353184187619055	0.5264996154	-0.45296777352380946
86700000	86749999	0.06999423570476193	0.5264996154	-0.4565053796952381
86750000	86799999	0.06388250554761893	0.5264996154	-0.4626171098523811
86800000	86849999	0.064450432252381	0.5264996154	-0.462049183147619
86850000	86899999	0.06047546534285714	0.5264996154	-0.46602415005714287
86900000	86949999	0.05496954807142851	0.5264996154	-0.4715300673285715
86950000	86999999	0.05656439148571424	0.5264996154	-0.46993522391428577
87000000	87049999	0.06454989783333343	0.5264996154	-0.4619497175666666
87050000	87099999	0.07766840235714279	0.5264996154	-0.4488312130428572
87100000	87149999	0.0798838372857143	0.5264996154	-0.4466157781142857
87150000	87199999	0.0859324003809524	0.5264996154	-0.4405672150190476
87200000	87249999	0.09079170949047621	0.5264996154	-0.4357079059095238
87250000	87299999	0.09901838299999999	0.5264996154	-0.4274812324
87300000	87349999	0.09879992697142859	0.5264996154	-0.4276996884285714
87350000	87399999	0.07666118265238092	0.5264996154	-0.4498384327476191
87400000	87449999	0.05988072309047621	0.5264996154	-0.4666188923095238
87450000	87499999	0.06849893718571431	0.5264996154	-0.4580006782142857
87500000	87549999	0.0658485066904762	0.5264996154	-0.4606511087095238
87550000	87599999	0.06907809443333346	0.5264996154	-0.45742152096666655
87600000	87649999	0.0740529831285715	0.5264996154	-0.4524466322714285
87650000	87699999	0.07434988688571442	0.5264996154	-0.4521497285142856
87700000	87749999	0.07518520290952385	0.5264996154	-0.45131441249047616
87750000	87799999	0.07850049637619055	0.5264996154	-0.44799911902380946
87800000	87849999	0.0817094498952381	0.5264996154	-0.4447901655047619
87850000	87899999	0.0794558769952381	0.5264996154	-0.4470437384047619
87900000	87949999	0.08307873016666667	0.5264996154	-0.44342088523333334
87950000	87999999	0.08514418237142862	0.5264996154	-0.4413554330285714
88000000	88049999	0.08301445535714286	0.5264996154	-0.44348516004285715
88050000	88099999	0.07805539495714287	0.5264996154	-0.44844422044285714
88100000	88149999	0.0697150464238096	0.5264996154	-0.4567845689761904
88150000	88199999	0.06958278107142851	0.5264996154	-0.4569168343285715
88200000	88249999	0.06353160539523806	0.5264996154	-0.46296801000476195
88250000	88299999	0.05892172285714292	0.5264996154	-0.4675778925428571
88300000	88349999	0.05048604129999995	0.5264996154	-0.47601357410000006
88350000	88399999	0.0489580307857142	0.5264996154	-0.4775415846142858
88400000	88449999	0.045386281552380836	0.5264996154	-0.4811133338476192
88450000	88499999	0.036408363595238025	0.5264996154	-0.490091251804762
88500000	88549999	0.036882981242857105	0.5264996154	-0.4896166341571429
88550000	88599999	0.036568549204761824	0.5264996154	-0.4899310661952382
88600000	88649999	0.038455619985714284	0.5264996154	-0.4880439954142857
88650000	88699999	0.027031544871428614	0.5264996154	-0.4994680705285714
88700000	88749999	0.023433461847618964	0.5264996154	-0.503066153552381
88750000	88799999	0.022040790490476247	0.5264996154	-0.5044588249095238
88800000	88849999	0.02140200413809512	0.5264996154	-0.5050976112619049
88850000	88899999	0.028556526676190463	0.5264996154	-0.49794308872380955
88900000	88949999	0.035173979076190465	0.5264996154	-0.49132563632380954
88950000	88999999	0.029351563638095268	0.5264996154	-0.49714805176190474
89000000	89049999	0.02936036139999998	0.5264996154	-0.49713925400000003
89050000	89099999	0.03054075459523803	0.5264996154	-0.495958860804762
89100000	89149999	0.032017532014285754	0.5264996154	-0.49448208338571426
89150000	89199999	0.03079052289047618	0.5264996154	-0.49570909250952383
89200000	89249999	0.02851303710476194	0.5264996154	-0.49798657829523807
89250000	89299999	0.028994201619047588	0.5264996154	-0.4975054137809524
89300000	89349999	0.025280156947619092	0.5264996154	-0.5012194584523809
89350000	89399999	0.02843763222857143	0.5264996154	-0.4980619831714286
89400000	89449999	0.025747543566666642	0.5264996154	-0.5007520718333334
89450000	89499999	0.029213776309523765	0.5264996154	-0.49728583909047624
89500000	89549999	0.03694835488571424	0.5264996154	-0.48955126051428577
89550000	89599999	0.043526795157142806	0.5264996154	-0.4829728202428572
89600000	89649999	0.04450324070952377	0.5264996154	-0.48199637469047624
89650000	89699999	0.039537154438095246	0.5264996154	-0.48696246096190476
89700000	89749999	0.04734996142857134	0.5264996154	-0.47914965397142867
89750000	89799999	0.05155057707619043	0.5264996154	-0.4749490383238096
89800000	89849999	0.05109498261428569	0.5264996154	-0.4754046327857143
89850000	89899999	0.05332453022857142	0.5264996154	-0.4731750851714286
89900000	89949999	0.07757350964761905	0.5264996154	-0.44892610575238096
89950000	89999999	0.24937171932380953	0.5264996154	-0.2771278960761905
90000000	90049999	0.405121076147619	0.5264996154	-0.12137853925238101
90050000	90099999	0.5599639593904762	0.5264996154	0.03346434399047615
90100000	90149999	0.7288607614190475	0.5264996154	0.20236114601904753
90150000	90199999	0.8684745215619047	0.5264996154	0.34197490616190473
90200000	90249999	1.036164783242857	0.5264996154	0.5096651678428571
90250000	90299999	1.2103978059285714	0.5264996154	0.6838981905285714
90300000	90349999	1.3765729032666667	0.5264996154	0.8500732878666667
90350000	90399999	1.5236635901904763	0.5264996154	0.9971639747904762
90400000	90449999	1.6650461563047618	0.5264996154	1.1385465409047617
90450000	90499999	1.8276286419666667	0.5264996154	1.3011290265666666
90500000	90549999	1.9898294243142858	0.5264996154	1.4633298089142857
90550000	90599999	2.149254580947619	0.5264996154	1.6227549655476188
90600000	90649999	2.2959729516238094	0.5264996154	1.7694733362238093
90650000	90699999	2.459440148628571	0.5264996154	1.932940533228571
90700000	90749999	2.6779066402142853	0.5264996154	2.151407024814285
90750000	90799999	2.8157562827095237	0.5264996154	2.2892566673095236
90800000	90849999	2.9444406343666665	0.5264996154	2.4179410189666664
90850000	90899999	3.0974475814761906	0.5264996154	2.5709479660761905
90900000	90949999	3.265381961209524	0.5264996154	2.738882345809524
90950000	90999999	3.374185009547619	0.5264996154	2.847685394147619
91000000	91049999	3.339899392619048	0.5264996154	2.8133997772190478
91050000	91099999	3.3501601528619043	0.5264996154	2.823660537461904
91100000	91149999	3.365834413390476	0.5264996154	2.839334797990476
91150000	91199999	3.370540237466667	0.5264996154	2.8440406220666667
91200000	91249999	3.399106028747619	0.5264996154	2.872606413347619
91250000	91299999	3.410833094614285	0.5264996154	2.884333479214285
91300000	91349999	3.402124072652381	0.5264996154	2.875624457252381
91350000	91399999	3.429032969652381	0.5264996154	2.902533354252381
91400000	91449999	3.4903977942142856	0.5264996154	2.9638981788142855
91450000	91499999	3.543799375080953	0.5264996154	3.0172997596809528
91500000	91549999	3.5851060628857145	0.5264996154	3.0586064474857144
91550000	91599999	3.5422089750000003	0.5264996154	3.0157093596
91600000	91649999	3.564753982409524	0.5264996154	3.038254367009524
91650000	91699999	3.5943861057476196	0.5264996154	3.0678864903476195
91700000	91749999	3.6179347451285713	0.5264996154	3.091435129728571
91750000	91799999	3.550614953785715	0.5264996154	3.0241153383857147
91800000	91849999	3.6181911657761905	0.5264996154	3.0916915503761904
91850000	91899999	3.659042130895238	0.5264996154	3.132542515495238
91900000	91949999	3.6668176770761907	0.5264996154	3.1403180616761905
91950000	91999999	3.580479288366667	0.5264996154	3.053979672966667
92000000	92049999	3.441262048080952	0.5264996154	2.914762432680952
92050000	92099999	3.3019367497285717	0.5264996154	2.7754371343285715
92100000	92149999	3.1362996441761903	0.5264996154	2.60980002877619
92150000	92199999	2.9698854859	0.5264996154	2.4433858705
92200000	92249999	2.7962210847333333	0.5264996154	2.269721469333333
92250000	92299999	2.6255632611809525	0.5264996154	2.0990636457809524
92300000	92349999	2.450246207957143	0.5264996154	1.9237465925571429
92350000	92399999	2.289448525295238	0.5264996154	1.762948909895238
92400000	92449999	2.108092769514286	0.5264996154	1.581593154114286
92450000	92499999	2.125774048147619	0.5264996154	1.599274432747619
92500000	92549999	2.127708764709524	0.5264996154	1.6012091493095237
92550000	92599999	2.121832281923809	0.5264996154	1.595332666523809
92600000	92649999	2.1377970778	0.5264996154	1.6112974624
92650000	92699999	2.1177300161523807	0.5264996154	1.5912304007523805
92700000	92749999	2.1078772171238094	0.5264996154	1.5813776017238093
92750000	92799999	2.0608091595523805	0.5264996154	1.5343095441523804
92800000	92849999	2.0420188934714285	0.5264996154	1.5155192780714284
92850000	92899999	1.8375797997333332	0.5264996154	1.311080184333333
92900000	92949999	1.6624609575619047	0.5264996154	1.1359613421619046
92950000	92999999	1.5087515237761906	0.5264996154	0.9822519083761906
93000000	93049999	1.425069556642857	0.5264996154	0.898569941242857
93050000	93099999	1.4271052607761903	0.5264996154	0.9006056453761903
93100000	93149999	1.4242256138238094	0.5264996154	0.8977259984238094
93150000	93199999	1.4284994371904762	0.5264996154	0.9019998217904762
93200000	93249999	1.4189035751238095	0.5264996154	0.8924039597238095
93250000	93299999	1.420157993790476	0.5264996154	0.893658378390476
93300000	93349999	1.417152075761905	0.5264996154	0.8906524603619049
93350000	93399999	1.6162601853857144	0.5264996154	1.0897605699857142
93400000	93449999	1.8494243840190472	0.5264996154	1.322924768619047
93450000	93499999	2.067621905838095	0.5264996154	1.541122290438095
93500000	93549999	1.9523695035619046	0.5264996154	1.4258698881619045
93550000	93599999	1.7551885934619045	0.5264996154	1.2286889780619044
93600000	93649999	1.5565223443285712	0.5264996154	1.030022728928571
93650000	93699999	1.4183607322857141	0.5264996154	0.8918611168857141
93700000	93749999	1.2549539572095236	0.5264996154	0.7284543418095236
93750000	93799999	1.0849195654190475	0.5264996154	0.5584199500190475
93800000	93849999	0.9472741605333332	0.5264996154	0.42077454513333323
93850000	93899999	0.8183561724904762	0.5264996154	0.2918565570904762
93900000	93949999	0.8169454134047618	0.5264996154	0.2904457980047618
93950000	93999999	0.8208333773523809	0.5264996154	0.2943337619523809
94000000	94049999	0.8148470723380952	0.5264996154	0.28834745693809516
94050000	94099999	0.8110961635952382	0.5264996154	0.28459654819523816
94100000	94149999	0.8149813496809524	0.5264996154	0.28848173428095236
94150000	94199999	0.8233808120523809	0.5264996154	0.2968811966523809
94200000	94249999	0.822028274047619	0.5264996154	0.295528658647619
94250000	94299999	0.8315963629285714	0.5264996154	0.3050967475285714
94300000	94349999	0.8271554732190476	0.5264996154	0.3006558578190476
94350000	94399999	0.8345090815285714	0.5264996154	0.3080094661285714
94400000	94449999	0.6335899175761905	0.5264996154	0.10709030217619053
94450000	94499999	0.39991272702380953	0.5264996154	-0.12658688837619048
94500000	94549999	0.1679542771	0.5264996154	-0.3585453383
94550000	94599999	0.06971867847619051	0.5264996154	-0.4567809369238095
94600000	94649999	0.07839545334285725	0.5264996154	-0.44810416205714276
94650000	94699999	0.08478199640476197	0.5264996154	-0.44171761899523804
94700000	94749999	0.10122422938095238	0.5264996154	-0.42527538601904763
94750000	94799999	0.12017192661428577	0.5264996154	-0.40632768878571424
94800000	94849999	0.13653045928571433	0.5264996154	-0.3899691561142857
94850000	94899999	0.13591183365714288	0.5264996154	-0.39058778174285713
94900000	94949999	0.15275292946190483	0.5264996154	-0.3737466859380952
94950000	94999999	0.16216569986666673	0.5264996154	-0.3643339155333333
95000000	95049999	0.16605367169047625	0.5264996154	-0.36044594370952376
95050000	95099999	0.1830708337	0.5264996154	-0.3434287817
95100000	95149999	0.1996600313238095	0.5264996154	-0.3268395840761905
95150000	95199999	0.20557923607142858	0.5264996154	-0.3209203793285714
95200000	95249999	0.2120152294380952	0.5264996154	-0.3144843859619048
95250000	95299999	0.2257962420428571	0.5264996154	-0.3007033733571429
95300000	95349999	0.2347135377523809	0.5264996154	-0.2917860776476191
95350000	95399999	0.25164058130952377	0.5264996154	-0.27485903409047624
95400000	95449999	0.25996443674761904	0.5264996154	-0.26653517865238097
95450000	95499999	0.2700531184476191	0.5264996154	-0.2564464969523809
95500000	95549999	0.2820993223714286	0.5264996154	-0.2444002930285714
95550000	95599999	0.29778353232857147	0.5264996154	-0.22871608307142854
95600000	95649999	0.29250196734285716	0.5264996154	-0.23399764805714285
95650000	95699999	0.2979107011476191	0.5264996154	-0.22858891425238093
95700000	95749999	0.30229997472857145	0.5264996154	-0.22419964067142856
95750000	95799999	0.2923478689380953	0.5264996154	-0.23415174646190473
95800000	95849999	0.2775377233571429	0.5264996154	-0.24896189204285712
95850000	95899999	0.26822092340952386	0.5264996154	-0.25827869199047615
95900000	95949999	0.2827334875857143	0.5264996154	-0.2437661278142857
95950000	95999999	0.28545272647142866	0.5264996154	-0.24104688892857135
96000000	96049999	0.30564606621904766	0.5264996154	-0.22085354918095235
96050000	96099999	0.31632356480000007	0.5264996154	-0.21017605059999994
96100000	96149999	0.32211418795714286	0.5264996154	-0.20438542744285715
96150000	96199999	0.32349263003809525	0.5264996154	-0.20300698536190476
96200000	96249999	0.31490550767142866	0.5264996154	-0.21159410772857135
96250000	96299999	0.30647313205238097	0.5264996154	-0.22002648334761904
96300000	96349999	0.2980184498285715	0.5264996154	-0.2284811655714285
96350000	96399999	0.2906942467619048	0.5264996154	-0.2358053686380952
96400000	96449999	0.2753249516809524	0.5264996154	-0.2511746637190476
96450000	96499999	0.2601285083095239	0.5264996154	-0.2663711070904761
96500000	96549999	0.2515701486095238	0.5264996154	-0.2749294667904762
96550000	96599999	0.23881752854285715	0.5264996154	-0.28768208685714286
96600000	96649999	0.22742434700952385	0.5264996154	-0.29907526839047616
96650000	96699999	0.22419994081428568	0.5264996154	-0.30229967458571433
96700000	96749999	0.21443520882857142	0.5264996154	-0.3120644065714286
96750000	96799999	0.2124979355	0.5264996154	-0.3140016799
96800000	96849999	0.20990227453333332	0.5264996154	-0.3165973408666667
96850000	96899999	0.2070104054571429	0.5264996154	-0.3194892099428571
96900000	96949999	0.20775614718571428	0.5264996154	-0.31874346821428573
96950000	96999999	0.1958156173333333	0.5264996154	-0.3306839980666667
97000000	97049999	0.17637707793809526	0.5264996154	-0.35012253746190475
97050000	97099999	0.15032620632857147	0.5264996154	-0.37617340907142854
97100000	97149999	0.15391502623333336	0.5264996154	-0.37258458916666665
97150000	97199999	0.14212099780000004	0.5264996154	-0.38437861759999997
97200000	97249999	0.14406846903333337	0.5264996154	-0.38243114636666664
97250000	97299999	0.15237933169047618	0.5264996154	-0.3741202837095238
97300000	97349999	0.16485289768571426	0.5264996154	-0.36164671771428575
97350000	97399999	0.18161996938095243	0.5264996154	-0.3448796460190476
97400000	97449999	0.197115946	0.5264996154	-0.3293836694
97450000	97499999	0.2137600379238095	0.5264996154	-0.3127395774761905
97500000	97549999	0.24363815816666667	0.5264996154	-0.28286145723333334
97550000	97599999	0.2640598654047619	0.5264996154	-0.2624397499952381
97600000	97649999	0.2879008341142857	0.5264996154	-0.23859878128571432
97650000	97699999	0.29365431528095237	0.5264996154	-0.23284530011904764
97700000	97749999	0.29749427305238096	0.5264996154	-0.22900534234761905
97750000	97799999	0.29711537197619053	0.5264996154	-0.22938424342380948
97800000	97849999	0.2919155838047619	0.5264996154	-0.2345840315952381
97850000	97899999	0.2928104620333334	0.5264996154	-0.23368915336666662
97900000	97949999	0.2903270178952381	0.5264996154	-0.23617259750476188
97950000	97999999	0.2884333128666667	0.5264996154	-0.23806630253333333
98000000	98049999	0.2865256164809524	0.5264996154	-0.23997399891904758
98050000	98099999	0.2934453085428571	0.5264996154	-0.2330543068571429
98100000	98149999	0.2977535924523809	0.5264996154	-0.2287460229476191
98150000	98199999	0.2822991533904762	0.5264996154	-0.24420046200952383
98200000	98249999	0.27519147114761905	0.5264996154	-0.25130814425238096
98250000	98299999	0.26349189578571425	0.5264996154	-0.26300771961428576
98300000	98349999	0.25702846584761907	0.5264996154	-0.26947114955238094
98350000	98399999	0.24505805980952383	0.5264996154	-0.2814415555904762
98400000	98449999	0.2295929267333333	0.5264996154	-0.2969066886666667
98450000	98499999	0.21252437282857145	0.5264996154	-0.31397524257142856
98500000	98549999	0.2021703677714286	0.5264996154	-0.3243292476285714
98550000	98599999	0.1835220886333333	0.5264996154	-0.3429775267666667
98600000	98649999	0.16740270821904762	0.5264996154	-0.3590969071809524
98650000	98699999	0.14988833800952378	0.5264996154	-0.37661127739047623
98700000	98749999	0.150735772747619	0.5264996154	-0.375763842652381
98750000	98799999	0.15526691698571427	0.5264996154	-0.37123269841428574
98800000	98849999	0.1597556984857143	0.5264996154	-0.3667439169142857
98850000	98899999	0.1663831666666667	0.5264996154	-0.3601164487333333
98900000	98949999	0.16955182051904766	0.5264996154	-0.35694779488095235
98950000	98999999	0.18332822976666668	0.5264996154	-0.3431713856333333
99000000	99049999	0.18679941131428568	0.5264996154	-0.33970020408571433
99050000	99099999	0.20064429023809527	0.5264996154	-0.32585532516190474
99100000	99149999	0.20977212095714282	0.5264996154	-0.3167274944428572
99150000	99199999	0.21978121976190473	0.5264996154	-0.3067183956380953
99200000	99249999	0.22973971259523807	0.5264996154	-0.29675990280476194
99250000	99299999	0.23817962027142858	0.5264996154	-0.2883199951285714
99300000	99349999	0.25255169791428567	0.5264996154	-0.27394791748571434
99350000	99399999	0.2592590285333333	0.5264996154	-0.2672405868666667
99400000	99449999	0.279692503847619	0.5264996154	-0.246807111552381
99450000	99499999	0.2936094342047619	0.5264996154	-0.23289018119523813
99500000	99549999	0.3021891607238095	0.5264996154	-0.22431045467619048
99550000	99599999	0.3022965446857143	0.5264996154	-0.2242030707142857
99600000	99649999	0.30885018190476193	0.5264996154	-0.21764943349523808
99650000	99699999	0.32389617756190475	0.5264996154	-0.20260343783809526
99700000	99749999	0.3276161901095238	0.5264996154	-0.1988834252904762
99750000	99799999	0.3257232385714286	0.5264996154	-0.2007763768285714
99800000	99849999	0.3210901421047619	0.5264996154	-0.20540947329523812
99850000	99899999	0.3177306253190476	0.5264996154	-0.2087689900809524
99900000	99949999	0.3183384253142857	0.5264996154	-0.20816119008571432
99950000	99999999	0.3239791725476191	0.5264996154	-0.2025204428523809
100000000	100049999	0.31438496927619053	0.5264996154	-0.21211464612380948
100050000	100099999	0.30888190931904763	0.5264996154	-0.21761770608095238
100100000	100149999	0.29169943069523807	0.5264996154	-0.23480018470476194
100150000	100199999	0.28414834789047627	0.5264996154	-0.24235126750952374
100200000	100249999	0.27319824633809525	0.5264996154	-0.25330136906190476
100250000	100299999	0.2783906585142857	0.5264996154	-0.24810895688571433
100300000	100349999	0.2868924290809524	0.5264996154	-0.2396071863190476
100350000	100399999	0.2793872329428571	0.5264996154	-0.2471123824571429
100400000	100449999	0.2863526186142856	0.5264996154	-0.24014699678571438
100450000	100499999	0.2801979373857143	0.5264996154	-0.2463016780142857
100500000	100549999	0.27591138858571423	0.5264996154	-0.2505882268142858
100550000	100599999	0.2692676027380952	0.5264996154	-0.2572320126619048
100600000	100649999	0.27011449030476187	0.5264996154	-0.25638512509523814
100650000	100699999	0.2575768238619047	0.5264996154	-0.2689227915380953
100700000	100749999	0.24184215584761903	0.5264996154	-0.284657459552381
100750000	100799999	0.2471500801809523	0.5264996154	-0.2793495352190477
100800000	100849999	0.24528119336666665	0.5264996154	-0.28121842203333336
100850000	100899999	0.23847187819047616	0.5264996154	-0.28802773720952385
100900000	100949999	0.23351051578571425	0.5264996154	-0.29298909961428576
100950000	100999999	0.2299969392285714	0.5264996154	-0.2965026761714286
101000000	101049999	0.22044320968095238	0.5264996154	-0.30605640571904763
101050000	101099999	0.2189452361047619	0.5264996154	-0.3075543792952381
101100000	101149999	0.2108634587952381	0.5264996154	-0.3156361566047619
101150000	101199999	0.21156807420952378	0.5264996154	-0.3149315411904762
101200000	101249999	0.2042156814904762	0.5264996154	-0.3222839339095238
101250000	101299999	0.20700581984761907	0.5264996154	-0.31949379555238094
101300000	101349999	0.18880908667619045	0.5264996154	-0.33769052872380956
101350000	101399999	0.16457458087619048	0.5264996154	-0.36192503452380953
101400000	101449999	0.15202834307619045	0.5264996154	-0.37447127232380956
101450000	101499999	0.1286274787380952	0.5264996154	-0.3978721366619048
101500000	101549999	0.108106494547619	0.5264996154	-0.418393120852381
101550000	101599999	0.08802917389523807	0.5264996154	-0.43847044150476194
101600000	101649999	0.0809687912952381	0.5264996154	-0.4455308241047619
101650000	101699999	0.07209181534761905	0.5264996154	-0.45440780005238096
101700000	101749999	0.07105085409523804	0.5264996154	-0.455448761304762
101750000	101799999	0.06295821970476184	0.5264996154	-0.46354139569523817
101800000	101849999	0.05181896249999984	0.5264996154	-0.47468065290000017
101850000	101899999	0.04738930378095235	0.5264996154	-0.47911031161904766
101900000	101949999	0.04865168621428567	0.5264996154	-0.47784792918571434
101950000	101999999	0.05319389755238091	0.5264996154	-0.4733057178476191
102000000	102049999	0.054342194661904764	0.5264996154	-0.47215742073809525
102050000	102099999	0.04732811903809525	0.5264996154	-0.47917149636190476
102100000	102149999	0.04196691030476196	0.5264996154	-0.48453270509523805
102150000	102199999	0.048076074357142895	0.5264996154	-0.4784235410428571
102200000	102249999	0.045032947442857074	0.5264996154	-0.48146666795714294
102250000	102299999	0.04397707104285714	0.5264996154	-0.48252254435714287
102300000	102349999	0.031702425957142844	0.5264996154	-0.49479718944285717
102350000	102399999	0.03274170752857147	0.5264996154	-0.49375790787142854
102400000	102449999	0.039000876090476255	0.5264996154	-0.48749873930952375
102450000	102499999	0.045419191419047655	0.5264996154	-0.48108042398095235
102500000	102549999	0.055108779614285786	0.5264996154	-0.4713908357857142
102550000	102599999	0.05481431287142863	0.5264996154	-0.4716853025285714
102600000	102649999	0.053572397438095276	0.5264996154	-0.47292721796190473
102650000	102699999	0.055810547771428576	0.5264996154	-0.47068906762857143
102700000	102749999	0.07246754874285721	0.5264996154	-0.4540320666571428
102750000	102799999	0.09306520390952383	0.5264996154	-0.4334344114904762
102800000	102849999	0.11490002394285725	0.5264996154	-0.41159959145714275
102850000	102899999	0.12464883466666671	0.5264996154	-0.4018507807333333
102900000	102949999	0.13354209815238094	0.5264996154	-0.39295751724761907
102950000	102999999	0.1399878309190476	0.5264996154	-0.3865117844809524
103000000	103049999	0.15100862615238103	0.5264996154	-0.375490989247619
103050000	103099999	0.15118957869047617	0.5264996154	-0.37531003670952384
103100000	103149999	0.15428373064285716	0.5264996154	-0.37221588475714285
103150000	103199999	0.1563381276380953	0.5264996154	-0.3701614877619047
103200000	103249999	0.1493181585333333	0.5264996154	-0.3771814568666667
103250000	103299999	0.14700247424285712	0.5264996154	-0.3794971411571429
103300000	103349999	0.14432022861428567	0.5264996154	-0.38217938678571434
103350000	103399999	0.1459285830809524	0.5264996154	-0.3805710323190476
103400000	103449999	0.14263883805714284	0.5264996154	-0.3838607773428572
103450000	103499999	0.14326688603809523	0.5264996154	-0.3832327293619048
103500000	103549999	0.13411409762857146	0.5264996154	-0.39238551777142855
103550000	103599999	0.12323940923333337	0.5264996154	-0.40326020616666663
103600000	103649999	0.12703905367142854	0.5264996154	-0.3994605617285715
103650000	103699999	0.13038889235238094	0.5264996154	-0.3961107230476191
103700000	103749999	0.12923084432857146	0.5264996154	-0.39726877107142855
103750000	103799999	0.11493031945238086	0.5264996154	-0.41156929594761915
103800000	103849999	0.09057880116666672	0.5264996154	-0.4359208142333333
103850000	103899999	0.06690782534285722	0.5264996154	-0.4595917900571428
103900000	103949999	0.053262698414285825	0.5264996154	-0.4732369169857142
103950000	103999999	0.04179288822857152	0.5264996154	-0.4847067271714285
104000000	104049999	0.03574392184761915	0.5264996154	-0.49075569355238086
104050000	104099999	0.020571212666666727	0.5264996154	-0.5059284027333333
104100000	104149999	0.01642816379047618	0.5264996154	-0.5100714516095238
104150000	104199999	0.022668499633333394	0.5264996154	-0.5038311157666666
104200000	104249999	0.021372381247619088	0.5264996154	-0.5051272341523809
104250000	104299999	0.024108924271428633	0.5264996154	-0.5023906911285714
104300000	104349999	0.0259144171619049	0.5264996154	-0.5005851982380951
104350000	104399999	0.026155485242857157	0.5264996154	-0.5003441301571429
104400000	104449999	0.032456609895238075	0.5264996154	-0.49404300550476193
104450000	104499999	0.028774694233333342	0.5264996154	-0.49772492116666667
104500000	104549999	0.027339683428571515	0.5264996154	-0.4991599319714285
104550000	104599999	0.03388890250476195	0.5264996154	-0.49261071289523806
104600000	104649999	0.04170431706666666	0.5264996154	-0.48479529833333335
104650000	104699999	0.04354526660952379	0.5264996154	-0.4829543487904762
104700000	104749999	0.04185558002380957	0.5264996154	-0.48464403537619044
104750000	104799999	0.04329441672857143	0.5264996154	-0.4832051986714286
104800000	104849999	0.046125103014285795	0.5264996154	-0.4803745123857142
104850000	104899999	0.04865245589999995	0.5264996154	-0.47784715950000006
104900000	104949999	0.0515680312857143	0.5264996154	-0.4749315841142857
104950000	104999999	0.052482970080952374	0.5264996154	-0.47401664531904764
105000000	105049999	0.05924081689047622	0.5264996154	-0.4672587985095238
105050000	105099999	0.057128520966666596	0.5264996154	-0.4693710944333334
105100000	105149999	0.05717758512857146	0.5264996154	-0.46932203027142855
105150000	105199999	0.056515809033333364	0.5264996154	-0.46998380636666665
105200000	105249999	0.053973387861904865	0.5264996154	-0.47252622753809514
105250000	105299999	0.05253969098095246	0.5264996154	-0.47395992441904755
105300000	105349999	0.05121581967142874	0.5264996154	-0.47528379572857127
105350000	105399999	0.05626835306190481	0.5264996154	-0.4702312623380952
105400000	105449999	0.05530583885238094	0.5264996154	-0.47119377654761907
105450000	105499999	0.05137887655238088	0.5264996154	-0.47512073884761913
105500000	105549999	0.05417689796666664	0.5264996154	-0.47232271743333337
105550000	105599999	0.05854969959047612	0.5264996154	-0.4679499158095239
105600000	105649999	0.059842165423809546	0.5264996154	-0.46665744997619046
105650000	105699999	0.06022899439047619	0.5264996154	-0.4662706210095238
105700000	105749999	0.05705296448095232	0.5264996154	-0.4694466509190477
105750000	105799999	0.06190760356190472	0.5264996154	-0.4645920118380953
105800000	105849999	0.06413398859999997	0.5264996154	-0.46236562680000004
105850000	105899999	0.05733427249523815	0.5264996154	-0.46916534290476186
105900000	105949999	0.06062112620000004	0.5264996154	-0.46587848919999997
105950000	105999999	0.06061006072380948	0.5264996154	-0.46588955467619053
106000000	106049999	0.05533010504285707	0.5264996154	-0.47116951035714294
106050000	106099999	0.04823062805714279	0.5264996154	-0.4782689873428572
106100000	106149999	0.04346037087142851	0.5264996154	-0.4830392445285715
106150000	106199999	0.039431669223809473	0.5264996154	-0.48706794617619054
106200000	106249999	0.03933900535714291	0.5264996154	-0.4871606100428571
106250000	106299999	0.03445951771904765	0.5264996154	-0.49204009768095236
106300000	106349999	0.03336800572857135	0.5264996154	-0.49313160967142866
106350000	106399999	0.03089058650000004	0.5264996154	-0.49560902889999997
106400000	106449999	0.02572706003333325	0.5264996154	-0.5007725553666668
106450000	106499999	0.02933564162857144	0.5264996154	-0.49716397377142857
106500000	106549999	0.024988052928571425	0.5264996154	-0.5015115624714286
106550000	106599999	0.02986947164761905	0.5264996154	-0.49663014375238096
106600000	106649999	0.023996057533333337	0.5264996154	-0.5025035578666667
106650000	106699999	0.025795376771428735	0.5264996154	-0.5007042386285713
106700000	106749999	0.02993040270000008	0.5264996154	-0.49656921269999993
106750000	106799999	0.032173324461904906	0.5264996154	-0.4943262909380951
106800000	106849999	0.02942797510952383	0.5264996154	-0.4970716402904762
106850000	106899999	0.025430559252381024	0.5264996154	-0.501069056147619
106900000	106949999	0.021590492276190476	0.5264996154	-0.5049091231238095
106950000	106999999	0.018341100871428595	0.5264996154	-0.5081585145285714
107000000	107049999	0.015836126738095202	0.5264996154	-0.5106634886619048
107050000	107099999	0.009684757976190617	0.5264996154	-0.5168148574238094
107100000	107149999	0.010333072457142989	0.5264996154	-0.516166542942857
107150000	107199999	0.012840580523809542	0.5264996154	-0.5136590348761905
107200000	107249999	0.012505902061904828	0.5264996154	-0.5139937133380952
107250000	107299999	0.01427108103333341	0.5264996154	-0.5122285343666666
107300000	107349999	0.020474119676190505	0.5264996154	-0.5060254957238095
107350000	107399999	0.01868961636666666	0.5264996154	-0.5078099990333333
107400000	107449999	0.01991038517619048	0.5264996154	-0.5065892302238095
107450000	107499999	0.024240315852381067	0.5264996154	-0.5022592995476189
107500000	107549999	0.024434834176190634	0.5264996154	-0.5020647812238094
107550000	107599999	0.02835065449523816	0.5264996154	-0.49814896090476185
107600000	107649999	0.02375151240952389	0.5264996154	-0.5027481029904761
107650000	107699999	0.023597031428571502	0.5264996154	-0.5029025839714285
107700000	107749999	0.017477544657142907	0.5264996154	-0.5090220707428571
107750000	107799999	0.01092029324285726	0.5264996154	-0.5155793221571427
107800000	107849999	0.00373715497142868	0.5264996154	-0.5227624604285713
107850000	107899999	0.0011574693809524028	0.5264996154	-0.5253421460190476
107900000	107949999	0.002804333685714311	0.5264996154	-0.5236952817142857
107950000	107999999	0.01306831117619045	0.5264996154	-0.5134313042238096
108000000	108049999	0.19766821707619048	0.5264996154	-0.32883139832380953
108050000	108099999	0.4160669495333334	0.5264996154	-0.11043266586666661
108100000	108149999	0.7652009047857145	0.5264996154	0.23870128938571444
108150000	108199999	0.845303023852381	0.5264996154	0.318803408452381
108200000	108249999	0.8488178362333334	0.5264996154	0.3223182208333334
108250000	108299999	0.8537701194190477	0.5264996154	0.32727050401904767
108300000	108349999	0.8558892719047619	0.5264996154	0.32938965650476193
108350000	108399999	0.8667791376238095	0.5264996154	0.3402795222238095
108400000	108449999	0.8894628876904763	0.5264996154	0.3629632722904763
108450000	108499999	0.9045590409190476	0.5264996154	0.3780594255190476
108500000	108549999	0.9140430795761905	0.5264996154	0.38754346417619046
108550000	108599999	0.9168975525047618	0.5264996154	0.3903979371047618
108600000	108649999	0.9187422918095238	0.5264996154	0.3922426764095238
108650000	108699999	0.9262120262761904	0.5264996154	0.39971241087619036
108700000	108749999	0.9358062345	0.5264996154	0.4093066191
108750000	108799999	0.9461989185285715	0.5264996154	0.4196993031285715
108800000	108849999	0.9594055659904763	0.5264996154	0.4329059505904763
108850000	108899999	0.976097408614286	0.5264996154	0.44959779321428595
108900000	108949999	0.9876214677047619	0.5264996154	0.4611218523047619
108950000	108999999	1.0034098268761906	0.5264996154	0.4769102114761906
109000000	109049999	1.0097767228714287	0.5264996154	0.4832771074714287
109050000	109099999	0.8328561315619049	0.5264996154	0.30635651616190485
109100000	109149999	0.6283182139952381	0.5264996154	0.10181859859523812
109150000	109199999	0.2973099264238095	0.5264996154	-0.22918968897619052
109200000	109249999	0.22311969213333332	0.5264996154	-0.3033799232666667
109250000	109299999	0.2267697035333333	0.5264996154	-0.2997299118666667
109300000	109349999	0.2258834001142857	0.5264996154	-0.3006162152857143
109350000	109399999	0.22232124132380954	0.5264996154	-0.30417837407619047
109400000	109449999	0.20425138798571435	0.5264996154	-0.32224822741428566
109450000	109499999	0.18235376139523812	0.5264996154	-0.3441458540047619
109500000	109549999	0.16737911616666662	0.5264996154	-0.3591204992333334
109550000	109599999	0.15363272136190476	0.5264996154	-0.37286689403809525
109600000	109649999	0.1590295944047619	0.5264996154	-0.3674700209952381
109650000	109699999	0.15500158922857143	0.5264996154	-0.3714980261714286
109700000	109749999	0.15506353032380954	0.5264996154	-0.37143608507619047
109750000	109799999	0.14973400996666664	0.5264996154	-0.3767656054333334
109800000	109849999	0.14638731420952383	0.5264996154	-0.3801123011904762
109850000	109899999	0.14561505661904767	0.5264996154	-0.38088455878095234
109900000	109949999	0.13539056051428577	0.5264996154	-0.39110905488571424
109950000	109999999	0.12841895590952385	0.5264996154	-0.39808065949047616
110000000	110049999	0.1176857634809525	0.5264996154	-0.4088138519190475
110050000	110099999	0.12008627210000006	0.5264996154	-0.40641334329999995
110100000	110149999	0.1116538221095239	0.5264996154	-0.4148457932904761
110150000	110199999	0.10260209652857144	0.5264996154	-0.42389751887142857
110200000	110249999	0.09714816471904769	0.5264996154	-0.4293514506809523
110250000	110299999	0.09457607534285717	0.5264996154	-0.43192354005714284
110300000	110349999	0.09717406093809516	0.5264996154	-0.42932555446190485
110350000	110399999	0.0999971051857142	0.5264996154	-0.4265025102142858
110400000	110449999	0.10091398232380955	0.5264996154	-0.42558563307619046
110450000	110499999	0.10411900174285721	0.5264996154	-0.4223806136571428
110500000	110549999	0.1056285931761905	0.5264996154	-0.4208710222238095
110550000	110599999	0.1153547409666667	0.5264996154	-0.4111448744333333
110600000	110649999	0.12320542295714282	0.5264996154	-0.4032941924428572
110650000	110699999	0.12664386522857146	0.5264996154	-0.39985575017142855
110700000	110749999	0.13689078968095242	0.5264996154	-0.3896088257190476
110750000	110799999	0.13676345336666668	0.5264996154	-0.38973616203333333
110800000	110849999	0.13491343621904767	0.5264996154	-0.39158617918095234
110850000	110899999	0.13411192721428572	0.5264996154	-0.3923876881857143
110900000	110949999	0.1278000984571428	0.5264996154	-0.3986995169428572
110950000	110999999	0.1306739760904762	0.5264996154	-0.3958256393095238
111000000	111049999	0.13883913143333332	0.5264996154	-0.3876604839666667
111050000	111099999	0.1407729749666667	0.5264996154	-0.3857266404333333
111100000	111149999	0.14085318373809524	0.5264996154	-0.38564643166190476
111150000	111199999	0.14701125344285715	0.5264996154	-0.37948836195714286
111200000	111249999	0.1460093839380952	0.5264996154	-0.3804902314619048
111250000	111299999	0.14366290099047607	0.5264996154	-0.38283671440952394
111300000	111349999	0.14606027479523814	0.5264996154	-0.38043934060476187
111350000	111399999	0.14436619920952387	0.5264996154	-0.38213341619047614
111400000	111449999	0.1469116186952381	0.5264996154	-0.3795879967047619
111450000	111499999	0.14337967691428577	0.5264996154	-0.38311993848571424
111500000	111549999	0.143087022804762	0.5264996154	-0.383412592595238
111550000	111599999	0.14263628789047617	0.5264996154	-0.38386332750952384
111600000	111649999	0.1325476851095238	0.5264996154	-0.3939519302904762
111650000	111699999	0.1235731442238095	0.5264996154	-0.4029264711761905
111700000	111749999	0.11146981329523803	0.5264996154	-0.415029802104762
111750000	111799999	0.09791797828095244	0.5264996154	-0.42858163711904756
111800000	111849999	0.08852758157142865	0.5264996154	-0.43797203382857136
111850000	111899999	0.08226185175714296	0.5264996154	-0.44423776364285705
111900000	111949999	0.10029803102380952	0.5264996154	-0.4262015843761905
111950000	111999999	0.11797736525714286	0.5264996154	-0.40852225014285715
112000000	112049999	0.1097748976666667	0.5264996154	-0.4167247177333333
112050000	112099999	0.09455068234761904	0.5264996154	-0.43194893305238097
112100000	112149999	0.0814059356285714	0.5264996154	-0.4450936797714286
112150000	112199999	0.06528688797142856	0.5264996154	-0.46121272742857145
112200000	112249999	0.052378886009523784	0.5264996154	-0.4741207293904762
112250000	112299999	0.047375363138095206	0.5264996154	-0.4791242522619048
112300000	112349999	0.03998534245714286	0.5264996154	-0.48651427294285715
112350000	112399999	0.03168518370952378	0.5264996154	-0.49481443169047623
112400000	112449999	0.020421989061904733	0.5264996154	-0.5060776263380953
112450000	112499999	0.006781916071428529	0.5264996154	-0.5197176993285715
112500000	112549999	0.00799020317619048	0.5264996154	-0.5185094122238095
112550000	112599999	0.010172895938095228	0.5264996154	-0.5163267194619048
112600000	112649999	0.008158722814285757	0.5264996154	-0.5183408925857143
112650000	112699999	0.020212372266666723	0.5264996154	-0.5062872431333333
112700000	112749999	0.028977822328571434	0.5264996154	-0.4975217930714286
112750000	112799999	0.033318521023809555	0.5264996154	-0.49318109437619045
112800000	112849999	0.04381737910476191	0.5264996154	-0.4826822362952381
112850000	112899999	0.053235648619047726	0.5264996154	-0.4732639667809523
112900000	112949999	0.05286846277142865	0.5264996154	-0.47363115262857136
112950000	112999999	0.028710312366666713	0.5264996154	-0.4977893030333333
113000000	113049999	0.0069271010476191774	0.5264996154	-0.5195725143523808
113050000	113099999	0.00818690259999999	0.5264996154	-0.5183127128
113100000	113149999	0.011057041200000062	0.5264996154	-0.5154425742
113150000	113199999	0.015485753842857108	0.5264996154	-0.5110138615571429
113200000	113249999	0.010358268604761967	0.5264996154	-0.516141346795238
113250000	113299999	0.01597247113809519	0.5264996154	-0.5105271442619048
113300000	113349999	0.018435820276190396	0.5264996154	-0.5080637951238096
113350000	113399999	0.028730097395238074	0.5264996154	-0.49776951800476193
113400000	113449999	0.042851453676190476	0.5264996154	-0.48364816172380953
113450000	113499999	0.0508296244619047	0.5264996154	-0.4756699909380953
113500000	113549999	0.06204793862380947	0.5264996154	-0.46445167677619054
113550000	113599999	0.06408522543333339	0.5264996154	-0.4624143899666666
113600000	113649999	0.06874326822380955	0.5264996154	-0.45775634717619046
113650000	113699999	0.06904324452380955	0.5264996154	-0.45745637087619045
113700000	113749999	0.059221334785714286	0.5264996154	-0.4672782806142857
113750000	113799999	0.052267527709523864	0.5264996154	-0.47423208769047615
113800000	113849999	0.056527916752381	0.5264996154	-0.469971698647619
113850000	113899999	0.0735004039571428	0.5264996154	-0.4529992114428572
113900000	113949999	0.08450056939523809	0.5264996154	-0.4419990460047619
113950000	113999999	0.08600368423333338	0.5264996154	-0.44049593116666663
114000000	114049999	0.08500075270476198	0.5264996154	-0.441498862695238
114050000	114099999	0.08138608968571431	0.5264996154	-0.4451135257142857
114100000	114149999	0.08565429933333335	0.5264996154	-0.44084531606666666
114150000	114199999	0.11125354650476194	0.5264996154	-0.4152460688952381
114200000	114249999	0.12176881216666668	0.5264996154	-0.4047308032333333
114250000	114299999	0.12800842041428573	0.5264996154	-0.3984911949857143
114300000	114349999	0.12491583421904767	0.5264996154	-0.40158378118095234
114350000	114399999	0.12171321685238101	0.5264996154	-0.404786398547619
114400000	114449999	0.11364917594761903	0.5264996154	-0.412850439452381
114450000	114499999	0.10599143827619051	0.5264996154	-0.4205081771238095
114500000	114549999	0.11861366692380959	0.5264996154	-0.4078859484761904
114550000	114599999	0.12847392994761908	0.5264996154	-0.39802568545238093
114600000	114649999	0.1579294289333334	0.5264996154	-0.3685701864666666
114650000	114699999	0.1277280925952381	0.5264996154	-0.3987715228047619
114700000	114749999	0.13599551936999998	0.5264996154	-0.39050409603
114750000	114799999	0.142831158931579	0.5264996154	-0.383668456468421
114800000	114849999	0.1513531454	0.5264996154	-0.37514647
114850000	114899999	0.14738172182352943	0.5264996154	-0.3791178935764706
114900000	114949999	0.12368685347500002	0.5264996154	-0.402812761925
114950000	114999999	0.10744366176000003	0.5264996154	-0.41905595364
115000000	115049999	0.11654006384285714	0.5264996154	-0.40995955155714286
115050000	115099999	0.12564953838461534	0.5264996154	-0.40085007701538466
115100000	115149999	0.13669164539166673	0.5264996154	-0.3898079700083333
115150000	115199999	0.13997181359090916	0.5264996154	-0.38652780180909085
