start	end	obs	exp	var
0	49999	0.49523978178181804	0.5204557253818181	-0.025215943600000013
50000	99999	0.470617104206818	0.5204557253818181	-0.04983862117500004
100000	149999	0.4486460564279719	0.5204557253818181	-0.07180966895384616
150000	199999	0.43708616974610376	0.5204557253818181	-0.0833695556357143
200000	249999	0.42605838767515136	0.5204557253818181	-0.0943973377066667
250000	299999	0.41784044650681806	0.5204557253818181	-0.102615278875
300000	349999	0.41335551488181804	0.5204557253818181	-0.10710021050000001
350000	399999	0.41285672064292916	0.5204557253818181	-0.10759900473888889
400000	449999	0.4338712958923444	0.5204557253818181	-0.08658442948947365
450000	499999	0.44364791371681805	0.5204557253818181	-0.076807811665
500000	549999	0.43559363338181806	0.5204557253818181	-0.084862092
550000	599999	0.4230495070961038	0.5204557253818181	-0.09740621828571427
600000	649999	0.3176771460008657	0.5204557253818181	-0.20277857938095234
650000	699999	0.3402055236294371	0.5204557253818181	-0.18025020175238093
700000	749999	0.3417107652675323	0.5204557253818181	-0.17874496011428576
750000	799999	0.36265698611991326	0.5204557253818181	-0.1577987392619048
800000	849999	0.3900539696103895	0.5204557253818181	-0.13040175577142854
850000	899999	0.42338274090562755	0.5204557253818181	-0.0970729844761905
900000	949999	0.4316749504246752	0.5204557253818181	-0.08878077495714287
950000	999999	0.43971974865324664	0.5204557253818181	-0.08073597672857141
1000000	1049999	0.44605996148657995	0.5204557253818181	-0.07439576389523811
1050000	1099999	0.45078051808658	0.5204557253818181	-0.06967520729523807
1100000	1149999	0.45182024457705616	0.5204557253818181	-0.0686354808047619
1150000	1199999	0.4592708536294371	0.5204557253818181	-0.061184871752380965
1200000	1249999	0.4592887634151514	0.5204557253818181	-0.061166961966666655
1250000	1299999	0.4643221553246752	0.5204557253818181	-0.05613357005714287
1300000	1349999	0.4771627117627704	0.5204557253818181	-0.04329301361904764
1350000	1399999	0.49618243566753234	0.5204557253818181	-0.024273289714285717
1400000	1449999	0.49456689028181805	0.5204557253818181	-0.025888835100000007
1450000	1499999	0.4713280638151514	0.5204557253818181	-0.04912766156666665
1500000	1549999	0.45104961189134185	0.5204557253818181	-0.0694061134904762
1550000	1599999	0.4559474662484847	0.5204557253818181	-0.06450825913333336
1600000	1649999	0.4582147428056276	0.5204557253818181	-0.062240982576190484
1650000	1699999	0.44365325208181805	0.5204557253818181	-0.07680247330000001
1700000	1749999	0.42206903550086566	0.5204557253818181	-0.0983866898809524
1750000	1799999	0.400976729934199	0.5204557253818181	-0.11947899544761903
1800000	1849999	0.3751493161389609	0.5204557253818181	-0.14530640924285715
1850000	1899999	0.34882968849610374	0.5204557253818181	-0.17162603688571432
1900000	1949999	0.3172066395199133	0.5204557253818181	-0.20324908586190477
1950000	1999999	0.3010380872627705	0.5204557253818181	-0.21941763811904758
2000000	2049999	0.2820486639865799	0.5204557253818181	-0.23840706139523815
2050000	2099999	0.2619478339008656	0.5204557253818181	-0.25850789148095243
2100000	2149999	0.2539921345580085	0.5204557253818181	-0.26646359082380955
2150000	2199999	0.25048136931038945	0.5204557253818181	-0.2699743560714286
2200000	2249999	0.24203806891038948	0.5204557253818181	-0.2784176564714286
2250000	2299999	0.23281626866277044	0.5204557253818181	-0.2876394567190476
2300000	2349999	0.22008380432467523	0.5204557253818181	-0.30037192105714283
2350000	2399999	0.201019841534199	0.5204557253818181	-0.31943588384761906
2400000	2449999	0.1771763040389609	0.5204557253818181	-0.34327942134285716
2450000	2499999	0.17172823681991328	0.5204557253818181	-0.3487274885619048
2500000	2549999	0.1669681159818181	0.5204557253818181	-0.35348760939999996
2550000	2599999	0.16676447614372275	0.5204557253818181	-0.3536912492380953
2600000	2649999	0.1578282220389609	0.5204557253818181	-0.36262750334285715
2650000	2699999	0.1541356867865799	0.5204557253818181	-0.36632003859523815
2700000	2749999	0.15935933394372281	0.5204557253818181	-0.36109639143809524
2750000	2799999	0.1668227430437228	0.5204557253818181	-0.35363298233809526
2800000	2849999	0.1666985409103895	0.5204557253818181	-0.35375718447142857
2850000	2899999	0.16581406483419897	0.5204557253818181	-0.3546416605476191
2900000	2949999	0.15909316420086567	0.5204557253818181	-0.3613625611809524
2950000	2999999	0.1614342740627704	0.5204557253818181	-0.35902145131904767
3000000	3049999	0.1552394492675323	0.5204557253818181	-0.36521627611428575
3050000	3099999	0.15327120305800856	0.5204557253818181	-0.3671845223238095
3100000	3149999	0.1441838763627704	0.5204557253818181	-0.37627184901904764
3150000	3199999	0.14474609157705615	0.5204557253818181	-0.3757096338047619
3200000	3249999	0.14562077662943707	0.5204557253818181	-0.374834948752381
3250000	3299999	0.14877288635324665	0.5204557253818181	-0.3716828390285714
3300000	3349999	0.1547577305151513	0.5204557253818181	-0.36569799486666676
3350000	3399999	0.15648450589610374	0.5204557253818181	-0.3639712194857143
3400000	3449999	0.16556979999610377	0.5204557253818181	-0.3548859253857143
3450000	3499999	0.1737801786437228	0.5204557253818181	-0.34667554673809525
3500000	3549999	0.17180480173896095	0.5204557253818181	-0.3486509236428571
3550000	3599999	0.16762950922467523	0.5204557253818181	-0.3528262161571428
3600000	3649999	0.16013253498181806	0.5204557253818181	-0.3603231904
3650000	3699999	0.16711497934372282	0.5204557253818181	-0.35334074603809523
3700000	3749999	0.16885673767705617	0.5204557253818181	-0.3515989877047619
3750000	3799999	0.17558935514848473	0.5204557253818181	-0.34486637023333333
3800000	3849999	0.1816478419961038	0.5204557253818181	-0.33880788338571427
3850000	3899999	0.1849124189722942	0.5204557253818181	-0.33554330640952384
3900000	3949999	0.19108796730562755	0.5204557253818181	-0.3293677580761905
3950000	3999999	0.19973433376753236	0.5204557253818181	-0.3207213916142857
4000000	4049999	0.20285507561991334	0.5204557253818181	-0.3176006497619047
4050000	4099999	0.2139219244532466	0.5204557253818181	-0.30653380092857146
4100000	4149999	0.23695219085324665	0.5204557253818181	-0.2835035345285714
4150000	4199999	0.2526861925913419	0.5204557253818181	-0.26776953279047616
4200000	4249999	0.26085440994372283	0.5204557253818181	-0.2596013154380952
4250000	4299999	0.2723849537008657	0.5204557253818181	-0.24807077168095237
4300000	4349999	0.2743954911008657	0.5204557253818181	-0.24606023428095236
4350000	4399999	0.27186757125800853	0.5204557253818181	-0.24858815412380952
4400000	4449999	0.2693390349056276	0.5204557253818181	-0.25111669047619045
4450000	4499999	0.2593040088437228	0.5204557253818181	-0.26115171653809527
4500000	4549999	0.25215714380562754	0.5204557253818181	-0.2682985815761905
4550000	4599999	0.24634786204372283	0.5204557253818181	-0.2741078633380952
4600000	4649999	0.24538023318181806	0.5204557253818181	-0.2750754922
4650000	4699999	0.24994116638657993	0.5204557253818181	-0.27051455899523813
4700000	4749999	0.24341472984848472	0.5204557253818181	-0.27704099553333333
4750000	4799999	0.24166362452943713	0.5204557253818181	-0.27879210085238093
4800000	4849999	0.2397938280246752	0.5204557253818181	-0.28066189735714286
4850000	4899999	0.22871332469610378	0.5204557253818181	-0.2917424006857143
4900000	4949999	0.2322332471722942	0.5204557253818181	-0.28822247820952385
4950000	4999999	0.23005243035800854	0.5204557253818181	-0.2904032950238095
5000000	5049999	0.22865285651515138	0.5204557253818181	-0.2918028688666667
5050000	5099999	0.22826366302943712	0.5204557253818181	-0.29219206235238093
5100000	5149999	0.21800647175324656	0.5204557253818181	-0.3024492536285715
5150000	5199999	0.1984574249389609	0.5204557253818181	-0.32199830044285715
5200000	5249999	0.1959465050199133	0.5204557253818181	-0.32450922036190477
5250000	5299999	0.1862397731246752	0.5204557253818181	-0.33421595225714285
5300000	5349999	0.17306710730562763	0.5204557253818181	-0.3473886180761904
5350000	5399999	0.17260493010086575	0.5204557253818181	-0.3478507952809523
5400000	5449999	0.16784164252467526	0.5204557253818181	-0.3526140828571428
5450000	5499999	0.1705289967580086	0.5204557253818181	-0.34992672862380947
5500000	5549999	0.1663248613961038	0.5204557253818181	-0.35413086398571425
5550000	5599999	0.16371724956277045	0.5204557253818181	-0.3567384758190476
5600000	5649999	0.16589233272943704	0.5204557253818181	-0.354563392652381
5650000	5699999	0.16726958021991334	0.5204557253818181	-0.3531861451619047
5700000	5749999	0.1700686179484847	0.5204557253818181	-0.35038710743333334
5750000	5799999	0.1688667530532466	0.5204557253818181	-0.35158897232857145
5800000	5849999	0.16713421069134188	0.5204557253818181	-0.3533215146904762
5850000	5899999	0.1687530204961038	0.5204557253818181	-0.35170270488571426
5900000	5949999	0.17671292535800853	0.5204557253818181	-0.3437428000238095
5950000	5999999	0.17251902559610377	0.5204557253818181	-0.3479366997857143
6000000	6049999	0.17793768448181801	0.5204557253818181	-0.34251804090000004
6050000	6099999	0.1784418749913419	0.5204557253818181	-0.34201385039047616
6100000	6149999	0.17914023541038948	0.5204557253818181	-0.3413154899714286
6150000	6199999	0.18344605875324665	0.5204557253818181	-0.3370096666285714
6200000	6249999	0.1861462457627705	0.5204557253818181	-0.33430947961904756
6250000	6299999	0.1862425635961038	0.5204557253818181	-0.33421316178571425
6300000	6349999	0.1928611609961038	0.5204557253818181	-0.32759456438571427
6350000	6399999	0.19646197149610378	0.5204557253818181	-0.3239937538857143
6400000	6449999	0.19329276451515143	0.5204557253818181	-0.32716296086666663
6450000	6499999	0.20047135414848472	0.5204557253818181	-0.31998437123333334
6500000	6549999	0.20615918704848468	0.5204557253818181	-0.3142965383333334
6550000	6599999	0.2156561675865799	0.5204557253818181	-0.30479955779523815
6600000	6649999	0.22590728446753228	0.5204557253818181	-0.2945484409142858
6650000	6699999	0.2781887780532466	0.5204557253818181	-0.24226694732857146
6700000	6749999	0.3400270000722942	0.5204557253818181	-0.18042872530952386
6750000	6799999	0.34702862515800853	0.5204557253818181	-0.17342710022380953
6800000	6849999	0.35027959597705616	0.5204557253818181	-0.1701761294047619
6850000	6899999	0.3667588616770562	0.5204557253818181	-0.15369686370476188
6900000	6949999	0.3800358422675323	0.5204557253818181	-0.14041988311428577
6950000	6999999	0.3879240111484847	0.5204557253818181	-0.13253171423333338
7000000	7049999	0.4149837474437228	0.5204557253818181	-0.10547197793809526
7050000	7099999	0.4297443116484847	0.5204557253818181	-0.09071141373333336
7100000	7149999	0.4441517647151514	0.5204557253818181	-0.07630396066666667
7150000	7199999	0.4629780188151514	0.5204557253818181	-0.057477706566666675
7200000	7249999	0.4723780706294371	0.5204557253818181	-0.04807765475238096
7250000	7299999	0.4751233132484847	0.5204557253818181	-0.04533241213333333
7300000	7349999	0.47486294237229426	0.5204557253818181	-0.045592783009523796
7350000	7399999	0.47521907067229424	0.5204557253818181	-0.045236654709523816
7400000	7449999	0.47819101548657994	0.5204557253818181	-0.04226470989523812
7450000	7499999	0.48292316287705617	0.5204557253818181	-0.03753256250476189
7500000	7549999	0.48654736343896093	0.5204557253818181	-0.033908361942857124
7550000	7599999	0.48969871768181805	0.5204557253818181	-0.030757007700000005
7600000	7649999	0.49417134088658	0.5204557253818181	-0.026284384495238067
7650000	7699999	0.49211407348181807	0.5204557253818181	-0.028341651899999987
7700000	7749999	0.4519512188056276	0.5204557253818181	-0.06850450657619045
7750000	7799999	0.40129057099134186	0.5204557253818181	-0.1191651543904762
7800000	7849999	0.4216201452056276	0.5204557253818181	-0.09883558017619049
7850000	7899999	0.5172308595532467	0.5204557253818181	-0.0032248658285713994
7900000	7949999	0.5693817258580085	0.5204557253818181	0.048926000476190445
7950000	7999999	0.6150173720437229	0.5204557253818181	0.09456164666190481
8000000	8049999	0.6500482789437229	0.5204557253818181	0.1295925535619048
8050000	8099999	0.6207234374437228	0.5204557253818181	0.10026771206190477
8100000	8149999	0.6080990195961038	0.5204557253818181	0.08764329421428574
8150000	8199999	0.596245974038961	0.5204557253818181	0.0757902486571429
8200000	8249999	0.5722851965722943	0.5204557253818181	0.051829471190476206
8250000	8299999	0.5624214655484847	0.5204557253818181	0.041965740166666654
8300000	8349999	0.5595000549294371	0.5204557253818181	0.03904432954761905
8350000	8399999	0.5619528448056276	0.5204557253818181	0.041497119423809514
8400000	8449999	0.5594697540770561	0.5204557253818181	0.03901402869523807
8450000	8499999	0.5584520816865799	0.5204557253818181	0.037996356304761836
8500000	8549999	0.557634276934199	0.5204557253818181	0.03717855155238092
8550000	8599999	0.5525340422961038	0.5204557253818181	0.032078316914285754
8600000	8649999	0.55049370898658	0.5204557253818181	0.030037983604761953
8650000	8699999	0.546751625929437	0.5204557253818181	0.02629590054761899
8700000	8749999	0.5456863595103895	0.5204557253818181	0.025230634128571405
8750000	8799999	0.5504389802151514	0.5204557253818181	0.029983254833333306
8800000	8849999	0.5516019788770562	0.5204557253818181	0.03114625349523814
8850000	8899999	0.5359812584246751	0.5204557253818181	0.015525533042857087
8900000	8949999	0.43935976255800857	0.5204557253818181	-0.08109596282380949
8950000	8999999	0.3644912934103895	0.5204557253818181	-0.15596443197142856
9000000	9049999	0.30287720856277045	0.5204557253818181	-0.2175785168190476
9050000	9099999	0.24882894695800856	0.5204557253818181	-0.2716267784238095
9100000	9149999	0.24741516766277044	0.5204557253818181	-0.2730405577190476
9150000	9199999	0.21389899215324665	0.5204557253818181	-0.3065567332285714
9200000	9249999	0.19160154074848473	0.5204557253818181	-0.3288541846333333
9250000	9299999	0.20839664784848466	0.5204557253818181	-0.3120590775333334
9300000	9349999	0.23107806085324661	0.5204557253818181	-0.28937766452857144
9350000	9399999	0.2476451303913419	0.5204557253818181	-0.27281059499047616
9400000	9449999	0.27672733933896093	0.5204557253818181	-0.24372838604285713
9450000	9499999	0.2944712500199133	0.5204557253818181	-0.22598447536190475
9500000	9549999	0.31561574245800855	0.5204557253818181	-0.2048399829238095
9550000	9599999	0.32468007232943713	0.5204557253818181	-0.19577565305238093
9600000	9649999	0.32357104854848473	0.5204557253818181	-0.19688467683333333
9650000	9699999	0.3335289101818181	0.5204557253818181	-0.18692681519999998
9700000	9749999	0.34496598353419905	0.5204557253818181	-0.175489741847619
9750000	9799999	0.34603565083896093	0.5204557253818181	-0.17442007454285713
9800000	9849999	0.3338658753722943	0.5204557253818181	-0.18658985000952377
9850000	9899999	0.3235245025056276	0.5204557253818181	-0.19693122287619047
9900000	9949999	0.3286146485437228	0.5204557253818181	-0.19184107683809526
9950000	9999999	0.32623161761991326	0.5204557253818181	-0.1942241077619048
10000000	10049999	0.33798919212467515	0.5204557253818181	-0.1824665332571429
10050000	10099999	0.33216962593419896	0.5204557253818181	-0.1882860994476191
10100000	10149999	0.3569705549913419	0.5204557253818181	-0.16348517039047616
10150000	10199999	0.38052470818657996	0.5204557253818181	-0.1399310171952381
10200000	10249999	0.4216522113770561	0.5204557253818181	-0.09880351400476195
10250000	10299999	0.455441032734199	0.5204557253818181	-0.06501469264761905
10300000	10349999	0.45864638841038946	0.5204557253818181	-0.0618093369714286
10350000	10399999	0.44473722437229424	0.5204557253818181	-0.07571850100952382
10400000	10449999	0.44893128963419904	0.5204557253818181	-0.07152443574761902
10450000	10499999	0.4465488042103895	0.5204557253818181	-0.07390692117142855
10500000	10549999	0.4400310429103895	0.5204557253818181	-0.08042468247142853
10550000	10599999	0.43169729898657994	0.5204557253818181	-0.08875842639523812
10600000	10649999	0.44495760758181807	0.5204557253818181	-0.07549811779999999
10650000	10699999	0.4676899550056276	0.5204557253818181	-0.05276577037619046
10700000	10749999	0.4523912422294371	0.5204557253818181	-0.06806448315238095
10750000	10799999	0.46190815265800855	0.5204557253818181	-0.058547572723809505
10800000	10849999	0.47809015202943705	0.5204557253818181	-0.042365573352381
10850000	10899999	0.4921116382770562	0.5204557253818181	-0.028344087104761884
10900000	10949999	0.494608981134199	0.5204557253818181	-0.02584674424761907
10950000	10999999	0.49093168127705616	0.5204557253818181	-0.029524044104761893
11000000	11049999	0.4681925039008657	0.5204557253818181	-0.05226322148095236
11050000	11099999	0.468969608734199	0.5204557253818181	-0.05148611664761904
11100000	11149999	0.4722779167199133	0.5204557253818181	-0.04817780866190474
11150000	11199999	0.45766531946277045	0.5204557253818181	-0.06279040591904761
11200000	11249999	0.4457786137532466	0.5204557253818181	-0.07467711162857144
11250000	11299999	0.441696498934199	0.5204557253818181	-0.07875922644761907
11300000	11349999	0.4332461164532466	0.5204557253818181	-0.08720960892857144
11350000	11399999	0.4249963671199133	0.5204557253818181	-0.09545935826190477
11400000	11449999	0.42692322901991325	0.5204557253818181	-0.0935324963619048
11450000	11499999	0.4183100120294371	0.5204557253818181	-0.10214571335238098
11500000	11549999	0.3940681672056276	0.5204557253818181	-0.12638755817619046
11550000	11599999	0.38880742563896087	0.5204557253818181	-0.1316482997428572
11600000	11649999	0.3762922100103895	0.5204557253818181	-0.14416351537142857
11650000	11699999	0.3549933214199133	0.5204557253818181	-0.16546240396190476
11700000	11749999	0.33645309556753233	0.5204557253818181	-0.18400262981428572
11750000	11799999	0.34966286630086574	0.5204557253818181	-0.17079285908095232
11800000	11849999	0.34944675661515134	0.5204557253818181	-0.1710089687666667
11850000	11899999	0.3395958498056276	0.5204557253818181	-0.18085987557619043
11900000	11949999	0.3260021816484847	0.5204557253818181	-0.19445354373333334
11950000	11999999	0.3266513921770562	0.5204557253818181	-0.19380433320476187
12000000	12049999	0.321759149234199	0.5204557253818181	-0.19869657614761904
12050000	12099999	0.3475199897103895	0.5204557253818181	-0.17293573567142856
12100000	12149999	0.346502720334199	0.5204557253818181	-0.17395300504761907
12150000	12199999	0.3616169148103895	0.5204557253818181	-0.15883881057142857
12200000	12249999	0.3637830767770562	0.5204557253818181	-0.15667264860476188
12250000	12299999	0.35959267646753235	0.5204557253818181	-0.1608630489142857
12300000	12349999	0.3592096964484847	0.5204557253818181	-0.16124602893333334
12350000	12399999	0.3620518527675324	0.5204557253818181	-0.15840387261428568
12400000	12449999	0.35980693971038946	0.5204557253818181	-0.1606487856714286
12450000	12499999	0.3578071496103895	0.5204557253818181	-0.16264857577142855
12500000	12549999	0.3504542902151514	0.5204557253818181	-0.17000143516666666
12550000	12599999	0.3517463599961038	0.5204557253818181	-0.16870936538571424
12600000	12649999	0.3495404814532467	0.5204557253818181	-0.17091524392857138
12650000	12699999	0.35213683160086573	0.5204557253818181	-0.16831889378095233
12700000	12749999	0.3518573678770562	0.5204557253818181	-0.16859835750476188
12750000	12799999	0.35428846800562763	0.5204557253818181	-0.16616725737619042
12800000	12849999	0.34438599923419905	0.5204557253818181	-0.176069726147619
12850000	12899999	0.32398063908181807	0.5204557253818181	-0.1964750863
12900000	12949999	0.30531080878658	0.5204557253818181	-0.21514491659523804
12950000	12999999	0.3022989433151514	0.5204557253818181	-0.21815678206666667
13000000	13049999	0.29271027330562754	0.5204557253818181	-0.2277454520761905
13050000	13099999	0.27676430434848476	0.5204557253818181	-0.2436914210333333
13100000	13149999	0.27149062343419905	0.5204557253818181	-0.248965101947619
13150000	13199999	0.26433169600562756	0.5204557253818181	-0.2561240293761905
13200000	13249999	0.24084140932467524	0.5204557253818181	-0.2796143160571428
13250000	13299999	0.23335636729134185	0.5204557253818181	-0.2870993580904762
13300000	13349999	0.22677956841515146	0.5204557253818181	-0.2936761569666666
13350000	13399999	0.2121037020199133	0.5204557253818181	-0.30835202336190476
13400000	13449999	0.19849120402467518	0.5204557253818181	-0.3219645213571429
13450000	13499999	0.1934412927246752	0.5204557253818181	-0.32701443265714286
13500000	13549999	0.18456295571991332	0.5204557253818181	-0.33589276966190473
13550000	13599999	0.17918552831515144	0.5204557253818181	-0.3412701970666666
13600000	13649999	0.1656419088151514	0.5204557253818181	-0.35481381656666666
13650000	13699999	0.16015019788181806	0.5204557253818181	-0.3603055275
13700000	13749999	0.1540599342151514	0.5204557253818181	-0.36639579116666665
13750000	13799999	0.14312429774848467	0.5204557253818181	-0.3773314276333334
13800000	13849999	0.13511559347705615	0.5204557253818181	-0.3853401319047619
13850000	13899999	0.13418578660562758	0.5204557253818181	-0.3862699387761905
13900000	13949999	0.1332606471961037	0.5204557253818181	-0.38719507818571436
13950000	13999999	0.1356761612675323	0.5204557253818181	-0.38477956411428577
14000000	14049999	0.14571120279134187	0.5204557253818181	-0.3747445225904762
14050000	14099999	0.17522494668657995	0.5204557253818181	-0.3452307786952381
14100000	14149999	0.20020496696277046	0.5204557253818181	-0.3202507584190476
14150000	14199999	0.20977137456753242	0.5204557253818181	-0.31068435081428564
14200000	14249999	0.21322622692467524	0.5204557253818181	-0.3072294984571428
14250000	14299999	0.23334634571515145	0.5204557253818181	-0.2871093796666666
14300000	14349999	0.24080055681038953	0.5204557253818181	-0.2796551685714285
14350000	14399999	0.242768005934199	0.5204557253818181	-0.27768771944761905
14400000	14449999	0.24450735631515136	0.5204557253818181	-0.2759483690666667
14450000	14499999	0.26419344643419906	0.5204557253818181	-0.256262278947619
14500000	14549999	0.26513172812943714	0.5204557253818181	-0.2553239972523809
14550000	14599999	0.27266428510562757	0.5204557253818181	-0.2477914402761905
14600000	14649999	0.27923931128181806	0.5204557253818181	-0.2412164141
14650000	14699999	0.28727499693896086	0.5204557253818181	-0.2331807284428572
14700000	14749999	0.2899920265722943	0.5204557253818181	-0.23046369880952378
14750000	14799999	0.294057294134199	0.5204557253818181	-0.22639843124761905
14800000	14849999	0.3002253260246752	0.5204557253818181	-0.22023039935714284
14850000	14899999	0.3066437545580086	0.5204557253818181	-0.21381197082380948
14900000	14949999	0.31424619098658	0.5204557253818181	-0.20620953439523804
14950000	14999999	0.314147783234199	0.5204557253818181	-0.20630794214761905
15000000	15049999	0.31515954497705617	0.5204557253818181	-0.20529618040476189
15050000	15099999	0.3049152551103895	0.5204557253818181	-0.21554047027142853
15100000	15149999	0.2783013301437228	0.5204557253818181	-0.24215439523809523
15150000	15199999	0.25470856746753234	0.5204557253818181	-0.2657471579142857
15200000	15249999	0.24435607901038947	0.5204557253818181	-0.2760996463714286
15250000	15299999	0.2389130639389609	0.5204557253818181	-0.28154266144285717
15300000	15349999	0.2318251848532466	0.5204557253818181	-0.28863054052857146
15350000	15399999	0.22774517720086568	0.5204557253818181	-0.2927105481809524
15400000	15449999	0.2269944432008657	0.5204557253818181	-0.29346128218095235
15450000	15499999	0.2273471570722943	0.5204557253818181	-0.29310856830952375
15500000	15549999	0.2062330834389609	0.5204557253818181	-0.31422264194285715
15550000	15599999	0.2089579379199133	0.5204557253818181	-0.31149778746190476
15600000	15649999	0.19834732401038951	0.5204557253818181	-0.32210840137142854
15650000	15699999	0.18893123883896085	0.5204557253818181	-0.3315244865428572
15700000	15749999	0.17687865803419894	0.5204557253818181	-0.3435770673476191
15750000	15799999	0.16800918217229427	0.5204557253818181	-0.3524465432095238
15800000	15849999	0.1641325237151514	0.5204557253818181	-0.35632320166666664
15850000	15899999	0.1660947041484847	0.5204557253818181	-0.35436102123333335
15900000	15949999	0.15885803452467523	0.5204557253818181	-0.36159769085714283
15950000	15999999	0.14938363124372278	0.5204557253818181	-0.3710720941380953
16000000	16049999	0.13781365177229427	0.5204557253818181	-0.3826420736095238
16050000	16099999	0.13475251919610376	0.5204557253818181	-0.3857032061857143
16100000	16149999	0.13763358328657993	0.5204557253818181	-0.3828221420952381
16150000	16199999	0.13007451008657994	0.5204557253818181	-0.3903812152952381
16200000	16249999	0.14332521811038945	0.5204557253818181	-0.3771305072714286
16250000	16299999	0.1388955108437228	0.5204557253818181	-0.38156021453809524
16300000	16349999	0.1391272770246752	0.5204557253818181	-0.38132844835714286
16350000	16399999	0.12823972870086564	0.5204557253818181	-0.3922159966809524
16400000	16449999	0.12637741950086573	0.5204557253818181	-0.39407830588095233
16450000	16499999	0.12753123189610377	0.5204557253818181	-0.3929244934857143
16500000	16549999	0.12826296332467524	0.5204557253818181	-0.3921927620571428
16550000	16599999	0.1343040460532467	0.5204557253818181	-0.38615167932857136
16600000	16649999	0.12631710779610378	0.5204557253818181	-0.3941386175857143
16650000	16699999	0.11994255122943714	0.5204557253818181	-0.4005131741523809
16700000	16749999	0.1181610311341989	0.5204557253818181	-0.40229469424761916
16750000	16799999	0.12452259819134182	0.5204557253818181	-0.39593312719047624
16800000	16849999	0.12447495535800851	0.5204557253818181	-0.39598077002380955
16850000	16899999	0.12196187791991325	0.5204557253818181	-0.3984938474619048
16900000	16949999	0.11358780869134183	0.5204557253818181	-0.40686791669047623
16950000	16999999	0.11109146849610368	0.5204557253818181	-0.4093642568857144
17000000	17049999	0.10966007240562764	0.5204557253818181	-0.4107956529761904
17050000	17099999	0.11000844109134189	0.5204557253818181	-0.41044728429047617
17100000	17149999	0.10712070163419896	0.5204557253818181	-0.4133350237476191
17150000	17199999	0.10333971038657996	0.5204557253818181	-0.4171160149952381
17200000	17249999	0.11149602585800861	0.5204557253818181	-0.40895969952380945
17250000	17299999	0.0954344253341991	0.5204557253818181	-0.42502130004761896
17300000	17349999	0.1000997467056276	0.5204557253818181	-0.42035597867619046
17350000	17399999	0.0971076563389609	0.5204557253818181	-0.42334806904285716
17400000	17449999	0.0995751994722941	0.5204557253818181	-0.42088052590952396
17450000	17499999	0.09632910635800845	0.5204557253818181	-0.4241266190238096
17500000	17549999	0.09201434485800858	0.5204557253818181	-0.4284413805238095
17550000	17599999	0.09158886126753235	0.5204557253818181	-0.4288668641142857
17600000	17649999	0.08949707906753235	0.5204557253818181	-0.4309586463142857
17650000	17699999	0.09114040069134188	0.5204557253818181	-0.4293153246904762
17700000	17749999	0.1018800740484847	0.5204557253818181	-0.41857565133333335
17750000	17799999	0.10611221526277048	0.5204557253818181	-0.4143435101190476
17800000	17849999	0.10897794799134175	0.5204557253818181	-0.4114777773904763
17850000	17899999	0.11538916312943709	0.5204557253818181	-0.40506656225238097
17900000	17949999	0.12585035330086564	0.5204557253818181	-0.3946053720809524
17950000	17999999	0.13676432912467518	0.5204557253818181	-0.3836913962571429
18000000	18049999	0.1419130325675323	0.5204557253818181	-0.37854269281428576
18050000	18099999	0.15508793654372283	0.5204557253818181	-0.36536778883809523
18100000	18149999	0.1664041753389609	0.5204557253818181	-0.35405155004285715
18150000	18199999	0.17985384939610372	0.5204557253818181	-0.34060187598571434
18200000	18249999	0.19595094196753232	0.5204557253818181	-0.32450478341428574
18250000	18299999	0.20628892868658	0.5204557253818181	-0.31416679669523806
18300000	18349999	0.22732161444372279	0.5204557253818181	-0.29313411093809527
18350000	18399999	0.24815030533896087	0.5204557253818181	-0.2723054200428572
18400000	18449999	0.2660749793056275	0.5204557253818181	-0.25438074607619054
18450000	18499999	0.28298940118181803	0.5204557253818181	-0.23746632420000002
18500000	18549999	0.29866637318181805	0.5204557253818181	-0.2217893522
18550000	18599999	0.3084501349246752	0.5204557253818181	-0.21200559045714285
18600000	18649999	0.3160654813199133	0.5204557253818181	-0.20439024406190476
18650000	18699999	0.3185611428484847	0.5204557253818181	-0.20189458253333337
18700000	18749999	0.3299165804389609	0.5204557253818181	-0.19053914494285717
18750000	18799999	0.33841539577229424	0.5204557253818181	-0.18204032960952382
18800000	18849999	0.3556484167627705	0.5204557253818181	-0.16480730861904758
18850000	18899999	0.381162500781818	0.5204557253818181	-0.13929322460000004
18900000	18949999	0.3976454720056276	0.5204557253818181	-0.12281025337619045
18950000	18999999	0.3941065128056276	0.5204557253818181	-0.12634921257619047
19000000	19049999	0.38948165327705614	0.5204557253818181	-0.13097407210476192
19050000	19099999	0.38959614180086566	0.5204557253818181	-0.1308595835809524
19100000	19149999	0.3824739337246752	0.5204557253818181	-0.13798179165714286
19150000	19199999	0.3861488910246752	0.5204557253818181	-0.13430683435714286
19200000	19249999	0.37543282835800856	0.5204557253818181	-0.1450228970238095
19250000	19299999	0.35583903203896095	0.5204557253818181	-0.1646166933428571
19300000	19349999	0.3414489208675323	0.5204557253818181	-0.17900680451428574
19350000	19399999	0.32005420828657993	0.5204557253818181	-0.20040151709523812
19400000	19449999	0.296497255334199	0.5204557253818181	-0.22395847004761904
19450000	19499999	0.2723397713008657	0.5204557253818181	-0.24811595408095238
19500000	19549999	0.2540480748818181	0.5204557253818181	-0.2664076505
19550000	19599999	0.24052117285800856	0.5204557253818181	-0.2799345525238095
19600000	19649999	0.2334166767056276	0.5204557253818181	-0.28703904867619046
19650000	19699999	0.2236999672913419	0.5204557253818181	-0.29675575809047616
19700000	19749999	0.21011030622467525	0.5204557253818181	-0.3103454191571428
19750000	19799999	0.1896656411627704	0.5204557253818181	-0.33079008421904765
19800000	19849999	0.17785015001038945	0.5204557253818181	-0.3426055753714286
19850000	19899999	0.1534562460151514	0.5204557253818181	-0.36699947936666666
19900000	19949999	0.12868895628657995	0.5204557253818181	-0.3917667690952381
19950000	19999999	0.10334944644848465	0.5204557253818181	-0.4171062789333334
20000000	20049999	0.09291331111515139	0.5204557253818181	-0.42754241426666667
20050000	20099999	0.09344446789134186	0.5204557253818181	-0.4270112574904762
20100000	20149999	0.08702737731038962	0.5204557253818181	-0.43342834807142844
20150000	20199999	0.08411750149610386	0.5204557253818181	-0.4363382238857142
20200000	20249999	0.07287632586277049	0.5204557253818181	-0.44757939951904757
20250000	20299999	0.07678072713419903	0.5204557253818181	-0.443674998247619
20300000	20349999	0.07105381756753243	0.5204557253818181	-0.44940190781428563
20350000	20399999	0.07594575254848474	0.5204557253818181	-0.4445099728333333
20400000	20449999	0.07294567870086571	0.5204557253818181	-0.44751004668095234
20450000	20499999	0.07057181361991333	0.5204557253818181	-0.44988391176190473
20500000	20549999	0.0778552472484847	0.5204557253818181	-0.44260047813333336
20550000	20599999	0.0786836134913419	0.5204557253818181	-0.44177211189047616
20600000	20649999	0.08036880326753232	0.5204557253818181	-0.44008692211428574
20650000	20699999	0.08115855495800856	0.5204557253818181	-0.4392971704238095
20700000	20749999	0.0826182219341991	0.5204557253818181	-0.43783750344761896
20750000	20799999	0.08828938864372288	0.5204557253818181	-0.4321663367380952
20800000	20849999	0.10427067766753234	0.5204557253818181	-0.4161850477142857
20850000	20899999	0.11140637210562754	0.5204557253818181	-0.4090493532761905
20900000	20949999	0.1249001043103895	0.5204557253818181	-0.39555562107142855
20950000	20999999	0.14305847335800848	0.5204557253818181	-0.3773972520238096
21000000	21049999	0.16906800651991327	0.5204557253818181	-0.3513877188619048
21050000	21099999	0.1894170166627704	0.5204557253818181	-0.33103870871904767
21100000	21149999	0.20579017424372276	0.5204557253818181	-0.3146655511380953
21150000	21199999	0.22871781090562754	0.5204557253818181	-0.2917379144761905
21200000	21249999	0.23900708068181803	0.5204557253818181	-0.28144864470000003
21250000	21299999	0.26011379768657994	0.5204557253818181	-0.2603419276952381
21300000	21349999	0.2603782477961038	0.5204557253818181	-0.26007747758571426
21350000	21399999	0.2866540314294371	0.5204557253818181	-0.23380169395238098
21400000	21449999	0.2913610141484847	0.5204557253818181	-0.22909471123333336
21450000	21499999	0.31741508483896097	0.5204557253818181	-0.2030406405428571
21500000	21549999	0.3379820217246752	0.5204557253818181	-0.18247370365714288
21550000	21599999	0.35773144600562756	0.5204557253818181	-0.1627242793761905
21600000	21649999	0.37510309436753236	0.5204557253818181	-0.1453526310142857
21650000	21699999	0.38676351518658	0.5204557253818181	-0.13369221019523808
21700000	21749999	0.4014402966580085	0.5204557253818181	-0.11901542872380955
21750000	21799999	0.4018235616961037	0.5204557253818181	-0.11863216368571433
21800000	21849999	0.41279269538658	0.5204557253818181	-0.10766302999523808
21850000	21899999	0.4103467151532466	0.5204557253818181	-0.11010901022857145
21900000	21949999	0.40565102291038946	0.5204557253818181	-0.1148047024714286
21950000	21999999	0.39733894120086566	0.5204557253818181	-0.1231167841809524
22000000	22049999	0.38485367012943705	0.5204557253818181	-0.135602055252381
22050000	22099999	0.3750397329199133	0.5204557253818181	-0.14541599246190473
22100000	22149999	0.3808082243199133	0.5204557253818181	-0.13964750106190477
22150000	22199999	0.3946654481722942	0.5204557253818181	-0.12579027720952385
22200000	22249999	0.3995806764913419	0.5204557253818181	-0.12087504889047618
22250000	22299999	0.4362477520961038	0.5204557253818181	-0.08420797328571428
22300000	22349999	0.46249402367229425	0.5204557253818181	-0.057961701709523805
22350000	22399999	0.480088899834199	0.5204557253818181	-0.040366825547619056
22400000	22449999	0.49419075965324666	0.5204557253818181	-0.0262649657285714
22450000	22499999	0.5058595150246752	0.5204557253818181	-0.01459621035714287
22500000	22549999	0.5283071514913419	0.5204557253818181	0.00785142610952383
22550000	22599999	0.53892275138658	0.5204557253818181	0.01846702600476191
22600000	22649999	0.5549967692389609	0.5204557253818181	0.03454104385714285
22650000	22699999	0.5617485080675324	0.5204557253818181	0.041292782685714347
22700000	22749999	0.5734146079675324	0.5204557253818181	0.05295888258571435
22750000	22799999	0.5862315185722943	0.5204557253818181	0.06577579319047622
22800000	22849999	0.6106353915103895	0.5204557253818181	0.09017966612857142
22850000	22899999	0.6353532419865799	0.5204557253818181	0.11489751660476188
22900000	22949999	0.6655532159103895	0.5204557253818181	0.14509749052857146
22950000	22999999	0.700850318781818	0.5204557253818181	0.18039459339999997
23000000	23049999	0.7356555590532466	0.5204557253818181	0.2151998336714286
23050000	23099999	0.7939106061199133	0.5204557253818181	0.2734548807380952
23100000	23149999	0.82235915138658	0.5204557253818181	0.30190342600476194
23150000	23199999	0.8366812338818181	0.5204557253818181	0.3162255085000001
23200000	23249999	0.8810496220151514	0.5204557253818181	0.3605938966333333
23250000	23299999	0.9175577524580085	0.5204557253818181	0.39710202707619047
23300000	23349999	0.9255299655770561	0.5204557253818181	0.4050742401952381
23350000	23399999	0.9501772827722943	0.5204557253818181	0.42972155739047624
23400000	23449999	0.9896416694627704	0.5204557253818181	0.4691859440809524
23450000	23499999	1.0157485188961037	0.5204557253818181	0.4952927935142857
23500000	23549999	1.0565600173008658	0.5204557253818181	0.5361042919190477
23550000	23599999	1.0824523782722943	0.5204557253818181	0.5619966528904763
23600000	23649999	1.1112282160675324	0.5204557253818181	0.5907724906857144
23650000	23699999	1.1345544421199134	0.5204557253818181	0.6140987167380954
23700000	23749999	1.1533091164580087	0.5204557253818181	0.6328533910761907
23750000	23799999	1.1808309645913417	0.5204557253818181	0.6603752392095237
23800000	23849999	1.1983333337484847	0.5204557253818181	0.6778776083666667
23850000	23899999	1.2237726860580085	0.5204557253818181	0.7033169606761904
23900000	23949999	1.2262825755675324	0.5204557253818181	0.7058268501857143
23950000	23999999	1.2238512390246752	0.5204557253818181	0.7033955136428571
24000000	24049999	1.2067488798770563	0.5204557253818181	0.6862931544952382
24050000	24099999	1.1981810974913416	0.5204557253818181	0.6777253721095235
24100000	24149999	1.1613460062532466	0.5204557253818181	0.6408902808714285
24150000	24199999	1.1531974714008657	0.5204557253818181	0.6327417460190476
24200000	24249999	1.1385704594294372	0.5204557253818181	0.6181147340476192
24250000	24299999	1.0916796095056276	0.5204557253818181	0.5712238841238095
24300000	24349999	1.0619792224484847	0.5204557253818181	0.5415234970666667
24350000	24399999	1.0355183199627707	0.5204557253818181	0.5150625945809526
24400000	24449999	1.0063182923532465	0.5204557253818181	0.4858625669714285
24450000	24499999	0.9868907211103896	0.5204557253818181	0.4664349957285715
24500000	24549999	0.9622236018722943	0.5204557253818181	0.4417678764904762
24550000	24599999	0.9279914983294372	0.5204557253818181	0.4075357729476191
24600000	24649999	0.8857471145913419	0.5204557253818181	0.36529138920952386
24650000	24699999	0.8605866090675324	0.5204557253818181	0.3401308836857143
24700000	24749999	0.8384371674437228	0.5204557253818181	0.3179814420619047
24750000	24799999	0.8325281901294371	0.5204557253818181	0.31207246474761907
24800000	24849999	0.8156969366199133	0.5204557253818181	0.2952412112380952
24850000	24899999	0.8044547665008657	0.5204557253818181	0.2839990411190476
24900000	24949999	0.7767511904961037	0.5204557253818181	0.2562954651142857
24950000	24999999	0.7644903819008657	0.5204557253818181	0.24403465651904765
25000000	25049999	0.7401825947389609	0.5204557253818181	0.2197268693571428
25050000	25099999	0.7397216844484847	0.5204557253818181	0.21926595906666668
25100000	25149999	0.7238545207056276	0.5204557253818181	0.20339879532380956
25150000	25199999	0.7081467976437229	0.5204557253818181	0.18769107226190485
25200000	25249999	0.6898003663961038	0.5204557253818181	0.1693446410142857
25250000	25299999	0.6900143182675323	0.5204557253818181	0.1695585928857143
25300000	25349999	0.6740978364770562	0.5204557253818181	0.15364211109523818
25350000	25399999	0.6704392624151514	0.5204557253818181	0.14998353703333334
25400000	25449999	0.6694468732913419	0.5204557253818181	0.14899114790952384
25450000	25499999	0.6436242703294371	0.5204557253818181	0.12316854494761909
25500000	25549999	0.6112149320389609	0.5204557253818181	0.09075920665714288
25550000	25599999	0.5916107656056276	0.5204557253818181	0.07115504022380958
25600000	25649999	0.5813725996389609	0.5204557253818181	0.06091687425714287
25650000	25699999	0.5923163442675324	0.5204557253818181	0.07186061888571438
25700000	25749999	0.57925653548658	0.5204557253818181	0.0588008101047619
25750000	25799999	0.5614626572056276	0.5204557253818181	0.041006931823809545
25800000	25849999	0.544025754934199	0.5204557253818181	0.023570029552380967
25850000	25899999	0.5321325602913419	0.5204557253818181	0.01167683490952387
25900000	25949999	0.5191506391103895	0.5204557253818181	-0.0013050862714285572
25950000	25999999	0.5171511761580085	0.5204557253818181	-0.0033045492238095164
26000000	26049999	0.5188841371484848	0.5204557253818181	-0.0015715882333332543
26050000	26099999	0.5459173413770562	0.5204557253818181	0.025461615995238107
26100000	26149999	0.5558194328151514	0.5204557253818181	0.03536370743333339
26150000	26199999	0.5763687831961039	0.5204557253818181	0.055913057814285794
26200000	26249999	0.5995397103580086	0.5204557253818181	0.07908398497619051
26250000	26299999	0.6301109034913419	0.5204557253818181	0.10965517810952385
26300000	26349999	0.6424791270437229	0.5204557253818181	0.12202340166190484
26350000	26399999	0.6667835269818181	0.5204557253818181	0.14632780160000003
26400000	26449999	0.6584579302389609	0.5204557253818181	0.13800220485714287
26450000	26499999	0.6488259428961038	0.5204557253818181	0.1283702175142858
26500000	26549999	0.6589302425532466	0.5204557253818181	0.13847451717142856
26550000	26599999	0.7057284835961037	0.5204557253818181	0.18527275821428568
26600000	26649999	0.7300060746151514	0.5204557253818181	0.20955034923333338
26650000	26699999	0.7462844573532467	0.5204557253818181	0.2258287319714286
26700000	26749999	0.7409174369437228	0.5204557253818181	0.22046171156190475
26750000	26799999	0.7565105077913419	0.5204557253818181	0.23605478240952382
26800000	26849999	0.7582492865246752	0.5204557253818181	0.2377935611428571
26850000	26899999	0.7728056907961038	0.5204557253818181	0.2523499654142858
26900000	26949999	0.7828311186103896	0.5204557253818181	0.2623753932285715
26950000	26999999	0.7889006229484847	0.5204557253818181	0.2684448975666667
27000000	27049999	0.79956930548658	0.5204557253818181	0.27911358010476195
27050000	27099999	0.8007785408246753	0.5204557253818181	0.2803228154428572
27100000	27149999	0.7833714032103894	0.5204557253818181	0.2629156778285714
27150000	27199999	0.7852626447151514	0.5204557253818181	0.26480691933333333
27200000	27249999	0.7787757681008658	0.5204557253818181	0.25832004271904774
27250000	27299999	0.7641556571913419	0.5204557253818181	0.24369993180952387
27300000	27349999	0.752807194738961	0.5204557253818181	0.2323514693571429
27350000	27399999	0.7486761549532467	0.5204557253818181	0.22822042957142863
27400000	27449999	0.7329619465151513	0.5204557253818181	0.21250622113333328
27450000	27499999	0.7432075825484847	0.5204557253818181	0.22275185716666668
27500000	27549999	0.76044222508658	0.5204557253818181	0.23998649970476194
27550000	27599999	0.7683091733961038	0.5204557253818181	0.24785344801428577
27600000	27649999	0.7432476220484847	0.5204557253818181	0.22279189666666666
27650000	27699999	0.7319463912056277	0.5204557253818181	0.2114906658238096
27700000	27749999	0.7385781509008658	0.5204557253818181	0.2181224255190477
27750000	27799999	0.7631935713437229	0.5204557253818181	0.24273784596190484
27800000	27849999	0.7745536051675324	0.5204557253818181	0.2540978797857143
27850000	27899999	0.8040501278341989	0.5204557253818181	0.2835944024523809
27900000	27949999	0.8225433763532466	0.5204557253818181	0.30208765097142853
27950000	27999999	0.8336656075770561	0.5204557253818181	0.31320988219523804
28000000	28049999	0.8493058363627703	0.5204557253818181	0.3288501109809523
28050000	28099999	0.8693603820246751	0.5204557253818181	0.3489046566428571
28100000	28149999	0.8871152002580085	0.5204557253818181	0.36665947487619044
28150000	28199999	0.9034662110532465	0.5204557253818181	0.3830104856714285
28200000	28249999	0.9066684300484847	0.5204557253818181	0.3862127046666667
28250000	28299999	0.9069185092627705	0.5204557253818181	0.38646278388095245
28300000	28349999	0.9193533664675324	0.5204557253818181	0.39889764108571435
28350000	28399999	0.9170826764008657	0.5204557253818181	0.39662695101904766
28400000	28449999	0.9017708072437228	0.5204557253818181	0.38131508186190477
28450000	28499999	0.8964068661294371	0.5204557253818181	0.37595114074761904
28500000	28549999	0.8913807140627705	0.5204557253818181	0.37092498868095247
28550000	28599999	0.8691723370389608	0.5204557253818181	0.34871661165714274
28600000	28649999	0.8538955344103895	0.5204557253818181	0.3334398090285714
28650000	28699999	0.8458502052913419	0.5204557253818181	0.32539447990952386
28700000	28749999	0.8492211396103895	0.5204557253818181	0.3287654142285714
28750000	28799999	0.8300961107818181	0.5204557253818181	0.30964038540000005
28800000	28849999	0.7908980928389608	0.5204557253818181	0.2704423674571428
28850000	28899999	0.7753640180246753	0.5204557253818181	0.2549082926428572
28900000	28949999	0.7504819111151514	0.5204557253818181	0.23002618573333333
28950000	28999999	0.7295551669341991	0.5204557253818181	0.20909944155238103
29000000	29049999	0.7247965001675324	0.5204557253818181	0.20434077478571433
29050000	29099999	0.7084907646818182	0.5204557253818181	0.1880350393000001
29100000	29149999	0.6915842672770561	0.5204557253818181	0.17112854189523807
29150000	29199999	0.6665326018722942	0.5204557253818181	0.14607687649047618
29200000	29249999	0.6450409129008657	0.5204557253818181	0.12458518751904768
29250000	29299999	0.6220362045389609	0.5204557253818181	0.10158047915714286
29300000	29349999	0.6125495523675324	0.5204557253818181	0.09209382698571433
29350000	29399999	0.5945057479961038	0.5204557253818181	0.07405002261428573
29400000	29449999	0.5675182370437228	0.5204557253818181	0.04706251166190478
29450000	29499999	0.5564776851532467	0.5204557253818181	0.036021959771428635
29500000	29549999	0.5410423849961038	0.5204557253818181	0.02058665961428574
29550000	29599999	0.53185568418658	0.5204557253818181	0.011399958804761967
29600000	29649999	0.5202240090056276	0.5204557253818181	-0.0002317163761904606
29650000	29699999	0.5073475833818181	0.5204557253818181	-0.01310814199999999
29700000	29749999	0.48939599931515143	0.5204557253818181	-0.031059726066666626
29750000	29799999	0.4714005684008657	0.5204557253818181	-0.049055156980952364
29800000	29849999	0.4640061709913419	0.5204557253818181	-0.056449554390476164
29850000	29899999	0.4570827323199133	0.5204557253818181	-0.06337299306190475
29900000	29949999	0.4402977828961038	0.5204557253818181	-0.08015794248571428
29950000	29999999	0.425887884634199	0.5204557253818181	-0.09456784074761904
30000000	30049999	0.41809262306753237	0.5204557253818181	-0.10236310231428569
30050000	30099999	0.38991208698658	0.5204557253818181	-0.13054363839523808
30100000	30149999	0.38759953744372283	0.5204557253818181	-0.13285618793809523
30150000	30199999	0.37862426303419905	0.5204557253818181	-0.141831462347619
30200000	30249999	0.3724825944675324	0.5204557253818181	-0.14797313091428566
30250000	30299999	0.3775021066961038	0.5204557253818181	-0.14295361868571427
30300000	30349999	0.41430621889134184	0.5204557253818181	-0.10614950649047622
30350000	30399999	0.44450547205800855	0.5204557253818181	-0.0759502533238095
30400000	30449999	0.4410082790913419	0.5204557253818181	-0.07944744629047618
30450000	30499999	0.4538107933151514	0.5204557253818181	-0.06664493206666666
30500000	30549999	0.46217659213419904	0.5204557253818181	-0.05827913324761902
30550000	30599999	0.4741057050246752	0.5204557253818181	-0.04635002035714286
30600000	30649999	0.465841658334199	0.5204557253818181	-0.054614067047619064
30650000	30699999	0.46531313219610376	0.5204557253818181	-0.055142593185714295
30700000	30749999	0.48054313483896094	0.5204557253818181	-0.03991259054285712
30750000	30799999	0.49573336825324665	0.5204557253818181	-0.024722357128571404
30800000	30849999	0.521095310438961	0.5204557253818181	0.0006395850571428996
30850000	30899999	0.5258879647580086	0.5204557253818181	0.0054322393761905285
30900000	30949999	0.5483064645246752	0.5204557253818181	0.027850739142857184
30950000	30999999	0.5638471258675324	0.5204557253818181	0.043391400485714327
31000000	31049999	0.5798618380532466	0.5204557253818181	0.05940611267142859
31050000	31099999	0.577422094381818	0.5204557253818181	0.05696636899999996
31100000	31149999	0.5936588946580085	0.5204557253818181	0.07320316927619042
31150000	31199999	0.6025995633865799	0.5204557253818181	0.08214383800476188
31200000	31249999	0.5985857454484848	0.5204557253818181	0.0781300200666667
31250000	31299999	0.6008702812103894	0.5204557253818181	0.08041455582857138
31300000	31349999	0.6201978367437229	0.5204557253818181	0.0997421113619048
31350000	31399999	0.6080907376961038	0.5204557253818181	0.08763501231428572
31400000	31449999	0.5869647367913419	0.5204557253818181	0.06650901140952381
31450000	31499999	0.5954805885437228	0.5204557253818181	0.07502486316190471
31500000	31549999	0.6053582091770562	0.5204557253818181	0.08490248379523813
31550000	31599999	0.618593315129437	0.5204557253818181	0.09813758974761899
31600000	31649999	0.6329339160151514	0.5204557253818181	0.11247819063333331
31650000	31699999	0.6558459297675323	0.5204557253818181	0.13539020438571425
31700000	31749999	0.6784485550961038	0.5204557253818181	0.15799282971428574
31750000	31799999	0.6828476097627705	0.5204557253818181	0.16239188438095242
31800000	31849999	0.6987682162246751	0.5204557253818181	0.17831249084285705
31850000	31899999	0.6869838008722943	0.5204557253818181	0.1665280754904762
31900000	31949999	0.7099532427532467	0.5204557253818181	0.18949751737142861
31950000	31999999	0.7139477215675323	0.5204557253818181	0.19349199618571422
32000000	32049999	0.7125840740961038	0.5204557253818181	0.19212834871428575
32050000	32099999	0.7042325345675323	0.5204557253818181	0.18377680918571426
32100000	32149999	0.713114970238961	0.5204557253818181	0.19265924485714292
32150000	32199999	0.70532865838658	0.5204557253818181	0.18487293300476193
32200000	32249999	0.6926293169532467	0.5204557253818181	0.17217359157142864
32250000	32299999	0.6983619707627704	0.5204557253818181	0.17790624538095234
32300000	32349999	0.7021800942294372	0.5204557253818181	0.1817243688476191
32350000	32399999	0.7052356734103895	0.5204557253818181	0.18477994802857145
32400000	32449999	0.691897619434199	0.5204557253818181	0.17144189405238097
32450000	32499999	0.6830662826913418	0.5204557253818181	0.16261055730952378
32500000	32549999	0.6789855231056275	0.5204557253818181	0.15852979772380948
32550000	32599999	0.6709046330913419	0.5204557253818181	0.1504489077095238
32600000	32649999	0.66305355968658	0.5204557253818181	0.14259783430476192
32650000	32699999	0.6410852064484847	0.5204557253818181	0.1206294810666666
32700000	32749999	0.6230385642199132	0.5204557253818181	0.10258283883809516
32750000	32799999	0.6156739131580085	0.5204557253818181	0.0952181877761904
32800000	32849999	0.6019515825580085	0.5204557253818181	0.08149585717619046
32850000	32899999	0.5774086242103894	0.5204557253818181	0.05695289882857135
32900000	32949999	0.5572714488532466	0.5204557253818181	0.036815723471428585
32950000	32999999	0.5322371233532466	0.5204557253818181	0.01178139797142852
33000000	33049999	0.5239694852294371	0.5204557253818181	0.0035137598476190357
33050000	33099999	0.5353311830532467	0.5204557253818181	0.014875457671428616
33100000	33149999	0.5517950716770561	0.5204557253818181	0.031339346295238046
33150000	33199999	0.5649252112389609	0.5204557253818181	0.04446948585714283
33200000	33249999	0.5898532441532466	0.5204557253818181	0.06939751877142852
33250000	33299999	0.605170622181818	0.5204557253818181	0.0847148968
33300000	33349999	0.630539734434199	0.5204557253818181	0.11008400905238092
33350000	33399999	0.6376814085389609	0.5204557253818181	0.11722568315714288
33400000	33449999	0.6227196255580085	0.5204557253818181	0.10226390017619047
33450000	33499999	0.6250886512151514	0.5204557253818181	0.10463292583333339
33500000	33549999	0.6297438884675324	0.5204557253818181	0.10928816308571432
33550000	33599999	0.6380722948961037	0.5204557253818181	0.11761656951428567
33600000	33649999	0.6447728070246752	0.5204557253818181	0.12431708164285715
33650000	33699999	0.6664789545532467	0.5204557253818181	0.14602322917142863
33700000	33749999	0.7351068219103896	0.5204557253818181	0.2146510965285715
33750000	33799999	0.7440155824627704	0.5204557253818181	0.22355985708095238
33800000	33849999	0.7337508772532466	0.5204557253818181	0.21329515187142856
33850000	33899999	0.7331015821627704	0.5204557253818181	0.21264585678095238
33900000	33949999	0.7238172694246752	0.5204557253818181	0.2033615440428571
33950000	33999999	0.742097742529437	0.5204557253818181	0.221642017147619
34000000	34049999	0.74430124738658	0.5204557253818181	0.22384552200476193
34050000	34099999	0.7210426797056275	0.5204557253818181	0.20058695432380946
34100000	34149999	0.6966692273008657	0.5204557253818181	0.1762135019190476
34150000	34199999	0.6704081129246752	0.5204557253818181	0.1499523875428571
34200000	34249999	0.6413492620722943	0.5204557253818181	0.1208935366904762
34250000	34299999	0.5888260636056276	0.5204557253818181	0.06837033822380956
34300000	34349999	0.6159602349199134	0.5204557253818181	0.0955045095380953
34350000	34399999	0.6481298794627705	0.5204557253818181	0.1276741540809524
34400000	34449999	0.6399211557389609	0.5204557253818181	0.11946543035714285
34450000	34499999	0.6329705023532467	0.5204557253818181	0.11251477697142864
34500000	34549999	0.6263920782389609	0.5204557253818181	0.10593635285714287
34550000	34599999	0.6244306752008657	0.5204557253818181	0.10397494981904765
34600000	34649999	0.6163168680770562	0.5204557253818181	0.09586114269523816
34650000	34699999	0.6114254737913418	0.5204557253818181	0.09096974840952377
34700000	34749999	0.5900492151008657	0.5204557253818181	0.06959348971904766
34750000	34799999	0.532672011534199	0.5204557253818181	0.012216286152380906
34800000	34849999	0.5313594890103895	0.5204557253818181	0.010903763628571483
34850000	34899999	0.53966236648658	0.5204557253818181	0.01920664110476189
34900000	34949999	0.5476780163103895	0.5204557253818181	0.027222290928571424
34950000	34999999	0.5640769511103895	0.5204557253818181	0.04362122572857141
35000000	35049999	0.5582071438294371	0.5204557253818181	0.03775141844761909
35050000	35099999	0.5621494261770561	0.5204557253818181	0.04169370079523804
35100000	35149999	0.5789740019532467	0.5204557253818181	0.05851827657142861
35150000	35199999	0.5859801072770562	0.5204557253818181	0.06552438189523813
35200000	35249999	0.5982535081389609	0.5204557253818181	0.07779778275714289
35250000	35299999	0.6035190180199133	0.5204557253818181	0.0830632926380952
35300000	35349999	0.6308467070437228	0.5204557253818181	0.11039098166190475
35350000	35399999	0.5855269158722942	0.5204557253818181	0.06507119049047616
35400000	35449999	0.5204557253818181	0.5204557253818181	0.0
35450000	35499999	0.5204557253818181	0.5204557253818181	0.0
35500000	35549999	0.5204557253818181	0.5204557253818181	0.0
35550000	35599999	0.5204557253818181	0.5204557253818181	0.0
35600000	35649999	0.5204557253818181	0.5204557253818181	0.0
35650000	35699999	0.5204557253818181	0.5204557253818181	0.0
35700000	35749999	0.5204557253818181	0.5204557253818181	0.0
35750000	35799999	0.5204557253818181	0.5204557253818181	0.0
35800000	35849999	0.5204557253818181	0.5204557253818181	0.0
35850000	35899999	0.5204557253818181	0.5204557253818181	0.0
35900000	35949999	0.5204557253818181	0.5204557253818181	0.0
35950000	35999999	0.5204557253818181	0.5204557253818181	0.0
36000000	36049999	0.5204557253818181	0.5204557253818181	0.0
36050000	36099999	0.5204557253818181	0.5204557253818181	0.0
36100000	36149999	0.5204557253818181	0.5204557253818181	0.0
36150000	36199999	0.5204557253818181	0.5204557253818181	0.0
36200000	36249999	0.5204557253818181	0.5204557253818181	0.0
36250000	36299999	0.5204557253818181	0.5204557253818181	0.0
36300000	36349999	0.5204557253818181	0.5204557253818181	0.0
36350000	36399999	0.5204557253818181	0.5204557253818181	0.0
36400000	36449999	0.5204557253818181	0.5204557253818181	0.0
36450000	36499999	0.5204557253818181	0.5204557253818181	0.0
36500000	36549999	0.5204557253818181	0.5204557253818181	0.0
36550000	36599999	0.5204557253818181	0.5204557253818181	0.0
36600000	36649999	0.5204557253818181	0.5204557253818181	0.0
36650000	36699999	0.5204557253818181	0.5204557253818181	0.0
36700000	36749999	0.5204557253818181	0.5204557253818181	0.0
36750000	36799999	0.5204557253818181	0.5204557253818181	0.0
36800000	36849999	0.5204557253818181	0.5204557253818181	0.0
36850000	36899999	0.5204557253818181	0.5204557253818181	0.0
36900000	36949999	0.5204557253818181	0.5204557253818181	0.0
36950000	36999999	0.5204557253818181	0.5204557253818181	0.0
37000000	37049999	0.5204557253818181	0.5204557253818181	0.0
37050000	37099999	0.5204557253818181	0.5204557253818181	0.0
37100000	37149999	0.5204557253818181	0.5204557253818181	0.0
37150000	37199999	0.5204557253818181	0.5204557253818181	0.0
37200000	37249999	0.5204557253818181	0.5204557253818181	0.0
37250000	37299999	0.5204557253818181	0.5204557253818181	0.0
37300000	37349999	0.5204557253818181	0.5204557253818181	0.0
37350000	37399999	0.5350970605103895	0.5204557253818181	0.014641335128571464
37400000	37449999	0.5154428697913419	0.5204557253818181	-0.005012855590476151
37450000	37499999	0.5035433231627704	0.5204557253818181	-0.016912402219047662
37500000	37549999	0.5050933697675324	0.5204557253818181	-0.015362355614285672
37550000	37599999	0.49503732412943713	0.5204557253818181	-0.02541840125238093
37600000	37649999	0.47506570679134186	0.5204557253818181	-0.0453900185904762
37650000	37699999	0.518983952934199	0.5204557253818181	-0.0014717724476190908
37700000	37749999	0.5094114369008657	0.5204557253818181	-0.011044288480952402
37750000	37799999	0.5200548780580085	0.5204557253818181	-0.0004008473238095167
37800000	37849999	0.5060491629722943	0.5204557253818181	-0.01440656240952376
37850000	37899999	0.5048462162294372	0.5204557253818181	-0.015609509152380907
37900000	37949999	0.4746521302103895	0.5204557253818181	-0.04580359517142857
37950000	37999999	0.45366716191038947	0.5204557253818181	-0.06678856347142859
38000000	38049999	0.42904879378181804	0.5204557253818181	-0.09140693160000002
38050000	38099999	0.40107883329134186	0.5204557253818181	-0.1193768920904762
38100000	38149999	0.39020882196277046	0.5204557253818181	-0.1302469034190476
38150000	38199999	0.38200807141515136	0.5204557253818181	-0.1384476539666667
38200000	38249999	0.3802445069008657	0.5204557253818181	-0.14021121848095236
38250000	38299999	0.36592805970086567	0.5204557253818181	-0.1545276656809524
38300000	38349999	0.3552904698675323	0.5204557253818181	-0.16516525551428574
38350000	38399999	0.35050555647229426	0.5204557253818181	-0.1699501689095238
38400000	38449999	0.3283194338103895	0.5204557253818181	-0.19213629157142853
38450000	38499999	0.34359080566277045	0.5204557253818181	-0.1768649197190476
38500000	38549999	0.33940316655324665	0.5204557253818181	-0.1810525588285714
38550000	38599999	0.3410962200913419	0.5204557253818181	-0.17935950529047617
38600000	38649999	0.3467432164437228	0.5204557253818181	-0.17371250893809526
38650000	38699999	0.3685381830437228	0.5204557253818181	-0.15191754233809523
38700000	38749999	0.32492214645324663	0.5204557253818181	-0.19553357892857143
38750000	38799999	0.33122620004372283	0.5204557253818181	-0.18922952533809523
38800000	38849999	0.3164339634294371	0.5204557253818181	-0.20402176195238098
38850000	38899999	0.32045782404848466	0.5204557253818181	-0.1999979013333334
38900000	38949999	0.30984040419134184	0.5204557253818181	-0.2106153211904762
38950000	38999999	0.3369259980675324	0.5204557253818181	-0.18352972731428568
39000000	39049999	0.3429264490103895	0.5204557253818181	-0.17752927637142857
39050000	39099999	0.36093584025324665	0.5204557253818181	-0.1595198851285714
39100000	39149999	0.37859704426277047	0.5204557253818181	-0.1418586811190476
39150000	39199999	0.39179770233896094	0.5204557253818181	-0.12865802304285712
39200000	39249999	0.43249397581991333	0.5204557253818181	-0.08796174956190472
39250000	39299999	0.4514815184961038	0.5204557253818181	-0.06897420688571426
39300000	39349999	0.4760784840103895	0.5204557253818181	-0.044377241371428566
39350000	39399999	0.4878926998294371	0.5204557253818181	-0.03256302555238094
39400000	39449999	0.4986808698961038	0.5204557253818181	-0.021774855485714284
39450000	39499999	0.5172886615818181	0.5204557253818181	-0.0031670637999999807
39500000	39549999	0.545025507881818	0.5204557253818181	0.02456978249999997
39550000	39599999	0.5594949322056276	0.5204557253818181	0.03903920682380957
39600000	39649999	0.5562375161056275	0.5204557253818181	0.03578179072380949
39650000	39699999	0.552977051534199	0.5204557253818181	0.0325213261523809
39700000	39749999	0.5608796404389609	0.5204557253818181	0.04042391505714282
39750000	39799999	0.5612977113532466	0.5204557253818181	0.04084198597142852
39800000	39849999	0.5715910239722942	0.5204557253818181	0.051135298590476164
39850000	39899999	0.5679055010532467	0.5204557253818181	0.04744977567142861
39900000	39949999	0.6090449028103895	0.5204557253818181	0.08858917742857142
39950000	39999999	0.6366023371008657	0.5204557253818181	0.11614661171904761
40000000	40049999	0.6576330243008657	0.5204557253818181	0.13717729891904762
40050000	40099999	0.674230499581818	0.5204557253818181	0.15377477419999996
40100000	40149999	0.6773497679913418	0.5204557253818181	0.15689404260952378
40150000	40199999	0.6816832255246752	0.5204557253818181	0.16122750014285714
40200000	40249999	0.6769045651151514	0.5204557253818181	0.15644883973333334
40250000	40299999	0.638995730729437	0.5204557253818181	0.11854000534761899
40300000	40349999	0.6227170331389609	0.5204557253818181	0.10226130775714282
40350000	40399999	0.6069590045532466	0.5204557253818181	0.08650327917142853
40400000	40449999	0.58349769728658	0.5204557253818181	0.0630419719047619
40450000	40499999	0.5738421216199133	0.5204557253818181	0.05338639623809527
40500000	40549999	0.5454164455580085	0.5204557253818181	0.024960720176190443
40550000	40599999	0.5137493104484847	0.5204557253818181	-0.006706414933333349
40600000	40649999	0.5076186007770561	0.5204557253818181	-0.01283712460476194
40650000	40699999	0.5073155011103895	0.5204557253818181	-0.01314022427142858
40700000	40749999	0.5084294183484848	0.5204557253818181	-0.012026307033333294
40750000	40799999	0.4972992287246752	0.5204557253818181	-0.023156496657142867
40800000	40849999	0.5083486731913419	0.5204557253818181	-0.012107052190476142
40850000	40899999	0.5028059071151514	0.5204557253818181	-0.017649818266666673
40900000	40949999	0.4990917646961038	0.5204557253818181	-0.02136396068571428
40950000	40999999	0.4568063546294371	0.5204557253818181	-0.06364937075238097
41000000	41049999	0.43218253631991327	0.5204557253818181	-0.08827318906190479
41050000	41099999	0.4014386686818181	0.5204557253818181	-0.11901705669999996
41100000	41149999	0.3973141477913419	0.5204557253818181	-0.12314157759047617
41150000	41199999	0.3993193824770561	0.5204557253818181	-0.12113634290476194
41200000	41249999	0.40701081565800856	0.5204557253818181	-0.1134449097238095
41250000	41299999	0.4050180586675324	0.5204557253818181	-0.11543766671428568
41300000	41349999	0.4084163145008657	0.5204557253818181	-0.11203941088095237
41350000	41399999	0.407253750134199	0.5204557253818181	-0.11320197524761905
41400000	41449999	0.4102281791294371	0.5204557253818181	-0.11022754625238096
41450000	41499999	0.4308514840389609	0.5204557253818181	-0.08960424134285716
41500000	41549999	0.417013271634199	0.5204557253818181	-0.10344245374761907
41550000	41599999	0.41679183247229423	0.5204557253818181	-0.10366389290952382
41600000	41649999	0.41457789205800855	0.5204557253818181	-0.10587783332380951
41650000	41699999	0.402227312834199	0.5204557253818181	-0.11822841254761907
41700000	41749999	0.3895281304675323	0.5204557253818181	-0.13092759491428574
41750000	41799999	0.3871890636484847	0.5204557253818181	-0.13326666173333335
41800000	41849999	0.3823520217008657	0.5204557253818181	-0.13810370368095237
41850000	41899999	0.3576792244722943	0.5204557253818181	-0.16277650090952378
41900000	41949999	0.34465235216277046	0.5204557253818181	-0.1758033732190476
41950000	41999999	0.37002385200086574	0.5204557253818181	-0.15043187338095232
42000000	42049999	0.3940803991580085	0.5204557253818181	-0.12637532622380954
42050000	42099999	0.42518898972467517	0.5204557253818181	-0.09526673565714289
42100000	42149999	0.43412506321515143	0.5204557253818181	-0.08633066216666663
42150000	42199999	0.43594944349610376	0.5204557253818181	-0.0845062818857143
42200000	42249999	0.4531105065389609	0.5204557253818181	-0.06734521884285716
42250000	42299999	0.4724618266294371	0.5204557253818181	-0.04799389875238097
42300000	42349999	0.49236370636277044	0.5204557253818181	-0.02809201901904762
42350000	42399999	0.4923266021389609	0.5204557253818181	-0.028129123242857157
42400000	42449999	0.49439586798658	0.5204557253818181	-0.026059857395238084
42450000	42499999	0.49783749370086566	0.5204557253818181	-0.022618231680952394
42500000	42549999	0.49125998568657997	0.5204557253818181	-0.029195739695238088
42550000	42599999	0.4950272950580085	0.5204557253818181	-0.025428430323809537
42600000	42649999	0.5010004387818181	0.5204557253818181	-0.019455286599999955
42650000	42699999	0.5034371472389609	0.5204557253818181	-0.01701857814285712
42700000	42749999	0.5226709550246752	0.5204557253818181	0.0022152296428571416
42750000	42799999	0.527622776881818	0.5204557253818181	0.007167051499999966
42800000	42849999	0.5243532064580085	0.5204557253818181	0.003897481076190479
42850000	42899999	0.5269859036294371	0.5204557253818181	0.006530178247619034
42900000	42949999	0.5337893494532466	0.5204557253818181	0.013333624071428574
42950000	42999999	0.5472586352389609	0.5204557253818181	0.026802909857142843
43000000	43049999	0.5359567426532467	0.5204557253818181	0.015501017271428608
43050000	43099999	0.5176472724008657	0.5204557253818181	-0.002808452980952336
43100000	43149999	0.4886687065199133	0.5204557253818181	-0.03178701886190477
43150000	43199999	0.4947506699770562	0.5204557253818181	-0.025705055404761867
43200000	43249999	0.4917790818389609	0.5204557253818181	-0.02867664354285715
43250000	43299999	0.4735439789532466	0.5204557253818181	-0.04691174642857143
43300000	43349999	0.45622755518658	0.5204557253818181	-0.06422817019523808
43350000	43399999	0.43379293935800856	0.5204557253818181	-0.0866627860238095
43400000	43449999	0.42695199107229426	0.5204557253818181	-0.0935037343095238
43450000	43499999	0.43714646873419905	0.5204557253818181	-0.08330925664761901
43500000	43549999	0.43672978181038946	0.5204557253818181	-0.0837259435714286
43550000	43599999	0.440969962334199	0.5204557253818181	-0.07948576304761906
43600000	43649999	0.4746326085532466	0.5204557253818181	-0.04582311682857143
43650000	43699999	0.5122026201722942	0.5204557253818181	-0.008253105209523826
43700000	43749999	0.5223170182103894	0.5204557253818181	0.0018612928285713926
43750000	43799999	0.5300183597389609	0.5204557253818181	0.009562634357142885
43800000	43849999	0.5376125904008656	0.5204557253818181	0.017156865019047562
43850000	43899999	0.5475990168675323	0.5204557253818181	0.02714329148571426
43900000	43949999	0.5386675360151514	0.5204557253818181	0.018211810633333325
43950000	43999999	0.5386920069437228	0.5204557253818181	0.01823628156190471
44000000	44049999	0.52479279948658	0.5204557253818181	0.004337074104761918
44050000	44099999	0.5118128865675323	0.5204557253818181	-0.008642838814285736
44100000	44149999	0.515555135734199	0.5204557253818181	-0.00490058964761908
44150000	44199999	0.5183267232913419	0.5204557253818181	-0.002129002090476173
44200000	44249999	0.5105360203151513	0.5204557253818181	-0.009919705066666729
44250000	44299999	0.5087794399437228	0.5204557253818181	-0.01167628543809529
44300000	44349999	0.49664586066277044	0.5204557253818181	-0.023809864719047613
44350000	44399999	0.47181543681515137	0.5204557253818181	-0.04864028856666669
44400000	44449999	0.48243787362467516	0.5204557253818181	-0.038017851757142895
44450000	44499999	0.48479450971515137	0.5204557253818181	-0.03566121566666669
44500000	44549999	0.4604736590056276	0.5204557253818181	-0.05998206637619047
44550000	44599999	0.44701341480562756	0.5204557253818181	-0.0734423105761905
44600000	44649999	0.43920664131991327	0.5204557253818181	-0.08124908406190479
44650000	44699999	0.41014079227705613	0.5204557253818181	-0.11031493310476193
44700000	44749999	0.3744945089770561	0.5204557253818181	-0.14596121640476195
44750000	44799999	0.3660713709532466	0.5204557253818181	-0.15438435442857146
44800000	44849999	0.35042878329134186	0.5204557253818181	-0.1700269420904762
44850000	44899999	0.34662432313896085	0.5204557253818181	-0.1738314022428572
44900000	44949999	0.3498734846246752	0.5204557253818181	-0.17058224075714284
44950000	44999999	0.3593866909675323	0.5204557253818181	-0.16106903441428577
45000000	45049999	0.36249667826753235	0.5204557253818181	-0.1579590471142857
45050000	45099999	0.3816829969532466	0.5204557253818181	-0.13877272842857147
45100000	45149999	0.4023562748008657	0.5204557253818181	-0.11809945058095234
45150000	45199999	0.42293740238657995	0.5204557253818181	-0.0975183229952381
45200000	45249999	0.4456218728961038	0.5204557253818181	-0.07483385248571428
45250000	45299999	0.46250801975800854	0.5204557253818181	-0.05794770562380952
45300000	45349999	0.48023467024372285	0.5204557253818181	-0.04022105513809521
45350000	45399999	0.5088581864008657	0.5204557253818181	-0.011597538980952393
45400000	45449999	0.5262861009246752	0.5204557253818181	0.005830375542857147
45450000	45499999	0.5243106972246753	0.5204557253818181	0.0038549718428572133
45500000	45549999	0.5427363868056276	0.5204557253818181	0.022280661423809578
45550000	45599999	0.5574823112294371	0.5204557253818181	0.03702658584761909
45600000	45649999	0.5963635586580085	0.5204557253818181	0.07590783327619044
45650000	45699999	0.649338730981818	0.5204557253818181	0.1288830056
45700000	45749999	0.7001075243961038	0.5204557253818181	0.17965179901428574
45750000	45799999	0.7370222472008656	0.5204557253818181	0.21656652181904756
45800000	45849999	0.7794149399008656	0.5204557253818181	0.2589592145190476
45850000	45899999	0.8148957621199133	0.5204557253818181	0.29444003673809527
45900000	45949999	0.8225244202770561	0.5204557253818181	0.302068694895238
45950000	45999999	0.8246471586151514	0.5204557253818181	0.3041914332333333
46000000	46049999	0.845374631434199	0.5204557253818181	0.32491890605238094
46050000	46099999	0.8645385676484847	0.5204557253818181	0.34408284226666663
46100000	46149999	0.8791536904770562	0.5204557253818181	0.3586979650952381
46150000	46199999	0.8760599210437228	0.5204557253818181	0.3556041956619047
46200000	46249999	0.8768653828246753	0.5204557253818181	0.35640965744285724
46250000	46299999	0.8620858079199133	0.5204557253818181	0.34163008253809524
46300000	46349999	0.8732557309294371	0.5204557253818181	0.35280000554761903
46350000	46399999	0.8935501627151514	0.5204557253818181	0.37309443733333336
46400000	46449999	0.8893254878389609	0.5204557253818181	0.36886976245714287
46450000	46499999	0.9117962164103894	0.5204557253818181	0.3913404910285714
46500000	46549999	0.9164356772818181	0.5204557253818181	0.3959799519
46550000	46599999	0.9282754068913419	0.5204557253818181	0.40781968150952386
46600000	46649999	0.9302330263056275	0.5204557253818181	0.4097773009238095
46650000	46699999	0.9300744469580084	0.5204557253818181	0.4096187215761904
46700000	46749999	0.8991580272008657	0.5204557253818181	0.3787023018190476
46750000	46799999	0.8620056798675324	0.5204557253818181	0.34154995448571435
46800000	46849999	0.8390332546151513	0.5204557253818181	0.31857752923333327
46850000	46899999	0.8082028373627705	0.5204557253818181	0.2877471119809525
46900000	46949999	0.802554711438961	0.5204557253818181	0.2820989860571429
46950000	46999999	0.7969649598722943	0.5204557253818181	0.27650923449047626
47000000	47049999	0.8221995584437228	0.5204557253818181	0.3017438330619048
47050000	47099999	0.815444017029437	0.5204557253818181	0.29498829164761897
47100000	47149999	0.8140364069532466	0.5204557253818181	0.2935806815714286
47150000	47199999	0.8090127030389609	0.5204557253818181	0.28855697765714283
47200000	47249999	0.8142761208151514	0.5204557253818181	0.2938203954333334
47250000	47299999	0.8051842862722942	0.5204557253818181	0.28472856089047616
47300000	47349999	0.8089124904913418	0.5204557253818181	0.2884567651095238
47350000	47399999	0.7908406453580085	0.5204557253818181	0.2703849199761904
47400000	47449999	0.7568005244675323	0.5204557253818181	0.23634479908571426
47450000	47499999	0.7531553019675323	0.5204557253818181	0.23269957658571427
47500000	47549999	0.7461882705627704	0.5204557253818181	0.22573254518095232
47550000	47599999	0.7703948210580085	0.5204557253818181	0.24993909567619044
47600000	47649999	0.7613930550246752	0.5204557253818181	0.2409373296428572
47650000	47699999	0.764956476734199	0.5204557253818181	0.24450075135238092
47700000	47749999	0.7486450572151514	0.5204557253818181	0.22818933183333334
47750000	47799999	0.7446932762627705	0.5204557253818181	0.22423755088095243
47800000	47849999	0.750382024729437	0.5204557253818181	0.229926299347619
47850000	47899999	0.7468600302532467	0.5204557253818181	0.2264043048714286
47900000	47949999	0.7505453324627704	0.5204557253818181	0.23008960708095239
47950000	47999999	0.7566580061627705	0.5204557253818181	0.2362022807809524
48000000	48049999	0.7691823713484847	0.5204557253818181	0.2487266459666666
48050000	48099999	0.7530146343532467	0.5204557253818181	0.2325589089714286
48100000	48149999	0.7743955755675324	0.5204557253818181	0.2539398501857143
48150000	48199999	0.7867481113627703	0.5204557253818181	0.2662923859809523
48200000	48249999	0.761859614034199	0.5204557253818181	0.24140388865238094
48250000	48299999	0.7680179389532467	0.5204557253818181	0.2475622135714286
48300000	48349999	0.7803998659770561	0.5204557253818181	0.25994414059523807
48350000	48399999	0.7816778293532467	0.5204557253818181	0.26122210397142864
48400000	48449999	0.7819243405151515	0.5204557253818181	0.2614686151333334
48450000	48499999	0.7910098971056276	0.5204557253818181	0.2705541717238096
48500000	48549999	0.7981571634722943	0.5204557253818181	0.2777014380904762
48550000	48599999	0.8039506618103894	0.5204557253818181	0.2834949364285714
48600000	48649999	0.7805569071056275	0.5204557253818181	0.26010118172380947
48650000	48699999	0.7714472068103895	0.5204557253818181	0.2509914814285714
48700000	48749999	0.769223334338961	0.5204557253818181	0.2487676089571429
48750000	48799999	0.765661029738961	0.5204557253818181	0.24520530435714294
48800000	48849999	0.7626062616008658	0.5204557253818181	0.2421505362190477
48850000	48899999	0.7562992881913418	0.5204557253818181	0.2358435628095238
48900000	48949999	0.75720047238658	0.5204557253818181	0.2367447470047619
48950000	48999999	0.7506969025437228	0.5204557253818181	0.23024117716190473
49000000	49049999	0.7323835755484847	0.5204557253818181	0.2119278501666666
49050000	49099999	0.7323236482151514	0.5204557253818181	0.21186792283333333
49100000	49149999	0.7339524255389609	0.5204557253818181	0.21349670015714284
49150000	49199999	0.7114046675008657	0.5204557253818181	0.19094894211904767
49200000	49249999	0.6880561056722942	0.5204557253818181	0.1676003802904762
49250000	49299999	0.7147715211246752	0.5204557253818181	0.19431579574285718
49300000	49349999	0.7079877075294371	0.5204557253818181	0.18753198214761901
49350000	49399999	0.6955373184294371	0.5204557253818181	0.17508159304761906
49400000	49449999	0.6859661613770561	0.5204557253818181	0.16551043599523807
49450000	49499999	0.6791891658294371	0.5204557253818181	0.15873344044761906
49500000	49549999	0.6782548762532465	0.5204557253818181	0.15779915087142848
49550000	49599999	0.6787119715103895	0.5204557253818181	0.15825624612857148
49600000	49649999	0.6809599868913419	0.5204557253818181	0.1605042615095238
49650000	49699999	0.6768977509770562	0.5204557253818181	0.15644202559523812
49700000	49749999	0.6737978039961038	0.5204557253818181	0.15334207861428573
49750000	49799999	0.6688164450484847	0.5204557253818181	0.14836071966666664
49800000	49849999	0.6668358019770562	0.5204557253818181	0.1463800765952381
49850000	49899999	0.6643205507865799	0.5204557253818181	0.14386482540476186
49900000	49949999	0.66683102298658	0.5204557253818181	0.14637529760476198
49950000	49999999	0.6678156513294371	0.5204557253818181	0.14735992594761904
50000000	50049999	0.6700706686818181	0.5204557253818181	0.14961494330000003
50050000	50099999	0.6697269664722942	0.5204557253818181	0.14927124109047618
50100000	50149999	0.675639058038961	0.5204557253818181	0.1551833326571429
50150000	50199999	0.6848939034675323	0.5204557253818181	0.16443817808571426
50200000	50249999	0.68906720228658	0.5204557253818181	0.16861147690476197
50250000	50299999	0.6977486894627705	0.5204557253818181	0.1772929640809524
50300000	50349999	0.695307757634199	0.5204557253818181	0.174852032252381
50350000	50399999	0.6934290665818181	0.5204557253818181	0.17297334120000007
50400000	50449999	0.6901069784484848	0.5204557253818181	0.16965125306666673
50450000	50499999	0.7047839811865799	0.5204557253818181	0.18432825580476186
50500000	50549999	0.7246222906056276	0.5204557253818181	0.2041665652238095
50550000	50599999	0.7567161759627704	0.5204557253818181	0.23626045058095235
50600000	50649999	0.7550094983199133	0.5204557253818181	0.2345537729380952
50650000	50699999	0.7432306444389609	0.5204557253818181	0.22277491905714286
50700000	50749999	0.7519965692580085	0.5204557253818181	0.23154084387619045
50750000	50799999	0.7696071395961037	0.5204557253818181	0.24915141421428566
50800000	50849999	0.7788632997103895	0.5204557253818181	0.2584075743285714
50850000	50899999	0.7855883623008656	0.5204557253818181	0.26513263691904754
50900000	50949999	0.7995459090722943	0.5204557253818181	0.2790901836904762
50950000	50999999	0.8034926057294371	0.5204557253818181	0.2830368803476191
51000000	51049999	0.8123271072294371	0.5204557253818181	0.29187138184761907
51050000	51099999	0.8153796260722943	0.5204557253818181	0.29492390069047625
51100000	51149999	0.8169377291722942	0.5204557253818181	0.2964820037904762
51150000	51199999	0.8137516476580084	0.5204557253818181	0.2932959222761904
51200000	51249999	0.8032296226675324	0.5204557253818181	0.28277389728571434
51250000	51299999	0.7970656955675324	0.5204557253818181	0.2766099701857143
51300000	51349999	0.7879264731246752	0.5204557253818181	0.2674707477428572
51350000	51399999	0.7733904974246752	0.5204557253818181	0.2529347720428572
51400000	51449999	0.7574315210675323	0.5204557253818181	0.23697579568571425
51450000	51499999	0.7492519697532466	0.5204557253818181	0.22879624437142854
51500000	51549999	0.7447331240199133	0.5204557253818181	0.22427739863809526
51550000	51599999	0.7405256220246752	0.5204557253818181	0.22006989664285714
51600000	51649999	0.7131139621675324	0.5204557253818181	0.19265823678571437
51650000	51699999	0.704693015038961	0.5204557253818181	0.18423728965714292
51700000	51749999	0.6956157112770562	0.5204557253818181	0.17515998589523818
51750000	51799999	0.6872745012580086	0.5204557253818181	0.16681877587619054
51800000	51849999	0.6693843777246753	0.5204557253818181	0.14892865234285724
51850000	51899999	0.6672149959818181	0.5204557253818181	0.14675927060000005
51900000	51949999	0.664650592338961	0.5204557253818181	0.1441948669571429
51950000	51999999	0.65159898498658	0.5204557253818181	0.13114325960476192
52000000	52049999	0.6382338775770562	0.5204557253818181	0.11777815219523813
52050000	52099999	0.6232743403151514	0.5204557253818181	0.10281861493333333
52100000	52149999	0.6148676388722942	0.5204557253818181	0.09441191349047617
52150000	52199999	0.6027289980913418	0.5204557253818181	0.08227327270952378
52200000	52249999	0.5870214828056276	0.5204557253818181	0.06656575742380955
52250000	52299999	0.5794581780246753	0.5204557253818181	0.059002452642857195
52300000	52349999	0.5670850543913418	0.5204557253818181	0.04662932900952377
52350000	52399999	0.5640299738246752	0.5204557253818181	0.04357424844285718
52400000	52449999	0.5644949272484847	0.5204557253818181	0.044039201866666655
52450000	52499999	0.5744785905246752	0.5204557253818181	0.054022865142857146
52500000	52549999	0.5912174849103895	0.5204557253818181	0.07076175952857144
52550000	52599999	0.5946144914627705	0.5204557253818181	0.0741587660809524
52600000	52649999	0.5801955565437228	0.5204557253818181	0.05973983116190473
52650000	52699999	0.5766566752580086	0.5204557253818181	0.05620094987619051
52700000	52749999	0.5807731440961038	0.5204557253818181	0.06031741871428575
52750000	52799999	0.5894113120437228	0.5204557253818181	0.06895558666190471
52800000	52849999	0.597225438734199	0.5204557253818181	0.07676971335238092
52850000	52899999	0.6031920013437228	0.5204557253818181	0.08273627596190469
52900000	52949999	0.5950510917199133	0.5204557253818181	0.07459536633809527
52950000	52999999	0.592489171629437	0.5204557253818181	0.07203344624761898
53000000	53049999	0.6020611955913419	0.5204557253818181	0.0816054702095238
53050000	53099999	0.6031189190484847	0.5204557253818181	0.08266319366666663
53100000	53149999	0.604088222329437	0.5204557253818181	0.08363249694761898
53150000	53199999	0.6118922170865799	0.5204557253818181	0.09143649170476187
53200000	53249999	0.6213288476389609	0.5204557253818181	0.10087312225714284
53250000	53299999	0.6367312899532466	0.5204557253818181	0.11627556457142851
53300000	53349999	0.6348519437865799	0.5204557253818181	0.11439621840476188
53350000	53399999	0.6405095804056276	0.5204557253818181	0.1200538550238095
53400000	53449999	0.6457181440103895	0.5204557253818181	0.12526241862857146
53450000	53499999	0.6598708313484847	0.5204557253818181	0.13941510596666662
53500000	53549999	0.6711286750151514	0.5204557253818181	0.15067294963333333
53550000	53599999	0.6669477699151514	0.5204557253818181	0.1464920445333333
53600000	53649999	0.6582063685437228	0.5204557253818181	0.13775064316190477
53650000	53699999	0.6710554540770561	0.5204557253818181	0.15059972869523808
53700000	53749999	0.6714514149961037	0.5204557253818181	0.15099568961428567
53750000	53799999	0.6708654215389609	0.5204557253818181	0.15040969615714284
53800000	53849999	0.6617867225580085	0.5204557253818181	0.14133099717619046
53850000	53899999	0.654640795838961	0.5204557253818181	0.1341850704571429
53900000	53949999	0.6466814291722942	0.5204557253818181	0.12622570379047615
53950000	53999999	0.6730735428580086	0.5204557253818181	0.15261781747619052
54000000	54049999	0.6718518343294371	0.5204557253818181	0.151396108947619
54050000	54099999	0.6695459459103895	0.5204557253818181	0.14909022052857146
54100000	54149999	0.6835938428675323	0.5204557253818181	0.16313811748571427
54150000	54199999	0.7298982945199133	0.5204557253818181	0.20944256913809522
54200000	54249999	0.740261259981818	0.5204557253818181	0.21980553459999996
54250000	54299999	0.7545504739580086	0.5204557253818181	0.2340947485761905
54300000	54349999	0.7524118671294371	0.5204557253818181	0.23195614174761903
54350000	54399999	0.7649117664961038	0.5204557253818181	0.24445604111428576
54400000	54449999	0.7775058190246752	0.5204557253818181	0.25705009364285714
54450000	54499999	0.777241775981818	0.5204557253818181	0.2567860505999999
54500000	54549999	0.7630397305532466	0.5204557253818181	0.24258400517142853
54550000	54599999	0.754001470834199	0.5204557253818181	0.23354574545238094
54600000	54649999	0.752515580081818	0.5204557253818181	0.2320598546999999
54650000	54699999	0.7514448789865799	0.5204557253818181	0.2309891536047618
54700000	54749999	0.7435034715294371	0.5204557253818181	0.22304774614761902
54750000	54799999	0.7617106336151513	0.5204557253818181	0.2412549082333333
54800000	54849999	0.7608225497627704	0.5204557253818181	0.24036682438095236
54850000	54899999	0.7708706577008657	0.5204557253818181	0.25041493231904766
54900000	54949999	0.7754561245532465	0.5204557253818181	0.25500039917142847
54950000	54999999	0.7832000013151514	0.5204557253818181	0.2627442759333334
55000000	55049999	0.7698197619437228	0.5204557253818181	0.24936403656190476
55050000	55099999	0.7726768658532466	0.5204557253818181	0.2522211404714285
55100000	55149999	0.7642359357865799	0.5204557253818181	0.24378021040476183
55150000	55199999	0.7731584274865799	0.5204557253818181	0.25270270210476187
55200000	55249999	0.7372925720389609	0.5204557253818181	0.21683684665714287
55250000	55299999	0.7349079797294371	0.5204557253818181	0.21445225434761905
55300000	55349999	0.7157217869103895	0.5204557253818181	0.1952660615285714
55350000	55399999	0.7215244370580085	0.5204557253818181	0.20106871167619045
55400000	55449999	0.716769693734199	0.5204557253818181	0.1963139683523809
55450000	55499999	0.7223772923008657	0.5204557253818181	0.2019215669190476
55500000	55549999	0.719632365634199	0.5204557253818181	0.1991766402523809
55550000	55599999	0.7206036956437228	0.5204557253818181	0.20014797026190478
55600000	55649999	0.7259091157008657	0.5204557253818181	0.20545339031904764
55650000	55699999	0.7260222302199133	0.5204557253818181	0.20556650483809524
55700000	55749999	0.7279937135056276	0.5204557253818181	0.20753798812380952
55750000	55799999	0.7312628813675324	0.5204557253818181	0.2108071559857143
55800000	55849999	0.7151212172008656	0.5204557253818181	0.19466549181904758
55850000	55899999	0.7204001670722943	0.5204557253818181	0.1999444416904762
55900000	55949999	0.7177795246961038	0.5204557253818181	0.19732379931428579
55950000	55999999	0.7147209739199133	0.5204557253818181	0.19426524853809524
56000000	56049999	0.7111333841913419	0.5204557253818181	0.1906776588095238
56050000	56099999	0.6996984826627705	0.5204557253818181	0.1792427572809524
56100000	56149999	0.6953465408008657	0.5204557253818181	0.1748908154190476
56150000	56199999	0.7001072297532466	0.5204557253818181	0.17965150437142852
56200000	56249999	0.683656762229437	0.5204557253818181	0.163201036847619
56250000	56299999	0.6972801353532466	0.5204557253818181	0.17682440997142856
56300000	56349999	0.6875192960437229	0.5204557253818181	0.1670635706619048
56350000	56399999	0.6891333442913419	0.5204557253818181	0.16867761890952382
56400000	56449999	0.6809366968675323	0.5204557253818181	0.16048097148571427
56450000	56499999	0.6701230502437228	0.5204557253818181	0.1496673248619047
56500000	56549999	0.658533582134199	0.5204557253818181	0.13807785675238093
56550000	56599999	0.6668647964484847	0.5204557253818181	0.14640907106666667
56600000	56649999	0.6696381188437228	0.5204557253818181	0.14918239346190476
56650000	56699999	0.6617276713008656	0.5204557253818181	0.14127194591904757
56700000	56749999	0.6648967159199133	0.5204557253818181	0.14444099053809523
56750000	56799999	0.665409891381818	0.5204557253818181	0.144954166
56800000	56849999	0.6605743721913419	0.5204557253818181	0.1401186468095238
56850000	56899999	0.6627962739294371	0.5204557253818181	0.14234054854761902
56900000	56949999	0.6578855505484846	0.5204557253818181	0.13742982516666657
56950000	56999999	0.6551605896484847	0.5204557253818181	0.1347048642666666
57000000	57049999	0.6567589239627705	0.5204557253818181	0.1363031985809524
57050000	57099999	0.6710917428865799	0.5204557253818181	0.15063601750476185
57100000	57149999	0.6854178208389609	0.5204557253818181	0.1649620954571428
57150000	57199999	0.6894989510103895	0.5204557253818181	0.16904322562857144
57200000	57249999	0.7012902835199133	0.5204557253818181	0.18083455813809524
57250000	57299999	0.7042079041294371	0.5204557253818181	0.18375217874761907
57300000	57349999	0.690697462634199	0.5204557253818181	0.1702417372523809
57350000	57399999	0.6839943454913417	0.5204557253818181	0.1635386201095237
57400000	57449999	0.6791081144389609	0.5204557253818181	0.15865238905714285
57450000	57499999	0.6733170623246751	0.5204557253818181	0.15286133694285708
57500000	57549999	0.6647643053770561	0.5204557253818181	0.14430857999523805
57550000	57599999	0.6669808261532466	0.5204557253818181	0.14652510077142855
57600000	57649999	0.6569028301675324	0.5204557253818181	0.1364471047857143
57650000	57699999	0.6553942732722942	0.5204557253818181	0.1349385478904761
57700000	57749999	0.6555991676770562	0.5204557253818181	0.13514344229523811
57750000	57799999	0.6492475181532466	0.5204557253818181	0.1287917927714285
57800000	57849999	0.6510719480913418	0.5204557253818181	0.13061622270952378
57850000	57899999	0.6534525940484848	0.5204557253818181	0.1329968686666667
57900000	57949999	0.635235104634199	0.5204557253818181	0.11477937925238091
57950000	57999999	0.6163580251056275	0.5204557253818181	0.09590229972380948
58000000	58049999	0.6093705332627705	0.5204557253818181	0.0889148078809524
58050000	58099999	0.6013476359913419	0.5204557253818181	0.08089191060952383
58100000	58149999	0.5680685065913419	0.5204557253818181	0.047612781209523836
58150000	58199999	0.5408082074484847	0.5204557253818181	0.020352482066666622
58200000	58249999	0.5144360115770561	0.5204557253818181	-0.006019713804761961
58250000	58299999	0.48780465757229424	0.5204557253818181	-0.032651067809523815
58300000	58349999	0.46381887301991326	0.5204557253818181	-0.0566368523619048
58350000	58399999	0.43869528959610377	0.5204557253818181	-0.08176043578571429
58400000	58449999	0.4317482902437228	0.5204557253818181	-0.08870743513809526
58450000	58499999	0.41837003723419897	0.5204557253818181	-0.10208568814761909
58500000	58549999	0.406333692134199	0.5204557253818181	-0.11412203324761905
58550000	58599999	0.4023500763484847	0.5204557253818181	-0.11810564903333337
58600000	58649999	0.38596589439610374	0.5204557253818181	-0.13448983098571432
58650000	58699999	0.37702213420086567	0.5204557253818181	-0.1434335911809524
58700000	58749999	0.35853032885324665	0.5204557253818181	-0.1619253965285714
58750000	58799999	0.33697577486753233	0.5204557253818181	-0.18347995051428573
58800000	58849999	0.3135056341913419	0.5204557253818181	-0.20695009119047614
58850000	58899999	0.3002173762532466	0.5204557253818181	-0.22023834912857143
58900000	58949999	0.2892005949246752	0.5204557253818181	-0.23125513045714285
58950000	58999999	0.2796888098532466	0.5204557253818181	-0.24076691552857143
59000000	59049999	0.2797789391389609	0.5204557253818181	-0.24067678624285715
59050000	59099999	0.2793126654437228	0.5204557253818181	-0.24114305993809526
59100000	59149999	0.27035361547229425	0.5204557253818181	-0.2501021099095238
59150000	59199999	0.27904220690562753	0.5204557253818181	-0.24141351847619053
59200000	59249999	0.27682247641991325	0.5204557253818181	-0.2436332489619048
59250000	59299999	0.28666630962943707	0.5204557253818181	-0.233789415752381
59300000	59349999	0.2938868461389609	0.5204557253818181	-0.22656887924285718
59350000	59399999	0.29895285620562756	0.5204557253818181	-0.2215028691761905
59400000	59449999	0.28550058201038947	0.5204557253818181	-0.2349551433714286
59450000	59499999	0.28194919742467517	0.5204557253818181	-0.2385065279571429
59500000	59549999	0.2866342305151514	0.5204557253818181	-0.23382149486666665
59550000	59599999	0.29501030500086567	0.5204557253818181	-0.2254454203809524
59600000	59649999	0.29331088740086564	0.5204557253818181	-0.22714483798095242
59650000	59699999	0.2927414056389609	0.5204557253818181	-0.22771431974285716
59700000	59749999	0.29303775387705616	0.5204557253818181	-0.2274179715047619
59750000	59799999	0.3003427440389609	0.5204557253818181	-0.22011298134285717
59800000	59849999	0.30878513993419904	0.5204557253818181	-0.21167058544761902
59850000	59899999	0.32116258789134183	0.5204557253818181	-0.19929313749047622
59900000	59949999	0.32057379470086567	0.5204557253818181	-0.1998819306809524
59950000	59999999	0.3275002956199133	0.5204557253818181	-0.19295542976190477
60000000	60049999	0.35846324462467516	0.5204557253818181	-0.1619924807571429
60050000	60099999	0.3946896640199133	0.5204557253818181	-0.12576606136190477
60100000	60149999	0.409351833034199	0.5204557253818181	-0.11110389234761908
60150000	60199999	0.42502480107705615	0.5204557253818181	-0.09543092430476191
60200000	60249999	0.4472474126008657	0.5204557253818181	-0.07320831278095236
60250000	60299999	0.4575336930627705	0.5204557253818181	-0.06292203231904758
60300000	60349999	0.46482435510086567	0.5204557253818181	-0.055631370280952386
60350000	60399999	0.46523411165800854	0.5204557253818181	-0.055221613723809515
60400000	60449999	0.4764333255246752	0.5204557253818181	-0.04402239985714285
60450000	60499999	0.49607353727229425	0.5204557253818181	-0.024382188109523806
60500000	60549999	0.49793730520562757	0.5204557253818181	-0.02251842017619049
60550000	60599999	0.503951037234199	0.5204557253818181	-0.016504688147619073
60600000	60649999	0.502278562538961	0.5204557253818181	-0.018177162842857086
60650000	60699999	0.5123833744246752	0.5204557253818181	-0.008072350957142871
60700000	60749999	0.5122513065580085	0.5204557253818181	-0.008204418823809512
60750000	60799999	0.5173486388532467	0.5204557253818181	-0.00310708652857139
60800000	60849999	0.5164233457056276	0.5204557253818181	-0.004032379676190412
60850000	60899999	0.5196822785532467	0.5204557253818181	-0.0007734468285713891
60900000	60949999	0.5145677058199133	0.5204557253818181	-0.005888019561904767
60950000	60999999	0.5064524893818181	0.5204557253818181	-0.014003235999999974
61000000	61049999	0.49479022105324666	0.5204557253818181	-0.025665504328571398
61050000	61099999	0.4675855906056276	0.5204557253818181	-0.05287013477619046
61100000	61149999	0.4322137143818181	0.5204557253818181	-0.08824201099999995
61150000	61199999	0.4071495805056276	0.5204557253818181	-0.11330614487619045
61200000	61249999	0.38638918825324664	0.5204557253818181	-0.13406653712857142
61250000	61299999	0.36455956584372284	0.5204557253818181	-0.1558961595380952
61300000	61349999	0.3561858729961038	0.5204557253818181	-0.16426985238571423
61350000	61399999	0.3529735358389609	0.5204557253818181	-0.16748218954285715
61400000	61449999	0.34172901280086565	0.5204557253818181	-0.1787267125809524
61450000	61499999	0.32865469221515137	0.5204557253818181	-0.1918010331666667
61500000	61549999	0.34266450178181806	0.5204557253818181	-0.1777912236
61550000	61599999	0.34205772113896094	0.5204557253818181	-0.17839800424285712
61600000	61649999	0.3354089600151514	0.5204557253818181	-0.18504676536666664
61650000	61699999	0.339235655734199	0.5204557253818181	-0.18122006964761905
61700000	61749999	0.3471427303580086	0.5204557253818181	-0.17331299502380948
61750000	61799999	0.34651494602467525	0.5204557253818181	-0.1739407793571428
61800000	61849999	0.3379484964056276	0.5204557253818181	-0.18250722897619048
61850000	61899999	0.3451900369913419	0.5204557253818181	-0.17526568839047618
61900000	61949999	0.3550116472246752	0.5204557253818181	-0.16544407815714285
61950000	61999999	0.3732038451722942	0.5204557253818181	-0.14725188020952384
62000000	62049999	0.3933902718294371	0.5204557253818181	-0.12706545355238097
62050000	62099999	0.4219316920389609	0.5204557253818181	-0.09852403334285714
62100000	62149999	0.46429985806277047	0.5204557253818181	-0.05615586731904759
62150000	62199999	0.5290528241580086	0.5204557253818181	0.008597098776190526
62200000	62249999	0.5806038085246752	0.5204557253818181	0.060148083142857134
62250000	62299999	0.64708717168658	0.5204557253818181	0.12663144630476197
62300000	62349999	0.6680707344056276	0.5204557253818181	0.14761500902380953
62350000	62399999	0.6951718615008656	0.5204557253818181	0.17471613611904757
62400000	62449999	0.7255200273437228	0.5204557253818181	0.20506430196190473
62450000	62499999	0.7865795061199132	0.5204557253818181	0.2661237807380952
62500000	62549999	0.8083768196484846	0.5204557253818181	0.28792109426666657
62550000	62599999	0.8279845429913419	0.5204557253818181	0.3075288176095239
62600000	62649999	0.8444489920389608	0.5204557253818181	0.3239932666571428
62650000	62699999	0.8597453521818181	0.5204557253818181	0.3392896268000001
62700000	62749999	0.8625410391056275	0.5204557253818181	0.34208531372380946
62750000	62799999	0.8690213063627703	0.5204557253818181	0.34856558098095225
62800000	62849999	0.8790530732484847	0.5204557253818181	0.35859734786666664
62850000	62899999	0.9097988929389609	0.5204557253818181	0.3893431675571428
62900000	62949999	0.9223743832627704	0.5204557253818181	0.4019186578809524
62950000	62999999	0.9287593061103895	0.5204557253818181	0.4083035807285714
63000000	63049999	0.915858510434199	0.5204557253818181	0.3954027850523809
63050000	63099999	0.905388232943723	0.5204557253818181	0.3849325075619049
63100000	63149999	0.8868295069627705	0.5204557253818181	0.36637378158095246
63150000	63199999	0.8583741360437228	0.5204557253818181	0.33791841066190476
63200000	63249999	0.7904155326532467	0.5204557253818181	0.26995980727142865
63250000	63299999	0.74531141518658	0.5204557253818181	0.2248556898047619
63300000	63349999	0.6906967788294371	0.5204557253818181	0.17024105344761908
63350000	63399999	0.665913789534199	0.5204557253818181	0.14545806415238094
63400000	63449999	0.6360844226056276	0.5204557253818181	0.11562869722380953
63450000	63499999	0.6290705247056276	0.5204557253818181	0.10861479932380957
63500000	63549999	0.6199470248770562	0.5204557253818181	0.09949129949523816
63550000	63599999	0.619442026334199	0.5204557253818181	0.09898630095238092
63600000	63649999	0.5971994672151514	0.5204557253818181	0.07674374183333332
63650000	63699999	0.6050773717627704	0.5204557253818181	0.08462164638095238
63700000	63749999	0.5910474433913419	0.5204557253818181	0.0705917180095238
63750000	63799999	0.5840072959627705	0.5204557253818181	0.0635515705809524
63800000	63849999	0.5707983283294371	0.5204557253818181	0.05034260294761905
63850000	63899999	0.5570291965103895	0.5204557253818181	0.036573471128571455
63900000	63949999	0.5357035187151514	0.5204557253818181	0.01524779333333337
63950000	63999999	0.5225183930151514	0.5204557253818181	0.0020626676333332927
64000000	64049999	0.5035152228722942	0.5204557253818181	-0.016940502509523836
64050000	64099999	0.5047429678389609	0.5204557253818181	-0.01571275754285717
64100000	64149999	0.5182522058103894	0.5204557253818181	-0.0022035195714286138
64150000	64199999	0.5133604916580086	0.5204557253818181	-0.007095233723809491
64200000	64249999	0.5133655217437229	0.5204557253818181	-0.007090203638095205
64250000	64299999	0.53406980888658	0.5204557253818181	0.013614083504761898
64300000	64349999	0.5559578840484847	0.5204557253818181	0.03550215866666662
64350000	64399999	0.5833466523103895	0.5204557253818181	0.06289092692857146
64400000	64449999	0.5976937405056276	0.5204557253818181	0.07723801512380957
64450000	64499999	0.6195814426913419	0.5204557253818181	0.0991257173095238
64500000	64549999	0.607853866381818	0.5204557253818181	0.08739814099999998
64550000	64599999	0.5716879414627705	0.5204557253818181	0.05123221608095241
64600000	64649999	0.5753525400103895	0.5204557253818181	0.05489681462857143
64650000	64699999	0.5789990796961038	0.5204557253818181	0.0585433543142857
64700000	64749999	0.557144122538961	0.5204557253818181	0.036688397157142894
64750000	64799999	0.5585910946151514	0.5204557253818181	0.03813536923333338
64800000	64849999	0.5662987127675323	0.5204557253818181	0.04584298738571424
64850000	64899999	0.5669839166532467	0.5204557253818181	0.0465281912714286
64900000	64949999	0.577219062938961	0.5204557253818181	0.05676333755714291
64950000	64999999	0.586329718334199	0.5204557253818181	0.06587399295238094
65000000	65049999	0.5950532778532466	0.5204557253818181	0.07459755247142852
65050000	65099999	0.6331828242056275	0.5204557253818181	0.11272709882380949
65100000	65149999	0.674953143134199	0.5204557253818181	0.1544974177523809
65150000	65199999	0.6728196206199133	0.5204557253818181	0.15236389523809524
65200000	65249999	0.68250655498658	0.5204557253818181	0.16205082960476191
65250000	65299999	0.6830545706151514	0.5204557253818181	0.16259884523333334
65300000	65349999	0.6837166610865799	0.5204557253818181	0.16326093570476186
65350000	65399999	0.6640509498627705	0.5204557253818181	0.1435952244809524
65400000	65449999	0.6201550305246751	0.5204557253818181	0.09969930514285708
65450000	65499999	0.61511335518658	0.5204557253818181	0.09465762980476189
65500000	65549999	0.6184700757627705	0.5204557253818181	0.09801435038095241
65550000	65599999	0.6205865706913418	0.5204557253818181	0.10013084530952376
65600000	65649999	0.6116661265056276	0.5204557253818181	0.09121040112380951
65650000	65699999	0.6012059855675324	0.5204557253818181	0.0807502601857143
65700000	65749999	0.588719978281818	0.5204557253818181	0.06826425289999993
65750000	65799999	0.5963362007580085	0.5204557253818181	0.07588047537619047
65800000	65849999	0.5995412938056276	0.5204557253818181	0.07908556842380954
65850000	65899999	0.591644092634199	0.5204557253818181	0.07118836725238098
65900000	65949999	0.5966270823722942	0.5204557253818181	0.07617135699047617
65950000	65999999	0.6565740121580086	0.5204557253818181	0.13611828677619053
66000000	66049999	0.654344717829437	0.5204557253818181	0.13388899244761898
66050000	66099999	0.6441495585199133	0.5204557253818181	0.12369383313809523
66100000	66149999	0.6205523632294372	0.5204557253818181	0.10009663784761913
66150000	66199999	0.58906694648658	0.5204557253818181	0.06861122110476192
66200000	66249999	0.5839613208246752	0.5204557253818181	0.06350559544285717
66250000	66299999	0.57621669188658	0.5204557253818181	0.05576096650476192
66300000	66349999	0.5732198830722942	0.5204557253818181	0.052764157690476154
66350000	66399999	0.556471775581818	0.5204557253818181	0.03601605019999998
66400000	66449999	0.5545001080961037	0.5204557253818181	0.03404438271428567
66450000	66499999	0.5669126527913418	0.5204557253818181	0.046456927409523785
66500000	66549999	0.5732141982818181	0.5204557253818181	0.05275847290000002
66550000	66599999	0.5618229186294371	0.5204557253818181	0.04136719324761906
66600000	66649999	0.5606822505961038	0.5204557253818181	0.04022652521428571
66650000	66699999	0.56525504078658	0.5204557253818181	0.0447993154047619
66700000	66749999	0.5651582203913419	0.5204557253818181	0.044702495009523835
66750000	66799999	0.57325322108658	0.5204557253818181	0.05279749570476189
66800000	66849999	0.5756832192770561	0.5204557253818181	0.05522749389523807
66850000	66899999	0.5809921530675324	0.5204557253818181	0.06053642768571432
66900000	66949999	0.5848311288294371	0.5204557253818181	0.06437540344761905
66950000	66999999	0.5764601779722942	0.5204557253818181	0.05600445259047615
67000000	67049999	0.5100751877770562	0.5204557253818181	-0.010380537604761875
67050000	67099999	0.5085856293103895	0.5204557253818181	-0.011870096071428526
67100000	67149999	0.5250957214675324	0.5204557253818181	0.004639996085714304
67150000	67199999	0.5388359334913418	0.5204557253818181	0.018380208109523788
67200000	67249999	0.5431056564865799	0.5204557253818181	0.022649931104761878
67250000	67299999	0.5364930836913419	0.5204557253818181	0.016037358309523797
67300000	67349999	0.5407628732722942	0.5204557253818181	0.020307147890476163
67350000	67399999	0.5344637047532467	0.5204557253818181	0.014007979371428614
67400000	67449999	0.5314553933722943	0.5204557253818181	0.010999667990476247
67450000	67499999	0.5455469141532466	0.5204557253818181	0.025091188771428574
67500000	67549999	0.5494327595008657	0.5204557253818181	0.028977034119047618
67550000	67599999	0.5539773283103895	0.5204557253818181	0.033521602928571426
67600000	67649999	0.5404885483722942	0.5204557253818181	0.02003282299047615
67650000	67699999	0.5209054029199133	0.5204557253818181	0.0004496775380952167
67700000	67749999	0.5133728517722942	0.5204557253818181	-0.007082873609523865
67750000	67799999	0.5088192571294371	0.5204557253818181	-0.01163646825238096
67800000	67849999	0.5031922390437228	0.5204557253818181	-0.01726348633809527
67850000	67899999	0.5062600010294371	0.5204557253818181	-0.014195724352380923
67900000	67949999	0.5169328525770561	0.5204557253818181	-0.003522872804761934
67950000	67999999	0.5254926615865799	0.5204557253818181	0.005036936204761866
68000000	68049999	0.5415031854722943	0.5204557253818181	0.0210474600904762
68050000	68099999	0.5641979327484847	0.5204557253818181	0.043742207366666674
68100000	68149999	0.5849178027770562	0.5204557253818181	0.06446207739523813
68150000	68199999	0.5830798816056275	0.5204557253818181	0.06262415622380946
68200000	68249999	0.577728820334199	0.5204557253818181	0.057273094952380976
68250000	68299999	0.5791591619961037	0.5204557253818181	0.058703436614285676
68300000	68349999	0.5913990231151514	0.5204557253818181	0.0709432977333333
68350000	68399999	0.6107352357389609	0.5204557253818181	0.09027951035714288
68400000	68449999	0.6364347312580085	0.5204557253818181	0.11597900587619048
68450000	68499999	0.661422393881818	0.5204557253818181	0.14096666849999995
68500000	68549999	0.6684810546484847	0.5204557253818181	0.14802532926666667
68550000	68599999	0.6857370337675324	0.5204557253818181	0.1652813083857143
68600000	68649999	0.693515491529437	0.5204557253818181	0.17305976614761898
68650000	68699999	0.7200420712103894	0.5204557253818181	0.19958634582857138
68700000	68749999	0.7479160188008657	0.5204557253818181	0.2274602934190476
68750000	68799999	0.7697085759151514	0.5204557253818181	0.24925285053333335
68800000	68849999	0.7697296118389609	0.5204557253818181	0.24927388645714288
68850000	68899999	0.77485358468658	0.5204557253818181	0.254397859304762
68900000	68949999	0.7717728252818181	0.5204557253818181	0.25131709990000006
68950000	68999999	0.7686733230103895	0.5204557253818181	0.24821759762857143
69000000	69049999	0.7555375834818181	0.5204557253818181	0.23508185810000004
69050000	69099999	0.7466800250865799	0.5204557253818181	0.22622429970476188
69100000	69149999	0.7477307906437228	0.5204557253818181	0.22727506526190477
69150000	69199999	0.771989186329437	0.5204557253818181	0.25153346094761897
69200000	69249999	0.7670412876484847	0.5204557253818181	0.2465855622666666
69250000	69299999	0.7708298206627704	0.5204557253818181	0.25037409528095234
69300000	69349999	0.7690632422008656	0.5204557253818181	0.24860751681904758
69350000	69399999	0.7757520089913419	0.5204557253818181	0.25529628360952383
69400000	69449999	0.7733426447246752	0.5204557253818181	0.2528869193428571
69450000	69499999	0.7749193119532465	0.5204557253818181	0.2544635865714284
69500000	69549999	0.7716589968675324	0.5204557253818181	0.2512032714857143
69550000	69599999	0.766079886481818	0.5204557253818181	0.24562416109999996
69600000	69649999	0.774237475838961	0.5204557253818181	0.2537817504571429
69650000	69699999	0.765614605481818	0.5204557253818181	0.24515888009999998
69700000	69749999	0.7593798543722943	0.5204557253818181	0.23892412899047621
69750000	69799999	0.7491002042151514	0.5204557253818181	0.2286444788333334
69800000	69849999	0.730001684738961	0.5204557253818181	0.20954595935714293
69850000	69899999	0.7332254533294371	0.5204557253818181	0.21276972794761906
69900000	69949999	0.7302367573627704	0.5204557253818181	0.20978103198095233
69950000	69999999	0.730595452734199	0.5204557253818181	0.21013972735238096
70000000	70049999	0.7352500233484848	0.5204557253818181	0.21479429796666671
70050000	70099999	0.7518140230151513	0.5204557253818181	0.23135829763333327
70100000	70149999	0.7707648501580086	0.5204557253818181	0.2503091247761905
70150000	70199999	0.7698100921722942	0.5204557253818181	0.24935436679047618
70200000	70249999	0.7701772284770562	0.5204557253818181	0.2497215030952381
70250000	70299999	0.7736333407675324	0.5204557253818181	0.25317761538571437
70300000	70349999	0.7566399133008657	0.5204557253818181	0.2361841879190476
70350000	70399999	0.7457650522246752	0.5204557253818181	0.2253093268428571
70400000	70449999	0.7355515003246751	0.5204557253818181	0.21509577494285703
70450000	70499999	0.7332508837246752	0.5204557253818181	0.21279515834285712
70500000	70549999	0.7229421219294371	0.5204557253818181	0.20248639654761902
70550000	70599999	0.7511183964294371	0.5204557253818181	0.23066267104761906
70600000	70649999	0.7615700006151515	0.5204557253818181	0.2411142752333334
70650000	70699999	0.7465323611389609	0.5204557253818181	0.22607663575714287
70700000	70749999	0.7495134688484847	0.5204557253818181	0.22905774346666663
70750000	70799999	0.758022764381818	0.5204557253818181	0.23756703899999998
70800000	70849999	0.7543727063008656	0.5204557253818181	0.23391698091904756
70850000	70899999	0.7839357671103895	0.5204557253818181	0.2634800417285714
70900000	70949999	0.79387268538658	0.5204557253818181	0.2734169600047619
70950000	70999999	0.7972503000008657	0.5204557253818181	0.27679457461904766
71000000	71049999	0.7959895357389609	0.5204557253818181	0.27553381035714286
71050000	71099999	0.7922100276056276	0.5204557253818181	0.2717543022238096
71100000	71149999	0.8074444845103895	0.5204557253818181	0.28698875912857147
71150000	71199999	0.8185747490008657	0.5204557253818181	0.29811902361904763
71200000	71249999	0.8306397916961037	0.5204557253818181	0.31018406631428563
71250000	71299999	0.8071651518675323	0.5204557253818181	0.2867094264857143
71300000	71349999	0.8063292557151515	0.5204557253818181	0.2858735303333334
71350000	71399999	0.8280894619627704	0.5204557253818181	0.3076337365809524
71400000	71449999	0.8373652857008657	0.5204557253818181	0.3169095603190476
71450000	71499999	0.8549610320913419	0.5204557253818181	0.33450530670952383
71500000	71549999	0.8934685372199134	0.5204557253818181	0.3730128118380953
71550000	71599999	0.9158799381722942	0.5204557253818181	0.3954242127904761
71600000	71649999	0.8969854486056276	0.5204557253818181	0.3765297232238095
71650000	71699999	0.9081585278056277	0.5204557253818181	0.3877028024238096
71700000	71749999	0.9114902284294372	0.5204557253818181	0.3910345030476191
71750000	71799999	0.9224977579770561	0.5204557253818181	0.4020420325952381
71800000	71849999	0.9312479998627704	0.5204557253818181	0.41079227448095235
71850000	71899999	0.9263055512580086	0.5204557253818181	0.40584982587619056
71900000	71949999	0.9058441657056275	0.5204557253818181	0.3853884403238095
71950000	71999999	0.8981355488103895	0.5204557253818181	0.3776798234285714
72000000	72049999	0.8909828145246752	0.5204557253818181	0.37052708914285715
72050000	72099999	0.8823679547008657	0.5204557253818181	0.36191222931904765
72100000	72149999	0.8773457348532467	0.5204557253818181	0.3568900094714287
72150000	72199999	0.8431096423056277	0.5204557253818181	0.3226539169238096
72200000	72249999	0.8076143814913419	0.5204557253818181	0.28715865610952385
72250000	72299999	0.7732928608103895	0.5204557253818181	0.25283713542857145
72300000	72349999	0.7510525609103895	0.5204557253818181	0.23059683552857146
72350000	72399999	0.7435946994675323	0.5204557253818181	0.22313897408571426
72400000	72449999	0.7101445714580085	0.5204557253818181	0.1896888460761904
72450000	72499999	0.7015147458008657	0.5204557253818181	0.18105902041904764
72500000	72549999	0.6749455849580086	0.5204557253818181	0.15448985957619055
72550000	72599999	0.6158459411675323	0.5204557253818181	0.09539021578571427
72600000	72649999	0.5686068561722942	0.5204557253818181	0.04815113079047617
72650000	72699999	0.5461261098008656	0.5204557253818181	0.025670384419047565
72700000	72749999	0.5037326379913418	0.5204557253818181	-0.016723087390476232
72750000	72799999	0.4881852190913419	0.5204557253818181	-0.032270506290476175
72800000	72849999	0.4578629731103895	0.5204557253818181	-0.06259275227142858
72850000	72899999	0.4247281884246752	0.5204557253818181	-0.09572753695714287
72900000	72949999	0.4199135896199133	0.5204557253818181	-0.10054213576190474
72950000	72999999	0.4106289669103895	0.5204557253818181	-0.10982675847142853
73000000	73049999	0.39714165608658	0.5204557253818181	-0.12331406929523808
73050000	73099999	0.3931133824961038	0.5204557253818181	-0.12734234288571428
73100000	73149999	0.3918128780294371	0.5204557253818181	-0.12864284735238096
73150000	73199999	0.3794084109818181	0.5204557253818181	-0.14104731439999996
73200000	73249999	0.3844485853770562	0.5204557253818181	-0.13600714000476188
73250000	73299999	0.37662241298657995	0.5204557253818181	-0.1438333123952381
73300000	73349999	0.3719378013246752	0.5204557253818181	-0.14851792405714287
73350000	73399999	0.3623626887056276	0.5204557253818181	-0.15809303667619046
73400000	73449999	0.35262759533896093	0.5204557253818181	-0.16782813004285713
73450000	73499999	0.3586429576103895	0.5204557253818181	-0.16181276777142856
73500000	73549999	0.3494801869484847	0.5204557253818181	-0.17097553843333335
73550000	73599999	0.3482038555199133	0.5204557253818181	-0.17225186986190477
73600000	73649999	0.3440303713389609	0.5204557253818181	-0.17642535404285714
73650000	73699999	0.35418608817229424	0.5204557253818181	-0.1662696372095238
73700000	73749999	0.3585810618008657	0.5204557253818181	-0.16187466358095237
73750000	73799999	0.379359759734199	0.5204557253818181	-0.14109596564761906
73800000	73849999	0.39116432646277044	0.5204557253818181	-0.12929139891904762
73850000	73899999	0.3999286511294371	0.5204557253818181	-0.12052707425238096
73900000	73949999	0.4271616769246752	0.5204557253818181	-0.09329404845714284
73950000	73999999	0.4438372866675323	0.5204557253818181	-0.07661843871428575
74000000	74049999	0.4657972797389609	0.5204557253818181	-0.054658445642857156
74050000	74099999	0.4950858270437228	0.5204557253818181	-0.025369898338095276
74100000	74149999	0.5264080629151514	0.5204557253818181	0.005952337533333352
74150000	74199999	0.5418386971437228	0.5204557253818181	0.021382971761904734
74200000	74249999	0.5592948439532466	0.5204557253818181	0.03883911857142852
74250000	74299999	0.5703138548151514	0.5204557253818181	0.04985812943333334
74300000	74349999	0.6055118979103895	0.5204557253818181	0.08505617252857145
74350000	74399999	0.6336368917437228	0.5204557253818181	0.11318116636190478
74400000	74449999	0.6554037410675323	0.5204557253818181	0.13494801568571424
74450000	74499999	0.6607124034627704	0.5204557253818181	0.14025667808095232
74500000	74549999	0.6657197952389609	0.5204557253818181	0.1452640698571428
74550000	74599999	0.6640041229103895	0.5204557253818181	0.1435483975285714
74600000	74649999	0.6570586280770562	0.5204557253818181	0.13660290269523812
74650000	74699999	0.6584197886675324	0.5204557253818181	0.1379640632857143
74700000	74749999	0.6537401071056276	0.5204557253818181	0.13328438172380952
74750000	74799999	0.6396675387580085	0.5204557253818181	0.11921181337619047
74800000	74849999	0.6213125617437228	0.5204557253818181	0.10085683636190479
74850000	74899999	0.6086281225437228	0.5204557253818181	0.08817239716190473
74900000	74949999	0.6010113729961037	0.5204557253818181	0.08055564761428569
74950000	74999999	0.5830165000961037	0.5204557253818181	0.06256077471428567
75000000	75049999	0.576161461134199	0.5204557253818181	0.055705735752380914
75050000	75099999	0.5568087924056275	0.5204557253818181	0.03635306702380947
75100000	75149999	0.5344726114913418	0.5204557253818181	0.014016886109523785
75150000	75199999	0.5167447165532466	0.5204557253818181	-0.0037110088285714493
75200000	75249999	0.5166163828770561	0.5204557253818181	-0.0038393425047619223
75250000	75299999	0.5108902589722942	0.5204557253818181	-0.009565466409523826
75300000	75349999	0.4983351413675323	0.5204557253818181	-0.022120584014285738
75350000	75399999	0.4861089674246752	0.5204557253818181	-0.03434675795714287
75400000	75449999	0.48253489258181803	0.5204557253818181	-0.037920832800000026
75450000	75499999	0.4790424369103895	0.5204557253818181	-0.041413288471428555
75500000	75549999	0.511459510434199	0.5204557253818181	-0.008996214947619041
75550000	75599999	0.5321822577008657	0.5204557253818181	0.011726532319047633
75600000	75649999	0.5543307685008657	0.5204557253818181	0.033875043119047654
75650000	75699999	0.5837798516484848	0.5204557253818181	0.06332412626666672
75700000	75749999	0.6087419614151514	0.5204557253818181	0.0882862360333333
75750000	75799999	0.6330053785008657	0.5204557253818181	0.11254965311904763
75800000	75849999	0.6527078114818181	0.5204557253818181	0.13225208610000005
75850000	75899999	0.6682245677913419	0.5204557253818181	0.14776884240952382
75900000	75949999	0.6845147310484847	0.5204557253818181	0.16405900566666665
75950000	75999999	0.7111867095151514	0.5204557253818181	0.19073098413333334
76000000	76049999	0.7216466947580086	0.5204557253818181	0.20119096937619052
76050000	76099999	0.7269941889913419	0.5204557253818181	0.20653846360952388
76100000	76149999	0.7410005779675324	0.5204557253818181	0.22054485258571432
76150000	76199999	0.7479213896199134	0.5204557253818181	0.22746566423809533
76200000	76249999	0.7644107762627704	0.5204557253818181	0.24395505088095237
76250000	76299999	0.7860810258294371	0.5204557253818181	0.265625300447619
76300000	76349999	0.8139766554246752	0.5204557253818181	0.2935209300428572
76350000	76399999	0.8377958325246753	0.5204557253818181	0.3173401071428572
76400000	76449999	0.8616205027675324	0.5204557253818181	0.3411647773857144
76450000	76499999	0.860446521834199	0.5204557253818181	0.33999079645238095
76500000	76549999	0.8556860982199134	0.5204557253818181	0.3352303728380953
76550000	76599999	0.8303062425199134	0.5204557253818181	0.3098505171380953
76600000	76649999	0.8145301959199134	0.5204557253818181	0.2940744705380953
76650000	76699999	0.8153867354580087	0.5204557253818181	0.2949310100761906
76700000	76749999	0.8402702232151514	0.5204557253818181	0.3198144978333334
76750000	76799999	0.8238762764913419	0.5204557253818181	0.3034205511095238
76800000	76849999	0.8157157706913419	0.5204557253818181	0.2952600453095239
76850000	76899999	0.8134300782294371	0.5204557253818181	0.2929743528476191
76900000	76949999	0.8094758745818181	0.5204557253818181	0.2890201492000001
76950000	76999999	0.7920781830341991	0.5204557253818181	0.271622457652381
77000000	77049999	0.7635427062056276	0.5204557253818181	0.24308698082380953
77050000	77099999	0.7449116023913419	0.5204557253818181	0.22445587700952385
77100000	77149999	0.7264235729103895	0.5204557253818181	0.20596784752857145
77150000	77199999	0.7050374561580086	0.5204557253818181	0.18458173077619056
77200000	77249999	0.6931483271627704	0.5204557253818181	0.17269260178095236
77250000	77299999	0.6681459254151514	0.5204557253818181	0.14769020003333333
77300000	77349999	0.6327117814103895	0.5204557253818181	0.11225605602857147
77350000	77399999	0.5895224837722942	0.5204557253818181	0.06906675839047616
77400000	77449999	0.5635956108580086	0.5204557253818181	0.04313988547619052
77450000	77499999	0.52534706198658	0.5204557253818181	0.004891336604761931
77500000	77549999	0.5068243585532466	0.5204557253818181	-0.013631366828571467
77550000	77599999	0.49272872610086565	0.5204557253818181	-0.027726999280952402
77600000	77649999	0.4752450410008657	0.5204557253818181	-0.04521068438095238
77650000	77699999	0.4564172211151514	0.5204557253818181	-0.06403850426666668
77700000	77749999	0.43131785565324665	0.5204557253818181	-0.0891378697285714
77750000	77799999	0.38250797039610374	0.5204557253818181	-0.13794775498571432
77800000	77849999	0.3837543440199133	0.5204557253818181	-0.13670138136190474
77850000	77899999	0.3751969343484847	0.5204557253818181	-0.14525879103333333
77900000	77949999	0.3584255599294371	0.5204557253818181	-0.16203016545238097
77950000	77999999	0.34602800541515133	0.5204557253818181	-0.17442771996666673
78000000	78049999	0.3513854494294371	0.5204557253818181	-0.16907027595238094
78050000	78099999	0.3573879922913418	0.5204557253818181	-0.16306773309047623
78100000	78149999	0.35606927608181804	0.5204557253818181	-0.16438644930000001
78150000	78199999	0.35342878994372284	0.5204557253818181	-0.16702693543809521
78200000	78249999	0.3673092610008657	0.5204557253818181	-0.15314646438095236
78250000	78299999	0.3666484777151514	0.5204557253818181	-0.15380724766666665
78300000	78349999	0.37249316085800854	0.5204557253818181	-0.14796256452380951
78350000	78399999	0.3638115379389609	0.5204557253818181	-0.15664418744285713
78400000	78449999	0.3621213898627704	0.5204557253818181	-0.15833433551904763
78450000	78499999	0.35981196279610383	0.5204557253818181	-0.16064376258571422
78500000	78549999	0.34911976581515136	0.5204557253818181	-0.1713359595666667
78550000	78599999	0.3482129106008657	0.5204557253818181	-0.17224281478095238
78600000	78649999	0.3462918691199133	0.5204557253818181	-0.17416385626190478
78650000	78699999	0.3491231955770561	0.5204557253818181	-0.17133252980476193
78700000	78749999	0.35412932973419897	0.5204557253818181	-0.16632639564761909
78750000	78799999	0.3601060244913419	0.5204557253818181	-0.16034970089047618
78800000	78849999	0.35936443513896094	0.5204557253818181	-0.16109129024285712
78850000	78899999	0.35282312109134184	0.5204557253818181	-0.16763260429047622
78900000	78949999	0.3368684179294371	0.5204557253818181	-0.18358730745238094
78950000	78999999	0.34563591497705615	0.5204557253818181	-0.1748198104047619
79000000	79049999	0.34787048760562755	0.5204557253818181	-0.1725852377761905
79050000	79099999	0.34445333097229425	0.5204557253818181	-0.1760023944095238
79100000	79149999	0.33436530868658	0.5204557253818181	-0.18609041669523807
79150000	79199999	0.3489224971103895	0.5204557253818181	-0.17153322827142858
79200000	79249999	0.3468562301151514	0.5204557253818181	-0.17359949526666668
79250000	79299999	0.3401275171199133	0.5204557253818181	-0.18032820826190477
79300000	79349999	0.3382036050437228	0.5204557253818181	-0.18225212033809524
79350000	79399999	0.30559038143896095	0.5204557253818181	-0.2148653439428571
79400000	79449999	0.3007883819484848	0.5204557253818181	-0.21966734343333327
79450000	79499999	0.2990792647199133	0.5204557253818181	-0.22137646066190475
79500000	79549999	0.2993129084818181	0.5204557253818181	-0.22114281689999998
79550000	79599999	0.3003481115199133	0.5204557253818181	-0.22010761386190475
79600000	79649999	0.3027474984580085	0.5204557253818181	-0.21770822692380953
79650000	79699999	0.3584739547675324	0.5204557253818181	-0.16198177061428565
79700000	79749999	0.39331736690562763	0.5204557253818181	-0.12713835847619043
79750000	79799999	0.4261927483151514	0.5204557253818181	-0.09426297706666664
79800000	79849999	0.4577161803151514	0.5204557253818181	-0.06273954506666668
79850000	79899999	0.47355623217705617	0.5204557253818181	-0.04689949320476189
79900000	79949999	0.5017586326865799	0.5204557253818181	-0.018697092695238116
79950000	79999999	0.5238943355484847	0.5204557253818181	0.003438610166666689
80000000	80049999	0.5224563816151514	0.5204557253818181	0.002000656233333342
80050000	80099999	0.5282177578484847	0.5204557253818181	0.007762032466666624
80100000	80149999	0.5179093163913419	0.5204557253818181	-0.002546408990476201
80150000	80199999	0.5168264011008656	0.5204557253818181	-0.0036293242809524173
80200000	80249999	0.5041664532818181	0.5204557253818181	-0.016289272099999974
80250000	80299999	0.5144832184770561	0.5204557253818181	-0.005972506904761921
80300000	80349999	0.5073265661103895	0.5204557253818181	-0.013129159271428548
80350000	80399999	0.5056543725008656	0.5204557253818181	-0.014801352880952412
80400000	80449999	0.5319805475056276	0.5204557253818181	0.011524822123809564
80450000	80499999	0.5451748103770562	0.5204557253818181	0.024719084995238116
80500000	80549999	0.5562335165151514	0.5204557253818181	0.03577779113333335
80550000	80599999	0.5556575358484848	0.5204557253818181	0.035201810466666705
80600000	80649999	0.5595309667484847	0.5204557253818181	0.039075241366666624
80650000	80699999	0.5472946782484848	0.5204557253818181	0.02683895286666671
80700000	80749999	0.49188437908181804	0.5204557253818181	-0.028571346300000022
80750000	80799999	0.46437548005800855	0.5204557253818181	-0.05608024532380951
80800000	80849999	0.4291299248151514	0.5204557253818181	-0.09132580056666667
80850000	80899999	0.3891552105389609	0.5204557253818181	-0.13130051484285715
80900000	80949999	0.3756939232770562	0.5204557253818181	-0.14476180210476186
80950000	80999999	0.33928337455324664	0.5204557253818181	-0.18117235082857142
81000000	81049999	0.3298366611722942	0.5204557253818181	-0.19061906420952385
81050000	81099999	0.32898918152467527	0.5204557253818181	-0.1914665438571428
81100000	81149999	0.32283297758181806	0.5204557253818181	-0.1976227478
81150000	81199999	0.3367501966294371	0.5204557253818181	-0.18370552875238094
81200000	81249999	0.3447393166056276	0.5204557253818181	-0.17571640877619044
81250000	81299999	0.3528419406008657	0.5204557253818181	-0.16761378478095235
81300000	81349999	0.3505760111103895	0.5204557253818181	-0.16987971427142856
81350000	81399999	0.3511343163246752	0.5204557253818181	-0.16932140905714288
81400000	81449999	0.3564034506437228	0.5204557253818181	-0.16405227473809525
81450000	81499999	0.3556489587627704	0.5204557253818181	-0.16480676661904764
81500000	81549999	0.3588413668484847	0.5204557253818181	-0.16161435853333334
81550000	81599999	0.34870608645324663	0.5204557253818181	-0.17174963892857142
81600000	81649999	0.34748263308658	0.5204557253818181	-0.17297309229523805
81650000	81699999	0.3442686569532466	0.5204557253818181	-0.17618706842857146
81700000	81749999	0.35295006877229423	0.5204557253818181	-0.16750565660952382
81750000	81799999	0.3467801675246752	0.5204557253818181	-0.17367555785714284
81800000	81849999	0.3378347636389609	0.5204557253818181	-0.18262096174285714
81850000	81899999	0.33728732978657994	0.5204557253818181	-0.18316839559523812
81900000	81949999	0.34329814659610375	0.5204557253818181	-0.1771575787857143
81950000	81999999	0.33662998331991323	0.5204557253818181	-0.18382574206190483
82000000	82049999	0.33951683288181805	0.5204557253818181	-0.1809388925
82050000	82099999	0.3342793497103895	0.5204557253818181	-0.18617637567142858
82100000	82149999	0.3279199247580085	0.5204557253818181	-0.19253580062380954
82150000	82199999	0.32782511470086567	0.5204557253818181	-0.19263061068095239
82200000	82249999	0.33342371433419904	0.5204557253818181	-0.18703201104761902
82250000	82299999	0.3326628468056276	0.5204557253818181	-0.18779287857619048
82300000	82349999	0.32448615076277043	0.5204557253818181	-0.19596957461904763
82350000	82399999	0.32795472042943713	0.5204557253818181	-0.19250100495238093
82400000	82449999	0.33008938588181813	0.5204557253818181	-0.19036633949999993
82450000	82499999	0.32985689009610375	0.5204557253818181	-0.1905988352857143
82500000	82549999	0.3301598107389609	0.5204557253818181	-0.19029591464285717
82550000	82599999	0.3182141555675323	0.5204557253818181	-0.20224156981428576
82600000	82649999	0.3146019889580085	0.5204557253818181	-0.20585373642380955
82650000	82699999	0.3039562573294371	0.5204557253818181	-0.21649946805238096
82700000	82749999	0.30884454099134184	0.5204557253818181	-0.21161118439047621
82750000	82799999	0.3066086833627704	0.5204557253818181	-0.21384704201904764
82800000	82849999	0.31396519308181803	0.5204557253818181	-0.20649053230000003
82850000	82899999	0.3288613170294371	0.5204557253818181	-0.19159440835238095
82900000	82949999	0.35300468197705615	0.5204557253818181	-0.1674510434047619
82950000	82999999	0.37028265567705615	0.5204557253818181	-0.1501730697047619
83000000	83049999	0.3895874114056276	0.5204557253818181	-0.13086831397619048
83050000	83099999	0.42031518070562757	0.5204557253818181	-0.10014054467619049
83100000	83149999	0.437606760481818	0.5204557253818181	-0.08284896490000004
83150000	83199999	0.4536817675389609	0.5204557253818181	-0.06677395784285717
83200000	83249999	0.4654718840437228	0.5204557253818181	-0.05498384133809525
83250000	83299999	0.4705892995913418	0.5204557253818181	-0.04986642579047623
83300000	83349999	0.4672365484246752	0.5204557253818181	-0.053219176957142844
83350000	83399999	0.47112932410086567	0.5204557253818181	-0.04932640128095239
83400000	83449999	0.4644350906532466	0.5204557253818181	-0.05602063472857144
83450000	83499999	0.4611316269770561	0.5204557253818181	-0.05932409840476194
83500000	83549999	0.46132866458181804	0.5204557253818181	-0.05912706080000002
83550000	83599999	0.45145772373896087	0.5204557253818181	-0.06899800164285719
83600000	83649999	0.4504228623008657	0.5204557253818181	-0.07003286308095236
83650000	83699999	0.45521357966753234	0.5204557253818181	-0.06524214571428572
83700000	83749999	0.46412395456277045	0.5204557253818181	-0.05633177081904761
83750000	83799999	0.4594632758627704	0.5204557253818181	-0.06099244951904764
83800000	83849999	0.4629386728246752	0.5204557253818181	-0.057517052557142845
83850000	83899999	0.46143027647229423	0.5204557253818181	-0.059025448909523826
83900000	83949999	0.44380110041038945	0.5204557253818181	-0.07665462497142861
83950000	83999999	0.4200125988294371	0.5204557253818181	-0.10044312655238097
84000000	84049999	0.39254788190086565	0.5204557253818181	-0.1279078434809524
84050000	84099999	0.3738919649961037	0.5204557253818181	-0.14656376038571434
84100000	84149999	0.34262512720562754	0.5204557253818181	-0.1778305981761905
84150000	84199999	0.32479116994848467	0.5204557253818181	-0.1956645554333334
84200000	84249999	0.31258727337705616	0.5204557253818181	-0.2078684520047619
84250000	84299999	0.2930271409865799	0.5204557253818181	-0.22742858439523816
84300000	84349999	0.2755509662008657	0.5204557253818181	-0.24490475918095234
84350000	84399999	0.27572912072467526	0.5204557253818181	-0.2447266046571428
84400000	84449999	0.2723572578294371	0.5204557253818181	-0.24809846755238096
84450000	84499999	0.2737414330675323	0.5204557253818181	-0.24671429231428577
84500000	84549999	0.27738163616277045	0.5204557253818181	-0.2430740892190476
84550000	84599999	0.2779502014103895	0.5204557253818181	-0.24250552397142855
84600000	84649999	0.28732958451515134	0.5204557253818181	-0.23312614086666672
84650000	84699999	0.29386242424848474	0.5204557253818181	-0.2265933011333333
84700000	84749999	0.3024213560580085	0.5204557253818181	-0.21803436932380954
84750000	84799999	0.31010984788181806	0.5204557253818181	-0.2103458775
84800000	84849999	0.3111459262103895	0.5204557253818181	-0.20930979917142856
84850000	84899999	0.30855895547705614	0.5204557253818181	-0.21189676990476192
84900000	84949999	0.3131873713199133	0.5204557253818181	-0.20726835406190475
84950000	84999999	0.3154793020532466	0.5204557253818181	-0.20497642332857147
85000000	85049999	0.3239691578961038	0.5204557253818181	-0.19648656748571425
85050000	85099999	0.33028168747705616	0.5204557253818181	-0.1901740379047619
85100000	85149999	0.3303221351770561	0.5204557253818181	-0.19013359020476195
85150000	85199999	0.3428210433627704	0.5204557253818181	-0.17763468201904764
85200000	85249999	0.34571529757229424	0.5204557253818181	-0.1747404278095238
85250000	85299999	0.3522290954580085	0.5204557253818181	-0.16822662992380955
85300000	85349999	0.3629922661627704	0.5204557253818181	-0.15746345921904764
85350000	85399999	0.3648124408770561	0.5204557253818181	-0.15564328450476195
85400000	85449999	0.37744980601038947	0.5204557253818181	-0.1430059193714286
85450000	85499999	0.38617724558657995	0.5204557253818181	-0.1342784797952381
85500000	85549999	0.3876053746961038	0.5204557253818181	-0.13285035068571427
85550000	85599999	0.38831991729134185	0.5204557253818181	-0.1321358080904762
85600000	85649999	0.39570388894372277	0.5204557253818181	-0.12475183643809529
85650000	85699999	0.38897803879134185	0.5204557253818181	-0.1314776865904762
85700000	85749999	0.394767908734199	0.5204557253818181	-0.12568781664761908
85750000	85799999	0.3950512995437228	0.5204557253818181	-0.12540442583809525
85800000	85849999	0.38402586518657994	0.5204557253818181	-0.13642986019523812
85850000	85899999	0.3883330363770562	0.5204557253818181	-0.13212268900476187
85900000	85949999	0.3875395201008657	0.5204557253818181	-0.13291620528095238
85950000	85999999	0.3794057998484847	0.5204557253818181	-0.14104992553333334
86000000	86049999	0.38501219429134187	0.5204557253818181	-0.1354435310904762
86050000	86099999	0.3782244434437228	0.5204557253818181	-0.14223128193809526
86100000	86149999	0.38222511827705613	0.5204557253818181	-0.13823060710476193
86150000	86199999	0.3834521083580085	0.5204557253818181	-0.13700361702380953
86200000	86249999	0.370330278881818	0.5204557253818181	-0.15012544650000004
86250000	86299999	0.3673747810294371	0.5204557253818181	-0.15308094435238095
86300000	86349999	0.3605105595056276	0.5204557253818181	-0.15994516587619045
86350000	86399999	0.35084106278181804	0.5204557253818181	-0.16961466260000002
86400000	86449999	0.3419945628675324	0.5204557253818181	-0.17846116251428568
86450000	86499999	0.32280938068657994	0.5204557253818181	-0.19764634469523812
86500000	86549999	0.3127997661056276	0.5204557253818181	-0.20765595927619046
86550000	86599999	0.3202445581056275	0.5204557253818181	-0.20021116727619054
86600000	86649999	0.3167385741532466	0.5204557253818181	-0.20371715122857148
86650000	86699999	0.2987422069532466	0.5204557253818181	-0.22171351842857145
86700000	86749999	0.2961716766199133	0.5204557253818181	-0.22428404876190478
86750000	86799999	0.28992817896753237	0.5204557253818181	-0.2305275464142857
86800000	86849999	0.280615394481818	0.5204557253818181	-0.23984033090000006
86850000	86899999	0.2822966164437228	0.5204557253818181	-0.23815910893809528
86900000	86949999	0.28609233721515137	0.5204557253818181	-0.2343633881666667
86950000	86999999	0.2839945175008657	0.5204557253818181	-0.23646120788095237
87000000	87049999	0.28145008868657995	0.5204557253818181	-0.2390056366952381
87050000	87099999	0.2737092566961038	0.5204557253818181	-0.24674646868571426
87100000	87149999	0.36337676794372287	0.5204557253818181	-0.1570789574380952
87150000	87199999	0.3612809481294371	0.5204557253818181	-0.15917477725238094
87200000	87249999	0.36529879175324664	0.5204557253818181	-0.15515693362857141
87250000	87299999	0.36481583663419903	0.5204557253818181	-0.15563988874761903
87300000	87349999	0.3543215781437228	0.5204557253818181	-0.16613414723809528
87350000	87399999	0.352995043981818	0.5204557253818181	-0.16746068140000003
87400000	87449999	0.36044542054372286	0.5204557253818181	-0.1600103048380952
87450000	87499999	0.3637537688913418	0.5204557253818181	-0.15670195649047625
87500000	87549999	0.37107271759134186	0.5204557253818181	-0.1493830077904762
87550000	87599999	0.3641020790580085	0.5204557253818181	-0.15635364632380955
87600000	87649999	0.35355698611515135	0.5204557253818181	-0.1668987392666667
87650000	87699999	0.36063466482467516	0.5204557253818181	-0.1598210605571429
87700000	87749999	0.376847355181818	0.5204557253818181	-0.14360837020000006
87750000	87799999	0.39175960068181803	0.5204557253818181	-0.12869612470000003
87800000	87849999	0.3850789479246752	0.5204557253818181	-0.13537677745714288
87850000	87899999	0.38917340826753233	0.5204557253818181	-0.13128231711428573
87900000	87949999	0.4061181173532466	0.5204557253818181	-0.11433760802857146
87950000	87999999	0.42938455158657995	0.5204557253818181	-0.0910711737952381
88000000	88049999	0.4840420261580085	0.5204557253818181	-0.03641369922380955
88050000	88099999	0.5088152731627704	0.5204557253818181	-0.011640452219047637
88100000	88149999	0.5141949077294371	0.5204557253818181	-0.006260817652380957
88150000	88199999	0.431032101734199	0.5204557253818181	-0.08942362364761908
88200000	88249999	0.43525819526277043	0.5204557253818181	-0.08519753011904763
88250000	88299999	0.43199694187229426	0.5204557253818181	-0.0884587835095238
88300000	88349999	0.43837880188657996	0.5204557253818181	-0.0820769234952381
88350000	88399999	0.4514639040056276	0.5204557253818181	-0.06899182137619048
88400000	88449999	0.46091119503896094	0.5204557253818181	-0.059544530342857116
88450000	88499999	0.46134405210086565	0.5204557253818181	-0.059111673280952404
88500000	88549999	0.4606618158961038	0.5204557253818181	-0.05979390948571428
88550000	88599999	0.46299029118657997	0.5204557253818181	-0.057465434195238085
88600000	88649999	0.47226868039134184	0.5204557253818181	-0.04818704499047621
88650000	88699999	0.47368219090086566	0.5204557253818181	-0.046773534480952395
88700000	88749999	0.46579247689134184	0.5204557253818181	-0.05466324849047621
88750000	88799999	0.4670085738389609	0.5204557253818181	-0.053447151542857174
88800000	88849999	0.46537393698181806	0.5204557253818181	-0.0550817884
88850000	88899999	0.4945998301484847	0.5204557253818181	-0.02585589523333337
88900000	88949999	0.5153665089961038	0.5204557253818181	-0.005089216385714246
88950000	88999999	0.5178178273199133	0.5204557253818181	-0.002637898061904731
89000000	89049999	0.5091405509580085	0.5204557253818181	-0.011315174423809582
89050000	89099999	0.4967081629389609	0.5204557253818181	-0.02374756244285714
89100000	89149999	0.5087855726484847	0.5204557253818181	-0.011670152733333383
89150000	89199999	0.5464719980913418	0.5204557253818181	0.02601627270952378
89200000	89249999	0.5576655002103895	0.5204557253818181	0.03720977482857146
89250000	89299999	0.5715037982532466	0.5204557253818181	0.05104807287142854
89300000	89349999	0.5961192520627704	0.5204557253818181	0.07566352668095233
89350000	89399999	0.6042615155913419	0.5204557253818181	0.08380579020952383
89400000	89449999	0.6229607902770562	0.5204557253818181	0.10250506489523814
89450000	89499999	0.6579727917294371	0.5204557253818181	0.13751706634761907
89500000	89549999	0.6950842995675324	0.5204557253818181	0.1746285741857143
89550000	89599999	0.7624759177008656	0.5204557253818181	0.2420201923190476
89600000	89649999	0.7853279735151514	0.5204557253818181	0.2648722481333333
89650000	89699999	0.8183431538818181	0.5204557253818181	0.29788742850000005
89700000	89749999	0.8436976835056276	0.5204557253818181	0.3232419581238095
89750000	89799999	0.8720691320913418	0.5204557253818181	0.3516134067095238
89800000	89849999	0.88805130878658	0.5204557253818181	0.36759558340476195
89850000	89899999	0.9150932863199133	0.5204557253818181	0.3946375609380952
89900000	89949999	0.9171839890056275	0.5204557253818181	0.3967282636238094
89950000	89999999	0.9171430261389609	0.5204557253818181	0.39668730075714287
90000000	90049999	0.9059017098151514	0.5204557253818181	0.38544598443333333
90050000	90099999	0.8989383013389609	0.5204557253818181	0.37848257595714285
90100000	90149999	0.8611498331627705	0.5204557253818181	0.34069410778095244
90150000	90199999	0.8374737995294371	0.5204557253818181	0.31701807414761907
90200000	90249999	0.8028486545341991	0.5204557253818181	0.282392929152381
90250000	90299999	0.7890252832294371	0.5204557253818181	0.26856955784761904
90300000	90349999	0.7714139074294372	0.5204557253818181	0.2509581820476191
90350000	90399999	0.7464477369199134	0.5204557253818181	0.22599201153809534
90400000	90449999	0.7324160760532467	0.5204557253818181	0.2119603506714286
90450000	90499999	0.718598591391342	0.5204557253818181	0.1981428660095239
90500000	90549999	0.6761002544199133	0.5204557253818181	0.15564452903809523
90550000	90599999	0.6422041871437228	0.5204557253818181	0.12174846176190479
90600000	90649999	0.5816428625056276	0.5204557253818181	0.06118713712380952
90650000	90699999	0.5605933362627704	0.5204557253818181	0.04013761088095236
90700000	90749999	0.5330149827580085	0.5204557253818181	0.012559257376190458
90750000	90799999	0.5129152763056276	0.5204557253818181	-0.0075404490761904475
90800000	90849999	0.4857067446294371	0.5204557253818181	-0.034748980752380976
90850000	90899999	0.48316860338181805	0.5204557253818181	-0.037287122000000006
90900000	90949999	0.46415529777229425	0.5204557253818181	-0.05630042760952381
90950000	90999999	0.45773618327229426	0.5204557253818181	-0.0627195421095238
91000000	91049999	0.4609564497056276	0.5204557253818181	-0.059499275676190455
91050000	91099999	0.4798083660008657	0.5204557253818181	-0.040647359380952375
91100000	91149999	0.4896573401151514	0.5204557253818181	-0.030798385266666672
91150000	91199999	0.5168920209437228	0.5204557253818181	-0.003563704438095283
91200000	91249999	0.5567907874199133	0.5204557253818181	0.03633506203809522
91250000	91299999	0.5890472131913419	0.5204557253818181	0.06859148780952384
91300000	91349999	0.6360324822818181	0.5204557253818181	0.11557675690000002
91350000	91399999	0.6734927811056276	0.5204557253818181	0.15303705572380955
91400000	91449999	0.7165166225532467	0.5204557253818181	0.1960608971714286
91450000	91499999	0.7672343416961037	0.5204557253818181	0.24677861631428566
91500000	91549999	0.8067568900770561	0.5204557253818181	0.28630116469523803
91550000	91599999	0.8609555502246753	0.5204557253818181	0.34049982484285723
91600000	91649999	0.8874668783961037	0.5204557253818181	0.36701115301428566
91650000	91699999	0.9357943517199133	0.5204557253818181	0.41533862633809526
91700000	91749999	0.9858707249294372	0.5204557253818181	0.4654149995476191
91750000	91799999	1.0176727477008656	0.5204557253818181	0.4972170223190475
91800000	91849999	1.0505095851675323	0.5204557253818181	0.5300538597857143
91850000	91899999	1.0879574124103892	0.5204557253818181	0.5675016870285712
91900000	91949999	1.0899285206341989	0.5204557253818181	0.5694727952523808
91950000	91999999	1.103745923081818	0.5204557253818181	0.5832901977
92000000	92049999	1.1191441942722942	0.5204557253818181	0.5986884688904761
92050000	92099999	1.1342911782294371	0.5204557253818181	0.6138354528476191
92100000	92149999	1.1456449598199132	0.5204557253818181	0.6251892344380952
92150000	92199999	1.149265091634199	0.5204557253818181	0.628809366252381
92200000	92249999	1.1415157617865799	0.5204557253818181	0.6210600364047618
92250000	92299999	1.125947717277056	0.5204557253818181	0.605491991895238
92300000	92349999	1.1248536814722943	0.5204557253818181	0.6043979560904762
92350000	92399999	1.1046451360294371	0.5204557253818181	0.5841894106476191
92400000	92449999	1.0996748213056275	0.5204557253818181	0.5792190959238095
92450000	92499999	1.084243765296104	0.5204557253818181	0.5637880399142858
92500000	92549999	1.0652018678103894	0.5204557253818181	0.5447461424285713
92550000	92599999	1.0307740455532466	0.5204557253818181	0.5103183201714285
92600000	92649999	0.9888717984389609	0.5204557253818181	0.46841607305714283
92650000	92699999	1.0054075097103894	0.5204557253818181	0.48495178432857133
92700000	92749999	1.0071096949818181	0.5204557253818181	0.48665396960000007
92750000	92799999	0.9767185550103894	0.5204557253818181	0.45626282962857134
92800000	92849999	0.9461251428246751	0.5204557253818181	0.425669417442857
92850000	92899999	0.9300157442961038	0.5204557253818181	0.40956001891428573
92900000	92949999	0.9211724616484848	0.5204557253818181	0.4007167362666667
92950000	92999999	0.9200371648770562	0.5204557253818181	0.39958143949523817
93000000	93049999	0.917034363534199	0.5204557253818181	0.3965786381523809
93050000	93099999	0.9054119520484847	0.5204557253818181	0.3849562266666666
93100000	93149999	0.8916499593770562	0.5204557253818181	0.3711942339952381
93150000	93199999	0.8836637755103895	0.5204557253818181	0.3632080501285715
93200000	93249999	0.8752374175389608	0.5204557253818181	0.3547816921571427
93250000	93299999	0.8804583568389609	0.5204557253818181	0.36000263145714284
93300000	93349999	0.8749503157961038	0.5204557253818181	0.35449459041428577
93350000	93399999	0.8642042517151514	0.5204557253818181	0.3437485263333333
93400000	93449999	0.8665590207722942	0.5204557253818181	0.34610329539047613
93450000	93499999	0.8616230399294371	0.5204557253818181	0.34116731454761906
93500000	93549999	0.8650731201627704	0.5204557253818181	0.3446173947809523
93550000	93599999	0.8688727980008657	0.5204557253818181	0.34841707261904764
93600000	93649999	0.8999502521103895	0.5204557253818181	0.3794945267285714
93650000	93699999	0.9311949954056276	0.5204557253818181	0.4107392700238095
93700000	93749999	0.9103999302484848	0.5204557253818181	0.3899442048666667
93750000	93799999	0.8810481892294371	0.5204557253818181	0.360592463847619
93800000	93849999	0.8752684714770562	0.5204557253818181	0.35481274609523816
93850000	93899999	0.8932786987484846	0.5204557253818181	0.3728229733666666
93900000	93949999	0.8855478967151514	0.5204557253818181	0.3650921713333334
93950000	93999999	0.8798796611056277	0.5204557253818181	0.3594239357238096
94000000	94049999	0.8654384207294371	0.5204557253818181	0.34498269534761905
94050000	94099999	0.8565544202437229	0.5204557253818181	0.3360986948619048
94100000	94149999	0.85127852128658	0.5204557253818181	0.33082279590476193
94150000	94199999	0.8319704976770561	0.5204557253818181	0.31151477229523805
94200000	94249999	0.8303443778199133	0.5204557253818181	0.30988865243809527
94250000	94299999	0.8411206570008657	0.5204557253818181	0.32066493161904763
94300000	94349999	0.8354069122484847	0.5204557253818181	0.3149511868666667
94350000	94399999	0.8269900991675323	0.5204557253818181	0.30653437378571424
94400000	94449999	0.8087269199722942	0.5204557253818181	0.2882711945904761
94450000	94499999	0.784300383634199	0.5204557253818181	0.2638446582523809
94500000	94549999	0.7626784420532466	0.5204557253818181	0.24222271667142858
94550000	94599999	0.7372764946389608	0.5204557253818181	0.21682076925714278
94600000	94649999	0.713232455134199	0.5204557253818181	0.19277672975238092
94650000	94699999	0.6758343187341991	0.5204557253818181	0.15537859335238102
94700000	94749999	0.6430006739056275	0.5204557253818181	0.12254494852380948
94750000	94799999	0.6248748598770562	0.5204557253818181	0.1044191344952381
94800000	94849999	0.6093925425389609	0.5204557253818181	0.08893681715714286
94850000	94899999	0.6025349111294371	0.5204557253818181	0.08207918574761908
94900000	94949999	0.5990543182103895	0.5204557253818181	0.0785985928285714
94950000	94999999	0.6036945222008657	0.5204557253818181	0.08323879681904767
95000000	95049999	0.6018783620722943	0.5204557253818181	0.08142263669047622
95050000	95099999	0.6152719422913419	0.5204557253818181	0.0948162169095238
95100000	95149999	0.6203239213008657	0.5204557253818181	0.09986819591904761
95150000	95199999	0.6427573209627705	0.5204557253818181	0.12230159558095244
95200000	95249999	0.6538185516818181	0.5204557253818181	0.13336282630000007
95250000	95299999	0.6405358168532467	0.5204557253818181	0.12008009147142862
95300000	95349999	0.623424054834199	0.5204557253818181	0.10296832945238099
95350000	95399999	0.6273048721294372	0.5204557253818181	0.10684914674761914
95400000	95449999	0.626474428891342	0.5204557253818181	0.10601870350952391
95450000	95499999	0.638442603534199	0.5204557253818181	0.11798687815238096
95500000	95549999	0.6331422634818181	0.5204557253818181	0.11268653810000007
95550000	95599999	0.6367729309056276	0.5204557253818181	0.11631720552380953
95600000	95649999	0.6429731091103895	0.5204557253818181	0.12251738372857146
95650000	95699999	0.6349771284103896	0.5204557253818181	0.1145214030285715
95700000	95749999	0.6377688870532467	0.5204557253818181	0.11731316167142869
95750000	95799999	0.6402148983580086	0.5204557253818181	0.11975917297619054
95800000	95849999	0.6275391107580086	0.5204557253818181	0.10708338537619055
95850000	95899999	0.6246536446627705	0.5204557253818181	0.10419791928095246
95900000	95949999	0.6262087790103895	0.5204557253818181	0.10575305362857146
95950000	95999999	0.6075804224056276	0.5204557253818181	0.08712469702380954
96000000	96049999	0.5959630130389609	0.5204557253818181	0.07550728765714287
96050000	96099999	0.5803790189580086	0.5204557253818181	0.05992329357619053
96100000	96149999	0.5655879787961038	0.5204557253818181	0.04513225341428573
96150000	96199999	0.5832174803770561	0.5204557253818181	0.06276175499523806
96200000	96249999	0.5740206547722942	0.5204557253818181	0.05356492939047619
96250000	96299999	0.5791793372389609	0.5204557253818181	0.05872361185714281
96300000	96349999	0.5802300487532467	0.5204557253818181	0.05977432337142863
96350000	96399999	0.5756395485532466	0.5204557253818181	0.05518382317142856
96400000	96449999	0.5682501985675323	0.5204557253818181	0.04779447318571428
96450000	96499999	0.5635805195294371	0.5204557253818181	0.04312479414761905
96500000	96549999	0.5471077023961037	0.5204557253818181	0.026651977014285677
96550000	96599999	0.5399917243294371	0.5204557253818181	0.019535998947619038
96600000	96649999	0.5214962461722943	0.5204557253818181	0.0010405207904762293
96650000	96699999	0.5162283868770562	0.5204557253818181	-0.004227338504761868
96700000	96749999	0.5098340817580085	0.5204557253818181	-0.010621643623809573
96750000	96799999	0.5055021730246751	0.5204557253818181	-0.014953552357142907
96800000	96849999	0.531950365734199	0.5204557253818181	0.011494640352380903
96850000	96899999	0.5586869300389609	0.5204557253818181	0.0382312046571428
96900000	96949999	0.5550410659437228	0.5204557253818181	0.034585340561904765
96950000	96999999	0.5442548316532466	0.5204557253818181	0.02379910627142856
97000000	97049999	0.5291935631103895	0.5204557253818181	0.008737837728571396
97050000	97099999	0.515434899534199	0.5204557253818181	-0.0050208258476190926
97100000	97149999	0.5085718332961038	0.5204557253818181	-0.011883892085714276
97150000	97199999	0.4915509684246752	0.5204557253818181	-0.02890475695714284
97200000	97249999	0.4432287131056276	0.5204557253818181	-0.07722701227619044
97250000	97299999	0.41109137586277045	0.5204557253818181	-0.10936434951904761
97300000	97349999	0.3829950160532466	0.5204557253818181	-0.13746070932857146
97350000	97399999	0.3763122193056275	0.5204557253818181	-0.14414350607619053
97400000	97449999	0.36974398190086566	0.5204557253818181	-0.1507117434809524
97450000	97499999	0.34438672490562755	0.5204557253818181	-0.1760690004761905
97500000	97549999	0.32194622226753233	0.5204557253818181	-0.19850950311428572
97550000	97599999	0.31041650585800856	0.5204557253818181	-0.2100392195238095
97600000	97649999	0.3022841351056276	0.5204557253818181	-0.21817159027619043
97650000	97699999	0.3029701308961038	0.5204557253818181	-0.21748559448571425
97700000	97749999	0.2968101495818181	0.5204557253818181	-0.22364557579999994
97750000	97799999	0.3011166483389609	0.5204557253818181	-0.21933907704285716
97800000	97849999	0.2941464050722942	0.5204557253818181	-0.22630932030952383
97850000	97899999	0.2515460205961037	0.5204557253818181	-0.26890970478571435
97900000	97949999	0.22699619712467517	0.5204557253818181	-0.2934595282571429
97950000	97999999	0.22274170501038942	0.5204557253818181	-0.29771402037142863
98000000	98049999	0.2150561112151514	0.5204557253818181	-0.30539961416666667
98050000	98099999	0.22107414582467522	0.5204557253818181	-0.29938157955714284
98100000	98149999	0.22269028228181814	0.5204557253818181	-0.2977654430999999
98150000	98199999	0.22774945357705617	0.5204557253818181	-0.2927062718047619
98200000	98249999	0.23960296482943716	0.5204557253818181	-0.2808527605523809
98250000	98299999	0.25265798230562764	0.5204557253818181	-0.2677977430761904
98300000	98349999	0.2572602539770562	0.5204557253818181	-0.26319547140476185
98350000	98399999	0.2763902077199133	0.5204557253818181	-0.24406551766190476
98400000	98449999	0.2897671133008657	0.5204557253818181	-0.23068861208095237
98450000	98499999	0.31062387638658	0.5204557253818181	-0.20983184899523805
98500000	98549999	0.3390902266199133	0.5204557253818181	-0.18136549876190478
98550000	98599999	0.3790773419437229	0.5204557253818181	-0.14137838343809517
98600000	98649999	0.403092533834199	0.5204557253818181	-0.11736319154761904
98650000	98699999	0.4265682829103895	0.5204557253818181	-0.09388744247142855
98700000	98749999	0.4414468724580085	0.5204557253818181	-0.07900885292380955
98750000	98799999	0.45118372034848475	0.5204557253818181	-0.0692720050333333
98800000	98849999	0.45874384774372284	0.5204557253818181	-0.061711877638095214
98850000	98899999	0.4698161188437228	0.5204557253818181	-0.05063960653809524
98900000	98949999	0.47398794939134187	0.5204557253818181	-0.04646777599047619
98950000	98999999	0.47602954898657995	0.5204557253818181	-0.044426176395238104
99000000	99049999	0.4770529926246752	0.5204557253818181	-0.04340273275714285
99050000	99099999	0.48106868818658	0.5204557253818181	-0.03938703719523806
99100000	99149999	0.48607027418657994	0.5204557253818181	-0.034385451195238115
99150000	99199999	0.4950392914199133	0.5204557253818181	-0.02541643396190474
99200000	99249999	0.49506065876277044	0.5204557253818181	-0.025395066619047613
99250000	99299999	0.5005116233437228	0.5204557253818181	-0.01994410203809527
99300000	99349999	0.5005951694151514	0.5204557253818181	-0.019860555966666693
99350000	99399999	0.4989650457675323	0.5204557253818181	-0.021490679614285746
99400000	99449999	0.49278964534848474	0.5204557253818181	-0.027666080033333318
99450000	99499999	0.4789266965199133	0.5204557253818181	-0.04152902886190474
99500000	99549999	0.4511557482008657	0.5204557253818181	-0.06929997718095238
99550000	99599999	0.4381442171389609	0.5204557253818181	-0.08231150824285716
99600000	99649999	0.4054151510961037	0.5204557253818181	-0.11504057428571435
99650000	99699999	0.3934747564722942	0.5204557253818181	-0.12698096890952387
99700000	99749999	0.38816145324372275	0.5204557253818181	-0.1322942721380953
99750000	99799999	0.38890665241038946	0.5204557253818181	-0.1315490729714286
99800000	99849999	0.38483189783419897	0.5204557253818181	-0.1356238275476191
99850000	99899999	0.3847137877484847	0.5204557253818181	-0.13574193763333336
99900000	99949999	0.39604418590086565	0.5204557253818181	-0.1244115394809524
99950000	99999999	0.4160583717199133	0.5204557253818181	-0.10439735366190478
100000000	100049999	0.4256819436294371	0.5204557253818181	-0.09477378175238094
100050000	100099999	0.4295470448484847	0.5204557253818181	-0.09090868053333334
100100000	100149999	0.4487485453627704	0.5204557253818181	-0.07170718001904763
100150000	100199999	0.4614500936484847	0.5204557253818181	-0.05900563173333334
100200000	100249999	0.47620123854848473	0.5204557253818181	-0.04425448683333333
100250000	100299999	0.48148858480086565	0.5204557253818181	-0.03896714058095241
100300000	100349999	0.4760756849294371	0.5204557253818181	-0.044380040452380976
100350000	100399999	0.4781503697246752	0.5204557253818181	-0.042305355657142885
100400000	100449999	0.48606349616277045	0.5204557253818181	-0.03439222921904761
100450000	100499999	0.4845745625532466	0.5204557253818181	-0.035881162828571456
100500000	100549999	0.4782460068389609	0.5204557253818181	-0.042209718542857155
100550000	100599999	0.48195187808657997	0.5204557253818181	-0.03850384729523809
100600000	100649999	0.47661678805800856	0.5204557253818181	-0.0438389373238095
100650000	100699999	0.4774912247389609	0.5204557253818181	-0.04296450064285717
100700000	100749999	0.48304473347229426	0.5204557253818181	-0.037410991909523794
100750000	100799999	0.46755903668181803	0.5204557253818181	-0.05289668870000003
100800000	100849999	0.4623681610722942	0.5204557253818181	-0.05808756430952383
100850000	100899999	0.453327423834199	0.5204557253818181	-0.06712830154761906
100900000	100949999	0.4442868048961038	0.5204557253818181	-0.07616892048571428
100950000	100999999	0.42032276088658	0.5204557253818181	-0.10013296449523806
101000000	101049999	0.39660584500562757	0.5204557253818181	-0.12384988037619049
101050000	101099999	0.4079101644961038	0.5204557253818181	-0.11254556088571427
101100000	101149999	0.4015302465056276	0.5204557253818181	-0.11892547887619048
101150000	101199999	0.38945795416753237	0.5204557253818181	-0.13099777121428569
101200000	101249999	0.4001246451199133	0.5204557253818181	-0.12033108026190475
101250000	101299999	0.40416610028181804	0.5204557253818181	-0.11628962510000002
101300000	101349999	0.4129616306913419	0.5204557253818181	-0.10749409469047616
101350000	101399999	0.4229924902151514	0.5204557253818181	-0.09746323516666666
101400000	101449999	0.423540864634199	0.5204557253818181	-0.09691486074761907
101450000	101499999	0.4401305792056276	0.5204557253818181	-0.08032514617619047
101500000	101549999	0.4669240726961038	0.5204557253818181	-0.05353165268571425
101550000	101599999	0.48641764226277046	0.5204557253818181	-0.0340380831190476
101600000	101649999	0.5237966234008656	0.5204557253818181	0.003340898019047578
101650000	101699999	0.5511412595056275	0.5204557253818181	0.030685534123809477
101700000	101749999	0.5746842398437229	0.5204557253818181	0.0542285144619048
101750000	101799999	0.5821024507580086	0.5204557253818181	0.061646725376190536
101800000	101849999	0.6064952035484847	0.5204557253818181	0.08603947816666668
101850000	101899999	0.6308734804437228	0.5204557253818181	0.11041775506190477
101900000	101949999	0.673197637434199	0.5204557253818181	0.15274191205238097
101950000	101999999	0.7276179553294371	0.5204557253818181	0.20716222994761901
102000000	102049999	0.7658859551199133	0.5204557253818181	0.24543022973809525
102050000	102099999	0.8227714370008656	0.5204557253818181	0.3023157116190476
102100000	102149999	0.831198145934199	0.5204557253818181	0.310742420552381
102150000	102199999	0.8666057274389609	0.5204557253818181	0.34615000205714286
102200000	102249999	0.8777972189818181	0.5204557253818181	0.3573414936
102250000	102299999	0.87465383708658	0.5204557253818181	0.3541981117047619
102300000	102349999	0.8676954716056275	0.5204557253818181	0.3472397462238095
102350000	102399999	0.8721041294961037	0.5204557253818181	0.35164840411428566
102400000	102449999	0.877656229029437	0.5204557253818181	0.3572005036476189
102450000	102499999	0.8852190250580085	0.5204557253818181	0.3647632996761905
102500000	102549999	0.8855905791818179	0.5204557253818181	0.3651348537999999
102550000	102599999	0.8578512466199133	0.5204557253818181	0.33739552123809524
102600000	102649999	0.8500831981913418	0.5204557253818181	0.32962747280952376
102650000	102699999	0.8252544349484847	0.5204557253818181	0.30479870956666666
102700000	102749999	0.7945286133056276	0.5204557253818181	0.27407288792380957
102750000	102799999	0.7748398022961037	0.5204557253818181	0.25438407691428566
102800000	102849999	0.7662360359913418	0.5204557253818181	0.24578031060952377
102850000	102899999	0.7425497424199133	0.5204557253818181	0.22209401703809528
102900000	102949999	0.7115022822913418	0.5204557253818181	0.19104655690952377
102950000	102999999	0.6688590239961038	0.5204557253818181	0.1484032986142857
103000000	103049999	0.6190577734103895	0.5204557253818181	0.09860204802857142
103050000	103099999	0.5842481393199133	0.5204557253818181	0.0637924139380952
103100000	103149999	0.5206384969294371	0.5204557253818181	0.0001827715476190317
103150000	103199999	0.49085655847229426	0.5204557253818181	-0.0295991669095238
103200000	103249999	0.4546018299151514	0.5204557253818181	-0.06585389546666665
103250000	103299999	0.4373829226246752	0.5204557253818181	-0.08307280275714285
103300000	103349999	0.4106892321437228	0.5204557253818181	-0.10976649323809523
103350000	103399999	0.3947665799913419	0.5204557253818181	-0.12568914539047615
103400000	103449999	0.3770550476389609	0.5204557253818181	-0.14340067774285714
103450000	103499999	0.3790643721151514	0.5204557253818181	-0.14139135326666663
103500000	103549999	0.3645939572294371	0.5204557253818181	-0.15586176815238095
103550000	103599999	0.3521641107913419	0.5204557253818181	-0.16829161459047615
103600000	103649999	0.36164955638181806	0.5204557253818181	-0.158806169
103650000	103699999	0.3548406750151514	0.5204557253818181	-0.16561505036666668
103700000	103749999	0.3668800747151514	0.5204557253818181	-0.15357565066666667
103750000	103799999	0.38231826949610376	0.5204557253818181	-0.1381374558857143
103800000	103849999	0.40151244805324665	0.5204557253818181	-0.1189432773285714
103850000	103899999	0.41911821139134187	0.5204557253818181	-0.10133751399047619
103900000	103949999	0.44398400461991333	0.5204557253818181	-0.07647172076190473
103950000	103999999	0.47907301880086567	0.5204557253818181	-0.04138270658095239
104000000	104049999	0.5081971373389609	0.5204557253818181	-0.012258588042857177
104050000	104099999	0.5203361461722943	0.5204557253818181	-0.00011957920952376799
104100000	104149999	0.5429838476484847	0.5204557253818181	0.022528122266666673
104150000	104199999	0.5697148404770561	0.5204557253818181	0.04925911509523806
104200000	104249999	0.5821244536580086	0.5204557253818181	0.06166872827619052
104250000	104299999	0.5990265470580085	0.5204557253818181	0.07857082167619045
104300000	104349999	0.621565010634199	0.5204557253818181	0.10110928525238094
104350000	104399999	0.6487109442103896	0.5204557253818181	0.1282552188285715
104400000	104449999	0.6828422529151513	0.5204557253818181	0.16238652753333327
104450000	104499999	0.6927498335389609	0.5204557253818181	0.17229410815714286
104500000	104549999	0.6929950143056276	0.5204557253818181	0.17253928892380954
104550000	104599999	0.707567617281818	0.5204557253818181	0.1871118919
104600000	104649999	0.7090372180913419	0.5204557253818181	0.18858149270952385
104650000	104699999	0.7257423215865799	0.5204557253818181	0.20528659620476186
104700000	104749999	0.7480975802913419	0.5204557253818181	0.22764185490952382
104750000	104799999	0.7668725267056276	0.5204557253818181	0.2464168013238095
104800000	104849999	0.7853175907199132	0.5204557253818181	0.2648618653380952
104850000	104899999	0.783224595681818	0.5204557253818181	0.26276887029999996
104900000	104949999	0.78032056628658	0.5204557253818181	0.2598648409047619
104950000	104999999	0.7838184807675324	0.5204557253818181	0.2633627553857143
105000000	105049999	0.8070998002056275	0.5204557253818181	0.2866440748238095
105050000	105099999	0.8072775680437227	0.5204557253818181	0.2868218426619047
105100000	105149999	0.803195457838961	0.5204557253818181	0.2827397324571429
105150000	105199999	0.796325627491342	0.5204557253818181	0.2758699021095239
105200000	105249999	0.7821469665532467	0.5204557253818181	0.2616912411714286
105250000	105299999	0.7811801102056276	0.5204557253818181	0.26072438482380955
105300000	105349999	0.7709990377008658	0.5204557253818181	0.2505433123190477
105350000	105399999	0.7529154458484848	0.5204557253818181	0.23245972046666674
105400000	105449999	0.734441033034199	0.5204557253818181	0.213985307652381
105450000	105499999	0.7062919114770562	0.5204557253818181	0.1858361860952381
105500000	105549999	0.6985523619770562	0.5204557253818181	0.1780966365952381
105550000	105599999	0.6848363698151514	0.5204557253818181	0.16438064443333333
105600000	105649999	0.6774375298722942	0.5204557253818181	0.15698180449047616
105650000	105699999	0.6641440916770561	0.5204557253818181	0.14368836629523807
105700000	105749999	0.642243915481818	0.5204557253818181	0.12178819009999997
105750000	105799999	0.6288496365246752	0.5204557253818181	0.10839391114285712
105800000	105849999	0.6046904589008657	0.5204557253818181	0.08423473351904764
105850000	105899999	0.5803665500770562	0.5204557253818181	0.05991082469523812
105900000	105949999	0.5696236118580085	0.5204557253818181	0.049167886476190414
105950000	105999999	0.5583396081627704	0.5204557253818181	0.03788388278095234
106000000	106049999	0.5398145398151514	0.5204557253818181	0.019358814433333316
106050000	106099999	0.49069936898657995	0.5204557253818181	-0.029756356395238104
106100000	106149999	0.47193069678657995	0.5204557253818181	-0.04852502859523811
106150000	106199999	0.4814370512580085	0.5204557253818181	-0.03901867412380955
106200000	106249999	0.4818873719151514	0.5204557253818181	-0.03856835346666665
106250000	106299999	0.4952401354913419	0.5204557253818181	-0.025215589890476175
106300000	106349999	0.5163691471580085	0.5204557253818181	-0.004086578223809534
106350000	106399999	0.5245118379199133	0.5204557253818181	0.004056112538095236
106400000	106449999	0.5359484727246752	0.5204557253818181	0.015492747342857105
106450000	106499999	0.5320676001818181	0.5204557253818181	0.011611874800000033
106500000	106549999	0.5347863187056275	0.5204557253818181	0.014330593323809482
106550000	106599999	0.5435262265580085	0.5204557253818181	0.023070501176190472
106600000	106649999	0.5555117696008657	0.5204557253818181	0.03505604421904762
106650000	106699999	0.5724841787008657	0.5204557253818181	0.052028453319047596
106700000	106749999	0.6143308658246752	0.5204557253818181	0.09387514044285716
106750000	106799999	0.63436551108658	0.5204557253818181	0.11390978570476196
106800000	106849999	0.6376101971770561	0.5204557253818181	0.11715447179523808
106850000	106899999	0.6518877253580085	0.5204557253818181	0.13143199997619048
106900000	106949999	0.6855145596008656	0.5204557253818181	0.16505883421904755
106950000	106999999	0.7037394703294371	0.5204557253818181	0.183283744947619
107000000	107049999	0.7127931258818181	0.5204557253818181	0.19233740050000003
107050000	107099999	0.722541046481818	0.5204557253818181	0.2020853211
107100000	107149999	0.725323131281818	0.5204557253818181	0.20486740589999997
107150000	107199999	0.7247923849532466	0.5204557253818181	0.20433665957142855
107200000	107249999	0.7077506424151514	0.5204557253818181	0.18729491703333334
107250000	107299999	0.6974764456770561	0.5204557253818181	0.17702072029523808
107300000	107349999	0.6797706385865799	0.5204557253818181	0.15931491320476188
107350000	107399999	0.6497531220246752	0.5204557253818181	0.1292973966428571
107400000	107449999	0.6493281069484846	0.5204557253818181	0.12887238156666658
107450000	107499999	0.6407279879580084	0.5204557253818181	0.12027226257619039
107500000	107549999	0.6434393872056275	0.5204557253818181	0.12298366182380949
107550000	107599999	0.645359682634199	0.5204557253818181	0.1249039572523809
107600000	107649999	0.6484408341961038	0.5204557253818181	0.1279851088142857
107650000	107699999	0.6462134404103895	0.5204557253818181	0.12575771502857147
107700000	107749999	0.6284323214484847	0.5204557253818181	0.10797659606666665
107750000	107799999	0.6015742684246752	0.5204557253818181	0.08111854304285715
107800000	107849999	0.5835689335294371	0.5204557253818181	0.063113208147619
107850000	107899999	0.5811427130961038	0.5204557253818181	0.06068698771428571
107900000	107949999	0.5681103953580086	0.5204557253818181	0.0476546699761905
107950000	107999999	0.5512908367151514	0.5204557253818181	0.030835111333333387
108000000	108049999	0.5488362040532466	0.5204557253818181	0.028380478671428566
108050000	108099999	0.5481771434437228	0.5204557253818181	0.027721418061904757
108100000	108149999	0.5467353889818181	0.5204557253818181	0.026279663600000003
108150000	108199999	0.558027117334199	0.5204557253818181	0.037571391952380906
108200000	108249999	0.5676349099818181	0.5204557253818181	0.047179184600000035
108250000	108299999	0.5789740626246752	0.5204557253818181	0.058518337242857155
108300000	108349999	0.5917988907532467	0.5204557253818181	0.0713431653714286
108350000	108399999	0.6094624556580085	0.5204557253818181	0.08900673027619044
108400000	108449999	0.6305578081961037	0.5204557253818181	0.11010208281428568
108450000	108499999	0.6326058971151514	0.5204557253818181	0.1121501717333333
108500000	108549999	0.6407888413913418	0.5204557253818181	0.12033311600952379
108550000	108599999	0.6794145263151514	0.5204557253818181	0.15895880093333337
108600000	108649999	0.691811324681818	0.5204557253818181	0.1713555993
108650000	108699999	0.6871313779008656	0.5204557253818181	0.1666756525190476
108700000	108749999	0.6852924586341991	0.5204557253818181	0.16483673325238102
108750000	108799999	0.6873846898913418	0.5204557253818181	0.16692896450952377
108800000	108849999	0.6885919457722942	0.5204557253818181	0.16813622039047615
108850000	108899999	0.6944908466770562	0.5204557253818181	0.17403512129523813
108900000	108949999	0.7093260525532467	0.5204557253818181	0.1888703271714286
108950000	108999999	0.706963602638961	0.5204557253818181	0.1865078772571429
109000000	109049999	0.6984452209961038	0.5204557253818181	0.1779894956142858
109050000	109099999	0.6882226841437228	0.5204557253818181	0.16776695876190473
109100000	109149999	0.6896525148675323	0.5204557253818181	0.16919678948571426
109150000	109199999	0.6862961668627704	0.5204557253818181	0.16584044148095234
109200000	109249999	0.6729474792913419	0.5204557253818181	0.15249175390952385
109250000	109299999	0.6728964660722943	0.5204557253818181	0.1524407406904762
109300000	109349999	0.6821982426532467	0.5204557253818181	0.16174251727142863
109350000	109399999	0.6834858677341991	0.5204557253818181	0.163030142352381
109400000	109449999	0.6843745399103895	0.5204557253818181	0.1639188145285715
109450000	109499999	0.6767902957532467	0.5204557253818181	0.15633457037142862
109500000	109549999	0.6725726602199134	0.5204557253818181	0.1521169348380953
109550000	109599999	0.6663265637437229	0.5204557253818181	0.14587083836190484
109600000	109649999	0.6346243397056276	0.5204557253818181	0.11416861432380954
109650000	109699999	0.6213206843770561	0.5204557253818181	0.10086495899523806
109700000	109749999	0.615029582434199	0.5204557253818181	0.09457385705238097
109750000	109799999	0.6121432250913419	0.5204557253818181	0.09168749970952383
109800000	109849999	0.61770904638658	0.5204557253818181	0.09725332100476192
109850000	109899999	0.6075544125246752	0.5204557253818181	0.08709868714285718
109900000	109949999	0.6069913383627705	0.5204557253818181	0.08653561298095247
109950000	109999999	0.596794847738961	0.5204557253818181	0.07633912235714291
110000000	110049999	0.6058087950389609	0.5204557253818181	0.08535306965714284
110050000	110099999	0.618356377481818	0.5204557253818181	0.09790065209999999
110100000	110149999	0.6274419233770562	0.5204557253818181	0.10698619799523812
110150000	110199999	0.6257460235294371	0.5204557253818181	0.10529029814761903
110200000	110249999	0.6415903913246752	0.5204557253818181	0.12113466594285716
110250000	110299999	0.6506360927151513	0.5204557253818181	0.13018036733333327
110300000	110349999	0.6497366276008657	0.5204557253818181	0.12928090221904764
110350000	110399999	0.6454509299056276	0.5204557253818181	0.12499520452380952
110400000	110449999	0.6526885951627704	0.5204557253818181	0.1322328697809524
110450000	110499999	0.6572872938770562	0.5204557253818181	0.13683156849523814
110500000	110549999	0.6674661155437228	0.5204557253818181	0.14701039016190476
110550000	110599999	0.675844507034199	0.5204557253818181	0.1553887816523809
110600000	110649999	0.6866207122103896	0.5204557253818181	0.1661649868285715
110650000	110699999	0.6982816689770561	0.5204557253818181	0.17782594359523807
110700000	110749999	0.7052297146199134	0.5204557253818181	0.1847739892380953
110750000	110799999	0.7141638468913418	0.5204557253818181	0.19370812150952377
110800000	110849999	0.710961210734199	0.5204557253818181	0.190505485352381
110850000	110899999	0.7024702574484847	0.5204557253818181	0.18201453206666662
110900000	110949999	0.7087815904151514	0.5204557253818181	0.18832586503333337
110950000	110999999	0.6950491359103894	0.5204557253818181	0.17459341052857136
111000000	111049999	0.6849267068675323	0.5204557253818181	0.16447098148571426
111050000	111099999	0.66556686028658	0.5204557253818181	0.1451111349047619
111100000	111149999	0.6478130399056277	0.5204557253818181	0.1273573145238096
111150000	111199999	0.6313942784770562	0.5204557253818181	0.11093855309523815
111200000	111249999	0.6235020198675324	0.5204557253818181	0.10304629448571434
111250000	111299999	0.6188793315389609	0.5204557253818181	0.09842360615714285
111300000	111349999	0.6180429109103894	0.5204557253818181	0.09758718552857137
111350000	111399999	0.6156338477246752	0.5204557253818181	0.09517812234285716
111400000	111449999	0.6220566130246752	0.5204557253818181	0.10160088764285713
111450000	111499999	0.6181036422199133	0.5204557253818181	0.09764791683809526
111500000	111549999	0.6166240097437228	0.5204557253818181	0.09616828436190472
111550000	111599999	0.6098159916103895	0.5204557253818181	0.0893602662285714
111600000	111649999	0.613706326534199	0.5204557253818181	0.09325060115238093
111650000	111699999	0.6114008869770562	0.5204557253818181	0.09094516159523813
111700000	111749999	0.6124880631675323	0.5204557253818181	0.09203233778571429
111750000	111799999	0.62533888358658	0.5204557253818181	0.1048831582047619
111800000	111849999	0.6263059190008656	0.5204557253818181	0.10585019361904757
111850000	111899999	0.6542394985818181	0.5204557253818181	0.1337837732
111900000	111949999	0.6851713168389609	0.5204557253818181	0.16471559145714287
111950000	111999999	0.6970238295008657	0.5204557253818181	0.17656810411904766
112000000	112049999	0.7129573436484847	0.5204557253818181	0.19250161826666667
112050000	112099999	0.7249726756389608	0.5204557253818181	0.20451695025714278
112100000	112149999	0.724426092281818	0.5204557253818181	0.20397036689999992
112150000	112199999	0.7376962918818181	0.5204557253818181	0.2172405665
112200000	112249999	0.7558843476770561	0.5204557253818181	0.2354286222952381
112250000	112299999	0.7772606356103895	0.5204557253818181	0.25680491022857144
112300000	112349999	0.781270687591342	0.5204557253818181	0.26081496220952394
112350000	112399999	0.7863516424008657	0.5204557253818181	0.2658959170190477
112400000	112449999	0.7940402531008657	0.5204557253818181	0.2735845277190476
112450000	112499999	0.7835662747341992	0.5204557253818181	0.2631105493523811
112500000	112549999	0.7656662594294371	0.5204557253818181	0.24521053404761906
112550000	112599999	0.7585131848580086	0.5204557253818181	0.2380574594761905
112600000	112649999	0.7591332112008656	0.5204557253818181	0.23867748581904757
112650000	112699999	0.750308445234199	0.5204557253818181	0.22985271985238098
112700000	112749999	0.740890124429437	0.5204557253818181	0.22043439904761897
112750000	112799999	0.731466374334199	0.5204557253818181	0.21101064895238097
112800000	112849999	0.7150969817389609	0.5204557253818181	0.1946412563571428
112850000	112899999	0.7125694238056276	0.5204557253818181	0.19211369842380954
112900000	112949999	0.6894365577675323	0.5204557253818181	0.16898083238571426
112950000	112999999	0.66422300668658	0.5204557253818181	0.1437672813047619
113000000	113049999	0.649305607281818	0.5204557253818181	0.1288498818999999
113050000	113099999	0.6375301676151514	0.5204557253818181	0.1170744422333333
113100000	113149999	0.6396266631294371	0.5204557253818181	0.119170937747619
113150000	113199999	0.6516801524532466	0.5204557253818181	0.13122442707142856
113200000	113249999	0.6389694293056275	0.5204557253818181	0.11851370392380944
113250000	113299999	0.6295870003056275	0.5204557253818181	0.10913127492380947
113300000	113349999	0.6109789570627704	0.5204557253818181	0.09052323168095233
113350000	113399999	0.6020960395103895	0.5204557253818181	0.08164031412857142
113400000	113449999	0.5922708408580085	0.5204557253818181	0.07181511547619046
113450000	113499999	0.5799950379056276	0.5204557253818181	0.05953931252380951
113500000	113549999	0.5815412678580085	0.5204557253818181	0.06108554247619047
113550000	113599999	0.5991508149056276	0.5204557253818181	0.07869508952380955
113600000	113649999	0.5995144362437228	0.5204557253818181	0.07905871086190475
113650000	113699999	0.5999770091627704	0.5204557253818181	0.07952128378095236
113700000	113749999	0.5985138239103894	0.5204557253818181	0.07805809852857137
113750000	113799999	0.6035411483675324	0.5204557253818181	0.08308542298571431
113800000	113849999	0.6036424656103895	0.5204557253818181	0.08318674022857142
113850000	113899999	0.6118554699484847	0.5204557253818181	0.09139974456666666
113900000	113949999	0.614426221134199	0.5204557253818181	0.09397049575238092
113950000	113999999	0.6104332331103894	0.5204557253818181	0.08997750772857138
114000000	114049999	0.6106364432103895	0.5204557253818181	0.0901807178285714
114050000	114099999	0.6275850988961038	0.5204557253818181	0.10712937351428575
114100000	114149999	0.6296712919627705	0.5204557253818181	0.10921556658095244
114150000	114199999	0.6120513216056276	0.5204557253818181	0.09159559622380953
114200000	114249999	0.6075777187675323	0.5204557253818181	0.08712199338571425
114250000	114299999	0.5981039755722942	0.5204557253818181	0.07764825019047616
114300000	114349999	0.5829209625770562	0.5204557253818181	0.06246523719523811
114350000	114399999	0.5663884734008656	0.5204557253818181	0.045932748019047565
114400000	114449999	0.55800612608658	0.5204557253818181	0.0375504007047619
114450000	114499999	0.5564652929627705	0.5204557253818181	0.03600956758095242
114500000	114549999	0.5524906938484847	0.5204557253818181	0.03203496846666665
114550000	114599999	0.5399821941103895	0.5204557253818181	0.019526468728571444
114600000	114649999	0.5163179522770561	0.5204557253818181	-0.004137773104761933
114650000	114699999	0.5068026527484847	0.5204557253818181	-0.013653072633333374
114700000	114749999	0.4854505972294371	0.5204557253818181	-0.03500512815238094
114750000	114799999	0.4764737932294371	0.5204557253818181	-0.04398193215238094
114800000	114849999	0.45584524987229424	0.5204557253818181	-0.06461047550952381
114850000	114899999	0.446747725034199	0.5204557253818181	-0.07370800034761904
114900000	114949999	0.42782580085800853	0.5204557253818181	-0.09262992452380953
114950000	114999999	0.42416636675324665	0.5204557253818181	-0.09628935862857141
115000000	115049999	0.41583718426753236	0.5204557253818181	-0.1046185411142857
115050000	115099999	0.4113086360056276	0.5204557253818181	-0.10914708937619044
115100000	115149999	0.38934469773419905	0.5204557253818181	-0.131111027647619
115150000	115199999	0.3813673011294371	0.5204557253818181	-0.13908842425238094
115200000	115249999	0.37437664522943714	0.5204557253818181	-0.1460790801523809
115250000	115299999	0.3683034690437228	0.5204557253818181	-0.15215225633809526
115300000	115349999	0.37552373439610376	0.5204557253818181	-0.1449319909857143
115350000	115399999	0.38018138504848475	0.5204557253818181	-0.1402743403333333
115400000	115449999	0.38945089974848474	0.5204557253818181	-0.13100482563333332
115450000	115499999	0.3903644537389609	0.5204557253818181	-0.13009127164285716
115500000	115549999	0.3803297332151514	0.5204557253818181	-0.14012599216666666
115550000	115599999	0.37856929327229427	0.5204557253818181	-0.14188643210952379
115600000	115649999	0.3767477577627704	0.5204557253818181	-0.14370796761904764
115650000	115699999	0.3936010969389609	0.5204557253818181	-0.12685462844285716
115700000	115749999	0.40013841610086565	0.5204557253818181	-0.12031730928095241
115750000	115799999	0.41111602144848475	0.5204557253818181	-0.10933970393333331
115800000	115849999	0.42089775209610375	0.5204557253818181	-0.09955797328571431
115850000	115899999	0.4413272379437228	0.5204557253818181	-0.07912848743809525
115900000	115949999	0.468299887534199	0.5204557253818181	-0.05215583784761907
115950000	115999999	0.5201211033627704	0.5204557253818181	-0.000334622019047659
116000000	116049999	0.5569364620199133	0.5204557253818181	0.03648073663809526
116050000	116099999	0.6052454947818181	0.5204557253818181	0.08478976940000005
116100000	116149999	0.6600173233484847	0.5204557253818181	0.13956159796666667
116150000	116199999	0.8547208984246752	0.5204557253818181	0.3342651730428572
116200000	116249999	0.8775394409484847	0.5204557253818181	0.3570837155666666
116250000	116299999	0.89912387078658	0.5204557253818181	0.3786681454047619
116300000	116349999	0.9183187622389608	0.5204557253818181	0.39786303685714275
116350000	116399999	0.9272058909008657	0.5204557253818181	0.40675016551904764
116400000	116449999	0.9426079686580086	0.5204557253818181	0.4221522432761905
116450000	116499999	0.9657281323770561	0.5204557253818181	0.44527240699523807
116500000	116549999	0.982049994729437	0.5204557253818181	0.46159426934761894
116550000	116599999	0.9959194930722942	0.5204557253818181	0.47546376769047616
116600000	116649999	1.0098611651675322	0.5204557253818181	0.48940543978571416
116650000	116699999	1.01866263498658	0.5204557253818181	0.4982069096047619
116700000	116749999	1.0154270586532466	0.5204557253818181	0.4949713332714285
116750000	116799999	1.0123646032389608	0.5204557253818181	0.49190887785714277
116800000	116849999	1.010260190077056	0.5204557253818181	0.489804464695238
116850000	116899999	1.02583611848658	0.5204557253818181	0.505380393104762
116900000	116949999	1.036844223024675	0.5204557253818181	0.516388497642857
116950000	116999999	1.021140552881818	0.5204557253818181	0.5006848275
117000000	117049999	0.982065395629437	0.5204557253818181	0.4616096702476189
117050000	117099999	0.9399601375865799	0.5204557253818181	0.41950441220476187
117100000	117149999	0.9053050502008656	0.5204557253818181	0.38484932481904754
117150000	117199999	0.8553651296818181	0.5204557253818181	0.33490940430000005
117200000	117249999	0.6622458764056276	0.5204557253818181	0.14179015102380954
117250000	117299999	0.6414278993199133	0.5204557253818181	0.12097217393809523
117300000	117349999	0.6218098963532466	0.5204557253818181	0.10135417097142851
117350000	117399999	0.5959879612865799	0.5204557253818181	0.07553223590476188
117400000	117449999	0.5823497282627704	0.5204557253818181	0.06189400288095237
117450000	117499999	0.5701088588675324	0.5204557253818181	0.04965313348571432
117500000	117549999	0.5449595213580085	0.5204557253818181	0.024503795976190457
117550000	117599999	0.5307277196675323	0.5204557253818181	0.010271994285714237
117600000	117649999	0.527488722034199	0.5204557253818181	0.007032996652380996
117650000	117699999	0.5144222490056276	0.5204557253818181	-0.00603347637619045
117700000	117749999	0.503361265581818	0.5204557253818181	-0.017094459800000017
117750000	117799999	0.49728570299610375	0.5204557253818181	-0.023170022385714306
117800000	117849999	0.4972641574103895	0.5204557253818181	-0.023191567971428573
117850000	117899999	0.5016888244389609	0.5204557253818181	-0.018766900942857156
117900000	117949999	0.4829085149199133	0.5204557253818181	-0.037547210461904734
117950000	117999999	0.4712862947246752	0.5204557253818181	-0.049169430657142854
118000000	118049999	0.4728921378199133	0.5204557253818181	-0.04756358756190476
118050000	118099999	0.4736780397151514	0.5204557253818181	-0.04677768566666668
118100000	118149999	0.48212018419610375	0.5204557253818181	-0.038335541185714306
118150000	118199999	0.49147442574848477	0.5204557253818181	-0.02898129963333329
118200000	118249999	0.5055206829103895	0.5204557253818181	-0.014935042471428517
118250000	118299999	0.5361577788770562	0.5204557253818181	0.015702053495238122
118300000	118349999	0.5436719640008657	0.5204557253818181	0.023216238619047647
118350000	118399999	0.5596771967532467	0.5204557253818181	0.03922147137142862
118400000	118449999	0.5640862256008656	0.5204557253818181	0.043630500219047574
118450000	118499999	0.5655128359675323	0.5204557253818181	0.045057110585714266
118500000	118549999	0.5649936877484847	0.5204557253818181	0.04453796236666663
118550000	118599999	0.5638141055484848	0.5204557253818181	0.04335838016666671
118600000	118649999	0.5576764143056276	0.5204557253818181	0.037220688923809586
118650000	118699999	0.5495046411103894	0.5204557253818181	0.02904891572857138
118700000	118749999	0.5465828218437228	0.5204557253818181	0.026127096461904697
118750000	118799999	0.5514859900913418	0.5204557253818181	0.031030264709523747
118800000	118849999	0.5488606505913418	0.5204557253818181	0.028404925209523757
118850000	118899999	0.5486703152151514	0.5204557253818181	0.02821458983333336
118900000	118949999	0.5433099851484847	0.5204557253818181	0.022854259766666662
118950000	118999999	0.5418731533389609	0.5204557253818181	0.021417427957142854
119000000	119049999	0.5326427698484847	0.5204557253818181	0.01218704446666663
119050000	119099999	0.5174144568294371	0.5204557253818181	-0.00304126855238096
119100000	119149999	0.502367732134199	0.5204557253818181	-0.018087993247619005
119150000	119199999	0.4937549242961038	0.5204557253818181	-0.026700801085714265
119200000	119249999	0.4726621148294371	0.5204557253818181	-0.04779361055238096
119250000	119299999	0.4580917811770562	0.5204557253818181	-0.06236394420476188
119300000	119349999	0.432499003434199	0.5204557253818181	-0.08795672194761905
119350000	119399999	0.43011959937229427	0.5204557253818181	-0.09033612600952379
119400000	119449999	0.41841307294372276	0.5204557253818181	-0.1020426524380953
119450000	119499999	0.4295954540770561	0.5204557253818181	-0.09086027130476193
119500000	119549999	0.4388824233484847	0.5204557253818181	-0.08157330203333335
119550000	119599999	0.44498560160562756	0.5204557253818181	-0.0754701237761905
119600000	119649999	0.4577559250675323	0.5204557253818181	-0.06269980031428574
119650000	119699999	0.47502247654848473	0.5204557253818181	-0.04543324883333333
119700000	119749999	0.49865146201515137	0.5204557253818181	-0.021804263366666687
119750000	119799999	0.5147537520961037	0.5204557253818181	-0.005701973285714312
119800000	119849999	0.53091395488658	0.5204557253818181	0.01045822950476194
119850000	119899999	0.5395004196294371	0.5204557253818181	0.01904469424761901
119900000	119949999	0.5454274855008656	0.5204557253818181	0.02497176011904756
119950000	119999999	0.5592667695056276	0.5204557253818181	0.038811044123809535
120000000	120049999	0.5587526109103895	0.5204557253818181	0.03829688552857147
120050000	120099999	0.5655529029532467	0.5204557253818181	0.045097177571428615
120100000	120149999	0.5781396140103895	0.5204557253818181	0.057683888628571434
120150000	120199999	0.5928902965580085	0.5204557253818181	0.07243457117619045
120200000	120249999	0.6069817387103895	0.5204557253818181	0.08652601332857146
120250000	120299999	0.6184704888484847	0.5204557253818181	0.0980147634666666
120300000	120349999	0.6199095943532467	0.5204557253818181	0.0994538689714286
120350000	120399999	0.630137596438961	0.5204557253818181	0.10968187105714289
120400000	120449999	0.6408652109151514	0.5204557253818181	0.1204094855333333
120450000	120499999	0.6559507128008657	0.5204557253818181	0.13549498741904764
120500000	120549999	0.6557561138722943	0.5204557253818181	0.1353003884904762
120550000	120599999	0.6529550250246752	0.5204557253818181	0.13249929964285712
120600000	120649999	0.65843542128658	0.5204557253818181	0.1379796959047619
120650000	120699999	0.6494700521627704	0.5204557253818181	0.12901432678095237
120700000	120749999	0.6543056557008656	0.5204557253818181	0.13384993031904757
120750000	120799999	0.6545375878913419	0.5204557253818181	0.1340818625095238
120800000	120849999	0.65077944458658	0.5204557253818181	0.13032371920476193
120850000	120899999	0.6427817974437228	0.5204557253818181	0.12232607206190471
120900000	120949999	0.632793864634199	0.5204557253818181	0.1123381392523809
120950000	120999999	0.6347587882103894	0.5204557253818181	0.11430306282857139
121000000	121049999	0.6279844755532467	0.5204557253818181	0.1075287501714286
121050000	121099999	0.6434809835627704	0.5204557253818181	0.12302525818095233
121100000	121149999	0.6543553867008657	0.5204557253818181	0.13389966131904762
121150000	121199999	0.6577352545770562	0.5204557253818181	0.13727952919523811
121200000	121249999	0.6572161829437229	0.5204557253818181	0.1367604575619048
121250000	121299999	0.6609258266199133	0.5204557253818181	0.14047010123809522
121300000	121349999	0.6643994593484848	0.5204557253818181	0.1439437339666667
121350000	121399999	0.6632734313675324	0.5204557253818181	0.1428177059857143
121400000	121449999	0.6606369832961038	0.5204557253818181	0.1401812579142857
121450000	121499999	0.6527753825818181	0.5204557253818181	0.13231965720000005
121500000	121549999	0.6470960390008657	0.5204557253818181	0.1266403136190476
121550000	121599999	0.6483338949246752	0.5204557253818181	0.12787816954285713
121600000	121649999	0.6524166179961037	0.5204557253818181	0.13196089261428567
121650000	121699999	0.6491059842341991	0.5204557253818181	0.12865025885238102
121700000	121749999	0.6592690035389609	0.5204557253818181	0.13881327815714284
121750000	121799999	0.6443259674580085	0.5204557253818181	0.12387024207619046
121800000	121849999	0.6423622226056276	0.5204557253818181	0.12190649722380953
121850000	121899999	0.6469674892770562	0.5204557253818181	0.1265117638952381
121900000	121949999	0.6449328933770562	0.5204557253818181	0.12447716799523811
121950000	121999999	0.6545403692865799	0.5204557253818181	0.13408464390476182
122000000	122049999	0.7372359203484847	0.5204557253818181	0.21678019496666667
122050000	122099999	0.7568950397199133	0.5204557253818181	0.23643931433809529
122100000	122149999	0.7449718894246752	0.5204557253818181	0.22451616404285712
122150000	122199999	0.7351454829008657	0.5204557253818181	0.21468975751904762
122200000	122249999	0.7303064339675324	0.5204557253818181	0.2098507085857143
122250000	122299999	0.7274100398675324	0.5204557253818181	0.20695431448571433
122300000	122349999	0.7199321248675323	0.5204557253818181	0.19947639948571427
122350000	122399999	0.7254040428103895	0.5204557253818181	0.20494831742857145
122400000	122449999	0.7277885782151514	0.5204557253818181	0.20733285283333336
122450000	122499999	0.7268127011961037	0.5204557253818181	0.2063569758142857
122500000	122549999	0.7342807993675323	0.5204557253818181	0.21382507398571426
122550000	122599999	0.7375977548056276	0.5204557253818181	0.21714202942380956
122600000	122649999	0.73504429768658	0.5204557253818181	0.21458857230476192
122650000	122699999	0.7356690055770562	0.5204557253818181	0.2152132801952381
122700000	122749999	0.7383840474294371	0.5204557253818181	0.21792832204761903
122750000	122799999	0.735715306738961	0.5204557253818181	0.21525958135714296
122800000	122849999	0.7365448080484848	0.5204557253818181	0.2160890826666667
122850000	122899999	0.725601241234199	0.5204557253818181	0.20514551585238094
122900000	122949999	0.717895986629437	0.5204557253818181	0.19744026124761893
122950000	122999999	0.7253012574532466	0.5204557253818181	0.20484553207142853
123000000	123049999	0.7254919639151514	0.5204557253818181	0.2050362385333333
123050000	123099999	0.6410619537913419	0.5204557253818181	0.12060622840952384
123100000	123149999	0.6238920247770562	0.5204557253818181	0.10343629939523813
123150000	123199999	0.632648394834199	0.5204557253818181	0.11219266945238093
123200000	123249999	0.6383800389151514	0.5204557253818181	0.11792431353333332
123250000	123299999	0.6368137073294371	0.5204557253818181	0.11635798194761904
123300000	123349999	0.6366213237484847	0.5204557253818181	0.11616559836666662
123350000	123399999	0.6387498105199133	0.5204557253818181	0.11829408513809525
123400000	123449999	0.6344927022675324	0.5204557253818181	0.11403697688571435
123450000	123499999	0.6362837808103895	0.5204557253818181	0.11582805542857144
123500000	123549999	0.6334447089056275	0.5204557253818181	0.11298898352380948
123550000	123599999	0.6289369903961037	0.5204557253818181	0.10848126501428568
123600000	123649999	0.6291079992437228	0.5204557253818181	0.10865227386190479
123650000	123699999	0.6362808164913418	0.5204557253818181	0.11582509110952377
123700000	123749999	0.6302107076389609	0.5204557253818181	0.10975498225714286
123750000	123799999	0.6330122047199134	0.5204557253818181	0.11255647933809532
123800000	123849999	0.6366359105151513	0.5204557253818181	0.11618018513333328
123850000	123899999	0.643003001334199	0.5204557253818181	0.12254727595238091
123900000	123949999	0.6485017203199133	0.5204557253818181	0.1280459949380952
123950000	123999999	0.6605500214818181	0.5204557253818181	0.14009429610000002
124000000	124049999	0.6562484416675323	0.5204557253818181	0.1357927162857142
124050000	124099999	0.6589980190532466	0.5204557253818181	0.13854229367142856
124100000	124149999	0.6533452058151514	0.5204557253818181	0.13288948043333337
124150000	124199999	0.6507475193913419	0.5204557253818181	0.13029179400952384
124200000	124249999	0.6507765794199133	0.5204557253818181	0.13032085403809524
124250000	124299999	0.6441082269722942	0.5204557253818181	0.12365250159047614
124300000	124349999	0.6384676966294371	0.5204557253818181	0.11801197124761909
124350000	124399999	0.6358391612722942	0.5204557253818181	0.11538343589047617
124400000	124449999	0.6204588842389609	0.5204557253818181	0.10000315885714284
124450000	124499999	0.6116346711675323	0.5204557253818181	0.09117894578571428
124500000	124549999	0.6079756864008656	0.5204557253818181	0.08751996101904758
124550000	124599999	0.6083424510580085	0.5204557253818181	0.08788672567619049
124600000	124649999	0.604379815081818	0.5204557253818181	0.08392408969999998
124650000	124699999	0.5996626530961038	0.5204557253818181	0.07920692771428572
124700000	124749999	0.5948245983008656	0.5204557253818181	0.07436887291904759
124750000	124799999	0.5997051235627704	0.5204557253818181	0.07924939818095234
124800000	124849999	0.5848805242913419	0.5204557253818181	0.0644247989095238
124850000	124899999	0.5807978981532467	0.5204557253818181	0.060342172771428615
124900000	124949999	0.5830942174532466	0.5204557253818181	0.06263849207142858
124950000	124999999	0.5751189211246752	0.5204557253818181	0.05466319574285716
125000000	125049999	0.5721916274818181	0.5204557253818181	0.05173590210000001
125050000	125099999	0.5732830691008657	0.5204557253818181	0.052827343719047626
125100000	125149999	0.5724617307818181	0.5204557253818181	0.0520060054
125150000	125199999	0.5615439556675323	0.5204557253818181	0.04108823028571429
125200000	125249999	0.5598598268532466	0.5204557253818181	0.03940410147142859
125250000	125299999	0.5521514063389609	0.5204557253818181	0.03169568095714281
125300000	125349999	0.5440977783437229	0.5204557253818181	0.023642052961904803
125350000	125399999	0.5391058238199132	0.5204557253818181	0.018650098438095175
125400000	125449999	0.5258546362437229	0.5204557253818181	0.005398910861904804
125450000	125499999	0.5143109648294371	0.5204557253818181	-0.006144760552381001
125500000	125549999	0.4981480621294371	0.5204557253818181	-0.022307663252380983
125550000	125599999	0.49048526729134184	0.5204557253818181	-0.029970458090476215
125600000	125649999	0.4690096063961038	0.5204557253818181	-0.05144611898571427
125650000	125699999	0.4517398683389609	0.5204557253818181	-0.06871585704285715
125700000	125749999	0.42916117736753234	0.5204557253818181	-0.09129454801428571
125750000	125799999	0.4056439052675323	0.5204557253818181	-0.11481182011428576
125800000	125849999	0.38581221881991323	0.5204557253818181	-0.13464350656190482
125850000	125899999	0.3669172288961038	0.5204557253818181	-0.15353849648571427
125900000	125949999	0.3445643988056276	0.5204557253818181	-0.17589132657619044
125950000	125999999	0.3174686908389609	0.5204557253818181	-0.20298703454285716
126000000	126049999	0.30039274899134183	0.5204557253818181	-0.22006297639047623
126050000	126099999	0.27419398911515136	0.5204557253818181	-0.2462617362666667
126100000	126149999	0.24706387666753232	0.5204557253818181	-0.27339184871428573
126150000	126199999	0.2289311097913419	0.5204557253818181	-0.29152461559047615
126200000	126249999	0.2260582490437228	0.5204557253818181	-0.29439747633809527
126250000	126299999	0.201054294134199	0.5204557253818181	-0.31940143124761905
126300000	126349999	0.17924314228181804	0.5204557253818181	-0.3412125831
126350000	126399999	0.16979192545800859	0.5204557253818181	-0.35066379992380947
126400000	126449999	0.15876554489610378	0.5204557253818181	-0.3616901804857143
126450000	126499999	0.15671743502943708	0.5204557253818181	-0.363738290352381
126500000	126549999	0.16359545897229433	0.5204557253818181	-0.35686026640952373
126550000	126599999	0.1622375453437228	0.5204557253818181	-0.35821818003809525
126600000	126649999	0.15292211752943713	0.5204557253818181	-0.36753360785238093
126650000	126699999	0.15565735849134188	0.5204557253818181	-0.3647983668904762
126700000	126749999	0.1640783194770562	0.5204557253818181	-0.35637740590476186
126750000	126799999	0.180498345934199	0.5204557253818181	-0.33995737944761906
126800000	126849999	0.20033018621038945	0.5204557253818181	-0.3201255391714286
126850000	126899999	0.22752610438181808	0.5204557253818181	-0.292929621
126900000	126949999	0.25857898611038943	0.5204557253818181	-0.2618767392714286
126950000	126999999	0.2806226600675322	0.5204557253818181	-0.23983306531428583
127000000	127049999	0.3045548160580085	0.5204557253818181	-0.21590090932380956
127050000	127099999	0.3227329999961038	0.5204557253818181	-0.19772272538571428
127100000	127149999	0.3421096474770562	0.5204557253818181	-0.17834607790476187
127150000	127199999	0.36225283566277044	0.5204557253818181	-0.1582028897190476
127200000	127249999	0.37321865594848475	0.5204557253818181	-0.1472370694333333
127250000	127299999	0.38419300816277047	0.5204557253818181	-0.1362627172190476
127300000	127349999	0.40552181006277044	0.5204557253818181	-0.11493391531904762
127350000	127399999	0.4216171406437228	0.5204557253818181	-0.09883858473809526
127400000	127449999	0.4210093937437228	0.5204557253818181	-0.09944633163809524
127450000	127499999	0.42640476047229425	0.5204557253818181	-0.0940509649095238
127500000	127549999	0.4263911313389609	0.5204557253818181	-0.09406459404285716
127550000	127599999	0.41816704176753233	0.5204557253818181	-0.10228868361428572
127600000	127649999	0.41774778395324663	0.5204557253818181	-0.10270794142857143
127650000	127699999	0.421226952534199	0.5204557253818181	-0.09922877284761905
127700000	127749999	0.41648630819610377	0.5204557253818181	-0.10396941718571429
127750000	127799999	0.4073282797865799	0.5204557253818181	-0.11312744559523813
127800000	127849999	0.3896649166580085	0.5204557253818181	-0.13079080872380955
127850000	127899999	0.3697907072103894	0.5204557253818181	-0.15066501817142863
127900000	127949999	0.34120311669134185	0.5204557253818181	-0.1792526086904762
127950000	127999999	0.3140957537103895	0.5204557253818181	-0.20635997167142855
128000000	128049999	0.2902551516770561	0.5204557253818181	-0.23020057370476193
128050000	128099999	0.266708128034199	0.5204557253818181	-0.25374759734761904
128100000	128149999	0.24839644702943708	0.5204557253818181	-0.272059278352381
128150000	128199999	0.22868090106277045	0.5204557253818181	-0.2917748243190476
128200000	128249999	0.2093218536818181	0.5204557253818181	-0.31113387169999995
128250000	128299999	0.19506269035324658	0.5204557253818181	-0.3253930350285715
128300000	128349999	0.1856841905627704	0.5204557253818181	-0.33477153481904764
128350000	128399999	0.17272615997229424	0.5204557253818181	-0.3477295654095238
128400000	128449999	0.15958290958658	0.5204557253818181	-0.36087281579523806
128450000	128499999	0.15604551879134188	0.5204557253818181	-0.3644102065904762
128500000	128549999	0.15901181718181806	0.5204557253818181	-0.3614439082
128550000	128599999	0.15946999326277045	0.5204557253818181	-0.3609857321190476
128600000	128649999	0.16341793516277042	0.5204557253818181	-0.35703779021904763
128650000	128699999	0.16573185233896087	0.5204557253818181	-0.3547238730428572
128700000	128749999	0.16423512691991327	0.5204557253818181	-0.3562205984619048
128750000	128799999	0.17454009683419902	0.5204557253818181	-0.34591562854761904
128800000	128849999	0.18018897090562758	0.5204557253818181	-0.3402667544761905
128850000	128899999	0.19139948059610373	0.5204557253818181	-0.3290562447857143
128900000	128949999	0.19389523354372284	0.5204557253818181	-0.3265604918380952
128950000	128999999	0.1942198621770561	0.5204557253818181	-0.32623586320476194
129000000	129049999	0.1933451238008656	0.5204557253818181	-0.32711060158095245
129050000	129099999	0.19505246591991326	0.5204557253818181	-0.3254032594619048
129100000	129149999	0.20277689609134186	0.5204557253818181	-0.3176788292904762
129150000	129199999	0.2053485778103895	0.5204557253818181	-0.31510714757142855
129200000	129249999	0.21053307987705622	0.5204557253818181	-0.30992264550476184
129250000	129299999	0.216282811834199	0.5204557253818181	-0.30417291354761905
129300000	129349999	0.21923063557705613	0.5204557253818181	-0.3012250898047619
129350000	129399999	0.2154692957389609	0.5204557253818181	-0.30498642964285716
129400000	129449999	0.20843718151038942	0.5204557253818181	-0.31201854387142863
129450000	129499999	0.21180581142467514	0.5204557253818181	-0.3086499139571429
129500000	129549999	0.2176167253913418	0.5204557253818181	-0.30283899999047625
129550000	129599999	0.21440724040086562	0.5204557253818181	-0.30604848498095244
129600000	129649999	0.21324827602467517	0.5204557253818181	-0.3072074493571429
129650000	129699999	0.21698686193419897	0.5204557253818181	-0.3034688634476191
129700000	129749999	0.21691049715324656	0.5204557253818181	-0.3035452282285715
129750000	129799999	0.21069427106277044	0.5204557253818181	-0.3097614543190476
129800000	129849999	0.19584081185800856	0.5204557253818181	-0.3246149135238095
129850000	129899999	0.19364216672467516	0.5204557253818181	-0.3268135586571429
129900000	129949999	0.18777595246277035	0.5204557253818181	-0.3326797729190477
129950000	129999999	0.19004901453419898	0.5204557253818181	-0.3304067108476191
130000000	130049999	0.19527804521515135	0.5204557253818181	-0.3251776801666667
130050000	130099999	0.20046208186277042	0.5204557253818181	-0.31999364351904763
130100000	130149999	0.20066514638658	0.5204557253818181	-0.31979057899523805
130150000	130199999	0.19887142404848468	0.5204557253818181	-0.3215843013333334
130200000	130249999	0.20050647223419898	0.5204557253818181	-0.3199492531476191
130250000	130299999	0.20207503330562754	0.5204557253818181	-0.3183806920761905
130300000	130349999	0.20947592852943708	0.5204557253818181	-0.310979796852381
130350000	130399999	0.2086770182961038	0.5204557253818181	-0.31177870708571426
130400000	130449999	0.20870224773896096	0.5204557253818181	-0.3117534776428571
130450000	130499999	0.21622935663419907	0.5204557253818181	-0.304226368747619
130500000	130549999	0.22031561465324662	0.5204557253818181	-0.30014011072857144
130550000	130599999	0.2191161704103895	0.5204557253818181	-0.30133955497142856
130600000	130649999	0.22650348582467517	0.5204557253818181	-0.2939522395571429
130650000	130699999	0.2387170384532466	0.5204557253818181	-0.28173868692857146
130700000	130749999	0.24324162066277044	0.5204557253818181	-0.2772141047190476
130750000	130799999	0.25737502954848474	0.5204557253818181	-0.2630806958333333
130800000	130849999	0.2789731126770561	0.5204557253818181	-0.24148261270476196
130850000	130899999	0.3056929516675323	0.5204557253818181	-0.21476277371428576
130900000	130949999	0.3251401573675323	0.5204557253818181	-0.19531556801428573
130950000	130999999	0.3379317514294371	0.5204557253818181	-0.18252397395238096
131000000	131049999	0.33982631578657996	0.5204557253818181	-0.1806294095952381
131050000	131099999	0.3398363258437228	0.5204557253818181	-0.18061939953809525
131100000	131149999	0.3445834706008657	0.5204557253818181	-0.17587225478095236
131150000	131199999	0.3522100174437228	0.5204557253818181	-0.16824570793809523
131200000	131249999	0.3604805036675323	0.5204557253818181	-0.15997522171428574
131250000	131299999	0.3567324057770561	0.5204557253818181	-0.16372331960476194
131300000	131349999	0.360192385981818	0.5204557253818181	-0.16026333940000004
131350000	131399999	0.36059464654372286	0.5204557253818181	-0.1598610788380952
131400000	131449999	0.3673260781294371	0.5204557253818181	-0.15312964725238098
131450000	131499999	0.37257352235800856	0.5204557253818181	-0.1478822030238095
131500000	131549999	0.3799861255246752	0.5204557253818181	-0.14046959985714286
131550000	131599999	0.378067822134199	0.5204557253818181	-0.14238790324761907
131600000	131649999	0.3757054835722943	0.5204557253818181	-0.14475024180952378
131650000	131699999	0.37025078176277043	0.5204557253818181	-0.15020494361904763
131700000	131749999	0.37379692289134187	0.5204557253818181	-0.1466588024904762
131750000	131799999	0.37094642172943704	0.5204557253818181	-0.14950930365238102
131800000	131849999	0.3760244128437228	0.5204557253818181	-0.14443131253809527
131850000	131899999	0.3744457775770561	0.5204557253818181	-0.14600994780476195
131900000	131949999	0.359918677081818	0.5204557253818181	-0.16053704830000004
131950000	131999999	0.3477231548627704	0.5204557253818181	-0.17273257051904767
132000000	132049999	0.33663218625324665	0.5204557253818181	-0.1838235391285714
132050000	132099999	0.3365284996389609	0.5204557253818181	-0.18392722574285714
132100000	132149999	0.3254252785580085	0.5204557253818181	-0.19503044682380954
132150000	132199999	0.32086742709134186	0.5204557253818181	-0.1995882982904762
132200000	132249999	0.34010335981038947	0.5204557253818181	-0.18035236557142859
132250000	132299999	0.34453748093896086	0.5204557253818181	-0.1759182444428572
132300000	132349999	0.34100475551991327	0.5204557253818181	-0.17945096986190479
132350000	132399999	0.3344858068580085	0.5204557253818181	-0.18596991852380956
132400000	132449999	0.3244193404389608	0.5204557253818181	-0.19603638494285724
132450000	132499999	0.315683509681818	0.5204557253818181	-0.20477221570000004
132500000	132549999	0.31354096965800854	0.5204557253818181	-0.20691475572380952
132550000	132599999	0.31147828538657996	0.5204557253818181	-0.2089774399952381
132600000	132649999	0.3128856731389609	0.5204557253818181	-0.20757005224285718
132650000	132699999	0.31968136569134187	0.5204557253818181	-0.2007743596904762
132700000	132749999	0.32202902141038947	0.5204557253818181	-0.1984267039714286
132750000	132799999	0.31474121003419897	0.5204557253818181	-0.2057145153476191
132800000	132849999	0.31669474972467515	0.5204557253818181	-0.2037609756571429
132850000	132899999	0.2999726249770561	0.5204557253818181	-0.22048310040476193
132900000	132949999	0.28248480091991324	0.5204557253818181	-0.23797092446190482
132950000	132999999	0.2842721664056276	0.5204557253818181	-0.23618355897619048
133000000	133049999	0.24430961038657995	0.5204557253818181	-0.2761461149952381
133050000	133099999	0.21009078554372285	0.5204557253818181	-0.3103649398380952
133100000	133149999	0.17180529399610378	0.5204557253818181	-0.3486504313857143
133150000	133199999	0.15910179442943712	0.5204557253818181	-0.36135393095238094
133200000	133249999	0.16701251153419905	0.5204557253818181	-0.353443213847619
133250000	133299999	0.1479058758722943	0.5204557253818181	-0.37254984950952375
133300000	133349999	0.15432406073896093	0.5204557253818181	-0.3661316646428571
133350000	133399999	0.12822878079610384	0.5204557253818181	-0.3922269445857142
133400000	133449999	0.1241144045968181	0.5204557253818181	-0.39634132078499995
133450000	133499999	0.12217418164497601	0.5204557253818181	-0.39828154373684205
133500000	133549999	0.1201294356762625	0.5204557253818181	-0.40032628970555556
133550000	133599999	0.1138150121171122	0.5204557253818181	-0.40664071326470586
133600000	133649999	0.09950458623181807	0.5204557253818181	-0.42095113915
133650000	133699999	0.08688302530181807	0.5204557253818181	-0.43357270008
133700000	133749999	0.071510794088961	0.5204557253818181	-0.44894493129285706
133750000	133799999	0.054728498489510446	0.5204557253818181	-0.4657272268923076
133800000	133849999	0.03086524404848484	0.5204557253818181	-0.4895904813333332
133850000	133899999	0.0	0.5204557253818181	-0.5204557253818181
