start	end	obs	exp	var
0	49999	0.0763567795645021	0.5439194393190475	-0.4675626597545454
50000	99999	0.08619918422738088	0.5439194393190475	-0.45772025509166664
100000	149999	0.09818681905750903	0.5439194393190475	-0.4457326202615385
150000	199999	0.10567459814761893	0.5439194393190475	-0.4382448411714286
200000	249999	0.10926330670571416	0.5439194393190475	-0.43465613261333336
250000	299999	0.11212416668779751	0.5439194393190475	-0.43179527263125
300000	349999	0.11544921681316517	0.5439194393190475	-0.42847022250588235
350000	399999	0.1217537964246031	0.5439194393190475	-0.4221656428944444
400000	449999	0.12199181684536337	0.5439194393190475	-0.42192762247368415
450000	499999	0.12600741606404753	0.5439194393190475	-0.417912023255
500000	549999	0.1294195512095237	0.5439194393190475	-0.4144998881095238
550000	599999	0.13799394807619036	0.5439194393190475	-0.40592549124285715
600000	649999	0.14794274769523796	0.5439194393190475	-0.39597669162380955
650000	699999	0.15559246993333314	0.5439194393190475	-0.38832696938571437
700000	749999	0.17022253607619037	0.5439194393190475	-0.37369690324285715
750000	799999	0.19108085726666652	0.5439194393190475	-0.352838582052381
800000	849999	0.1976894384904761	0.5439194393190475	-0.3462300008285714
850000	899999	0.18381504122857134	0.5439194393190475	-0.3601043980904762
900000	949999	0.19954136048571425	0.5439194393190475	-0.34437807883333327
950000	999999	0.20859820470952373	0.5439194393190475	-0.3353212346095238
1000000	1049999	0.21439446049047617	0.5439194393190475	-0.32952497882857135
1050000	1099999	0.22011100793333327	0.5439194393190475	-0.32380843138571425
1100000	1149999	0.22302109621904753	0.5439194393190475	-0.3208983431
1150000	1199999	0.22924369728095229	0.5439194393190475	-0.31467574203809523
1200000	1249999	0.23266452905238083	0.5439194393190475	-0.3112549102666667
1250000	1299999	0.24012898262380938	0.5439194393190475	-0.30379045669523813
1300000	1349999	0.24460707730476172	0.5439194393190475	-0.2993123620142858
1350000	1399999	0.2499457656285713	0.5439194393190475	-0.2939736736904762
1400000	1449999	0.2511725311047618	0.5439194393190475	-0.29274690821428573
1450000	1499999	0.2554966447238094	0.5439194393190475	-0.2884227945952381
1500000	1549999	0.2638127817571428	0.5439194393190475	-0.2801066575619047
1550000	1599999	0.27106258589047605	0.5439194393190475	-0.27285685342857147
1600000	1649999	0.2796601351523809	0.5439194393190475	-0.2642593041666666
1650000	1699999	0.28581394742857136	0.5439194393190475	-0.25810549189047616
1700000	1749999	0.28991870031904754	0.5439194393190475	-0.254000739
1750000	1799999	0.28741934083809517	0.5439194393190475	-0.25650009848095234
1800000	1849999	0.2784069898666665	0.5439194393190475	-0.265512449452381
1850000	1899999	0.2757051887190474	0.5439194393190475	-0.2682142506000001
1900000	1949999	0.2761337243095237	0.5439194393190475	-0.2677857150095238
1950000	1999999	0.2713405015714284	0.5439194393190475	-0.2725789377476191
2000000	2049999	0.2772046345333332	0.5439194393190475	-0.2667148047857143
2050000	2099999	0.26880644765238076	0.5439194393190475	-0.27511299166666675
2100000	2149999	0.269566418942857	0.5439194393190475	-0.2743530203761905
2150000	2199999	0.2689899492904761	0.5439194393190475	-0.2749294900285714
2200000	2249999	0.25665377119523797	0.5439194393190475	-0.28726566812380955
2250000	2299999	0.2520279584047618	0.5439194393190475	-0.29189148091428574
2300000	2349999	0.24329743429047612	0.5439194393190475	-0.3006220050285714
2350000	2399999	0.23531443569523802	0.5439194393190475	-0.3086050036238095
2400000	2449999	0.22429900136666658	0.5439194393190475	-0.31962043795238093
2450000	2499999	0.2141755359428571	0.5439194393190475	-0.3297439033761904
2500000	2549999	0.21201980978571422	0.5439194393190475	-0.3318996295333333
2550000	2599999	0.20080088146666664	0.5439194393190475	-0.3431185578523809
2600000	2649999	0.19091825568571424	0.5439194393190475	-0.35300118363333327
2650000	2699999	0.17271573194761897	0.5439194393190475	-0.37120370737142855
2700000	2749999	0.17204504516666663	0.5439194393190475	-0.3718743941523809
2750000	2799999	0.16783491073809514	0.5439194393190475	-0.37608452858095237
2800000	2849999	0.1695475994714285	0.5439194393190475	-0.374371839847619
2850000	2899999	0.17317907339999988	0.5439194393190475	-0.37074036591904763
2900000	2949999	0.1699537590428571	0.5439194393190475	-0.3739656802761904
2950000	2999999	0.16847877341904755	0.5439194393190475	-0.37544066589999997
3000000	3049999	0.16840394183333324	0.5439194393190475	-0.3755154974857143
3050000	3099999	0.1670741591809523	0.5439194393190475	-0.3768452801380952
3100000	3149999	0.17983881705714277	0.5439194393190475	-0.36408062226190474
3150000	3199999	0.18169871634761897	0.5439194393190475	-0.36222072297142854
3200000	3249999	0.18021355629523805	0.5439194393190475	-0.36370588302380946
3250000	3299999	0.1879840821428571	0.5439194393190475	-0.3559353571761904
3300000	3349999	0.19463172229047615	0.5439194393190475	-0.34928771702857137
3350000	3399999	0.20283151558095236	0.5439194393190475	-0.34108792373809516
3400000	3449999	0.21148016765714278	0.5439194393190475	-0.33243927166190473
3450000	3499999	0.22494656907142857	0.5439194393190475	-0.31897287024761894
3500000	3549999	0.23688747534285703	0.5439194393190475	-0.3070319639761905
3550000	3599999	0.23896725559999987	0.5439194393190475	-0.30495218371904764
3600000	3649999	0.28188612830476173	0.5439194393190475	-0.2620333110142858
3650000	3699999	0.2913624324571427	0.5439194393190475	-0.2525570068619048
3700000	3749999	0.3103712664142856	0.5439194393190475	-0.23354817290476193
3750000	3799999	0.308369062342857	0.5439194393190475	-0.23555037697619052
3800000	3849999	0.31231057835238085	0.5439194393190475	-0.23160886096666666
3850000	3899999	0.30914968849523794	0.5439194393190475	-0.23476975082380958
3900000	3949999	0.31065818710952364	0.5439194393190475	-0.23326125220952387
3950000	3999999	0.3133233726999999	0.5439194393190475	-0.23059606661904763
4000000	4049999	0.3132180866047618	0.5439194393190475	-0.2307013527142857
4050000	4099999	0.3114766674523808	0.5439194393190475	-0.23244277186666673
4100000	4149999	0.30879878432380936	0.5439194393190475	-0.23512065499523815
4150000	4199999	0.30672510885714277	0.5439194393190475	-0.23719433046190475
4200000	4249999	0.3067882133047618	0.5439194393190475	-0.2371312260142857
4250000	4299999	0.30028737619523793	0.5439194393190475	-0.24363206312380958
4300000	4349999	0.29694203778095224	0.5439194393190475	-0.24697740153809528
4350000	4399999	0.2941959630714285	0.5439194393190475	-0.24972347624761904
4400000	4449999	0.2893390828142856	0.5439194393190475	-0.2545803565047619
4450000	4499999	0.2882720867571427	0.5439194393190475	-0.2556473525619048
4500000	4549999	0.28050211850952367	0.5439194393190475	-0.26341732080952385
4550000	4599999	0.29114035577142844	0.5439194393190475	-0.2527790835476191
4600000	4649999	0.2957034370095237	0.5439194393190475	-0.24821600230952384
4650000	4699999	0.2624666647904761	0.5439194393190475	-0.2814527745285714
4700000	4749999	0.2648714307904761	0.5439194393190475	-0.2790480085285714
4750000	4799999	0.2591312364999999	0.5439194393190475	-0.2847882028190476
4800000	4849999	0.26103962929047614	0.5439194393190475	-0.2828798100285714
4850000	4899999	0.2653675873142856	0.5439194393190475	-0.2785518520047619
4900000	4949999	0.26900295763809523	0.5439194393190475	-0.2749164816809523
4950000	4999999	0.2727224300333333	0.5439194393190475	-0.2711970092857142
5000000	5049999	0.2754698065142857	0.5439194393190475	-0.2684496328047618
5050000	5099999	0.270173038495238	0.5439194393190475	-0.2737464008238095
5100000	5149999	0.2689215648047618	0.5439194393190475	-0.2749978745142857
5150000	5199999	0.2616757455047618	0.5439194393190475	-0.2822436938142857
5200000	5249999	0.25622413088571416	0.5439194393190475	-0.28769530843333335
5250000	5299999	0.25104769639523794	0.5439194393190475	-0.2928717429238096
5300000	5349999	0.25303763799999995	0.5439194393190475	-0.29088180131904756
5350000	5399999	0.25135795355714274	0.5439194393190475	-0.29256148576190477
5400000	5449999	0.24361133939047608	0.5439194393190475	-0.30030809992857144
5450000	5499999	0.23986471462857134	0.5439194393190475	-0.3040547246904762
5500000	5549999	0.27467082053333325	0.5439194393190475	-0.26924861878571427
5550000	5599999	0.2693560418809523	0.5439194393190475	-0.2745633974380952
5600000	5649999	0.2500551700047618	0.5439194393190475	-0.2938642693142857
5650000	5699999	0.24316304015714285	0.5439194393190475	-0.30075639916190466
5700000	5749999	0.23772287778571422	0.5439194393190475	-0.3061965615333333
5750000	5799999	0.23095740809523801	0.5439194393190475	-0.3129620312238095
5800000	5849999	0.22629596855714273	0.5439194393190475	-0.3176234707619048
5850000	5899999	0.22565920184285698	0.5439194393190475	-0.31826023747619053
5900000	5949999	0.21875389162857128	0.5439194393190475	-0.32516554769047623
5950000	5999999	0.21250037600476174	0.5439194393190475	-0.3314190633142858
6000000	6049999	0.21392429716666655	0.5439194393190475	-0.32999514215238096
6050000	6099999	0.20831018107142846	0.5439194393190475	-0.33560925824761906
6100000	6149999	0.21337016187142843	0.5439194393190475	-0.3305492774476191
6150000	6199999	0.222736903295238	0.5439194393190475	-0.32118253602380953
6200000	6249999	0.23707430618571412	0.5439194393190475	-0.3068451331333334
6250000	6299999	0.25623483008095227	0.5439194393190475	-0.28768460923809525
6300000	6349999	0.2711083021380951	0.5439194393190475	-0.2728111371809524
6350000	6399999	0.2803275660857142	0.5439194393190475	-0.26359187323333333
6400000	6449999	0.2915330178904761	0.5439194393190475	-0.25238642142857143
6450000	6499999	0.29989874338095224	0.5439194393190475	-0.24402069593809528
6500000	6549999	0.30527091695714276	0.5439194393190475	-0.23864852236190476
6550000	6599999	0.2666592408809523	0.5439194393190475	-0.27726019843809524
6600000	6649999	0.27666610672857134	0.5439194393190475	-0.2672533325904762
6650000	6699999	0.278006474142857	0.5439194393190475	-0.2659129651761905
6700000	6749999	0.2811150481238094	0.5439194393190475	-0.26280439119523813
6750000	6799999	0.28087420014761894	0.5439194393190475	-0.2630452391714286
6800000	6849999	0.2790610053666665	0.5439194393190475	-0.264858433952381
6850000	6899999	0.281066098442857	0.5439194393190475	-0.2628533408761905
6900000	6949999	0.2775988129999999	0.5439194393190475	-0.2663206263190476
6950000	6999999	0.2785052728190475	0.5439194393190475	-0.2654141665
7000000	7049999	0.2907214404809523	0.5439194393190475	-0.25319799883809524
7050000	7099999	0.285196804295238	0.5439194393190475	-0.2587226350238095
7100000	7149999	0.2883197702333332	0.5439194393190475	-0.2555996690857143
7150000	7199999	0.2922519229999999	0.5439194393190475	-0.2516675163190476
7200000	7249999	0.28983845686666654	0.5439194393190475	-0.254080982452381
7250000	7299999	0.2828647248285714	0.5439194393190475	-0.2610547144904761
7300000	7349999	0.26767521491904755	0.5439194393190475	-0.27624422439999996
7350000	7399999	0.261451027595238	0.5439194393190475	-0.28246841172380954
7400000	7449999	0.2591135682047618	0.5439194393190475	-0.28480587111428574
7450000	7499999	0.2570397047190475	0.5439194393190475	-0.2868797346
7500000	7549999	0.2645571637285713	0.5439194393190475	-0.2793622755904762
7550000	7599999	0.2701608438904761	0.5439194393190475	-0.2737585954285714
7600000	7649999	0.281834927195238	0.5439194393190475	-0.2620845121238095
7650000	7699999	0.2801609441428571	0.5439194393190475	-0.26375849517619043
7700000	7749999	0.29341126186666666	0.5439194393190475	-0.25050817745238085
7750000	7799999	0.3001713423666666	0.5439194393190475	-0.24374809695238092
7800000	7849999	0.30978379846190474	0.5439194393190475	-0.23413564085714278
7850000	7899999	0.31195054138571415	0.5439194393190475	-0.23196889793333336
7900000	7949999	0.3200874050571428	0.5439194393190475	-0.22383203426190473
7950000	7999999	0.3316701665761904	0.5439194393190475	-0.2122492727428571
8000000	8049999	0.3445420155857142	0.5439194393190475	-0.19937742373333334
8050000	8099999	0.33649264173333326	0.5439194393190475	-0.20742679758571425
8100000	8149999	0.33135417064761896	0.5439194393190475	-0.21256526867142855
8150000	8199999	0.3374893699333332	0.5439194393190475	-0.2064300693857143
8200000	8249999	0.32739628865238085	0.5439194393190475	-0.21652315066666666
8250000	8299999	0.31991191265714275	0.5439194393190475	-0.22400752666190477
8300000	8349999	0.31386357927619035	0.5439194393190475	-0.23005586004285716
8350000	8399999	0.30646579477619035	0.5439194393190475	-0.23745364454285717
8400000	8449999	0.2914820394666665	0.5439194393190475	-0.252437399852381
8450000	8499999	0.28252122663333323	0.5439194393190475	-0.2613982126857143
8500000	8549999	0.2644906478809522	0.5439194393190475	-0.2794287914380953
8550000	8599999	0.2469625998190475	0.5439194393190475	-0.2969568395
8600000	8649999	0.2319095397666665	0.5439194393190475	-0.312009899552381
8650000	8699999	0.21450463501904754	0.5439194393190475	-0.3294148043
8700000	8749999	0.2108581139666666	0.5439194393190475	-0.3330613253523809
8750000	8799999	0.19671977177619038	0.5439194393190475	-0.34719966754285714
8800000	8849999	0.1865044045285713	0.5439194393190475	-0.3574150347904762
8850000	8899999	0.17300416958095227	0.5439194393190475	-0.37091526973809524
8900000	8949999	0.16902704700476184	0.5439194393190475	-0.37489239231428567
8950000	8999999	0.15875446383333325	0.5439194393190475	-0.38516497548571427
9000000	9049999	0.14085171616190467	0.5439194393190475	-0.40306772315714284
9050000	9099999	0.12290134000952369	0.5439194393190475	-0.42101809930952383
9100000	9149999	0.11530059496190465	0.5439194393190475	-0.42861884435714287
9150000	9199999	0.11180617996190462	0.5439194393190475	-0.4321132593571429
9200000	9249999	0.09654354185714276	0.5439194393190475	-0.44737589746190476
9250000	9299999	0.09660583972380948	0.5439194393190475	-0.44731359959523803
9300000	9349999	0.0907786880238095	0.5439194393190475	-0.453140751295238
9350000	9399999	0.08479268613333324	0.5439194393190475	-0.4591267531857143
9400000	9449999	0.08312362802857132	0.5439194393190475	-0.4607958112904762
9450000	9499999	0.08400297410952368	0.5439194393190475	-0.45991646520952384
9500000	9549999	0.08030970849999991	0.5439194393190475	-0.4636097308190476
9550000	9599999	0.08401339031904753	0.5439194393190475	-0.459906049
9600000	9649999	0.08279662363809515	0.5439194393190475	-0.46112281568095237
9650000	9699999	0.08600661346666649	0.5439194393190475	-0.457912825852381
9700000	9749999	0.0888121974761904	0.5439194393190475	-0.4551072418428571
9750000	9799999	0.08681205264761893	0.5439194393190475	-0.4571073866714286
9800000	9849999	0.09631426691428557	0.5439194393190475	-0.44760517240476194
9850000	9899999	0.09886716136190465	0.5439194393190475	-0.44505227795714286
9900000	9949999	0.09812276026190475	0.5439194393190475	-0.44579667905714276
9950000	9999999	0.09875936018095233	0.5439194393190475	-0.4451600791380952
10000000	10049999	0.09419582923809522	0.5439194393190475	-0.4497236100809523
10050000	10099999	0.09781388345714287	0.5439194393190475	-0.44610555586190465
10100000	10149999	0.09962281591904754	0.5439194393190475	-0.4442966234
10150000	10199999	0.10036068835238082	0.5439194393190475	-0.4435587509666667
10200000	10249999	0.09892617766666656	0.5439194393190475	-0.44499326165238096
10250000	10299999	0.09785676611428562	0.5439194393190475	-0.4460626732047619
10300000	10349999	0.09274844434761892	0.5439194393190475	-0.4511709949714286
10350000	10399999	0.09332940292857134	0.5439194393190475	-0.4505900363904762
10400000	10449999	0.09083228799523796	0.5439194393190475	-0.45308715132380956
10450000	10499999	0.08811000092857135	0.5439194393190475	-0.45580943839047616
10500000	10549999	0.08821384683333316	0.5439194393190475	-0.45570559248571435
10550000	10599999	0.08782108820952367	0.5439194393190475	-0.45609835110952385
10600000	10649999	0.08046592519523799	0.5439194393190475	-0.46345351412380953
10650000	10699999	0.07764297409999982	0.5439194393190475	-0.4662764652190477
10700000	10749999	0.07266687900952368	0.5439194393190475	-0.47125256030952384
10750000	10799999	0.06525273171428564	0.5439194393190475	-0.4786667076047619
10800000	10849999	0.059906222319047575	0.5439194393190475	-0.48401321699999994
10850000	10899999	0.042209875761904714	0.5439194393190475	-0.5017095635571428
10900000	10949999	0.031607027114285646	0.5439194393190475	-0.5123124122047619
10950000	10999999	0.026316678409523786	0.5439194393190475	-0.5176027609095237
11000000	11049999	0.02169314961428559	0.5439194393190475	-0.5222262897047619
11050000	11099999	0.020573750528571466	0.5439194393190475	-0.523345688790476
11100000	11149999	0.021462932376190347	0.5439194393190475	-0.5224565069428572
11150000	11199999	0.022350687552380788	0.5439194393190475	-0.5215687517666667
11200000	11249999	0.026689650899999973	0.5439194393190475	-0.5172297884190475
11250000	11299999	0.03203381953809514	0.5439194393190475	-0.5118856197809524
11300000	11349999	0.03994476768571409	0.5439194393190475	-0.5039746716333334
11350000	11399999	0.050263414861904665	0.5439194393190475	-0.49365602445714285
11400000	11449999	0.06525447056666656	0.5439194393190475	-0.47866496875238096
11450000	11499999	0.10225667143809508	0.5439194393190475	-0.44166276788095243
11500000	11549999	0.13330000648571416	0.5439194393190475	-0.41061943283333335
11550000	11599999	0.14813509677142844	0.5439194393190475	-0.3957843425476191
11600000	11649999	0.15272893529999998	0.5439194393190475	-0.39119050401904754
11650000	11699999	0.16084625377142847	0.5439194393190475	-0.38307318554761904
11700000	11749999	0.17217378556666652	0.5439194393190475	-0.371745653752381
11750000	11799999	0.1802122366333332	0.5439194393190475	-0.3637072026857143
11800000	11849999	0.18938341194761893	0.5439194393190475	-0.3545360273714286
11850000	11899999	0.19608409972857133	0.5439194393190475	-0.3478353395904762
11900000	11949999	0.2141290749619047	0.5439194393190475	-0.3297903643571428
11950000	11999999	0.2231923192523808	0.5439194393190475	-0.3207271200666667
12000000	12049999	0.22799848959047608	0.5439194393190475	-0.31592094972857143
12050000	12099999	0.22678871712857135	0.5439194393190475	-0.31713072219047617
12100000	12149999	0.22885183292380945	0.5439194393190475	-0.31506760639523806
12150000	12199999	0.22676645702857134	0.5439194393190475	-0.31715298229047617
12200000	12249999	0.22564345048571421	0.5439194393190475	-0.3182759888333333
12250000	12299999	0.22319620812857133	0.5439194393190475	-0.3207232311904762
12300000	12349999	0.2191070389380952	0.5439194393190475	-0.3248124003809523
12350000	12399999	0.21179042502380951	0.5439194393190475	-0.332129014295238
12400000	12449999	0.2125435637285713	0.5439194393190475	-0.3313758755904762
12450000	12499999	0.2006971066571428	0.5439194393190475	-0.3432223326619047
12500000	12549999	0.17028306771904755	0.5439194393190475	-0.37363637159999996
12550000	12599999	0.15750523203333322	0.5439194393190475	-0.3864142072857143
12600000	12649999	0.1597844067476189	0.5439194393190475	-0.3841350325714286
12650000	12699999	0.1676760845428571	0.5439194393190475	-0.3762433547761904
12700000	12749999	0.18213524422380944	0.5439194393190475	-0.36178419509523807
12750000	12799999	0.1870869074238095	0.5439194393190475	-0.356832531895238
12800000	12849999	0.19619355502857133	0.5439194393190475	-0.3477258842904762
12850000	12899999	0.21369430241904752	0.5439194393190475	-0.3302251369
12900000	12949999	0.24055655547142846	0.5439194393190475	-0.30336288384761906
12950000	12999999	0.24420916019523803	0.5439194393190475	-0.2997102791238095
13000000	13049999	0.2510585015571427	0.5439194393190475	-0.2928609377619048
13050000	13099999	0.26573119599523803	0.5439194393190475	-0.2781882433238095
13100000	13149999	0.27483653340952374	0.5439194393190475	-0.2690829059095238
13150000	13199999	0.28145707301904754	0.5439194393190475	-0.26246236629999997
13200000	13249999	0.2857636811047618	0.5439194393190475	-0.2581557582142857
13250000	13299999	0.29166555602380945	0.5439194393190475	-0.25225388329523807
13300000	13349999	0.2949441714285713	0.5439194393190475	-0.2489752678904762
13350000	13399999	0.3030256336904761	0.5439194393190475	-0.24089380562857143
13400000	13449999	0.30951199455714273	0.5439194393190475	-0.23440744476190478
13450000	13499999	0.3228227982428571	0.5439194393190475	-0.22109664107619043
13500000	13549999	0.3622321365047618	0.5439194393190475	-0.1816873028142857
13550000	13599999	0.36608893801428566	0.5439194393190475	-0.17783050130476186
13600000	13649999	0.35230859945714277	0.5439194393190475	-0.19161083986190475
13650000	13699999	0.3419851159047618	0.5439194393190475	-0.2019343234142857
13700000	13749999	0.33662460758571416	0.5439194393190475	-0.20729483173333335
13750000	13799999	0.33205654880476176	0.5439194393190475	-0.21186289051428575
13800000	13849999	0.333613436495238	0.5439194393190475	-0.2103060028238095
13850000	13899999	0.3249807909857142	0.5439194393190475	-0.21893864833333332
13900000	13949999	0.3145094364095237	0.5439194393190475	-0.2294100029095238
13950000	13999999	0.29032821313333323	0.5439194393190475	-0.2535912261857143
14000000	14049999	0.279582789247619	0.5439194393190475	-0.26433665007142854
14050000	14099999	0.2804571811333332	0.5439194393190475	-0.26346225818571434
14100000	14149999	0.2703189563666666	0.5439194393190475	-0.27360048295238093
14150000	14199999	0.26435259980952375	0.5439194393190475	-0.27956683950952377
14200000	14249999	0.2596765085666666	0.5439194393190475	-0.28424293075238094
14250000	14299999	0.2712498002999999	0.5439194393190475	-0.2726696390190476
14300000	14349999	0.2803198737380952	0.5439194393190475	-0.2635995655809523
14350000	14399999	0.2795577950333333	0.5439194393190475	-0.26436164428571424
14400000	14449999	0.27688732782857134	0.5439194393190475	-0.2670321114904762
14450000	14499999	0.2853981096190475	0.5439194393190475	-0.2585213297
14500000	14549999	0.2723100587380951	0.5439194393190475	-0.2716093805809524
14550000	14599999	0.24826068404285706	0.5439194393190475	-0.29565875527619045
14600000	14649999	0.26021920602857135	0.5439194393190475	-0.28370023329047617
14650000	14699999	0.26682639017619036	0.5439194393190475	-0.27709304914285715
14700000	14749999	0.27405704239523804	0.5439194393190475	-0.2698623969238095
14750000	14799999	0.281555718495238	0.5439194393190475	-0.2623637208238095
14800000	14849999	0.28148297902857133	0.5439194393190475	-0.2624364602904762
14850000	14899999	0.2732536968761904	0.5439194393190475	-0.2706657424428571
14900000	14949999	0.2773945877142856	0.5439194393190475	-0.2665248516047619
14950000	14999999	0.2757675518142856	0.5439194393190475	-0.26815188750476193
15000000	15049999	0.27338519724285704	0.5439194393190475	-0.2705342420761905
15050000	15099999	0.27962695948571414	0.5439194393190475	-0.26429247983333337
15100000	15149999	0.2654857238619046	0.5439194393190475	-0.2784337154571429
15150000	15199999	0.26374876942857123	0.5439194393190475	-0.2801706698904763
15200000	15249999	0.27367058046666654	0.5439194393190475	-0.270248858852381
15250000	15299999	0.27571582029999986	0.5439194393190475	-0.26820361901904766
15300000	15349999	0.2652863071666665	0.5439194393190475	-0.278633132152381
15350000	15399999	0.25817498796666655	0.5439194393190475	-0.28574445135238097
15400000	15449999	0.2718276875857142	0.5439194393190475	-0.27209175173333333
15450000	15499999	0.27621340598095223	0.5439194393190475	-0.2677060333380953
15500000	15549999	0.276571183495238	0.5439194393190475	-0.2673482558238095
15550000	15599999	0.29625693715238083	0.5439194393190475	-0.2476625021666667
15600000	15649999	0.297749852542857	0.5439194393190475	-0.2461695867761905
15650000	15699999	0.29451030871904754	0.5439194393190475	-0.24940913059999997
15700000	15749999	0.2964043270285713	0.5439194393190475	-0.24751511229047624
15750000	15799999	0.296727381642857	0.5439194393190475	-0.2471920576761905
15800000	15849999	0.296744262695238	0.5439194393190475	-0.2471751766238095
15850000	15899999	0.29134031633333324	0.5439194393190475	-0.2525791229857143
15900000	15949999	0.2941032404142856	0.5439194393190475	-0.24981619890476192
15950000	15999999	0.2937600882095237	0.5439194393190475	-0.2501593511095238
16000000	16049999	0.29896146165238086	0.5439194393190475	-0.24495797766666666
16050000	16099999	0.30224173247619035	0.5439194393190475	-0.24167770684285717
16100000	16149999	0.3143626442142856	0.5439194393190475	-0.2295567951047619
16150000	16199999	0.3670038852571428	0.5439194393190475	-0.17691555406190473
16200000	16249999	0.3896340890333332	0.5439194393190475	-0.15428535028571433
16250000	16299999	0.38008338707142847	0.5439194393190475	-0.16383605224761905
16300000	16349999	0.3750236478095237	0.5439194393190475	-0.16889579150952383
16350000	16399999	0.37260562836190464	0.5439194393190475	-0.17131381095714288
16400000	16449999	0.36872264214761896	0.5439194393190475	-0.17519679717142855
16450000	16499999	0.36136874066190466	0.5439194393190475	-0.18255069865714285
16500000	16549999	0.35855016847619037	0.5439194393190475	-0.18536927084285715
16550000	16599999	0.3497715318380952	0.5439194393190475	-0.19414790748095234
16600000	16649999	0.3603728536047618	0.5439194393190475	-0.18354658571428573
16650000	16699999	0.35311248363809516	0.5439194393190475	-0.19080695568095235
16700000	16749999	0.34561288037619037	0.5439194393190475	-0.19830655894285715
16750000	16799999	0.3455121311476189	0.5439194393190475	-0.1984073081714286
16800000	16849999	0.3438185305999999	0.5439194393190475	-0.20010090871904762
16850000	16899999	0.34045252247619034	0.5439194393190475	-0.20346691684285717
16900000	16949999	0.34287384987142844	0.5439194393190475	-0.20104558944761908
16950000	16999999	0.34569720583333324	0.5439194393190475	-0.19822223348571427
17000000	17049999	0.349291317142857	0.5439194393190475	-0.19462812217619052
17050000	17099999	0.3476368413190475	0.5439194393190475	-0.19628259800000003
17100000	17149999	0.3490137505142856	0.5439194393190475	-0.1949056888047619
17150000	17199999	0.3314481839095237	0.5439194393190475	-0.21247125540952383
17200000	17249999	0.2910063116285713	0.5439194393190475	-0.2529131276904762
17250000	17299999	0.2753559590714285	0.5439194393190475	-0.268563480247619
17300000	17349999	0.28427590728095226	0.5439194393190475	-0.25964353203809526
17350000	17399999	0.2896533868761904	0.5439194393190475	-0.2542660524428571
17400000	17449999	0.2952389426047618	0.5439194393190475	-0.24868049671428571
17450000	17499999	0.3028365644047618	0.5439194393190475	-0.2410828749142857
17500000	17549999	0.30583748602380945	0.5439194393190475	-0.23808195329523807
17550000	17599999	0.3144521732142856	0.5439194393190475	-0.22946726610476192
17600000	17649999	0.31513155290952377	0.5439194393190475	-0.22878788640952374
17650000	17699999	0.2832479702904761	0.5439194393190475	-0.2606714690285714
17700000	17749999	0.27471401334285706	0.5439194393190475	-0.26920542597619046
17750000	17799999	0.2736934142047618	0.5439194393190475	-0.27022602511428573
17800000	17849999	0.2487258379142856	0.5439194393190475	-0.2951936014047619
17850000	17899999	0.21574455781428553	0.5439194393190475	-0.328174881504762
17900000	17949999	0.18554474353333317	0.5439194393190475	-0.35837469578571435
17950000	17999999	0.17734845552857126	0.5439194393190475	-0.36657098379047626
18000000	18049999	0.16534551755714272	0.5439194393190475	-0.3785739217619048
18050000	18099999	0.1579383595999998	0.5439194393190475	-0.3859810797190477
18100000	18149999	0.1502298565095237	0.5439194393190475	-0.3936895828095238
18150000	18199999	0.14845992284761894	0.5439194393190475	-0.3954595164714286
18200000	18249999	0.15878785688571417	0.5439194393190475	-0.38513158243333334
18250000	18299999	0.15582963095714275	0.5439194393190475	-0.38808980836190476
18300000	18349999	0.15393935889523802	0.5439194393190475	-0.3899800804238095
18350000	18399999	0.146706293495238	0.5439194393190475	-0.3972131458238095
18400000	18449999	0.13687342103333322	0.5439194393190475	-0.4070460182857143
18450000	18499999	0.10567197648095222	0.5439194393190475	-0.4382474628380953
18500000	18549999	0.06980351950476177	0.5439194393190475	-0.47411591981428575
18550000	18599999	0.03309078302380941	0.5439194393190475	-0.5108286562952381
18600000	18649999	0.001066993390476112	0.5439194393190475	-0.5428524459285714
18650000	18699999	0.0038895785428570973	0.5439194393190475	-0.5400298607761904
18700000	18749999	0.0	0.5439194393190475	-0.5439194393190475
18750000	18799999	0.004012740328571351	0.5439194393190475	-0.5399066989904762
18800000	18849999	6.736789047612213e-05	0.5439194393190475	-0.5438520714285714
18850000	18899999	0.022097961042857106	0.5439194393190475	-0.5218214782761904
18900000	18949999	0.05068961717142856	0.5439194393190475	-0.49322982214761896
18950000	18999999	0.07655547621428566	0.5439194393190475	-0.46736396310476186
19000000	19049999	0.08144348247619043	0.5439194393190475	-0.4624759568428571
19050000	19099999	0.08728888818095226	0.5439194393190475	-0.45663055113809525
19100000	19149999	0.08363197384285692	0.5439194393190475	-0.4602874654761906
19150000	19199999	0.08042635580952362	0.5439194393190475	-0.4634930835095239
19200000	19249999	0.08159377769999981	0.5439194393190475	-0.4623256616190477
19250000	19299999	0.07266814964285706	0.5439194393190475	-0.47125128967619045
19300000	19349999	0.07413138734285701	0.5439194393190475	-0.4697880519761905
19350000	19399999	0.07505072009047603	0.5439194393190475	-0.4688687192285715
19400000	19449999	0.07624861886190465	0.5439194393190475	-0.46767082045714287
19450000	19499999	0.08857721120476186	0.5439194393190475	-0.45534222811428565
19500000	19549999	0.1175583285333332	0.5439194393190475	-0.4263611107857143
19550000	19599999	0.14988985479523803	0.5439194393190475	-0.3940295845238095
19600000	19649999	0.1876266841285713	0.5439194393190475	-0.3562927551904762
19650000	19699999	0.20700018382380936	0.5439194393190475	-0.33691925549523816
19700000	19749999	0.20681811799523797	0.5439194393190475	-0.33710132132380954
19750000	19799999	0.2183263341714285	0.5439194393190475	-0.325593105147619
19800000	19849999	0.21838630154285704	0.5439194393190475	-0.3255331377761905
19850000	19899999	0.20427652552380937	0.5439194393190475	-0.33964291379523814
19900000	19949999	0.18478786334761893	0.5439194393190475	-0.3591315759714286
19950000	19999999	0.18173579452380945	0.5439194393190475	-0.36218364479523807
20000000	20049999	0.18509504989523795	0.5439194393190475	-0.35882438942380956
20050000	20099999	0.1858304518142856	0.5439194393190475	-0.3580889875047619
20100000	20149999	0.1988237771047618	0.5439194393190475	-0.3450956622142857
20150000	20199999	0.20325305219523798	0.5439194393190475	-0.34066638712380953
20200000	20249999	0.21692170524285698	0.5439194393190475	-0.32699773407619054
20250000	20299999	0.25622379851428556	0.5439194393190475	-0.28769564080476195
20300000	20349999	0.2557603440095237	0.5439194393190475	-0.2881590953095238
20350000	20399999	0.24924714905238088	0.5439194393190475	-0.29467229026666664
20400000	20449999	0.24527390271904753	0.5439194393190475	-0.2986455366
20450000	20499999	0.245539016995238	0.5439194393190475	-0.2983804223238095
20500000	20549999	0.24997120350476187	0.5439194393190475	-0.29394823581428564
20550000	20599999	0.24901236282380945	0.5439194393190475	-0.29490707649523806
20600000	20649999	0.24755876001904759	0.5439194393190475	-0.29636067929999993
20650000	20699999	0.2427056719285714	0.5439194393190475	-0.3012137673904761
20700000	20749999	0.2696107098619047	0.5439194393190475	-0.2743087294571428
20750000	20799999	0.2689176301666666	0.5439194393190475	-0.2750018091523809
20800000	20849999	0.28259506043333327	0.5439194393190475	-0.26132437888571425
20850000	20899999	0.28568706724761894	0.5439194393190475	-0.2582323720714286
20900000	20949999	0.30184388677619034	0.5439194393190475	-0.24207555254285718
20950000	20999999	0.32969254005238086	0.5439194393190475	-0.21422689926666666
21000000	21049999	0.38413869753333324	0.5439194393190475	-0.15978074178571428
21050000	21099999	0.4220514892761904	0.5439194393190475	-0.12186795004285711
21100000	21149999	0.4399651396571428	0.5439194393190475	-0.10395429966190473
21150000	21199999	0.402550220395238	0.5439194393190475	-0.1413692189238095
21200000	21249999	0.4090109720619046	0.5439194393190475	-0.1349084672571429
21250000	21299999	0.3942586868857142	0.5439194393190475	-0.14966075243333332
21300000	21349999	0.35671726289047606	0.5439194393190475	-0.18720217642857145
21350000	21399999	0.37272171335714277	0.5439194393190475	-0.17119772596190475
21400000	21449999	0.3823354329571428	0.5439194393190475	-0.16158400636190473
21450000	21499999	0.3750610299285713	0.5439194393190475	-0.1688584093904762
21500000	21549999	0.36672546387619037	0.5439194393190475	-0.17719397544285714
21550000	21599999	0.35834027538095226	0.5439194393190475	-0.18557916393809526
21600000	21649999	0.35929504648571414	0.5439194393190475	-0.18462439283333337
21650000	21699999	0.3406100339285713	0.5439194393190475	-0.2033094053904762
21700000	21749999	0.349292847695238	0.5439194393190475	-0.19462659162380952
21750000	21799999	0.4635585806476189	0.5439194393190475	-0.08036085867142861
21800000	21849999	0.47863405303809514	0.5439194393190475	-0.06528538628095237
21850000	21899999	0.4741098266714285	0.5439194393190475	-0.06980961264761903
21900000	21949999	0.48613231875714275	0.5439194393190475	-0.05778712056190477
21950000	21999999	0.5058750738238094	0.5439194393190475	-0.03804436549523815
22000000	22049999	0.5129604006666666	0.5439194393190475	-0.03095903865238092
22050000	22099999	0.4777283639047618	0.5439194393190475	-0.0661910754142857
22100000	22149999	0.4559838417523808	0.5439194393190475	-0.08793559756666669
22150000	22199999	0.4559838417523808	0.5439194393190475	-0.08793559756666669
22200000	22249999	0.49833800864285704	0.5439194393190475	-0.04558143067619047
22250000	22299999	0.5084262836285713	0.5439194393190475	-0.035493155690476175
22300000	22349999	0.5308900180619046	0.5439194393190475	-0.013029421257142904
22350000	22399999	0.5439006739285713	0.5439194393190475	-1.8765390476183086e-05
22400000	22449999	0.5435677447190476	0.5439194393190475	-0.0003516945999999521
22450000	22499999	0.5534824195285714	0.5439194393190475	0.009562980209523841
22500000	22549999	0.5762091125523808	0.5439194393190475	0.032289673233333316
22550000	22599999	0.6007106271619047	0.5439194393190475	0.056791187842857194
22600000	22649999	0.6179939679523809	0.5439194393190475	0.07407452863333341
22650000	22699999	0.631809599295238	0.5439194393190475	0.08789015997619043
22700000	22749999	0.6633308459523809	0.5439194393190475	0.11941140663333338
22750000	22799999	0.6668473426714285	0.5439194393190475	0.12292790335238102
22800000	22849999	0.5439194393190475	0.5439194393190475	0.0
22850000	22899999	0.5439194393190475	0.5439194393190475	0.0
22900000	22949999	0.5439194393190475	0.5439194393190475	0.0
22950000	22999999	0.5439194393190475	0.5439194393190475	0.0
23000000	23049999	0.5439194393190475	0.5439194393190475	0.0
23050000	23099999	0.5439194393190475	0.5439194393190475	0.0
23100000	23149999	0.5439194393190475	0.5439194393190475	0.0
23150000	23199999	0.5439194393190475	0.5439194393190475	0.0
23200000	23249999	0.5439194393190475	0.5439194393190475	0.0
23250000	23299999	0.5439194393190475	0.5439194393190475	0.0
23300000	23349999	0.5439194393190475	0.5439194393190475	0.0
23350000	23399999	0.5439194393190475	0.5439194393190475	0.0
23400000	23449999	0.5439194393190475	0.5439194393190475	0.0
23450000	23499999	0.5439194393190475	0.5439194393190475	0.0
23500000	23549999	0.5439194393190475	0.5439194393190475	0.0
23550000	23599999	0.5439194393190475	0.5439194393190475	0.0
23600000	23649999	0.5439194393190475	0.5439194393190475	0.0
23650000	23699999	0.5439194393190475	0.5439194393190475	0.0
23700000	23749999	0.5439194393190475	0.5439194393190475	0.0
23750000	23799999	0.5439194393190475	0.5439194393190475	0.0
23800000	23849999	0.5439194393190475	0.5439194393190475	0.0
23850000	23899999	0.5439194393190475	0.5439194393190475	0.0
23900000	23949999	0.5439194393190475	0.5439194393190475	0.0
23950000	23999999	0.5439194393190475	0.5439194393190475	0.0
24000000	24049999	0.5439194393190475	0.5439194393190475	0.0
24050000	24099999	0.5439194393190475	0.5439194393190475	0.0
24100000	24149999	0.5439194393190475	0.5439194393190475	0.0
24150000	24199999	0.5439194393190475	0.5439194393190475	0.0
24200000	24249999	0.5439194393190475	0.5439194393190475	0.0
24250000	24299999	0.5439194393190475	0.5439194393190475	0.0
24300000	24349999	0.5439194393190475	0.5439194393190475	0.0
24350000	24399999	0.5439194393190475	0.5439194393190475	0.0
24400000	24449999	0.5439194393190475	0.5439194393190475	0.0
24450000	24499999	0.5439194393190475	0.5439194393190475	0.0
24500000	24549999	0.5439194393190475	0.5439194393190475	0.0
24550000	24599999	0.5439194393190475	0.5439194393190475	0.0
24600000	24649999	0.5439194393190475	0.5439194393190475	0.0
24650000	24699999	0.5439194393190475	0.5439194393190475	0.0
24700000	24749999	0.5439194393190475	0.5439194393190475	0.0
24750000	24799999	0.7808105746999999	0.5439194393190475	0.2368911353809524
24800000	24849999	0.8016751618238094	0.5439194393190475	0.25775572250476186
24850000	24899999	0.8117664235571427	0.5439194393190475	0.26784698423809516
24900000	24949999	0.8199773698190476	0.5439194393190475	0.27605793050000005
24950000	24999999	0.8176169998428571	0.5439194393190475	0.27369756052380956
25000000	25049999	0.8077903841047618	0.5439194393190475	0.26387094478571427
25050000	25099999	0.8090774681476189	0.5439194393190475	0.2651580288285714
25100000	25149999	0.8191321635523809	0.5439194393190475	0.27521272423333343
25150000	25199999	0.8274021737047618	0.5439194393190475	0.28348273438571425
25200000	25249999	0.8326410913999999	0.5439194393190475	0.28872165208095235
25250000	25299999	0.8350456351047618	0.5439194393190475	0.2911261957857143
25300000	25349999	0.8389901750904761	0.5439194393190475	0.2950707357714286
25350000	25399999	0.8533732556333332	0.5439194393190475	0.3094538163142857
25400000	25449999	0.8648233415904761	0.5439194393190475	0.3209039022714286
25450000	25499999	0.8640161405333332	0.5439194393190475	0.3200967012142857
25500000	25549999	0.8651211184714285	0.5439194393190475	0.32120167915238096
25550000	25599999	0.8580495972	0.5439194393190475	0.31413015788095244
25600000	25649999	0.8585130041857143	0.5439194393190475	0.3145935648666668
25650000	25699999	0.8557382057428571	0.5439194393190475	0.31181876642380957
25700000	25749999	0.8606667783333333	0.5439194393190475	0.31674733901428576
25750000	25799999	0.8716692344904762	0.5439194393190475	0.32774979517142866
25800000	25849999	0.652595939742857	0.5439194393190475	0.1086765004238095
25850000	25899999	0.6549027740190475	0.5439194393190475	0.11098333469999999
25900000	25949999	0.6804401631714285	0.5439194393190475	0.136520723852381
25950000	25999999	0.7048801809047618	0.5439194393190475	0.16096074158571427
26000000	26049999	0.7217258636333332	0.5439194393190475	0.17780642431428573
26050000	26099999	0.7357280941571428	0.5439194393190475	0.19180865483809528
26100000	26149999	0.7361307257380951	0.5439194393190475	0.1922112864190476
26150000	26199999	0.7240882010190475	0.5439194393190475	0.18016876169999996
26200000	26249999	0.7156321117666666	0.5439194393190475	0.17171267244761912
26250000	26299999	0.7080314646047619	0.5439194393190475	0.16411202528571434
26300000	26349999	0.7085350068238094	0.5439194393190475	0.16461556750476192
26350000	26399999	0.7058991646666666	0.5439194393190475	0.16197972534761906
26400000	26449999	0.7127305185999999	0.5439194393190475	0.1688110792809524
26450000	26499999	0.7249671300571428	0.5439194393190475	0.18104769073809523
26500000	26549999	0.7434287575761904	0.5439194393190475	0.1995093182571429
26550000	26599999	0.7549420287571428	0.5439194393190475	0.21102258943809526
26600000	26649999	0.7932183208476189	0.5439194393190475	0.24929888152857138
26650000	26699999	0.824448860142857	0.5439194393190475	0.2805294208238095
26700000	26749999	0.8464384467380952	0.5439194393190475	0.3025190074190477
26750000	26799999	0.8564977171666666	0.5439194393190475	0.31257827784761905
26800000	26849999	0.8419305653523809	0.5439194393190475	0.29801112603333335
26850000	26899999	0.8284354771333333	0.5439194393190475	0.2845160378142858
26900000	26949999	0.8064008969142857	0.5439194393190475	0.2624814575952382
26950000	26999999	0.7748891341190476	0.5439194393190475	0.23096969480000007
27000000	27049999	0.7386366893428571	0.5439194393190475	0.19471725002380957
27050000	27099999	0.7320432987095238	0.5439194393190475	0.18812385939047627
27100000	27149999	0.735111553095238	0.5439194393190475	0.1911921137761905
27150000	27199999	0.7398909246047618	0.5439194393190475	0.1959714852857143
27200000	27249999	0.7445292287095238	0.5439194393190475	0.20060978939047625
27250000	27299999	0.7550725447380952	0.5439194393190475	0.21115310541904764
27300000	27349999	0.7712676272190475	0.5439194393190475	0.2273481879
27350000	27399999	0.7659232312095238	0.5439194393190475	0.22200379189047625
27400000	27449999	0.7683868153809523	0.5439194393190475	0.2244673760619048
27450000	27499999	0.756084504595238	0.5439194393190475	0.2121650652761905
27500000	27549999	0.7428691949619047	0.5439194393190475	0.19894975564285722
27550000	27599999	0.7324221215047618	0.5439194393190475	0.1885026821857143
27600000	27649999	0.7320894242857142	0.5439194393190475	0.1881699849666667
27650000	27699999	0.7116618223190476	0.5439194393190475	0.1677423830000001
27700000	27749999	0.7028508922761905	0.5439194393190475	0.15893145295714295
27750000	27799999	0.6940556698619047	0.5439194393190475	0.15013623054285719
27800000	27849999	0.7047665128809524	0.5439194393190475	0.16084707356190486
27850000	27899999	0.7250412903523809	0.5439194393190475	0.18112185103333334
27900000	27949999	0.7335156633619047	0.5439194393190475	0.18959622404285714
27950000	27999999	0.7514003438333332	0.5439194393190475	0.2074809045142857
28000000	28049999	0.7549089784904761	0.5439194393190475	0.2109895391714286
28050000	28099999	0.7602558142523809	0.5439194393190475	0.21633637493333335
28100000	28149999	0.7619740352523809	0.5439194393190475	0.21805459593333343
28150000	28199999	0.7645970463904761	0.5439194393190475	0.22067760707142858
28200000	28249999	0.7716203335285714	0.5439194393190475	0.22770089420952389
28250000	28299999	0.7868255706095237	0.5439194393190475	0.24290613129047622
28300000	28349999	0.7936176883761903	0.5439194393190475	0.24969824905714277
28350000	28399999	0.7772491947047617	0.5439194393190475	0.2333297553857142
28400000	28449999	0.7840524997523808	0.5439194393190475	0.24013306043333327
28450000	28499999	0.7842507782999999	0.5439194393190475	0.24033133898095238
28500000	28549999	0.7876230942619047	0.5439194393190475	0.24370365494285717
28550000	28599999	0.7955669129142856	0.5439194393190475	0.2516474735952381
28600000	28649999	0.7941722026857141	0.5439194393190475	0.2502527633666666
28650000	28699999	0.7821064932047618	0.5439194393190475	0.23818705388571426
28700000	28749999	0.7732029945380952	0.5439194393190475	0.22928355521904764
28750000	28799999	0.7497800119999999	0.5439194393190475	0.20586057268095237
28800000	28849999	0.7392351741571428	0.5439194393190475	0.19531573483809528
28850000	28899999	0.7210268802095238	0.5439194393190475	0.17710744089047625
28900000	28949999	0.7110560334857142	0.5439194393190475	0.1671365941666667
28950000	28999999	0.7185509500238094	0.5439194393190475	0.1746315107047619
29000000	29049999	0.732292292195238	0.5439194393190475	0.18837285287619043
29050000	29099999	0.7381583414285713	0.5439194393190475	0.19423890210952377
29100000	29149999	0.7667966945714284	0.5439194393190475	0.2228772552523809
29150000	29199999	0.7772387355666666	0.5439194393190475	0.23331929624761905
29200000	29249999	0.7570842905523808	0.5439194393190475	0.21316485123333329
29250000	29299999	0.7423874885476189	0.5439194393190475	0.19846804922857142
29300000	29349999	0.724004768495238	0.5439194393190475	0.18008532917619047
29350000	29399999	0.7027913872142856	0.5439194393190475	0.15887194789523806
29400000	29449999	0.6984754056666665	0.5439194393190475	0.15455596634761903
29450000	29499999	0.6922635720095237	0.5439194393190475	0.1483441326904762
29500000	29549999	0.6886585177809523	0.5439194393190475	0.1447390784619048
29550000	29599999	0.6723652824619046	0.5439194393190475	0.12844584314285712
29600000	29649999	0.6588863048523809	0.5439194393190475	0.11496686553333335
29650000	29699999	0.6487595146095237	0.5439194393190475	0.10484007529047623
29700000	29749999	0.6567806617761903	0.5439194393190475	0.1128612224571428
29750000	29799999	0.6826341172238094	0.5439194393190475	0.13871467790476188
29800000	29849999	0.688368071895238	0.5439194393190475	0.14444863257619045
29850000	29899999	0.6953487807047618	0.5439194393190475	0.1514293413857143
29900000	29949999	0.6985581873190475	0.5439194393190475	0.154638748
29950000	29999999	0.697918616295238	0.5439194393190475	0.15399917697619048
30000000	30049999	0.6863719530380952	0.5439194393190475	0.14245251371904766
30050000	30099999	0.6509695786285713	0.5439194393190475	0.10705013930952378
30100000	30149999	0.6363226208428571	0.5439194393190475	0.09240318152380955
30150000	30199999	0.6097459574571428	0.5439194393190475	0.06582651813809526
30200000	30249999	0.6001972148333332	0.5439194393190475	0.0562777755142857
30250000	30299999	0.6218182062666666	0.5439194393190475	0.0778987669476191
30300000	30349999	0.6126424360523809	0.5439194393190475	0.06872299673333337
30350000	30399999	0.6174965130761904	0.5439194393190475	0.07357707375714284
30400000	30449999	0.6298418641285713	0.5439194393190475	0.08592242480952383
30450000	30499999	0.6440847221285714	0.5439194393190475	0.10016528280952386
30500000	30549999	0.654115297495238	0.5439194393190475	0.11019585817619049
30550000	30599999	0.6636174135904761	0.5439194393190475	0.11969797427142859
30600000	30649999	0.6858941782047618	0.5439194393190475	0.14197473888571432
30650000	30699999	0.6980967967666666	0.5439194393190475	0.15417735744761907
30700000	30749999	0.7071529994380952	0.5439194393190475	0.16323356011904766
30750000	30799999	0.7031694281999998	0.5439194393190475	0.15924998888095232
30800000	30849999	0.6694152770619046	0.5439194393190475	0.1254958377428571
30850000	30899999	0.6660689843380951	0.5439194393190475	0.12214954501904762
30900000	30949999	0.6599525892333332	0.5439194393190475	0.1160331499142857
30950000	30999999	0.644006419742857	0.5439194393190475	0.10008698042380948
31000000	31049999	0.6477159683333332	0.5439194393190475	0.10379652901428571
31050000	31099999	0.6331508328	0.5439194393190475	0.08923139348095244
31100000	31149999	0.6257455556999999	0.5439194393190475	0.08182611638095239
31150000	31199999	0.629637337342857	0.5439194393190475	0.08571789802380947
31200000	31249999	0.6215002957047618	0.5439194393190475	0.07758085638571433
31250000	31299999	0.6078137471380951	0.5439194393190475	0.06389430781904759
31300000	31349999	0.5963455003857142	0.5439194393190475	0.052426061066666696
31350000	31399999	0.6034323813619047	0.5439194393190475	0.059512942042857175
31400000	31449999	0.5963336697857142	0.5439194393190475	0.05241423046666671
31450000	31499999	0.5876430977666666	0.5439194393190475	0.04372365844761905
31500000	31549999	0.5813816151285713	0.5439194393190475	0.03746217580952382
31550000	31599999	0.5749416571047617	0.5439194393190475	0.031022217785714234
31600000	31649999	0.5736043054857142	0.5439194393190475	0.029684866166666657
31650000	31699999	0.5674447452809522	0.5439194393190475	0.02352530596190472
31700000	31749999	0.5582923127904761	0.5439194393190475	0.014372873471428571
31750000	31799999	0.5648282293714285	0.5439194393190475	0.020908790052381
31800000	31849999	0.5613115272666666	0.5439194393190475	0.01739208794761904
31850000	31899999	0.5597983137523809	0.5439194393190475	0.015878874433333356
31900000	31949999	0.5531483074619047	0.5439194393190475	0.009228868142857172
31950000	31999999	0.5533975612047618	0.5439194393190475	0.009478121885714286
32000000	32049999	0.5541444701190475	0.5439194393190475	0.010225030800000035
32050000	32099999	0.5384388162142856	0.5439194393190475	-0.005480623104761939
32100000	32149999	0.5431897997761903	0.5439194393190475	-0.0007296395428572078
32150000	32199999	0.5528604689285713	0.5439194393190475	0.00894102960952381
32200000	32249999	0.5561961104666665	0.5439194393190475	0.01227667114761899
32250000	32299999	0.556698842295238	0.5439194393190475	0.012779402976190513
32300000	32349999	0.5500750627142856	0.5439194393190475	0.006155623395238119
32350000	32399999	0.5431071279523808	0.5439194393190475	-0.000812311366666707
32400000	32449999	0.5362423945190475	0.5439194393190475	-0.007677044799999977
32450000	32499999	0.5375092964333332	0.5439194393190475	-0.006410142885714287
32500000	32549999	0.5289633852714285	0.5439194393190475	-0.014956054047619016
32550000	32599999	0.5193397303142856	0.5439194393190475	-0.024579709004761918
32600000	32649999	0.5118946714142856	0.5439194393190475	-0.03202476790476194
32650000	32699999	0.49569738287142845	0.5439194393190475	-0.048222056447619066
32700000	32749999	0.4822052995047618	0.5439194393190475	-0.061714139814285696
32750000	32799999	0.49247380193333323	0.5439194393190475	-0.05144563738571428
32800000	32849999	0.49091474181904754	0.5439194393190475	-0.053004697499999975
32850000	32899999	0.49633109538095227	0.5439194393190475	-0.047588343938095246
32900000	32949999	0.5050332796142856	0.5439194393190475	-0.03888615970476195
32950000	32999999	0.5127610295999999	0.5439194393190475	-0.031158409719047597
33000000	33049999	0.5083005221285714	0.5439194393190475	-0.03561891719047616
33050000	33099999	0.5091240491333332	0.5439194393190475	-0.034795390185714314
33100000	33149999	0.5232929685714285	0.5439194393190475	-0.02062647074761903
33150000	33199999	0.5329078821047618	0.5439194393190475	-0.011011557214285705
33200000	33249999	0.5358392083809522	0.5439194393190475	-0.00808023093809529
33250000	33299999	0.5316947893571428	0.5439194393190475	-0.012224649961904754
33300000	33349999	0.5390375009285713	0.5439194393190475	-0.004881938390476237
33350000	33399999	0.5666191829476189	0.5439194393190475	0.02269974362857141
33400000	33449999	0.589603844847619	0.5439194393190475	0.04568440552857145
33450000	33499999	0.6210831929571428	0.5439194393190475	0.07716375363809524
33500000	33549999	0.6327670464285713	0.5439194393190475	0.08884760710952377
33550000	33599999	0.6424303073571428	0.5439194393190475	0.09851086803809528
33600000	33649999	0.6492327886761904	0.5439194393190475	0.10531334935714287
33650000	33699999	0.659949253247619	0.5439194393190475	0.11602981392857148
33700000	33749999	0.6704392209476189	0.5439194393190475	0.12651978162857136
33750000	33799999	0.6793769698809522	0.5439194393190475	0.13545753056190468
33800000	33849999	0.6596895967285713	0.5439194393190475	0.11577015740952379
33850000	33899999	0.6476902620904761	0.5439194393190475	0.10377082277142857
33900000	33949999	0.6345632759714285	0.5439194393190475	0.09064383665238096
33950000	33999999	0.6191128936047618	0.5439194393190475	0.07519345428571433
34000000	34049999	0.5722074237047619	0.5439194393190475	0.028287984385714338
34050000	34099999	0.5318931928761904	0.5439194393190475	-0.012026246442857103
34100000	34149999	0.4928629589809523	0.5439194393190475	-0.051056480338095234
34150000	34199999	0.43924619484285704	0.5439194393190475	-0.10467324447619047
34200000	34249999	0.38717170261904754	0.5439194393190475	-0.15674773669999997
34250000	34299999	0.35354205789523796	0.5439194393190475	-0.19037738142380956
34300000	34349999	0.3328631797047618	0.5439194393190475	-0.2110562596142857
34350000	34399999	0.3211209617285713	0.5439194393190475	-0.22279847759047622
34400000	34449999	0.30286480520952364	0.5439194393190475	-0.24105463410952388
34450000	34499999	0.2792678506047618	0.5439194393190475	-0.26465158871428573
34500000	34549999	0.2532353635761903	0.5439194393190475	-0.2906840757428572
34550000	34599999	0.23855847726666657	0.5439194393190475	-0.30536096205238095
34600000	34649999	0.2327163089047618	0.5439194393190475	-0.3112031304142857
34650000	34699999	0.2296324072999999	0.5439194393190475	-0.3142870320190476
34700000	34749999	0.22044412066190472	0.5439194393190475	-0.3234753186571428
34750000	34799999	0.20683860005238092	0.5439194393190475	-0.3370808392666666
34800000	34849999	0.20384916642857132	0.5439194393190475	-0.3400702728904762
34850000	34899999	0.2129063650809523	0.5439194393190475	-0.33101307423809523
34900000	34949999	0.21248244351428563	0.5439194393190475	-0.3314369958047619
34950000	34999999	0.22986036038571417	0.5439194393190475	-0.31405907893333335
35000000	35049999	0.2598808716666665	0.5439194393190475	-0.284038567652381
35050000	35099999	0.3210894310190475	0.5439194393190475	-0.2228300083
35100000	35149999	0.38238422519523796	0.5439194393190475	-0.16153521412380956
35150000	35199999	0.43258105835238087	0.5439194393190475	-0.11133838096666665
35200000	35249999	0.48661075653333324	0.5439194393190475	-0.05730868278571427
35250000	35299999	0.535882888490476	0.5439194393190475	-0.008036550828571465
35300000	35349999	0.5669024980761904	0.5439194393190475	0.022983058757142905
35350000	35399999	0.5815242933761904	0.5439194393190475	0.03760485405714287
35400000	35449999	0.6012486060523808	0.5439194393190475	0.057329166733333325
35450000	35499999	0.6185607119238095	0.5439194393190475	0.07464127260476194
35500000	35549999	0.6251141275809523	0.5439194393190475	0.08119468826190479
35550000	35599999	0.6279739294904761	0.5439194393190475	0.08405449017142863
35600000	35649999	0.6234365002333333	0.5439194393190475	0.07951706091428579
35650000	35699999	0.6315932651047618	0.5439194393190475	0.08767382578571425
35700000	35749999	0.6328256501380951	0.5439194393190475	0.08890621081904759
35750000	35799999	0.6221378314666666	0.5439194393190475	0.07821839214761905
35800000	35849999	0.681888437795238	0.5439194393190475	0.13796899847619049
35850000	35899999	0.7732272755904761	0.5439194393190475	0.2293078362714286
35900000	35949999	0.7768774221047619	0.5439194393190475	0.23295798278571433
35950000	35999999	0.7709315408190476	0.5439194393190475	0.22701210150000006
36000000	36049999	0.7577519810809523	0.5439194393190475	0.2138325417619048
36050000	36099999	0.7393875552047617	0.5439194393190475	0.19546811588571422
36100000	36149999	0.719583065647619	0.5439194393190475	0.17566362632857146
36150000	36199999	0.7071092802619047	0.5439194393190475	0.16318984094285716
36200000	36249999	0.7034444959809523	0.5439194393190475	0.15952505666190475
36250000	36299999	0.6857026999047617	0.5439194393190475	0.14178326058571422
36300000	36349999	0.6817479585047618	0.5439194393190475	0.13782851918571426
36350000	36399999	0.6862955259857142	0.5439194393190475	0.14237608666666668
36400000	36449999	0.6882680064761904	0.5439194393190475	0.14434856715714284
36450000	36499999	0.6795981640238093	0.5439194393190475	0.13567872470476183
36500000	36549999	0.6615568938380951	0.5439194393190475	0.11763745451904761
36550000	36599999	0.6568658136809522	0.5439194393190475	0.11294637436190469
36600000	36649999	0.6684738934333332	0.5439194393190475	0.12455445411428567
36650000	36699999	0.6867007813095236	0.5439194393190475	0.1427813419904761
36700000	36749999	0.6794365440380952	0.5439194393190475	0.13551710471904765
36750000	36799999	0.6786453070619046	0.5439194393190475	0.1347258677428571
36800000	36849999	0.689066606590476	0.5439194393190475	0.1451471672714285
36850000	36899999	0.6395591832761903	0.5439194393190475	0.09563974395714281
36900000	36949999	0.5460581660047618	0.5439194393190475	0.002138726685714243
36950000	36999999	0.5378046567714284	0.5439194393190475	-0.006114782547619102
37000000	37049999	0.557003560047619	0.5439194393190475	0.013084120728571458
37050000	37099999	0.5624167607904761	0.5439194393190475	0.018497321471428574
37100000	37149999	0.5758575239142856	0.5439194393190475	0.03193808459523806
37150000	37199999	0.5804880736380951	0.5439194393190475	0.036568634319047555
37200000	37249999	0.569509063395238	0.5439194393190475	0.025589624076190476
37250000	37299999	0.5697248696095237	0.5439194393190475	0.025805430290476217
37300000	37349999	0.5817472362476189	0.5439194393190475	0.03782779692857141
37350000	37399999	0.5786774207714285	0.5439194393190475	0.03475798145238096
37400000	37449999	0.575238402695238	0.5439194393190475	0.031318963376190445
37450000	37499999	0.5906159569047618	0.5439194393190475	0.04669651758571425
37500000	37549999	0.607858181647619	0.5439194393190475	0.06393874232857144
37550000	37599999	0.6092272557190475	0.5439194393190475	0.06530781639999994
37600000	37649999	0.6201585283857142	0.5439194393190475	0.07623908906666665
37650000	37699999	0.6120227519571427	0.5439194393190475	0.06810331263809521
37700000	37749999	0.6002376828095237	0.5439194393190475	0.056318243490476205
37750000	37799999	0.6041455669333332	0.5439194393190475	0.060226127614285696
37800000	37849999	0.6071896735190475	0.5439194393190475	0.0632702342
37850000	37899999	0.6133950441476189	0.5439194393190475	0.0694756048285714
37900000	37949999	0.6182756184714284	0.5439194393190475	0.07435617915238091
37950000	37999999	0.6145657452571428	0.5439194393190475	0.07064630593809529
38000000	38049999	0.6055181494428571	0.5439194393190475	0.061598710123809575
38050000	38099999	0.6051712398761904	0.5439194393190475	0.061251800557142855
38100000	38149999	0.6071463939809523	0.5439194393190475	0.06322695466190476
38150000	38199999	0.6036368398761904	0.5439194393190475	0.05971740055714292
38200000	38249999	0.5984463400523808	0.5439194393190475	0.05452690073333333
38250000	38299999	0.6196799817047618	0.5439194393190475	0.07576054238571428
38300000	38349999	0.6315753931285714	0.5439194393190475	0.08765595380952385
38350000	38399999	0.6325196555714285	0.5439194393190475	0.08860021625238101
38400000	38449999	0.6503873569333333	0.5439194393190475	0.10646791761428576
38450000	38499999	0.6708178091190475	0.5439194393190475	0.12689836980000002
38500000	38549999	0.6715102915571427	0.5439194393190475	0.1275908522380952
38550000	38599999	0.6532172851809523	0.5439194393190475	0.10929784586190483
38600000	38649999	0.663364485095238	0.5439194393190475	0.11944504577619053
38650000	38699999	0.6575733535523809	0.5439194393190475	0.11365391423333338
38700000	38749999	0.6486019771142856	0.5439194393190475	0.10468253779523806
38750000	38799999	0.6425689107047619	0.5439194393190475	0.09864947138571434
38800000	38849999	0.6412019161333332	0.5439194393190475	0.0972824768142857
38850000	38899999	0.6537528988238095	0.5439194393190475	0.10983345950476198
38900000	38949999	0.6467646215666666	0.5439194393190475	0.10284518224761907
38950000	38999999	0.6388957314380951	0.5439194393190475	0.09497629211904757
39000000	39049999	0.6450047171666665	0.5439194393190475	0.101085277847619
39050000	39099999	0.6489583910380952	0.5439194393190475	0.10503895171904765
39100000	39149999	0.6429284414428571	0.5439194393190475	0.09900900212380959
39150000	39199999	0.6536726622523809	0.5439194393190475	0.10975322293333334
39200000	39249999	0.6530604694095237	0.5439194393190475	0.10914103009047615
39250000	39299999	0.7035291827095237	0.5439194393190475	0.15960974339047618
39300000	39349999	0.6901103283333332	0.5439194393190475	0.14619088901428567
39350000	39399999	0.6766101517285713	0.5439194393190475	0.1326907124095238
39400000	39449999	0.6653195239999999	0.5439194393190475	0.12140008468095242
39450000	39499999	0.6526676661380951	0.5439194393190475	0.10874822681904761
39500000	39549999	0.6329910282999999	0.5439194393190475	0.08907158898095235
39550000	39599999	0.6176403064238094	0.5439194393190475	0.07372086710476189
39600000	39649999	0.6204718014142856	0.5439194393190475	0.07655236209523808
39650000	39699999	0.6140319673999999	0.5439194393190475	0.07011252808095236
39700000	39749999	0.6142427589571428	0.5439194393190475	0.07032331963809524
39750000	39799999	0.6309106634285713	0.5439194393190475	0.08699122410952376
39800000	39849999	0.6403488240619046	0.5439194393190475	0.09642938474285712
39850000	39899999	0.6414994238142856	0.5439194393190475	0.09757998449523808
39900000	39949999	0.6362651722285713	0.5439194393190475	0.09234573290952375
39950000	39999999	0.6453360571380952	0.5439194393190475	0.10141661781904765
40000000	40049999	0.6558945314142857	0.5439194393190475	0.11197509209523815
40050000	40099999	0.6562118152571428	0.5439194393190475	0.11229237593809527
40100000	40149999	0.6676123429619046	0.5439194393190475	0.12369290364285712
40150000	40199999	0.6652075850047618	0.5439194393190475	0.12128814568571433
40200000	40249999	0.653176896490476	0.5439194393190475	0.10925745717142854
40250000	40299999	0.6546873309476189	0.5439194393190475	0.11076789162857137
40300000	40349999	0.6078741610190476	0.5439194393190475	0.06395472170000005
40350000	40399999	0.6121450379714285	0.5439194393190475	0.06822559865238098
40400000	40449999	0.6130411248571428	0.5439194393190475	0.06912168553809528
40450000	40499999	0.6254652289999999	0.5439194393190475	0.08154578968095239
40500000	40549999	0.6225437195761904	0.5439194393190475	0.07862428025714285
40550000	40599999	0.6251847830714284	0.5439194393190475	0.08126534375238093
40600000	40649999	0.6261897431857142	0.5439194393190475	0.08227030386666667
40650000	40699999	0.625753254595238	0.5439194393190475	0.08183381527619049
40700000	40749999	0.6273115379523808	0.5439194393190475	0.0833920986333333
40750000	40799999	0.6316920102904761	0.5439194393190475	0.08777257097142854
40800000	40849999	0.6281247551904761	0.5439194393190475	0.08420531587142854
40850000	40899999	0.6649526216761904	0.5439194393190475	0.12103318235714289
40900000	40949999	0.7118811360666666	0.5439194393190475	0.16796169674761907
40950000	40999999	0.7200110326809522	0.5439194393190475	0.17609159336190472
41000000	41049999	0.7168878030999999	0.5439194393190475	0.17296836378095237
41050000	41099999	0.7204952637333332	0.5439194393190475	0.17657582441428565
41100000	41149999	0.7153802515047618	0.5439194393190475	0.1714608121857143
41150000	41199999	0.710454405195238	0.5439194393190475	0.16653496587619043
41200000	41249999	0.7043300968095236	0.5439194393190475	0.16041065749047612
41250000	41299999	0.7029073024095237	0.5439194393190475	0.1589878630904762
41300000	41349999	0.6950145130523808	0.5439194393190475	0.1510950737333333
41350000	41399999	0.7005753037238094	0.5439194393190475	0.15665586440476187
41400000	41449999	0.6991255514238094	0.5439194393190475	0.15520611210476187
41450000	41499999	0.6947031039047618	0.5439194393190475	0.15078366458571424
41500000	41549999	0.6919933956761903	0.5439194393190475	0.14807395635714282
41550000	41599999	0.695300682490476	0.5439194393190475	0.15138124317142854
41600000	41649999	0.6972742083095237	0.5439194393190475	0.15335476899047618
41650000	41699999	0.7105367306380951	0.5439194393190475	0.16661729131904757
41700000	41749999	0.7147509466809523	0.5439194393190475	0.17083150736190478
41750000	41799999	0.7065780324190475	0.5439194393190475	0.16265859309999997
41800000	41849999	0.7070370624857142	0.5439194393190475	0.16311762316666667
41850000	41899999	0.705956697995238	0.5439194393190475	0.16203725867619045
41900000	41949999	0.6720969350333332	0.5439194393190475	0.12817749571428572
41950000	41999999	0.6264964754999999	0.5439194393190475	0.08257703618095236
42000000	42049999	0.635105498342857	0.5439194393190475	0.0911860590238095
42050000	42099999	0.6473796267095236	0.5439194393190475	0.10346018739047613
42100000	42149999	0.6424409931619046	0.5439194393190475	0.0985215538428571
42150000	42199999	0.6417120803999998	0.5439194393190475	0.09779264108095231
42200000	42249999	0.6451592396476189	0.5439194393190475	0.10123980032857138
42250000	42299999	0.6654974692619047	0.5439194393190475	0.12157802994285716
42300000	42349999	0.6612475939285714	0.5439194393190475	0.11732815460952384
42350000	42399999	0.6611685065285713	0.5439194393190475	0.11724906720952377
42400000	42449999	0.6595828488714285	0.5439194393190475	0.11566340955238097
42450000	42499999	0.6574921856095237	0.5439194393190475	0.1135727462904762
42500000	42549999	0.6545376356190475	0.5439194393190475	0.11061819630000003
42550000	42599999	0.6570783478523808	0.5439194393190475	0.11315890853333332
42600000	42649999	0.6614474598857142	0.5439194393190475	0.11752802056666667
42650000	42699999	0.652618207242857	0.5439194393190475	0.1086987679238095
42700000	42749999	0.6415507224380952	0.5439194393190475	0.09763128311904767
42750000	42799999	0.6411655557380951	0.5439194393190475	0.09724611641904757
42800000	42849999	0.6556383414190475	0.5439194393190475	0.11171890210000002
42850000	42899999	0.6647371318857141	0.5439194393190475	0.12081769256666663
42900000	42949999	0.671669742090476	0.5439194393190475	0.12775030277142851
42950000	42999999	0.6637441790571428	0.5439194393190475	0.11982473973809527
43000000	43049999	0.659701058990476	0.5439194393190475	0.11578161967142853
43050000	43099999	0.6326033368904761	0.5439194393190475	0.08868389757142858
43100000	43149999	0.6313511171809523	0.5439194393190475	0.08743167786190476
43150000	43199999	0.6384979082571427	0.5439194393190475	0.09457846893809518
43200000	43249999	0.637520599642857	0.5439194393190475	0.0936011603238095
43250000	43299999	0.6276371868238094	0.5439194393190475	0.08371774750476191
43300000	43349999	0.6055165857523809	0.5439194393190475	0.06159714643333336
43350000	43399999	0.6011916421809522	0.5439194393190475	0.05727220286190471
43400000	43449999	0.6008954644857142	0.5439194393190475	0.056976025166666666
43450000	43499999	0.6013980367047618	0.5439194393190475	0.05747859738571426
43500000	43549999	0.6025123963619047	0.5439194393190475	0.05859295704285716
43550000	43599999	0.6076554049523808	0.5439194393190475	0.06373596563333328
43600000	43649999	0.6148788974095237	0.5439194393190475	0.07095945809047621
43650000	43699999	0.6603327803857142	0.5439194393190475	0.11641334106666668
43700000	43749999	0.7259571360476189	0.5439194393190475	0.1820376967285714
43750000	43799999	0.7588533546333333	0.5439194393190475	0.21493391531428574
43800000	43849999	0.7786407751047618	0.5439194393190475	0.2347213357857143
43850000	43899999	0.8022115706904761	0.5439194393190475	0.2582921313714286
43900000	43949999	0.7456808538809523	0.5439194393190475	0.20176141456190477
43950000	43999999	0.688898613495238	0.5439194393190475	0.14497917417619044
44000000	44049999	0.6460235912761905	0.5439194393190475	0.10210415195714295
44050000	44099999	0.6321151585714285	0.5439194393190475	0.08819571925238101
44100000	44149999	0.6073876196761904	0.5439194393190475	0.06346818035714286
44150000	44199999	0.5534259649523808	0.5439194393190475	0.009506525633333318
44200000	44249999	0.5006093722047619	0.5439194393190475	-0.043310067114285644
44250000	44299999	0.49065567393809517	0.5439194393190475	-0.053263765380952344
44300000	44349999	0.5000125980761904	0.5439194393190475	-0.04390684124285715
44350000	44399999	0.5077184805619047	0.5439194393190475	-0.0362009587571428
44400000	44449999	0.510308449095238	0.5439194393190475	-0.033610990223809534
44450000	44499999	0.5067680164619046	0.5439194393190475	-0.0371514228571429
44500000	44549999	0.5098107562047618	0.5439194393190475	-0.03410868311428572
44550000	44599999	0.505030274047619	0.5439194393190475	-0.038889165271428494
44600000	44649999	0.5052906997142856	0.5439194393190475	-0.038628739604761875
44650000	44699999	0.5089791461428571	0.5439194393190475	-0.03494029317619041
44700000	44749999	0.48080968830476184	0.5439194393190475	-0.06310975101428568
44750000	44799999	0.4348615068190475	0.5439194393190475	-0.10905793250000001
44800000	44849999	0.40532766369999995	0.5439194393190475	-0.13859177561904756
44850000	44899999	0.3952311895761904	0.5439194393190475	-0.1486882497428571
44900000	44949999	0.38288230639047605	0.5439194393190475	-0.16103713292857147
44950000	44999999	0.43477345932857137	0.5439194393190475	-0.10914597999047615
45000000	45049999	0.5002897110285713	0.5439194393190475	-0.04362972829047618
45050000	45099999	0.5659974006619047	0.5439194393190475	0.022077961342857222
45100000	45149999	0.5927238723809523	0.5439194393190475	0.04880443306190474
45150000	45199999	0.6315169422666665	0.5439194393190475	0.08759750294761903
45200000	45249999	0.683361704295238	0.5439194393190475	0.1394422649761905
45250000	45299999	0.7253204519047618	0.5439194393190475	0.18140101258571428
45300000	45349999	0.733999058995238	0.5439194393190475	0.19007961967619047
45350000	45399999	0.7223525937857143	0.5439194393190475	0.17843315446666674
45400000	45449999	0.7400619770999999	0.5439194393190475	0.19614253778095236
45450000	45499999	0.7543105612809523	0.5439194393190475	0.2103911219619048
45500000	45549999	0.7684368355095237	0.5439194393190475	0.22451739619047617
45550000	45599999	0.7716531397571427	0.5439194393190475	0.22773370043809515
45600000	45649999	0.7737106376428571	0.5439194393190475	0.22979119832380956
45650000	45699999	0.7805930921666666	0.5439194393190475	0.2366736528476191
45700000	45749999	0.7762125500952379	0.5439194393190475	0.23229311077619041
45750000	45799999	0.7677672104142856	0.5439194393190475	0.22384777109523812
45800000	45849999	0.7964957448476189	0.5439194393190475	0.25257630552857135
45850000	45899999	0.845311706695238	0.5439194393190475	0.3013922673761905
45900000	45949999	0.8751804050285714	0.5439194393190475	0.3312609657095239
45950000	45999999	0.8754065839999999	0.5439194393190475	0.3314871446809524
46000000	46049999	0.8803017991285713	0.5439194393190475	0.3363823598095238
46050000	46099999	0.8793821844285714	0.5439194393190475	0.3354627451095239
46100000	46149999	0.8657740859285714	0.5439194393190475	0.3218546466095239
46150000	46199999	0.864751632842857	0.5439194393190475	0.32083219352380954
46200000	46249999	0.8590137285571429	0.5439194393190475	0.31509428923809535
46250000	46299999	0.8589744603	0.5439194393190475	0.3150550209809525
46300000	46349999	0.8625939624190475	0.5439194393190475	0.3186745231
46350000	46399999	0.8704344449999999	0.5439194393190475	0.3265150056809524
46400000	46449999	0.8808144198095238	0.5439194393190475	0.3368949804904763
46450000	46499999	0.8707216864285714	0.5439194393190475	0.3268022471095239
46500000	46549999	0.8641162037238095	0.5439194393190475	0.32019676440476197
46550000	46599999	0.851337504342857	0.5439194393190475	0.30741806502380953
46600000	46649999	0.8420185265809523	0.5439194393190475	0.2980990872619048
46650000	46699999	0.8539537787857142	0.5439194393190475	0.3100343394666667
46700000	46749999	0.8500477575857142	0.5439194393190475	0.30612831826666664
46750000	46799999	0.8462260093142856	0.5439194393190475	0.3023065699952381
46800000	46849999	0.8322030688380951	0.5439194393190475	0.2882836295190476
46850000	46899999	0.8011845429857142	0.5439194393190475	0.25726510366666666
46900000	46949999	0.7602890899190475	0.5439194393190475	0.21636965060000002
46950000	46999999	0.718775777995238	0.5439194393190475	0.17485633867619044
47000000	47049999	0.6948029928571428	0.5439194393190475	0.15088355353809524
47050000	47099999	0.6881470795809522	0.5439194393190475	0.1442276402619047
47100000	47149999	0.6696512193666666	0.5439194393190475	0.1257317800476191
47150000	47199999	0.6783184568857141	0.5439194393190475	0.1343990175666666
47200000	47249999	0.6893789300714285	0.5439194393190475	0.14545949075238096
47250000	47299999	0.6972746512142856	0.5439194393190475	0.15335521189523804
47300000	47349999	0.7040131317857141	0.5439194393190475	0.1600936924666666
47350000	47399999	0.713316368995238	0.5439194393190475	0.16939692967619047
47400000	47449999	0.7106079734380951	0.5439194393190475	0.1666885341190476
47450000	47499999	0.710626614442857	0.5439194393190475	0.1667071751238095
47500000	47549999	0.7011496428809523	0.5439194393190475	0.15723020356190476
47550000	47599999	0.6971417169809523	0.5439194393190475	0.15322227766190477
47600000	47649999	0.6966973943809522	0.5439194393190475	0.15277795506190472
47650000	47699999	0.6948559641190475	0.5439194393190475	0.15093652479999997
47700000	47749999	0.6878544338999999	0.5439194393190475	0.14393499458095238
47750000	47799999	0.6928258729999999	0.5439194393190475	0.14890643368095235
47800000	47849999	0.6823482100999999	0.5439194393190475	0.1384287707809524
47850000	47899999	0.6840293795476189	0.5439194393190475	0.14010994022857137
47900000	47949999	0.6703553712285714	0.5439194393190475	0.12643593190952385
47950000	47999999	0.6694231314809522	0.5439194393190475	0.1255036921619047
48000000	48049999	0.6699272392142857	0.5439194393190475	0.12600779989523814
48050000	48099999	0.6762018355285713	0.5439194393190475	0.13228239620952376
48100000	48149999	0.6801303720619046	0.5439194393190475	0.13621093274285712
48150000	48199999	0.6926212632666666	0.5439194393190475	0.1487018239476191
48200000	48249999	0.6865145118714284	0.5439194393190475	0.1425950725523809
48250000	48299999	0.6683748623619046	0.5439194393190475	0.12445542304285706
48300000	48349999	0.6693655433095237	0.5439194393190475	0.12544610399047618
48350000	48399999	0.6587008790999999	0.5439194393190475	0.11478143978095234
48400000	48449999	0.6486775008333332	0.5439194393190475	0.10475806151428568
48450000	48499999	0.651962284842857	0.5439194393190475	0.1080428455238095
48500000	48549999	0.6566940406047618	0.5439194393190475	0.11277460128571426
48550000	48599999	0.6832697510523809	0.5439194393190475	0.13935031173333334
48600000	48649999	0.7086361395857141	0.5439194393190475	0.16471670026666663
48650000	48699999	0.7207172842904761	0.5439194393190475	0.17679784497142859
48700000	48749999	0.7317525332476189	0.5439194393190475	0.1878330939285714
48750000	48799999	0.7425613073095236	0.5439194393190475	0.19864186799047612
48800000	48849999	0.7482316033619046	0.5439194393190475	0.20431216404285713
48850000	48899999	0.7634767035476189	0.5439194393190475	0.21955726422857136
48900000	48949999	0.7556962583714284	0.5439194393190475	0.21177681905238088
48950000	48999999	0.7500893562	0.5439194393190475	0.20616991688095243
49000000	49049999	0.7331649889190475	0.5439194393190475	0.18924554959999995
49050000	49099999	0.7218875910523808	0.5439194393190475	0.17796815173333325
49100000	49149999	0.7076308742047618	0.5439194393190475	0.16371143488571427
49150000	49199999	0.685339471347619	0.5439194393190475	0.14142003202857145
49200000	49249999	0.6586994031238094	0.5439194393190475	0.11477996380476185
49250000	49299999	0.6377533855142856	0.5439194393190475	0.0938339461952381
49300000	49349999	0.6253561675761904	0.5439194393190475	0.08143672825714288
49350000	49399999	0.6038348476	0.5439194393190475	0.05991540828095243
49400000	49449999	0.5880761374809523	0.5439194393190475	0.04415669816190482
49450000	49499999	0.5698125744761904	0.5439194393190475	0.025893135157142866
49500000	49549999	0.560823445895238	0.5439194393190475	0.01690400657619051
49550000	49599999	0.5541764757523808	0.5439194393190475	0.01025703643333331
49600000	49649999	0.5192539179619047	0.5439194393190475	-0.02466552135714284
49650000	49699999	0.4815685745904761	0.5439194393190475	-0.06235086472857143
49700000	49749999	0.46178711127142846	0.5439194393190475	-0.08213232804761905
49750000	49799999	0.4423014344047618	0.5439194393190475	-0.10161800491428574
49800000	49849999	0.42311727083333317	0.5439194393190475	-0.12080216848571435
49850000	49899999	0.4001460907571427	0.5439194393190475	-0.14377334856190482
49900000	49949999	0.38033112509047606	0.5439194393190475	-0.16358831422857145
49950000	49999999	0.3615210514142856	0.5439194393190475	-0.18239838790476193
50000000	50049999	0.3552215274190475	0.5439194393190475	-0.18869791190000001
50050000	50099999	0.35469227057619035	0.5439194393190475	-0.18922716874285717
50100000	50149999	0.3576119595666666	0.5439194393190475	-0.18630747975238093
50150000	50199999	0.34983040202380944	0.5439194393190475	-0.19408903729523808
50200000	50249999	0.3507669340190475	0.5439194393190475	-0.1931525053
50250000	50299999	0.3541694675238094	0.5439194393190475	-0.18974997179523811
50300000	50349999	0.35840850274285707	0.5439194393190475	-0.18551093657619044
50350000	50399999	0.36484816139999987	0.5439194393190475	-0.17907127791904764
50400000	50449999	0.3652534826238094	0.5439194393190475	-0.1786659566952381
50450000	50499999	0.36822405815714276	0.5439194393190475	-0.17569538116190475
50500000	50549999	0.38032984105714274	0.5439194393190475	-0.16358959826190478
50550000	50599999	0.37565037979999993	0.5439194393190475	-0.16826905951904758
50600000	50649999	0.36844421677142847	0.5439194393190475	-0.17547522254761905
50650000	50699999	0.37568666779999993	0.5439194393190475	-0.16823277151904759
50700000	50749999	0.3871910530095237	0.5439194393190475	-0.1567283863095238
50750000	50799999	0.39699977057619035	0.5439194393190475	-0.14691966874285717
50800000	50849999	0.40225421213333323	0.5439194393190475	-0.14166522718571428
50850000	50899999	0.3991197555285713	0.5439194393190475	-0.1447996837904762
50900000	50949999	0.4022247985857142	0.5439194393190475	-0.14169464073333332
50950000	50999999	0.4107809283999999	0.5439194393190475	-0.1331385109190476
51000000	51049999	0.42866116373333324	0.5439194393190475	-0.11525827558571428
51050000	51099999	0.4414050064142856	0.5439194393190475	-0.10251443290476192
51100000	51149999	0.4460727181142856	0.5439194393190475	-0.0978467212047619
51150000	51199999	0.4565066208285713	0.5439194393190475	-0.08741281849047622
51200000	51249999	0.48535868986190467	0.5439194393190475	-0.05856074945714285
51250000	51299999	0.5009932059047618	0.5439194393190475	-0.0429262334142857
51300000	51349999	0.5079187690666666	0.5439194393190475	-0.03600067025238096
51350000	51399999	0.5131768098761904	0.5439194393190475	-0.030742629442857106
51400000	51449999	0.5198895926619047	0.5439194393190475	-0.024029846657142806
51450000	51499999	0.5299108553238094	0.5439194393190475	-0.014008583995238078
51500000	51549999	0.5344989006857142	0.5439194393190475	-0.009420538633333364
51550000	51599999	0.5289046033190475	0.5439194393190475	-0.015014835999999976
51600000	51649999	0.536000397447619	0.5439194393190475	-0.007919041871428556
51650000	51699999	0.537512978395238	0.5439194393190475	-0.006406460923809476
51700000	51749999	0.540651423895238	0.5439194393190475	-0.0032680154238095005
51750000	51799999	0.5396964938904761	0.5439194393190475	-0.0042229454285713786
51800000	51849999	0.5320739257095237	0.5439194393190475	-0.011845513609523795
51850000	51899999	0.524768390895238	0.5439194393190475	-0.019151048423809547
51900000	51949999	0.5197306034238094	0.5439194393190475	-0.024188835895238125
51950000	51999999	0.5103675630190475	0.5439194393190475	-0.033551876300000005
52000000	52049999	0.5044591171476189	0.5439194393190475	-0.039460322171428586
52050000	52099999	0.5011224385380951	0.5439194393190475	-0.04279700078095239
52100000	52149999	0.4953948525380951	0.5439194393190475	-0.048524586780952395
52150000	52199999	0.4865222411190475	0.5439194393190475	-0.0573971982
52200000	52249999	0.47305926516190466	0.5439194393190475	-0.07086017415714285
52250000	52299999	0.4571452039190475	0.5439194393190475	-0.08677423540000001
52300000	52349999	0.45889104571428563	0.5439194393190475	-0.08502839360476189
52350000	52399999	0.47857558833333325	0.5439194393190475	-0.06534385098571427
52400000	52449999	0.4883099423047618	0.5439194393190475	-0.05560949701428569
52450000	52499999	0.4869919857095237	0.5439194393190475	-0.05692745360952384
52500000	52549999	0.4925582983857142	0.5439194393190475	-0.05136114093333333
52550000	52599999	0.5253621900857142	0.5439194393190475	-0.01855724923333335
52600000	52649999	0.5590592749142856	0.5439194393190475	0.015139835595238127
52650000	52699999	0.5898052873380951	0.5439194393190475	0.045885848019047604
52700000	52749999	0.6226632032666666	0.5439194393190475	0.07874376394761906
52750000	52799999	0.6297596172857142	0.5439194393190475	0.08584017796666665
52800000	52849999	0.6346139605047618	0.5439194393190475	0.0906945211857143
52850000	52899999	0.6563851801809523	0.5439194393190475	0.11246574086190475
52900000	52949999	0.679811963847619	0.5439194393190475	0.13589252452857148
52950000	52999999	0.6923535653380952	0.5439194393190475	0.1484341260190477
53000000	53049999	0.7221415132857142	0.5439194393190475	0.17822207396666667
53050000	53099999	0.732059656852381	0.5439194393190475	0.18814021753333343
53100000	53149999	0.7478648951809523	0.5439194393190475	0.20394545586190482
53150000	53199999	0.776033038690476	0.5439194393190475	0.2321135993714285
53200000	53249999	0.8050010972380951	0.5439194393190475	0.2610816579190476
53250000	53299999	0.8232939310666665	0.5439194393190475	0.27937449174761897
53300000	53349999	0.8557266513238093	0.5439194393190475	0.3118072120047618
53350000	53399999	0.8697778566047618	0.5439194393190475	0.3258584172857143
53400000	53449999	0.8698844424333332	0.5439194393190475	0.32596500311428567
53450000	53499999	0.8553258436333333	0.5439194393190475	0.3114064043142858
53500000	53549999	0.8484977950380952	0.5439194393190475	0.3045783557190477
53550000	53599999	0.8334570568333333	0.5439194393190475	0.28953761751428575
53600000	53649999	0.7930242114952379	0.5439194393190475	0.24910477217619043
53650000	53699999	0.7613543026999998	0.5439194393190475	0.2174348633809523
53700000	53749999	0.7211140546523809	0.5439194393190475	0.17719461533333336
53750000	53799999	0.6812732666095238	0.5439194393190475	0.1373538272904763
53800000	53849999	0.6734590816904761	0.5439194393190475	0.12953964237142856
53850000	53899999	0.6675068081857142	0.5439194393190475	0.12358736886666666
53900000	53949999	0.653906384842857	0.5439194393190475	0.1099869455238095
53950000	53999999	0.6331813159999999	0.5439194393190475	0.08926187668095242
54000000	54049999	0.6325245078047618	0.5439194393190475	0.08860506848571426
54050000	54099999	0.6243218763714284	0.5439194393190475	0.08040243705238093
54100000	54149999	0.6220099067809522	0.5439194393190475	0.07809046746190473
54150000	54199999	0.6055284313714285	0.5439194393190475	0.06160899205238102
54200000	54249999	0.579704129795238	0.5439194393190475	0.035784690476190484
54250000	54299999	0.5596984543714285	0.5439194393190475	0.015779015052380996
54300000	54349999	0.5414652529857142	0.5439194393190475	-0.0024541863333332747
54350000	54399999	0.5166506267523808	0.5439194393190475	-0.02726881256666669
54400000	54449999	0.5138141075761904	0.5439194393190475	-0.030105331742857122
54450000	54499999	0.5042228714857142	0.5439194393190475	-0.03969656783333331
54500000	54549999	0.5289972185761904	0.5439194393190475	-0.014922220742857095
54550000	54599999	0.5469152040142856	0.5439194393190475	0.002995764695238101
54600000	54649999	0.5677163323857142	0.5439194393190475	0.023796893066666658
54650000	54699999	0.5923567658238094	0.5439194393190475	0.048437326504761846
54700000	54749999	0.6000791887095237	0.5439194393190475	0.05615974939047619
54750000	54799999	0.6298168204190475	0.5439194393190475	0.0858973811
54800000	54849999	0.648132091742857	0.5439194393190475	0.1042126524238095
54850000	54899999	0.6549962339047618	0.5439194393190475	0.11107679458571429
54900000	54949999	0.674659511947619	0.5439194393190475	0.13074007262857146
54950000	54999999	0.682932065442857	0.5439194393190475	0.1390126261238095
55000000	55049999	0.6960306895666666	0.5439194393190475	0.15211125024761907
55050000	55099999	0.6969327194190476	0.5439194393190475	0.15301328010000004
55100000	55149999	0.6998221514285714	0.5439194393190475	0.1559027121095239
55150000	55199999	0.6956080275285714	0.5439194393190475	0.1516885882095239
55200000	55249999	0.7116309239714285	0.5439194393190475	0.16771148465238095
55250000	55299999	0.7142214532761904	0.5439194393190475	0.17030201395714284
55300000	55349999	0.7208945090333332	0.5439194393190475	0.17697506971428567
55350000	55399999	0.730778984147619	0.5439194393190475	0.18685954482857148
55400000	55449999	0.7316750879999999	0.5439194393190475	0.1877556486809524
55450000	55499999	0.7113274400999999	0.5439194393190475	0.16740800078095242
55500000	55549999	0.706294833047619	0.5439194393190475	0.16237539372857146
55550000	55599999	0.7056459298380952	0.5439194393190475	0.16172649051904764
55600000	55649999	0.701344153242857	0.5439194393190475	0.15742471392380952
55650000	55699999	0.6886087905476189	0.5439194393190475	0.1446893512285714
55700000	55749999	0.6775249315238094	0.5439194393190475	0.13360549220476192
55750000	55799999	0.6816426836714284	0.5439194393190475	0.13772324435238092
55800000	55849999	0.670688324942857	0.5439194393190475	0.1267688856238095
55850000	55899999	0.6601192156047618	0.5439194393190475	0.11619977628571432
55900000	55949999	0.659980473290476	0.5439194393190475	0.11606103397142853
55950000	55999999	0.6818544439666665	0.5439194393190475	0.137935004647619
56000000	56049999	0.6941262766428571	0.5439194393190475	0.15020683732380957
56050000	56099999	0.6933706237428571	0.5439194393190475	0.14945118442380956
56100000	56149999	0.6965837944095237	0.5439194393190475	0.15266435509047616
56150000	56199999	0.6974060047142856	0.5439194393190475	0.15348656539523808
56200000	56249999	0.709386384295238	0.5439194393190475	0.16546694497619052
56250000	56299999	0.7144770976714285	0.5439194393190475	0.17055765835238101
56300000	56349999	0.7235046775142857	0.5439194393190475	0.1795852381952382
56350000	56399999	0.7506598855047618	0.5439194393190475	0.2067404461857143
56400000	56449999	0.7655454494095237	0.5439194393190475	0.22162601009047622
56450000	56499999	0.7788819213095237	0.5439194393190475	0.2349624819904762
56500000	56549999	0.7857986659333333	0.5439194393190475	0.24187922661428574
56550000	56599999	0.7900688241047618	0.5439194393190475	0.24614938478571424
56600000	56649999	0.7848407437666666	0.5439194393190475	0.24092130444761906
56650000	56699999	0.7992590033095237	0.5439194393190475	0.2553395639904762
56700000	56749999	0.8041218643904761	0.5439194393190475	0.26020242507142854
56750000	56799999	0.8065668502476189	0.5439194393190475	0.26264741092857136
56800000	56849999	0.8096503660238095	0.5439194393190475	0.26573092670476195
56850000	56899999	0.8164450278857143	0.5439194393190475	0.27252558856666675
56900000	56949999	0.8203744456285713	0.5439194393190475	0.2764550063095238
56950000	56999999	0.8155377880571427	0.5439194393190475	0.2716183487380952
57000000	57049999	0.7914586649809523	0.5439194393190475	0.24753922566190478
57050000	57099999	0.7837133639238094	0.5439194393190475	0.2397939246047619
57100000	57149999	0.7921098838142856	0.5439194393190475	0.24819044449523808
57150000	57199999	0.7887289646761904	0.5439194393190475	0.24480952535714284
57200000	57249999	0.8039339358619046	0.5439194393190475	0.26001449654285713
57250000	57299999	0.8219632724809522	0.5439194393190475	0.27804383316190473
57300000	57349999	0.839689450295238	0.5439194393190475	0.2957700109761905
57350000	57399999	0.8558171484904762	0.5439194393190475	0.31189770917142867
57400000	57449999	0.8410867030333333	0.5439194393190475	0.2971672637142858
57450000	57499999	0.8307159648238094	0.5439194393190475	0.28679652550476187
57500000	57549999	0.836653618747619	0.5439194393190475	0.2927341794285715
57550000	57599999	0.821964743938095	0.5439194393190475	0.27804530461904753
57600000	57649999	0.8015231148999999	0.5439194393190475	0.25760367558095243
57650000	57699999	0.7847996032714284	0.5439194393190475	0.24088016395238088
57700000	57749999	0.7538903925190474	0.5439194393190475	0.20997095319999992
57750000	57799999	0.7801216355142856	0.5439194393190475	0.23620219619523808
57800000	57849999	0.8062699781761904	0.5439194393190475	0.2623505388571429
57850000	57899999	0.8201101638238094	0.5439194393190475	0.2761907245047619
57900000	57949999	0.8157099356857141	0.5439194393190475	0.27179049636666663
57950000	57999999	0.8289137173142856	0.5439194393190475	0.28499427799523813
58000000	58049999	0.8321273110714285	0.5439194393190475	0.28820787175238094
58050000	58099999	0.8307311777333333	0.5439194393190475	0.28681173841428576
58100000	58149999	0.8246138132047618	0.5439194393190475	0.2806943738857143
58150000	58199999	0.8191871280238094	0.5439194393190475	0.2752676887047619
58200000	58249999	0.8288143933142855	0.5439194393190475	0.284894953995238
58250000	58299999	0.8097359328761903	0.5439194393190475	0.26581649355714276
58300000	58349999	0.7929896074190474	0.5439194393190475	0.24907016809999993
58350000	58399999	0.775879496595238	0.5439194393190475	0.2319600572761905
58400000	58449999	0.7761131941714285	0.5439194393190475	0.23219375485238103
58450000	58499999	0.7679757165571428	0.5439194393190475	0.2240562772380953
58500000	58549999	0.7867204100380951	0.5439194393190475	0.2428009707190476
58550000	58599999	0.7834652507	0.5439194393190475	0.23954581138095243
58600000	58649999	0.8331532365999998	0.5439194393190475	0.28923379728095233
58650000	58699999	0.8610892494238094	0.5439194393190475	0.31716981010476186
58700000	58749999	0.8874333648619046	0.5439194393190475	0.3435139255428571
58750000	58799999	0.9102598749428571	0.5439194393190475	0.3663404356238096
58800000	58849999	0.8798486483095238	0.5439194393190475	0.3359292089904763
58850000	58899999	0.8433281231666666	0.5439194393190475	0.2994086838476191
58900000	58949999	0.8151794556238094	0.5439194393190475	0.27126001630476193
58950000	58999999	0.7983120874047618	0.5439194393190475	0.25439264808571427
59000000	59049999	0.7767473869714285	0.5439194393190475	0.23282794765238102
59050000	59099999	0.7647974055523808	0.5439194393190475	0.22087796623333333
59100000	59149999	0.7649256119190475	0.5439194393190475	0.2210061726
59150000	59199999	0.7914570880619047	0.5439194393190475	0.24753764874285722
59200000	59249999	0.8196215807952381	0.5439194393190475	0.27570214147619054
59250000	59299999	0.832423867747619	0.5439194393190475	0.2885044284285715
59300000	59349999	0.8683313030666666	0.5439194393190475	0.3244118637476191
59350000	59399999	0.8982866806238095	0.5439194393190475	0.35436724130476194
59400000	59449999	0.9226467892999999	0.5439194393190475	0.37872734998095237
59450000	59499999	0.9057687867142856	0.5439194393190475	0.3618493473952381
59500000	59549999	0.9068702206571427	0.5439194393190475	0.3629507813380952
59550000	59599999	0.8942359146857142	0.5439194393190475	0.35031647536666666
59600000	59649999	0.8883621027380951	0.5439194393190475	0.3444426634190476
59650000	59699999	0.8546303996380952	0.5439194393190475	0.31071096031904766
59700000	59749999	0.8501043118190476	0.5439194393190475	0.30618487250000004
59750000	59799999	0.8450094283190475	0.5439194393190475	0.30108998899999995
59800000	59849999	0.8721479579571427	0.5439194393190475	0.3282285186380952
59850000	59899999	0.8760581512380952	0.5439194393190475	0.33213871191904765
59900000	59949999	0.8951639702904761	0.5439194393190475	0.3512445309714286
59950000	59999999	0.9100900891952379	0.5439194393190475	0.3661706498761904
60000000	60049999	0.9394843655523808	0.5439194393190475	0.3955649262333333
60050000	60099999	0.9628231061047618	0.5439194393190475	0.41890366678571433
60100000	60149999	0.9997749969190476	0.5439194393190475	0.45585555760000007
60150000	60199999	0.9883355138238095	0.5439194393190475	0.44441607450476195
60200000	60249999	0.9582846781142855	0.5439194393190475	0.414365238795238
60250000	60299999	0.9248553712666666	0.5439194393190475	0.3809359319476191
60300000	60349999	0.9060647086714285	0.5439194393190475	0.362145269352381
60350000	60399999	0.861411660095238	0.5439194393190475	0.31749222077619044
60400000	60449999	0.8207547234095237	0.5439194393190475	0.2768352840904762
60450000	60499999	0.7876491357571427	0.5439194393190475	0.24372969643809517
60500000	60549999	0.7847303806285713	0.5439194393190475	0.24081094130952374
60550000	60599999	0.7997103223619046	0.5439194393190475	0.25579088304285713
60600000	60649999	0.8226324364571427	0.5439194393190475	0.27871299713809516
60650000	60699999	0.8458877560380951	0.5439194393190475	0.30196831671904756
60700000	60749999	0.8792466835571427	0.5439194393190475	0.33532724423809523
60750000	60799999	0.8932866861285713	0.5439194393190475	0.3493672468095238
60800000	60849999	0.9117301521666665	0.5439194393190475	0.367810712847619
60850000	60899999	0.8945976622238094	0.5439194393190475	0.3506782229047619
60900000	60949999	0.9185996787619046	0.5439194393190475	0.3746802394428571
60950000	60999999	0.9286940659333331	0.5439194393190475	0.38477462661428563
61000000	61049999	0.9195182172047618	0.5439194393190475	0.3755987778857143
61050000	61099999	0.9031827659190474	0.5439194393190475	0.35926332659999993
61100000	61149999	0.8954597792619046	0.5439194393190475	0.35154033994285705
61150000	61199999	0.8735652516095238	0.5439194393190475	0.3296458122904763
61200000	61249999	0.883539671047619	0.5439194393190475	0.3396202317285715
61250000	61299999	0.881649268795238	0.5439194393190475	0.33772982947619046
61300000	61349999	0.8863721705380951	0.5439194393190475	0.3424527312190476
61350000	61399999	0.8889518608380951	0.5439194393190475	0.34503242151904756
61400000	61449999	0.8950916442285713	0.5439194393190475	0.35117220490952383
61450000	61499999	0.9046525838857142	0.5439194393190475	0.3607331445666667
61500000	61549999	0.9053713584142856	0.5439194393190475	0.3614519190952381
61550000	61599999	0.8986486987619047	0.5439194393190475	0.35472925944285716
61600000	61649999	0.8767464264095237	0.5439194393190475	0.3328269870904762
61650000	61699999	0.8531793238523808	0.5439194393190475	0.3092598845333333
61700000	61749999	0.8201636421095237	0.5439194393190475	0.27624420279047623
61750000	61799999	0.7898157159142857	0.5439194393190475	0.24589627659523816
61800000	61849999	0.7775967364571428	0.5439194393190475	0.23367729713809526
61850000	61899999	0.7520280292761905	0.5439194393190475	0.208108589957143
61900000	61949999	0.7938646991095237	0.5439194393190475	0.24994525979047622
61950000	61999999	0.8235951952904761	0.5439194393190475	0.2796757559714286
62000000	62049999	0.8054178898095237	0.5439194393190475	0.26149845049047615
62050000	62099999	0.8300554855142857	0.5439194393190475	0.28613604619523814
62100000	62149999	0.8387043463380952	0.5439194393190475	0.2947849070190477
62150000	62199999	0.8318540100142857	0.5439194393190475	0.2879345706952382
62200000	62249999	0.833806732247619	0.5439194393190475	0.2898872929285715
62250000	62299999	0.8092425055380952	0.5439194393190475	0.26532306621904767
62300000	62349999	0.8077561256809523	0.5439194393190475	0.2638366863619048
62350000	62399999	0.8422634176380952	0.5439194393190475	0.2983439783190477
62400000	62449999	0.8559268207238095	0.5439194393190475	0.31200738140476203
62450000	62499999	0.8663566228952381	0.5439194393190475	0.32243718357619056
62500000	62549999	0.8763359719619047	0.5439194393190475	0.3324165326428572
62550000	62599999	0.8731260401666666	0.5439194393190475	0.3292066008476191
62600000	62649999	0.8827110367761903	0.5439194393190475	0.3387915974571428
62650000	62699999	0.8841098178047618	0.5439194393190475	0.3401903784857143
62700000	62749999	0.8695776114047618	0.5439194393190475	0.32565817208571424
62750000	62799999	0.8629398727523808	0.5439194393190475	0.3190204334333333
62800000	62849999	0.850123304142857	0.5439194393190475	0.30620386482380946
62850000	62899999	0.8319362029904761	0.5439194393190475	0.2880167636714286
62900000	62949999	0.816131558695238	0.5439194393190475	0.2722121193761905
62950000	62999999	0.741076884347619	0.5439194393190475	0.19715744502857147
63000000	63049999	0.6763499571619046	0.5439194393190475	0.1324305178428571
63050000	63099999	0.6619750565619047	0.5439194393190475	0.11805561724285718
63100000	63149999	0.6272855589666666	0.5439194393190475	0.08336611964761909
63150000	63199999	0.6131147947761904	0.5439194393190475	0.06919535545714284
63200000	63249999	0.6105907181714284	0.5439194393190475	0.06667127885238089
63250000	63299999	0.620681480790476	0.5439194393190475	0.07676204147142851
63300000	63349999	0.6322048820809523	0.5439194393190475	0.08828544276190475
63350000	63399999	0.637617513442857	0.5439194393190475	0.09369807412380948
63400000	63449999	0.591326380942857	0.5439194393190475	0.04740694162380954
63450000	63499999	0.5695411417285713	0.5439194393190475	0.025621702409523772
63500000	63549999	0.566980731342857	0.5439194393190475	0.023061292023809465
63550000	63599999	0.558751129195238	0.5439194393190475	0.014831689876190435
63600000	63649999	0.5736141971999998	0.5439194393190475	0.029694757880952327
63650000	63699999	0.5790363145761903	0.5439194393190475	0.0351168752571428
63700000	63749999	0.5831836610714285	0.5439194393190475	0.03926422175238098
63750000	63799999	0.5853460593523808	0.5439194393190475	0.041426620033333306
63800000	63849999	0.6074546805809523	0.5439194393190475	0.0635352412619048
63850000	63899999	0.608168443295238	0.5439194393190475	0.06424900397619049
63900000	63949999	0.6116984659571427	0.5439194393190475	0.06777902663809521
63950000	63999999	0.6191797267380952	0.5439194393190475	0.07526028741904767
64000000	64049999	0.6362731588714284	0.5439194393190475	0.09235371955238092
64050000	64099999	0.6453440882476189	0.5439194393190475	0.10142464892857139
64100000	64149999	0.6601875215095236	0.5439194393190475	0.11626808219047613
64150000	64199999	0.6777392804571427	0.5439194393190475	0.1338198411380952
64200000	64249999	0.6734208274999999	0.5439194393190475	0.12950138818095236
64250000	64299999	0.6703132134761903	0.5439194393190475	0.1263937741571428
64300000	64349999	0.6367626889761904	0.5439194393190475	0.09284324965714286
64350000	64399999	0.6316584849380951	0.5439194393190475	0.08773904561904755
64400000	64449999	0.6279618505952379	0.5439194393190475	0.08404241127619039
64450000	64499999	0.6266349674285713	0.5439194393190475	0.08271552810952376
64500000	64549999	0.6235895596809522	0.5439194393190475	0.07967012036190468
64550000	64599999	0.6215329810380951	0.5439194393190475	0.07761354171904755
64600000	64649999	0.6417884801714284	0.5439194393190475	0.0978690408523809
64650000	64699999	0.6571989088047618	0.5439194393190475	0.11327946948571432
64700000	64749999	0.6478007805380951	0.5439194393190475	0.10388134121904757
64750000	64799999	0.6430267020761904	0.5439194393190475	0.09910726275714288
64800000	64849999	0.6440844444523809	0.5439194393190475	0.10016500513333337
64850000	64899999	0.6284052388809522	0.5439194393190475	0.08448579956190472
64900000	64949999	0.6347296798619046	0.5439194393190475	0.09081024054285713
64950000	64999999	0.6387026141333332	0.5439194393190475	0.09478317481428566
65000000	65049999	0.6423361218666666	0.5439194393190475	0.09841668254761904
65050000	65099999	0.6348176335523809	0.5439194393190475	0.09089819423333334
65100000	65149999	0.6313604240619046	0.5439194393190475	0.08744098474285711
65150000	65199999	0.6276020133523809	0.5439194393190475	0.08368257403333335
65200000	65249999	0.6271674350333332	0.5439194393190475	0.08324799571428565
65250000	65299999	0.6431054178142857	0.5439194393190475	0.09918597849523814
65300000	65349999	0.649737980042857	0.5439194393190475	0.10581854072380947
65350000	65399999	0.6742261794761903	0.5439194393190475	0.13030674015714283
65400000	65449999	0.6876446936238094	0.5439194393190475	0.1437252543047619
65450000	65499999	0.6922524193333333	0.5439194393190475	0.14833298001428574
65500000	65549999	0.7054592212809523	0.5439194393190475	0.16153978196190477
65550000	65599999	0.7172718802571427	0.5439194393190475	0.1733524409380952
65600000	65649999	0.7236399314666666	0.5439194393190475	0.1797204921476191
65650000	65699999	0.6853017327571428	0.5439194393190475	0.14138229343809527
65700000	65749999	0.6517394247666666	0.5439194393190475	0.10781998544761906
65750000	65799999	0.6526844137809523	0.5439194393190475	0.1087649744619048
65800000	65849999	0.6451955602761904	0.5439194393190475	0.10127612095714289
65850000	65899999	0.6398956362761904	0.5439194393190475	0.09597619695714288
65900000	65949999	0.6367063016904762	0.5439194393190475	0.09278686237142864
65950000	65999999	0.6389892049095237	0.5439194393190475	0.0950697655904762
66000000	66049999	0.6432891712714285	0.5439194393190475	0.09936973195238097
66050000	66099999	0.6396266051238094	0.5439194393190475	0.0957071658047619
66100000	66149999	0.6459153166333332	0.5439194393190475	0.10199587731428572
66150000	66199999	0.6401402513761904	0.5439194393190475	0.09622081205714283
66200000	66249999	0.6411138515999999	0.5439194393190475	0.09719441228095238
66250000	66299999	0.636509058442857	0.5439194393190475	0.09258961912380947
66300000	66349999	0.6334802767999999	0.5439194393190475	0.08956083748095234
66350000	66399999	0.650732076342857	0.5439194393190475	0.1068126370238095
66400000	66449999	0.6623083524714285	0.5439194393190475	0.11838891315238098
66450000	66499999	0.6688609069619047	0.5439194393190475	0.12494146764285718
66500000	66549999	0.697788395995238	0.5439194393190475	0.1538689566761905
66550000	66599999	0.7194565729714284	0.5439194393190475	0.17553713365238088
66600000	66649999	0.7429396896809523	0.5439194393190475	0.19902025036190474
66650000	66699999	0.759967533795238	0.5439194393190475	0.21604809447619044
66700000	66749999	0.8015605948190475	0.5439194393190475	0.2576411555
66750000	66799999	0.8349307070333332	0.5439194393190475	0.29101126771428565
66800000	66849999	0.8417399156285712	0.5439194393190475	0.2978204763095237
66850000	66899999	0.8469276338714284	0.5439194393190475	0.3030081945523809
66900000	66949999	0.8396255245523807	0.5439194393190475	0.2957060852333332
66950000	66999999	0.8251163319047617	0.5439194393190475	0.28119689258571423
67000000	67049999	0.8138222311523808	0.5439194393190475	0.2699027918333333
67050000	67099999	0.7998692282285713	0.5439194393190475	0.2559497889095238
67100000	67149999	0.7889588013238094	0.5439194393190475	0.24503936200476184
67150000	67199999	0.7727011114619047	0.5439194393190475	0.22878167214285716
67200000	67249999	0.7719448571095238	0.5439194393190475	0.22802541779047625
67250000	67299999	0.7679965752666665	0.5439194393190475	0.22407713594761902
67300000	67349999	0.7692517392761903	0.5439194393190475	0.22533229995714277
67350000	67399999	0.7586642389380952	0.5439194393190475	0.2147447996190477
67400000	67449999	0.736474401695238	0.5439194393190475	0.19255496237619052
67450000	67499999	0.732159382295238	0.5439194393190475	0.1882399429761905
67500000	67549999	0.7300552312333333	0.5439194393190475	0.18613579191428575
67550000	67599999	0.7044462465857142	0.5439194393190475	0.16052680726666668
67600000	67649999	0.6761327592380951	0.5439194393190475	0.1322133199190476
67650000	67699999	0.637076450790476	0.5439194393190475	0.09315701147142852
67700000	67749999	0.6039483790619047	0.5439194393190475	0.06002893974285717
67750000	67799999	0.5682079763333332	0.5439194393190475	0.024288537014285683
67800000	67849999	0.5257667784142857	0.5439194393190475	-0.018152660904761864
67850000	67899999	0.5073696232619047	0.5439194393190475	-0.0365498160571428
67900000	67949999	0.5003602095666666	0.5439194393190475	-0.04355922975238091
67950000	67999999	0.4972823315714285	0.5439194393190475	-0.04663710774761903
68000000	68049999	0.49660338267142845	0.5439194393190475	-0.047316056647619065
68050000	68099999	0.4990331287857142	0.5439194393190475	-0.04488631053333331
68100000	68149999	0.5103796975142856	0.5439194393190475	-0.033539741804761936
68150000	68199999	0.5142415346285714	0.5439194393190475	-0.029677904690476153
68200000	68249999	0.5155777230285713	0.5439194393190475	-0.028341716290476215
68250000	68299999	0.5157061970238094	0.5439194393190475	-0.02821324229523814
68300000	68349999	0.5048911888380951	0.5439194393190475	-0.039028250480952376
68350000	68399999	0.4924912517142856	0.5439194393190475	-0.05142818760476192
68400000	68449999	0.48348837343333323	0.5439194393190475	-0.060431065885714286
68450000	68499999	0.47419178345238083	0.5439194393190475	-0.06972765586666668
68500000	68549999	0.43961314763333326	0.5439194393190475	-0.10430629168571426
68550000	68599999	0.41950140216666654	0.5439194393190475	-0.12441803715238098
68600000	68649999	0.39434549783809514	0.5439194393190475	-0.14957394148095238
68650000	68699999	0.3842479358095237	0.5439194393190475	-0.1596715035095238
68700000	68749999	0.38244548844761894	0.5439194393190475	-0.16147395087142857
68750000	68799999	0.37125149814761893	0.5439194393190475	-0.17266794117142859
68800000	68849999	0.3549390748714285	0.5439194393190475	-0.188980364447619
68850000	68899999	0.345221853147619	0.5439194393190475	-0.19869758617142852
68900000	68949999	0.3438085007285713	0.5439194393190475	-0.20011093859047624
68950000	68999999	0.3384102361571427	0.5439194393190475	-0.2055092031619048
69000000	69049999	0.33932894197142843	0.5439194393190475	-0.20459049734761908
69050000	69099999	0.34343522015714273	0.5439194393190475	-0.2004842191619048
69100000	69149999	0.34038794577142845	0.5439194393190475	-0.20353149354761907
69150000	69199999	0.3296498500428571	0.5439194393190475	-0.21426958927619044
69200000	69249999	0.3276677786285713	0.5439194393190475	-0.2162516606904762
69250000	69299999	0.3241573686666666	0.5439194393190475	-0.2197620706523809
69300000	69349999	0.3153718389190475	0.5439194393190475	-0.2285476004
69350000	69399999	0.3088820656190475	0.5439194393190475	-0.2350373737
69400000	69449999	0.3028882933095237	0.5439194393190475	-0.2410311460095238
69450000	69499999	0.29303827422380946	0.5439194393190475	-0.25088116509523806
69500000	69549999	0.2823787557142856	0.5439194393190475	-0.2615406836047619
69550000	69599999	0.2789865378190475	0.5439194393190475	-0.26493290150000004
69600000	69649999	0.2677424082095237	0.5439194393190475	-0.2761770311095238
69650000	69699999	0.268407473995238	0.5439194393190475	-0.2755119653238095
69700000	69749999	0.26326509490952366	0.5439194393190475	-0.28065434440952386
69750000	69799999	0.2565736911714284	0.5439194393190475	-0.2873457481476191
69800000	69849999	0.251932184895238	0.5439194393190475	-0.2919872544238095
69850000	69899999	0.25065874809047606	0.5439194393190475	-0.29326069122857146
69900000	69949999	0.25688862662380935	0.5439194393190475	-0.28703081269523817
69950000	69999999	0.2539548898523808	0.5439194393190475	-0.2899645494666667
70000000	70049999	0.24940757275238085	0.5439194393190475	-0.29451186656666667
70050000	70099999	0.25051492633809513	0.5439194393190475	-0.2934045129809524
70100000	70149999	0.256855600047619	0.5439194393190475	-0.28706383927142853
70150000	70199999	0.258884213847619	0.5439194393190475	-0.2850352254714285
70200000	70249999	0.26920966693809517	0.5439194393190475	-0.27470977238095234
70250000	70299999	0.2743436409380951	0.5439194393190475	-0.2695757983809524
70300000	70349999	0.28802562358095224	0.5439194393190475	-0.2558938157380953
70350000	70399999	0.30353676747619035	0.5439194393190475	-0.24038267184285717
70400000	70449999	0.31766161483809513	0.5439194393190475	-0.22625782448095239
70450000	70499999	0.33058250909047604	0.5439194393190475	-0.21333693022857148
70500000	70549999	0.3508724923809523	0.5439194393190475	-0.1930469469380952
70550000	70599999	0.379156896742857	0.5439194393190475	-0.1647625425761905
70600000	70649999	0.3940956132095237	0.5439194393190475	-0.14982382610952383
70650000	70699999	0.41644805897142845	0.5439194393190475	-0.12747138034761907
70700000	70749999	0.4439364065999999	0.5439194393190475	-0.09998303271904763
70750000	70799999	0.46129777445238085	0.5439194393190475	-0.08262166486666667
70800000	70849999	0.47846700424285704	0.5439194393190475	-0.06545243507619047
70850000	70899999	0.4904699375047618	0.5439194393190475	-0.053449501814285705
70900000	70949999	0.500174305447619	0.5439194393190475	-0.04374513387142853
70950000	70999999	0.501416998390476	0.5439194393190475	-0.04250244092857147
71000000	71049999	0.506259878247619	0.5439194393190475	-0.03765956107142854
71050000	71099999	0.512317774995238	0.5439194393190475	-0.03160166432380951
71100000	71149999	0.5078401123285713	0.5439194393190475	-0.036079326990476224
71150000	71199999	0.5067925120619047	0.5439194393190475	-0.03712692725714284
71200000	71249999	0.5028416814333332	0.5439194393190475	-0.04107775788571433
71250000	71299999	0.49504945358095226	0.5439194393190475	-0.048869985738095256
71300000	71349999	0.48491145309047606	0.5439194393190475	-0.05900798622857145
71350000	71399999	0.478946590042857	0.5439194393190475	-0.06497284927619051
71400000	71449999	0.4716517689809523	0.5439194393190475	-0.07226767033809522
71450000	71499999	0.4672923353238094	0.5439194393190475	-0.07662710399523809
71500000	71549999	0.46297254296190465	0.5439194393190475	-0.08094689635714286
71550000	71599999	0.4589046002999999	0.5439194393190475	-0.0850148390190476
71600000	71649999	0.44459022462380937	0.5439194393190475	-0.09932921469523814
71650000	71699999	0.44543531769047606	0.5439194393190475	-0.09848412162857145
71700000	71749999	0.44623472106190465	0.5439194393190475	-0.09768471825714287
71750000	71799999	0.43503411077619036	0.5439194393190475	-0.10888532854285715
71800000	71849999	0.434331911495238	0.5439194393190475	-0.10958752782380954
71850000	71899999	0.43525914772380947	0.5439194393190475	-0.10866029159523805
71900000	71949999	0.44215430786666654	0.5439194393190475	-0.10176513145238097
71950000	71999999	0.451977862747619	0.5439194393190475	-0.09194157657142854
72000000	72049999	0.4598635162809523	0.5439194393190475	-0.08405592303809523
72050000	72099999	0.46330039323809513	0.5439194393190475	-0.08061904608095238
72100000	72149999	0.4720239226047618	0.5439194393190475	-0.07189551671428573
72150000	72199999	0.4891924658190475	0.5439194393190475	-0.0547269735
72200000	72249999	0.4971553811666665	0.5439194393190475	-0.046764058152380994
72250000	72299999	0.5083280545047618	0.5439194393190475	-0.0355913848142857
72300000	72349999	0.5195156910999998	0.5439194393190475	-0.024403748219047672
72350000	72399999	0.5458932623619046	0.5439194393190475	0.0019738230428570924
72400000	72449999	0.5522100936714285	0.5439194393190475	0.008290654352380966
72450000	72499999	0.5653658184761904	0.5439194393190475	0.02144637915714287
72500000	72549999	0.5818482261571427	0.5439194393190475	0.037928786838095196
72550000	72599999	0.5946776489238095	0.5439194393190475	0.05075820960476196
72600000	72649999	0.6064061678761904	0.5439194393190475	0.06248672855714288
72650000	72699999	0.622437661942857	0.5439194393190475	0.07851822262380947
72700000	72749999	0.6304063734857142	0.5439194393190475	0.08648693416666664
72750000	72799999	0.6295425216571428	0.5439194393190475	0.08562308233809524
72800000	72849999	0.6329745647285714	0.5439194393190475	0.08905512540952387
72850000	72899999	0.6461816958523808	0.5439194393190475	0.10226225653333332
72900000	72949999	0.6555090173904761	0.5439194393190475	0.11158957807142855
72950000	72999999	0.6515255546095238	0.5439194393190475	0.10760611529047626
73000000	73049999	0.6576598354333333	0.5439194393190475	0.11374039611428577
73050000	73099999	0.6678237885095237	0.5439194393190475	0.12390434919047622
73100000	73149999	0.6701801477047618	0.5439194393190475	0.12626070838571424
73150000	73199999	0.6797896077761904	0.5439194393190475	0.13587016845714284
73200000	73249999	0.6800432154238094	0.5439194393190475	0.1361237761047619
73250000	73299999	0.6728783399761904	0.5439194393190475	0.12895890065714288
73300000	73349999	0.6671617347761905	0.5439194393190475	0.12324229545714294
73350000	73399999	0.6650695528142856	0.5439194393190475	0.12115011349523808
73400000	73449999	0.6584302430619047	0.5439194393190475	0.11451080374285716
73450000	73499999	0.6610452058809523	0.5439194393190475	0.11712576656190476
73500000	73549999	0.6587775774857142	0.5439194393190475	0.11485813816666668
73550000	73599999	0.6426689820571427	0.5439194393190475	0.09874954273809522
73600000	73649999	0.6343383161380951	0.5439194393190475	0.09041887681904759
73650000	73699999	0.6386509673142856	0.5439194393190475	0.0947315279952381
73700000	73749999	0.638228804347619	0.5439194393190475	0.09430936502857146
73750000	73799999	0.6386117431714284	0.5439194393190475	0.09469230385238092
73800000	73849999	0.6427976743523809	0.5439194393190475	0.09887823503333337
73850000	73899999	0.6402916007047618	0.5439194393190475	0.09637216138571425
73900000	73949999	0.6287953065428571	0.5439194393190475	0.08487586722380958
73950000	73999999	0.6215972874857142	0.5439194393190475	0.07767784816666667
74000000	74049999	0.6278192309238094	0.5439194393190475	0.08389979160476191
74050000	74099999	0.6256858780142857	0.5439194393190475	0.08176643869523814
74100000	74149999	0.6202492028	0.5439194393190475	0.07632976348095244
74150000	74199999	0.6219988493190475	0.5439194393190475	0.07807940999999996
74200000	74249999	0.6140145391809523	0.5439194393190475	0.07009509986190476
74250000	74299999	0.6236230509476189	0.5439194393190475	0.07970361162857142
74300000	74349999	0.6321634546238094	0.5439194393190475	0.08824401530476189
74350000	74399999	0.6370988664095237	0.5439194393190475	0.09317942709047622
74400000	74449999	0.6334500823714284	0.5439194393190475	0.0895306430523809
74450000	74499999	0.6277839733142856	0.5439194393190475	0.08386453399523808
74500000	74549999	0.6238992787238093	0.5439194393190475	0.07997983940476183
74550000	74599999	0.6269443379142856	0.5439194393190475	0.0830248985952381
74600000	74649999	0.6399643469238094	0.5439194393190475	0.09604490760476192
74650000	74699999	0.6460902085857142	0.5439194393190475	0.10217076926666668
74700000	74749999	0.6279849604761903	0.5439194393190475	0.08406552115714283
74750000	74799999	0.6197479663285713	0.5439194393190475	0.0758285270095238
74800000	74849999	0.6170609373666666	0.5439194393190475	0.07314149804761905
74850000	74899999	0.6159703712809522	0.5439194393190475	0.07205093196190471
74900000	74949999	0.6214872197047618	0.5439194393190475	0.07756778038571432
74950000	74999999	0.6157001221142856	0.5439194393190475	0.07178068279523808
75000000	75049999	0.610867211190476	0.5439194393190475	0.06694777187142853
75050000	75099999	0.602510986090476	0.5439194393190475	0.058591546771428527
75100000	75149999	0.596239156195238	0.5439194393190475	0.052319716876190525
75150000	75199999	0.590483502895238	0.5439194393190475	0.04656406357619047
75200000	75249999	0.5924548204380952	0.5439194393190475	0.04853538111904765
75250000	75299999	0.5845659661047617	0.5439194393190475	0.04064652678571423
75300000	75349999	0.5719525912047618	0.5439194393190475	0.028033151885714314
75350000	75399999	0.5701211172047618	0.5439194393190475	0.02620167788571426
75400000	75449999	0.5622942827904761	0.5439194393190475	0.018374843471428592
75450000	75499999	0.5771262553999998	0.5439194393190475	0.03320681608095233
75500000	75549999	0.6007362893047618	0.5439194393190475	0.056816849985714235
75550000	75599999	0.6048706617999999	0.5439194393190475	0.060951222480952416
75600000	75649999	0.6035697531619046	0.5439194393190475	0.05965031384285713
75650000	75699999	0.6001459269666666	0.5439194393190475	0.05622648764761906
75700000	75749999	0.5927447975142857	0.5439194393190475	0.048825358195238144
75750000	75799999	0.6112869351571427	0.5439194393190475	0.0673674958380952
75800000	75849999	0.620266674347619	0.5439194393190475	0.07634723502857144
75850000	75899999	0.6147837628095237	0.5439194393190475	0.07086432349047622
75900000	75949999	0.6208015921047618	0.5439194393190475	0.07688215278571431
75950000	75999999	0.6223104357047619	0.5439194393190475	0.07839099638571434
76000000	76049999	0.6251255505	0.5439194393190475	0.08120611118095244
76050000	76099999	0.6288307649761904	0.5439194393190475	0.08491132565714288
76100000	76149999	0.636044110647619	0.5439194393190475	0.0921246713285715
76150000	76199999	0.6356750807857142	0.5439194393190475	0.0917556414666667
76200000	76249999	0.646718154395238	0.5439194393190475	0.10279871507619054
76250000	76299999	0.6409129762190475	0.5439194393190475	0.09699353690000001
76300000	76349999	0.6496755206666666	0.5439194393190475	0.10575608134761905
76350000	76399999	0.6534079523333333	0.5439194393190475	0.10948851301428575
76400000	76449999	0.6563522078238094	0.5439194393190475	0.11243276850476192
76450000	76499999	0.6636607299190476	0.5439194393190475	0.11974129060000005
76500000	76549999	0.648929273695238	0.5439194393190475	0.10500983437619049
76550000	76599999	0.6157873147190476	0.5439194393190475	0.07186787540000006
76600000	76649999	0.6167884742190475	0.5439194393190475	0.07286903489999996
76650000	76699999	0.6035772850142856	0.5439194393190475	0.05965784569523813
76700000	76749999	0.5850885566047618	0.5439194393190475	0.04116911728571426
76750000	76799999	0.5775126406571427	0.5439194393190475	0.03359320133809518
76800000	76849999	0.5541298335809522	0.5439194393190475	0.010210394261904732
76850000	76899999	0.5382345295809523	0.5439194393190475	-0.005684909738095212
76900000	76949999	0.5259152802190475	0.5439194393190475	-0.018004159099999972
76950000	76999999	0.47402967755714276	0.5439194393190475	-0.06988976176190476
77000000	77049999	0.43417254596190463	0.5439194393190475	-0.10974689335714288
77050000	77099999	0.38736225436190463	0.5439194393190475	-0.15655718495714288
77100000	77149999	0.35049007676666655	0.5439194393190475	-0.19342936255238097
77150000	77199999	0.3356479768619046	0.5439194393190475	-0.2082714624571429
77200000	77249999	0.33933323401428556	0.5439194393190475	-0.20458620530476196
77250000	77299999	0.34310486634285703	0.5439194393190475	-0.2008145729761905
77300000	77349999	0.34081737650476174	0.5439194393190475	-0.20310206281428578
77350000	77399999	0.3349535308666665	0.5439194393190475	-0.208965908452381
77400000	77449999	0.32883963609047606	0.5439194393190475	-0.21507980322857145
77450000	77499999	0.3158454512571428	0.5439194393190475	-0.2280739880619047
77500000	77549999	0.3140243292857142	0.5439194393190475	-0.2298951100333333
77550000	77599999	0.3121824586476189	0.5439194393190475	-0.23173698067142862
77600000	77649999	0.32113665681428555	0.5439194393190475	-0.22278278250476197
77650000	77699999	0.31158171241428556	0.5439194393190475	-0.23233772690476195
77700000	77749999	0.32126793655238084	0.5439194393190475	-0.22265150276666668
77750000	77799999	0.32534134944761894	0.5439194393190475	-0.21857808987142857
77800000	77849999	0.33464395787619033	0.5439194393190475	-0.20927548144285718
77850000	77899999	0.34988670864285704	0.5439194393190475	-0.19403273067619048
77900000	77949999	0.3655749067380951	0.5439194393190475	-0.1783445325809524
77950000	77999999	0.3718314744809523	0.5439194393190475	-0.17208796483809524
78000000	78049999	0.4185584639999999	0.5439194393190475	-0.1253609753190476
78050000	78099999	0.4548342171047618	0.5439194393190475	-0.08908522221428572
78100000	78149999	0.5020819221571428	0.5439194393190475	-0.04183751716190476
78150000	78199999	0.5301883056095237	0.5439194393190475	-0.013731133709523835
78200000	78249999	0.5368139285619047	0.5439194393190475	-0.00710551075714283
78250000	78299999	0.5434931262428571	0.5439194393190475	-0.00042631307619045433
78300000	78349999	0.5300409997904761	0.5439194393190475	-0.013878439528571374
78350000	78399999	0.5275367890428571	0.5439194393190475	-0.016382650276190458
78400000	78449999	0.5206636747761904	0.5439194393190475	-0.02325576454285716
78450000	78499999	0.5255513190380952	0.5439194393190475	-0.01836812028095236
78500000	78549999	0.5374973516904761	0.5439194393190475	-0.006422087628571438
78550000	78599999	0.5617459069190476	0.5439194393190475	0.017826467600000062
78600000	78649999	0.5616051678190476	0.5439194393190475	0.017685728500000053
78650000	78699999	0.5563589985857142	0.5439194393190475	0.012439559266666733
78700000	78749999	0.5523361354809523	0.5439194393190475	0.008416696161904769
78750000	78799999	0.551702656947619	0.5439194393190475	0.007783217628571482
78800000	78849999	0.5691344300904762	0.5439194393190475	0.025214990771428636
78850000	78899999	0.5701176171999999	0.5439194393190475	0.026198177880952356
78900000	78949999	0.5676043213619046	0.5439194393190475	0.023684882042857125
78950000	78999999	0.5492508816428571	0.5439194393190475	0.005331442323809554
79000000	79049999	0.5553574065190475	0.5439194393190475	0.01143796720000001
79050000	79099999	0.5484465601047618	0.5439194393190475	0.004527120785714267
79100000	79149999	0.5454587874095237	0.5439194393190475	0.001539348090476178
79150000	79199999	0.5396674615190475	0.5439194393190475	-0.004251977799999973
79200000	79249999	0.576975648295238	0.5439194393190475	0.03305620897619044
79250000	79299999	0.5662539251857142	0.5439194393190475	0.022334485866666642
79300000	79349999	0.5541790372904761	0.5439194393190475	0.010259597971428613
79350000	79399999	0.5611433873380951	0.5439194393190475	0.017223948019047586
79400000	79449999	0.5662556048714285	0.5439194393190475	0.022336165552380938
79450000	79499999	0.5775061024333332	0.5439194393190475	0.03358666311428571
79500000	79549999	0.5591094266857142	0.5439194393190475	0.015189987366666657
79550000	79599999	0.5462732692333332	0.5439194393190475	0.0023538299142856767
79600000	79649999	0.5133028840476189	0.5439194393190475	-0.03061655527142859
79650000	79699999	0.5152286611904761	0.5439194393190475	-0.02869077812857146
79700000	79749999	0.5156164735809523	0.5439194393190475	-0.02830296573809521
79750000	79799999	0.5222814474857141	0.5439194393190475	-0.02163799183333337
79800000	79849999	0.5156135966666665	0.5439194393190475	-0.028305842652381008
79850000	79899999	0.5029166520904761	0.5439194393190475	-0.041002787228571425
79900000	79949999	0.4985581766190475	0.5439194393190475	-0.045361262700000016
79950000	79999999	0.5024672252333332	0.5439194393190475	-0.04145221408571431
80000000	80049999	0.5059768145476189	0.5439194393190475	-0.037942624771428624
80050000	80099999	0.49952351615238083	0.5439194393190475	-0.044395923166666684
80100000	80149999	0.49304102476190464	0.5439194393190475	-0.05087841455714287
80150000	80199999	0.4822176288095237	0.5439194393190475	-0.061701810509523836
80200000	80249999	0.48546163934761893	0.5439194393190475	-0.05845779997142858
80250000	80299999	0.4437409381333332	0.5439194393190475	-0.10017850118571431
80300000	80349999	0.4476270365666666	0.5439194393190475	-0.09629240275238093
80350000	80399999	0.436697535995238	0.5439194393190475	-0.10722190332380954
80400000	80449999	0.4164422228095237	0.5439194393190475	-0.12747721650952382
80450000	80499999	0.4027143064809523	0.5439194393190475	-0.14120513283809522
80500000	80549999	0.3966794170047618	0.5439194393190475	-0.14724002231428573
80550000	80599999	0.3998470358380951	0.5439194393190475	-0.1440724034809524
80600000	80649999	0.3678884272809523	0.5439194393190475	-0.17603101203809524
80650000	80699999	0.3465402803190475	0.5439194393190475	-0.19737915900000003
80700000	80749999	0.3370687211140475	0.5439194393190475	-0.206850718205
80750000	80799999	0.3329096875295738	0.5439194393190475	-0.21100975178947373
80800000	80849999	0.32209811611349193	0.5439194393190475	-0.2218213232055556
80850000	80899999	0.3159362341249299	0.5439194393190475	-0.22798320519411763
80900000	80949999	0.3109069300127975	0.5439194393190475	-0.23301250930625
80950000	80999999	0.2995357778190475	0.5439194393190475	-0.24438366150000002
81000000	81049999	0.2725911321333332	0.5439194393190475	-0.2713283071857143
81050000	81099999	0.2598915595728936	0.5439194393190475	-0.2840278797461539
81100000	81149999	0.25186833176071416	0.5439194393190475	-0.29205110755833336
81150000	81199999	0.23938667010086567	0.5439194393190475	-0.30453276921818184
