start	end	obs	exp	var
0	49999	0.9578394518857145	0.9006641803857145	0.05717527150000001
50000	99999	0.9337651657523811	0.9006641803857145	0.03310098536666661
100000	149999	0.9148640627395607	0.9006641803857145	0.014199882353846172
150000	199999	0.8843572677857144	0.9006641803857145	-0.016306912600000056
200000	249999	0.8753508702590478	0.9006641803857145	-0.02531331012666671
250000	299999	0.8523410046794645	0.9006641803857145	-0.04832317570625
300000	349999	0.8426421963739498	0.9006641803857145	-0.05802198401176473
350000	399999	0.8420939838190479	0.9006641803857145	-0.05857019656666662
400000	449999	0.8504050776067671	0.9006641803857145	-0.050259102778947407
450000	499999	0.8500185585507145	0.9006641803857145	-0.05064562183499999
500000	549999	0.8382621855000002	0.9006641803857145	-0.062401994885714296
550000	599999	0.7569643956000002	0.9006641803857145	-0.14369978478571432
600000	649999	0.785483903457143	0.9006641803857145	-0.11518027692857147
650000	699999	0.7986897115380954	0.9006641803857145	-0.10197446884761907
700000	749999	0.8149845349476192	0.9006641803857145	-0.08567964543809525
750000	799999	0.797029634709524	0.9006641803857145	-0.10363454567619046
800000	849999	0.7821335214571431	0.9006641803857145	-0.1185306589285714
850000	899999	0.7881019759809526	0.9006641803857145	-0.11256220440476195
900000	949999	0.8114458766761906	0.9006641803857145	-0.08921830370952388
950000	999999	0.8193730003380955	0.9006641803857145	-0.08129118004761904
1000000	1049999	0.8201342741857145	0.9006641803857145	-0.0805299062
1050000	1099999	0.8306062783428574	0.9006641803857145	-0.07005790204285711
1100000	1149999	0.8553207990761906	0.9006641803857145	-0.04534338130952387
1150000	1199999	0.8579079382047621	0.9006641803857145	-0.04275624218095242
1200000	1249999	0.8702133324857145	0.9006641803857145	-0.030450847899999967
1250000	1299999	0.8738774715285716	0.9006641803857145	-0.02678670885714285
1300000	1349999	0.8866696176190478	0.9006641803857145	-0.013994562766666663
1350000	1399999	0.8846505914285716	0.9006641803857145	-0.016013588957142888
1400000	1449999	0.8803758064761907	0.9006641803857145	-0.02028837390952376
1450000	1499999	0.8684492875333335	0.9006641803857145	-0.032214892852380994
1500000	1549999	0.8668679590285716	0.9006641803857145	-0.033796221357142886
1550000	1599999	0.8792465695190478	0.9006641803857145	-0.021417610866666714
1600000	1649999	0.8761693895238097	0.9006641803857145	-0.02449479086190476
1650000	1699999	0.8493399124904764	0.9006641803857145	-0.05132426789523814
1700000	1749999	0.8425020587476193	0.9006641803857145	-0.0581621216380952
1750000	1799999	0.8134745827809526	0.9006641803857145	-0.08718959760476186
1800000	1849999	0.8142052509761907	0.9006641803857145	-0.08645892940952382
1850000	1899999	0.8091538641523812	0.9006641803857145	-0.09151031623333328
1900000	1949999	0.8048696921571431	0.9006641803857145	-0.0957944882285714
1950000	1999999	0.793529291161905	0.9006641803857145	-0.10713488922380954
2000000	2049999	0.7859240489333336	0.9006641803857145	-0.11474013145238093
2050000	2099999	0.7821334822380954	0.9006641803857145	-0.11853069814761907
2100000	2149999	0.7768615935476193	0.9006641803857145	-0.1238025868380952
2150000	2199999	0.760980984366667	0.9006641803857145	-0.13968319601904755
2200000	2249999	0.7545256157952382	0.9006641803857145	-0.14613856459047625
2250000	2299999	0.7536464437476192	0.9006641803857145	-0.14701773663809525
2300000	2349999	0.7566017413095241	0.9006641803857145	-0.14406243907619043
2350000	2399999	0.7508742707619049	0.9006641803857145	-0.14978990962380956
2400000	2449999	0.7517841038952383	0.9006641803857145	-0.1488800764904762
2450000	2499999	0.7636592806952383	0.9006641803857145	-0.13700489969047625
2500000	2549999	0.7598763075428574	0.9006641803857145	-0.1407878728428571
2550000	2599999	0.7574847552047621	0.9006641803857145	-0.1431794251809524
2600000	2649999	0.7509140196904764	0.9006641803857145	-0.14975016069523805
2650000	2699999	0.7549819782190479	0.9006641803857145	-0.1456822021666666
2700000	2749999	0.7485918355380954	0.9006641803857145	-0.1520723448476191
2750000	2799999	0.7335981976904764	0.9006641803857145	-0.1670659826952381
2800000	2849999	0.7356425496285717	0.9006641803857145	-0.16502163075714282
2850000	2899999	0.7352179568380954	0.9006641803857145	-0.16544622354761906
2900000	2949999	0.7263436419809526	0.9006641803857145	-0.17432053840476192
2950000	2999999	0.7254703422809525	0.9006641803857145	-0.17519383810476197
3000000	3049999	0.7213221998047621	0.9006641803857145	-0.1793419805809524
3050000	3099999	0.7213425108809526	0.9006641803857145	-0.17932166950476192
3100000	3149999	0.7178680942333335	0.9006641803857145	-0.18279608615238097
3150000	3199999	0.711486662561905	0.9006641803857145	-0.18917751782380954
3200000	3249999	0.6982902645619049	0.9006641803857145	-0.2023739158238096
3250000	3299999	0.6924242319095241	0.9006641803857145	-0.20823994847619043
3300000	3349999	0.7017425459761907	0.9006641803857145	-0.19892163440952382
3350000	3399999	0.6970392933285716	0.9006641803857145	-0.20362488705714288
3400000	3449999	0.6943117725952384	0.9006641803857145	-0.20635240779047614
3450000	3499999	0.7020969537714288	0.9006641803857145	-0.19856722661428572
3500000	3549999	0.6847105612714288	0.9006641803857145	-0.21595361911428568
3550000	3599999	0.6826420668904765	0.9006641803857145	-0.21802211349523803
3600000	3649999	0.6764530420761907	0.9006641803857145	-0.22421113830952377
3650000	3699999	0.6743710777428573	0.9006641803857145	-0.22629310264285718
3700000	3749999	0.6648302416047621	0.9006641803857145	-0.23583393878095238
3750000	3799999	0.6685890000142859	0.9006641803857145	-0.2320751803714286
3800000	3849999	0.6828271373380954	0.9006641803857145	-0.21783704304761908
3850000	3899999	0.6952372780285716	0.9006641803857145	-0.2054269023571429
3900000	3949999	0.7010171228571431	0.9006641803857145	-0.19964705752857137
3950000	3999999	0.7109323787857145	0.9006641803857145	-0.18973180160000003
4000000	4049999	0.7065062335714287	0.9006641803857145	-0.19415794681428578
4050000	4099999	0.7097824909476192	0.9006641803857145	-0.19088168943809525
4100000	4149999	0.7045032305285717	0.9006641803857145	-0.19616094985714283
4150000	4199999	0.7136340861238097	0.9006641803857145	-0.18703009426190476
4200000	4249999	0.7317314924809526	0.9006641803857145	-0.1689326879047619
4250000	4299999	0.7498346186952383	0.9006641803857145	-0.15082956169047623
4300000	4349999	0.775943666661905	0.9006641803857145	-0.12472051372380955
4350000	4399999	0.7692430527857145	0.9006641803857145	-0.13142112760000002
4400000	4449999	0.7709107805333335	0.9006641803857145	-0.129753399852381
4450000	4499999	0.7901532606000002	0.9006641803857145	-0.11051091978571426
4500000	4549999	0.7961091348666669	0.9006641803857145	-0.1045550455190476
4550000	4599999	0.8157294690428574	0.9006641803857145	-0.08493471134285713
4600000	4649999	0.8295119656047621	0.9006641803857145	-0.07115221478095235
4650000	4699999	0.8432733967142859	0.9006641803857145	-0.05739078367142858
4700000	4749999	0.864192554009524	0.9006641803857145	-0.0364716263761905
4750000	4799999	0.8762800829142859	0.9006641803857145	-0.024384097471428556
4800000	4849999	0.8813089133190478	0.9006641803857145	-0.01935526706666668
4850000	4899999	0.886109998961905	0.9006641803857145	-0.014554181423809487
4900000	4949999	0.8946691908428573	0.9006641803857145	-0.005994989542857154
4950000	4999999	0.9190769753000002	0.9006641803857145	0.018412794914285713
5000000	5049999	0.9240807033476193	0.9006641803857145	0.023416522961904773
5050000	5099999	0.9421649531285716	0.9006641803857145	0.04150077274285713
5100000	5149999	0.9630775130476192	0.9006641803857145	0.06241333266190474
5150000	5199999	0.9840853398619049	0.9006641803857145	0.08342115947619044
5200000	5249999	0.9947925161380955	0.9006641803857145	0.094128335752381
5250000	5299999	0.9958994707857145	0.9006641803857145	0.0952352904
5300000	5349999	0.9984295909238097	0.9006641803857145	0.09776541053809518
5350000	5399999	0.9992446745714287	0.9006641803857145	0.09858049418571424
5400000	5449999	1.023707197652381	0.9006641803857145	0.12304301726666655
5450000	5499999	1.039999275757143	0.9006641803857145	0.13933509537142852
5500000	5549999	1.0278483069714288	0.9006641803857145	0.12718412658571432
5550000	5599999	1.0341617090619049	0.9006641803857145	0.13349752867619036
5600000	5649999	1.0249162581285716	0.9006641803857145	0.12425207774285707
5650000	5699999	1.0248878722238097	0.9006641803857145	0.12422369183809523
5700000	5749999	1.0274170831238096	0.9006641803857145	0.12675290273809514
5750000	5799999	1.0290333791904764	0.9006641803857145	0.12836919880476194
5800000	5849999	1.0292728044952382	0.9006641803857145	0.12860862410952367
5850000	5899999	1.0399030839714287	0.9006641803857145	0.13923890358571422
5900000	5949999	1.042671222209524	0.9006641803857145	0.14200704182380952
5950000	5999999	1.0428583779523812	0.9006641803857145	0.14219419756666674
6000000	6049999	1.0270651853428574	0.9006641803857145	0.1264010049571429
6050000	6099999	1.0278874978428574	0.9006641803857145	0.12722331745714288
6100000	6149999	1.0371774572285717	0.9006641803857145	0.1365132768428572
6150000	6199999	1.041832749152381	0.9006641803857145	0.1411685687666666
6200000	6249999	1.0365649093904763	0.9006641803857145	0.1359007290047618
6250000	6299999	1.0326917509761908	0.9006641803857145	0.13202757059047632
6300000	6349999	1.0335075640904765	0.9006641803857145	0.132843383704762
6350000	6399999	1.0339233478000003	0.9006641803857145	0.13325916741428578
6400000	6449999	1.0287011848523813	0.9006641803857145	0.12803700446666677
6450000	6499999	1.0044653299190478	0.9006641803857145	0.1038011495333333
6500000	6549999	0.9884239776952384	0.9006641803857145	0.08775979730952388
6550000	6599999	0.9865179813428574	0.9006641803857145	0.0858538009571429
6600000	6649999	0.9732403571190479	0.9006641803857145	0.07257617673333339
6650000	6699999	0.9743113374761907	0.9006641803857145	0.0736471570904762
6700000	6749999	0.962502687914286	0.9006641803857145	0.06183850752857145
6750000	6799999	0.957390923409524	0.9006641803857145	0.056726743023809534
6800000	6849999	0.933019840109524	0.9006641803857145	0.03235565972380949
6850000	6899999	0.9242560903333336	0.9006641803857145	0.02359190994761906
6900000	6949999	0.9118796628476192	0.9006641803857145	0.011215482461904736
6950000	6999999	0.9208149565523811	0.9006641803857145	0.020150776166666606
7000000	7049999	0.910292956461905	0.9006641803857145	0.009628776076190504
7050000	7099999	0.9195257973285716	0.9006641803857145	0.01886161694285715
7100000	7149999	0.914415616761905	0.9006641803857145	0.013751436376190473
7150000	7199999	0.8971739258761907	0.9006641803857145	-0.0034902545095237825
7200000	7249999	0.8893819495476193	0.9006641803857145	-0.011282230838095209
7250000	7299999	0.8958691398047621	0.9006641803857145	-0.00479504058095237
7300000	7349999	0.8946960975238097	0.9006641803857145	-0.0059680828619047555
7350000	7399999	0.9113724469523812	0.9006641803857145	0.01070826656666668
7400000	7449999	0.9221851602476192	0.9006641803857145	0.02152097986190471
7450000	7499999	0.9312350228428573	0.9006641803857145	0.03057084245714281
7500000	7549999	0.9380039858333336	0.9006641803857145	0.03733980544761906
7550000	7599999	0.9254159966761907	0.9006641803857145	0.02475181629047618
7600000	7649999	0.9506641650047621	0.9006641803857145	0.049999984619047644
7650000	7699999	0.9522320226428573	0.9006641803857145	0.05156784225714284
7700000	7749999	0.9389043118714288	0.9006641803857145	0.03824013148571426
7750000	7799999	0.9425166739666668	0.9006641803857145	0.04185249358095233
7800000	7849999	0.9382532619333336	0.9006641803857145	0.037589081547619085
7850000	7899999	0.9556584387380954	0.9006641803857145	0.05499425835238092
7900000	7949999	0.958274609309524	0.9006641803857145	0.05761042892380952
7950000	7999999	0.9789397427428573	0.9006641803857145	0.07827556235714284
8000000	8049999	0.9681195314190478	0.9006641803857145	0.06745535103333333
8050000	8099999	0.9708350173857145	0.9006641803857145	0.07017083700000004
8100000	8149999	0.9604245983952383	0.9006641803857145	0.05976041800952381
8150000	8199999	0.977718704309524	0.9006641803857145	0.07705452392380951
8200000	8249999	0.9708679217285716	0.9006641803857145	0.07020374134285712
8250000	8299999	0.9529526188523811	0.9006641803857145	0.05228843846666664
8300000	8349999	0.9463488503238098	0.9006641803857145	0.04568466993809528
8350000	8399999	0.9492991039238098	0.9006641803857145	0.04863492353809529
8400000	8449999	0.9216049976190478	0.9006641803857145	0.020940817233333298
8450000	8499999	0.9077305561476193	0.9006641803857145	0.007066375761904831
8500000	8549999	0.8874093832333335	0.9006641803857145	-0.013254797152380982
8550000	8599999	0.8824833787523811	0.9006641803857145	-0.018180801633333354
8600000	8649999	0.8938109551476192	0.9006641803857145	-0.006853225238095284
8650000	8699999	0.870514829709524	0.9006641803857145	-0.03014935067619051
8700000	8749999	0.8723023687476192	0.9006641803857145	-0.028361811638095258
8750000	8799999	0.8818933965047622	0.9006641803857145	-0.018770783880952324
8800000	8849999	0.8930593631047621	0.9006641803857145	-0.007604817280952414
8850000	8899999	0.8962228222714288	0.9006641803857145	-0.004441358114285698
8900000	8949999	0.8828718383666669	0.9006641803857145	-0.017792342019047558
8950000	8999999	0.8862589568000002	0.9006641803857145	-0.014405223585714277
9000000	9049999	0.8695635614190478	0.9006641803857145	-0.031100618966666715
9050000	9099999	0.8658515822428574	0.9006641803857145	-0.03481259814285709
9100000	9149999	0.860307918009524	0.9006641803857145	-0.0403562623761905
9150000	9199999	0.8751901412000002	0.9006641803857145	-0.025474039185714337
9200000	9249999	0.855007492409524	0.9006641803857145	-0.04565668797619049
9250000	9299999	0.8669884623952383	0.9006641803857145	-0.033675717990476195
9300000	9349999	0.8735140289190478	0.9006641803857145	-0.02715015146666666
9350000	9399999	0.8712540927809526	0.9006641803857145	-0.029410087604761936
9400000	9449999	0.8640497027047621	0.9006641803857145	-0.036614477680952384
9450000	9499999	0.8729485013571431	0.9006641803857145	-0.027715679028571416
9500000	9549999	0.8789851743952383	0.9006641803857145	-0.02167900599047623
9550000	9599999	0.8905743666142859	0.9006641803857145	-0.01008981377142859
9600000	9649999	0.9033921475809527	0.9006641803857145	0.002727967195238157
9650000	9699999	0.9211307081000002	0.9006641803857145	0.0204665277142857
9700000	9749999	0.9573906408523811	0.9006641803857145	0.05672646046666663
9750000	9799999	0.9839451512428574	0.9006641803857145	0.08328097085714292
9800000	9849999	1.024509424209524	0.9006641803857145	0.12384524382380957
9850000	9899999	1.0655893524952382	0.9006641803857145	0.16492517210952373
9900000	9949999	1.1072832127428573	0.9006641803857145	0.20661903235714285
9950000	9999999	1.1393501257000003	0.9006641803857145	0.23868594531428577
10000000	10049999	1.1538688329476194	0.9006641803857145	0.25320465256190494
10050000	10099999	1.1781737823571432	0.9006641803857145	0.2775096019714287
10100000	10149999	1.1961811233190478	0.9006641803857145	0.2955169429333333
10150000	10199999	1.2138331382857146	0.9006641803857145	0.3131689579000001
10200000	10249999	1.213276858819048	0.9006641803857145	0.3126126784333334
10250000	10299999	1.243747259709524	0.9006641803857145	0.34308307932380955
10300000	10349999	1.2753368596809527	0.9006641803857145	0.3746726792952382
10350000	10399999	1.2943166329619051	0.9006641803857145	0.39365245257619064
10400000	10449999	1.3085376467809526	0.9006641803857145	0.40787346639523814
10450000	10499999	1.317043924014286	0.9006641803857145	0.41637974362857144
10500000	10549999	1.3299748800285716	0.9006641803857145	0.42931069964285706
10550000	10599999	1.3304707814000003	0.9006641803857145	0.4298066010142858
10600000	10649999	1.337127898404762	0.9006641803857145	0.4364637180190476
10650000	10699999	1.3393919239380954	0.9006641803857145	0.43872774355238087
10700000	10749999	1.3297450586952384	0.9006641803857145	0.4290808783095239
10750000	10799999	1.3048507276000003	0.9006641803857145	0.4041865472142858
10800000	10849999	1.2758041529523811	0.9006641803857145	0.37513997256666665
10850000	10899999	1.2463281925857146	0.9006641803857145	0.3456640122000001
10900000	10949999	1.2085365237952383	0.9006641803857145	0.30787234340952385
10950000	10999999	1.1798573087809525	0.9006641803857145	0.279193128395238
11000000	11049999	1.1534737519571432	0.9006641803857145	0.2528095715714287
11050000	11099999	1.1425857801714288	0.9006641803857145	0.24192159978571426
11100000	11149999	1.1294709284809525	0.9006641803857145	0.22880674809523804
11150000	11199999	1.1155225892714287	0.9006641803857145	0.21485840888571417
11200000	11249999	1.0977422206190477	0.9006641803857145	0.1970780402333332
11250000	11299999	1.0912175142571432	0.9006641803857145	0.1905533338714287
11300000	11349999	1.0710723960666668	0.9006641803857145	0.17040821568095232
11350000	11399999	1.0370372497761906	0.9006641803857145	0.1363730693904761
11400000	11449999	1.0155894564000003	0.9006641803857145	0.11492527601428582
11450000	11499999	1.0043357565380955	0.9006641803857145	0.10367157615238098
11500000	11549999	0.9976761590761907	0.9006641803857145	0.09701197869047617
11550000	11599999	0.9799442952285716	0.9006641803857145	0.07928011484285713
11600000	11649999	0.977943989414286	0.9006641803857145	0.07727980902857146
11650000	11699999	0.974614330661905	0.9006641803857145	0.07395015027619045
11700000	11749999	0.9760501668809526	0.9006641803857145	0.07538598649523809
11750000	11799999	0.9774568017761907	0.9006641803857145	0.07679262139047616
11800000	11849999	0.9828327179761907	0.9006641803857145	0.08216853759047615
11850000	11899999	0.9961667570523812	0.9006641803857145	0.09550257666666673
11900000	11949999	1.0144445605714287	0.9006641803857145	0.11378038018571424
11950000	11999999	1.0065787530666668	0.9006641803857145	0.10591457268095228
12000000	12049999	1.0106796345095241	0.9006641803857145	0.11001545412380964
12050000	12099999	1.0459468523333335	0.9006641803857145	0.145282671947619
12100000	12149999	1.077017208904762	0.9006641803857145	0.17635302851904755
12150000	12199999	1.096768800214286	0.9006641803857145	0.1961046198285714
12200000	12249999	1.1249213736285717	0.9006641803857145	0.2242571932428572
12250000	12299999	1.154328842657143	0.9006641803857145	0.2536646622714285
12300000	12349999	1.1574195902476192	0.9006641803857145	0.2567554098619047
12350000	12399999	1.1724346105380954	0.9006641803857145	0.2717704301523809
12400000	12449999	1.1805373975809526	0.9006641803857145	0.27987321719523806
12450000	12499999	1.1979863644714288	0.9006641803857145	0.2973221840857143
12500000	12549999	1.210038403909524	0.9006641803857145	0.3093742235238095
12550000	12599999	1.2267200002809526	0.9006641803857145	0.32605581989523813
12600000	12649999	1.2369089424238098	0.9006641803857145	0.3362447620380953
12650000	12699999	1.2386445082571431	0.9006641803857145	0.3379803278714286
12700000	12749999	1.2336172045714289	0.9006641803857145	0.3329530241857144
12750000	12799999	1.2367192474904765	0.9006641803857145	0.33605506710476196
12800000	12849999	1.232629855157143	0.9006641803857145	0.3319656747714286
12850000	12899999	1.2303888965523813	0.9006641803857145	0.32972471616666676
12900000	12949999	1.2119547115095242	0.9006641803857145	0.31129053112380967
12950000	12999999	1.1873151399761908	0.9006641803857145	0.28665095959047626
13000000	13049999	1.1837891000952383	0.9006641803857145	0.2831249197095238
13050000	13099999	1.167868756257143	0.9006641803857145	0.26720457587142854
13100000	13149999	1.132047622404762	0.9006641803857145	0.23138344201904748
13150000	13199999	1.0888189117380955	0.9006641803857145	0.18815473135238103
13200000	13249999	1.0486775889190478	0.9006641803857145	0.14801340853333333
13250000	13299999	1.017329362357143	0.9006641803857145	0.11666518197142861
13300000	13349999	0.9880867954809526	0.9006641803857145	0.08742261509523808
13350000	13399999	0.9765813934571431	0.9006641803857145	0.07591721307142862
13400000	13449999	0.9641339671142859	0.9006641803857145	0.0634697867285714
13450000	13499999	0.9504269938857145	0.9006641803857145	0.0497628135
13500000	13549999	0.9337123870285716	0.9006641803857145	0.033048206642857125
13550000	13599999	0.926583062157143	0.9006641803857145	0.025918881771428537
13600000	13649999	0.9140221944761907	0.9006641803857145	0.013358014090476211
13650000	13699999	0.9085888211380955	0.9006641803857145	0.007924640752380974
13700000	13749999	0.9156348720238098	0.9006641803857145	0.01497069163809528
13750000	13799999	0.9335473832904764	0.9006641803857145	0.03288320290476188
13800000	13849999	0.9279387240190479	0.9006641803857145	0.02727454363333337
13850000	13899999	0.9377282024190479	0.9006641803857145	0.037064022033333366
13900000	13949999	0.9264311442380955	0.9006641803857145	0.025766963852380975
13950000	13999999	0.9327667050095241	0.9006641803857145	0.03210252462380958
14000000	14049999	0.9333863308190479	0.9006641803857145	0.032722150433333375
14050000	14099999	0.9367465001285716	0.9006641803857145	0.03608231974285714
14100000	14149999	0.9440160195523811	0.9006641803857145	0.04335183916666663
14150000	14199999	0.961545871509524	0.9006641803857145	0.06088169112380948
14200000	14249999	0.9818238020809527	0.9006641803857145	0.08115962169523816
14250000	14299999	1.0129914319476192	0.9006641803857145	0.1123272515619047
14300000	14349999	1.0292739481904765	0.9006641803857145	0.12860976780476197
14350000	14399999	1.035625163561905	0.9006641803857145	0.13496098317619043
14400000	14449999	1.0426886917190479	0.9006641803857145	0.14202451133333338
14450000	14499999	1.0440407405904764	0.9006641803857145	0.14337656020476186
14500000	14549999	1.0561010668428574	0.9006641803857145	0.15543688645714293
14550000	14599999	1.0477252650428575	0.9006641803857145	0.14706108465714296
14600000	14649999	1.0378365458952383	0.9006641803857145	0.13717236550952383
14650000	14699999	1.0364407705714287	0.9006641803857145	0.1357765901857142
14700000	14749999	1.0362203408000001	0.9006641803857145	0.13555616041428564
14750000	14799999	1.0111527768428574	0.9006641803857145	0.11048859645714293
14800000	14849999	1.001408106914286	0.9006641803857145	0.10074392652857145
14850000	14899999	0.9774850567238097	0.9006641803857145	0.0768208763380952
14900000	14949999	0.9728209978285717	0.9006641803857145	0.07215681744285718
14950000	14999999	0.9780454123952383	0.9006641803857145	0.07738123200952385
15000000	15049999	0.9691921761809525	0.9006641803857145	0.06852799579523805
15050000	15099999	0.9605818351333335	0.9006641803857145	0.05991765474761901
15100000	15149999	0.9566190635761906	0.9006641803857145	0.055954883190476146
15150000	15199999	0.9527602082190478	0.9006641803857145	0.052096027833333336
15200000	15249999	0.9356919968428573	0.9006641803857145	0.03502781645714281
15250000	15299999	0.9226739243380955	0.9006641803857145	0.022009743952380978
15300000	15349999	0.8947412814190479	0.9006641803857145	-0.005922898966666645
15350000	15399999	0.8745429273476193	0.9006641803857145	-0.026121253038095205
15400000	15449999	0.8525787754047621	0.9006641803857145	-0.04808540498095237
15450000	15499999	0.8495852131142859	0.9006641803857145	-0.05107896727142858
15500000	15549999	0.8412627875047621	0.9006641803857145	-0.059401392880952364
15550000	15599999	0.833412562657143	0.9006641803857145	-0.06725161772857147
15600000	15649999	0.8349499771904764	0.9006641803857145	-0.06571420319523813
15650000	15699999	0.8359913054380954	0.9006641803857145	-0.06467287494761909
15700000	15749999	0.8313963420190478	0.9006641803857145	-0.06926783836666672
15750000	15799999	0.8201004706571431	0.9006641803857145	-0.08056370972857141
15800000	15849999	0.8300809245904763	0.9006641803857145	-0.07058325579523816
15850000	15899999	0.8310439329952383	0.9006641803857145	-0.06962024739047623
15900000	15949999	0.8509380753904764	0.9006641803857145	-0.04972610499523811
15950000	15999999	0.8700217710380954	0.9006641803857145	-0.030642409347619082
16000000	16049999	0.8664327119904764	0.9006641803857145	-0.03423146839523805
16050000	16099999	0.8871400202428573	0.9006641803857145	-0.013524160142857178
16100000	16149999	0.8934948596380955	0.9006641803857145	-0.007169320747619001
16150000	16199999	0.8975411364904764	0.9006641803857145	-0.003123043895238098
16200000	16249999	0.892383166714286	0.9006641803857145	-0.008281013671428528
16250000	16299999	0.8937459316571431	0.9006641803857145	-0.006918248728571386
16300000	16349999	0.889869773309524	0.9006641803857145	-0.010794407076190504
16350000	16399999	0.8920375470238098	0.9006641803857145	-0.008626633361904723
16400000	16449999	0.8947587113190478	0.9006641803857145	-0.005905469066666669
16450000	16499999	0.9080075398571431	0.9006641803857145	0.007343359471428612
16500000	16549999	0.9024223455571431	0.9006641803857145	0.0017581651714285718
16550000	16599999	0.9042508224285717	0.9006641803857145	0.003586642042857191
16600000	16649999	0.9053133569285716	0.9006641803857145	0.004649176542857125
16650000	16699999	0.9146637068952383	0.9006641803857145	0.013999526509523852
16700000	16749999	0.910745036514286	0.9006641803857145	0.010080856128571458
16750000	16799999	0.9129709091571431	0.9006641803857145	0.012306728771428577
16800000	16849999	0.9129400717047621	0.9006641803857145	0.012275891319047605
16850000	16899999	0.9058483118952383	0.9006641803857145	0.005184131509523793
16900000	16949999	0.9031117585666669	0.9006641803857145	0.0024475781809524255
16950000	16999999	0.8970964422666668	0.9006641803857145	-0.0035677381190476476
17000000	17049999	0.9506249232476193	0.9006641803857145	0.04996074286190477
17050000	17099999	0.9088418537523811	0.9006641803857145	0.008177673366666638
17100000	17149999	0.8972865645047621	0.9006641803857145	-0.0033776158809524226
17150000	17199999	0.8988441396238097	0.9006641803857145	-0.0018200407619047843
17200000	17249999	0.8957477440190479	0.9006641803857145	-0.00491643636666661
17250000	17299999	0.8851591169523811	0.9006641803857145	-0.015505063433333355
17300000	17349999	0.8924698196000002	0.9006641803857145	-0.008194360785714339
17350000	17399999	0.8978033550904764	0.9006641803857145	-0.002860825295238123
17400000	17449999	0.905337394409524	0.9006641803857145	0.004673214023809491
17450000	17499999	0.9119386352666669	0.9006641803857145	0.011274454880952356
17500000	17549999	0.9207602612857145	0.9006641803857145	0.020096080900000035
17550000	17599999	0.9275266173761907	0.9006641803857145	0.02686243699047619
17600000	17649999	0.9312756047047621	0.9006641803857145	0.03061142431904762
17650000	17699999	0.9322363097809526	0.9006641803857145	0.031572129395238124
17700000	17749999	0.9427675313571431	0.9006641803857145	0.04210335097142859
17750000	17799999	0.9399131020619049	0.9006641803857145	0.03924892167619043
17800000	17849999	0.9415095820523811	0.9006641803857145	0.040845401666666614
17850000	17899999	0.9489329355904764	0.9006641803857145	0.048268755204761926
17900000	17949999	0.960994302457143	0.9006641803857145	0.060330122071428516
17950000	17999999	0.9536055819714288	0.9006641803857145	0.052941401585714254
18000000	18049999	0.9474792977047621	0.9006641803857145	0.04681511731904764
18050000	18099999	0.8856964409857145	0.9006641803857145	-0.014967739399999958
18100000	18149999	0.9392311339238097	0.9006641803857145	0.03856695353809525
18150000	18199999	0.944667593757143	0.9006641803857145	0.044003413371428546
18200000	18249999	0.9531660989904764	0.9006641803857145	0.052501918604761943
18250000	18299999	0.9712891187428574	0.9006641803857145	0.0706249383571429
18300000	18349999	0.9977412369047621	0.9006641803857145	0.09707705651904763
18350000	18399999	1.0084279645428573	0.9006641803857145	0.10776378415714283
18400000	18449999	1.0206173233666669	0.9006641803857145	0.11995314298095239
18450000	18499999	1.033275652966667	0.9006641803857145	0.1326114725809524
18500000	18549999	1.0415413847904764	0.9006641803857145	0.14087720440476192
18550000	18599999	1.0463869469952383	0.9006641803857145	0.14572276660952377
18600000	18649999	1.0608855452238097	0.9006641803857145	0.16022136483809524
18650000	18699999	1.063456693261905	0.9006641803857145	0.16279251287619045
18700000	18749999	1.0830390628095241	0.9006641803857145	0.18237488242380961
18750000	18799999	1.0771962787333336	0.9006641803857145	0.17653209834761907
18800000	18849999	1.0927030048428574	0.9006641803857145	0.19203882445714293
18850000	18899999	1.1049348835857145	0.9006641803857145	0.20427070319999996
18900000	18949999	1.111366011709524	0.9006641803857145	0.2107018313238096
18950000	18999999	1.1247011097285715	0.9006641803857145	0.22403692934285702
19000000	19049999	1.1267264192714288	0.9006641803857145	0.2260622388857143
19050000	19099999	1.1445031059476192	0.9006641803857145	0.24383892556190467
19100000	19149999	1.147925430166667	0.9006641803857145	0.24726124978095254
19150000	19199999	1.146741443457143	0.9006641803857145	0.24607726307142852
19200000	19249999	1.1496212279238098	0.9006641803857145	0.24895704753809533
19250000	19299999	1.1444632100809526	0.9006641803857145	0.24379902969523815
19300000	19349999	1.1310711950476193	0.9006641803857145	0.23040701466190483
19350000	19399999	1.1276450665571431	0.9006641803857145	0.22698088617142864
19400000	19449999	1.1287821044761908	0.9006641803857145	0.22811792409047627
19450000	19499999	1.1163397764428573	0.9006641803857145	0.21567559605714282
19500000	19549999	1.1103661243857146	0.9006641803857145	0.20970194400000008
19550000	19599999	1.0965184916428574	0.9006641803857145	0.19585431125714292
19600000	19649999	1.0850190892238099	0.9006641803857145	0.18435490883809535
19650000	19699999	1.071669731219048	0.9006641803857145	0.17100555083333346
19700000	19749999	1.0737953371476192	0.9006641803857145	0.17313115676190471
19750000	19799999	1.0593451263952383	0.9006641803857145	0.15868094600952376
19800000	19849999	1.049748881866667	0.9006641803857145	0.14908470148095243
19850000	19899999	1.0495526675952385	0.9006641803857145	0.14888848720952397
19900000	19949999	1.039581858114286	0.9006641803857145	0.13891767772857144
19950000	19999999	1.0483171123714288	0.9006641803857145	0.14765293198571428
20000000	20049999	1.0353731137523812	0.9006641803857145	0.13470893336666667
20050000	20099999	1.043103592819048	0.9006641803857145	0.14243941243333347
20100000	20149999	1.0200042714523812	0.9006641803857145	0.11934009106666665
20150000	20199999	1.0101633954238098	0.9006641803857145	0.10949921503809534
20200000	20249999	1.0158511000857144	0.9006641803857145	0.11518691969999995
20250000	20299999	1.0016368466761907	0.9006641803857145	0.10097266629047619
20300000	20349999	1.0103318414857145	0.9006641803857145	0.10966766110000004
20350000	20399999	1.0217363131285717	0.9006641803857145	0.12107213274285722
20400000	20449999	1.0258261568047622	0.9006641803857145	0.1251619764190477
20450000	20499999	1.0165126521428574	0.9006641803857145	0.11584847175714286
20500000	20549999	1.0200543102238098	0.9006641803857145	0.11939012983809527
20550000	20599999	1.0189044013666668	0.9006641803857145	0.11824022098095233
20600000	20649999	1.0099942612714288	0.9006641803857145	0.10933008088571428
20650000	20699999	1.0188051669333336	0.9006641803857145	0.11814098654761906
20700000	20749999	1.0197993195857145	0.9006641803857145	0.11913513919999996
20750000	20799999	1.0215221210380954	0.9006641803857145	0.12085794065238087
20800000	20849999	1.0982408638904764	0.9006641803857145	0.19757668350476187
20850000	20899999	1.1355708560142859	0.9006641803857145	0.23490667562857137
20900000	20949999	1.1447199091904765	0.9006641803857145	0.244055728804762
20950000	20999999	1.2627537053523812	0.9006641803857145	0.3620895249666667
21000000	21049999	1.2860789278666669	0.9006641803857145	0.3854147474809524
21050000	21099999	1.3023385903761906	0.9006641803857145	0.4016744099904761
21100000	21149999	1.2929113174238096	0.9006641803857145	0.3922471370380951
21150000	21199999	1.306131634761905	0.9006641803857145	0.4054674543761905
21200000	21249999	1.309160642866667	0.9006641803857145	0.4084964624809524
21250000	21299999	1.307762142161905	0.9006641803857145	0.4070979617761905
21300000	21349999	1.3328525141714287	0.9006641803857145	0.4321883337857142
21350000	21399999	1.3297680074476192	0.9006641803857145	0.42910382706190475
21400000	21449999	1.317854964104762	0.9006641803857145	0.4171907837190476
21450000	21499999	1.3328700674809526	0.9006641803857145	0.4322058870952381
21500000	21549999	1.3256061769761907	0.9006641803857145	0.42494199659047616
21550000	21599999	1.3201805624428573	0.9006641803857145	0.4195163820571428
21600000	21649999	1.3092509010666669	0.9006641803857145	0.40858672068095236
21650000	21699999	1.321326918114286	0.9006641803857145	0.42066273772857143
21700000	21749999	1.311335696809524	0.9006641803857145	0.4106715164238095
21750000	21799999	1.305843788804762	0.9006641803857145	0.40517960841904754
21800000	21849999	1.2929619661761906	0.9006641803857145	0.39229778579047614
21850000	21899999	1.2126208272476193	0.9006641803857145	0.31195664686190483
21900000	21949999	1.2116648990285717	0.9006641803857145	0.31100071864285717
21950000	21999999	1.2104536697904764	0.9006641803857145	0.3097894894047619
22000000	22049999	1.103670199566667	0.9006641803857145	0.2030060191809524
22050000	22099999	1.0757910875857144	0.9006641803857145	0.1751269071999999
22100000	22149999	1.0628974257666668	0.9006641803857145	0.1622332453809523
22150000	22199999	1.0718468416523812	0.9006641803857145	0.1711826612666667
22200000	22249999	1.075289701457143	0.9006641803857145	0.17462552107142848
22250000	22299999	1.0713912552238098	0.9006641803857145	0.17072707483809535
22300000	22349999	1.0581132220238096	0.9006641803857145	0.15744904163809514
22350000	22399999	1.0560673512190477	0.9006641803857145	0.15540317083333322
22400000	22449999	1.0497734250952382	0.9006641803857145	0.1491092447095237
22450000	22499999	1.0587448637952384	0.9006641803857145	0.15808068340952386
22500000	22549999	1.042239157809524	0.9006641803857145	0.14157497742380953
22550000	22599999	1.044914264161905	0.9006641803857145	0.14425008377619042
22600000	22649999	1.052892274109524	0.9006641803857145	0.1522280937238094
22650000	22699999	1.054095630814286	0.9006641803857145	0.15343145042857143
22700000	22749999	1.050288965766667	0.9006641803857145	0.14962478538095247
22750000	22799999	1.0645628238476192	0.9006641803857145	0.16389864346190475
22800000	22849999	1.0723433332523813	0.9006641803857145	0.1716791528666668
22850000	22899999	1.072823884904762	0.9006641803857145	0.1721597045190475
22900000	22949999	1.0677629224380953	0.9006641803857145	0.16709874205238084
22950000	22999999	1.0520210641333336	0.9006641803857145	0.15135688374761913
23000000	23049999	1.0266286308857144	0.9006641803857145	0.12596445049999994
23050000	23099999	1.0136510492238098	0.9006641803857145	0.11298686883809528
23100000	23149999	0.9949942657095241	0.9006641803857145	0.0943300853238096
23150000	23199999	0.9855736080809526	0.9006641803857145	0.08490942769523813
23200000	23249999	0.9865102487333336	0.9006641803857145	0.0858460683476191
23250000	23299999	0.9951168640285716	0.9006641803857145	0.09445268364285708
23300000	23349999	0.9840104709047621	0.9006641803857145	0.08334629051904763
23350000	23399999	0.9784405696047621	0.9006641803857145	0.07777638921904761
23400000	23449999	0.9650813620333335	0.9006641803857145	0.064417181647619
23450000	23499999	0.9687161813904764	0.9006641803857145	0.06805200100476194
23500000	23549999	0.9623648714380955	0.9006641803857145	0.06170069105238096
23550000	23599999	0.9523968311000002	0.9006641803857145	0.05173265071428568
23600000	23649999	0.9456479357476193	0.9006641803857145	0.0449837553619048
23650000	23699999	0.9421409212476193	0.9006641803857145	0.04147674086190478
23700000	23749999	0.9523987374142859	0.9006641803857145	0.05173455702857144
23750000	23799999	0.9633199574904764	0.9006641803857145	0.06265577710476189
23800000	23849999	0.9443643009285716	0.9006641803857145	0.0437001205428571
23850000	23899999	0.9293462553714288	0.9006641803857145	0.02868207498571429
23900000	23949999	0.9408881340238098	0.9006641803857145	0.04022395363809528
23950000	23999999	0.9465808710047621	0.9006641803857145	0.04591669061904757
24000000	24049999	0.950961594809524	0.9006641803857145	0.05029741442380953
24050000	24099999	0.9743528136809526	0.9006641803857145	0.07368863329523812
24100000	24149999	0.9857161728476193	0.9006641803857145	0.08505199246190476
24150000	24199999	0.9970904424428574	0.9006641803857145	0.09642626205714289
24200000	24249999	1.001166134866667	0.9006641803857145	0.10050195448095245
24250000	24299999	1.0011307550047621	0.9006641803857145	0.10046657461904762
24300000	24349999	1.0015586785285717	0.9006641803857145	0.10089449814285723
24350000	24399999	1.003439707757143	0.9006641803857145	0.10277552737142859
24400000	24449999	1.0135183836857145	0.9006641803857145	0.11285420329999996
24450000	24499999	1.0211765274714288	0.9006641803857145	0.12051234708571434
24500000	24549999	1.021657546409524	0.9006641803857145	0.12099336602380961
24550000	24599999	1.023664406757143	0.9006641803857145	0.12300022637142849
24600000	24649999	1.0196804885666668	0.9006641803857145	0.11901630818095232
24650000	24699999	1.0221410092476193	0.9006641803857145	0.1214768288619048
24700000	24749999	1.0237197010809527	0.9006641803857145	0.12305552069523817
24750000	24799999	1.0254643001952384	0.9006641803857145	0.12480011980952388
24800000	24849999	1.0216659802761907	0.9006641803857145	0.12100179989047621
24850000	24899999	1.0322963302000001	0.9006641803857145	0.13163214981428562
24900000	24949999	1.036951827557143	0.9006641803857145	0.1362876471714285
24950000	24999999	1.033508200714286	0.9006641803857145	0.13284402032857145
25000000	25049999	1.030259073061905	0.9006641803857145	0.1295948926761905
25050000	25099999	1.0167402486000001	0.9006641803857145	0.11607606821428562
25100000	25149999	1.006911518004762	0.9006641803857145	0.10624733761904759
25150000	25199999	1.000336876214286	0.9006641803857145	0.09967269582857141
25200000	25249999	0.9942761294285716	0.9006641803857145	0.09361194904285708
25250000	25299999	1.0007727859857145	0.9006641803857145	0.10010860560000001
25300000	25349999	0.9912514636809526	0.9006641803857145	0.09058728329523813
25350000	25399999	0.9763952799000002	0.9006641803857145	0.0757310995142857
25400000	25449999	0.9833564452047621	0.9006641803857145	0.08269226481904757
25450000	25499999	0.9857852689857145	0.9006641803857145	0.0851210886
25500000	25549999	0.9888360946285716	0.9006641803857145	0.08817191424285709
25550000	25599999	0.9980481794571431	0.9006641803857145	0.09738399907142858
25600000	25649999	0.9962113905476192	0.9006641803857145	0.0955472101619047
25650000	25699999	1.004083019609524	0.9006641803857145	0.10341883922380957
25700000	25749999	0.9869955459428573	0.9006641803857145	0.08633136555714283
25750000	25799999	0.9917229223238098	0.9006641803857145	0.09105874193809527
25800000	25849999	0.9822014774952383	0.9006641803857145	0.08153729710952384
25850000	25899999	0.9758514685571431	0.9006641803857145	0.07518728817142861
25900000	25949999	0.9681240863190478	0.9006641803857145	0.06745990593333329
25950000	25999999	0.9584741923000002	0.9006641803857145	0.0578100119142857
26000000	26049999	0.9605172181000002	0.9006641803857145	0.05985303771428574
26050000	26099999	0.9636319206380954	0.9006641803857145	0.06296774025238094
26100000	26149999	0.9669521460857144	0.9006641803857145	0.06628796569999995
26150000	26199999	0.9766277425761907	0.9006641803857145	0.07596356219047617
26200000	26249999	0.980032047909524	0.9006641803857145	0.07936786752380953
26250000	26299999	0.9860984328523812	0.9006641803857145	0.0854342524666667
26300000	26349999	0.9871517445904764	0.9006641803857145	0.08648756420476189
26350000	26399999	1.0016632343380953	0.9006641803857145	0.10099905395238085
26400000	26449999	1.0064273076714287	0.9006641803857145	0.10576312728571424
26450000	26499999	1.0132438781476192	0.9006641803857145	0.11257969776190468
26500000	26549999	1.0195338837380954	0.9006641803857145	0.1188697033523809
26550000	26599999	1.0159017994952384	0.9006641803857145	0.1152376191095239
26600000	26649999	1.0206912310047622	0.9006641803857145	0.12002705061904773
26650000	26699999	1.028563040061905	0.9006641803857145	0.12789885967619052
26700000	26749999	1.0401346235809525	0.9006641803857145	0.13947044319523805
26750000	26799999	1.070611608209524	0.9006641803857145	0.16994742782380956
26800000	26849999	1.0798440178571431	0.9006641803857145	0.17917983747142863
26850000	26899999	1.1126909030238097	0.9006641803857145	0.2120267226380952
26900000	26949999	1.1268917926142858	0.9006641803857145	0.22622761222857135
26950000	26999999	1.144580138566667	0.9006641803857145	0.24391595818095246
27000000	27049999	1.1654861666428573	0.9006641803857145	0.2648219862571428
27050000	27099999	1.1776738451285715	0.9006641803857145	0.27700966474285704
27100000	27149999	1.1727997983952383	0.9006641803857145	0.2721356180095238
27150000	27199999	1.1659085849571431	0.9006641803857145	0.2652444045714286
27200000	27249999	1.1571708850428573	0.9006641803857145	0.25650670465714276
27250000	27299999	1.1507537406714288	0.9006641803857145	0.2500895602857143
27300000	27349999	1.159737715466667	0.9006641803857145	0.25907353508095254
27350000	27399999	1.1487032995047621	0.9006641803857145	0.24803911911904764
27400000	27449999	1.1436108184285716	0.9006641803857145	0.2429466380428571
27450000	27499999	1.1529277055952383	0.9006641803857145	0.2522635252095238
27500000	27549999	1.1449855052000002	0.9006641803857145	0.2443213248142857
27550000	27599999	1.1437953260523812	0.9006641803857145	0.24313114566666671
27600000	27649999	1.149135806661905	0.9006641803857145	0.24847162627619057
27650000	27699999	1.1306007368190478	0.9006641803857145	0.22993655643333333
27700000	27749999	1.1306885424142858	0.9006641803857145	0.23002436202857135
27750000	27799999	1.1258383152285716	0.9006641803857145	0.2251741348428571
27800000	27849999	1.124574682109524	0.9006641803857145	0.22391050172380944
27850000	27899999	1.112377584061905	0.9006641803857145	0.21171340367619051
27900000	27949999	1.0851719091809526	0.9006641803857145	0.18450772879523814
27950000	27999999	1.0955030863285717	0.9006641803857145	0.19483890594285724
28000000	28049999	1.0908962802761906	0.9006641803857145	0.19023209989047607
28050000	28099999	1.0896454759190477	0.9006641803857145	0.1889812955333332
28100000	28149999	1.0908894912571432	0.9006641803857145	0.1902253108714287
28150000	28199999	1.1039969300904764	0.9006641803857145	0.2033327497047619
28200000	28249999	1.1241601677380955	0.9006641803857145	0.22349598735238096
28250000	28299999	1.1277778348857146	0.9006641803857145	0.2271136545000001
28300000	28349999	1.1388205538809526	0.9006641803857145	0.2381563734952381
28350000	28399999	1.154850993909524	0.9006641803857145	0.25418681352380945
28400000	28449999	1.173262850461905	0.9006641803857145	0.27259867007619043
28450000	28499999	1.185287038209524	0.9006641803857145	0.28462285782380947
28500000	28549999	1.2119573809952382	0.9006641803857145	0.3112932006095237
28550000	28599999	1.2357926539714288	0.9006641803857145	0.3351284735857143
28600000	28649999	1.2546901446333336	0.9006641803857145	0.3540259642476191
28650000	28699999	1.261253898252381	0.9006641803857145	0.3605897178666666
28700000	28749999	1.285867312114286	0.9006641803857145	0.38520313172857157
28750000	28799999	1.2931320659857146	0.9006641803857145	0.3924678856000001
28800000	28849999	1.2913129450666667	0.9006641803857145	0.3906487646809522
28850000	28899999	1.3012773441714287	0.9006641803857145	0.4006131637857142
28900000	28949999	1.3098806927047622	0.9006641803857145	0.40921651231904765
28950000	28999999	1.3238814928190479	0.9006641803857145	0.4232173124333334
29000000	29049999	1.3190762252476191	0.9006641803857145	0.41841204486190464
29050000	29099999	1.3224960380428574	0.9006641803857145	0.42183185765714293
29100000	29149999	1.3301491981476192	0.9006641803857145	0.42948501776190473
29150000	29199999	1.3268034192238098	0.9006641803857145	0.42613923883809535
29200000	29249999	1.3341185416333334	0.9006641803857145	0.43345436124761894
29250000	29299999	1.3273777681238097	0.9006641803857145	0.4267135877380952
29300000	29349999	1.3360765625333335	0.9006641803857145	0.435412382147619
29350000	29399999	1.342678340514286	0.9006641803857145	0.4420141601285714
29400000	29449999	1.3322097694476192	0.9006641803857145	0.43154558906190466
29450000	29499999	1.3304900989285717	0.9006641803857145	0.42982591854285723
29500000	29549999	1.3165180930380953	0.9006641803857145	0.4158539126523808
29550000	29599999	1.2972286737857144	0.9006641803857145	0.3965644933999999
29600000	29649999	1.2834523577000003	0.9006641803857145	0.3827881773142858
29650000	29699999	1.265241616566667	0.9006641803857145	0.3645774361809524
29700000	29749999	1.2580982770952382	0.9006641803857145	0.35743409670952375
29750000	29799999	1.2454005221857143	0.9006641803857145	0.3447363417999998
29800000	29849999	1.2409186607285716	0.9006641803857145	0.3402544803428571
29850000	29899999	1.239467425309524	0.9006641803857145	0.3388032449238094
29900000	29949999	1.2284122420952384	0.9006641803857145	0.32774806170952386
29950000	29999999	1.2135699892238097	0.9006641803857145	0.31290580883809516
30000000	30049999	1.2090326673952383	0.9006641803857145	0.3083684870095238
30050000	30099999	1.1964223278476194	0.9006641803857145	0.2957581474619049
30100000	30149999	1.1962851529904763	0.9006641803857145	0.29562097260476183
30150000	30199999	1.1809321844523812	0.9006641803857145	0.28026800406666674
30200000	30249999	1.1705485977190477	0.9006641803857145	0.26988441733333324
30250000	30299999	1.160434133057143	0.9006641803857145	0.25976995267142855
30300000	30349999	1.1447778551285717	0.9006641803857145	0.24411367474285717
30350000	30399999	1.129271843614286	0.9006641803857145	0.2286076632285714
30400000	30449999	1.1142349303857144	0.9006641803857145	0.21357074999999992
30450000	30499999	1.0963265312666668	0.9006641803857145	0.1956623508809523
30500000	30549999	1.0757653978000001	0.9006641803857145	0.17510121741428564
30550000	30599999	1.0729968440047621	0.9006641803857145	0.17233266361904764
30600000	30649999	1.054986800061905	0.9006641803857145	0.15432261967619043
30650000	30699999	1.0492528636809526	0.9006641803857145	0.1485886832952381
30700000	30749999	1.0424234365809526	0.9006641803857145	0.1417592561952381
30750000	30799999	1.0539653398619049	0.9006641803857145	0.15330115947619039
30800000	30849999	1.0789448823285717	0.9006641803857145	0.17828070194285717
30850000	30899999	1.0693323143000002	0.9006641803857145	0.1686681339142857
30900000	30949999	1.0966807900666669	0.9006641803857145	0.19601660968095236
30950000	30999999	1.1194905992047621	0.9006641803857145	0.21882641881904763
31000000	31049999	1.1365761337476192	0.9006641803857145	0.23591195336190474
31050000	31099999	1.1348678789809528	0.9006641803857145	0.23420369859523826
31100000	31149999	1.1367203818904763	0.9006641803857145	0.2360562015047618
31150000	31199999	1.1283896836380956	0.9006641803857145	0.22772550325238106
31200000	31249999	1.1310033539523812	0.9006641803857145	0.23033917356666667
31250000	31299999	1.1239632231761907	0.9006641803857145	0.2232990427904762
31300000	31349999	1.126276062114286	0.9006641803857145	0.2256118817285715
31350000	31399999	1.1252229857476193	0.9006641803857145	0.22455880536190476
31400000	31449999	1.133170687366667	0.9006641803857145	0.23250650698095243
31450000	31499999	1.1426533120428575	0.9006641803857145	0.24198913165714298
31500000	31549999	1.1440495128952384	0.9006641803857145	0.24338533250952388
31550000	31599999	1.1605265400714289	0.9006641803857145	0.25986235968571436
31600000	31649999	1.1752818474285716	0.9006641803857145	0.27461766704285706
31650000	31699999	1.1943633523380954	0.9006641803857145	0.29369917195238093
31700000	31749999	1.1960100821333337	0.9006641803857145	0.2953459017476192
31750000	31799999	1.2211522682047622	0.9006641803857145	0.3204880878190477
31800000	31849999	1.218338208009524	0.9006641803857145	0.3176740276238095
31850000	31899999	1.2181706195523812	0.9006641803857145	0.31750643916666665
31900000	31949999	1.2395502414428574	0.9006641803857145	0.3388860610571429
31950000	31999999	1.2219395400476194	0.9006641803857145	0.3212753596619049
32000000	32049999	1.1984082337333335	0.9006641803857145	0.297744053347619
32050000	32099999	1.1956049746666668	0.9006641803857145	0.2949407942809523
32100000	32149999	1.1992974629428574	0.9006641803857145	0.29863328255714294
32150000	32199999	1.1904872752571432	0.9006641803857145	0.28982309487142865
32200000	32249999	1.1802003769428573	0.9006641803857145	0.2795361965571428
32250000	32299999	1.1725242072047621	0.9006641803857145	0.27186002681904764
32300000	32349999	1.1655241095904763	0.9006641803857145	0.26485992920476176
32350000	32399999	1.1643459450428573	0.9006641803857145	0.26368176465714277
32400000	32449999	1.1614930188476191	0.9006641803857145	0.26082883846190463
32450000	32499999	1.1572661055095241	0.9006641803857145	0.25660192512380964
32500000	32549999	1.1411000657761907	0.9006641803857145	0.24043588539047622
32550000	32599999	1.1371085187190477	0.9006641803857145	0.23644433833333323
32600000	32649999	1.1203338423380953	0.9006641803857145	0.2196696619523808
32650000	32699999	1.1154246831238097	0.9006641803857145	0.21476050273809522
32700000	32749999	1.0952638889190478	0.9006641803857145	0.1945997085333333
32750000	32799999	1.0942384592952383	0.9006641803857145	0.19357427890952383
32800000	32849999	1.0698366977476192	0.9006641803857145	0.16917251736190475
32850000	32899999	1.0528592643238097	0.9006641803857145	0.15219508393809522
32900000	32949999	1.032329115157143	0.9006641803857145	0.1316649347714285
32950000	32999999	1.0325740098857144	0.9006641803857145	0.13190982949999985
33000000	33049999	1.0166025806285717	0.9006641803857145	0.11593840024285718
33050000	33099999	1.0128129667238097	0.9006641803857145	0.11214878633809522
33100000	33149999	1.0153445570238098	0.9006641803857145	0.11468037663809527
33150000	33199999	1.0101419934666669	0.9006641803857145	0.10947781308095239
33200000	33249999	1.0221843271142859	0.9006641803857145	0.12152014672857137
33250000	33299999	1.0344460878619048	0.9006641803857145	0.13378190747619034
33300000	33349999	1.0559976921666667	0.9006641803857145	0.15533351178095223
33350000	33399999	1.0678864477333336	0.9006641803857145	0.16722226734761914
33400000	33449999	1.057738679261905	0.9006641803857145	0.15707449887619052
33450000	33499999	1.077731676409524	0.9006641803857145	0.17706749602380945
33500000	33549999	1.0930594204047621	0.9006641803857145	0.19239524001904762
33550000	33599999	1.1188744060809526	0.9006641803857145	0.21821022569523807
33600000	33649999	1.162711246314286	0.9006641803857145	0.2620470659285714
33650000	33699999	1.4359458885523813	0.9006641803857145	0.5352817081666668
33700000	33749999	1.520905269204762	0.9006641803857145	0.6202410888190475
33750000	33799999	1.561280902304762	0.9006641803857145	0.6606167219190475
33800000	33849999	1.574131924114286	0.9006641803857145	0.6734677437285714
33850000	33899999	1.6009582815190477	0.9006641803857145	0.7002941011333332
33900000	33949999	1.6148850262761907	0.9006641803857145	0.7142208458904762
33950000	33999999	1.6106524826000004	0.9006641803857145	0.7099883022142859
34000000	34049999	1.6129773920285717	0.9006641803857145	0.7123132116428572
34050000	34099999	1.6362557577904764	0.9006641803857145	0.7355915774047619
34100000	34149999	1.6616158845809526	0.9006641803857145	0.760951704195238
34150000	34199999	1.6647767277333338	0.9006641803857145	0.7641125473476194
34200000	34249999	1.6731517564285716	0.9006641803857145	0.7724875760428571
34250000	34299999	1.6749326392761907	0.9006641803857145	0.7742684588904762
34300000	34349999	1.6903628847904764	0.9006641803857145	0.7896987044047619
34350000	34399999	1.7135388945714287	0.9006641803857145	0.8128747141857142
34400000	34449999	1.747511659009524	0.9006641803857145	0.8468474786238096
34450000	34499999	1.7735855551190478	0.9006641803857145	0.8729213747333333
34500000	34549999	1.759058821904762	0.9006641803857145	0.8583946415190475
34550000	34599999	1.7469903621476195	0.9006641803857145	0.846326181761905
34600000	34649999	1.7141988465380957	0.9006641803857145	0.8135346661523812
34650000	34699999	1.6757613259238098	0.9006641803857145	0.7750971455380953
34700000	34749999	1.413369370904762	0.9006641803857145	0.5127051905190474
34750000	34799999	1.3222743096952383	0.9006641803857145	0.4216101293095238
34800000	34849999	1.2758365621428573	0.9006641803857145	0.37517238175714285
34850000	34899999	1.2507979366190478	0.9006641803857145	0.3501337562333333
34900000	34949999	1.2258178917190479	0.9006641803857145	0.3251537113333334
34950000	34999999	1.1999719906190478	0.9006641803857145	0.2993078102333333
35000000	35049999	1.1840707882714288	0.9006641803857145	0.28340660788571426
35050000	35099999	1.1514236257619048	0.9006641803857145	0.2507594453761903
35100000	35149999	1.133262646061905	0.9006641803857145	0.23259846567619058
35150000	35199999	1.114400282157143	0.9006641803857145	0.21373610177142854
35200000	35249999	1.0944530764714289	0.9006641803857145	0.19378889608571437
35250000	35299999	1.0898679774571431	0.9006641803857145	0.18920379707142865
35300000	35349999	1.0811594183285718	0.9006641803857145	0.18049523794285727
35350000	35399999	1.0617419237285717	0.9006641803857145	0.16107774334285718
35400000	35449999	1.018486381819048	0.9006641803857145	0.11782220143333344
35450000	35499999	0.9905721392714288	0.9006641803857145	0.08990795888571435
35500000	35549999	0.9716475643238097	0.9006641803857145	0.07098338393809522
35550000	35599999	0.9983888506952383	0.9006641803857145	0.09772467030952381
35600000	35649999	1.0387079208476193	0.9006641803857145	0.13804374046190482
35650000	35699999	1.070924260666667	0.9006641803857145	0.1702600802809524
35700000	35749999	1.1141809509952383	0.9006641803857145	0.2135167706095238
35750000	35799999	1.1421899889333336	0.9006641803857145	0.24152580854761907
35800000	35849999	1.1624758532952382	0.9006641803857145	0.2618116729095237
35850000	35899999	1.1776401209333334	0.9006641803857145	0.27697594054761887
35900000	35949999	1.1992608969428573	0.9006641803857145	0.2985967165571428
35950000	35999999	1.2134830028333337	0.9006641803857145	0.31281882244761916
36000000	36049999	1.2384240633380954	0.9006641803857145	0.3377598829523809
36050000	36099999	1.2556758111000001	0.9006641803857145	0.35501163071428565
36100000	36149999	1.2804431154380955	0.9006641803857145	0.37977893505238103
36150000	36199999	1.2883193561761908	0.9006641803857145	0.38765517579047626
36200000	36249999	1.3015917301333335	0.9006641803857145	0.400927549747619
36250000	36299999	1.325349511014286	0.9006641803857145	0.4246853306285716
36300000	36349999	1.3651078134428574	0.9006641803857145	0.46444363305714287
36350000	36399999	1.4146466677523812	0.9006641803857145	0.5139824873666667
36400000	36449999	1.4776951675285717	0.9006641803857145	0.5770309871428572
36450000	36499999	1.5310737967333337	0.9006641803857145	0.6304096163476192
36500000	36549999	1.5788919399000003	0.9006641803857145	0.6782277595142858
36550000	36599999	1.6070512265238097	0.9006641803857145	0.7063870461380952
36600000	36649999	1.600285553609524	0.9006641803857145	0.6996213732238095
36650000	36699999	1.5870735988000002	0.9006641803857145	0.6864094184142857
36700000	36749999	1.5882983926666667	0.9006641803857145	0.6876342122809522
36750000	36799999	1.5665221494238097	0.9006641803857145	0.6658579690380952
36800000	36849999	1.5569743482571432	0.9006641803857145	0.6563101678714287
36850000	36899999	1.5493437182761909	0.9006641803857145	0.6486795378904764
36900000	36949999	1.5636431277047622	0.9006641803857145	0.6629789473190477
36950000	36999999	1.576856958114286	0.9006641803857145	0.6761927777285714
37000000	37049999	1.6009527356142859	0.9006641803857145	0.7002885552285714
37050000	37099999	1.6128521586571432	0.9006641803857145	0.7121879782714287
37100000	37149999	1.6570813643476194	0.9006641803857145	0.7564171839619049
37150000	37199999	1.6735758857238097	0.9006641803857145	0.7729117053380952
37200000	37249999	1.6969260255047622	0.9006641803857145	0.7962618451190477
37250000	37299999	1.6866126759857147	0.9006641803857145	0.7859484956000002
37300000	37349999	1.6718420989476193	0.9006641803857145	0.7711779185619048
37350000	37399999	1.627082528014286	0.9006641803857145	0.7264183476285715
37400000	37449999	1.5800554061476193	0.9006641803857145	0.6793912257619048
37450000	37499999	1.539168074966667	0.9006641803857145	0.6385038945809525
37500000	37549999	1.4930738667714287	0.9006641803857145	0.5924096863857142
37550000	37599999	1.4606125790857145	0.9006641803857145	0.5599483987
37600000	37649999	1.4387247057095238	0.9006641803857145	0.5380605253238093
37650000	37699999	1.418263334409524	0.9006641803857145	0.5175991540238094
37700000	37749999	1.3992091774857145	0.9006641803857145	0.4985449971
37750000	37799999	1.3994089749857144	0.9006641803857145	0.4987447945999999
37800000	37849999	1.3790946982952383	0.9006641803857145	0.47843051790952384
37850000	37899999	1.373682169757143	0.9006641803857145	0.4730179893714286
37900000	37949999	1.3667134979285716	0.9006641803857145	0.46604931754285706
37950000	37999999	1.3637476592285716	0.9006641803857145	0.46308347884285705
38000000	38049999	1.3671239143761906	0.9006641803857145	0.46645973399047613
38050000	38099999	1.3342166347285715	0.9006641803857145	0.43355245434285705
38100000	38149999	1.3130038988809525	0.9006641803857145	0.412339718495238
38150000	38199999	1.2877872932000003	0.9006641803857145	0.3871231128142858
38200000	38249999	1.2635894417857145	0.9006641803857145	0.36292526140000003
38250000	38299999	1.244746249357143	0.9006641803857145	0.34408206897142857
38300000	38349999	1.2509928151523813	0.9006641803857145	0.35032863476666676
38350000	38399999	1.252566703757143	0.9006641803857145	0.3519025233714286
38400000	38449999	1.2734781442333336	0.9006641803857145	0.3728139638476191
38450000	38499999	1.3299078198238097	0.9006641803857145	0.4292436394380952
38500000	38549999	1.3563219784000002	0.9006641803857145	0.45565779801428574
38550000	38599999	1.4026741286190478	0.9006641803857145	0.5020099482333333
38600000	38649999	1.471195864257143	0.9006641803857145	0.5705316838714285
38650000	38699999	1.5092685865809528	0.9006641803857145	0.6086044061952383
38700000	38749999	1.5383607533333337	0.9006641803857145	0.6376965729476192
38750000	38799999	1.573754629952381	0.9006641803857145	0.6730904495666665
38800000	38849999	1.5840383153904765	0.9006641803857145	0.683374135004762
38850000	38899999	1.6173839027142858	0.9006641803857145	0.7167197223285713
38900000	38949999	1.6154615642714287	0.9006641803857145	0.7147973838857142
38950000	38999999	1.6518071481761907	0.9006641803857145	0.7511429677904762
39000000	39049999	1.6620692392333336	0.9006641803857145	0.7614050588476191
39050000	39099999	1.6503114648952384	0.9006641803857145	0.7496472845095239
39100000	39149999	1.6479289209904764	0.9006641803857145	0.7472647406047619
39150000	39199999	1.6489857804285717	0.9006641803857145	0.7483216000428572
39200000	39249999	1.6463944500857144	0.9006641803857145	0.7457302696999999
39250000	39299999	1.640400187466667	0.9006641803857145	0.7397360070809524
39300000	39349999	1.625873264566667	0.9006641803857145	0.7252090841809524
39350000	39399999	1.622555154109524	0.9006641803857145	0.7218909737238095
39400000	39449999	1.6240420052761906	0.9006641803857145	0.7233778248904761
39450000	39499999	1.6024873611952384	0.9006641803857145	0.7018231808095239
39500000	39549999	1.5453764104380956	0.9006641803857145	0.6447122300523811
39550000	39599999	1.5030246425761908	0.9006641803857145	0.6023604621904763
39600000	39649999	1.4484829327952382	0.9006641803857145	0.5478187524095237
39650000	39699999	1.3623793224761906	0.9006641803857145	0.46171514209047615
39700000	39749999	1.3251156323238096	0.9006641803857145	0.4244514519380951
39750000	39799999	1.2979371403761908	0.9006641803857145	0.3972729599904763
39800000	39849999	1.2522026100285717	0.9006641803857145	0.3515384296428572
39850000	39899999	1.229734814661905	0.9006641803857145	0.32907063427619043
39900000	39949999	1.187582036466667	0.9006641803857145	0.28691785608095244
39950000	39999999	1.1778983591476193	0.9006641803857145	0.2772341787619048
40000000	40049999	1.1363288582047621	0.9006641803857145	0.23566467781904765
40050000	40099999	1.1190096853190479	0.9006641803857145	0.21834550493333338
40100000	40149999	1.1051515959285716	0.9006641803857145	0.2044874155428571
40150000	40199999	1.0983129198666668	0.9006641803857145	0.1976487394809523
40200000	40249999	1.1203356448952384	0.9006641803857145	0.2196714645095239
40250000	40299999	1.1331008723857146	0.9006641803857145	0.23243669200000006
40300000	40349999	1.1536068109333335	0.9006641803857145	0.252942630547619
40350000	40399999	1.1623934186809526	0.9006641803857145	0.2617292382952381
40400000	40449999	1.1692324893761907	0.9006641803857145	0.26856830899047623
40450000	40499999	1.1574837318238096	0.9006641803857145	0.2568195514380951
40500000	40549999	1.1578489806857144	0.9006641803857145	0.2571848002999999
40550000	40599999	1.1577680783857145	0.9006641803857145	0.257103898
40600000	40649999	1.1582402975142858	0.9006641803857145	0.2575761171285713
40650000	40699999	1.1798239695333335	0.9006641803857145	0.27915978914761896
40700000	40749999	1.1797183459714287	0.9006641803857145	0.27905416558571416
40750000	40799999	1.1697918097190478	0.9006641803857145	0.26912762933333334
40800000	40849999	1.1748293627809527	0.9006641803857145	0.27416518239523824
40850000	40899999	1.1751705220571431	0.9006641803857145	0.2745063416714286
40900000	40949999	1.1691318053333335	0.9006641803857145	0.268467624947619
40950000	40999999	1.1713637018190477	0.9006641803857145	0.2706995214333332
41000000	41049999	1.163313031009524	0.9006641803857145	0.2626488506238096
41050000	41099999	1.161018942909524	0.9006641803857145	0.2603547625238094
41100000	41149999	1.1512893227380954	0.9006641803857145	0.25062514235238087
41150000	41199999	1.1543613376952384	0.9006641803857145	0.2536971573095239
41200000	41249999	1.1625079421000002	0.9006641803857145	0.2618437617142857
41250000	41299999	1.1731341601238097	0.9006641803857145	0.27246997973809517
41300000	41349999	1.1724555192904764	0.9006641803857145	0.2717913389047619
41350000	41399999	1.1964588265857146	0.9006641803857145	0.29579464620000007
41400000	41449999	1.2301895444285718	0.9006641803857145	0.32952536404285726
41450000	41499999	1.2356839665857144	0.9006641803857145	0.33501978619999995
41500000	41549999	1.2599857419809526	0.9006641803857145	0.3593215615952381
41550000	41599999	1.2718167841809525	0.9006641803857145	0.37115260379523796
41600000	41649999	1.257214177509524	0.9006641803857145	0.3565499971238095
41650000	41699999	1.2507919915428574	0.9006641803857145	0.35012781115714287
41700000	41749999	1.2411679268476192	0.9006641803857145	0.34050374646190473
41750000	41799999	1.2341699954142857	0.9006641803857145	0.33350581502857124
41800000	41849999	1.2297483717523812	0.9006641803857145	0.32908419136666667
41850000	41899999	1.2204830434380955	0.9006641803857145	0.31981886305238105
41900000	41949999	1.2120399652380955	0.9006641803857145	0.31137578485238104
41950000	41999999	1.2025044159952383	0.9006641803857145	0.3018402356095238
42000000	42049999	1.2196194936714289	0.9006641803857145	0.31895531328571436
42050000	42099999	1.2379047772904763	0.9006641803857145	0.3372405969047618
42100000	42149999	1.2448757882809525	0.9006641803857145	0.34421160789523797
42150000	42199999	1.2467220940714288	0.9006641803857145	0.34605791368571426
42200000	42249999	1.2519996769857145	0.9006641803857145	0.35133549659999996
42250000	42299999	1.2881934190285715	0.9006641803857145	0.38752923864285704
42300000	42349999	1.2682848162857145	0.9006641803857145	0.36762063590000005
42350000	42399999	1.2583253329000001	0.9006641803857145	0.35766115251428565
42400000	42449999	1.225316569304762	0.9006641803857145	0.3246523889190476
42450000	42499999	1.189179377761905	0.9006641803857145	0.2885151973761906
42500000	42549999	1.1827165953380954	0.9006641803857145	0.28205241495238087
42550000	42599999	1.1795859532761908	0.9006641803857145	0.27892177289047626
42600000	42649999	1.1819995166523811	0.9006641803857145	0.2813353362666666
42650000	42699999	1.2098219278523812	0.9006641803857145	0.3091577474666667
42700000	42749999	1.2319955289333335	0.9006641803857145	0.33133134854761903
42750000	42799999	1.2618140187761906	0.9006641803857145	0.3611498383904761
42800000	42849999	1.3051897091238098	0.9006641803857145	0.40452552873809533
42850000	42899999	1.3335022046809524	0.9006641803857145	0.4328380242952379
42900000	42949999	1.3585101370476194	0.9006641803857145	0.45784595666190486
42950000	42999999	1.4038909705666667	0.9006641803857145	0.5032267901809522
43000000	43049999	1.430770009557143	0.9006641803857145	0.5301058291714285
43050000	43099999	1.436789405452381	0.9006641803857145	0.5361252250666666
43100000	43149999	1.4715078681000002	0.9006641803857145	0.5708436877142857
43150000	43199999	1.490085522414286	0.9006641803857145	0.5894213420285714
43200000	43249999	1.4918614671000003	0.9006641803857145	0.5911972867142858
43250000	43299999	1.4968133881761907	0.9006641803857145	0.5961492077904762
43300000	43349999	1.4596619066476193	0.9006641803857145	0.5589977262619048
43350000	43399999	1.4634267421190477	0.9006641803857145	0.5627625617333332
43400000	43449999	1.4360964846904762	0.9006641803857145	0.5354323043047617
43450000	43499999	1.425084250361905	0.9006641803857145	0.5244200699761905
43500000	43549999	1.4097321311000002	0.9006641803857145	0.5090679507142857
43550000	43599999	1.392177284214286	0.9006641803857145	0.4915131038285716
43600000	43649999	1.3708983386380955	0.9006641803857145	0.470234158252381
43650000	43699999	1.3462640734666669	0.9006641803857145	0.4455998930809524
43700000	43749999	1.3336775899952382	0.9006641803857145	0.4330134096095237
43750000	43799999	1.3300060191476193	0.9006641803857145	0.4293418387619048
43800000	43849999	1.307832340661905	0.9006641803857145	0.4071681602761905
43850000	43899999	1.273471132857143	0.9006641803857145	0.3728069524714286
43900000	43949999	1.2722050808000003	0.9006641803857145	0.3715409004142858
43950000	43999999	1.2523828950809526	0.9006641803857145	0.3517187146952381
44000000	44049999	1.2219018060476192	0.9006641803857145	0.3212376256619047
44050000	44099999	1.1963185703190478	0.9006641803857145	0.29565438993333326
44100000	44149999	1.175017967309524	0.9006641803857145	0.2743537869238095
44150000	44199999	1.1133429041333336	0.9006641803857145	0.2126787237476191
44200000	44249999	1.101601398361905	0.9006641803857145	0.20093721797619057
44250000	44299999	1.1016954001904764	0.9006641803857145	0.2010312198047619
44300000	44349999	1.1113576257666669	0.9006641803857145	0.21069344538095236
44350000	44399999	1.1185889855857145	0.9006641803857145	0.21792480520000002
44400000	44449999	1.098046257704762	0.9006641803857145	0.19738207731904756
44450000	44499999	1.089241833609524	0.9006641803857145	0.18857765322380948
44500000	44549999	1.0929363694190477	0.9006641803857145	0.1922721890333332
44550000	44599999	1.1144894292333336	0.9006641803857145	0.2138252488476191
44600000	44649999	1.1069397471809526	0.9006641803857145	0.20627556679523806
44650000	44699999	1.111506937761905	0.9006641803857145	0.2108427573761904
44700000	44749999	1.1118677359428573	0.9006641803857145	0.21120355555714276
44750000	44799999	1.114391203666667	0.9006641803857145	0.2137270232809525
44800000	44849999	1.1007936520666668	0.9006641803857145	0.2001294716809523
44850000	44899999	1.0893434912000002	0.9006641803857145	0.18867931081428568
44900000	44949999	1.083040162709524	0.9006641803857145	0.18237598232380958
44950000	44999999	1.0529454947857144	0.9006641803857145	0.15228131439999992
45000000	45049999	1.047790942557143	0.9006641803857145	0.1471267621714285
45050000	45099999	1.0334729652190477	0.9006641803857145	0.13280878483333325
45100000	45149999	1.0399279167857145	0.9006641803857145	0.1392637364
45150000	45199999	1.0331652069000001	0.9006641803857145	0.13250102651428564
45200000	45249999	1.0382511118952382	0.9006641803857145	0.13758693150952372
45250000	45299999	1.0134529859809525	0.9006641803857145	0.11278880559523796
45300000	45349999	1.0020928652904764	0.9006641803857145	0.10142868490476187
45350000	45399999	0.9625665732190478	0.9006641803857145	0.06190239283333332
45400000	45449999	0.9207187202619049	0.9006641803857145	0.020054539876190436
45450000	45499999	0.917722845361905	0.9006641803857145	0.017058664976190463
45500000	45549999	0.9625984865952383	0.9006641803857145	0.06193430620952378
45550000	45599999	0.9676354894000002	0.9006641803857145	0.06697130901428572
45600000	45649999	0.9300982289666668	0.9006641803857145	0.029434048580952332
45650000	45699999	0.9021413317714287	0.9006641803857145	0.0014771513857142482
45700000	45749999	0.8783557364190479	0.9006641803857145	-0.022308443966666647
45750000	45799999	0.897024067309524	0.9006641803857145	-0.0036401130761904987
45800000	45849999	0.8781674479809526	0.9006641803857145	-0.02249673240476191
45850000	45899999	0.8756273284857145	0.9006641803857145	-0.025036851900000046
45900000	45949999	0.8359370545190479	0.9006641803857145	-0.06472712586666662
45950000	45999999	0.8318941434809526	0.9006641803857145	-0.06877003690476191
46000000	46049999	0.8358494496952383	0.9006641803857145	-0.06481473069047616
46050000	46099999	0.8363291115619049	0.9006641803857145	-0.06433506882380957
46100000	46149999	0.8382085802476192	0.9006641803857145	-0.06245560013809526
46150000	46199999	0.8324014484523812	0.9006641803857145	-0.06826273193333332
46200000	46249999	0.838497045461905	0.9006641803857145	-0.06216713492380954
46250000	46299999	0.8412995630857145	0.9006641803857145	-0.05936461729999998
46300000	46349999	0.8455841241571431	0.9006641803857145	-0.05508005622857137
46350000	46399999	0.8473951336857145	0.9006641803857145	-0.05326904669999999
46400000	46449999	0.8525535435380954	0.9006641803857145	-0.04811063684761907
46450000	46499999	0.8761546488380955	0.9006641803857145	-0.024509531547619035
46500000	46549999	0.8731345005000002	0.9006641803857145	-0.02752967988571431
46550000	46599999	0.8309517924761907	0.9006641803857145	-0.06971238790952383
46600000	46649999	0.8152974599904764	0.9006641803857145	-0.08536672039523807
46650000	46699999	0.8345028831428574	0.9006641803857145	-0.06616129724285713
46700000	46749999	0.863110318909524	0.9006641803857145	-0.03755386147619044
46750000	46799999	0.8814162446142859	0.9006641803857145	-0.01924793577142858
46800000	46849999	0.8634243520142859	0.9006641803857145	-0.037239828371428585
46850000	46899999	0.8720835945333335	0.9006641803857145	-0.02858058585238099
46900000	46949999	0.8677595982761906	0.9006641803857145	-0.03290458210952385
46950000	46999999	0.9006641803857145	0.9006641803857145	0.0
47000000	47049999	0.9006641803857145	0.9006641803857145	0.0
47050000	47099999	0.9006641803857145	0.9006641803857145	0.0
47100000	47149999	0.9006641803857145	0.9006641803857145	0.0
47150000	47199999	0.9006641803857145	0.9006641803857145	0.0
47200000	47249999	0.9006641803857145	0.9006641803857145	0.0
47250000	47299999	0.9006641803857145	0.9006641803857145	0.0
47300000	47349999	0.9006641803857145	0.9006641803857145	0.0
47350000	47399999	0.9006641803857145	0.9006641803857145	0.0
47400000	47449999	0.9006641803857145	0.9006641803857145	0.0
47450000	47499999	0.9006641803857145	0.9006641803857145	0.0
47500000	47549999	0.9006641803857145	0.9006641803857145	0.0
47550000	47599999	0.9006641803857145	0.9006641803857145	0.0
47600000	47649999	0.9006641803857145	0.9006641803857145	0.0
47650000	47699999	0.9006641803857145	0.9006641803857145	0.0
47700000	47749999	0.9006641803857145	0.9006641803857145	0.0
47750000	47799999	0.9006641803857145	0.9006641803857145	0.0
47800000	47849999	0.9006641803857145	0.9006641803857145	0.0
47850000	47899999	0.9006641803857145	0.9006641803857145	0.0
47900000	47949999	0.9006641803857145	0.9006641803857145	0.0
47950000	47999999	0.9006641803857145	0.9006641803857145	0.0
48000000	48049999	0.9006641803857145	0.9006641803857145	0.0
48050000	48099999	0.9006641803857145	0.9006641803857145	0.0
48100000	48149999	0.9006641803857145	0.9006641803857145	0.0
48150000	48199999	0.9006641803857145	0.9006641803857145	0.0
48200000	48249999	0.9006641803857145	0.9006641803857145	0.0
48250000	48299999	0.9006641803857145	0.9006641803857145	0.0
48300000	48349999	0.9006641803857145	0.9006641803857145	0.0
48350000	48399999	0.9006641803857145	0.9006641803857145	0.0
48400000	48449999	0.9006641803857145	0.9006641803857145	0.0
48450000	48499999	0.9006641803857145	0.9006641803857145	0.0
48500000	48549999	0.9006641803857145	0.9006641803857145	0.0
48550000	48599999	0.9006641803857145	0.9006641803857145	0.0
48600000	48649999	0.9006641803857145	0.9006641803857145	0.0
48650000	48699999	0.9006641803857145	0.9006641803857145	0.0
48700000	48749999	0.9006641803857145	0.9006641803857145	0.0
48750000	48799999	0.9006641803857145	0.9006641803857145	0.0
48800000	48849999	0.9006641803857145	0.9006641803857145	0.0
48850000	48899999	0.9006641803857145	0.9006641803857145	0.0
48900000	48949999	0.941165505861905	0.9006641803857145	0.04050132547619045
48950000	48999999	0.9404257138761907	0.9006641803857145	0.039761533490476175
49000000	49049999	0.9270250141333335	0.9006641803857145	0.026360833747618995
49050000	49099999	0.9175489589571431	0.9006641803857145	0.01688477857142856
49100000	49149999	0.9139527482000002	0.9006641803857145	0.013288567814285668
49150000	49199999	0.9148407610857144	0.9006641803857145	0.014176580699999941
49200000	49249999	0.9047537645476192	0.9006641803857145	0.004089584161904747
49250000	49299999	0.9075883474333335	0.9006641803857145	0.006924167047619001
49300000	49349999	0.9134440725476193	0.9006641803857145	0.012779892161904782
49350000	49399999	0.915460369109524	0.9006641803857145	0.0147961887238095
49400000	49449999	0.9406799763047621	0.9006641803857145	0.04001579591904758
49450000	49499999	0.9318186672952383	0.9006641803857145	0.031154486909523826
49500000	49549999	0.9426280146095241	0.9006641803857145	0.04196383422380956
49550000	49599999	0.9453880340571431	0.9006641803857145	0.044723853671428615
49600000	49649999	0.956439793509524	0.9006641803857145	0.05577561312380952
49650000	49699999	0.9536135347809526	0.9006641803857145	0.05294935439523807
49700000	49749999	0.9560682736380954	0.9006641803857145	0.05540409325238094
49750000	49799999	0.964983314214286	0.9006641803857145	0.06431913382857146
49800000	49849999	0.990915261709524	0.9006641803857145	0.09025108132380955
49850000	49899999	1.0120652988809526	0.9006641803857145	0.11140111849523815
49900000	49949999	0.9971990065047621	0.9006641803857145	0.09653482611904762
49950000	49999999	0.9451644834761906	0.9006641803857145	0.044500303090476145
50000000	50049999	0.9330189485523812	0.9006641803857145	0.032354768166666714
50050000	50099999	0.9344186338666669	0.9006641803857145	0.03375445348095241
50100000	50149999	0.9318125391714288	0.9006641803857145	0.031148358785714314
50150000	50199999	0.9216108841952383	0.9006641803857145	0.020946703809523792
50200000	50249999	0.9141634862380955	0.9006641803857145	0.013499305852381016
50250000	50299999	0.918975857357143	0.9006641803857145	0.018311676971428548
50300000	50349999	0.9079449304666669	0.9006641803857145	0.007280750080952414
50350000	50399999	0.8970797310666668	0.9006641803857145	-0.0035844493190476667
50400000	50449999	0.8877161992666669	0.9006641803857145	-0.012947981119047602
50450000	50499999	0.851247247209524	0.9006641803857145	-0.04941693317619045
50500000	50549999	0.8507037475047621	0.9006641803857145	-0.04996043288095242
50550000	50599999	0.8350965709476192	0.9006641803857145	-0.06556760943809525
50600000	50649999	0.8200132584761907	0.9006641803857145	-0.08065092190952383
50650000	50699999	0.8022247250904764	0.9006641803857145	-0.09843945529523812
50700000	50749999	0.7949842725142859	0.9006641803857145	-0.10567990787142856
50750000	50799999	0.7854195579000002	0.9006641803857145	-0.11524462248571432
50800000	50849999	0.7689807786190479	0.9006641803857145	-0.1316834017666666
50850000	50899999	0.7313112910333336	0.9006641803857145	-0.1693528893523809
50900000	50949999	0.7095163255238097	0.9006641803857145	-0.19114785486190478
50950000	50999999	0.7181939426047621	0.9006641803857145	-0.1824702377809524
51000000	51049999	0.7166449772333335	0.9006641803857145	-0.18401920315238096
51050000	51099999	0.7223970429285717	0.9006641803857145	-0.17826713745714284
51100000	51149999	0.7279229414380954	0.9006641803857145	-0.17274123894761906
51150000	51199999	0.7292436125761907	0.9006641803857145	-0.17142056780952375
51200000	51249999	0.7354471516857145	0.9006641803857145	-0.1652170287
51250000	51299999	0.7415652930857145	0.9006641803857145	-0.1590988873
51300000	51349999	0.7367029337904765	0.9006641803857145	-0.16396124659523803
51350000	51399999	0.7482753207190479	0.9006641803857145	-0.1523888596666666
51400000	51449999	0.7451093533000002	0.9006641803857145	-0.15555482708571433
51450000	51499999	0.7451121726857145	0.9006641803857145	-0.1555520077
51500000	51549999	0.7521425815571431	0.9006641803857145	-0.1485215988285714
51550000	51599999	0.7722211031857145	0.9006641803857145	-0.12844307720000003
51600000	51649999	0.7891005646190478	0.9006641803857145	-0.11156361576666673
51650000	51699999	0.810045918109524	0.9006641803857145	-0.09061826227619052
51700000	51749999	0.8330965657142859	0.9006641803857145	-0.06756761467142858
51750000	51799999	0.8448984391333335	0.9006641803857145	-0.055765741252380985
51800000	51849999	0.8573591758476192	0.9006641803857145	-0.04330500453809527
51850000	51899999	0.8917987714952383	0.9006641803857145	-0.008865408890476156
51900000	51949999	0.901512746209524	0.9006641803857145	0.0008485658238095439
51950000	51999999	0.9106546156523811	0.9006641803857145	0.009990435266666653
52000000	52049999	0.9189521346809526	0.9006641803857145	0.018287954295238107
52050000	52099999	0.9349400245142859	0.9006641803857145	0.03427584412857143
52100000	52149999	0.9552422917047622	0.9006641803857145	0.05457811131904766
52150000	52199999	0.9827461712523812	0.9006641803857145	0.08208199086666668
52200000	52249999	1.004050758566667	0.9006641803857145	0.10338657818095243
52250000	52299999	1.0134317191523812	0.9006641803857145	0.11276753876666668
52300000	52349999	1.0293359507904765	0.9006641803857145	0.12867177040476196
52350000	52399999	1.0676708606761907	0.9006641803857145	0.16700668029047616
52400000	52449999	1.0961516492476193	0.9006641803857145	0.19548746886190482
52450000	52499999	1.1274353063047622	0.9006641803857145	0.2267711259190477
52500000	52549999	1.1524292496047621	0.9006641803857145	0.2517650692190476
52550000	52599999	1.1631512120809526	0.9006641803857145	0.2624870316952381
52600000	52649999	1.155726919004762	0.9006641803857145	0.2550627386190476
52650000	52699999	1.149351374261905	0.9006641803857145	0.24868719387619054
52700000	52749999	1.1663528656857145	0.9006641803857145	0.2656886853
52750000	52799999	1.1614844187666669	0.9006641803857145	0.26082023838095236
52800000	52849999	1.1796074766380955	0.9006641803857145	0.278943296252381
52850000	52899999	1.1868838947333336	0.9006641803857145	0.28621971434761906
52900000	52949999	1.2115055608714287	0.9006641803857145	0.3108413804857142
52950000	52999999	1.2128231286238096	0.9006641803857145	0.3121589482380951
53000000	53049999	1.2033956088809525	0.9006641803857145	0.30273142849523804
53050000	53099999	1.2210552728476194	0.9006641803857145	0.3203910924619049
53100000	53149999	1.2353063632428574	0.9006641803857145	0.33464218285714287
53150000	53199999	1.2295163736428574	0.9006641803857145	0.3288521932571429
53200000	53249999	1.2233654791285717	0.9006641803857145	0.32270129874285725
53250000	53299999	1.218401791271429	0.9006641803857145	0.3177376108857144
53300000	53349999	1.213947729014286	0.9006641803857145	0.31328354862857144
53350000	53399999	1.197685649504762	0.9006641803857145	0.2970214691190476
53400000	53449999	1.1762480778857145	0.9006641803857145	0.2755838975
53450000	53499999	1.153622468457143	0.9006641803857145	0.2529582880714285
53500000	53549999	1.1504452048857146	0.9006641803857145	0.24978102450000006
53550000	53599999	1.1371933814047621	0.9006641803857145	0.23652920101904762
53600000	53649999	1.133734920904762	0.9006641803857145	0.23307074051904753
53650000	53699999	1.1282536968904764	0.9006641803857145	0.2275895165047619
53700000	53749999	1.128580338609524	0.9006641803857145	0.2279161582238094
53750000	53799999	1.1078467802666667	0.9006641803857145	0.20718259988095222
53800000	53849999	1.0989229248428574	0.9006641803857145	0.19825874445714287
53850000	53899999	1.0755055040238097	0.9006641803857145	0.17484132363809524
53900000	53949999	1.0754223082761907	0.9006641803857145	0.17475812789047618
53950000	53999999	1.0374521977476192	0.9006641803857145	0.1367880173619047
54000000	54049999	1.0323049560666668	0.9006641803857145	0.13164077568095234
54050000	54099999	1.0578020458523811	0.9006641803857145	0.15713786546666664
54100000	54149999	1.0616154181523811	0.9006641803857145	0.16095123776666664
54150000	54199999	1.0606646553761907	0.9006641803857145	0.1600004749904762
54200000	54249999	1.0607208695761907	0.9006641803857145	0.16005668919047622
54250000	54299999	1.0612543841047621	0.9006641803857145	0.16059020371904764
54300000	54349999	1.058315196461905	0.9006641803857145	0.1576510160761906
54350000	54399999	1.0603313966857146	0.9006641803857145	0.15966721630000014
54400000	54449999	1.0683929851476193	0.9006641803857145	0.16772880476190477
54450000	54499999	1.0695351920952383	0.9006641803857145	0.1688710117095238
54500000	54549999	1.062469860957143	0.9006641803857145	0.16180568057142852
54550000	54599999	1.055948068919048	0.9006641803857145	0.15528388853333341
54600000	54649999	1.0610831075952383	0.9006641803857145	0.16041892720952378
54650000	54699999	1.0637368521333335	0.9006641803857145	0.16307267174761897
54700000	54749999	1.0713034420952383	0.9006641803857145	0.17063926170952382
54750000	54799999	1.0856434880476193	0.9006641803857145	0.18497930766190485
54800000	54849999	1.0874819206523811	0.9006641803857145	0.18681774026666664
54850000	54899999	1.0978316713428573	0.9006641803857145	0.1971674909571428
54900000	54949999	1.1181282832809527	0.9006641803857145	0.2174641028952382
54950000	54999999	1.1169655638380955	0.9006641803857145	0.21630138345238104
55000000	55049999	1.1160989449952383	0.9006641803857145	0.21543476460952382
55050000	55099999	1.1335247801857145	0.9006641803857145	0.23286059979999996
55100000	55149999	1.111491033161905	0.9006641803857145	0.2108268527761905
55150000	55199999	1.0909382909714287	0.9006641803857145	0.1902741105857142
55200000	55249999	1.0889832987809527	0.9006641803857145	0.18831911839523818
55250000	55299999	1.0809359683190478	0.9006641803857145	0.18027178793333332
55300000	55349999	1.064971106914286	0.9006641803857145	0.16430692652857148
55350000	55399999	1.0668089547333335	0.9006641803857145	0.16614477434761898
55400000	55449999	1.0718452820095241	0.9006641803857145	0.17118110162380962
55450000	55499999	1.0705211111857145	0.9006641803857145	0.16985693079999997
55500000	55549999	1.0727761056476193	0.9006641803857145	0.17211192526190477
55550000	55599999	1.0744250353428573	0.9006641803857145	0.17376085495714277
55600000	55649999	1.0697742803428574	0.9006641803857145	0.16911009995714288
55650000	55699999	1.0962829835476193	0.9006641803857145	0.19561880316190483
55700000	55749999	1.1055156945523812	0.9006641803857145	0.2048515141666667
55750000	55799999	1.1090090254333336	0.9006641803857145	0.20834484504761908
55800000	55849999	1.0912075365714289	0.9006641803857145	0.19054335618571439
55850000	55899999	1.0924649446190478	0.9006641803857145	0.19180076423333325
55900000	55949999	1.0873618314857145	0.9006641803857145	0.18669765110000003
55950000	55999999	1.0797492462714289	0.9006641803857145	0.17908506588571438
56000000	56049999	1.081033767219048	0.9006641803857145	0.18036958683333348
56050000	56099999	1.089586428814286	0.9006641803857145	0.18892224842857153
56100000	56149999	1.0712976051523813	0.9006641803857145	0.17063342476666676
56150000	56199999	1.0787845961428575	0.9006641803857145	0.178120415757143
56200000	56249999	1.073529162857143	0.9006641803857145	0.17286498247142856
56250000	56299999	1.0550703603095242	0.9006641803857145	0.15440617992380967
56300000	56349999	1.0492544127047623	0.9006641803857145	0.14859023231904778
56350000	56399999	1.0431773197857146	0.9006641803857145	0.1425131394000001
56400000	56449999	1.0410543024476193	0.9006641803857145	0.14039012206190482
56450000	56499999	1.048974915209524	0.9006641803857145	0.14831073482380952
56500000	56549999	1.0535243117857145	0.9006641803857145	0.1528601314
56550000	56599999	1.0488604095857146	0.9006641803857145	0.14819622920000008
56600000	56649999	1.0479545845904763	0.9006641803857145	0.1472904042047618
56650000	56699999	1.0314924482380954	0.9006641803857145	0.1308282678523809
56700000	56749999	0.9890770747333335	0.9006641803857145	0.08841289434761901
56750000	56799999	0.9720104754285717	0.9006641803857145	0.07134629504285717
56800000	56849999	0.9597144753428574	0.9006641803857145	0.05905029495714287
56850000	56899999	0.9503566399857145	0.9006641803857145	0.049692459600000016
56900000	56949999	0.9409320821333336	0.9006641803857145	0.04026790174761907
56950000	56999999	0.9297996477809526	0.9006641803857145	0.02913546739523809
57000000	57049999	0.9195636825761907	0.9006641803857145	0.018899502190476203
57050000	57099999	0.8939962939761906	0.9006641803857145	-0.006667886409523871
57100000	57149999	0.8813049974190478	0.9006641803857145	-0.01935918296666672
57150000	57199999	0.8742484606476193	0.9006641803857145	-0.0264157197380952
57200000	57249999	0.8686092775761907	0.9006641803857145	-0.03205490280952383
57250000	57299999	0.8544785309238098	0.9006641803857145	-0.04618564946190473
57300000	57349999	0.8450782543285716	0.9006641803857145	-0.055585926057142854
57350000	57399999	0.8378945990666669	0.9006641803857145	-0.06276958131904764
57400000	57449999	0.833036636914286	0.9006641803857145	-0.06762754347142852
57450000	57499999	0.8266663526380955	0.9006641803857145	-0.07399782774761898
57500000	57549999	0.8141089605285716	0.9006641803857145	-0.08655521985714287
57550000	57599999	0.791222603061905	0.9006641803857145	-0.10944157732380955
57600000	57649999	0.7783285749190478	0.9006641803857145	-0.12233560546666666
57650000	57699999	0.7652195376571431	0.9006641803857145	-0.13544464272857137
57700000	57749999	0.7575806339190478	0.9006641803857145	-0.14308354646666666
57750000	57799999	0.7547142487333336	0.9006641803857145	-0.1459499316523809
57800000	57849999	0.7436620227285716	0.9006641803857145	-0.15700215765714287
57850000	57899999	0.7487816457190478	0.9006641803857145	-0.15188253466666668
57900000	57949999	0.752113859361905	0.9006641803857145	-0.1485503210238095
57950000	57999999	0.7528246570523811	0.9006641803857145	-0.1478395233333334
58000000	58049999	0.7503057269857145	0.9006641803857145	-0.15035845339999998
58050000	58099999	0.7451702368190478	0.9006641803857145	-0.15549394356666668
58100000	58149999	0.7423794320476194	0.9006641803857145	-0.15828474833809514
58150000	58199999	0.7191398650238098	0.9006641803857145	-0.18152431536190472
58200000	58249999	0.7195971339095241	0.9006641803857145	-0.18106704647619043
58250000	58299999	0.7010659033523812	0.9006641803857145	-0.19959827703333333
58300000	58349999	0.7047166290571432	0.9006641803857145	-0.19594755132857133
58350000	58399999	0.710087854461905	0.9006641803857145	-0.19057632592380946
58400000	58449999	0.7107403590571431	0.9006641803857145	-0.18992382132857144
58450000	58499999	0.715495076314286	0.9006641803857145	-0.1851691040714285
58500000	58549999	0.7180099686190479	0.9006641803857145	-0.18265421176666663
58550000	58599999	0.7085747546190478	0.9006641803857145	-0.19208942576666665
58600000	58649999	0.7140784769333336	0.9006641803857145	-0.1865857034523809
58650000	58699999	0.7137490888714287	0.9006641803857145	-0.18691509151428576
58700000	58749999	0.7111061742190479	0.9006641803857145	-0.18955800616666663
58750000	58799999	0.7254084168523811	0.9006641803857145	-0.1752557635333334
58800000	58849999	0.7191178406761907	0.9006641803857145	-0.18154633970952383
58850000	58899999	0.7259607622380955	0.9006641803857145	-0.17470341814761903
58900000	58949999	0.7157433911000002	0.9006641803857145	-0.18492078928571432
58950000	58999999	0.7173204312714287	0.9006641803857145	-0.18334374911428575
59000000	59049999	0.7241904276380955	0.9006641803857145	-0.176473752747619
59050000	59099999	0.7245331094476193	0.9006641803857145	-0.1761310709380952
59100000	59149999	0.7182596060428573	0.9006641803857145	-0.18240457434285717
59150000	59199999	0.7313733118047621	0.9006641803857145	-0.16929086858095244
59200000	59249999	0.7379104522190478	0.9006641803857145	-0.16275372816666667
59250000	59299999	0.7527659398523812	0.9006641803857145	-0.14789824053333334
59300000	59349999	0.7627574561476193	0.9006641803857145	-0.13790672423809525
59350000	59399999	0.778024601909524	0.9006641803857145	-0.12263957847619045
59400000	59449999	0.7981080075809526	0.9006641803857145	-0.10255617280476192
59450000	59499999	0.8284678831904764	0.9006641803857145	-0.07219629719523812
59500000	59549999	0.8418248104095241	0.9006641803857145	-0.058839369976190437
59550000	59599999	0.8618175653190479	0.9006641803857145	-0.038846615066666645
59600000	59649999	0.8774961102761907	0.9006641803857145	-0.02316807010952382
59650000	59699999	0.8949956952428574	0.9006641803857145	-0.005668485142857116
59700000	59749999	0.9238962355714287	0.9006641803857145	0.02323205518571425
59750000	59799999	0.957232446861905	0.9006641803857145	0.05656826647619051
59800000	59849999	0.990023368761905	0.9006641803857145	0.0893591883761905
59850000	59899999	1.0411900976666668	0.9006641803857145	0.14052591728095232
59900000	59949999	1.0684823829761907	0.9006641803857145	0.1678182025904762
59950000	59999999	1.0920171522238098	0.9006641803857145	0.1913529718380953
60000000	60049999	1.0897227143190478	0.9006641803857145	0.18905853393333327
60050000	60099999	1.0830127107952383	0.9006641803857145	0.1823485304095238
60100000	60149999	1.0868614272333335	0.9006641803857145	0.18619724684761896
60150000	60199999	1.1031359977857145	0.9006641803857145	0.20247181739999998
60200000	60249999	1.1203879814428572	0.9006641803857145	0.21972380105714273
60250000	60299999	1.147281263809524	0.9006641803857145	0.2466170834238095
60300000	60349999	1.1557883179142858	0.9006641803857145	0.2551241375285713
60350000	60399999	1.152572464209524	0.9006641803857145	0.2519082838238096
60400000	60449999	1.142594377419048	0.9006641803857145	0.2419301970333334
60450000	60499999	1.1288272389952383	0.9006641803857145	0.2281630586095238
60500000	60549999	1.1109119938285716	0.9006641803857145	0.21024781344285715
60550000	60599999	1.1018104779190478	0.9006641803857145	0.20114629753333335
60600000	60649999	1.0865395637809525	0.9006641803857145	0.18587538339523801
60650000	60699999	1.0774042495333336	0.9006641803857145	0.17674006914761908
60700000	60749999	1.0649362025476192	0.9006641803857145	0.16427202216190473
60750000	60799999	1.0373872512428575	0.9006641803857145	0.13672307085714297
60800000	60849999	1.016379451209524	0.9006641803857145	0.11571527082380961
60850000	60899999	0.9953533011428574	0.9006641803857145	0.09468912075714286
60900000	60949999	0.9601470825952383	0.9006641803857145	0.05948290220952379
60950000	60999999	0.9438477014047622	0.9006641803857145	0.043183521019047655
61000000	61049999	0.9713122755476192	0.9006641803857145	0.07064809516190473
61050000	61099999	0.9965188671000001	0.9006641803857145	0.09585468671428565
61100000	61149999	1.0128764763333336	0.9006641803857145	0.11221229594761906
61150000	61199999	1.0407577845476192	0.9006641803857145	0.14009360416190475
61200000	61249999	1.0462438178238096	0.9006641803857145	0.1455796374380951
61250000	61299999	1.059351829409524	0.9006641803857145	0.1586876490238096
61300000	61349999	1.056617458304762	0.9006641803857145	0.15595327791904756
61350000	61399999	1.0783939009238097	0.9006641803857145	0.17772972053809521
61400000	61449999	1.090776364009524	0.9006641803857145	0.19011218362380955
61450000	61499999	1.0911159112952382	0.9006641803857145	0.19045173090952372
61500000	61549999	1.0923310238380954	0.9006641803857145	0.19166684345238094
61550000	61599999	1.0961296945857144	0.9006641803857145	0.1954655141999999
61600000	61649999	1.089012537304762	0.9006641803857145	0.1883483569190476
61650000	61699999	1.073213940457143	0.9006641803857145	0.17254976007142853
61700000	61749999	1.0642806037142858	0.9006641803857145	0.1636164233285713
61750000	61799999	1.0618213438857145	0.9006641803857145	0.16115716349999998
61800000	61849999	1.0589026814666669	0.9006641803857145	0.1582385010809524
61850000	61899999	1.0464846019380953	0.9006641803857145	0.14582042155238084
61900000	61949999	1.0366987152714287	0.9006641803857145	0.13603453488571415
61950000	61999999	1.0307921002238096	0.9006641803857145	0.13012791983809513
62000000	62049999	1.0181910716238098	0.9006641803857145	0.11752689123809534
62050000	62099999	0.9717931503666669	0.9006641803857145	0.07112896998095242
62100000	62149999	0.9392072466476192	0.9006641803857145	0.038543066261904735
62150000	62199999	0.9148615943190478	0.9006641803857145	0.014197413933333292
62200000	62249999	0.8809524966666669	0.9006641803857145	-0.019711683719047635
62250000	62299999	0.8615060953809526	0.9006641803857145	-0.03915808500476192
62300000	62349999	0.8295185358571431	0.9006641803857145	-0.07114564452857142
62350000	62399999	0.796798516361905	0.9006641803857145	-0.10386566402380948
62400000	62449999	0.7576087326238097	0.9006641803857145	-0.14305544776190482
62450000	62499999	0.745606495809524	0.9006641803857145	-0.1550576845761905
62500000	62549999	0.7442842073000002	0.9006641803857145	-0.15637997308571427
62550000	62599999	0.7384564741047621	0.9006641803857145	-0.16220770628095238
62600000	62649999	0.7327474911809526	0.9006641803857145	-0.16791668920476188
62650000	62699999	0.7362208030333335	0.9006641803857145	-0.16444337735238101
62700000	62749999	0.7409092804142859	0.9006641803857145	-0.15975489997142855
62750000	62799999	0.7418335562285716	0.9006641803857145	-0.15883062415714289
62800000	62849999	0.7361697184857146	0.9006641803857145	-0.16449446189999994
62850000	62899999	0.7282805738904764	0.9006641803857145	-0.1723836064952381
62900000	62949999	0.7233372833333335	0.9006641803857145	-0.17732689705238103
62950000	62999999	0.7110448572380954	0.9006641803857145	-0.1896193231476191
63000000	63049999	0.7096101248714288	0.9006641803857145	-0.19105405551428567
63050000	63099999	0.7075865546428574	0.9006641803857145	-0.19307762574285714
63100000	63149999	0.7037155543809526	0.9006641803857145	-0.19694862600476193
63150000	63199999	0.714446188561905	0.9006641803857145	-0.1862179918238095
63200000	63249999	0.7170106915333335	0.9006641803857145	-0.18365348885238097
63250000	63299999	0.713807381309524	0.9006641803857145	-0.18685679907619046
63300000	63349999	0.7121111223285717	0.9006641803857145	-0.18855305805714284
63350000	63399999	0.7070601501571431	0.9006641803857145	-0.19360403022857142
63400000	63449999	0.7310284286809526	0.9006641803857145	-0.16963575170476186
63450000	63499999	0.7401260069761907	0.9006641803857145	-0.1605381734095238
63500000	63549999	0.7650646817428574	0.9006641803857145	-0.13559949864285714
63550000	63599999	0.7995656008857145	0.9006641803857145	-0.10109857950000001
63600000	63649999	0.8377410797666669	0.9006641803857145	-0.0629231006190476
63650000	63699999	0.8743353374190478	0.9006641803857145	-0.02632884296666671
63700000	63749999	0.9007063746285716	0.9006641803857145	4.21942428571187e-05
63750000	63799999	0.9445884731523811	0.9006641803857145	0.04392429276666665
63800000	63849999	0.9656802864523811	0.9006641803857145	0.06501610606666663
63850000	63899999	0.9813978144809526	0.9006641803857145	0.08073363409523815
63900000	63949999	1.0015892161238098	0.9006641803857145	0.1009250357380953
63950000	63999999	1.0237269090809527	0.9006641803857145	0.12306272869523815
64000000	64049999	1.065612809609524	0.9006641803857145	0.1649486292238096
64050000	64099999	1.1069528605047623	0.9006641803857145	0.20628868011904777
64100000	64149999	1.1437842616761906	0.9006641803857145	0.24312008129047613
64150000	64199999	1.1663260534666668	0.9006641803857145	0.26566187308095235
64200000	64249999	1.182462844061905	0.9006641803857145	0.28179866367619044
64250000	64299999	1.1981075283761908	0.9006641803857145	0.29744334799047634
64300000	64349999	1.2402264763809527	0.9006641803857145	0.33956229599523824
64350000	64399999	1.2834489042333335	0.9006641803857145	0.38278472384761897
64400000	64449999	1.3215892702857146	0.9006641803857145	0.4209250899000001
64450000	64499999	1.3384074592714288	0.9006641803857145	0.4377432788857143
64500000	64549999	1.3478426401000003	0.9006641803857145	0.4471784597142858
64550000	64599999	1.346483910157143	0.9006641803857145	0.4458197297714286
64600000	64649999	1.3379178553428575	0.9006641803857145	0.43725367495714296
64650000	64699999	1.323675494857143	0.9006641803857145	0.4230113144714285
64700000	64749999	1.3010031624285716	0.9006641803857145	0.4003389820428571
64750000	64799999	1.2876008825333336	0.9006641803857145	0.3869367021476191
64800000	64849999	1.281935547161905	0.9006641803857145	0.38127136677619045
64850000	64899999	1.2935190301285717	0.9006641803857145	0.3928548497428572
64900000	64949999	1.3056254392523812	0.9006641803857145	0.4049612588666667
64950000	64999999	1.3456945794523811	0.9006641803857145	0.44503039906666664
65000000	65049999	1.3434230159714287	0.9006641803857145	0.44275883558571416
65050000	65099999	1.3150909769380954	0.9006641803857145	0.4144267965523809
65100000	65149999	1.2770958913952384	0.9006641803857145	0.3764317110095239
65150000	65199999	1.2480097910333336	0.9006641803857145	0.34734561064761915
65200000	65249999	1.2248427387523813	0.9006641803857145	0.32417855836666676
65250000	65299999	1.199399517566667	0.9006641803857145	0.29873533718095246
65300000	65349999	1.1930164040523812	0.9006641803857145	0.2923522236666667
65350000	65399999	1.1586143486952383	0.9006641803857145	0.2579501683095238
65400000	65449999	1.1257032757190477	0.9006641803857145	0.22503909533333322
65450000	65499999	1.0917431176761907	0.9006641803857145	0.1910789372904762
65500000	65549999	1.0601812755333335	0.9006641803857145	0.15951709514761903
65550000	65599999	1.0564801671428574	0.9006641803857145	0.15581598675714292
65600000	65649999	1.0398436159285716	0.9006641803857145	0.13917943554285706
65650000	65699999	1.036840558757143	0.9006641803857145	0.13617637837142849
65700000	65749999	1.0298078498476193	0.9006641803857145	0.1291436694619048
65750000	65799999	1.0293283434904763	0.9006641803857145	0.1286641631047618
65800000	65849999	1.0551630566428574	0.9006641803857145	0.15449887625714287
65850000	65899999	1.0521736679571432	0.9006641803857145	0.15150948757142868
65900000	65949999	1.048806002252381	0.9006641803857145	0.14814182186666658
65950000	65999999	1.025041905914286	0.9006641803857145	0.1243777255285714
66000000	66049999	0.9783357073761907	0.9006641803857145	0.07767152699047619
66050000	66099999	0.9772518588285717	0.9006641803857145	0.07658767844285719
66100000	66149999	0.9721116795571431	0.9006641803857145	0.07144749917142856
66150000	66199999	0.976607887409524	0.9006641803857145	0.07594370702380948
66200000	66249999	0.979421281809524	0.9006641803857145	0.07875710142380954
66250000	66299999	0.9947711231904764	0.9006641803857145	0.09410694280476195
66300000	66349999	1.0057571220380954	0.9006641803857145	0.10509294165238092
66350000	66399999	1.0027449329809526	0.9006641803857145	0.10208075259523808
66400000	66449999	1.0019818404428573	0.9006641803857145	0.10131766005714282
66450000	66499999	0.9999362688333335	0.9006641803857145	0.09927208844761903
66500000	66549999	0.9983519465809526	0.9006641803857145	0.09768776619523811
66550000	66599999	1.003331424704762	0.9006641803857145	0.1026672443190475
66600000	66649999	0.9895400571857145	0.9006641803857145	0.08887587679999998
66650000	66699999	0.9868482356952383	0.9006641803857145	0.08618405530952378
66700000	66749999	0.9795756237238097	0.9006641803857145	0.07891144333809519
66750000	66799999	0.9725639410142859	0.9006641803857145	0.0718997606285714
66800000	66849999	0.9501746232000002	0.9006641803857145	0.04951044281428574
66850000	66899999	0.9102195250523811	0.9006641803857145	0.009555344666666632
66900000	66949999	0.8865908998761907	0.9006641803857145	-0.014073280509523833
66950000	66999999	0.8640099052857145	0.9006641803857145	-0.03665427509999997
67000000	67049999	0.8670755226285717	0.9006641803857145	-0.033588657757142815
67050000	67099999	0.8931224122428574	0.9006641803857145	-0.007541768142857119
67100000	67149999	0.9070348982190478	0.9006641803857145	0.006370717833333317
67150000	67199999	0.9268375373523812	0.9006641803857145	0.026173356966666672
67200000	67249999	0.9549712861000003	0.9006641803857145	0.054307105714285764
67250000	67299999	0.9692767248380955	0.9006641803857145	0.06861254445238096
67300000	67349999	0.9724437654428574	0.9006641803857145	0.07177958505714288
67350000	67399999	0.9868180208190478	0.9006641803857145	0.0861538404333333
67400000	67449999	1.0028946166380954	0.9006641803857145	0.10223043625238093
67450000	67499999	1.0108483130380954	0.9006641803857145	0.11018413265238092
67500000	67549999	1.0174639928761906	0.9006641803857145	0.11679981249047611
67550000	67599999	1.025653542157143	0.9006641803857145	0.12498936177142861
67600000	67649999	1.0421388228809525	0.9006641803857145	0.141474642495238
67650000	67699999	1.054073403961905	0.9006641803857145	0.15340922357619058
67700000	67749999	1.0460423953238096	0.9006641803857145	0.1453782149380951
67750000	67799999	1.0404290690428573	0.9006641803857145	0.13976488865714276
67800000	67849999	1.0448135919666668	0.9006641803857145	0.1441494115809523
67850000	67899999	1.0558337401714288	0.9006641803857145	0.15516955978571434
67900000	67949999	1.0769948279714288	0.9006641803857145	0.17633064758571426
67950000	67999999	1.0788334177190477	0.9006641803857145	0.17816923733333323
68000000	68049999	1.090414988757143	0.9006641803857145	0.18975080837142855
68050000	68099999	1.1012203812190478	0.9006641803857145	0.20055620083333325
68100000	68149999	1.0729566383476192	0.9006641803857145	0.17229245796190473
68150000	68199999	1.0679712812666668	0.9006641803857145	0.16730710088095235
68200000	68249999	1.048357362804762	0.9006641803857145	0.1476931824190475
68250000	68299999	1.0138894292047622	0.9006641803857145	0.11322524881904772
68300000	68349999	0.9853941770428574	0.9006641803857145	0.08472999665714287
68350000	68399999	0.9495399265476192	0.9006641803857145	0.04887574616190471
68400000	68449999	0.8959651494000002	0.9006641803857145	-0.004699030985714336
68450000	68499999	0.8329158359285717	0.9006641803857145	-0.06774834445714284
68500000	68549999	0.7815437925809525	0.9006641803857145	-0.11912038780476197
68550000	68599999	0.7336306649476192	0.9006641803857145	-0.1670335154380953
68600000	68649999	0.6858575724523812	0.9006641803857145	-0.21480660793333328
68650000	68699999	0.6246573656333336	0.9006641803857145	-0.27600681475238087
68700000	68749999	0.579340087161905	0.9006641803857145	-0.3213240932238095
68750000	68799999	0.5517798069285716	0.9006641803857145	-0.34888437345714285
68800000	68849999	0.5117082423428574	0.9006641803857145	-0.3889559380428571
68850000	68899999	0.4616491201952383	0.9006641803857145	-0.4390150601904762
68900000	68949999	0.4194522829333335	0.9006641803857145	-0.481211897452381
68950000	68999999	0.3628277833476192	0.9006641803857145	-0.5378363970380953
69000000	69049999	0.3105608499666669	0.9006641803857145	-0.5901033304190476
69050000	69099999	0.25857879900952396	0.9006641803857145	-0.6420853813761905
69100000	69149999	0.21406098397619056	0.9006641803857145	-0.6866031964095239
69150000	69199999	0.17723383325238118	0.9006641803857145	-0.7234303471333333
69200000	69249999	0.1292281829095241	0.9006641803857145	-0.7714359974761904
69250000	69299999	0.09229048022857156	0.9006641803857145	-0.8083737001571429
69300000	69349999	0.05331434261904777	0.9006641803857145	-0.8473498377666667
69350000	69399999	0.021318430152381107	0.9006641803857145	-0.8793457502333334
69400000	69449999	0.004163595780952378	0.9006641803857145	-0.8965005846047621
69450000	69499999	0.0	0.9006641803857145	-0.9006641803857145
69500000	69549999	0.0016082816761905372	0.9006641803857145	-0.899055898709524
69550000	69599999	0.009408683100000204	0.9006641803857145	-0.8912554972857143
69600000	69649999	0.009856386295238329	0.9006641803857145	-0.8908077940904762
69650000	69699999	0.015111046338095457	0.9006641803857145	-0.885553134047619
69700000	69749999	0.017601450152381126	0.9006641803857145	-0.8830627302333334
69750000	69799999	0.019482277223809796	0.9006641803857145	-0.8811819031619047
69800000	69849999	0.030779684166666765	0.9006641803857145	-0.8698844962190477
69850000	69899999	0.030162985257142894	0.9006641803857145	-0.8705011951285716
69900000	69949999	0.038902212095238364	0.9006641803857145	-0.8617619682904761
69950000	69999999	0.043518966176190776	0.9006641803857145	-0.8571452142095237
70000000	70049999	0.043327540980952595	0.9006641803857145	-0.8573366394047619
70050000	70099999	0.05266738717619057	0.9006641803857145	-0.8479967932095239
70100000	70149999	0.07296698159047654	0.9006641803857145	-0.827697198795238
70150000	70199999	0.12427840661904777	0.9006641803857145	-0.7763857737666667
70200000	70249999	0.18365044627619076	0.9006641803857145	-0.7170137341095237
70250000	70299999	0.22165093212380982	0.9006641803857145	-0.6790132482619047
70300000	70349999	0.2630558858238097	0.9006641803857145	-0.6376082945619048
70350000	70399999	0.30925182887142877	0.9006641803857145	-0.5914123515142857
70400000	70449999	0.3575179586809526	0.9006641803857145	-0.5431462217047619
70450000	70499999	0.40959593295238106	0.9006641803857145	-0.49106824743333344
70500000	70549999	0.45700339276190494	0.9006641803857145	-0.44366078762380956
70550000	70599999	0.5035714684904763	0.9006641803857145	-0.3970927118952382
70600000	70649999	0.546845467757143	0.9006641803857145	-0.35381871262857145
70650000	70699999	0.5972507444619048	0.9006641803857145	-0.30341343592380965
70700000	70749999	0.6413852791714288	0.9006641803857145	-0.25927890121428565
70750000	70799999	0.6981761917333336	0.9006641803857145	-0.20248798865238093
70800000	70849999	0.7436127226238097	0.9006641803857145	-0.15705145776190477
70850000	70899999	0.7798704477000002	0.9006641803857145	-0.12079373268571425
70900000	70949999	0.8366723942476193	0.9006641803857145	-0.0639917861380952
70950000	70999999	0.8794932823761907	0.9006641803857145	-0.021170898009523764
71000000	71049999	0.9463580494619049	0.9006641803857145	0.04569386907619044
71050000	71099999	1.0305682740047621	0.9006641803857145	0.12990409361904764
71100000	71149999	1.0818222348904765	0.9006641803857145	0.18115805450476197
71150000	71199999	1.1150250942904765	0.9006641803857145	0.21436091390476197
71200000	71249999	1.1036482806476193	0.9006641803857145	0.20298410026190483
71250000	71299999	1.0986960376476191	0.9006641803857145	0.19803185726190464
71300000	71349999	1.1200457016238097	0.9006641803857145	0.21938152123809518
71350000	71399999	1.1250804609238099	0.9006641803857145	0.22441628053809537
71400000	71449999	1.1332391368952384	0.9006641803857145	0.23257495650952387
71450000	71499999	1.1310161609476193	0.9006641803857145	0.23035198056190476
71500000	71549999	1.127601937304762	0.9006641803857145	0.2269377569190476
71550000	71599999	1.1461675337190478	0.9006641803857145	0.24550335333333329
71600000	71649999	1.1672062762428572	0.9006641803857145	0.2665420958571427
71650000	71699999	1.187324325004762	0.9006641803857145	0.28666014461904754
71700000	71749999	1.1887852949714288	0.9006641803857145	0.2881211145857143
71750000	71799999	1.1950112284523813	0.9006641803857145	0.2943470480666668
71800000	71849999	1.210043787109524	0.9006641803857145	0.3093796067238095
71850000	71899999	1.2451420673476192	0.9006641803857145	0.34447788696190473
71900000	71949999	1.2383055774238096	0.9006641803857145	0.33764139703809515
71950000	71999999	1.2255089424666668	0.9006641803857145	0.32484476208095225
72000000	72049999	1.2133293071523812	0.9006641803857145	0.3126651267666667
72050000	72099999	1.1820389958285717	0.9006641803857145	0.28137481544285725
72100000	72149999	1.1425313466285716	0.9006641803857145	0.2418671662428571
72150000	72199999	1.1241757995857145	0.9006641803857145	0.22351161919999996
72200000	72249999	1.1078263349761905	0.9006641803857145	0.20716215459047604
72250000	72299999	1.1137325367285715	0.9006641803857145	0.21306835634285703
72300000	72349999	1.1102989892142858	0.9006641803857145	0.20963480882857133
72350000	72399999	1.114009513214286	0.9006641803857145	0.2133453328285715
72400000	72449999	1.108155239866667	0.9006641803857145	0.20749105948095248
72450000	72499999	1.1029858333571432	0.9006641803857145	0.20232165297142868
72500000	72549999	1.1057344556761906	0.9006641803857145	0.20507027529047606
72550000	72599999	1.1080126031333335	0.9006641803857145	0.207348422747619
72600000	72649999	1.091167046761905	0.9006641803857145	0.19050286637619052
72650000	72699999	1.063134800514286	0.9006641803857145	0.1624706201285715
72700000	72749999	1.0482787729000003	0.9006641803857145	0.14761459251428577
72750000	72799999	1.0349807112904763	0.9006641803857145	0.1343165309047618
72800000	72849999	1.0232338359952384	0.9006641803857145	0.12256965560952393
72850000	72899999	0.9943163944000002	0.9006641803857145	0.0936522140142857
72900000	72949999	0.9484823512714288	0.9006641803857145	0.04781817088571427
72950000	72999999	0.9472337986142859	0.9006641803857145	0.04656961822857142
73000000	73049999	0.9446954672285717	0.9006641803857145	0.044031286842857176
73050000	73099999	0.9581707111380955	0.9006641803857145	0.05750653075238099
73100000	73149999	0.9593604356333335	0.9006641803857145	0.05869625524761901
73150000	73199999	0.9567485113666668	0.9006641803857145	0.056084330980952335
73200000	73249999	0.9651301621666669	0.9006641803857145	0.06446598178095242
73250000	73299999	0.9789307733238097	0.9006641803857145	0.07826659293809524
73300000	73349999	0.9688577332666669	0.9006641803857145	0.06819355288095241
73350000	73399999	0.9721100109428573	0.9006641803857145	0.07144583055714282
73400000	73449999	0.9452204864523812	0.9006641803857145	0.04455630606666672
73450000	73499999	0.9444179523523811	0.9006641803857145	0.04375377196666663
73500000	73549999	0.9512006587714288	0.9006641803857145	0.05053647838571429
73550000	73599999	0.9525659119761907	0.9006641803857145	0.051901731590476174
73600000	73649999	0.9610841595428573	0.9006641803857145	0.06041997915714281
73650000	73699999	0.9520522923666669	0.9006641803857145	0.05138811198095239
73700000	73749999	0.9566301120857145	0.9006641803857145	0.05596593169999997
73750000	73799999	0.9497925081571431	0.9006641803857145	0.049128327771428615
73800000	73849999	0.9482774614428574	0.9006641803857145	0.04761328105714291
73850000	73899999	0.9538760637523812	0.9006641803857145	0.05321188336666671
73900000	73949999	0.9712887485333336	0.9006641803857145	0.07062456814761908
73950000	73999999	0.9907020492047621	0.9006641803857145	0.09003786881904763
74000000	74049999	1.0024015981285717	0.9006641803857145	0.10173741774285716
74050000	74099999	1.0050021413380954	0.9006641803857145	0.1043379609523809
74100000	74149999	1.000165780161905	0.9006641803857145	0.09950159977619055
74150000	74199999	1.0203188394285716	0.9006641803857145	0.1196546590428571
74200000	74249999	1.0447792253666668	0.9006641803857145	0.1441150449809523
74250000	74299999	1.0652953643047622	0.9006641803857145	0.16463118391904774
74300000	74349999	1.0941449926809526	0.9006641803857145	0.19348081229523806
74350000	74399999	1.125442160214286	0.9006641803857145	0.2247779798285714
74400000	74449999	1.114349689061905	0.9006641803857145	0.2136855086761904
74450000	74499999	1.1231590565285716	0.9006641803857145	0.22249487614285712
74500000	74549999	1.1395701075904765	0.9006641803857145	0.238905927204762
74550000	74599999	1.160649609119048	0.9006641803857145	0.2599854287333334
74600000	74649999	1.1607972500000003	0.9006641803857145	0.26013306961428584
74650000	74699999	1.1475323765476193	0.9006641803857145	0.2468681961619048
74700000	74749999	1.153927082304762	0.9006641803857145	0.25326290191904755
74750000	74799999	1.1542342540333337	0.9006641803857145	0.2535700736476192
74800000	74849999	1.1560580659523811	0.9006641803857145	0.25539388556666665
74850000	74899999	1.1585166082047622	0.9006641803857145	0.2578524278190477
74900000	74949999	1.1520137722476194	0.9006641803857145	0.25134959186190486
74950000	74999999	1.1357252935285715	0.9006641803857145	0.23506111314285705
75000000	75049999	1.1221350989809526	0.9006641803857145	0.22147091859523815
75050000	75099999	1.113977099919048	0.9006641803857145	0.21331291953333342
75100000	75149999	1.1194911745333336	0.9006641803857145	0.21882699414761908
75150000	75199999	1.1136122001761906	0.9006641803857145	0.21294801979047606
75200000	75249999	1.108171397604762	0.9006641803857145	0.20750721721904752
75250000	75299999	1.0956264301380956	0.9006641803857145	0.19496224975238108
75300000	75349999	1.0880928379904764	0.9006641803857145	0.1874286576047619
75350000	75399999	1.0706287499523812	0.9006641803857145	0.16996456956666672
75400000	75449999	1.0615521793952383	0.9006641803857145	0.16088799900952377
75450000	75499999	1.0873104129047622	0.9006641803857145	0.18664623251904766
75500000	75549999	1.091065052452381	0.9006641803857145	0.19040087206666656
75550000	75599999	1.079710733919048	0.9006641803857145	0.17904655353333343
75600000	75649999	1.046836324261905	0.9006641803857145	0.14617214387619049
75650000	75699999	1.0414650304809525	0.9006641803857145	0.14080085009523802
75700000	75749999	1.0376631167809527	0.9006641803857145	0.1369989363952382
75750000	75799999	1.032453864452381	0.9006641803857145	0.13178968406666658
75800000	75849999	1.0410794109904764	0.9006641803857145	0.1404152306047619
75850000	75899999	1.038663971219048	0.9006641803857145	0.13799979083333347
75900000	75949999	1.050979005166667	0.9006641803857145	0.15031482478095248
75950000	75999999	1.054354556252381	0.9006641803857145	0.15369037586666656
76000000	76049999	1.0543958938285716	0.9006641803857145	0.15373171344285708
76050000	76099999	1.0559381187809527	0.9006641803857145	0.15527393839523818
76100000	76149999	1.0515226016238097	0.9006641803857145	0.15085842123809523
76150000	76199999	1.0342957454428574	0.9006641803857145	0.1336315650571429
76200000	76249999	1.0415294212666668	0.9006641803857145	0.1408652408809523
76250000	76299999	1.0401927344380955	0.9006641803857145	0.13952855405238096
76300000	76349999	1.0455000006952384	0.9006641803857145	0.1448358203095239
76350000	76399999	1.0519274618857146	0.9006641803857145	0.15126328150000012
76400000	76449999	1.020019221057143	0.9006641803857145	0.11935504067142855
76450000	76499999	1.0146377036476193	0.9006641803857145	0.1139735232619048
76500000	76549999	1.0185234041904765	0.9006641803857145	0.11785922380476199
76550000	76599999	1.011797332761905	0.9006641803857145	0.11113315237619048
76600000	76649999	1.0049737874952382	0.9006641803857145	0.10430960710952375
76650000	76699999	1.0071877633000001	0.9006641803857145	0.10652358291428565
76700000	76749999	1.0172849166857145	0.9006641803857145	0.11662073630000003
76750000	76799999	1.0141587472333335	0.9006641803857145	0.11349456684761905
76800000	76849999	1.0544280322190478	0.9006641803857145	0.1537638518333333
76850000	76899999	1.064976878609524	0.9006641803857145	0.16431269822380945
76900000	76949999	1.0869185500714287	0.9006641803857145	0.18625436968571418
76950000	76999999	1.108083122819048	0.9006641803857145	0.20741894243333348
77000000	77049999	1.1452644225333335	0.9006641803857145	0.244600242147619
77050000	77099999	1.1837795851428574	0.9006641803857145	0.2831154047571429
77100000	77149999	1.1930619389619048	0.9006641803857145	0.2923977585761903
77150000	77199999	1.2073674139190478	0.9006641803857145	0.3067032335333333
77200000	77249999	1.2462408234571432	0.9006641803857145	0.34557664307142866
77250000	77299999	1.2536278870714288	0.9006641803857145	0.3529637066857143
77300000	77349999	1.2532986770857144	0.9006641803857145	0.3526344966999999
77350000	77399999	1.236192712709524	0.9006641803857145	0.3355285323238095
77400000	77449999	1.2131353401428573	0.9006641803857145	0.3124711597571428
77450000	77499999	1.2393034839761907	0.9006641803857145	0.3386393035904762
77500000	77549999	1.230522073714286	0.9006641803857145	0.3298578933285714
77550000	77599999	1.2052288351047622	0.9006641803857145	0.3045646547190477
77600000	77649999	1.203530059161905	0.9006641803857145	0.3028658787761904
77650000	77699999	1.2089148698476193	0.9006641803857145	0.3082506894619048
77700000	77749999	1.2107488093904764	0.9006641803857145	0.31008462900476186
77750000	77799999	1.2035153865238097	0.9006641803857145	0.30285120613809524
77800000	77849999	1.2206224118047622	0.9006641803857145	0.31995823141904767
77850000	77899999	1.1758591341523812	0.9006641803857145	0.2751949537666667
77900000	77949999	1.1590172219952382	0.9006641803857145	0.25835304160952366
77950000	77999999	1.137724554452381	0.9006641803857145	0.23706037406666658
78000000	78049999	1.1118155011476192	0.9006641803857145	0.21115132076190468
78050000	78099999	1.0766615980714287	0.9006641803857145	0.1759974176857142
78100000	78149999	1.0564081467761905	0.9006641803857145	0.15574396639047605
78150000	78199999	1.0670046798000001	0.9006641803857145	0.16634049941428564
78200000	78249999	1.0954032198	0.9006641803857145	0.1947390394142856
78250000	78299999	1.086649054457143	0.9006641803857145	0.1859848740714285
78300000	78349999	1.0859370511523811	0.9006641803857145	0.18527287076666665
78350000	78399999	1.0864800126904763	0.9006641803857145	0.18581583230476184
78400000	78449999	1.1140384150000002	0.9006641803857145	0.21337423461428573
78450000	78499999	1.1375546636571432	0.9006641803857145	0.2368904832714287
78500000	78549999	1.1407226623666669	0.9006641803857145	0.24005848198095237
78550000	78599999	1.139692820619048	0.9006641803857145	0.23902864023333348
78600000	78649999	1.1453001958142859	0.9006641803857145	0.24463601542857139
78650000	78699999	1.1380238280857145	0.9006641803857145	0.23735964769999995
78700000	78749999	1.1308356107142858	0.9006641803857145	0.23017143032857135
78750000	78799999	1.142043992252381	0.9006641803857145	0.24137981186666657
78800000	78849999	1.1396010947476194	0.9006641803857145	0.2389369143619049
78850000	78899999	1.1296964159761906	0.9006641803857145	0.22903223559047614
78900000	78949999	1.1358347186857145	0.9006641803857145	0.2351705383
78950000	78999999	1.1382122984761907	0.9006641803857145	0.23754811809047616
79000000	79049999	1.1418916595476194	0.9006641803857145	0.2412274791619049
79050000	79099999	1.1384770952952383	0.9006641803857145	0.23781291490952383
79100000	79149999	1.1402183867761906	0.9006641803857145	0.2395542063904761
79150000	79199999	1.1338281398190477	0.9006641803857145	0.23316395943333323
79200000	79249999	1.1309011889714287	0.9006641803857145	0.23023700858571416
79250000	79299999	1.0986479448142858	0.9006641803857145	0.19798376442857135
79300000	79349999	1.0935601845000003	0.9006641803857145	0.19289600411428576
79350000	79399999	1.0786082111142858	0.9006641803857145	0.17794403072857135
79400000	79449999	1.0661549839571431	0.9006641803857145	0.16549080357142865
79450000	79499999	1.0490220608904766	0.9006641803857145	0.14835788050476206
79500000	79549999	1.0353616399333336	0.9006641803857145	0.13469745954761914
79550000	79599999	1.0499256025238097	0.9006641803857145	0.14926142213809523
79600000	79649999	1.056729767457143	0.9006641803857145	0.15606558707142848
79650000	79699999	1.0546415377333336	0.9006641803857145	0.15397735734761908
79700000	79749999	1.061500820861905	0.9006641803857145	0.1608366404761905
79750000	79799999	1.0599299315809525	0.9006641803857145	0.159265751195238
79800000	79849999	1.0419801090238097	0.9006641803857145	0.14131592863809517
79850000	79899999	1.0520850325380955	0.9006641803857145	0.151420852152381
79900000	79949999	1.0531083574809526	0.9006641803857145	0.15244417709523805
79950000	79999999	1.0534945655190477	0.9006641803857145	0.15283038513333325
80000000	80049999	1.0465256252714288	0.9006641803857145	0.1458614448857143
80050000	80099999	1.0567828384380955	0.9006641803857145	0.156118658052381
80100000	80149999	1.0710067544380955	0.9006641803857145	0.17034257405238096
80150000	80199999	1.069906754966667	0.9006641803857145	0.1692425745809525
80200000	80249999	1.0791956987952382	0.9006641803857145	0.17853151840952375
80250000	80299999	1.098623109214286	0.9006641803857145	0.19795892882857147
80300000	80349999	1.140803135414286	0.9006641803857145	0.24013895502857152
80350000	80399999	1.150136480304762	0.9006641803857145	0.2494722999190475
80400000	80449999	1.1664602237333335	0.9006641803857145	0.26579604334761897
80450000	80499999	1.1914760374047622	0.9006641803857145	0.29081185701904766
80500000	80549999	1.2169707253523812	0.9006641803857145	0.31630654496666666
80550000	80599999	1.234404657214286	0.9006641803857145	0.33374047682857144
80600000	80649999	1.2141157250761907	0.9006641803857145	0.3134515446904762
80650000	80699999	1.2144132003190478	0.9006641803857145	0.31374901993333326
80700000	80749999	1.2170467708809527	0.9006641803857145	0.3163825904952382
80750000	80799999	1.2295181231476193	0.9006641803857145	0.3288539427619048
80800000	80849999	1.2610665384666668	0.9006641803857145	0.36040235808095233
80850000	80899999	1.3000644496047622	0.9006641803857145	0.3994002692190477
80900000	80949999	1.303953697157143	0.9006641803857145	0.40328951677142855
80950000	80999999	1.3342337016238097	0.9006641803857145	0.4335695212380952
81000000	81049999	1.3654048492476192	0.9006641803857145	0.4647406688619047
81050000	81099999	1.3802332485571431	0.9006641803857145	0.47956906817142864
81100000	81149999	1.3786126381857144	0.9006641803857145	0.47794845779999995
81150000	81199999	1.3791301927142858	0.9006641803857145	0.47846601232857133
81200000	81249999	1.3816526813285717	0.9006641803857145	0.48098850094285717
81250000	81299999	1.3855949187952383	0.9006641803857145	0.48493073840952383
81300000	81349999	1.3465939975238097	0.9006641803857145	0.4459298171380952
81350000	81399999	1.2992196104761908	0.9006641803857145	0.39855543009047634
81400000	81449999	1.272992177809524	0.9006641803857145	0.3723279974238094
81450000	81499999	1.2749366034904765	0.9006641803857145	0.37427242310476205
81500000	81549999	1.2467971147428574	0.9006641803857145	0.3461329343571429
81550000	81599999	1.2164656062190478	0.9006641803857145	0.31580142583333326
81600000	81649999	1.1859189090095241	0.9006641803857145	0.28525472862380963
81650000	81699999	1.1672101269666668	0.9006641803857145	0.2665459465809523
81700000	81749999	1.1545329588238098	0.9006641803857145	0.2538687784380953
81750000	81799999	1.1532217023809526	0.9006641803857145	0.25255752199523807
81800000	81849999	1.1535580949380955	0.9006641803857145	0.25289391455238097
81850000	81899999	1.1607129591285716	0.9006641803857145	0.26004877874285715
81900000	81949999	1.1407484682809526	0.9006641803857145	0.24008428789523806
81950000	81999999	1.1532306800952383	0.9006641803857145	0.25256649970952383
82000000	82049999	1.1526995855666669	0.9006641803857145	0.25203540518095235
82050000	82099999	1.1284140700761907	0.9006641803857145	0.22774988969047616
82100000	82149999	1.1207880190190478	0.9006641803857145	0.2201238386333333
82150000	82199999	1.1153618238761907	0.9006641803857145	0.21469764349047615
82200000	82249999	1.1102535787000003	0.9006641803857145	0.2095893983142858
82250000	82299999	1.0987446438809525	0.9006641803857145	0.198080463495238
82300000	82349999	1.0738339517095241	0.9006641803857145	0.17316977132380962
82350000	82399999	1.0907310974904765	0.9006641803857145	0.19006691710476198
82400000	82449999	1.0746590133380955	0.9006641803857145	0.17399483295238105
82450000	82499999	1.0749952800428573	0.9006641803857145	0.17433109965714277
82500000	82549999	1.0510914689333335	0.9006641803857145	0.150427288547619
82550000	82599999	1.039080309161905	0.9006641803857145	0.13841612877619047
82600000	82649999	1.025469750419048	0.9006641803857145	0.12480557003333348
82650000	82699999	1.0186252774714288	0.9006641803857145	0.11796109708571434
82700000	82749999	1.021912315009524	0.9006641803857145	0.12124813462380946
82750000	82799999	1.0220848526047621	0.9006641803857145	0.12142067221904762
82800000	82849999	1.0085644073428575	0.9006641803857145	0.10790022695714296
82850000	82899999	0.9773064186095239	0.9006641803857145	0.07664223822380944
82900000	82949999	0.940524073409524	0.9006641803857145	0.039859893023809545
82950000	82999999	0.9200173091714288	0.9006641803857145	0.01935312878571427
83000000	83049999	0.8816173708476193	0.9006641803857145	-0.019046809538095233
83050000	83099999	0.8405126822380954	0.9006641803857145	-0.06015149814761911
83100000	83149999	0.8277574865857145	0.9006641803857145	-0.07290669380000003
83150000	83199999	0.8152460896428574	0.9006641803857145	-0.08541809074285711
83200000	83249999	0.7999403925761907	0.9006641803857145	-0.10072378780952385
83250000	83299999	0.786419853109524	0.9006641803857145	-0.1142443272761905
83300000	83349999	0.7877834107047621	0.9006641803857145	-0.1128807696809524
83350000	83399999	0.7832666858047621	0.9006641803857145	-0.11739749458095239
83400000	83449999	0.7575709471952383	0.9006641803857145	-0.14309323319047618
83450000	83499999	0.7476358255333335	0.9006641803857145	-0.15302835485238098
83500000	83549999	0.7428140428666669	0.9006641803857145	-0.15785013751904764
83550000	83599999	0.742638939461905	0.9006641803857145	-0.15802524092380954
83600000	83649999	0.7493100834809525	0.9006641803857145	-0.15135409690476198
83650000	83699999	0.7515441743190479	0.9006641803857145	-0.14912000606666664
83700000	83749999	0.7565423949904764	0.9006641803857145	-0.14412178539523812
83750000	83799999	0.7550073196476192	0.9006641803857145	-0.14565686073809525
83800000	83849999	0.7531161658714287	0.9006641803857145	-0.14754801451428579
83850000	83899999	0.7528091070142859	0.9006641803857145	-0.14785507337142856
83900000	83949999	0.7639077711714288	0.9006641803857145	-0.13675640921428567
83950000	83999999	0.7681199386857145	0.9006641803857145	-0.1325442417
84000000	84049999	0.7617936785095241	0.9006641803857145	-0.13887050187619043
84050000	84099999	0.7748288752333335	0.9006641803857145	-0.12583530515238095
84100000	84149999	0.786281223857143	0.9006641803857145	-0.11438295652857144
84150000	84199999	0.7863672188190478	0.9006641803857145	-0.11429696156666669
84200000	84249999	0.7936235297000002	0.9006641803857145	-0.10704065068571433
84250000	84299999	0.8110885487952384	0.9006641803857145	-0.0895756315904761
84300000	84349999	0.8195015183523812	0.9006641803857145	-0.08116266203333333
84350000	84399999	0.8370483406142859	0.9006641803857145	-0.0636158397714286
84400000	84449999	0.8458050011095241	0.9006641803857145	-0.05485917927619044
84450000	84499999	0.8610548255857144	0.9006641803857145	-0.03960935480000005
84500000	84549999	0.884737880961905	0.9006641803857145	-0.01592629942380952
84550000	84599999	0.8958936472523812	0.9006641803857145	-0.00477053313333331
84600000	84649999	0.9041926325333336	0.9006641803857145	0.003528452147619099
84650000	84699999	0.9212566131857145	0.9006641803857145	0.020592432800000005
84700000	84749999	0.9289619216333336	0.9006641803857145	0.02829774124761908
84750000	84799999	0.9311272096047621	0.9006641803857145	0.030463029219047644
84800000	84849999	0.9404045862523811	0.9006641803857145	0.039740405866666606
84850000	84899999	0.9303630333714288	0.9006641803857145	0.029698852985714286
84900000	84949999	0.9342103813428574	0.9006641803857145	0.03354620095714289
84950000	84999999	0.9368041326238097	0.9006641803857145	0.036139952238095185
85000000	85049999	0.9316636804714288	0.9006641803857145	0.030999500085714282
85050000	85099999	0.9339721896476192	0.9006641803857145	0.03330800926190469
85100000	85149999	0.938847517561905	0.9006641803857145	0.03818333717619049
85150000	85199999	0.943405533861905	0.9006641803857145	0.04274135347619046
85200000	85249999	0.9597837554952383	0.9006641803857145	0.059119575109523814
85250000	85299999	0.9614429719476193	0.9006641803857145	0.0607787915619048
85300000	85349999	0.9682084352714287	0.9006641803857145	0.06754425488571425
85350000	85399999	0.9797922483952383	0.9006641803857145	0.07912806800952377
85400000	85449999	0.9923794997809526	0.9006641803857145	0.09171531939523814
85450000	85499999	1.010728858452381	0.9006641803857145	0.11006467806666653
85500000	85549999	0.9996985939190478	0.9006641803857145	0.09903441353333331
85550000	85599999	0.995197173109524	0.9006641803857145	0.09453299272380955
85600000	85649999	0.9878144144523812	0.9006641803857145	0.08715023406666667
85650000	85699999	0.989577441609524	0.9006641803857145	0.08891326122380949
85700000	85749999	0.989300376109524	0.9006641803857145	0.08863619572380954
85750000	85799999	0.9951742716238097	0.9006641803857145	0.09451009123809517
85800000	85849999	1.0029524476523812	0.9006641803857145	0.10228826726666673
85850000	85899999	1.019160838004762	0.9006641803857145	0.1184966576190476
85900000	85949999	1.0472573737333335	0.9006641803857145	0.146593193347619
85950000	85999999	1.057186272114286	0.9006641803857145	0.15652209172857146
86000000	86049999	1.068494027557143	0.9006641803857145	0.16782984717142857
86050000	86099999	1.0840980677476193	0.9006641803857145	0.1834338873619048
86100000	86149999	1.128042860109524	0.9006641803857145	0.22737867972380954
86150000	86199999	1.1595262645190478	0.9006641803857145	0.25886208413333334
86200000	86249999	1.1678243946142859	0.9006641803857145	0.2671602142285714
86250000	86299999	1.1555234911047623	0.9006641803857145	0.25485931071904777
86300000	86349999	1.1503221235523813	0.9006641803857145	0.24965794316666678
86350000	86399999	1.1182671797666668	0.9006641803857145	0.2176029993809523
86400000	86449999	1.104303146009524	0.9006641803857145	0.20363896562380956
86450000	86499999	1.0792148636761907	0.9006641803857145	0.1785506832904762
86500000	86549999	1.0501340820714287	0.9006641803857145	0.14946990168571417
86550000	86599999	1.0671409383428574	0.9006641803857145	0.1664767579571429
86600000	86649999	1.0635800526333337	0.9006641803857145	0.16291587224761916
86650000	86699999	1.0573906565285716	0.9006641803857145	0.15672647614285706
86700000	86749999	1.0501979660523812	0.9006641803857145	0.14953378566666675
86750000	86799999	1.0300370644523813	0.9006641803857145	0.1293728840666668
86800000	86849999	1.015245676261905	0.9006641803857145	0.1145814958761906
86850000	86899999	0.9977624887047621	0.9006641803857145	0.09709830831904764
86900000	86949999	0.9785500711857145	0.9006641803857145	0.07788589079999997
86950000	86999999	0.9728368017333335	0.9006641803857145	0.07217262134761904
87000000	87049999	1.001869873414286	0.9006641803857145	0.10120569302857141
87050000	87099999	1.0297785341523813	0.9006641803857145	0.1291143537666668
87100000	87149999	1.0324606627333335	0.9006641803857145	0.13179648234761898
87150000	87199999	1.0080181523523812	0.9006641803857145	0.10735397196666674
87200000	87249999	0.977935000409524	0.9006641803857145	0.07727082002380947
87250000	87299999	0.9734816265380954	0.9006641803857145	0.07281744615238095
87300000	87349999	0.9823401640904764	0.9006641803857145	0.08167598370476192
87350000	87399999	0.9965973685238098	0.9006641803857145	0.09593318813809526
87400000	87449999	1.0082756884333335	0.9006641803857145	0.10761150804761899
87450000	87499999	0.9933028592380955	0.9006641803857145	0.09263867885238097
87500000	87549999	1.014061733257143	0.9006641803857145	0.11339755287142861
87550000	87599999	1.0362109507809525	0.9006641803857145	0.135546770395238
87600000	87649999	1.0637838774952384	0.9006641803857145	0.1631196971095239
87650000	87699999	1.095621374166667	0.9006641803857145	0.19495719378095244
87700000	87749999	1.1190312617952383	0.9006641803857145	0.21836708140952377
87750000	87799999	1.1369894172238098	0.9006641803857145	0.23632523683809525
87800000	87849999	1.1681358613000001	0.9006641803857145	0.26747168091428564
87850000	87899999	1.206772486457143	0.9006641803857145	0.30610830607142847
87900000	87949999	1.2640424437095241	0.9006641803857145	0.3633782633238096
87950000	87999999	1.2816648406714288	0.9006641803857145	0.38100066028571433
88000000	88049999	1.2980160008523811	0.9006641803857145	0.3973518204666666
88050000	88099999	1.2913474667238098	0.9006641803857145	0.39068328633809535
88100000	88149999	1.287045833704762	0.9006641803857145	0.3863816533190476
88150000	88199999	1.313153478657143	0.9006641803857145	0.41248929827142855
88200000	88249999	1.3344848078428573	0.9006641803857145	0.4338206274571428
88250000	88299999	1.3569340269238097	0.9006641803857145	0.4562698465380952
88300000	88349999	1.3662541821476193	0.9006641803857145	0.4655900017619048
88350000	88399999	1.3777531849000002	0.9006641803857145	0.4770890045142857
88400000	88449999	1.3713750274285716	0.9006641803857145	0.47071084704285715
88450000	88499999	1.3893490403857145	0.9006641803857145	0.48868486
88500000	88549999	1.4215280842761906	0.9006641803857145	0.5208639038904761
88550000	88599999	1.4072129365619048	0.9006641803857145	0.5065487561761903
88600000	88649999	1.3975032064142858	0.9006641803857145	0.49683902602857133
88650000	88699999	1.365231130957143	0.9006641803857145	0.4645669505714285
88700000	88749999	1.3579637304809526	0.9006641803857145	0.45729955009523815
88750000	88799999	1.3551021295333336	0.9006641803857145	0.45443794914761915
88800000	88849999	1.3514467396285716	0.9006641803857145	0.45078255924285715
88850000	88899999	1.3299874328285717	0.9006641803857145	0.4293232524428572
88900000	88949999	1.2962313115238098	0.9006641803857145	0.3955671311380953
88950000	88999999	1.2530069040952383	0.9006641803857145	0.3523427237095238
89000000	89049999	1.2438412420047622	0.9006641803857145	0.3431770616190477
89050000	89099999	1.2356602334428572	0.9006641803857145	0.33499605305714275
89100000	89149999	1.2222641217904764	0.9006641803857145	0.3215999414047619
89150000	89199999	1.212421342166667	0.9006641803857145	0.3117571617809525
89200000	89249999	1.1917509115380955	0.9006641803857145	0.29108673115238104
89250000	89299999	1.1920687991857144	0.9006641803857145	0.2914046187999999
89300000	89349999	1.2071809363190478	0.9006641803857145	0.3065167559333333
89350000	89399999	1.1964558284428572	0.9006641803857145	0.29579164805714275
89400000	89449999	1.2515263073333336	0.9006641803857145	0.3508621269476191
89450000	89499999	1.2772004221142859	0.9006641803857145	0.37653624172857136
89500000	89549999	1.310928198266667	0.9006641803857145	0.41026401788095246
89550000	89599999	1.3087581198761906	0.9006641803857145	0.4080939394904761
89600000	89649999	1.3160708033285715	0.9006641803857145	0.415406622942857
89650000	89699999	1.3603759184809525	0.9006641803857145	0.459711738095238
89700000	89749999	1.3717188954857145	0.9006641803857145	0.47105471509999997
89750000	89799999	1.379820660171429	0.9006641803857145	0.4791564797857144
89800000	89849999	1.4026959544904765	0.9006641803857145	0.502031774104762
89850000	89899999	1.4107142839142859	0.9006641803857145	0.5100501035285714
89900000	89949999	1.4274242238380954	0.9006641803857145	0.5267600434523809
89950000	89999999	1.4568641425952382	0.9006641803857145	0.5561999622095237
90000000	90049999	1.468370260704762	0.9006641803857145	0.5677060803190475
90050000	90099999	1.4715495090190478	0.9006641803857145	0.5708853286333333
90100000	90149999	1.4573758944619049	0.9006641803857145	0.5567117140761904
90150000	90199999	1.4625473245523812	0.9006641803857145	0.5618831441666667
90200000	90249999	1.4528596751761906	0.9006641803857145	0.5521954947904761
90250000	90299999	1.448868124319048	0.9006641803857145	0.5482039439333335
90300000	90349999	1.430073248114286	0.9006641803857145	0.5294090677285714
90350000	90399999	1.3750889644809525	0.9006641803857145	0.47442478409523803
90400000	90449999	1.3722054873476193	0.9006641803857145	0.47154130696190477
90450000	90499999	1.2909551217904764	0.9006641803857145	0.39029094140476195
90500000	90549999	1.2573174296238097	0.9006641803857145	0.35665324923809516
90550000	90599999	1.1977944761857144	0.9006641803857145	0.29713029579999994
90600000	90649999	1.177171505104762	0.9006641803857145	0.2765073247190475
90650000	90699999	1.1691174447428574	0.9006641803857145	0.2684532643571429
90700000	90749999	1.1222823697238098	0.9006641803857145	0.2216181893380953
90750000	90799999	1.102542882366667	0.9006641803857145	0.20187870198095248
90800000	90849999	1.0764775324952383	0.9006641803857145	0.17581335210952376
90850000	90899999	1.032020307214286	0.9006641803857145	0.13135612682857145
90900000	90949999	1.012653513814286	0.9006641803857145	0.11198933342857154
90950000	90999999	0.9865898764857145	0.9006641803857145	0.0859256961
91000000	91049999	0.945752131509524	0.9006641803857145	0.04508795112380948
91050000	91099999	0.9227334749428573	0.9006641803857145	0.022069294557142793
91100000	91149999	0.8805799042000002	0.9006641803857145	-0.02008427618571429
91150000	91199999	0.860784879809524	0.9006641803857145	-0.03987930057619049
91200000	91249999	0.8321892433047621	0.9006641803857145	-0.06847493708095242
91250000	91299999	0.8148281740904764	0.9006641803857145	-0.08583600629523813
91300000	91349999	0.7966305508476192	0.9006641803857145	-0.10403362953809525
91350000	91399999	0.7876940711428574	0.9006641803857145	-0.11297010924285711
91400000	91449999	0.7961603829523811	0.9006641803857145	-0.10450379743333338
91450000	91499999	0.7737510944142859	0.9006641803857145	-0.12691308597142859
91500000	91549999	0.7774038691761906	0.9006641803857145	-0.12326031120952385
91550000	91599999	0.7799919048380954	0.9006641803857145	-0.12067227554761906
91600000	91649999	0.7843966314428573	0.9006641803857145	-0.11626754894285718
91650000	91699999	0.7711511674571431	0.9006641803857145	-0.12951301292857142
91700000	91749999	0.7486896525809525	0.9006641803857145	-0.15197452780476195
91750000	91799999	0.7410561575238097	0.9006641803857145	-0.15960802286190479
91800000	91849999	0.7378632966904763	0.9006641803857145	-0.16280088369523815
91850000	91899999	0.7359771403714288	0.9006641803857145	-0.1646870400142857
91900000	91949999	0.7338429370476193	0.9006641803857145	-0.16682124333809523
91950000	91999999	0.7204591397523812	0.9006641803857145	-0.1802050406333333
92000000	92049999	0.7207278705666669	0.9006641803857145	-0.17993630981904762
92050000	92099999	0.7176066479857145	0.9006641803857145	-0.1830575324
92100000	92149999	0.7095223360190478	0.9006641803857145	-0.1911418443666667
92150000	92199999	0.7245186563285716	0.9006641803857145	-0.1761455240571429
92200000	92249999	0.7243215369761907	0.9006641803857145	-0.17634264340952377
92250000	92299999	0.7136090697714288	0.9006641803857145	-0.1870551106142857
92300000	92349999	0.7047792332333336	0.9006641803857145	-0.19588494715238092
92350000	92399999	0.7078844933047621	0.9006641803857145	-0.1927796870809524
92400000	92449999	0.6808637451952383	0.9006641803857145	-0.2198004351904762
92450000	92499999	0.671030660561905	0.9006641803857145	-0.22963351982380953
92500000	92549999	0.6788953066904764	0.9006641803857145	-0.22176887369523812
92550000	92599999	0.6726958765000002	0.9006641803857145	-0.22796830388571432
92600000	92649999	0.6649191929190478	0.9006641803857145	-0.23574498746666672
92650000	92699999	0.6657562771809525	0.9006641803857145	-0.23490790320476196
92700000	92749999	0.682707256361905	0.9006641803857145	-0.2179569240238095
92750000	92799999	0.7026755530809525	0.9006641803857145	-0.19798862730476197
92800000	92849999	0.7070639940000002	0.9006641803857145	-0.1936001863857143
92850000	92899999	0.7032281827809526	0.9006641803857145	-0.19743599760476194
92900000	92949999	0.7110123153190478	0.9006641803857145	-0.18965186506666665
92950000	92999999	0.7200868204761908	0.9006641803857145	-0.18057735990952373
93000000	93049999	0.7304402440285717	0.9006641803857145	-0.17022393635714284
93050000	93099999	0.7325720199000002	0.9006641803857145	-0.1680921604857143
93100000	93149999	0.7433927509809526	0.9006641803857145	-0.1572714294047619
93150000	93199999	0.753809667061905	0.9006641803857145	-0.1468545133238095
93200000	93249999	0.764078754961905	0.9006641803857145	-0.13658542542380947
93250000	93299999	0.7808404572285716	0.9006641803857145	-0.11982372315714285
93300000	93349999	0.8040838622952383	0.9006641803857145	-0.09658031809047618
93350000	93399999	0.8213725781285717	0.9006641803857145	-0.07929160225714282
93400000	93449999	0.8252775131000002	0.9006641803857145	-0.0753866672857143
93450000	93499999	0.8670525240428574	0.9006641803857145	-0.03361165634285712
93500000	93549999	0.9079426040333336	0.9006641803857145	0.007278423647619103
93550000	93599999	0.9165775374047621	0.9006641803857145	0.015913357019047614
93600000	93649999	0.9335825068428574	0.9006641803857145	0.03291832645714288
93650000	93699999	0.9504726684666669	0.9006641803857145	0.049808488080952396
93700000	93749999	0.9702053963142859	0.9006641803857145	0.06954121592857143
93750000	93799999	0.9745050395285717	0.9006641803857145	0.07384085914285721
93800000	93849999	0.9721026532809526	0.9006641803857145	0.07143847289523808
93850000	93899999	0.9891367586428573	0.9006641803857145	0.08847257825714283
93900000	93949999	0.9966998608238098	0.9006641803857145	0.0960356804380953
93950000	93999999	0.9983092446095241	0.9006641803857145	0.09764506422380959
94000000	94049999	1.0037869373428574	0.9006641803857145	0.1031227569571429
94050000	94099999	1.0104557205000002	0.9006641803857145	0.10979154011428571
94100000	94149999	1.0251122952857146	0.9006641803857145	0.12444811490000007
94150000	94199999	1.0252328145428573	0.9006641803857145	0.12456863415714281
94200000	94249999	1.0337314691904764	0.9006641803857145	0.13306728880476193
94250000	94299999	1.0636497881000002	0.9006641803857145	0.16298560771428572
94300000	94349999	1.0957977200761906	0.9006641803857145	0.1951335396904761
94350000	94399999	1.133413752714286	0.9006641803857145	0.23274957232857152
94400000	94449999	1.1614716530285716	0.9006641803857145	0.2608074726428571
94450000	94499999	1.167523261909524	0.9006641803857145	0.26685908152380944
94500000	94549999	1.1838231439523812	0.9006641803857145	0.2831589635666667
94550000	94599999	1.1959587057000003	0.9006641803857145	0.2952945253142858
94600000	94649999	1.2102390604000002	0.9006641803857145	0.3095748800142857
94650000	94699999	1.2081651138285716	0.9006641803857145	0.3075009334428571
94700000	94749999	1.2187857635285717	0.9006641803857145	0.3181215831428572
94750000	94799999	1.2236608288047621	0.9006641803857145	0.3229966484190476
94800000	94849999	1.2613239573761907	0.9006641803857145	0.36065977699047624
94850000	94899999	1.290596948861905	0.9006641803857145	0.3899327684761904
94900000	94949999	1.282504181557143	0.9006641803857145	0.38184000117142847
94950000	94999999	1.2988065603857144	0.9006641803857145	0.3981423799999999
95000000	95049999	1.2956861768857144	0.9006641803857145	0.3950219964999999
95050000	95099999	1.3034750439952383	0.9006641803857145	0.4028108636095238
95100000	95149999	1.3075592128476194	0.9006641803857145	0.40689503246190495
95150000	95199999	1.2980920174952384	0.9006641803857145	0.3974278371095239
95200000	95249999	1.299761294304762	0.9006641803857145	0.39909711391904756
95250000	95299999	1.3045526812857144	0.9006641803857145	0.40388850089999995
95300000	95349999	1.2888229494904764	0.9006641803857145	0.3881587691047619
95350000	95399999	1.2519672447380954	0.9006641803857145	0.3513030643523809
95400000	95449999	1.2128454489333336	0.9006641803857145	0.3121812685476191
95450000	95499999	1.177551043019048	0.9006641803857145	0.2768868626333334
95500000	95549999	1.182854952214286	0.9006641803857145	0.28219077182857144
95550000	95599999	1.174977157909524	0.9006641803857145	0.27431297752380956
95600000	95649999	1.148760022614286	0.9006641803857145	0.2480958422285715
95650000	95699999	1.1577355578428574	0.9006641803857145	0.2570713774571429
95700000	95749999	1.1759027388761907	0.9006641803857145	0.2752385584904762
95750000	95799999	1.1765337585476192	0.9006641803857145	0.2758695781619047
95800000	95849999	1.2026185299380954	0.9006641803857145	0.3019543495523809
95850000	95899999	1.1851455420904764	0.9006641803857145	0.2844813617047619
95900000	95949999	1.1668921793380955	0.9006641803857145	0.26622799895238103
95950000	95999999	1.1788369709952384	0.9006641803857145	0.27817279060952393
96000000	96049999	1.1822710265238099	0.9006641803857145	0.2816068461380954
96050000	96099999	1.1822727612904764	0.9006641803857145	0.28160858090476193
96100000	96149999	1.163684187466667	0.9006641803857145	0.2630200070809525
96150000	96199999	1.1509372184142859	0.9006641803857145	0.25027303802857137
96200000	96249999	1.1491506692190478	0.9006641803857145	0.24848648883333335
96250000	96299999	1.153127824504762	0.9006641803857145	0.25246364411904754
96300000	96349999	1.1395998832476193	0.9006641803857145	0.2389357028619048
96350000	96399999	1.1116254492428572	0.9006641803857145	0.21096126885714273
96400000	96449999	1.1084097804761905	0.9006641803857145	0.20774560009047605
96450000	96499999	1.0858604778333336	0.9006641803857145	0.18519629744761912
96500000	96549999	1.0788520286285717	0.9006641803857145	0.17818784824285716
96550000	96599999	1.0540521199190478	0.9006641803857145	0.1533879395333333
96600000	96649999	1.0104800706000001	0.9006641803857145	0.10981589021428562
96650000	96699999	0.9884037068857144	0.9006641803857145	0.08773952649999994
96700000	96749999	0.950567428361905	0.9006641803857145	0.0499032479761905
96750000	96799999	0.918797560561905	0.9006641803857145	0.018133380176190483
96800000	96849999	0.8939017404380954	0.9006641803857145	-0.006762439947619048
96850000	96899999	0.8384737562285716	0.9006641803857145	-0.06219042415714293
96900000	96949999	0.8048524800857145	0.9006641803857145	-0.09581170029999997
96950000	96999999	0.7727929629809526	0.9006641803857145	-0.12787121740476193
97000000	97049999	0.7416705514523811	0.9006641803857145	-0.15899362893333335
97050000	97099999	0.7160615414285716	0.9006641803857145	-0.1846026389571429
97100000	97149999	0.7070307653000002	0.9006641803857145	-0.1936334150857143
97150000	97199999	0.6975730825047621	0.9006641803857145	-0.20309109788095236
97200000	97249999	0.6920724469761906	0.9006641803857145	-0.20859173340952386
97250000	97299999	0.6817562826428574	0.9006641803857145	-0.21890789774285713
97300000	97349999	0.6684601512809525	0.9006641803857145	-0.232204029104762
97350000	97399999	0.6578977122714288	0.9006641803857145	-0.2427664681142857
97400000	97449999	0.6706833657523812	0.9006641803857145	-0.2299808146333333
97450000	97499999	0.6700265660523812	0.9006641803857145	-0.2306376143333333
97500000	97549999	0.6866604093904763	0.9006641803857145	-0.21400377099523815
97550000	97599999	0.6909937107809526	0.9006641803857145	-0.20967046960476188
97600000	97649999	0.695206851709524	0.9006641803857145	-0.2054573286761905
97650000	97699999	0.724677561209524	0.9006641803857145	-0.17598661917619052
97700000	97749999	0.7732039017952383	0.9006641803857145	-0.12746027859047615
97750000	97799999	0.7976794112857145	0.9006641803857145	-0.10298476909999998
97800000	97849999	0.8140361289809526	0.9006641803857145	-0.08662805140476193
97850000	97899999	0.8320304982190478	0.9006641803857145	-0.06863368216666665
97900000	97949999	0.8584041390714288	0.9006641803857145	-0.042260041314285735
97950000	97999999	0.8641993230904764	0.9006641803857145	-0.03646485729523807
98000000	98049999	0.8599985377333336	0.9006641803857145	-0.04066564265238093
98050000	98099999	0.8421138760142859	0.9006641803857145	-0.05855030437142861
98100000	98149999	0.8394034891428573	0.9006641803857145	-0.06126069124285716
98150000	98199999	0.8326611733142859	0.9006641803857145	-0.06800300707142859
98200000	98249999	0.8301151050714288	0.9006641803857145	-0.07054907531428567
98250000	98299999	0.8215359511571431	0.9006641803857145	-0.07912822922857143
98300000	98349999	0.8236550676238097	0.9006641803857145	-0.07700911276190481
98350000	98399999	0.8193139464523812	0.9006641803857145	-0.0813502339333333
98400000	98449999	0.8225646204333336	0.9006641803857145	-0.07809955995238094
98450000	98499999	0.8203256403380954	0.9006641803857145	-0.08033854004761909
98500000	98549999	0.8148602498285716	0.9006641803857145	-0.08580393055714286
98550000	98599999	0.8039711913047621	0.9006641803857145	-0.09669298908095236
98600000	98649999	0.8051283705904764	0.9006641803857145	-0.09553580979523812
98650000	98699999	0.7969586446761907	0.9006641803857145	-0.10370553570952379
98700000	98749999	0.7685183652571431	0.9006641803857145	-0.13214581512857138
98750000	98799999	0.7127386133285717	0.9006641803857145	-0.1879255670571428
98800000	98849999	0.6897867417761907	0.9006641803857145	-0.2108774386095238
98850000	98899999	0.6653802991761908	0.9006641803857145	-0.2352838812095237
98900000	98949999	0.6346962311000002	0.9006641803857145	-0.2659679492857143
98950000	98999999	0.6137638519285716	0.9006641803857145	-0.28690032845714286
99000000	99049999	0.6118508285428573	0.9006641803857145	-0.28881335184285717
99050000	99099999	0.6270127272190478	0.9006641803857145	-0.2736514531666667
99100000	99149999	0.6418865943000002	0.9006641803857145	-0.25877758608571433
99150000	99199999	0.6284949877714288	0.9006641803857145	-0.27216919261428574
99200000	99249999	0.6201562548523811	0.9006641803857145	-0.28050792553333337
99250000	99299999	0.625661682009524	0.9006641803857145	-0.2750024983761905
99300000	99349999	0.6403412583047621	0.9006641803857145	-0.2603229220809524
99350000	99399999	0.6434106132476193	0.9006641803857145	-0.2572535671380952
99400000	99449999	0.6599973349095241	0.9006641803857145	-0.24066684547619044
99450000	99499999	0.6678920242190478	0.9006641803857145	-0.2327721561666667
99500000	99549999	0.672516459809524	0.9006641803857145	-0.22814772057619048
99550000	99599999	0.687206665509524	0.9006641803857145	-0.21345751487619047
99600000	99649999	0.6820406926428573	0.9006641803857145	-0.21862348774285723
99650000	99699999	0.6891440549285717	0.9006641803857145	-0.21152012545714283
99700000	99749999	0.6940187405428574	0.9006641803857145	-0.2066454398428571
99750000	99799999	0.7016491212333336	0.9006641803857145	-0.19901505915238094
99800000	99849999	0.7022315435000002	0.9006641803857145	-0.19843263688571433
99850000	99899999	0.7027565469523811	0.9006641803857145	-0.1979076334333334
99900000	99949999	0.7075867100476192	0.9006641803857145	-0.1930774703380953
99950000	99999999	0.7164345601428573	0.9006641803857145	-0.18422962024285716
100000000	100049999	0.7078709690809526	0.9006641803857145	-0.1927932113047619
100050000	100099999	0.7050256928857145	0.9006641803857145	-0.1956384875
100100000	100149999	0.7041511796000002	0.9006641803857145	-0.19651300078571432
100150000	100199999	0.7090341860666669	0.9006641803857145	-0.1916299943190476
100200000	100249999	0.7181387708904764	0.9006641803857145	-0.1825254094952381
100250000	100299999	0.7275774540333335	0.9006641803857145	-0.17308672635238098
100300000	100349999	0.7304350507238098	0.9006641803857145	-0.17022912966190473
100350000	100399999	0.7282589929714287	0.9006641803857145	-0.1724051874142858
100400000	100449999	0.7240508520047622	0.9006641803857145	-0.17661332838095234
100450000	100499999	0.720103623909524	0.9006641803857145	-0.18056055647619051
100500000	100549999	0.7216240756380954	0.9006641803857145	-0.1790401047476191
100550000	100599999	0.7126696150904763	0.9006641803857145	-0.18799456529523817
100600000	100649999	0.6949445476285716	0.9006641803857145	-0.2057196327571429
100650000	100699999	0.7053135618095241	0.9006641803857145	-0.1953506185761904
100700000	100749999	0.6920476702857145	0.9006641803857145	-0.20861651010000004
100750000	100799999	0.6837805682761907	0.9006641803857145	-0.21688361210952378
100800000	100849999	0.6872578060190478	0.9006641803857145	-0.21340637436666665
100850000	100899999	0.6901173455000003	0.9006641803857145	-0.21054683488571424
100900000	100949999	0.6840452965333336	0.9006641803857145	-0.21661888385238093
100950000	100999999	0.6768767499952383	0.9006641803857145	-0.22378743039047622
101000000	101049999	0.6697768737285716	0.9006641803857145	-0.23088730665714285
101050000	101099999	0.6780673915333335	0.9006641803857145	-0.222596788852381
101100000	101149999	0.6796990011190478	0.9006641803857145	-0.2209651792666667
101150000	101199999	0.6757045509333336	0.9006641803857145	-0.2249596294523809
101200000	101249999	0.6800872470904764	0.9006641803857145	-0.2205769332952381
101250000	101299999	0.680730603561905	0.9006641803857145	-0.21993357682380954
101300000	101349999	0.6769324584380955	0.9006641803857145	-0.22373172194761903
101350000	101399999	0.6783887639380954	0.9006641803857145	-0.22227541644761906
101400000	101449999	0.6866219814190477	0.9006641803857145	-0.21404219896666676
101450000	101499999	0.7017454199047621	0.9006641803857145	-0.19891876048095236
101500000	101549999	0.6973438979857145	0.9006641803857145	-0.2033202824
101550000	101599999	0.7010426403952383	0.9006641803857145	-0.19962153999047616
101600000	101649999	0.7225076635333335	0.9006641803857145	-0.17815651685238099
101650000	101699999	0.7461313233666669	0.9006641803857145	-0.15453285701904762
101700000	101749999	0.759167512361905	0.9006641803857145	-0.14149666802380945
101750000	101799999	0.7888354628809525	0.9006641803857145	-0.11182871750476198
101800000	101849999	0.8240390365571431	0.9006641803857145	-0.07662514382857144
101850000	101899999	0.8304193156523811	0.9006641803857145	-0.07024486473333336
101900000	101949999	0.8668749735761907	0.9006641803857145	-0.0337892068095238
101950000	101999999	0.9187200256904764	0.9006641803857145	0.018055845304761897
102000000	102049999	0.9705919014904764	0.9006641803857145	0.06992772110476186
102050000	102099999	0.9957636444238097	0.9006641803857145	0.09509946403809522
102100000	102149999	1.0094100062523812	0.9006641803857145	0.1087458258666667
102150000	102199999	1.0225464162238098	0.9006641803857145	0.12188223583809532
102200000	102249999	1.0350106258380956	0.9006641803857145	0.13434644545238106
102250000	102299999	1.0510515340476192	0.9006641803857145	0.1503873536619047
102300000	102349999	1.071822353509524	0.9006641803857145	0.17115817312380943
102350000	102399999	1.102708351709524	0.9006641803857145	0.20204417132380947
102400000	102449999	1.127566533814286	0.9006641803857145	0.22690235342857146
102450000	102499999	1.1416366398952382	0.9006641803857145	0.24097245950952373
102500000	102549999	1.1353161696380953	0.9006641803857145	0.23465198925238084
102550000	102599999	1.1436165649809527	0.9006641803857145	0.24295238459523816
102600000	102649999	1.1378217931904764	0.9006641803857145	0.23715761280476189
102650000	102699999	1.1299142043904764	0.9006641803857145	0.2292500240047619
102700000	102749999	1.1250215185476193	0.9006641803857145	0.22435733816190484
102750000	102799999	1.1203205712904765	0.9006641803857145	0.21965639090476197
102800000	102849999	1.0985449967904763	0.9006641803857145	0.19788081640476185
102850000	102899999	1.072422828314286	0.9006641803857145	0.17175864792857154
102900000	102949999	1.0755720019000004	0.9006641803857145	0.17490782151428586
102950000	102999999	1.064938451666667	0.9006641803857145	0.1642742712809524
103000000	103049999	1.0368780188285716	0.9006641803857145	0.13621383844285706
103050000	103099999	1.0143953227761906	0.9006641803857145	0.1137311423904761
103100000	103149999	1.0168806329809525	0.9006641803857145	0.11621645259523805
103150000	103199999	1.0041807187761906	0.9006641803857145	0.10351653839047614
103200000	103249999	0.9921044810190478	0.9006641803857145	0.0914403006333333
103250000	103299999	0.9870918436190478	0.9006641803857145	0.08642766323333329
103300000	103349999	1.0042061792809527	0.9006641803857145	0.10354199889523819
103350000	103399999	0.9808055865809526	0.9006641803857145	0.08014140619523813
103400000	103449999	0.9610047927809526	0.9006641803857145	0.060340612395238136
103450000	103499999	0.9395291302000002	0.9006641803857145	0.038864949814285676
103500000	103549999	0.920928499357143	0.9006641803857145	0.020264318971428552
103550000	103599999	0.9162368375238097	0.9006641803857145	0.015572657138095192
103600000	103649999	0.9085004221761906	0.9006641803857145	0.00783624179047615
103650000	103699999	0.9066961432000002	0.9006641803857145	0.006031962814285752
103700000	103749999	0.9022378293428573	0.9006641803857145	0.001573648957142848
103750000	103799999	0.8982079453000003	0.9006641803857145	-0.0024562350857142423
103800000	103849999	0.891860841061905	0.9006641803857145	-0.0088033393238095
103850000	103899999	0.8945789328952383	0.9006641803857145	-0.006085247490476231
103900000	103949999	0.9062522085571431	0.9006641803857145	0.005588028171428561
103950000	103999999	0.905453892661905	0.9006641803857145	0.004789712276190516
104000000	104049999	0.8955114802380955	0.9006641803857145	-0.005152700147619038
104050000	104099999	0.9043321412333335	0.9006641803857145	0.0036679608476190007
104100000	104149999	0.8977537857000002	0.9006641803857145	-0.0029103946857143015
104150000	104199999	0.8891239671714288	0.9006641803857145	-0.011540213214285666
104200000	104249999	0.9024293053380954	0.9006641803857145	0.0017651249523809032
104250000	104299999	0.914176938609524	0.9006641803857145	0.013512758223809485
104300000	104349999	0.9224858197761907	0.9006641803857145	0.02182163939047621
104350000	104399999	0.8810067297666668	0.9006641803857145	-0.019657450619047667
104400000	104449999	0.8984542554666669	0.9006641803857145	-0.00220992491904759
104450000	104499999	0.8954131270238097	0.9006641803857145	-0.0052510533619047894
104500000	104549999	0.8924457587190479	0.9006641803857145	-0.008218421666666642
104550000	104599999	0.8897827817523811	0.9006641803857145	-0.010881398633333372
104600000	104649999	0.8974788434333335	0.9006641803857145	-0.0031853369523809905
104650000	104699999	0.9001557673333336	0.9006641803857145	-0.0005084130523809183
104700000	104749999	0.9029899566904764	0.9006641803857145	0.0023257763047619395
104750000	104799999	0.9065999195809525	0.9006641803857145	0.005935739195238043
104800000	104849999	0.9028413799000002	0.9006641803857145	0.0021771995142857437
104850000	104899999	0.898896794714286	0.9006641803857145	-0.001767385671428534
104900000	104949999	0.8961884094619049	0.9006641803857145	-0.004475770923809574
104950000	104999999	0.8848442521523812	0.9006641803857145	-0.015819928233333336
105000000	105049999	0.8726274809666669	0.9006641803857145	-0.028036699419047628
105050000	105099999	0.8620505416476193	0.9006641803857145	-0.0386136387380952
105100000	105149999	0.8454676903047621	0.9006641803857145	-0.0551964900809524
105150000	105199999	0.8319565908523812	0.9006641803857145	-0.06870758953333334
105200000	105249999	0.8315426207428573	0.9006641803857145	-0.06912155964285716
105250000	105299999	0.8145739047523812	0.9006641803857145	-0.08609027563333327
105300000	105349999	0.8035612027190479	0.9006641803857145	-0.09710297766666665
105350000	105399999	0.7985460951904764	0.9006641803857145	-0.10211808519523813
105400000	105449999	0.800692943461905	0.9006641803857145	-0.09997123692380949
105450000	105499999	0.7816774652047621	0.9006641803857145	-0.11898671518095238
105500000	105549999	0.7701026904666669	0.9006641803857145	-0.1305614899190476
105550000	105599999	0.7596150179285717	0.9006641803857145	-0.14104916245714283
105600000	105649999	0.7586289534142859	0.9006641803857145	-0.14203522697142856
105650000	105699999	0.7483423889666668	0.9006641803857145	-0.15232179141904767
105700000	105749999	0.7428880461952383	0.9006641803857145	-0.1577761341904762
105750000	105799999	0.7431499590952384	0.9006641803857145	-0.1575142212904761
105800000	105849999	0.7251238735476193	0.9006641803857145	-0.17554030683809518
105850000	105899999	0.7242716865904764	0.9006641803857145	-0.17639249379523814
105900000	105949999	0.7275802924952384	0.9006641803857145	-0.17308388789047613
105950000	105999999	0.7252301419761906	0.9006641803857145	-0.17543403840952387
106000000	106049999	0.7265131991333336	0.9006641803857145	-0.17415098125238093
106050000	106099999	0.718382909704762	0.9006641803857145	-0.18228127068095246
106100000	106149999	0.7138833867380955	0.9006641803857145	-0.18678079364761901
106150000	106199999	0.7065725696761906	0.9006641803857145	-0.19409161070952385
106200000	106249999	0.7045331300714288	0.9006641803857145	-0.19613105031428568
106250000	106299999	0.6940837295238097	0.9006641803857145	-0.2065804508619048
106300000	106349999	0.6899623002238097	0.9006641803857145	-0.21070188016190483
106350000	106399999	0.6851662842142859	0.9006641803857145	-0.21549789617142856
106400000	106449999	0.6841252701190478	0.9006641803857145	-0.21653891026666672
106450000	106499999	0.691081867257143	0.9006641803857145	-0.20958231312857145
106500000	106549999	0.6962325104428573	0.9006641803857145	-0.20443166994285722
106550000	106599999	0.7002323800571431	0.9006641803857145	-0.20043180032857144
106600000	106649999	0.707512465909524	0.9006641803857145	-0.1931517144761905
106650000	106699999	0.7094357039714287	0.9006641803857145	-0.19122847641428575
106700000	106749999	0.7180524888190478	0.9006641803857145	-0.18261169156666668
106750000	106799999	0.7305090460000002	0.9006641803857145	-0.17015513438571428
106800000	106849999	0.7374118506714288	0.9006641803857145	-0.16325232971428572
106850000	106899999	0.7586538686571431	0.9006641803857145	-0.14201031172857137
106900000	106949999	0.7701816045714287	0.9006641803857145	-0.1304825758142858
106950000	106999999	0.788185086757143	0.9006641803857145	-0.11247909362857145
107000000	107049999	0.8098443281952383	0.9006641803857145	-0.09081985219047617
107050000	107099999	0.8329557954476192	0.9006641803857145	-0.06770838493809528
107100000	107149999	0.8671623456047621	0.9006641803857145	-0.033501834780952366
107150000	107199999	0.907715524009524	0.9006641803857145	0.007051343623809547
107200000	107249999	0.9169752081285717	0.9006641803857145	0.016311027742857198
107250000	107299999	0.930554880309524	0.9006641803857145	0.02989069992380955
107300000	107349999	0.960032644957143	0.9006641803857145	0.059368464571428525
107350000	107399999	0.9656872209476193	0.9006641803857145	0.06502304056190478
107400000	107449999	0.9818337807285716	0.9006641803857145	0.08116960034285714
107450000	107499999	1.003724222014286	0.9006641803857145	0.10306004162857141
107500000	107549999	1.0211007549428572	0.9006641803857145	0.12043657455714274
107550000	107599999	1.0509747101000002	0.9006641803857145	0.1503105297142857
107600000	107649999	1.0742604229761907	0.9006641803857145	0.17359624259047624
107650000	107699999	1.113972590909524	0.9006641803857145	0.21330841052380944
107700000	107749999	1.1436429762238096	0.9006641803857145	0.24297879583809512
107750000	107799999	1.1745591455619049	0.9006641803857145	0.2738949651761904
107800000	107849999	1.1795417503761907	0.9006641803857145	0.2788775699904762
107850000	107899999	1.1997466467333335	0.9006641803857145	0.29908246634761904
107900000	107949999	1.2247345279428574	0.9006641803857145	0.3240703475571429
107950000	107999999	1.239654263166667	0.9006641803857145	0.33899008278095244
108000000	108049999	1.238708288357143	0.9006641803857145	0.3380441079714285
108050000	108099999	1.2074184017904763	0.9006641803857145	0.30675422140476183
108100000	108149999	1.1859116281476192	0.9006641803857145	0.2852474477619047
108150000	108199999	1.1629697813619049	0.9006641803857145	0.2623056009761904
108200000	108249999	1.1605183305476192	0.9006641803857145	0.2598541501619047
108250000	108299999	1.1692031185523812	0.9006641803857145	0.26853893816666674
108300000	108349999	1.1893191586857144	0.9006641803857145	0.28865497829999986
108350000	108399999	1.186005228204762	0.9006641803857145	0.28534104781904746
108400000	108449999	1.202674652152381	0.9006641803857145	0.3020104717666665
108450000	108499999	1.207523754761905	0.9006641803857145	0.3068595743761906
108500000	108549999	1.2099807209952385	0.9006641803857145	0.30931654060952396
108550000	108599999	1.2190781620428575	0.9006641803857145	0.31841398165714296
108600000	108649999	1.2361525070428574	0.9006641803857145	0.3354883266571429
108650000	108699999	1.243773562609524	0.9006641803857145	0.3431093822238096
108700000	108749999	1.2190426972238098	0.9006641803857145	0.31837851683809526
108750000	108799999	1.1975304400095241	0.9006641803857145	0.29686625962380964
108800000	108849999	1.1773894995476193	0.9006641803857145	0.2767253191619048
108850000	108899999	1.1644482037285715	0.9006641803857145	0.263784023342857
108900000	108949999	1.1361853105380955	0.9006641803857145	0.23552113015238096
108950000	108999999	1.1048885908190478	0.9006641803857145	0.20422441043333328
109000000	109049999	1.069436548157143	0.9006641803857145	0.16877236777142857
109050000	109099999	1.0494896162333336	0.9006641803857145	0.1488254358476191
109100000	109149999	1.0483935734809524	0.9006641803857145	0.14772939309523792
109150000	109199999	1.0362909104904763	0.9006641803857145	0.13562673010476178
109200000	109249999	1.0290251708190479	0.9006641803857145	0.12836099043333338
109250000	109299999	0.9938428001380955	0.9006641803857145	0.09317861975238095
109300000	109349999	0.9760366868761906	0.9006641803857145	0.07537250649047611
109350000	109399999	0.9455661003857145	0.9006641803857145	0.04490192000000004
109400000	109449999	0.9195125960285716	0.9006641803857145	0.018848415642857108
109450000	109499999	0.906294027157143	0.9006641803857145	0.005629846771428526
109500000	109549999	0.886464298309524	0.9006641803857145	-0.014199882076190495
109550000	109599999	0.882467513557143	0.9006641803857145	-0.01819666682857146
109600000	109649999	0.8579925915333335	0.9006641803857145	-0.04267158885238098
109650000	109699999	0.8142460008714287	0.9006641803857145	-0.08641817951428576
109700000	109749999	0.783785765914286	0.9006641803857145	-0.11687841447142855
109750000	109799999	0.767705922814286	0.9006641803857145	-0.13295825757142854
109800000	109849999	0.7565502951666669	0.9006641803857145	-0.14411388521904755
109850000	109899999	0.7570909139571431	0.9006641803857145	-0.14357326642857138
109900000	109949999	0.7685355567476193	0.9006641803857145	-0.1321286236380952
109950000	109999999	0.7847554740238097	0.9006641803857145	-0.11590870636190476
110000000	110049999	0.7965329082523812	0.9006641803857145	-0.10413127213333329
110050000	110099999	0.806964522566667	0.9006641803857145	-0.09369965781904754
110100000	110149999	0.8070115684380955	0.9006641803857145	-0.09365261194761898
110150000	110199999	0.8229654076142859	0.9006641803857145	-0.07769877277142856
110200000	110249999	0.8319756029333336	0.9006641803857145	-0.06868857745238088
110250000	110299999	0.8392562046238098	0.9006641803857145	-0.06140797576190471
110300000	110349999	0.8562090469809526	0.9006641803857145	-0.044455133404761926
110350000	110399999	0.8799720824571431	0.9006641803857145	-0.020692097928571407
110400000	110449999	0.8680266102666668	0.9006641803857145	-0.032637570119047665
110450000	110499999	0.8647174622095241	0.9006641803857145	-0.03594671817619044
110500000	110549999	0.8538331783428573	0.9006641803857145	-0.04683100204285717
110550000	110599999	0.8516321964714287	0.9006641803857145	-0.04903198391428576
110600000	110649999	0.8246872476523812	0.9006641803857145	-0.07597693273333328
110650000	110699999	0.8219810153428574	0.9006641803857145	-0.0786831650428571
110700000	110749999	0.8160838065095241	0.9006641803857145	-0.08458037387619044
110750000	110799999	0.8128404221476193	0.9006641803857145	-0.08782375823809518
110800000	110849999	0.8158202885523812	0.9006641803857145	-0.0848438918333333
110850000	110899999	0.8122257499952383	0.9006641803857145	-0.08843843039047616
110900000	110949999	0.8030531684380955	0.9006641803857145	-0.09761101194761901
110950000	110999999	0.8032416353523811	0.9006641803857145	-0.09742254503333336
111000000	111049999	0.8075426619333336	0.9006641803857145	-0.09312151845238092
111050000	111099999	0.8102411551047621	0.9006641803857145	-0.09042302528095236
111100000	111149999	0.8175202317047621	0.9006641803857145	-0.08314394868095243
111150000	111199999	0.8260840412047621	0.9006641803857145	-0.07458013918095241
111200000	111249999	0.8247950988333336	0.9006641803857145	-0.07586908155238092
111250000	111299999	0.8328994546142859	0.9006641803857145	-0.06776472577142856
111300000	111349999	0.8449300728809526	0.9006641803857145	-0.05573410750476193
111350000	111399999	0.8455799037476193	0.9006641803857145	-0.05508427663809523
111400000	111449999	0.830698553509524	0.9006641803857145	-0.06996562687619046
111450000	111499999	0.8603090466190478	0.9006641803857145	-0.04035513376666666
111500000	111549999	0.8906249432952383	0.9006641803857145	-0.01003923709047616
111550000	111599999	0.9471685392571431	0.9006641803857145	0.046504358871428564
111600000	111649999	0.9986435388238097	0.9006641803857145	0.09797935843809524
111650000	111699999	1.0298429462666667	0.9006641803857145	0.12917876588095223
111700000	111749999	1.0430642432857145	0.9006641803857145	0.14240006289999996
111750000	111799999	1.0567722137714288	0.9006641803857145	0.15610803338571433
111800000	111849999	1.0858794926809525	0.9006641803857145	0.18521531229523802
111850000	111899999	1.104195880609524	0.9006641803857145	0.2035317002238095
111900000	111949999	1.1175355132333336	0.9006641803857145	0.21687133284761906
111950000	111999999	1.1227567522714288	0.9006641803857145	0.2220925718857143
112000000	112049999	1.1197079223190478	0.9006641803857145	0.2190437419333333
112050000	112099999	1.1123576458857145	0.9006641803857145	0.2116934655
112100000	112149999	1.0981211889476192	0.9006641803857145	0.19745700856190473
112150000	112199999	1.095503097757143	0.9006641803857145	0.19483891737142844
112200000	112249999	1.0946008738809525	0.9006641803857145	0.193936693495238
112250000	112299999	1.0908507260047622	0.9006641803857145	0.1901865456190477
112300000	112349999	1.082994346404762	0.9006641803857145	0.1823301660190475
112350000	112399999	1.1066430011428574	0.9006641803857145	0.2059788207571429
112400000	112449999	1.1266206171523812	0.9006641803857145	0.22595643676666666
112450000	112499999	1.1167733030904763	0.9006641803857145	0.2161091227047618
112500000	112549999	1.0929971818333335	0.9006641803857145	0.192333001447619
112550000	112599999	1.057551020852381	0.9006641803857145	0.15688684046666657
112600000	112649999	0.9968541185666668	0.9006641803857145	0.09618993818095234
112650000	112699999	0.9477570146428573	0.9006641803857145	0.047092834257142835
112700000	112749999	0.9108274044000002	0.9006641803857145	0.01016322401428571
112750000	112799999	0.8890881025952383	0.9006641803857145	-0.011576077790476202
112800000	112849999	0.8821126453333336	0.9006641803857145	-0.01855153505238094
112850000	112899999	0.8487094054047621	0.9006641803857145	-0.051954774980952356
112900000	112949999	0.8297215543428573	0.9006641803857145	-0.07094262604285717
112950000	112999999	0.8127465691000002	0.9006641803857145	-0.08791761128571429
113000000	113049999	0.811442431414286	0.9006641803857145	-0.08922174897142854
113050000	113099999	0.8017139358523812	0.9006641803857145	-0.09895024453333334
113100000	113149999	0.7792539108761907	0.9006641803857145	-0.12141026950952383
113150000	113199999	0.764405260609524	0.9006641803857145	-0.13625891977619053
113200000	113249999	0.7506406324571431	0.9006641803857145	-0.15002354792857142
113250000	113299999	0.736396711614286	0.9006641803857145	-0.1642674687714285
113300000	113349999	0.7382354758380955	0.9006641803857145	-0.16242870454761904
113350000	113399999	0.7377050152809526	0.9006641803857145	-0.16295916510476194
113400000	113449999	0.6999347911809526	0.9006641803857145	-0.2007293892047619
113450000	113499999	0.6568767163238097	0.9006641803857145	-0.24378746406190477
113500000	113549999	0.6422682225285717	0.9006641803857145	-0.25839595785714276
113550000	113599999	0.6440960145857145	0.9006641803857145	-0.25656816579999997
113600000	113649999	0.6462692147190479	0.9006641803857145	-0.25439496566666664
113650000	113699999	0.6559968218285717	0.9006641803857145	-0.24466735855714283
113700000	113749999	0.6507039678095241	0.9006641803857145	-0.2499602125761904
113750000	113799999	0.6487885634571431	0.9006641803857145	-0.2518756169285714
113800000	113849999	0.6439000469571431	0.9006641803857145	-0.2567641334285714
113850000	113899999	0.6318503896380955	0.9006641803857145	-0.268813790747619
113900000	113949999	0.6415172012523812	0.9006641803857145	-0.2591469791333333
113950000	113999999	0.6531120693904764	0.9006641803857145	-0.2475521109952381
114000000	114049999	0.6575549142428574	0.9006641803857145	-0.2431092661428571
114050000	114099999	0.6783365187761907	0.9006641803857145	-0.22232766160952377
114100000	114149999	0.7096710948476193	0.9006641803857145	-0.19099308553809524
114150000	114199999	0.7273564829761907	0.9006641803857145	-0.1733076974095238
114200000	114249999	0.7374729677000003	0.9006641803857145	-0.16319121268571424
114250000	114299999	0.7391286518142859	0.9006641803857145	-0.1615355285714286
114300000	114349999	0.7658809261333335	0.9006641803857145	-0.13478325425238102
114350000	114399999	0.7883100060523811	0.9006641803857145	-0.11235417433333339
114400000	114449999	0.8166995019666669	0.9006641803857145	-0.08396467841904764
114450000	114499999	0.8267018011000002	0.9006641803857145	-0.07396237928571425
114500000	114549999	0.8435337943952383	0.9006641803857145	-0.05713038599047615
114550000	114599999	0.8597386111380955	0.9006641803857145	-0.04092556924761903
114600000	114649999	0.8876096405000002	0.9006641803857145	-0.013054539885714256
114650000	114699999	0.9093167978380954	0.9006641803857145	0.008652617452380884
114700000	114749999	0.9466193471285717	0.9006641803857145	0.045955166742857156
114750000	114799999	0.9553732204809525	0.9006641803857145	0.054709040095238026
114800000	114849999	1.003213714914286	0.9006641803857145	0.1025495345285714
114850000	114899999	1.0263785353809527	0.9006641803857145	0.1257143549952382
114900000	114949999	1.0567429127476193	0.9006641803857145	0.15607873236190484
114950000	114999999	1.073433161114286	0.9006641803857145	0.1727689807285715
115000000	115049999	1.078480107214286	0.9006641803857145	0.1778159268285715
115050000	115099999	1.1002688537904763	0.9006641803857145	0.19960467340476185
115100000	115149999	1.0922096972190478	0.9006641803857145	0.19154551683333332
115150000	115199999	1.069995296152381	0.9006641803857145	0.1693311157666666
115200000	115249999	1.0653757733904765	0.9006641803857145	0.164711593004762
115250000	115299999	1.0711439916476193	0.9006641803857145	0.1704798112619048
115300000	115349999	1.0772548918380955	0.9006641803857145	0.17659071145238103
115350000	115399999	1.0636265267476193	0.9006641803857145	0.16296234636190476
115400000	115449999	1.0348794407523811	0.9006641803857145	0.13421526036666664
115450000	115499999	0.999538801609524	0.9006641803857145	0.09887462122380952
115500000	115549999	0.9878857000428574	0.9006641803857145	0.08722151965714287
115550000	115599999	0.9721826715904763	0.9006641803857145	0.07151849120476184
115600000	115649999	0.9665684259238098	0.9006641803857145	0.06590424553809526
115650000	115699999	0.9376750436142859	0.9006641803857145	0.03701086322857139
115700000	115749999	0.9191662167047622	0.9006641803857145	0.018502036319047677
115750000	115799999	0.8816451580761907	0.9006641803857145	-0.019019022309523792
115800000	115849999	0.874312121009524	0.9006641803857145	-0.02635205937619045
115850000	115899999	0.8258409354142859	0.9006641803857145	-0.07482324497142856
115900000	115949999	0.8070147583047621	0.9006641803857145	-0.0936494220809524
115950000	115999999	0.7884355216714288	0.9006641803857145	-0.11222865871428567
116000000	116049999	0.7701195687142859	0.9006641803857145	-0.1305446116714286
116050000	116099999	0.7562117321000003	0.9006641803857145	-0.14445244828571424
116100000	116149999	0.7338231341428574	0.9006641803857145	-0.16684104624285712
116150000	116199999	0.7065261870142859	0.9006641803857145	-0.19413799337142856
116200000	116249999	0.6954796904190479	0.9006641803857145	-0.2051844899666666
116250000	116299999	0.6928264218047622	0.9006641803857145	-0.20783775858095233
116300000	116349999	0.688608932457143	0.9006641803857145	-0.21205524792857144
116350000	116399999	0.6824259027142859	0.9006641803857145	-0.21823827767142856
116400000	116449999	0.6699530176809526	0.9006641803857145	-0.23071116270476189
116450000	116499999	0.672529420057143	0.9006641803857145	-0.2281347603285715
116500000	116549999	0.6823922838476193	0.9006641803857145	-0.2182718965380952
116550000	116599999	0.6782312166571431	0.9006641803857145	-0.22243296372857135
116600000	116649999	0.6724296425190478	0.9006641803857145	-0.2282345378666667
116650000	116699999	0.676496073609524	0.9006641803857145	-0.22416810677619048
116700000	116749999	0.6808656165809526	0.9006641803857145	-0.21979856380476193
116750000	116799999	0.6789416582000002	0.9006641803857145	-0.2217225221857143
116800000	116849999	0.6792170645380955	0.9006641803857145	-0.221447115847619
116850000	116899999	0.6863023430285717	0.9006641803857145	-0.21436183735714276
116900000	116949999	0.6962895436523812	0.9006641803857145	-0.20437463673333334
116950000	116999999	0.700953072561905	0.9006641803857145	-0.19971110782380952
117000000	117049999	0.6931715374000003	0.9006641803857145	-0.20749264298571424
117050000	117099999	0.6941053178523812	0.9006641803857145	-0.20655886253333333
117100000	117149999	0.6919643911333335	0.9006641803857145	-0.20869978925238097
117150000	117199999	0.6981387409809525	0.9006641803857145	-0.20252543940476198
117200000	117249999	0.6968662592333336	0.9006641803857145	-0.20379792115238093
117250000	117299999	0.7016254590238098	0.9006641803857145	-0.1990387213619047
117300000	117349999	0.7002084140761907	0.9006641803857145	-0.20045576630952378
117350000	117399999	0.7004421751904765	0.9006641803857145	-0.20022200519523803
117400000	117449999	0.695389330061905	0.9006641803857145	-0.20527485032380954
117450000	117499999	0.6994397972047621	0.9006641803857145	-0.20122438318095237
117500000	117549999	0.699196181457143	0.9006641803857145	-0.20146799892857148
117550000	117599999	0.6945444710428574	0.9006641803857145	-0.20611970934285706
117600000	117649999	0.7064508753857145	0.9006641803857145	-0.194213305
117650000	117699999	0.7459790081285717	0.9006641803857145	-0.15468517225714284
117700000	117749999	0.7742741923238097	0.9006641803857145	-0.12638998806190482
117750000	117799999	0.8007718568666669	0.9006641803857145	-0.09989232351904764
117800000	117849999	0.8226317922761907	0.9006641803857145	-0.07803238810952384
117850000	117899999	0.8396200138380955	0.9006641803857145	-0.061044166547619017
117900000	117949999	0.8607442168619049	0.9006641803857145	-0.039919963523809554
117950000	117999999	0.879800774209524	0.9006641803857145	-0.020863406176190535
118000000	118049999	0.9336791546952383	0.9006641803857145	0.033014974309523826
118050000	118099999	0.9938661908666668	0.9006641803857145	0.09320201048095234
118100000	118149999	1.0205579033476193	0.9006641803857145	0.11989372296190481
118150000	118199999	1.0362779712857144	0.9006641803857145	0.13561379089999992
118200000	118249999	1.0625134201952382	0.9006641803857145	0.1618492398095237
118250000	118299999	1.091708530114286	0.9006641803857145	0.19104434972857143
118300000	118349999	1.1300463149666669	0.9006641803857145	0.22938213458095236
118350000	118399999	1.1594821925857146	0.9006641803857145	0.2588180122000001
118400000	118449999	1.1625925369428574	0.9006641803857145	0.26192835655714286
118450000	118499999	1.1790994597333335	0.9006641803857145	0.278435279347619
118500000	118549999	1.1776698575190478	0.9006641803857145	0.27700567713333335
118550000	118599999	1.1854870959190478	0.9006641803857145	0.2848229155333333
118600000	118649999	1.1913674284809526	0.9006641803857145	0.29070324809523806
118650000	118699999	1.1889429292904765	0.9006641803857145	0.288278748904762
118700000	118749999	1.1669185482809525	0.9006641803857145	0.26625436789523804
118750000	118799999	1.1478580393809525	0.9006641803857145	0.24719385899523805
118800000	118849999	1.1254334703238098	0.9006641803857145	0.2247692899380953
118850000	118899999	1.1144694806857145	0.9006641803857145	0.2138053003
118900000	118949999	1.1033336230714288	0.9006641803857145	0.2026694426857143
118950000	118999999	1.0805264162333335	0.9006641803857145	0.17986223584761896
119000000	119049999	1.0630268996952383	0.9006641803857145	0.16236271930952384
119050000	119099999	1.0255955283476192	0.9006641803857145	0.12493134796190475
119100000	119149999	0.9758888831142859	0.9006641803857145	0.0752247027285714
119150000	119199999	0.9648655538523812	0.9006641803857145	0.06420137346666666
119200000	119249999	0.9531329856285716	0.9006641803857145	0.05246880524285713
119250000	119299999	0.9271983251904764	0.9006641803857145	0.026534144804761906
119300000	119349999	0.9130853622857145	0.9006641803857145	0.012421181899999967
119350000	119399999	0.8945658922380955	0.9006641803857145	-0.006098288147619035
119400000	119449999	0.8763030300619049	0.9006641803857145	-0.02436115032380959
119450000	119499999	0.8836463086285716	0.9006641803857145	-0.017017871757142866
119500000	119549999	0.8732632379380955	0.9006641803857145	-0.027400942447619037
119550000	119599999	0.8820432169000002	0.9006641803857145	-0.018620963485714292
119600000	119649999	0.8809547225857145	0.9006641803857145	-0.019709457799999996
119650000	119699999	0.8690651407476192	0.9006641803857145	-0.031599039638095294
119700000	119749999	0.8751130758523812	0.9006641803857145	-0.025551104533333313
119750000	119799999	0.8653506230000002	0.9006641803857145	-0.03531355738571429
119800000	119849999	0.8648275761666668	0.9006641803857145	-0.03583660421904766
119850000	119899999	0.865521123304762	0.9006641803857145	-0.035143057080952445
119900000	119949999	0.8604244797714288	0.9006641803857145	-0.04023970061428572
119950000	119999999	0.8629665898476192	0.9006641803857145	-0.037697590538095294
120000000	120049999	0.8725844453238097	0.9006641803857145	-0.028079735061904754
120050000	120099999	0.8685245904857145	0.9006641803857145	-0.03213958989999999
120100000	120149999	0.8601598477523812	0.9006641803857145	-0.040504332633333306
120150000	120199999	0.8573352514238097	0.9006641803857145	-0.04332892896190477
120200000	120249999	0.8486528239476192	0.9006641803857145	-0.05201135643809529
120250000	120299999	0.8514699938761907	0.9006641803857145	-0.049194186509523785
120300000	120349999	0.8591718967428573	0.9006641803857145	-0.041492283642857175
120350000	120399999	0.8594830638238098	0.9006641803857145	-0.04118111656190471
120400000	120449999	0.8491309875857145	0.9006641803857145	-0.051533192800000016
120450000	120499999	0.8497400965380955	0.9006641803857145	-0.05092408384761904
120500000	120549999	0.8459117489857145	0.9006641803857145	-0.05475243139999997
120550000	120599999	0.8558055782904764	0.9006641803857145	-0.044858602095238065
120600000	120649999	0.8599050992571431	0.9006641803857145	-0.040759081128571406
120650000	120699999	0.8550498626476193	0.9006641803857145	-0.04561431773809521
120700000	120749999	0.8742229390523811	0.9006641803857145	-0.026441241333333365
120750000	120799999	0.8807850631857145	0.9006641803857145	-0.019879117200000018
120800000	120849999	0.9153260908333335	0.9006641803857145	0.014661910447618998
120850000	120899999	0.9350304163047621	0.9006641803857145	0.03436623591904764
120900000	120949999	0.9677573083523812	0.9006641803857145	0.06709312796666667
120950000	120999999	1.0047754318809525	0.9006641803857145	0.10411125149523803
121000000	121049999	1.008962065719048	0.9006641803857145	0.1082978853333334
121050000	121099999	1.0112309143571432	0.9006641803857145	0.11056673397142869
121100000	121149999	1.0196658287523812	0.9006641803857145	0.11900164836666671
121150000	121199999	1.0243142334476194	0.9006641803857145	0.12365005306190491
121200000	121249999	1.019203686714286	0.9006641803857145	0.11853950632857146
121250000	121299999	1.0202123847571432	0.9006641803857145	0.11954820437142866
121300000	121349999	1.007797726861905	0.9006641803857145	0.10713354647619044
121350000	121399999	1.0130114651952382	0.9006641803857145	0.11234728480952372
121400000	121449999	1.0061390586666668	0.9006641803857145	0.10547487828095226
121450000	121499999	1.0028003642761907	0.9006641803857145	0.10213618389047618
121500000	121549999	0.996509614157143	0.9006641803857145	0.09584543377142851
121550000	121599999	0.9976710394904764	0.9006641803857145	0.09700685910476192
121600000	121649999	1.024327939661905	0.9006641803857145	0.12366375927619044
121650000	121699999	1.0339216620714287	0.9006641803857145	0.13325748168571416
121700000	121749999	1.0381822246666668	0.9006641803857145	0.13751804428095227
121750000	121799999	1.0437308094714288	0.9006641803857145	0.14306662908571433
121800000	121849999	1.038248794157143	0.9006641803857145	0.1375846137714285
121850000	121899999	1.0064554120380955	0.9006641803857145	0.10579123165238102
121900000	121949999	0.9718919839000002	0.9006641803857145	0.0712278035142857
121950000	121999999	0.9458509220238097	0.9006641803857145	0.04518674163809522
122000000	122049999	0.921430961814286	0.9006641803857145	0.020766781428571468
122050000	122099999	0.9082921094761907	0.9006641803857145	0.00762792909047616
122100000	122149999	0.8988328761857145	0.9006641803857145	-0.0018313041999999946
122150000	122199999	0.9133677918714288	0.9006641803857145	0.012703611485714306
122200000	122249999	0.9414680364952382	0.9006641803857145	0.04080385610952375
122250000	122299999	0.9592045510380954	0.9006641803857145	0.058540370652380935
122300000	122349999	0.9790100638190479	0.9006641803857145	0.07834588343333337
122350000	122399999	1.031228453161905	0.9006641803857145	0.13056427277619043
122400000	122449999	1.0529695409476192	0.9006641803857145	0.1523053605619047
122450000	122499999	1.0668015860523812	0.9006641803857145	0.16613740566666668
122500000	122549999	1.052796523309524	0.9006641803857145	0.1521323429238095
122550000	122599999	1.0485752696761907	0.9006641803857145	0.14791108929047625
122600000	122649999	1.034729993666667	0.9006641803857145	0.13406581328095246
122650000	122699999	0.9988779191428574	0.9006641803857145	0.0982137387571429
122700000	122749999	0.9814681750523812	0.9006641803857145	0.08080399466666666
122750000	122799999	0.9694934666904764	0.9006641803857145	0.06882928630476193
122800000	122849999	0.9480710689666669	0.9006641803857145	0.04740688858095243
122850000	122899999	0.9331088939190478	0.9006641803857145	0.032444713533333336
122900000	122949999	0.937199289361905	0.9006641803857145	0.0365351089761905
122950000	122999999	0.9452397630285716	0.9006641803857145	0.0445755826428571
123000000	123049999	0.9341387284857144	0.9006641803857145	0.033474548099999946
123050000	123099999	0.9129711478761907	0.9006641803857145	0.012306967490476217
123100000	123149999	0.9067871917714287	0.9006641803857145	0.00612301138571425
123150000	123199999	0.8993550062619049	0.9006641803857145	-0.0013091741238095977
123200000	123249999	0.883411460604762	0.9006641803857145	-0.01725271978095244
123250000	123299999	0.8417086392952383	0.9006641803857145	-0.05895554109047618
123300000	123349999	0.8255151253333335	0.9006641803857145	-0.07514905505238101
123350000	123399999	0.8036007598952383	0.9006641803857145	-0.09706342049047623
123400000	123449999	0.768054525457143	0.9006641803857145	-0.13260965492857146
123450000	123499999	0.7446621956571431	0.9006641803857145	-0.1560019847285714
123500000	123549999	0.7548824914714287	0.9006641803857145	-0.14578168891428578
123550000	123599999	0.7739300336142859	0.9006641803857145	-0.12673414677142858
123600000	123649999	0.7794353288285716	0.9006641803857145	-0.12122885155714291
123650000	123699999	0.7942830157333336	0.9006641803857145	-0.1063811646523809
123700000	123749999	0.8051582374904764	0.9006641803857145	-0.09550594289523806
123750000	123799999	0.7989173935619049	0.9006641803857145	-0.10174678682380955
123800000	123849999	0.7988223416857145	0.9006641803857145	-0.10184183869999996
123850000	123899999	0.8023681311285716	0.9006641803857145	-0.09829604925714286
123900000	123949999	0.8103088774857146	0.9006641803857145	-0.09035530289999993
123950000	123999999	0.805614515609524	0.9006641803857145	-0.09504966477619048
124000000	124049999	0.8000528282571431	0.9006641803857145	-0.10061135212857142
124050000	124099999	0.7968454350857145	0.9006641803857145	-0.10381874530000001
124100000	124149999	0.8004620977285717	0.9006641803857145	-0.10020208265714281
124150000	124199999	0.7960944393047621	0.9006641803857145	-0.1045697410809524
124200000	124249999	0.7957960374476193	0.9006641803857145	-0.10486814293809521
124250000	124299999	0.785959109661905	0.9006641803857145	-0.11470507072380953
124300000	124349999	0.7972176820904764	0.9006641803857145	-0.10344649829523811
124350000	124399999	0.8061502102333336	0.9006641803857145	-0.09451397015238094
124400000	124449999	0.7964701661571431	0.9006641803857145	-0.10419401422857144
124450000	124499999	0.7846619294428574	0.9006641803857145	-0.1160022509428571
124500000	124549999	0.7680906922142859	0.9006641803857145	-0.13257348817142856
124550000	124599999	0.7386400029190479	0.9006641803857145	-0.16202417746666664
124600000	124649999	0.7307706546904764	0.9006641803857145	-0.16989352569523808
124650000	124699999	0.7178319901904764	0.9006641803857145	-0.1828321901952381
124700000	124749999	0.7123844387238097	0.9006641803857145	-0.18827974166190475
124750000	124799999	0.6975640339904764	0.9006641803857145	-0.2031001463952381
124800000	124849999	0.6979393209190479	0.9006641803857145	-0.20272485946666663
124850000	124899999	0.6966415787761907	0.9006641803857145	-0.2040226016095238
124900000	124949999	0.6879775247904765	0.9006641803857145	-0.21268665559523803
124950000	124999999	0.6764518613571431	0.9006641803857145	-0.22421231902857142
125000000	125049999	0.6729614879142859	0.9006641803857145	-0.2277026924714286
125050000	125099999	0.6735302166904764	0.9006641803857145	-0.22713396369523808
125100000	125149999	0.6808706104000002	0.9006641803857145	-0.2197935699857143
125150000	125199999	0.7145434098000002	0.9006641803857145	-0.1861207705857143
125200000	125249999	0.7494147197809526	0.9006641803857145	-0.15124946060476185
125250000	125299999	0.7686386691476192	0.9006641803857145	-0.13202551123809525
125300000	125349999	0.7883292005904764	0.9006641803857145	-0.1123349797952381
125350000	125399999	0.7956531216380954	0.9006641803857145	-0.10501105874761907
125400000	125449999	0.7987156888190479	0.9006641803857145	-0.10194849156666663
125450000	125499999	0.8162777541476193	0.9006641803857145	-0.08438642623809522
125500000	125549999	0.8319594385476192	0.9006641803857145	-0.06870474183809527
125550000	125599999	0.8483681698047622	0.9006641803857145	-0.052296010580952346
125600000	125649999	0.868358933914286	0.9006641803857145	-0.03230524647142852
125650000	125699999	0.8674913423952383	0.9006641803857145	-0.03317283799047621
125700000	125749999	0.8848950845809526	0.9006641803857145	-0.015769095804761935
125750000	125799999	0.907454406261905	0.9006641803857145	0.006790225876190492
125800000	125849999	0.9413873229571431	0.9006641803857145	0.04072314257142862
125850000	125899999	0.9681087388047621	0.9006641803857145	0.06744455841904762
125900000	125949999	0.9865425500619049	0.9006641803857145	0.08587836967619045
125950000	125999999	1.0094670790714289	0.9006641803857145	0.10880289868571436
126000000	126049999	1.0306418200000003	0.9006641803857145	0.12997763961428577
126050000	126099999	1.0453266573142859	0.9006641803857145	0.14466247692857137
126100000	126149999	1.0601844865857144	0.9006641803857145	0.1595203061999999
126150000	126199999	1.0794374781000002	0.9006641803857145	0.17877329771428574
126200000	126249999	1.0592419031714289	0.9006641803857145	0.15857772278571436
126250000	126299999	1.052086816761905	0.9006641803857145	0.15142263637619058
126300000	126349999	1.066379543761905	0.9006641803857145	0.16571536337619053
126350000	126399999	1.068526641609524	0.9006641803857145	0.16786246122380954
126400000	126449999	1.0534242287714288	0.9006641803857145	0.15276004838571433
126450000	126499999	1.0537173400476192	0.9006641803857145	0.1530531596619047
126500000	126549999	1.0573318190285717	0.9006641803857145	0.15666763864285715
126550000	126599999	1.0549908737190479	0.9006641803857145	0.15432669333333338
126600000	126649999	1.0456950984714288	0.9006641803857145	0.14503091808571433
126650000	126699999	1.0307558550380955	0.9006641803857145	0.13009167465238103
126700000	126749999	1.0327268055761907	0.9006641803857145	0.13206262519047618
126750000	126799999	1.027592367461905	0.9006641803857145	0.12692818707619047
126800000	126849999	1.0170025408714287	0.9006641803857145	0.11633836048571422
126850000	126899999	1.0136313117238098	0.9006641803857145	0.11296713133809533
126900000	126949999	1.0062782787190478	0.9006641803857145	0.10561409833333335
126950000	126999999	1.0312819788380954	0.9006641803857145	0.13061779845238086
127000000	127049999	1.048830216057143	0.9006641803857145	0.1481660356714285
127050000	127099999	1.0266812999476191	0.9006641803857145	0.12601711956190464
127100000	127149999	1.0088581739809526	0.9006641803857145	0.10819399359523807
127150000	127199999	0.9928800141238098	0.9006641803857145	0.09221583373809528
127200000	127249999	0.9706396373333336	0.9006641803857145	0.06997545694761909
127250000	127299999	0.9680243243761907	0.9006641803857145	0.06736014399047618
127300000	127349999	0.9527844183952383	0.9006641803857145	0.05212023800952381
127350000	127399999	0.9138922758952384	0.9006641803857145	0.013228095509523863
127400000	127449999	0.895600121161905	0.9006641803857145	-0.005064059223809481
127450000	127499999	0.8907939642238097	0.9006641803857145	-0.009870216161904755
127500000	127549999	0.8844517320476193	0.9006641803857145	-0.01621244833809521
127550000	127599999	0.8609577623190479	0.9006641803857145	-0.03970641806666664
127600000	127649999	0.8447529354761907	0.9006641803857145	-0.055911244909523816
127650000	127699999	0.8451024073809525	0.9006641803857145	-0.05556177300476195
127700000	127749999	0.8450589929666669	0.9006641803857145	-0.05560518741904763
127750000	127799999	0.8457895082809526	0.9006641803857145	-0.054874672104761935
127800000	127849999	0.8450030711428573	0.9006641803857145	-0.055661109242857165
127850000	127899999	0.848482666761905	0.9006641803857145	-0.05218151362380952
127900000	127949999	0.852983116714286	0.9006641803857145	-0.04768106367142855
127950000	127999999	0.8503311808380954	0.9006641803857145	-0.05033299954761905
128000000	128049999	0.8100128298761907	0.9006641803857145	-0.09065135050952378
128050000	128099999	0.7781456258047621	0.9006641803857145	-0.1225185545809524
128100000	128149999	0.7794115051666669	0.9006641803857145	-0.12125267521904759
128150000	128199999	0.7848002993476193	0.9006641803857145	-0.1158638810380952
128200000	128249999	0.7944429618285717	0.9006641803857145	-0.10622121855714284
128250000	128299999	0.7916377372809527	0.9006641803857145	-0.10902644310476184
128300000	128349999	0.7951746723476193	0.9006641803857145	-0.1054895080380952
128350000	128399999	0.7884288964952383	0.9006641803857145	-0.11223528389047621
128400000	128449999	0.7963882513952383	0.9006641803857145	-0.10427592899047622
128450000	128499999	0.800782331209524	0.9006641803857145	-0.09988184917619047
128500000	128549999	0.811900658761905	0.9006641803857145	-0.08876352162380952
128550000	128599999	0.8047379171904764	0.9006641803857145	-0.09592626319523812
128600000	128649999	0.8109858835238097	0.9006641803857145	-0.08967829686190476
128650000	128699999	0.8107306661714287	0.9006641803857145	-0.08993351421428575
128700000	128749999	0.7983201305047621	0.9006641803857145	-0.10234404988095236
128750000	128799999	0.7963741136238097	0.9006641803857145	-0.10429006676190478
128800000	128849999	0.7909926134428573	0.9006641803857145	-0.10967156694285718
128850000	128899999	0.7898041400238097	0.9006641803857145	-0.11086004036190478
128900000	128949999	0.768139283309524	0.9006641803857145	-0.13252489707619053
128950000	128999999	0.7401937210904764	0.9006641803857145	-0.16047045929523807
129000000	129049999	0.7317269204380955	0.9006641803857145	-0.168937259947619
129050000	129099999	0.7360723979523811	0.9006641803857145	-0.1645917824333334
129100000	129149999	0.7347438663761907	0.9006641803857145	-0.16592031400952378
129150000	129199999	0.7446174248380955	0.9006641803857145	-0.15604675554761904
129200000	129249999	0.7400289261571431	0.9006641803857145	-0.1606352542285714
129250000	129299999	0.7321055928047622	0.9006641803857145	-0.16855858758095232
129300000	129349999	0.7301373662142859	0.9006641803857145	-0.17052681417142856
129350000	129399999	0.7144984212952383	0.9006641803857145	-0.18616575909047617
129400000	129449999	0.7201217554190478	0.9006641803857145	-0.18054242496666673
129450000	129499999	0.7167609892476192	0.9006641803857145	-0.18390319113809528
129500000	129549999	0.7193878906476192	0.9006641803857145	-0.1812762897380953
129550000	129599999	0.7063013382952383	0.9006641803857145	-0.19436284209047616
129600000	129649999	0.7104649835714287	0.9006641803857145	-0.19019919681428576
129650000	129699999	0.7179331250333335	0.9006641803857145	-0.182731055352381
129700000	129749999	0.7304931398333335	0.9006641803857145	-0.17017104055238097
129750000	129799999	0.7488757915476192	0.9006641803857145	-0.1517883888380953
129800000	129849999	0.7481141069904764	0.9006641803857145	-0.15255007339523807
129850000	129899999	0.7591148734952383	0.9006641803857145	-0.14154930689047618
129900000	129949999	0.7613403640000003	0.9006641803857145	-0.13932381638571423
129950000	129999999	0.7886272937333336	0.9006641803857145	-0.11203688665238087
130000000	130049999	0.8108796636285717	0.9006641803857145	-0.08978451675714283
130050000	130099999	0.822422330861905	0.9006641803857145	-0.07824184952380953
130100000	130149999	0.8416806423476193	0.9006641803857145	-0.058983538038095196
130150000	130199999	0.8668197592714287	0.9006641803857145	-0.03384442111428576
130200000	130249999	0.8848755369380954	0.9006641803857145	-0.0157886434476191
130250000	130299999	0.9212372467380955	0.9006641803857145	0.020573066352380986
130300000	130349999	0.9649047558857144	0.9006641803857145	0.06424057549999995
130350000	130399999	1.0182119950333335	0.9006641803857145	0.11754781464761899
130400000	130449999	1.0375514385000002	0.9006641803857145	0.1368872581142857
130450000	130499999	1.066729041304762	0.9006641803857145	0.1660648609190476
130500000	130549999	1.1145195998190478	0.9006641803857145	0.2138554194333333
130550000	130599999	1.159982466357143	0.9006641803857145	0.2593182859714285
130600000	130649999	1.193781680204762	0.9006641803857145	0.29311749981904756
130650000	130699999	1.2171871473000002	0.9006641803857145	0.3165229669142857
130700000	130749999	1.238806864266667	0.9006641803857145	0.3381426838809525
130750000	130799999	1.2632612306523812	0.9006641803857145	0.36259705026666667
130800000	130849999	1.2769277546523812	0.9006641803857145	0.3762635742666667
130850000	130899999	1.2884619245523812	0.9006641803857145	0.3877977441666667
130900000	130949999	1.2900112196190479	0.9006641803857145	0.38934703923333336
130950000	130999999	1.3388849008	0.9006641803857145	0.4382207204142856
131000000	131049999	1.3265096278476194	0.9006641803857145	0.4258454474619049
131050000	131099999	1.3203041642714286	0.9006641803857145	0.4196399838857141
131100000	131149999	1.3201445190095238	0.9006641803857145	0.4194803386238093
131150000	131199999	1.3233530550714288	0.9006641803857145	0.42268887468571426
131200000	131249999	1.3059785512238098	0.9006641803857145	0.4053143708380953
131250000	131299999	1.3020981879904765	0.9006641803857145	0.401434007604762
131300000	131349999	1.2837779642047622	0.9006641803857145	0.3831137838190477
131350000	131399999	1.2659117006476193	0.9006641803857145	0.36524752026190477
131400000	131449999	1.2478189197952383	0.9006641803857145	0.3471547394095238
131450000	131499999	1.2417821494761907	0.9006641803857145	0.3411179690904762
131500000	131549999	1.2286480941761906	0.9006641803857145	0.3279839137904761
131550000	131599999	1.197223122104762	0.9006641803857145	0.2965589417190475
131600000	131649999	1.1583177563476192	0.9006641803857145	0.25765357596190475
131650000	131699999	1.1360450217190479	0.9006641803857145	0.23538084133333337
131700000	131749999	1.1548242591476192	0.9006641803857145	0.2541600787619047
131750000	131799999	1.145598649609524	0.9006641803857145	0.24493446922380957
131800000	131849999	1.1314912775904764	0.9006641803857145	0.2308270972047619
131850000	131899999	1.1277123469761907	0.9006641803857145	0.22704816659047622
131900000	131949999	1.1334827325190477	0.9006641803857145	0.23281855213333325
131950000	131999999	1.1219295527523812	0.9006641803857145	0.22126537236666666
132000000	132049999	1.0781939442666668	0.9006641803857145	0.17752976388095232
132050000	132099999	1.0749575658809525	0.9006641803857145	0.17429338549523798
132100000	132149999	1.0593539620380954	0.9006641803857145	0.1586897816523809
132150000	132199999	1.0451096405333336	0.9006641803857145	0.14444546014761905
132200000	132249999	1.0292868883523811	0.9006641803857145	0.12862270796666664
132250000	132299999	1.025706763304762	0.9006641803857145	0.12504258291904757
132300000	132349999	1.013978207019048	0.9006641803857145	0.11331402663333345
132350000	132399999	1.0092760420047622	0.9006641803857145	0.10861186161904768
132400000	132449999	0.9799822269571431	0.9006641803857145	0.0793180465714286
132450000	132499999	0.9593828366714288	0.9006641803857145	0.058718656285714266
132500000	132549999	0.9615935363666669	0.9006641803857145	0.06092935598095239
132550000	132599999	0.954059199709524	0.9006641803857145	0.05339501932380952
132600000	132649999	0.947961095761905	0.9006641803857145	0.04729691537619052
132650000	132699999	0.9433558437761908	0.9006641803857145	0.04269166339047625
132700000	132749999	0.9528452829142859	0.9006641803857145	0.052181102528571444
132750000	132799999	0.9190356428238098	0.9006641803857145	0.018371462438095287
132800000	132849999	0.9119028951857145	0.9006641803857145	0.01123871480000005
132850000	132899999	0.9012348062666669	0.9006641803857145	0.0005706258809523579
132900000	132949999	0.8882685594904765	0.9006641803857145	-0.012395620895238046
132950000	132999999	0.8796849419238097	0.9006641803857145	-0.020979238461904748
133000000	133049999	0.8948720963714288	0.9006641803857145	-0.005792084014285659
133050000	133099999	0.900191370361905	0.9006641803857145	-0.0004728100238095001
133100000	133149999	0.917516819561905	0.9006641803857145	0.01685263917619051
133150000	133199999	0.9453732670761907	0.9006641803857145	0.04470908669047624
133200000	133249999	0.9593365644476193	0.9006641803857145	0.05867238406190478
133250000	133299999	0.9616296047571431	0.9006641803857145	0.0609654243714286
133300000	133349999	0.9708989658714288	0.9006641803857145	0.07023478548571427
133350000	133399999	0.9718496400047621	0.9006641803857145	0.07118545961904765
133400000	133449999	0.9729106599285716	0.9006641803857145	0.07224647954285712
133450000	133499999	0.9961075002000002	0.9006641803857145	0.09544331981428567
133500000	133549999	0.9980478312761907	0.9006641803857145	0.09738365089047618
133550000	133599999	1.008163408714286	0.9006641803857145	0.1074992283285714
133600000	133649999	1.0185752440333335	0.9006641803857145	0.11791106364761905
133650000	133699999	1.0353815773761907	0.9006641803857145	0.13471739699047625
133700000	133749999	1.0364084153190478	0.9006641803857145	0.13574423493333332
133750000	133799999	1.0456218544285716	0.9006641803857145	0.1449576740428571
133800000	133849999	1.0531062474904764	0.9006641803857145	0.15244206710476194
133850000	133899999	1.0602858512523812	0.9006641803857145	0.15962167086666668
133900000	133949999	1.0629309064428574	0.9006641803857145	0.16226672605714287
133950000	133999999	1.0747716416333335	0.9006641803857145	0.174107461247619
134000000	134049999	1.0821542927238097	0.9006641803857145	0.1814901123380952
134050000	134099999	1.089716622514286	0.9006641803857145	0.18905244212857153
134100000	134149999	1.1023402098428574	0.9006641803857145	0.2016760294571429
134150000	134199999	1.0876543680000001	0.9006641803857145	0.18699018761428565
134200000	134249999	1.0736321228333336	0.9006641803857145	0.17296794244761915
134250000	134299999	1.0776246497666668	0.9006641803857145	0.17696046938095233
134300000	134349999	1.0790429411000002	0.9006641803857145	0.1783787607142857
134350000	134399999	1.076523007509524	0.9006641803857145	0.1758588271238095
134400000	134449999	1.0820259576047622	0.9006641803857145	0.18136177721904767
134450000	134499999	1.0844051842952382	0.9006641803857145	0.18374100390952375
134500000	134549999	1.0726546723666668	0.9006641803857145	0.1719904919809523
134550000	134599999	1.0635963847238097	0.9006641803857145	0.1629322043380952
134600000	134649999	1.0250611464190478	0.9006641803857145	0.12439696603333328
134650000	134699999	1.0090638319428573	0.9006641803857145	0.10839965155714282
134700000	134749999	1.0021547698190478	0.9006641803857145	0.10149058943333333
134750000	134799999	1.0328284166666668	0.9006641803857145	0.1321642362809523
134800000	134849999	1.0163822776000002	0.9006641803857145	0.11571809721428572
134850000	134899999	1.0077153506809526	0.9006641803857145	0.10705117029523814
134900000	134949999	1.0095217514714288	0.9006641803857145	0.10885757108571426
134950000	134999999	1.0340472932809526	0.9006641803857145	0.13338311289523808
135000000	135049999	1.0245172838523813	0.9006641803857145	0.12385310346666678
135050000	135099999	1.0207566483714288	0.9006641803857145	0.12009246798571427
135100000	135149999	0.9930837413333335	0.9006641803857145	0.09241956094761905
135150000	135199999	0.9784448346666669	0.9006641803857145	0.07778065428095238
135200000	135249999	0.977092174309524	0.9006641803857145	0.0764279939238095
135250000	135299999	0.9656962405523811	0.9006641803857145	0.06503206016666663
135300000	135349999	0.9757857464285716	0.9006641803857145	0.07512156604285714
135350000	135399999	0.9756331124666668	0.9006641803857145	0.07496893208095234
135400000	135449999	0.9776157550904764	0.9006641803857145	0.07695157470476188
135450000	135499999	0.9741944137523811	0.9006641803857145	0.07353023336666664
135500000	135549999	0.986755304361905	0.9006641803857145	0.08609112397619045
135550000	135599999	0.9811253973142859	0.9006641803857145	0.08046121692857144
135600000	135649999	0.9795042012523811	0.9006641803857145	0.07884002086666664
135650000	135699999	0.9986119021380955	0.9006641803857145	0.09794772175238098
135700000	135749999	1.0047114861428574	0.9006641803857145	0.10404730575714294
135750000	135799999	0.9919683046857145	0.9006641803857145	0.09130412430000001
135800000	135849999	0.9554974231904764	0.9006641803857145	0.05483324280476187
135850000	135899999	0.9390232435571431	0.9006641803857145	0.038359063171428565
135900000	135949999	0.9299859349666669	0.9006641803857145	0.02932175458095243
135950000	135999999	0.9075705345428574	0.9006641803857145	0.006906354157142913
136000000	136049999	0.8756349801285717	0.9006641803857145	-0.025029200257142836
136050000	136099999	0.8756699522428574	0.9006641803857145	-0.024994228142857122
136100000	136149999	0.8677428068523811	0.9006641803857145	-0.032921373533333353
136150000	136199999	0.8714003862761907	0.9006641803857145	-0.029263794109523844
136200000	136249999	0.8580921958809526	0.9006641803857145	-0.04257198450476185
136250000	136299999	0.8488522579476192	0.9006641803857145	-0.05181192243809529
136300000	136349999	0.8499335868904764	0.9006641803857145	-0.05073059349523812
136350000	136399999	0.8207248580857145	0.9006641803857145	-0.0799393223
136400000	136449999	0.8122646232380955	0.9006641803857145	-0.08839955714761905
136450000	136499999	0.8036842589000002	0.9006641803857145	-0.09697992148571433
136500000	136549999	0.7998054645714288	0.9006641803857145	-0.10085871581428574
136550000	136599999	0.7911572955238098	0.9006641803857145	-0.10950688486190474
136600000	136649999	0.8193033112571431	0.9006641803857145	-0.08136086912857143
136650000	136699999	0.8476691149857145	0.9006641803857145	-0.052995065399999985
136700000	136749999	0.8836612162238098	0.9006641803857145	-0.01700296416190472
136750000	136799999	0.9102975464952383	0.9006641803857145	0.009633366109523811
136800000	136849999	0.9258998080000002	0.9006641803857145	0.02523562761428566
136850000	136899999	0.9408868032761907	0.9006641803857145	0.04022262289047618
136900000	136949999	0.9582609846142859	0.9006641803857145	0.057596804228571385
136950000	136999999	0.9751166148047621	0.9006641803857145	0.07445243441904759
137000000	137049999	0.9986957505047621	0.9006641803857145	0.09803157011904762
137050000	137099999	1.0084848328000002	0.9006641803857145	0.10782065241428573
137100000	137149999	1.0143784848952384	0.9006641803857145	0.11371430450952391
137150000	137199999	1.0157743193047621	0.9006641803857145	0.11511013891904764
137200000	137249999	1.0319385061857145	0.9006641803857145	0.13127432579999998
137250000	137299999	1.0397585627714288	0.9006641803857145	0.13909438238571425
137300000	137349999	1.0497106150142859	0.9006641803857145	0.14904643462857137
137350000	137399999	1.0557437337000002	0.9006641803857145	0.1550795533142857
137400000	137449999	1.067843338509524	0.9006641803857145	0.16717915812380957
137450000	137499999	1.079056201571429	0.9006641803857145	0.1783920211857144
137500000	137549999	1.088344875209524	0.9006641803857145	0.18768069482380945
137550000	137599999	1.0937960865904763	0.9006641803857145	0.19313190620476184
137600000	137649999	1.0957110912714287	0.9006641803857145	0.19504691088571424
137650000	137699999	1.094358763066667	0.9006641803857145	0.1936945826809524
137700000	137749999	1.0932873930285716	0.9006641803857145	0.1926232126428571
137750000	137799999	1.0589699503476193	0.9006641803857145	0.15830576996190482
137800000	137849999	1.0328365142000002	0.9006641803857145	0.13217233381428573
137850000	137899999	1.0288022068238099	0.9006641803857145	0.12813802643809535
137900000	137949999	1.0251155471571431	0.9006641803857145	0.12445136677142865
137950000	137999999	1.0321892942428574	0.9006641803857145	0.13152511385714294
138000000	138049999	1.0309385584714288	0.9006641803857145	0.1302743780857143
138050000	138099999	1.0234266143952384	0.9006641803857145	0.12276243400952391
138100000	138149999	1.0382624638238098	0.9006641803857145	0.13759828343809533
138150000	138199999	1.0456940520047622	0.9006641803857145	0.14502987161904768
138200000	138249999	1.0552664222761907	0.9006641803857145	0.15460224189047622
138250000	138299999	1.1338780871238097	0.9006641803857145	0.23321390673809517
138300000	138349999	1.198015944266667	0.9006641803857145	0.2973517638809524
138350000	138399999	1.2072380725714287	0.9006641803857145	0.3065738921857142
138400000	138449999	1.2207296006190478	0.9006641803857145	0.3200654202333333
138450000	138499999	1.2287647062761908	0.9006641803857145	0.32810052589047634
138500000	138549999	1.2285964149476194	0.9006641803857145	0.3279322345619049
138550000	138599999	1.2291361230904765	0.9006641803857145	0.328471942704762
138600000	138649999	1.232263169461905	0.9006641803857145	0.33159898907619056
138650000	138699999	1.2176559884904765	0.9006641803857145	0.316991808104762
138700000	138749999	1.1965879209761907	0.9006641803857145	0.2959237405904762
138750000	138799999	1.1777557575000004	0.9006641803857145	0.2770915771142859
138800000	138849999	1.1855223412857145	0.9006641803857145	0.28485816090000005
138850000	138899999	1.1930716719809527	0.9006641803857145	0.29240749159523816
138900000	138949999	1.197826506761905	0.9006641803857145	0.29716232637619044
138950000	138999999	1.2080816951714288	0.9006641803857145	0.30741751478571433
139000000	139049999	1.2050476513523811	0.9006641803857145	0.3043834709666666
139050000	139099999	1.2138672027285717	0.9006641803857145	0.31320302234285724
139100000	139149999	1.2183812557714289	0.9006641803857145	0.31771707538571436
139150000	139199999	1.215132731752381	0.9006641803857145	0.3144685513666665
139200000	139249999	1.2011854071857144	0.9006641803857145	0.30052122679999993
139250000	139299999	1.2057194152476192	0.9006641803857145	0.30505523486190467
139300000	139349999	1.134800858357143	0.9006641803857145	0.23413667797142845
139350000	139399999	1.097727285409524	0.9006641803857145	0.19706310502380942
139400000	139449999	1.0899365603476192	0.9006641803857145	0.1892723799619047
139450000	139499999	1.0777147393238098	0.9006641803857145	0.1770505589380953
139500000	139549999	1.0677369032619048	0.9006641803857145	0.16707272287619035
139550000	139599999	1.074209913757143	0.9006641803857145	0.17354573337142853
139600000	139649999	1.0786617995142858	0.9006641803857145	0.17799761912857126
139650000	139699999	1.0671708276523812	0.9006641803857145	0.16650664726666675
139700000	139749999	1.0552119602857144	0.9006641803857145	0.1545477798999999
139750000	139799999	1.0465951901476194	0.9006641803857145	0.14593100976190487
139800000	139849999	1.0428880057952383	0.9006641803857145	0.14222382540952383
139850000	139899999	1.0334752484047622	0.9006641803857145	0.13281106801904774
139900000	139949999	1.030021381714286	0.9006641803857145	0.12935720132857154
139950000	139999999	1.0112245874476193	0.9006641803857145	0.11056040706190484
140000000	140049999	0.9825035975476193	0.9006641803857145	0.08183941716190479
140050000	140099999	0.9598456341857144	0.9006641803857145	0.05918145379999995
140100000	140149999	0.9368712498666668	0.9006641803857145	0.036207069480952314
140150000	140199999	0.9279043676333335	0.9006641803857145	0.027240187247619008
140200000	140249999	0.909043470914286	0.9006641803857145	0.008379290528571448
140250000	140299999	0.9019832955904764	0.9006641803857145	0.0013191152047619115
140300000	140349999	0.8908871023095241	0.9006641803857145	-0.009777078076190437
140350000	140399999	0.8721412139619049	0.9006641803857145	-0.02852296642380958
140400000	140449999	0.8556046083666669	0.9006641803857145	-0.045059572019047645
140450000	140499999	0.8656231570000003	0.9006641803857145	-0.03504102338571424
140500000	140549999	0.8580636913476193	0.9006641803857145	-0.04260048903809521
140550000	140599999	0.8607807732761907	0.9006641803857145	-0.03988340710952376
140600000	140649999	0.8489333149523811	0.9006641803857145	-0.051730865433333384
140650000	140699999	0.834926020809524	0.9006641803857145	-0.06573815957619045
140700000	140749999	0.8396171123476193	0.9006641803857145	-0.06104706803809523
140750000	140799999	0.8586412576476192	0.9006641803857145	-0.04202292273809527
140800000	140849999	0.8785291078285716	0.9006641803857145	-0.022135072557142865
140850000	140899999	0.8894531193238098	0.9006641803857145	-0.011211061061904726
140900000	140949999	0.8971262157857145	0.9006641803857145	-0.0035379645999999987
140950000	140999999	0.8901318142142859	0.9006641803857145	-0.010532366171428609
141000000	141049999	0.9133432969761907	0.9006641803857145	0.012679116590476158
141050000	141099999	0.9253262895428573	0.9006641803857145	0.024662109157142842
141100000	141149999	0.9441962651714287	0.9006641803857145	0.04353208478571424
141150000	141199999	0.9508096450952384	0.9006641803857145	0.05014546470952386
141200000	141249999	0.9510204140285716	0.9006641803857145	0.05035623364285713
141250000	141299999	0.9529583957761907	0.9006641803857145	0.052294215390476184
141300000	141349999	0.9609502186857145	0.9006641803857145	0.06028603830000001
141350000	141399999	0.963381263009524	0.9006641803857145	0.06271708262380948
141400000	141449999	0.964492575109524	0.9006641803857145	0.06382839472380952
141450000	141499999	0.9547275836190479	0.9006641803857145	0.05406340323333336
141500000	141549999	0.9333730608000002	0.9006641803857145	0.03270888041428566
141550000	141599999	0.9340774913428573	0.9006641803857145	0.03341331095714284
141600000	141649999	0.9311882503523812	0.9006641803857145	0.030524069966666678
141650000	141699999	0.9291851382238098	0.9006641803857145	0.028520957838095273
141700000	141749999	0.9375804465761907	0.9006641803857145	0.036916266190476166
141750000	141799999	0.9412580828047621	0.9006641803857145	0.04059390241904759
141800000	141849999	0.9448732049714288	0.9006641803857145	0.044209024585714296
141850000	141899999	0.9346885194333335	0.9006641803857145	0.034024339047619034
141900000	141949999	0.9293879476714288	0.9006641803857145	0.028723767285714352
141950000	141999999	0.9337146803000003	0.9006641803857145	0.03305049991428577
142000000	142049999	0.9488545768809526	0.9006641803857145	0.04819039649523815
142050000	142099999	0.9430861289285717	0.9006641803857145	0.04242194854285719
142100000	142149999	0.9614198486238097	0.9006641803857145	0.060755668238095195
142150000	142199999	0.9925722207857145	0.9006641803857145	0.0919080404
142200000	142249999	1.0193668215809526	0.9006641803857145	0.1187026411952381
142250000	142299999	1.0386189218952384	0.9006641803857145	0.13795474150952391
142300000	142349999	1.048388223309524	0.9006641803857145	0.14772404292380958
142350000	142399999	1.0477260629761906	0.9006641803857145	0.14706188259047615
142400000	142449999	1.0504048501476193	0.9006641803857145	0.1497406697619048
142450000	142499999	1.0501277305285717	0.9006641803857145	0.14946355014285717
142500000	142549999	1.050459038514286	0.9006641803857145	0.14979485812857152
142550000	142599999	1.051956701909524	0.9006641803857145	0.15129252152380945
142600000	142649999	1.0559899198380955	0.9006641803857145	0.15532573945238104
142650000	142699999	1.0478986588761907	0.9006641803857145	0.14723447849047622
142700000	142749999	1.0393242842333335	0.9006641803857145	0.13866010384761895
142750000	142799999	1.0311459935523812	0.9006641803857145	0.13048181316666674
142800000	142849999	1.0165683462190478	0.9006641803857145	0.1159041658333333
142850000	142899999	1.0030183812142859	0.9006641803857145	0.10235420082857138
142900000	142949999	0.9885723047809526	0.9006641803857145	0.0879081243952381
142950000	142999999	0.9800016417952383	0.9006641803857145	0.0793374614095238
143000000	143049999	0.9870512943000003	0.9006641803857145	0.08638711391428577
143050000	143099999	0.9745904717666669	0.9006641803857145	0.07392629138095241
143100000	143149999	0.961687887261905	0.9006641803857145	0.06102370687619052
143150000	143199999	0.9386789808714288	0.9006641803857145	0.03801480048571426
143200000	143249999	0.8888982360428573	0.9006641803857145	-0.01176594434285716
143250000	143299999	0.8489207738238097	0.9006641803857145	-0.05174340656190479
143300000	143349999	0.8151271691857145	0.9006641803857145	-0.08553701120000001
143350000	143399999	0.7950544133428573	0.9006641803857145	-0.10560976704285718
143400000	143449999	0.7811186616952382	0.9006641803857145	-0.11954551869047625
143450000	143499999	0.7571533423809526	0.9006641803857145	-0.14351083800476194
143500000	143549999	0.7447868873904764	0.9006641803857145	-0.15587729299523811
143550000	143599999	0.7273590979476192	0.9006641803857145	-0.17330508243809528
143600000	143649999	0.7231334223571431	0.9006641803857145	-0.17753075802857143
143650000	143699999	0.7157219867285716	0.9006641803857145	-0.18494219365714293
143700000	143749999	0.707766667161905	0.9006641803857145	-0.19289751322380955
143750000	143799999	0.7047638979380955	0.9006641803857145	-0.19590028244761903
143800000	143849999	0.7014559750714288	0.9006641803857145	-0.19920820531428574
143850000	143899999	0.7029725363666669	0.9006641803857145	-0.1976916440190476
143900000	143949999	0.7002484714857145	0.9006641803857145	-0.20041570890000004
143950000	143999999	0.7075989504666669	0.9006641803857145	-0.19306522991904762
144000000	144049999	0.7047558901904765	0.9006641803857145	-0.19590829019523803
144050000	144099999	0.6866565399809527	0.9006641803857145	-0.21400764040476183
144100000	144149999	0.6735774951047622	0.9006641803857145	-0.22708668528095233
144150000	144199999	0.6659537742809526	0.9006641803857145	-0.2347104061047619
144200000	144249999	0.6630689450000002	0.9006641803857145	-0.23759523538571425
144250000	144299999	0.6691185305857145	0.9006641803857145	-0.23154564980000003
144300000	144349999	0.6732895266000003	0.9006641803857145	-0.2273746537857142
144350000	144399999	0.6935091144523812	0.9006641803857145	-0.20715506593333333
144400000	144449999	0.7180090119428574	0.9006641803857145	-0.18265516844285712
144450000	144499999	0.7323924273904764	0.9006641803857145	-0.1682717529952381
144500000	144549999	0.7636908858761907	0.9006641803857145	-0.13697329450952378
144550000	144599999	0.8008958225476193	0.9006641803857145	-0.09976835783809523
144600000	144649999	0.8408661457666669	0.9006641803857145	-0.059798034619047646
144650000	144699999	0.8613688600904764	0.9006641803857145	-0.03929532029523808
144700000	144749999	0.8927110051523811	0.9006641803857145	-0.007953175233333387
144750000	144799999	0.9202073186761907	0.9006641803857145	0.01954313829047616
144800000	144849999	0.9383325464476192	0.9006641803857145	0.03766836606190471
144850000	144899999	0.9483032979190478	0.9006641803857145	0.047639117533333275
144900000	144949999	0.9676355991000002	0.9006641803857145	0.06697141871428569
144950000	144999999	0.989896958657143	0.9006641803857145	0.0892327782714285
145000000	145049999	1.0196618338809527	0.9006641803857145	0.11899765349523816
145050000	145099999	1.0494043372142858	0.9006641803857145	0.14874015682857133
145100000	145149999	1.0779367916523812	0.9006641803857145	0.1772726112666667
145150000	145199999	1.114338690309524	0.9006641803857145	0.21367450992380954
145200000	145249999	1.126194613661905	0.9006641803857145	0.2255304332761905
145250000	145299999	1.1403614384428573	0.9006641803857145	0.23969725805714281
145300000	145349999	1.169547761904762	0.9006641803857145	0.26888358151904757
145350000	145399999	1.223493014652381	0.9006641803857145	0.32282883426666653
145400000	145449999	1.2151279373428574	0.9006641803857145	0.3144637569571429
145450000	145499999	1.1927451900380954	0.9006641803857145	0.29208100965238093
145500000	145549999	1.1849345221333336	0.9006641803857145	0.2842703417476191
145550000	145599999	1.1612369938047622	0.9006641803857145	0.2605728134190477
145600000	145649999	1.1190896423666667	0.9006641803857145	0.21842546198095225
145650000	145699999	1.0773076550952383	0.9006641803857145	0.1766434747095238
145700000	145749999	1.0512417995857146	0.9006641803857145	0.15057761920000012
145750000	145799999	1.0059693266809526	0.9006641803857145	0.10530514629523813
145800000	145849999	0.9809968715476193	0.9006641803857145	0.08033269116190478
145850000	145899999	0.9640337395000003	0.9006641803857145	0.06336955911428577
145900000	145949999	0.9459645389000002	0.9006641803857145	0.04530035851428571
145950000	145999999	0.9155540598809526	0.9006641803857145	0.014889879495238123
146000000	146049999	0.883933704357143	0.9006641803857145	-0.016730476028571473
146050000	146099999	0.8465031665000002	0.9006641803857145	-0.05416101388571426
146100000	146149999	0.8017772551809526	0.9006641803857145	-0.09888692520476194
146150000	146199999	0.7669864976095241	0.9006641803857145	-0.1336776827761904
146200000	146249999	0.7226904072952383	0.9006641803857145	-0.17797377309047624
146250000	146299999	0.7050020601333336	0.9006641803857145	-0.19566212025238094
146300000	146349999	0.6802177723761907	0.9006641803857145	-0.22044640800952375
146350000	146399999	0.6433058155761907	0.9006641803857145	-0.2573583648095238
146400000	146449999	0.5844255060333335	0.9006641803857145	-0.31623867435238096
146450000	146499999	0.573045522514286	0.9006641803857145	-0.3276186578714285
146500000	146549999	0.5660236735047621	0.9006641803857145	-0.33464050688095237
146550000	146599999	0.5547035958761907	0.9006641803857145	-0.3459605845095238
146600000	146649999	0.549172881214286	0.9006641803857145	-0.3514912991714285
146650000	146699999	0.5574621178809526	0.9006641803857145	-0.34320206250476193
146700000	146749999	0.5617480586380954	0.9006641803857145	-0.3389161217476191
146750000	146799999	0.5650573209952383	0.9006641803857145	-0.3356068593904762
146800000	146849999	0.5676609953428574	0.9006641803857145	-0.3330031850428571
146850000	146899999	0.5736739357380954	0.9006641803857145	-0.32699024464761905
146900000	146949999	0.5771204534476192	0.9006641803857145	-0.3235437269380953
146950000	146999999	0.6092725454714287	0.9006641803857145	-0.29139163491428577
147000000	147049999	0.627650363309524	0.9006641803857145	-0.27301381707619055
147050000	147099999	0.6557238367904763	0.9006641803857145	-0.2449403435952382
147100000	147149999	0.669055194514286	0.9006641803857145	-0.23160898587142853
147150000	147199999	0.6906652577857145	0.9006641803857145	-0.20999892259999997
147200000	147249999	0.7006941542238098	0.9006641803857145	-0.19997002616190473
147250000	147299999	0.7447200725000002	0.9006641803857145	-0.15594410788571433
147300000	147349999	0.7813627358666668	0.9006641803857145	-0.11930144451904767
147350000	147399999	0.8118688154000002	0.9006641803857145	-0.08879536498571428
147400000	147449999	0.8420152686857145	0.9006641803857145	-0.05864891169999997
147450000	147499999	0.8695080967285717	0.9006641803857145	-0.03115608365714284
147500000	147549999	0.8970144914714288	0.9006641803857145	-0.0036496889142857425
147550000	147599999	0.9303645330523812	0.9006641803857145	0.029700352666666707
147600000	147649999	0.964695059309524	0.9006641803857145	0.06403087892380954
147650000	147699999	0.9948864705571431	0.9006641803857145	0.09422229017142858
147700000	147749999	1.0060773339380955	0.9006641803857145	0.10541315355238101
147750000	147799999	1.019354671052381	0.9006641803857145	0.11869049066666659
147800000	147849999	1.017341854114286	0.9006641803857145	0.11667767372857152
147850000	147899999	1.0363126232047621	0.9006641803857145	0.13564844281904764
147900000	147949999	1.0534151603285715	0.9006641803857145	0.15275097994285702
147950000	147999999	1.0668172582619049	0.9006641803857145	0.16615307787619038
148000000	148049999	1.059539301061905	0.9006641803857145	0.15887512067619047
148050000	148099999	1.072659849809524	0.9006641803857145	0.1719956694238094
148100000	148149999	1.0747023636714288	0.9006641803857145	0.1740381832857143
148150000	148199999	1.0845756098666668	0.9006641803857145	0.1839114294809523
148200000	148249999	1.0993687432857144	0.9006641803857145	0.19870456289999994
148250000	148299999	1.1090981576952383	0.9006641803857145	0.20843397730952384
148300000	148349999	1.0938002401952382	0.9006641803857145	0.19313605980952375
148350000	148399999	1.0913959101428574	0.9006641803857145	0.19073172975714292
148400000	148449999	1.1039137258952383	0.9006641803857145	0.2032495455095238
148450000	148499999	1.0999231743904763	0.9006641803857145	0.19925899400476177
148500000	148549999	1.096466818109524	0.9006641803857145	0.19580263772380957
148550000	148599999	1.0897165094952384	0.9006641803857145	0.18905232910952385
148600000	148649999	1.0803930508666668	0.9006641803857145	0.17972887048095232
148650000	148699999	1.0724421948476193	0.9006641803857145	0.17177801446190477
148700000	148749999	1.0666820337238097	0.9006641803857145	0.16601785333809516
148750000	148799999	1.076978431261905	0.9006641803857145	0.17631425087619057
148800000	148849999	1.0953124876285716	0.9006641803857145	0.1946483072428571
148850000	148899999	1.1358004756476192	0.9006641803857145	0.23513629526190472
148900000	148949999	1.147055064461905	0.9006641803857145	0.24639088407619059
148950000	148999999	1.1465193307761907	0.9006641803857145	0.24585515039047623
149000000	149049999	1.1595089550285715	0.9006641803857145	0.25884477464285705
149050000	149099999	1.1571514960380955	0.9006641803857145	0.25648731565238103
149100000	149149999	1.1457833855904764	0.9006641803857145	0.24511920520476194
149150000	149199999	1.1422442189142858	0.9006641803857145	0.24158003852857135
149200000	149249999	1.1377632166809526	0.9006641803857145	0.2370990362952381
149250000	149299999	1.120633357666667	0.9006641803857145	0.21996917728095244
149300000	149349999	1.120591373109524	0.9006641803857145	0.21992719272380956
149350000	149399999	1.109970086261905	0.9006641803857145	0.20930590587619058
149400000	149449999	1.0945926832714288	0.9006641803857145	0.19392850288571428
149450000	149499999	1.0683249028476194	0.9006641803857145	0.1676607224619049
149500000	149549999	1.0661168829333336	0.9006641803857145	0.16545270254761912
149550000	149599999	1.0648812243380954	0.9006641803857145	0.1642170439523809
149600000	149649999	1.0761459321476192	0.9006641803857145	0.17548175176190473
149650000	149699999	1.0846613063333335	0.9006641803857145	0.18399712594761897
149700000	149749999	1.0839518842380955	0.9006641803857145	0.18328770385238102
149750000	149799999	1.1043954072142859	0.9006641803857145	0.20373122682857137
149800000	149849999	1.1088681658238098	0.9006641803857145	0.20820398543809526
149850000	149899999	1.0975422499904763	0.9006641803857145	0.19687806960476184
149900000	149949999	1.0771464293190478	0.9006641803857145	0.1764822489333333
149950000	149999999	1.0710254552857146	0.9006641803857145	0.17036127490000008
150000000	150049999	1.0725394121428573	0.9006641803857145	0.1718752317571428
150050000	150099999	1.0655204075238098	0.9006641803857145	0.16485622713809533
150100000	150149999	1.0642111305761908	0.9006641803857145	0.16354695019047627
150150000	150199999	1.0686681835857146	0.9006641803857145	0.16800400320000008
150200000	150249999	1.060634799266667	0.9006641803857145	0.15997061888095243
150250000	150299999	1.0592429656571432	0.9006641803857145	0.15857878527142866
150300000	150349999	1.0685203797523812	0.9006641803857145	0.16785619936666674
150350000	150399999	1.064308096114286	0.9006641803857145	0.1636439157285714
150400000	150449999	1.0731104569761907	0.9006641803857145	0.17244627659047618
150450000	150499999	1.0680296366523812	0.9006641803857145	0.16736545626666666
150500000	150549999	1.0710828919904765	0.9006641803857145	0.17041871160476196
150550000	150599999	1.0648439279428574	0.9006641803857145	0.16417974755714293
150600000	150649999	1.0622125279285717	0.9006641803857145	0.16154834754285718
150650000	150699999	1.0508588163761907	0.9006641803857145	0.15019463599047622
150700000	150749999	1.0268243664952383	0.9006641803857145	0.12616018610952384
150750000	150799999	1.0121578272809526	0.9006641803857145	0.11149364689523811
150800000	150849999	0.9778390071380955	0.9006641803857145	0.07717482675238097
150850000	150899999	0.9549894204380954	0.9006641803857145	0.05432524005238093
150900000	150949999	0.9335419891666669	0.9006641803857145	0.03287780878095237
150950000	150999999	0.9062225081857145	0.9006641803857145	0.005558327799999985
151000000	151049999	0.8866551489000002	0.9006641803857145	-0.014009031485714307
151050000	151099999	0.8591126306714287	0.9006641803857145	-0.04155154971428576
151100000	151149999	0.8370544797333336	0.9006641803857145	-0.06360970065238092
151150000	151199999	0.8161485852714288	0.9006641803857145	-0.08451559511428575
151200000	151249999	0.7902145169047621	0.9006641803857145	-0.11044966348095242
151250000	151299999	0.7797235201333336	0.9006641803857145	-0.12094066025238093
151300000	151349999	0.7691472168238097	0.9006641803857145	-0.1315169635619048
151350000	151399999	0.7527272519666669	0.9006641803857145	-0.1479369284190476
151400000	151449999	0.7451296045761906	0.9006641803857145	-0.1555345758095239
151450000	151499999	0.7193110854666669	0.9006641803857145	-0.1813530949190476
151500000	151549999	0.7075057609904765	0.9006641803857145	-0.19315841939523803
151550000	151599999	0.6963128028761907	0.9006641803857145	-0.2043513775095238
151600000	151649999	0.6801581654523812	0.9006641803857145	-0.22050601493333333
151650000	151699999	0.6591485676428573	0.9006641803857145	-0.24151561274285716
151700000	151749999	0.6440408207333336	0.9006641803857145	-0.2566233596523809
151750000	151799999	0.632951616314286	0.9006641803857145	-0.2677125640714285
151800000	151849999	0.623418481461905	0.9006641803857145	-0.27724569892380946
151850000	151899999	0.6140520220761907	0.9006641803857145	-0.2866121583095238
151900000	151949999	0.6008109578428573	0.9006641803857145	-0.2998532225428572
151950000	151999999	0.5916193899809525	0.9006641803857145	-0.30904479040476196
152000000	152049999	0.6045916321714289	0.9006641803857145	-0.29607254821428564
152050000	152099999	0.6017934400761907	0.9006641803857145	-0.29887074030952376
152100000	152149999	0.6045007942809526	0.9006641803857145	-0.2961633861047619
152150000	152199999	0.5979441496666669	0.9006641803857145	-0.30272003071904763
152200000	152249999	0.5945898452523812	0.9006641803857145	-0.30607433513333326
152250000	152299999	0.5989984070333336	0.9006641803857145	-0.3016657733523809
152300000	152349999	0.5902072632238098	0.9006641803857145	-0.3104569171619047
152350000	152399999	0.5849677032380954	0.9006641803857145	-0.31569647714761906
152400000	152449999	0.5859890453666668	0.9006641803857145	-0.31467513501904765
152450000	152499999	0.5841242750952382	0.9006641803857145	-0.31653990529047626
152500000	152549999	0.5953376437428574	0.9006641803857145	-0.30532653664285714
152550000	152599999	0.6045412166523811	0.9006641803857145	-0.29612296373333336
152600000	152649999	0.6102070883238098	0.9006641803857145	-0.29045709206190473
152650000	152699999	0.6216999061904764	0.9006641803857145	-0.27896427419523806
152700000	152749999	0.6377138265190478	0.9006641803857145	-0.26295035386666665
152750000	152799999	0.6460267404142859	0.9006641803857145	-0.2546374399714286
152800000	152849999	0.6527180590380954	0.9006641803857145	-0.24794612134761906
152850000	152899999	0.6739535197285716	0.9006641803857145	-0.22671066065714285
152900000	152949999	0.7180651814523812	0.9006641803857145	-0.1825989989333333
152950000	152999999	0.7420878915857145	0.9006641803857145	-0.15857628879999996
153000000	153049999	0.7679578989619049	0.9006641803857145	-0.13270628142380958
153050000	153099999	0.786402099314286	0.9006641803857145	-0.11426208107142855
153100000	153149999	0.8094411358238097	0.9006641803857145	-0.09122304456190478
153150000	153199999	0.8305843619380955	0.9006641803857145	-0.07007981844761901
153200000	153249999	0.8571961994142859	0.9006641803857145	-0.043467980971428566
153250000	153299999	0.8779180148380954	0.9006641803857145	-0.0227461655476191
153300000	153349999	0.906404904261905	0.9006641803857145	0.005740723876190512
153350000	153399999	0.9204547359904764	0.9006641803857145	0.01979055560476195
153400000	153449999	0.9377704724142859	0.9006641803857145	0.03710629202857141
153450000	153499999	0.9412769060238098	0.9006641803857145	0.04061272563809526
153500000	153549999	0.9544554312142859	0.9006641803857145	0.05379125082857139
153550000	153599999	0.9663037371761907	0.9006641803857145	0.06563955679047617
153600000	153649999	0.9841669472142859	0.9006641803857145	0.08350276682857138
153650000	153699999	0.9973251747857145	0.9006641803857145	0.09666099439999998
153700000	153749999	1.0102448093714287	0.9006641803857145	0.10958062898571419
153750000	153799999	1.0208689609428574	0.9006641803857145	0.1202047805571429
153800000	153849999	1.0332132536761907	0.9006641803857145	0.13254907329047616
153850000	153899999	1.0438396084238097	0.9006641803857145	0.14317542803809524
153900000	153949999	1.0397394441380954	0.9006641803857145	0.13907526375238088
153950000	153999999	1.006461051014286	0.9006641803857145	0.10579687062857146
154000000	154049999	0.993150603914286	0.9006641803857145	0.0924864235285715
154050000	154099999	0.9741050001571431	0.9006641803857145	0.07344081977142858
154100000	154149999	0.9481615056952383	0.9006641803857145	0.047497325309523775
154150000	154199999	0.9266863028047622	0.9006641803857145	0.026022122419047666
154200000	154249999	0.9035294883619049	0.9006641803857145	0.0028653079761904454
154250000	154299999	0.8826553895047621	0.9006641803857145	-0.01800879088095242
154300000	154349999	0.8728447933857145	0.9006641803857145	-0.027819386999999973
154350000	154399999	0.8638775569761907	0.9006641803857145	-0.036786623409523767
154400000	154449999	0.858189096261905	0.9006641803857145	-0.042475084123809514
154450000	154499999	0.8376100699761907	0.9006641803857145	-0.0630541104095238
154500000	154549999	0.8238622303952383	0.9006641803857145	-0.07680194999047618
154550000	154599999	0.8052813238904765	0.9006641803857145	-0.09538285649523803
154600000	154649999	0.796431223309524	0.9006641803857145	-0.10423295707619051
154650000	154699999	0.7758655076285716	0.9006641803857145	-0.12479867275714285
154700000	154749999	0.7565255966761907	0.9006641803857145	-0.14413858370952382
154750000	154799999	0.7310951371285717	0.9006641803857145	-0.16956904325714284
154800000	154849999	0.7100645433095241	0.9006641803857145	-0.19059963707619043
154850000	154899999	0.6824700993190479	0.9006641803857145	-0.2181940810666666
154900000	154949999	0.671829888109524	0.9006641803857145	-0.22883429227619045
154950000	154999999	0.648861459309524	0.9006641803857145	-0.2518027210761905
155000000	155049999	0.6402629485761907	0.9006641803857145	-0.2604012318095238
155050000	155099999	0.6299098605047622	0.9006641803857145	-0.27075431988095233
155100000	155149999	0.6467145516142859	0.9006641803857145	-0.25394962877142857
155150000	155199999	0.6511134714190479	0.9006641803857145	-0.24955070896666665
155200000	155249999	0.6511182819285717	0.9006641803857145	-0.2495458984571428
155250000	155299999	0.6490807164809526	0.9006641803857145	-0.25158346390476194
155300000	155349999	0.6476881296857145	0.9006641803857145	-0.25297605069999995
155350000	155399999	0.6378780710761907	0.9006641803857145	-0.26278610930952384
155400000	155449999	0.6173440937000002	0.9006641803857145	-0.2833200866857143
155450000	155499999	0.6180426398857145	0.9006641803857145	-0.2826215405
155500000	155549999	0.6188136971333336	0.9006641803857145	-0.28185048325238093
155550000	155599999	0.6153359355857144	0.9006641803857145	-0.2853282448000001
155600000	155649999	0.611936963409524	0.9006641803857145	-0.2887272169761905
155650000	155699999	0.6017724360285717	0.9006641803857145	-0.29889174435714283
155700000	155749999	0.5930899958380954	0.9006641803857145	-0.3075741845476191
155750000	155799999	0.5939981259190478	0.9006641803857145	-0.3066660544666667
155800000	155849999	0.5918759817761907	0.9006641803857145	-0.3087881986095238
155850000	155899999	0.5790786895952382	0.9006641803857145	-0.32158549079047627
155900000	155949999	0.5775231582619049	0.9006641803857145	-0.3231410221238096
155950000	155999999	0.5750875751523812	0.9006641803857145	-0.3255766052333333
156000000	156049999	0.5866993235190479	0.9006641803857145	-0.31396485686666664
156050000	156099999	0.5941771989571429	0.9006641803857145	-0.30648698142857156
156100000	156149999	0.6112252731333334	0.9006641803857145	-0.2894389072523811
156150000	156199999	0.6078485754904763	0.9006641803857145	-0.29281560489523817
156200000	156249999	0.6160251650476192	0.9006641803857145	-0.2846390153380953
156250000	156299999	0.6278076995809526	0.9006641803857145	-0.2728564808047619
156300000	156349999	0.6339489700857145	0.9006641803857145	-0.2667152103
156350000	156399999	0.6393718291095241	0.9006641803857145	-0.26129235127619044
156400000	156449999	0.6494076942952383	0.9006641803857145	-0.25125648609047624
156450000	156499999	0.6690774154047621	0.9006641803857145	-0.23158676498095243
156500000	156549999	0.6822362259190478	0.9006641803857145	-0.21842795446666674
156550000	156599999	0.7020221623190478	0.9006641803857145	-0.1986420180666667
156600000	156649999	0.7241678442952384	0.9006641803857145	-0.1764963360904761
156650000	156699999	0.7413468896380955	0.9006641803857145	-0.15931729074761902
156700000	156749999	0.7784424122571431	0.9006641803857145	-0.12222176812857144
156750000	156799999	0.7951543597857145	0.9006641803857145	-0.10550982060000003
156800000	156849999	0.7995822074761907	0.9006641803857145	-0.10108197290952381
156850000	156899999	0.8174166261571431	0.9006641803857145	-0.08324755422857144
156900000	156949999	0.8402618842809526	0.9006641803857145	-0.06040229610476189
156950000	156999999	0.8474885255428574	0.9006641803857145	-0.053175654842857134
157000000	157049999	0.8531729580809526	0.9006641803857145	-0.04749122230476188
157050000	157099999	0.8574214983285716	0.9006641803857145	-0.04324268205714288
157100000	157149999	0.8466242764476193	0.9006641803857145	-0.05403990393809521
157150000	157199999	0.8254321164047621	0.9006641803857145	-0.07523206398095239
157200000	157249999	0.8134165756761907	0.9006641803857145	-0.08724760470952375
157250000	157299999	0.8116064397666669	0.9006641803857145	-0.08905774061904759
157300000	157349999	0.8008154125285717	0.9006641803857145	-0.0998487678571428
157350000	157399999	0.7915027590523812	0.9006641803857145	-0.10916142133333329
157400000	157449999	0.785890634761905	0.9006641803857145	-0.11477354562380948
157450000	157499999	0.7783454542095241	0.9006641803857145	-0.12231872617619044
157500000	157549999	0.7565064314285717	0.9006641803857145	-0.14415774895714284
157550000	157599999	0.753190818957143	0.9006641803857145	-0.14747336142857148
157600000	157649999	0.7475389340714288	0.9006641803857145	-0.1531252463142857
157650000	157699999	0.7496413670333335	0.9006641803857145	-0.151022813352381
157700000	157749999	0.7524364949809526	0.9006641803857145	-0.14822768540476194
157750000	157799999	0.7268634931476192	0.9006641803857145	-0.17380068723809527
157800000	157849999	0.7263201460571431	0.9006641803857145	-0.17434403432857137
157850000	157899999	0.7279141985000003	0.9006641803857145	-0.17274998188571422
157900000	157949999	0.7313716672333335	0.9006641803857145	-0.16929251315238103
157950000	157999999	0.732708168714286	0.9006641803857145	-0.16795601167142848
158000000	158049999	0.7341879888809526	0.9006641803857145	-0.1664761915047619
158050000	158099999	0.760395666961905	0.9006641803857145	-0.14026851342380953
158100000	158149999	0.7813782115523812	0.9006641803857145	-0.11928596883333331
158150000	158199999	0.8128548818857145	0.9006641803857145	-0.08780929849999997
158200000	158249999	0.8513262414476193	0.9006641803857145	-0.04933793893809524
158250000	158299999	0.8624000674666669	0.9006641803857145	-0.03826411291904763
158300000	158349999	0.8648457266476193	0.9006641803857145	-0.035818453738095224
158350000	158399999	0.8711732939000002	0.9006641803857145	-0.029490886485714296
158400000	158449999	0.8781144011809526	0.9006641803857145	-0.022549779204761866
158450000	158499999	0.8982514783238097	0.9006641803857145	-0.0024127020619048034
158500000	158549999	0.9154701755380955	0.9006641803857145	0.014805995152381013
158550000	158599999	0.9407757128285716	0.9006641803857145	0.040111532442857145
158600000	158649999	0.9415764486761907	0.9006641803857145	0.04091226829047623
158650000	158699999	0.9412219802333336	0.9006641803857145	0.04055779984761909
158700000	158749999	0.9338606759000002	0.9006641803857145	0.03319649551428572
158750000	158799999	0.9290269282666669	0.9006641803857145	0.028362747880952388
158800000	158849999	0.926469957361905	0.9006641803857145	0.025805776976190464
158850000	158899999	0.9274727669380954	0.9006641803857145	0.026808586552380942
158900000	158949999	0.9386386214047621	0.9006641803857145	0.03797444101904757
158950000	158999999	0.9455568069523812	0.9006641803857145	0.044892626566666705
159000000	159049999	0.9432484027476192	0.9006641803857145	0.04258422236190473
159050000	159099999	0.9536121265380955	0.9006641803857145	0.052947946152380965
159100000	159149999	0.9355082703380955	0.9006641803857145	0.034844089952380974
159150000	159199999	0.9196940204523811	0.9006641803857145	0.019029840066666637
159200000	159249999	0.9025799720333335	0.9006641803857145	0.001915791647619014
159250000	159299999	0.8899331887857145	0.9006641803857145	-0.010730991600000017
159300000	159349999	0.9068140961047622	0.9006641803857145	0.0061499157190476605
159350000	159399999	0.9052547903809526	0.9006641803857145	0.004590609995238082
159400000	159449999	0.897668117014286	0.9006641803857145	-0.002996063371428548
159450000	159499999	0.8944183128380955	0.9006641803857145	-0.006245867547619022
159500000	159549999	0.8712300797571431	0.9006641803857145	-0.029434100628571436
159550000	159599999	0.8514892755904764	0.9006641803857145	-0.04917490479523812
159600000	159649999	0.8229272023857145	0.9006641803857145	-0.07773697800000001
159650000	159699999	0.8091491998428574	0.9006641803857145	-0.09151498054285712
159700000	159749999	0.7934227280047621	0.9006641803857145	-0.1072414523809524
159750000	159799999	0.7852649157571431	0.9006641803857145	-0.11539926462857142
159800000	159849999	0.7660956979666669	0.9006641803857145	-0.13456848241904762
159850000	159899999	0.751184326861905	0.9006641803857145	-0.14947985352380955
159900000	159949999	0.7348445716761907	0.9006641803857145	-0.16581960870952384
159950000	159999999	0.7052838232761907	0.9006641803857145	-0.19538035710952384
160000000	160049999	0.6802475587857145	0.9006641803857145	-0.22041662159999997
160050000	160099999	0.6649151772761908	0.9006641803857145	-0.23574900310952374
160100000	160149999	0.6562554496285716	0.9006641803857145	-0.24440873075714287
160150000	160199999	0.6370665502666668	0.9006641803857145	-0.2635976301190477
160200000	160249999	0.6216798567761908	0.9006641803857145	-0.27898432360952374
160250000	160299999	0.6129069376428574	0.9006641803857145	-0.2877572427428571
160300000	160349999	0.6062914640952384	0.9006641803857145	-0.2943727162904761
160350000	160399999	0.5838387272333336	0.9006641803857145	-0.31682545315238086
160400000	160449999	0.5806059809380955	0.9006641803857145	-0.32005819944761904
160450000	160499999	0.5781071539142859	0.9006641803857145	-0.3225570264714286
160500000	160549999	0.5785966516666669	0.9006641803857145	-0.32206752871904765
160550000	160599999	0.5899193200952382	0.9006641803857145	-0.3107448602904763
160600000	160649999	0.5927497267904763	0.9006641803857145	-0.30791445359523817
160650000	160699999	0.6075835225523811	0.9006641803857145	-0.29308065783333337
160700000	160749999	0.6148878405619049	0.9006641803857145	-0.28577633982380957
160750000	160799999	0.6245733217333336	0.9006641803857145	-0.2760908586523809
160800000	160849999	0.6302966779761907	0.9006641803857145	-0.2703675024095238
160850000	160899999	0.6446458414047622	0.9006641803857145	-0.2560183389809523
160900000	160949999	0.6555331035571431	0.9006641803857145	-0.24513107682857138
160950000	160999999	0.6564027420285716	0.9006641803857145	-0.24426143835714287
161000000	161049999	0.6765056083333335	0.9006641803857145	-0.224158572052381
161050000	161099999	0.6830350975142859	0.9006641803857145	-0.21762908287142857
161100000	161149999	0.6864079763380955	0.9006641803857145	-0.21425620404761903
161150000	161199999	0.6771619305761907	0.9006641803857145	-0.22350224980952382
161200000	161249999	0.6765241396952383	0.9006641803857145	-0.22414004069047622
161250000	161299999	0.6812997893476193	0.9006641803857145	-0.21936439103809524
161300000	161349999	0.6870070204761907	0.9006641803857145	-0.21365715990952383
161350000	161399999	0.679221619609524	0.9006641803857145	-0.2214425607761905
161400000	161449999	0.6767790838285717	0.9006641803857145	-0.22388509655714284
161450000	161499999	0.665232963009524	0.9006641803857145	-0.23543121737619055
161500000	161549999	0.6640696761000002	0.9006641803857145	-0.23659450428571427
161550000	161599999	0.6658423252428574	0.9006641803857145	-0.23482185514285714
161600000	161649999	0.6542295909428573	0.9006641803857145	-0.24643458944285723
161650000	161699999	0.6569160096000002	0.9006641803857145	-0.2437481707857143
161700000	161749999	0.6561632749809526	0.9006641803857145	-0.24450090540476188
161750000	161799999	0.6522024666428573	0.9006641803857145	-0.2484617137428572
161800000	161849999	0.6523077208333335	0.9006641803857145	-0.24835645955238095
161850000	161899999	0.6469532138666669	0.9006641803857145	-0.25371096651904756
161900000	161949999	0.6390838007571431	0.9006641803857145	-0.2615803796285714
161950000	161999999	0.6349810534476192	0.9006641803857145	-0.26568312693809526
162000000	162049999	0.6359767252857145	0.9006641803857145	-0.2646874551
162050000	162099999	0.6285251298952383	0.9006641803857145	-0.27213905049047615
162100000	162149999	0.6237510104000004	0.9006641803857145	-0.27691316998571414
162150000	162199999	0.6309105694428574	0.9006641803857145	-0.2697536109428571
162200000	162249999	0.6386012310809526	0.9006641803857145	-0.2620629493047619
162250000	162299999	0.649263551709524	0.9006641803857145	-0.2514006286761905
162300000	162349999	0.6668759956666669	0.9006641803857145	-0.2337881847190476
162350000	162399999	0.7045125430047621	0.9006641803857145	-0.19615163738095243
162400000	162449999	0.7468486293285717	0.9006641803857145	-0.15381555105714284
162450000	162499999	0.7610015662714288	0.9006641803857145	-0.1396626141142857
162500000	162549999	0.7706235681761907	0.9006641803857145	-0.1300406122095238
162550000	162599999	0.7767262408666669	0.9006641803857145	-0.12393793951904764
162600000	162649999	0.7838559731000002	0.9006641803857145	-0.11680820728571428
162650000	162699999	0.790733354009524	0.9006641803857145	-0.10993082637619045
162700000	162749999	0.8039173811619049	0.9006641803857145	-0.09674679922380958
162750000	162799999	0.816280855457143	0.9006641803857145	-0.08438332492857148
162800000	162849999	0.8292887388142859	0.9006641803857145	-0.07137544157142861
162850000	162899999	0.8414350168666669	0.9006641803857145	-0.05922916351904761
162900000	162949999	0.8643874862714288	0.9006641803857145	-0.03627669411428569
162950000	162999999	0.9084512730952383	0.9006641803857145	0.007787092709523824
163000000	163049999	0.9272214198238098	0.9006641803857145	0.026557239438095293
163050000	163099999	0.9615730109666669	0.9006641803857145	0.06090883058095242
163100000	163149999	1.0166994294380953	0.9006641803857145	0.11603524905238083
163150000	163199999	1.0619132951	0.9006641803857145	0.1612491147142856
163200000	163249999	1.1173119786476193	0.9006641803857145	0.21664779826190483
163250000	163299999	1.1700166754380954	0.9006641803857145	0.2693524950523809
163300000	163349999	1.207136230609524	0.9006641803857145	0.3064720502238094
163350000	163399999	1.2146289080952384	0.9006641803857145	0.3139647277095239
163400000	163449999	1.1865659641809525	0.9006641803857145	0.285901783795238
163450000	163499999	1.1458972047380955	0.9006641803857145	0.24523302435238103
163500000	163549999	1.1216648599619048	0.9006641803857145	0.2210006795761903
163550000	163599999	1.1120358127809526	0.9006641803857145	0.21137163239523815
163600000	163649999	1.1001530654428573	0.9006641803857145	0.1994888850571428
163650000	163699999	1.0860642288095241	0.9006641803857145	0.18540004842380964
163700000	163749999	1.0725371256476193	0.9006641803857145	0.17187294526190477
163750000	163799999	1.051957569457143	0.9006641803857145	0.15129338907142853
163800000	163849999	1.031432587704762	0.9006641803857145	0.1307684073190476
163850000	163899999	1.0072370338952383	0.9006641803857145	0.10657285350952383
163900000	163949999	0.9844621634285716	0.9006641803857145	0.08379798304285713
163950000	163999999	0.9649224320523812	0.9006641803857145	0.06425825166666665
164000000	164049999	0.9213181735190479	0.9006641803857145	0.02065399313333338
164050000	164099999	0.906250015409524	0.9006641803857145	0.005585835023809493
164100000	164149999	0.8748957887714288	0.9006641803857145	-0.02576839161428568
164150000	164199999	0.8237798803857145	0.9006641803857145	-0.07688430000000002
164200000	164249999	0.7823673008333336	0.9006641803857145	-0.11829687955238088
164250000	164299999	0.7239889304761907	0.9006641803857145	-0.17667524990952377
164300000	164349999	0.6645891546095241	0.9006641803857145	-0.23607502577619044
164350000	164399999	0.6216900944190479	0.9006641803857145	-0.2789740859666666
164400000	164449999	0.6037109253428574	0.9006641803857145	-0.2969532550428571
164450000	164499999	0.5825427534952383	0.9006641803857145	-0.3181214268904762
164500000	164549999	0.5818860359428574	0.9006641803857145	-0.3187781444428571
164550000	164599999	0.5923980549333336	0.9006641803857145	-0.30826612545238086
164600000	164649999	0.5993138066047621	0.9006641803857145	-0.3013503737809524
164650000	164699999	0.6120933954000002	0.9006641803857145	-0.2885707849857143
164700000	164749999	0.6220876983428574	0.9006641803857145	-0.2785764820428571
164750000	164799999	0.6422740179714288	0.9006641803857145	-0.2583901624142857
164800000	164849999	0.6505282318523811	0.9006641803857145	-0.25013594853333343
164850000	164899999	0.6560508849285717	0.9006641803857145	-0.24461329545714283
164900000	164949999	0.6638450449952383	0.9006641803857145	-0.23681913539047617
164950000	164999999	0.6702498194285716	0.9006641803857145	-0.23041436095714285
165000000	165049999	0.6659942621619049	0.9006641803857145	-0.23466991822380956
165050000	165099999	0.6588484277238097	0.9006641803857145	-0.2418157526619048
165100000	165149999	0.6578272007857144	0.9006641803857145	-0.24283697960000006
165150000	165199999	0.6574351876000002	0.9006641803857145	-0.2432289927857143
165200000	165249999	0.6503338954333335	0.9006641803857145	-0.25033028495238097
165250000	165299999	0.6498287447047622	0.9006641803857145	-0.25083543568095235
165300000	165349999	0.6428069651809527	0.9006641803857145	-0.2578572152047618
165350000	165399999	0.6383792141000002	0.9006641803857145	-0.2622849662857143
165400000	165449999	0.6404477527238097	0.9006641803857145	-0.2602164276619048
165450000	165499999	0.6344474858333335	0.9006641803857145	-0.26621669455238095
165500000	165549999	0.6381661358904764	0.9006641803857145	-0.26249804449523806
165550000	165599999	0.6389448615238098	0.9006641803857145	-0.2617193188619047
165600000	165649999	0.6316514543714288	0.9006641803857145	-0.2690127260142857
165650000	165699999	0.6212866789904764	0.9006641803857145	-0.2793775013952381
165700000	165749999	0.609190042357143	0.9006641803857145	-0.2914741380285715
165750000	165799999	0.6032842245904764	0.9006641803857145	-0.2973799557952381
165800000	165849999	0.5880697200000002	0.9006641803857145	-0.31259446038571426
165850000	165899999	0.5763046011285716	0.9006641803857145	-0.32435957925714287
165900000	165949999	0.575521258914286	0.9006641803857145	-0.32514292147142854
165950000	165999999	0.579984939404762	0.9006641803857145	-0.32067924098095246
166000000	166049999	0.5768931414952383	0.9006641803857145	-0.3237710388904762
166050000	166099999	0.577227627257143	0.9006641803857145	-0.32343655312857145
166100000	166149999	0.5850970476095241	0.9006641803857145	-0.3155671327761904
166150000	166199999	0.5825823117809527	0.9006641803857145	-0.31808186860476184
166200000	166249999	0.5738252322238098	0.9006641803857145	-0.32683894816190473
166250000	166299999	0.5757010738142859	0.9006641803857145	-0.3249631065714286
166300000	166349999	0.5752751693476192	0.9006641803857145	-0.32538901103809525
166350000	166399999	0.5743989862952383	0.9006641803857145	-0.32626519409047616
166400000	166449999	0.5828569441571432	0.9006641803857145	-0.3178072362285713
166450000	166499999	0.5781749640619049	0.9006641803857145	-0.32248921632380956
166500000	166549999	0.5792830904238098	0.9006641803857145	-0.32138108996190473
166550000	166599999	0.5789938775380954	0.9006641803857145	-0.3216703028476191
166600000	166649999	0.5731178417714289	0.9006641803857145	-0.3275463386142856
166650000	166699999	0.5782928296857145	0.9006641803857145	-0.3223713507
166700000	166749999	0.5860001867809526	0.9006641803857145	-0.31466399360476194
166750000	166799999	0.5818298198238097	0.9006641803857145	-0.31883436056190484
166800000	166849999	0.5793626300857144	0.9006641803857145	-0.32130155030000007
166850000	166899999	0.5815262783142859	0.9006641803857145	-0.31913790207142856
166900000	166949999	0.587733890761905	0.9006641803857145	-0.31293028962380953
166950000	166999999	0.5889565162285717	0.9006641803857145	-0.3117076641571428
167000000	167049999	0.5851608190714288	0.9006641803857145	-0.3155033613142857
167050000	167099999	0.5848498829380955	0.9006641803857145	-0.315814297447619
167100000	167149999	0.5887497269095241	0.9006641803857145	-0.3119144534761904
167150000	167199999	0.5901936981000002	0.9006641803857145	-0.3104704822857143
167200000	167249999	0.5868589270523812	0.9006641803857145	-0.3138052533333333
167250000	167299999	0.5983278843285716	0.9006641803857145	-0.30233629605714285
167300000	167349999	0.600498832661905	0.9006641803857145	-0.30016534772380954
167350000	167399999	0.6044057979571431	0.9006641803857145	-0.2962583824285714
167400000	167449999	0.6206859995047621	0.9006641803857145	-0.2799781808809524
167450000	167499999	0.6295733252761907	0.9006641803857145	-0.2710908551095238
167500000	167549999	0.6437561886761907	0.9006641803857145	-0.25690799170952383
167550000	167599999	0.6498452427904764	0.9006641803857145	-0.2508189375952381
167600000	167649999	0.6557880790285716	0.9006641803857145	-0.24487610135714288
167650000	167699999	0.6700407096238098	0.9006641803857145	-0.2306234707619047
167700000	167749999	0.6829032384000002	0.9006641803857145	-0.21776094198571427
167750000	167799999	0.6909446410238098	0.9006641803857145	-0.20971953936190468
167800000	167849999	0.7129353875857145	0.9006641803857145	-0.1877287928
167850000	167899999	0.7242758598190479	0.9006641803857145	-0.17638832056666665
167900000	167949999	0.7379419581285717	0.9006641803857145	-0.16272222225714283
167950000	167999999	0.7462700681714287	0.9006641803857145	-0.15439411221428578
168000000	168049999	0.7543410730666669	0.9006641803857145	-0.14632310731904763
168050000	168099999	0.764058130561905	0.9006641803857145	-0.13660604982380953
168100000	168149999	0.7699274771666669	0.9006641803857145	-0.13073670321904762
168150000	168199999	0.772438765914286	0.9006641803857145	-0.12822541447142854
168200000	168249999	0.7773076711238097	0.9006641803857145	-0.12335650926190478
168250000	168299999	0.7940357186666669	0.9006641803857145	-0.10662846171904761
168300000	168349999	0.794560674257143	0.9006641803857145	-0.10610350612857145
168350000	168399999	0.8047566707047621	0.9006641803857145	-0.09590750968095241
168400000	168449999	0.8126620653476193	0.9006641803857145	-0.08800211503809519
168450000	168499999	0.8175765764428573	0.9006641803857145	-0.08308760394285719
168500000	168549999	0.8281240959428574	0.9006641803857145	-0.07254008444285709
168550000	168599999	0.8352503649761907	0.9006641803857145	-0.06541381540952385
168600000	168649999	0.8456361024047622	0.9006641803857145	-0.05502807798095233
168650000	168699999	0.8576053438523812	0.9006641803857145	-0.04305883653333331
168700000	168749999	0.8595585740428574	0.9006641803857145	-0.04110560634285709
168750000	168799999	0.8602962593238097	0.9006641803857145	-0.04036792106190479
168800000	168849999	0.8736020546047621	0.9006641803857145	-0.02706212578095235
168850000	168899999	0.8811535668285716	0.9006641803857145	-0.019510613557142897
168900000	168949999	0.8964604041666668	0.9006641803857145	-0.004203776219047661
168950000	168999999	0.9045126545190478	0.9006641803857145	0.003848474133333335
169000000	169049999	0.9184932547476192	0.9006641803857145	0.01782907436190473
169050000	169099999	0.930748782561905	0.9006641803857145	0.030084602176190467
169100000	169149999	0.935459923209524	0.9006641803857145	0.03479574282380948
169150000	169199999	0.9534839610285717	0.9006641803857145	0.052819780642857195
169200000	169249999	0.9737448819428574	0.9006641803857145	0.07308070155714286
169250000	169299999	0.9859788947190479	0.9006641803857145	0.08531471433333337
169300000	169349999	0.9853366241857145	0.9006641803857145	0.08467244380000005
169350000	169399999	0.9900640867428574	0.9006641803857145	0.0893999063571429
169400000	169449999	0.982222812361905	0.9006641803857145	0.08155863197619051
169450000	169499999	0.9737353649523812	0.9006641803857145	0.07307118456666672
169500000	169549999	0.9656182505190478	0.9006641803857145	0.06495407013333332
169550000	169599999	0.9428411378190479	0.9006641803857145	0.042176957433333384
169600000	169649999	0.9326621172238098	0.9006641803857145	0.031997936838095264
169650000	169699999	0.9088959964333335	0.9006641803857145	0.008231816047619023
169700000	169749999	0.8911297973809525	0.9006641803857145	-0.009534383004761948
169750000	169799999	0.8762390259476193	0.9006641803857145	-0.02442515443809523
169800000	169849999	0.8715781436523812	0.9006641803857145	-0.02908603673333332
169850000	169899999	0.8589037002285717	0.9006641803857145	-0.04176048015714284
169900000	169949999	0.8489550613666669	0.9006641803857145	-0.05170911901904762
169950000	169999999	0.8363591678952383	0.9006641803857145	-0.06430501249047615
170000000	170049999	0.8134562980238097	0.9006641803857145	-0.0872078823619048
170050000	170099999	0.8089267362952384	0.9006641803857145	-0.09173744409047613
170100000	170149999	0.800074523061905	0.9006641803857145	-0.10058965732380953
170150000	170199999	0.8054004580238098	0.9006641803857145	-0.09526372236190472
170200000	170249999	0.782608286057143	0.9006641803857145	-0.11805589432857144
170250000	170299999	0.7656392095619049	0.9006641803857145	-0.1350249708238096
170300000	170349999	0.7577256900047621	0.9006641803857145	-0.1429384903809524
170350000	170399999	0.7530089482047622	0.9006641803857145	-0.14765523218095233
170400000	170449999	0.7529886347619049	0.9006641803857145	-0.14767554562380958
170450000	170499999	0.7622085150952383	0.9006641803857145	-0.13845566529047615
170500000	170549999	0.7703809250523812	0.9006641803857145	-0.1302832553333333
170550000	170599999	0.7697491825904764	0.9006641803857145	-0.13091499779523808
170600000	170649999	0.779530802809524	0.9006641803857145	-0.12113337757619047
170650000	170699999	0.7763112777000002	0.9006641803857145	-0.1243529026857143
170700000	170749999	0.7826656288000002	0.9006641803857145	-0.11799855158571426
170750000	170799999	0.8005332418428573	0.9006641803857145	-0.10013093854285715
170800000	170849999	0.8287957133333336	0.9006641803857145	-0.07186846705238092
170850000	170899999	0.8466985385523812	0.9006641803857145	-0.0539656418333333
170900000	170949999	0.8647396949476193	0.9006641803857145	-0.03592448543809523
170950000	170999999	0.8723832123904764	0.9006641803857145	-0.02828096799523805
171000000	171049999	0.8748793798238097	0.9006641803857145	-0.025784800561904797
171050000	171099999	0.8942564878904764	0.9006641803857145	-0.006407692495238093
171100000	171149999	0.8963890237714288	0.9006641803857145	-0.00427515661428568
171150000	171199999	0.9032210054333335	0.9006641803857145	0.0025568250476190046
171200000	171249999	0.8966484811952383	0.9006641803857145	-0.004015699190476174
171250000	171299999	0.9089240590761907	0.9006641803857145	0.008259878690476175
171300000	171349999	0.908273995209524	0.9006641803857145	0.007609814823809513
171350000	171399999	0.9081212507380955	0.9006641803857145	0.007457070352380968
171400000	171449999	0.9185260971190479	0.9006641803857145	0.01786191673333337
171450000	171499999	0.9181292708190478	0.9006641803857145	0.01746509043333333
171500000	171549999	0.9120828021380954	0.9006641803857145	0.011418621752380953
171550000	171599999	0.9084724781476192	0.9006641803857145	0.007808297761904726
171600000	171649999	0.9119714277904764	0.9006641803857145	0.011307247404761855
171650000	171699999	0.9172514010857145	0.9006641803857145	0.01658722069999996
171700000	171749999	0.9355434134476193	0.9006641803857145	0.03487923306190477
171750000	171799999	0.9538219030666669	0.9006641803857145	0.053157722680952424
171800000	171849999	0.9570961816238097	0.9006641803857145	0.05643200123809522
171850000	171899999	0.9479864038761907	0.9006641803857145	0.04732222349047621
171900000	171949999	0.9477822210142859	0.9006641803857145	0.04711804062857139
171950000	171999999	0.9407988495761906	0.9006641803857145	0.04013466919047615
172000000	172049999	0.9555571087000002	0.9006641803857145	0.054892928314285716
172050000	172099999	0.9705745013428574	0.9006641803857145	0.06991032095714289
172100000	172149999	0.9679083300000002	0.9006641803857145	0.06724414961428571
172150000	172199999	0.967889871461905	0.9006641803857145	0.06722569107619047
172200000	172249999	0.9610984060952383	0.9006641803857145	0.06043422570952384
172250000	172299999	0.9665415797904764	0.9006641803857145	0.0658773994047619
172300000	172349999	0.9617896423047622	0.9006641803857145	0.06112546191904766
172350000	172399999	0.9734524046190478	0.9006641803857145	0.07278822423333331
172400000	172449999	0.9710688034571431	0.9006641803857145	0.07040462307142858
172450000	172499999	0.9612661035380955	0.9006641803857145	0.060601923152381
172500000	172549999	0.9736522386571431	0.9006641803857145	0.07298805827142862
172550000	172599999	0.985708896661905	0.9006641803857145	0.08504471627619048
172600000	172649999	0.9905514111714288	0.9006641803857145	0.08988723078571426
172650000	172699999	1.000012869166667	0.9006641803857145	0.09934868878095249
172700000	172749999	1.0116107797952383	0.9006641803857145	0.11094659940952378
172750000	172799999	1.019826549766667	0.9006641803857145	0.11916236938095248
172800000	172849999	1.0577020229238097	0.9006641803857145	0.15703784253809516
172850000	172899999	1.0790315863000002	0.9006641803857145	0.17836740591428568
172900000	172949999	1.0817686296476192	0.9006641803857145	0.18110444926190472
172950000	172999999	1.0753961071047622	0.9006641803857145	0.1747319267190477
173000000	173049999	1.0678093969952382	0.9006641803857145	0.16714521660952375
173050000	173099999	1.043174137261905	0.9006641803857145	0.1425099568761905
173100000	173149999	1.027665422157143	0.9006641803857145	0.12700124177142857
173150000	173199999	1.026874052814286	0.9006641803857145	0.1262098724285714
173200000	173249999	1.0151312310714289	0.9006641803857145	0.11446705068571439
173250000	173299999	1.015688575466667	0.9006641803857145	0.11502439508095241
173300000	173349999	1.012791276466667	0.9006641803857145	0.1121270960809524
173350000	173399999	1.014187885052381	0.9006641803857145	0.11352370466666661
173400000	173449999	1.0003979327857144	0.9006641803857145	0.09973375239999993
173450000	173499999	0.9966499541380954	0.9006641803857145	0.09598577375238093
173500000	173549999	0.9982670328761907	0.9006641803857145	0.09760285249047618
173550000	173599999	0.9835776736380955	0.9006641803857145	0.08291349325238095
173600000	173649999	0.967541724314286	0.9006641803857145	0.06687754392857148
173650000	173699999	0.9550489581761906	0.9006641803857145	0.054384777790476124
173700000	173749999	0.9371580376238098	0.9006641803857145	0.036493857238095284
173750000	173799999	0.9164639071380954	0.9006641803857145	0.01579972675238095
173800000	173849999	0.8921885636523812	0.9006641803857145	-0.008475616733333302
173850000	173899999	0.8421031002142859	0.9006641803857145	-0.05856108017142858
173900000	173949999	0.8062563872238098	0.9006641803857145	-0.09440779316190473
173950000	173999999	0.7953065489523812	0.9006641803857145	-0.10535763143333332
174000000	174049999	0.7793411577047621	0.9006641803857145	-0.12132302268095241
174050000	174099999	0.7786132373523812	0.9006641803857145	-0.1220509430333333
174100000	174149999	0.7840072178904764	0.9006641803857145	-0.11665696249523805
174150000	174199999	0.7812073111476192	0.9006641803857145	-0.11945686923809529
174200000	174249999	0.7862124118714288	0.9006641803857145	-0.11445176851428573
174250000	174299999	0.7858562962190478	0.9006641803857145	-0.11480788416666665
174300000	174349999	0.7766199481333336	0.9006641803857145	-0.12404423225238093
174350000	174399999	0.7732552315761907	0.9006641803857145	-0.1274089488095238
174400000	174449999	0.7825467759047622	0.9006641803857145	-0.11811740448095231
174450000	174499999	0.7898992186476193	0.9006641803857145	-0.11076496173809525
174500000	174549999	0.7951647890380955	0.9006641803857145	-0.10549939134761899
174550000	174599999	0.789507358561905	0.9006641803857145	-0.11115682182380948
174600000	174649999	0.7867807693428573	0.9006641803857145	-0.11388341104285715
174650000	174699999	0.7858115537000002	0.9006641803857145	-0.11485262668571428
174700000	174749999	0.7937506346904764	0.9006641803857145	-0.10691354569523814
174750000	174799999	0.7974792340523812	0.9006641803857145	-0.1031849463333333
174800000	174849999	0.7938752283809526	0.9006641803857145	-0.1067889520047619
174850000	174899999	0.7975120091952383	0.9006641803857145	-0.10315217119047615
174900000	174949999	0.7790707815952383	0.9006641803857145	-0.12159339879047615
174950000	174999999	0.7614641328476193	0.9006641803857145	-0.13920004753809523
175000000	175049999	0.7554705128142859	0.9006641803857145	-0.1451936675714286
175050000	175099999	0.7627632006142859	0.9006641803857145	-0.13790097977142857
175100000	175149999	0.7540376773285716	0.9006641803857145	-0.14662650305714287
175150000	175199999	0.7552157612809526	0.9006641803857145	-0.14544841910476192
175200000	175249999	0.7727050397857145	0.9006641803857145	-0.12795914060000002
175250000	175299999	0.7680041014809526	0.9006641803857145	-0.13266007890476195
175300000	175349999	0.7784935635666669	0.9006641803857145	-0.12217061681904762
175350000	175399999	0.7930637307952383	0.9006641803857145	-0.10760044959047621
175400000	175449999	0.8017395617809526	0.9006641803857145	-0.09892461860476187
175450000	175499999	0.7948928471809525	0.9006641803857145	-0.10577133320476195
175500000	175549999	0.8007855932238097	0.9006641803857145	-0.09987858716190479
175550000	175599999	0.809675107761905	0.9006641803857145	-0.09098907262380951
175600000	175649999	0.8158690532047621	0.9006641803857145	-0.08479512718095239
175650000	175699999	0.8191328948857145	0.9006641803857145	-0.0815312855
175700000	175749999	0.8204273931190478	0.9006641803857145	-0.08023678726666672
175750000	175799999	0.8135209826523812	0.9006641803857145	-0.08714319773333334
175800000	175849999	0.8236919858666669	0.9006641803857145	-0.07697219451904758
175850000	175899999	0.8465572380761907	0.9006641803857145	-0.05410694230952384
175900000	175949999	0.8599814591523811	0.9006641803857145	-0.040682721233333385
175950000	175999999	0.887991075257143	0.9006641803857145	-0.012673105128571449
176000000	176049999	0.9159127245714288	0.9006641803857145	0.015248544185714308
176050000	176099999	0.9277792509333336	0.9006641803857145	0.02711507054761908
176100000	176149999	0.9408926430523812	0.9006641803857145	0.04022846266666669
176150000	176199999	0.9637110259666669	0.9006641803857145	0.06304684558095242
176200000	176249999	0.9640718950666669	0.9006641803857145	0.06340771468095241
176250000	176299999	0.9507201870714288	0.9006641803857145	0.050056006685714305
176300000	176349999	0.9590420199714288	0.9006641803857145	0.0583778395857143
176350000	176399999	0.9517490500000002	0.9006641803857145	0.05108486961428571
176400000	176449999	0.9476361507333335	0.9006641803857145	0.04697197034761902
176450000	176499999	0.9398501077952383	0.9006641803857145	0.03918592740952376
176500000	176549999	0.9406962260047621	0.9006641803857145	0.04003204561904761
176550000	176599999	0.9394755563142859	0.9006641803857145	0.03881137592857142
176600000	176649999	0.9312891906380955	0.9006641803857145	0.030625010252380958
176650000	176699999	0.9190171538047621	0.9006641803857145	0.018352973419047625
176700000	176749999	0.9003480164380955	0.9006641803857145	-0.0003161639476190192
176750000	176799999	0.8876831080666668	0.9006641803857145	-0.01298107231904766
176800000	176849999	0.866374647309524	0.9006641803857145	-0.03428953307619054
176850000	176899999	0.8429995866380954	0.9006641803857145	-0.05766459374761912
176900000	176949999	0.8177877634142859	0.9006641803857145	-0.08287641697142856
176950000	176999999	0.8065663634857145	0.9006641803857145	-0.09409781689999996
177000000	177049999	0.7946008614809525	0.9006641803857145	-0.10606331890476195
177050000	177099999	0.7864301522904764	0.9006641803857145	-0.11423402809523808
177100000	177149999	0.7972142360428573	0.9006641803857145	-0.10344994434285715
177150000	177199999	0.7795744465285717	0.9006641803857145	-0.12108973385714283
177200000	177249999	0.7596277386571431	0.9006641803857145	-0.14103644172857144
177250000	177299999	0.7552396364952383	0.9006641803857145	-0.1454245438904762
177300000	177349999	0.7469003715904764	0.9006641803857145	-0.1537638087952381
177350000	177399999	0.7341169396238097	0.9006641803857145	-0.16654724076190475
177400000	177449999	0.7333001632523811	0.9006641803857145	-0.16736401713333338
177450000	177499999	0.717530066309524	0.9006641803857145	-0.1831341140761905
177500000	177549999	0.7131488882904764	0.9006641803857145	-0.1875152920952381
177550000	177599999	0.711949457657143	0.9006641803857145	-0.18871472272857148
177600000	177649999	0.7026254176666669	0.9006641803857145	-0.19803876271904763
177650000	177699999	0.6916578477571431	0.9006641803857145	-0.20900633262857138
177700000	177749999	0.6948659052238098	0.9006641803857145	-0.20579827516190474
177750000	177799999	0.7084500636809525	0.9006641803857145	-0.19221411670476196
177800000	177849999	0.7173604928238098	0.9006641803857145	-0.18330368756190474
177850000	177899999	0.734683695914286	0.9006641803857145	-0.16598048447142855
177900000	177949999	0.7357182968095239	0.9006641803857145	-0.16494588357619056
177950000	177999999	0.7408240738666668	0.9006641803857145	-0.15984010651904768
178000000	178049999	0.7282069469904764	0.9006641803857145	-0.1724572333952381
178050000	178099999	0.7213708616809525	0.9006641803857145	-0.17929331870476195
178100000	178149999	0.7149480872857146	0.9006641803857145	-0.18571609309999992
178150000	178199999	0.6890543288428574	0.9006641803857145	-0.21160985154285705
178200000	178249999	0.6867090234714288	0.9006641803857145	-0.21395515691428568
178250000	178299999	0.6872640635428573	0.9006641803857145	-0.2134001168428572
178300000	178349999	0.6751744837333334	0.9006641803857145	-0.22548969665238106
178350000	178399999	0.6686193912333336	0.9006641803857145	-0.23204478915238091
178400000	178449999	0.6695059368333336	0.9006641803857145	-0.2311582435523809
178450000	178499999	0.6757803451142859	0.9006641803857145	-0.22488383527142863
178500000	178549999	0.6865931563666668	0.9006641803857145	-0.21407102401904765
178550000	178599999	0.6969421254952384	0.9006641803857145	-0.20372205489047612
178600000	178649999	0.7074185123238097	0.9006641803857145	-0.1932456680619048
178650000	178699999	0.7128490819761907	0.9006641803857145	-0.18781509840952382
178700000	178749999	0.7218280624523812	0.9006641803857145	-0.17883611793333332
178750000	178799999	0.7297332949285716	0.9006641803857145	-0.17093088545714286
178800000	178849999	0.7405822341714288	0.9006641803857145	-0.16008194621428573
178850000	178899999	0.7598737804761907	0.9006641803857145	-0.1407903999095238
178900000	178949999	0.7830150227857144	0.9006641803857145	-0.11764915760000005
178950000	178999999	0.8048722248714288	0.9006641803857145	-0.09579195551428565
179000000	179049999	0.8115546842142859	0.9006641803857145	-0.0891094961714286
179050000	179099999	0.8085509455761907	0.9006641803857145	-0.09211323480952383
179100000	179149999	0.8171214042571431	0.9006641803857145	-0.08354277612857142
179150000	179199999	0.820320891061905	0.9006641803857145	-0.08034328932380952
179200000	179249999	0.827224227761905	0.9006641803857145	-0.07343995262380953
179250000	179299999	0.8335234266619049	0.9006641803857145	-0.06714075372380957
179300000	179349999	0.8336020028952382	0.9006641803857145	-0.06706217749047627
179350000	179399999	0.8396215647333335	0.9006641803857145	-0.061042615652381005
179400000	179449999	0.8498938602666669	0.9006641803857145	-0.050770320119047585
179450000	179499999	0.8631801410333335	0.9006641803857145	-0.03748403935238098
179500000	179549999	0.8529347678857144	0.9006641803857145	-0.04772941250000007
179550000	179599999	0.8449613817714288	0.9006641803857145	-0.05570279861428573
179600000	179649999	0.8446410437904763	0.9006641803857145	-0.056023136595238165
179650000	179699999	0.8472216500809526	0.9006641803857145	-0.05344253030476187
179700000	179749999	0.8472946757523812	0.9006641803857145	-0.05336950463333334
179750000	179799999	0.8543963332857145	0.9006641803857145	-0.04626784709999998
179800000	179849999	0.8771918664761906	0.9006641803857145	-0.023472313909523868
179850000	179899999	0.8567383770619049	0.9006641803857145	-0.043925803323809576
179900000	179949999	0.8226764225523812	0.9006641803857145	-0.07798775783333334
179950000	179999999	0.8094063852000002	0.9006641803857145	-0.09125779518571431
180000000	180049999	0.8041119901952383	0.9006641803857145	-0.09655219019047623
180050000	180099999	0.8032208271666669	0.9006641803857145	-0.09744335321904762
180100000	180149999	0.8195610704380955	0.9006641803857145	-0.08110310994761905
180150000	180199999	0.8218068542857145	0.9006641803857145	-0.07885732609999996
180200000	180249999	0.834618835809524	0.9006641803857145	-0.06604534457619049
180250000	180299999	0.7964322476952383	0.9006641803857145	-0.10423193269047615
180300000	180349999	0.7516307933857145	0.9006641803857145	-0.14903338700000002
180350000	180399999	0.7126261050047621	0.9006641803857145	-0.1880380753809524
180400000	180449999	0.6793961205380954	0.9006641803857145	-0.2212680598476191
180450000	180499999	0.6734914426507145	0.9006641803857145	-0.22717273773500002
180500000	180549999	0.6531317245857144	0.9006641803857145	-0.24753245580000005
180550000	180599999	0.6524627672357145	0.9006641803857145	-0.24820141315
180600000	180649999	0.6520171741327734	0.9006641803857145	-0.24864700625294112
180650000	180699999	0.6303732896232145	0.9006641803857145	-0.2702908907625
180700000	180749999	0.6005168556190479	0.9006641803857145	-0.3001473247666666
180750000	180799999	0.5776466147428574	0.9006641803857145	-0.3230175656428571
180800000	180849999	0.5485246721549453	0.9006641803857145	-0.3521395082307692
180850000	180899999	0.4848432077940479	0.9006641803857145	-0.4158209725916666
180900000	180949999	0.48714349130389634	0.9006641803857145	-0.41352068908181816
