start	end	obs	exp	var
0	49999	0.0	0.8182546318727272	-0.8182546318727272
50000	99999	0.144046061289394	0.8182546318727272	-0.6742085705833332
100000	149999	0.14079772044195815	0.8182546318727272	-0.677456911430769
150000	199999	0.1282964356727273	0.8182546318727272	-0.6899581961999999
200000	249999	0.2032829828727274	0.8182546318727272	-0.6149716489999998
250000	299999	0.2516413577852272	0.8182546318727272	-0.5666132740875
300000	349999	0.2867213800315508	0.8182546318727272	-0.5315332518411764
350000	399999	0.32962659271717165	0.8182546318727272	-0.4886280391555555
400000	449999	0.3581502365727272	0.8182546318727272	-0.46010439529999997
450000	499999	0.3904123142427272	0.8182546318727272	-0.42784231762999997
500000	549999	0.4014250396393939	0.8182546318727272	-0.41682959223333327
550000	599999	0.4372211976393939	0.8182546318727272	-0.3810334342333333
600000	649999	0.45894070942034626	0.8182546318727272	-0.3593139224523809
650000	699999	0.49825318346320335	0.8182546318727272	-0.3200014484095238
700000	749999	0.5496275349441557	0.8182546318727272	-0.26862709692857145
750000	799999	0.5883648783203462	0.8182546318727272	-0.22988975355238095
800000	849999	0.6304080571727272	0.8182546318727272	-0.1878465747
850000	899999	0.6817135373203462	0.8182546318727272	-0.13654109455238095
900000	949999	0.7256251834536795	0.8182546318727272	-0.09262944841904763
950000	999999	0.7745709272012986	0.8182546318727272	-0.04368370467142857
1000000	1049999	0.8338405060870129	0.8182546318727272	0.0155858742142857
1050000	1099999	0.8477188413393939	0.8182546318727272	0.029464209466666724
1100000	1149999	0.7991261773441558	0.8182546318727272	-0.01912845452857137
1150000	1199999	0.8294993211155843	0.8182546318727272	0.011244689242857153
1200000	1249999	0.8707485860870129	0.8182546318727272	0.05249395421428571
1250000	1299999	0.8608608354441557	0.8182546318727272	0.042606203571428525
1300000	1349999	0.8562174671441558	0.8182546318727272	0.03796283527142863
1350000	1399999	0.8561693286203462	0.8182546318727272	0.03791469674761905
1400000	1449999	0.8540595160584414	0.8182546318727272	0.03580488418571426
1450000	1499999	0.85857948752987	0.8182546318727272	0.04032485565714283
1500000	1549999	0.8497051100060605	0.8182546318727272	0.03145047813333335
1550000	1599999	0.8513288879393939	0.8182546318727272	0.033074256066666696
1600000	1649999	0.8770882175870129	0.8182546318727272	0.05883358571428576
1650000	1699999	0.8832229850727271	0.8182546318727272	0.06496835319999994
1700000	1749999	0.8768471212965367	0.8182546318727272	0.05859248942380957
1750000	1799999	0.875092055677489	0.8182546318727272	0.056837423804761866
1800000	1849999	0.8791700817727272	0.8182546318727272	0.060915449899999974
1850000	1899999	0.8982386163203462	0.8182546318727272	0.079983984447619
1900000	1949999	0.9162455822393938	0.8182546318727272	0.09799095036666661
1950000	1999999	0.9272646418393938	0.8182546318727272	0.10901000996666665
2000000	2049999	0.9192967100012986	0.8182546318727272	0.10104207812857147
2050000	2099999	0.9113168221965366	0.8182546318727272	0.09306219032380947
2100000	2149999	0.9812836027822509	0.8182546318727272	0.16302897090952373
2150000	2199999	0.9841816990251081	0.8182546318727272	0.16592706715238092
2200000	2249999	0.9752135409251081	0.8182546318727272	0.15695890905238097
2250000	2299999	0.9557089446679653	0.8182546318727272	0.13745431279523812
2300000	2349999	0.9431403397584415	0.8182546318727272	0.12488570788571429
2350000	2399999	0.92497951692987	0.8182546318727272	0.10672488505714284
2400000	2449999	0.9188621703965367	0.8182546318727272	0.10060753852380955
2450000	2499999	0.902003421534632	0.8182546318727272	0.0837487896619048
2500000	2549999	0.8892482088393938	0.8182546318727272	0.07099357696666664
2550000	2599999	0.8844205497965367	0.8182546318727272	0.06616591792380955
2600000	2649999	0.8917872115393939	0.8182546318727272	0.07353257966666671
2650000	2699999	0.8566344776632033	0.8182546318727272	0.03837984579047615
2700000	2749999	0.8550525993917748	0.8182546318727272	0.036797967519047625
2750000	2799999	0.8540592019441557	0.8182546318727272	0.035804570071428565
2800000	2849999	0.8523347603155843	0.8182546318727272	0.03408012844285713
2850000	2899999	0.855455725477489	0.8182546318727272	0.03720109360476187
2900000	2949999	0.8457199818251081	0.8182546318727272	0.027465349952380924
2950000	2999999	0.8426799434536796	0.8182546318727272	0.024425311580952402
3000000	3049999	0.843547102877489	0.8182546318727272	0.02529247100476184
3050000	3099999	0.8580947323441557	0.8182546318727272	0.0398401004714285
3100000	3149999	0.8706991493632034	0.8182546318727272	0.052444517490476183
3150000	3199999	0.8291118419965366	0.8182546318727272	0.010857210123809469
3200000	3249999	0.8394020974632034	0.8182546318727272	0.0211474655904762
3250000	3299999	0.8570227109346319	0.8182546318727272	0.038768079061904714
3300000	3349999	0.8726401998727272	0.8182546318727272	0.05438556800000005
3350000	3399999	0.8743898881965367	0.8182546318727272	0.05613525632380956
3400000	3449999	0.8896339674393938	0.8182546318727272	0.07137933556666665
3450000	3499999	0.9106240510679653	0.8182546318727272	0.09236941919523811
3500000	3549999	0.9245064922917747	0.8182546318727272	0.10625186041904755
3550000	3599999	0.9291776730251081	0.8182546318727272	0.11092304115238094
3600000	3649999	0.924093043634632	0.8182546318727272	0.10583841176190478
3650000	3699999	0.9240752311060605	0.8182546318727272	0.10582059923333331
3700000	3749999	0.9278084107060605	0.8182546318727272	0.10955377883333328
3750000	3799999	0.9320783176441557	0.8182546318727272	0.11382368577142854
3800000	3849999	0.929372172682251	0.8182546318727272	0.11111754080952385
3850000	3899999	0.9095384023632034	0.8182546318727272	0.0912837704904762
3900000	3949999	0.8835347935393938	0.8182546318727272	0.06528016166666661
3950000	3999999	0.8738242526632034	0.8182546318727272	0.055569620790476226
4000000	4049999	0.8421659454155843	0.8182546318727272	0.023911313542857138
4050000	4099999	0.8192954050727271	0.8182546318727272	0.0010407731999999559
4100000	4149999	0.8059444080965367	0.8182546318727272	-0.01231022377619051
4150000	4199999	0.7793186285012986	0.8182546318727272	-0.03893600337142855
4200000	4249999	0.7485626783393938	0.8182546318727272	-0.06969195353333335
4250000	4299999	0.7261919184727272	0.8182546318727272	-0.09206271339999994
4300000	4349999	0.71318750722987	0.8182546318727272	-0.10506712464285717
4350000	4399999	0.7040943832536796	0.8182546318727272	-0.11416024861904761
4400000	4449999	0.6951172283489176	0.8182546318727272	-0.12313740352380953
4450000	4499999	0.6782888180060604	0.8182546318727272	-0.13996581386666673
4500000	4549999	0.6508094516965367	0.8182546318727272	-0.16744518017619048
4550000	4599999	0.6432859928489176	0.8182546318727272	-0.17496863902380955
4600000	4649999	0.638164695782251	0.8182546318727272	-0.1800899360904762
4650000	4699999	0.6347539448727272	0.8182546318727272	-0.183500687
4700000	4749999	0.6224451676917748	0.8182546318727272	-0.19580946418095235
4750000	4799999	0.617336284682251	0.8182546318727272	-0.2009183471904762
4800000	4849999	0.5977472284965366	0.8182546318727272	-0.22050740337619057
4850000	4899999	0.5981201350012986	0.8182546318727272	-0.2201344968714286
4900000	4949999	0.6084908459536795	0.8182546318727272	-0.20976378591904765
4950000	4999999	0.6196185232870128	0.8182546318727272	-0.19863610858571434
5000000	5049999	0.6118762223965367	0.8182546318727272	-0.20637840947619046
5050000	5099999	0.6210984762965367	0.8182546318727272	-0.19715615557619048
5100000	5149999	0.6383738972632034	0.8182546318727272	-0.1798807346095238
5150000	5199999	0.6459950229632034	0.8182546318727272	-0.17225960890952374
5200000	5249999	0.6532821929536795	0.8182546318727272	-0.16497243891904767
5250000	5299999	0.6586604235155844	0.8182546318727272	-0.15959420835714277
5300000	5349999	0.671697755482251	0.8182546318727272	-0.1465568763904762
5350000	5399999	0.6769534182632033	0.8182546318727272	-0.14130121360952386
5400000	5449999	0.7082714981536795	0.8182546318727272	-0.10998313371904767
5450000	5499999	0.732329240577489	0.8182546318727272	-0.08592539129523813
5500000	5549999	0.7623024313870128	0.8182546318727272	-0.055952200485714365
5550000	5599999	0.7792724793632033	0.8182546318727272	-0.03898215250952386
5600000	5649999	0.7957308470155843	0.8182546318727272	-0.022523784857142903
5650000	5699999	0.8159211670727272	0.8182546318727272	-0.0023334647999999625
5700000	5749999	0.8401895049965367	0.8182546318727272	0.021934873123809484
5750000	5799999	0.8674245626965367	0.8182546318727272	0.04916993082380949
5800000	5849999	0.8902247747346319	0.8182546318727272	0.07197014286190473
5850000	5899999	0.910539189082251	0.8182546318727272	0.09228455720952378
5900000	5949999	0.9323905017155844	0.8182546318727272	0.11413586984285717
5950000	5999999	0.9776570551489177	0.8182546318727272	0.15940242327619047
6000000	6049999	1.0102874330012985	0.8182546318727272	0.19203280112857135
6050000	6099999	1.047753946877489	0.8182546318727272	0.22949931500476184
6100000	6149999	1.0659159390108224	0.8182546318727272	0.2476613071380952
6150000	6199999	1.0691004598536795	0.8182546318727272	0.25084582798095234
6200000	6249999	1.083832928477489	0.8182546318727272	0.26557829660476184
6250000	6299999	1.1064916727060605	0.8182546318727272	0.28823704083333335
6300000	6349999	1.128953483687013	0.8182546318727272	0.3106988518142858
6350000	6399999	1.1674119914489176	0.8182546318727272	0.34915735957619043
6400000	6449999	1.2015975548441558	0.8182546318727272	0.3833429229714286
6450000	6499999	1.1943759116108223	0.8182546318727272	0.37612127973809517
6500000	6549999	1.1787132631203463	0.8182546318727272	0.3604586312476191
6550000	6599999	1.1703384272584414	0.8182546318727272	0.3520837953857142
6600000	6649999	1.17125011602987	0.8182546318727272	0.3529954841571429
6650000	6699999	1.1560700625917748	0.8182546318727272	0.3378154307190476
6700000	6749999	1.140953681582251	0.8182546318727272	0.3226990497095238
6750000	6799999	1.1311422020346318	0.8182546318727272	0.3128875701619046
6800000	6849999	1.1183776945108224	0.8182546318727272	0.3001230626380952
6850000	6899999	1.1161654857012986	0.8182546318727272	0.2979108538285714
6900000	6949999	1.0976234563584415	0.8182546318727272	0.2793688244857143
6950000	6999999	1.0759270145679651	0.8182546318727272	0.25767238269523796
7000000	7049999	1.037443319339394	0.8182546318727272	0.21918868746666675
7050000	7099999	1.0054291332060605	0.8182546318727272	0.18717450133333335
7100000	7149999	0.9806141634060606	0.8182546318727272	0.16235953153333338
7150000	7199999	0.9623156328251081	0.8182546318727272	0.14406100095238095
7200000	7249999	0.9658823000441558	0.8182546318727272	0.14762766817142858
7250000	7299999	0.956501043934632	0.8182546318727272	0.1382464120619048
7300000	7349999	0.9544207477870128	0.8182546318727272	0.13616611591428562
7350000	7399999	0.9593751658060605	0.8182546318727272	0.14112053393333335
7400000	7449999	0.9353156082108224	0.8182546318727272	0.1170609763380952
7450000	7499999	0.9274434124679652	0.8182546318727272	0.10918878059523807
7500000	7549999	0.9255123686203462	0.8182546318727272	0.10725773674761907
7550000	7599999	0.9392001273441557	0.8182546318727272	0.12094549547142852
7600000	7649999	0.9558013001108224	0.8182546318727272	0.13754666823809525
7650000	7699999	0.9682170444060605	0.8182546318727272	0.1499624125333333
7700000	7749999	0.9854280855393939	0.8182546318727272	0.1671734536666667
7750000	7799999	1.0023875582679653	0.8182546318727272	0.18413292639523815
7800000	7849999	1.0110525548870128	0.8182546318727272	0.19279792301428567
7850000	7899999	1.0173784069536795	0.8182546318727272	0.19912377508095236
7900000	7949999	1.0102106873965366	0.8182546318727272	0.19195605552380945
7950000	7999999	1.0440996311489177	0.8182546318727272	0.2258449992761905
8000000	8049999	1.072028194834632	0.8182546318727272	0.2537735629619048
8050000	8099999	1.0936660829917748	0.8182546318727272	0.27541145111904763
8100000	8149999	1.1477406988251082	0.8182546318727272	0.32948606695238103
8150000	8199999	1.1799883486536795	0.8182546318727272	0.36173371678095234
8200000	8249999	1.2299214438393937	0.8182546318727272	0.41166681196666655
8250000	8299999	1.2443265924108224	0.8182546318727272	0.42607196053809526
8300000	8349999	1.266826468772727	0.8182546318727272	0.4485718368999999
8350000	8399999	1.2776561428060607	0.8182546318727272	0.4594015109333335
8400000	8449999	1.2823750291584415	0.8182546318727272	0.4641203972857143
8450000	8499999	1.2896644955489178	0.8182546318727272	0.47140986367619064
8500000	8549999	1.280403084777489	0.8182546318727272	0.4621484529047618
8550000	8599999	1.2838735650012987	0.8182546318727272	0.4656189331285715
8600000	8649999	1.278019379925108	0.8182546318727272	0.4597647480523809
8650000	8699999	1.2653996839584414	0.8182546318727272	0.4471450520857142
8700000	8749999	1.254759735277489	0.8182546318727272	0.4365051034047619
8750000	8799999	1.2495593447012985	0.8182546318727272	0.4313047128285713
8800000	8849999	1.253166223882251	0.8182546318727272	0.4349115920095238
8850000	8899999	1.2596978505155842	0.8182546318727272	0.44144321864285707
8900000	8949999	1.2660476231536795	0.8182546318727272	0.4477929912809523
8950000	8999999	1.2677534341632033	0.8182546318727272	0.4494988022904761
9000000	9049999	1.245430580325108	0.8182546318727272	0.4271759484523808
9050000	9099999	1.242384370225108	0.8182546318727272	0.4241297383523809
9100000	9149999	1.2430090214584415	0.8182546318727272	0.4247543895857143
9150000	9199999	1.2039146164489176	0.8182546318727272	0.38565998457619044
9200000	9249999	1.18577849312987	0.8182546318727272	0.36752386125714287
9250000	9299999	1.1456576586441558	0.8182546318727272	0.32740302677142863
9300000	9349999	1.133642430034632	0.8182546318727272	0.31538779816190476
9350000	9399999	1.1253851869632032	0.8182546318727272	0.30713055509047604
9400000	9449999	1.105986013777489	0.8182546318727272	0.2877313819047619
9450000	9499999	1.1040056022108224	0.8182546318727272	0.28575097033809527
9500000	9549999	1.1135293546727272	0.8182546318727272	0.2952747228
9550000	9599999	1.1227781055441557	0.8182546318727272	0.3045234736714285
9600000	9649999	1.1359299587536795	0.8182546318727272	0.31767532688095235
9650000	9699999	1.1547883878727272	0.8182546318727272	0.336533756
9700000	9749999	1.1629808010632035	0.8182546318727272	0.3447261691904763
9750000	9799999	1.175542732734632	0.8182546318727272	0.35728810086190477
9800000	9849999	1.1969205787584416	0.8182546318727272	0.3786659468857144
9850000	9899999	1.2086773010108225	0.8182546318727272	0.3904226691380953
9900000	9949999	1.2090506156679655	0.8182546318727272	0.3907959837952383
9950000	9999999	1.22032228612987	0.8182546318727272	0.40206765425714275
10000000	10049999	1.2376810464584413	0.8182546318727272	0.41942641458571417
10050000	10099999	1.2642477254203461	0.8182546318727272	0.44599309354761896
10100000	10149999	1.2756204619870128	0.8182546318727272	0.45736583011428567
10150000	10199999	1.2570143767441557	0.8182546318727272	0.43875974487142855
10200000	10249999	1.2706906351536795	0.8182546318727272	0.45243600328095235
10250000	10299999	1.2712145978727272	0.8182546318727272	0.452959966
10300000	10349999	1.2781786662536796	0.8182546318727272	0.4599240343809524
10350000	10399999	1.26835547342987	0.8182546318727272	0.4501008415571429
10400000	10449999	1.255127256082251	0.8182546318727272	0.4368726242095239
10450000	10499999	1.2501743066965367	0.8182546318727272	0.43191967482380955
10500000	10549999	1.23702013852987	0.8182546318727272	0.41876550665714285
10550000	10599999	1.2173858220393938	0.8182546318727272	0.39913119016666665
10600000	10649999	1.2024855442441558	0.8182546318727272	0.3842309123714286
10650000	10699999	1.1917145412060606	0.8182546318727272	0.3734599093333334
10700000	10749999	1.1820021312870128	0.8182546318727272	0.36374749941428564
10750000	10799999	1.1853939092060606	0.8182546318727272	0.3671392773333334
10800000	10849999	1.180834216482251	0.8182546318727272	0.3625795846095238
10850000	10899999	1.162191085282251	0.8182546318727272	0.34393645340952383
10900000	10949999	1.143589720587013	0.8182546318727272	0.32533508871428574
10950000	10999999	1.137430780687013	0.8182546318727272	0.3191761488142858
11000000	11049999	1.1258520886489176	0.8182546318727272	0.30759745677619044
11050000	11099999	1.1082388795393938	0.8182546318727272	0.28998424766666664
11100000	11149999	1.089565730377489	0.8182546318727272	0.27131109850476187
11150000	11199999	1.0695860826917747	0.8182546318727272	0.2513314508190475
11200000	11249999	1.0801855243870129	0.8182546318727272	0.2619308925142857
11250000	11299999	1.0857820827870128	0.8182546318727272	0.26752745091428565
11300000	11349999	1.08268901912987	0.8182546318727272	0.26443438725714274
11350000	11399999	1.088904298439394	0.8182546318727272	0.2706496665666668
11400000	11449999	1.1065090344679653	0.8182546318727272	0.28825440259523816
11450000	11499999	1.1187657354774891	0.8182546318727272	0.30051110360476196
11500000	11549999	1.1283264200441558	0.8182546318727272	0.31007178817142866
11550000	11599999	1.1322417969727272	0.8182546318727272	0.3139871651
11600000	11649999	1.1360739516441558	0.8182546318727272	0.31781931977142863
11650000	11699999	1.1422846824489177	0.8182546318727272	0.3240300505761905
11700000	11749999	1.141622922082251	0.8182546318727272	0.32336829020952373
11750000	11799999	1.1425773652108224	0.8182546318727272	0.32432273333809525
11800000	11849999	1.1568658947870127	0.8182546318727272	0.33861126291428556
11850000	11899999	1.175857259577489	0.8182546318727272	0.3576026277047618
11900000	11949999	1.1926747660203463	0.8182546318727272	0.3744201341476191
11950000	11999999	1.2197682856155843	0.8182546318727272	0.4015136537428571
12000000	12049999	1.2495805536965365	0.8182546318727272	0.43132592182380936
12050000	12099999	1.2656258861965366	0.8182546318727272	0.4473712543238094
12100000	12149999	1.2734314324298701	0.8182546318727272	0.45517680055714294
12150000	12199999	1.279948995925108	0.8182546318727272	0.46169436405238085
12200000	12249999	1.2877231433489178	0.8182546318727272	0.4694685114761906
12250000	12299999	1.2849754361012986	0.8182546318727272	0.46672080422857143
12300000	12349999	1.2664699632203462	0.8182546318727272	0.44821533134761904
12350000	12399999	1.290771743034632	0.8182546318727272	0.47251711116190476
12400000	12449999	1.3427170193346318	0.8182546318727272	0.5244623874619047
12450000	12499999	1.3181310805108224	0.8182546318727272	0.4998764486380952
12500000	12549999	1.2696751926679652	0.8182546318727272	0.45142056079523807
12550000	12599999	1.2171908498060606	0.8182546318727272	0.39893621793333345
12600000	12649999	1.1683565040393937	0.8182546318727272	0.35010187216666655
12650000	12699999	1.1403228717203462	0.8182546318727272	0.322068239847619
12700000	12749999	1.1186919775155844	0.8182546318727272	0.3004373456428572
12750000	12799999	1.1036620237727273	0.8182546318727272	0.2854073919000001
12800000	12849999	1.0434487819679652	0.8182546318727272	0.22519415009523802
12850000	12899999	0.9716013900012985	0.8182546318727272	0.15334675812857135
12900000	12949999	0.8919873125917748	0.8182546318727272	0.0737326807190476
12950000	12999999	0.818583263482251	0.8182546318727272	0.00032863160952378845
13000000	13049999	0.7336843946346319	0.8182546318727272	-0.08457023723809531
13050000	13099999	0.6479006657870129	0.8182546318727272	-0.1703539660857143
13100000	13149999	0.5716139196536796	0.8182546318727272	-0.2466407122190476
13150000	13199999	0.5120274346060605	0.8182546318727272	-0.3062271972666667
13200000	13249999	0.4542021647536795	0.8182546318727272	-0.36405246711904765
13250000	13299999	0.41329019115367954	0.8182546318727272	-0.40496444071904764
13300000	13349999	0.39628299692510804	0.8182546318727272	-0.42197163494761913
13350000	13399999	0.37921507020129863	0.8182546318727272	-0.43903956167142855
13400000	13449999	0.33924696156796524	0.8182546318727272	-0.47900767030476193
13450000	13499999	0.27074006342510815	0.8182546318727272	-0.547514568447619
13500000	13549999	0.2899335913774891	0.8182546318727272	-0.5283210404952381
13550000	13599999	0.33975189071082246	0.8182546318727272	-0.4785027411619047
13600000	13649999	0.3844583356012986	0.8182546318727272	-0.43379629627142857
13650000	13699999	0.4220427630012985	0.8182546318727272	-0.3962118688714287
13700000	13749999	0.4395039044536795	0.8182546318727272	-0.3787507274190477
13750000	13799999	0.45009794519177476	0.8182546318727272	-0.3681566866809524
13800000	13849999	0.45632826180606056	0.8182546318727272	-0.3619263700666666
13850000	13899999	0.5000997318108225	0.8182546318727272	-0.3181549000619047
13900000	13949999	0.5461408695584414	0.8182546318727272	-0.27211376231428575
13950000	13999999	0.5990088834584415	0.8182546318727272	-0.21924574841428568
14000000	14049999	0.6517057404870129	0.8182546318727272	-0.16654889138571427
14050000	14099999	0.7040899785632033	0.8182546318727272	-0.11416465330952386
14100000	14149999	0.7666136968203462	0.8182546318727272	-0.05164093505238099
14150000	14199999	0.8320352932632034	0.8182546318727272	0.013780661390476179
14200000	14249999	0.9003356908203463	0.8182546318727272	0.08208105894761908
14250000	14299999	0.9586386346012986	0.8182546318727272	0.14038400272857143
14300000	14349999	1.0116934056108224	0.8182546318727272	0.19343877373809526
14350000	14399999	1.0397168863251083	0.8182546318727272	0.2214622544523811
14400000	14449999	1.0630644834727272	0.8182546318727272	0.24480985160000002
14450000	14499999	1.0722469534536796	0.8182546318727272	0.2539923215809524
14500000	14549999	1.0841833325203463	0.8182546318727272	0.2659287006476191
14550000	14599999	1.0880295498393937	0.8182546318727272	0.2697749179666665
14600000	14649999	1.0912104876632034	0.8182546318727272	0.2729558557904762
14650000	14699999	1.0994009169917747	0.8182546318727272	0.2811462851190475
14700000	14749999	1.1091269553060605	0.8182546318727272	0.29087232343333336
14750000	14799999	1.121860019834632	0.8182546318727272	0.30360538796190484
14800000	14849999	1.1260350040441556	0.8182546318727272	0.3077803721714284
14850000	14899999	1.1258254623060604	0.8182546318727272	0.3075708304333332
14900000	14949999	1.1403413782012986	0.8182546318727272	0.32208674632857137
14950000	14999999	1.1441549776441557	0.8182546318727272	0.32590034577142857
15000000	15049999	1.1443555932536795	0.8182546318727272	0.32610096138095235
15050000	15099999	1.1506509411108223	0.8182546318727272	0.33239630923809516
15100000	15149999	1.1613477830679653	0.8182546318727272	0.3430931511952381
15150000	15199999	1.1617071109774892	0.8182546318727272	0.34345247910476207
15200000	15249999	1.1595241940012986	0.8182546318727272	0.3412695621285714
15250000	15299999	1.1575479413203462	0.8182546318727272	0.33929330944761904
15300000	15349999	1.1488439069679652	0.8182546318727272	0.33058927509523806
15350000	15399999	1.1448886269108223	0.8182546318727272	0.3266339950380951
15400000	15449999	1.14710827862987	0.8182546318727272	0.3288536467571429
15450000	15499999	1.1537107854489177	0.8182546318727272	0.3354561535761905
15500000	15549999	1.1619665171727271	0.8182546318727272	0.34371188529999996
15550000	15599999	1.164322521577489	0.8182546318727272	0.3460678897047619
15600000	15649999	1.1730642802441558	0.8182546318727272	0.3548096483714286
15650000	15699999	1.1618621678251082	0.8182546318727272	0.343607535952381
15700000	15749999	1.184368507977489	0.8182546318727272	0.36611387610476187
15750000	15799999	1.1884047055536795	0.8182546318727272	0.3701500736809523
15800000	15849999	1.1851772892632035	0.8182546318727272	0.36692265739047636
15850000	15899999	1.1913320934441558	0.8182546318727272	0.3730774615714286
15900000	15949999	1.1985426792012985	0.8182546318727272	0.38028804732857135
15950000	15999999	1.2087973350441557	0.8182546318727272	0.3905427031714285
16000000	16049999	1.2159236124632034	0.8182546318727272	0.3976689805904762
16050000	16099999	1.2246609407536795	0.8182546318727272	0.4064063088809523
16100000	16149999	1.234225987372727	0.8182546318727272	0.41597135549999986
16150000	16199999	1.2387389563060605	0.8182546318727272	0.4204843244333333
16200000	16249999	1.237903372377489	0.8182546318727272	0.41964874050476186
16250000	16299999	1.2407719582965366	0.8182546318727272	0.42251732642380946
16300000	16349999	1.2699325091917748	0.8182546318727272	0.4516778773190476
16350000	16399999	1.5852584788108224	0.8182546318727272	0.7670038469380952
16400000	16449999	1.7755884796822508	0.8182546318727272	0.9573338478095236
16450000	16499999	1.8831421729012985	0.8182546318727272	1.0648875410285714
16500000	16549999	1.9026612815536796	0.8182546318727272	1.0844066496809526
16550000	16599999	1.9321619316108225	0.8182546318727272	1.1139072997380954
16600000	16649999	1.9665913195441558	0.8182546318727272	1.1483366876714287
16650000	16699999	1.9986179500441557	0.8182546318727272	1.1803633181714286
16700000	16749999	2.0202821022536797	0.8182546318727272	1.2020274703809526
16750000	16799999	1.9921281514346316	0.8182546318727272	1.1738735195619046
16800000	16849999	1.99986124062987	0.8182546318727272	1.1816066087571429
16850000	16899999	2.0038875413012986	0.8182546318727272	1.1856329094285716
16900000	16949999	2.000176704625108	0.8182546318727272	1.1819220727523811
16950000	16999999	1.9917997612203462	0.8182546318727272	1.1735451293476191
17000000	17049999	1.9747232415679652	0.8182546318727272	1.1564686096952381
17050000	17099999	1.966645088087013	0.8182546318727272	1.148390456214286
17100000	17149999	1.952522584025108	0.8182546318727272	1.1342679521523809
17150000	17199999	1.934988156239394	0.8182546318727272	1.116733524366667
17200000	17249999	1.9362764770393937	0.8182546318727272	1.1180218451666666
17250000	17299999	1.9299905702870128	0.8182546318727272	1.1117359384142858
17300000	17349999	1.9295737715108223	0.8182546318727272	1.1113191396380953
17350000	17399999	1.8865381295155843	0.8182546318727272	1.0682834976428572
17400000	17449999	1.5722402034251082	0.8182546318727272	0.753985571552381
17450000	17499999	1.36562036372987	0.8182546318727272	0.5473657318571429
17500000	17549999	1.2336182720679654	0.8182546318727272	0.4153636401952382
17550000	17599999	1.1894542671298702	0.8182546318727272	0.37119963525714306
17600000	17649999	1.1460647176393939	0.8182546318727272	0.3278100857666667
17650000	17699999	1.093208710034632	0.8182546318727272	0.27495407816190476
17700000	17749999	1.0406570489870128	0.8182546318727272	0.22240241711428566
17750000	17799999	1.013400483877489	0.8182546318727272	0.19514585200476187
17800000	17849999	1.0108850604441557	0.8182546318727272	0.19263042857142854
17850000	17899999	0.9855369931679653	0.8182546318727272	0.1672823612952381
17900000	17949999	0.9713417182393939	0.8182546318727272	0.15308708636666668
17950000	17999999	0.9535427412632034	0.8182546318727272	0.1352881093904762
18000000	18049999	0.9532071620774891	0.8182546318727272	0.13495253020476194
18050000	18099999	0.9498842859822509	0.8182546318727272	0.13162965410952376
18100000	18149999	0.9424341487346319	0.8182546318727272	0.12417951686190476
18150000	18199999	0.9456697861965367	0.8182546318727272	0.12741515432380957
18200000	18249999	0.9454863470965367	0.8182546318727272	0.1272317152238095
18250000	18299999	0.9330932441774891	0.8182546318727272	0.11483861230476189
18300000	18349999	0.9285689149632034	0.8182546318727272	0.1103142830904762
18350000	18399999	0.9168275245346319	0.8182546318727272	0.09857289266190472
18400000	18449999	0.9118999736917748	0.8182546318727272	0.0936453418190476
18450000	18499999	0.9076688879060605	0.8182546318727272	0.0894142560333333
18500000	18549999	0.9025022934679653	0.8182546318727272	0.08424766159523811
18550000	18599999	0.9157079665870129	0.8182546318727272	0.09745333471428574
18600000	18649999	0.9367432531060605	0.8182546318727272	0.11848862123333337
18650000	18699999	0.955006712577489	0.8182546318727272	0.13675208070476186
18700000	18749999	0.9842273401584414	0.8182546318727272	0.1659727082857142
18750000	18799999	0.9912907281155843	0.8182546318727272	0.1730360962428571
18800000	18849999	0.9998060715203462	0.8182546318727272	0.181551439647619
18850000	18899999	1.0022836113679652	0.8182546318727272	0.184028979495238
18900000	18949999	1.0139341652251082	0.8182546318727272	0.19567953335238097
18950000	18999999	1.049950306234632	0.8182546318727272	0.23169567436190486
19000000	19049999	1.094837062625108	0.8182546318727272	0.27658243075238087
19050000	19099999	1.1022577216251082	0.8182546318727272	0.284003089752381
19100000	19149999	1.1045153364727271	0.8182546318727272	0.28626070459999997
19150000	19199999	1.1263755232060606	0.8182546318727272	0.3081208913333334
19200000	19249999	1.1448484451584415	0.8182546318727272	0.32659381328571435
19250000	19299999	1.1565273219060606	0.8182546318727272	0.3382726900333334
19300000	19349999	1.1671261066489176	0.8182546318727272	0.3488714747761904
19350000	19399999	1.1814936178012987	0.8182546318727272	0.3632389859285715
19400000	19449999	1.2025707241727273	0.8182546318727272	0.3843160923000001
19450000	19499999	1.2152337574441558	0.8182546318727272	0.39697912557142867
19500000	19549999	1.2193942996822509	0.8182546318727272	0.4011396678095237
19550000	19599999	1.2374907891203462	0.8182546318727272	0.419236157247619
19600000	19649999	1.237216861487013	0.8182546318727272	0.41896222961428575
19650000	19699999	1.2399123995203463	0.8182546318727272	0.4216577676476191
19700000	19749999	1.2377699408870129	0.8182546318727272	0.4195153090142857
19750000	19799999	1.2221761650536795	0.8182546318727272	0.40392153318095236
19800000	19849999	1.226834534387013	0.8182546318727272	0.4085799025142859
19850000	19899999	1.2289259160012986	0.8182546318727272	0.41067128412857146
19900000	19949999	1.2353472169536794	0.8182546318727272	0.41709258508095226
19950000	19999999	1.2340846386822508	0.8182546318727272	0.41583000680952364
20000000	20049999	1.2186276202012987	0.8182546318727272	0.4003729883285715
20050000	20099999	1.191087009725108	0.8182546318727272	0.3728323778523809
20100000	20149999	1.1945941751155844	0.8182546318727272	0.37633954324285723
20150000	20199999	1.2002824158393939	0.8182546318727272	0.3820277839666667
20200000	20249999	1.1803971809584415	0.8182546318727272	0.3621425490857143
20250000	20299999	1.1617639068060606	0.8182546318727272	0.3435092749333334
20300000	20349999	1.1477207262108224	0.8182546318727272	0.32946609433809526
20350000	20399999	1.1420837004632034	0.8182546318727272	0.3238290685904762
20400000	20449999	1.1369791820155843	0.8182546318727272	0.31872455014285717
20450000	20499999	1.1204468655536797	0.8182546318727272	0.3021922336809525
20500000	20549999	1.115551460187013	0.8182546318727272	0.2972968283142857
20550000	20599999	1.1213322526774891	0.8182546318727272	0.30307762080476197
20600000	20649999	1.110095006634632	0.8182546318727272	0.29184037476190483
20650000	20699999	1.127331842577489	0.8182546318727272	0.3090772107047618
20700000	20749999	1.1543400538012984	0.8182546318727272	0.33608542192857127
20750000	20799999	1.1760163060155844	0.8182546318727272	0.3577616741428572
20800000	20849999	1.2189036421155843	0.8182546318727272	0.40064901024285715
20850000	20899999	1.2293275182536796	0.8182546318727272	0.4110728863809524
20900000	20949999	1.2552809405441558	0.8182546318727272	0.43702630867142866
20950000	20999999	1.2677357324965368	0.8182546318727272	0.44948110062380964
21000000	21049999	1.2681451238584414	0.8182546318727272	0.4498904919857142
21050000	21099999	1.266794956987013	0.8182546318727272	0.44854032511428577
21100000	21149999	1.2734950318822509	0.8182546318727272	0.4552404000095237
21150000	21199999	1.2733804255584416	0.8182546318727272	0.4551257936857144
21200000	21249999	1.2869007420632035	0.8182546318727272	0.4686461101904763
21250000	21299999	1.3032652296489176	0.8182546318727272	0.4850105977761904
21300000	21349999	1.3041277985155841	0.8182546318727272	0.48587316664285696
21350000	21399999	1.3124503851632032	0.8182546318727272	0.49419575329047605
21400000	21449999	1.3125575577632032	0.8182546318727272	0.494302925890476
21450000	21499999	1.3248049700536795	0.8182546318727272	0.5065503381809523
21500000	21549999	1.3429150156393939	0.8182546318727272	0.5246603837666667
21550000	21599999	1.3643462364251082	0.8182546318727272	0.546091604552381
21600000	21649999	1.372356230034632	0.8182546318727272	0.5541015981619047
21650000	21699999	1.3733305060108223	0.8182546318727272	0.5550758741380951
21700000	21749999	1.3578134939060604	0.8182546318727272	0.5395588620333333
21750000	21799999	1.3248326569727271	0.8182546318727272	0.5065780250999999
21800000	21849999	1.306684342782251	0.8182546318727272	0.4884297109095238
21850000	21899999	1.2845869474774891	0.8182546318727272	0.46633231560476196
21900000	21949999	1.2769790806108223	0.8182546318727272	0.45872444873809515
21950000	21999999	1.2609352231155844	0.8182546318727272	0.4426805912428572
22000000	22049999	1.260595244577489	0.8182546318727272	0.4423406127047619
22050000	22099999	1.2490821924584414	0.8182546318727272	0.43082756058571425
22100000	22149999	1.2434103374441556	0.8182546318727272	0.42515570557142845
22150000	22199999	1.2353270391965365	0.8182546318727272	0.41707240732380935
22200000	22249999	1.2369937877203463	0.8182546318727272	0.4187391558476191
22250000	22299999	1.2281651104155844	0.8182546318727272	0.4099104785428572
22300000	22349999	1.2295950914965366	0.8182546318727272	0.4113404596238094
22350000	22399999	1.237453937234632	0.8182546318727272	0.41919930536190486
22400000	22449999	1.2341149881489177	0.8182546318727272	0.41586035627619056
22450000	22499999	1.2231458908012987	0.8182546318727272	0.4048912589285715
22500000	22549999	1.1970234083536795	0.8182546318727272	0.3787687764809523
22550000	22599999	1.1786635679441557	0.8182546318727272	0.36040893607142854
22600000	22649999	1.1544373022584415	0.8182546318727272	0.33618267038571437
22650000	22699999	1.14412207002987	0.8182546318727272	0.3258674381571428
22700000	22749999	1.1447920103489175	0.8182546318727272	0.32653737847619035
22750000	22799999	1.133974857777489	0.8182546318727272	0.3157202259047619
22800000	22849999	1.130899456525108	0.8182546318727272	0.31264482465238086
22850000	22899999	1.174757752025108	0.8182546318727272	0.35650312015238084
22900000	22949999	1.186480707767965	0.8182546318727272	0.3682260758952379
22950000	22999999	1.1866239723917746	0.8182546318727272	0.36836934051904746
23000000	23049999	1.1789925081632036	0.8182546318727272	0.3607378762904764
23050000	23099999	1.174989208482251	0.8182546318727272	0.3567345766095239
23100000	23149999	1.2248510464489177	0.8182546318727272	0.40659641457619056
23150000	23199999	1.228781571867965	0.8182546318727272	0.4105269399952379
23200000	23249999	1.2408706845489177	0.8182546318727272	0.4226160526761905
23250000	23299999	1.24100524202987	0.8182546318727272	0.4227506101571429
23300000	23349999	1.2411341802584415	0.8182546318727272	0.4228795483857143
23350000	23399999	1.2387682238965367	0.8182546318727272	0.42051359202380956
23400000	23449999	1.240241985234632	0.8182546318727272	0.42198735336190485
23450000	23499999	1.2392565751965368	0.8182546318727272	0.4210019433238096
23500000	23549999	1.2574224355155845	0.8182546318727272	0.43916780364285735
23550000	23599999	1.2664331026584414	0.8182546318727272	0.44817847078571427
23600000	23649999	1.27040909232987	0.8182546318727272	0.4521544604571429
23650000	23699999	1.2764270362679653	0.8182546318727272	0.4581724043952381
23700000	23749999	1.2745663529917748	0.8182546318727272	0.4563117211190476
23750000	23799999	1.2298793408441557	0.8182546318727272	0.41162470897142855
23800000	23849999	1.1818222263203464	0.8182546318727272	0.3635675944476192
23850000	23899999	1.1613775624489178	0.8182546318727272	0.3431229305761906
23900000	23949999	1.1113614913679652	0.8182546318727272	0.29310685949523807
23950000	23999999	1.0782108598727271	0.8182546318727272	0.25995622799999996
24000000	24049999	1.0642007699584415	0.8182546318727272	0.2459461380857143
24050000	24099999	1.0564181318632033	0.8182546318727272	0.23816349999047615
24100000	24149999	1.0502000254584414	0.8182546318727272	0.2319453935857142
24150000	24199999	1.012630134472727	0.8182546318727272	0.19437550259999992
24200000	24249999	1.0266939693965367	0.8182546318727272	0.2084393375238095
24250000	24299999	1.0258208169870129	0.8182546318727272	0.2075661851142857
24300000	24349999	1.0242883084632033	0.8182546318727272	0.2060336765904761
24350000	24399999	1.02297768782987	0.8182546318727272	0.2047230559571428
24400000	24449999	1.0109208863108223	0.8182546318727272	0.19266625443809515
24450000	24499999	1.0104127621536796	0.8182546318727272	0.1921581302809524
24500000	24549999	1.0142576286393938	0.8182546318727272	0.19600299676666666
24550000	24599999	1.0135728547155842	0.8182546318727272	0.19531822284285705
24600000	24649999	1.0230924627251081	0.8182546318727272	0.20483783085238094
24650000	24699999	1.0174267686012985	0.8182546318727272	0.19917213672857137
24700000	24749999	1.014307677877489	0.8182546318727272	0.19605304600476192
24750000	24799999	1.0193898952108225	0.8182546318727272	0.20113526333809528
24800000	24849999	1.0583323250679653	0.8182546318727272	0.24007769319523808
24850000	24899999	1.1140947616870127	0.8182546318727272	0.29584012981428554
24900000	24949999	1.1405697479155843	0.8182546318727272	0.3223151160428571
24950000	24999999	1.1464016871346319	0.8182546318727272	0.3281470552619047
25000000	25049999	1.1488443579203462	0.8182546318727272	0.33058972604761905
25050000	25099999	1.1736503796584414	0.8182546318727272	0.35539574778571426
25100000	25149999	1.1550827751679653	0.8182546318727272	0.33682814329523814
25150000	25199999	1.143801943025108	0.8182546318727272	0.3255473111523809
25200000	25249999	1.150118375234632	0.8182546318727272	0.33186374336190483
25250000	25299999	1.145915374277489	0.8182546318727272	0.32766074240476184
25300000	25349999	1.1395164055917748	0.8182546318727272	0.3212617737190476
25350000	25399999	1.1466987161536797	0.8182546318727272	0.3284440842809525
25400000	25449999	1.1394852197012986	0.8182546318727272	0.3212305878285714
25450000	25499999	1.1424139496393937	0.8182546318727272	0.3241593177666665
25500000	25549999	1.1445064883060605	0.8182546318727272	0.3262518564333333
25550000	25599999	1.150181222977489	0.8182546318727272	0.33192659110476186
25600000	25649999	1.1530937821012985	0.8182546318727272	0.33483915022857136
25650000	25699999	1.1627351496155842	0.8182546318727272	0.34448051774285704
25700000	25749999	1.1759232942870128	0.8182546318727272	0.35766866241428563
25750000	25799999	1.1937780413155843	0.8182546318727272	0.3755234094428571
25800000	25849999	1.2086745582108223	0.8182546318727272	0.3904199263380951
25850000	25899999	1.2290943347060606	0.8182546318727272	0.4108397028333334
25900000	25949999	1.2544410312584415	0.8182546318727272	0.43618639938571435
25950000	25999999	1.2590227995060606	0.8182546318727272	0.4407681676333334
26000000	26049999	1.24818754172987	0.8182546318727272	0.42993290985714283
26050000	26099999	1.2603385578441557	0.8182546318727272	0.44208392597142854
26100000	26149999	1.2584320262108224	0.8182546318727272	0.4401773943380952
26150000	26199999	1.2827622621060606	0.8182546318727272	0.4645076302333334
26200000	26249999	1.3028469558155842	0.8182546318727272	0.484592323942857
26250000	26299999	1.2964478889393938	0.8182546318727272	0.4781932570666666
26300000	26349999	1.285540590577489	0.8182546318727272	0.46728595870476186
26350000	26399999	1.2914023802155843	0.8182546318727272	0.4731477483428571
26400000	26449999	1.2958744763584416	0.8182546318727272	0.4776198444857144
26450000	26499999	1.3117084477632033	0.8182546318727272	0.4934538158904761
26500000	26549999	1.325725709377489	0.8182546318727272	0.5074710775047618
26550000	26599999	1.3335239381917747	0.8182546318727272	0.5152693063190475
26600000	26649999	1.3292947489108222	0.8182546318727272	0.511040117038095
26650000	26699999	1.3192849603584413	0.8182546318727272	0.5010303284857142
26700000	26749999	1.3060193380965366	0.8182546318727272	0.4877647062238094
26750000	26799999	1.3031757549108223	0.8182546318727272	0.4849211230380951
26800000	26849999	1.2924688771108224	0.8182546318727272	0.4742142452380952
26850000	26899999	1.2809068491870128	0.8182546318727272	0.46265221731428563
26900000	26949999	1.2710236897346319	0.8182546318727272	0.4527690578619047
26950000	26999999	1.2549626202155844	0.8182546318727272	0.4367079883428572
27000000	27049999	1.2552167553727271	0.8182546318727272	0.43696212349999997
27050000	27099999	1.2685904193203463	0.8182546318727272	0.45033578744761915
27100000	27149999	1.2564930465155841	0.8182546318727272	0.43823841464285695
27150000	27199999	1.2447094864060606	0.8182546318727272	0.4264548545333334
27200000	27249999	1.2444479949108223	0.8182546318727272	0.4261933630380951
27250000	27299999	1.2492249997346319	0.8182546318727272	0.4309703678619047
27300000	27349999	1.2523272042632034	0.8182546318727272	0.43407257239047625
27350000	27399999	1.258802785591775	0.8182546318727272	0.44054815371904776
27400000	27449999	1.25725926882987	0.8182546318727272	0.43900463695714287
27450000	27499999	1.2471201615536796	0.8182546318727272	0.4288655296809524
27500000	27549999	1.2473213030727273	0.8182546318727272	0.4290666712000001
27550000	27599999	1.2466023841536795	0.8182546318727272	0.42834775228095234
27600000	27649999	1.2480256634155844	0.8182546318727272	0.42977103154285723
27650000	27699999	1.2459174885917748	0.8182546318727272	0.4276628567190476
27700000	27749999	1.2542106853727273	0.8182546318727272	0.4359560535000001
27750000	27799999	1.2523045641917747	0.8182546318727272	0.43404993231904754
27800000	27849999	1.2635736271108224	0.8182546318727272	0.44531899523809526
27850000	27899999	1.3011788548203462	0.8182546318727272	0.48292422294761905
27900000	27949999	1.319267202272727	0.8182546318727272	0.5010125703999998
27950000	27999999	1.3337802150679652	0.8182546318727272	0.515525583195238
28000000	28049999	1.3305281858965365	0.8182546318727272	0.5122735540238094
28050000	28099999	1.3331217154584416	0.8182546318727272	0.5148670835857144
28100000	28149999	1.3305769075203462	0.8182546318727272	0.512322275647619
28150000	28199999	1.344278379777489	0.8182546318727272	0.5260237479047619
28200000	28249999	1.3612640357441559	0.8182546318727272	0.5430094038714287
28250000	28299999	1.373235552334632	0.8182546318727272	0.5549809204619048
28300000	28349999	1.3681980878870128	0.8182546318727272	0.5499434560142856
28350000	28399999	1.36218713372987	0.8182546318727272	0.5439325018571429
28400000	28449999	1.3565930852012986	0.8182546318727272	0.5383384533285714
28450000	28499999	1.3623075697679652	0.8182546318727272	0.544052937895238
28500000	28549999	1.368937590939394	0.8182546318727272	0.5506829590666668
28550000	28599999	1.3627907790965368	0.8182546318727272	0.5445361472238096
28600000	28649999	1.3493521906393937	0.8182546318727272	0.5310975587666665
28650000	28699999	1.3462406797155844	0.8182546318727272	0.5279860478428572
28700000	28749999	1.353792871534632	0.8182546318727272	0.5355382396619047
28750000	28799999	1.3742194241489176	0.8182546318727272	0.5559647922761904
28800000	28849999	1.3969652844965368	0.8182546318727272	0.5787106526238096
28850000	28899999	1.4055777064536796	0.8182546318727272	0.5873230745809525
28900000	28949999	1.3738089187108224	0.8182546318727272	0.5555542868380953
28950000	28999999	1.3520858319584415	0.8182546318727272	0.5338312000857143
29000000	29049999	1.3470575283012987	0.8182546318727272	0.5288028964285715
29050000	29099999	1.3504937692012984	0.8182546318727272	0.5322391373285712
29100000	29149999	1.3350958428346318	0.8182546318727272	0.5168412109619046
29150000	29199999	1.3276518535155843	0.8182546318727272	0.5093972216428572
29200000	29249999	1.307900897934632	0.8182546318727272	0.48964626606190487
29250000	29299999	1.2785435521822508	0.8182546318727272	0.4602889203095236
29300000	29349999	1.2613253526346317	0.8182546318727272	0.44307072076190457
29350000	29399999	1.2689665651108224	0.8182546318727272	0.4507119332380952
29400000	29449999	1.258687055572727	0.8182546318727272	0.4404324236999998
29450000	29499999	1.2386003822346319	0.8182546318727272	0.4203457503619047
29500000	29549999	1.2121896503346319	0.8182546318727272	0.3939350184619047
29550000	29599999	1.2029830092203462	0.8182546318727272	0.384728377347619
29600000	29649999	1.1919201294822508	0.8182546318727272	0.3736654976095236
29650000	29699999	1.1844712696155844	0.8182546318727272	0.3662166377428572
29700000	29749999	1.163669181982251	0.8182546318727272	0.34541455010952393
29750000	29799999	1.1484554160155844	0.8182546318727272	0.33020078414285725
29800000	29849999	1.1113409656584414	0.8182546318727272	0.29308633378571425
29850000	29899999	1.0750009209441558	0.8182546318727272	0.2567462890714286
29900000	29949999	1.0448956621965366	0.8182546318727272	0.22664103032380944
29950000	29999999	1.0202924138155844	0.8182546318727272	0.20203778194285726
30000000	30049999	1.0095081453203463	0.8182546318727272	0.1912535134476191
30050000	30099999	1.0017650224965367	0.8182546318727272	0.18351039062380947
30100000	30149999	0.9984660855012986	0.8182546318727272	0.18021145362857138
30150000	30199999	0.9915644111536795	0.8182546318727272	0.17330977928095237
30200000	30249999	0.9861790978012985	0.8182546318727272	0.16792446592857135
30250000	30299999	0.9937289041108224	0.8182546318727272	0.1754742722380952
30300000	30349999	0.9863376527441557	0.8182546318727272	0.16808302087142857
30350000	30399999	0.97861822432987	0.8182546318727272	0.16036359245714282
30400000	30449999	0.9529901545108224	0.8182546318727272	0.13473552263809518
30450000	30499999	0.9554569397203463	0.8182546318727272	0.1372023078476191
30500000	30549999	0.9667329865870129	0.8182546318727272	0.14847835471428572
30550000	30599999	0.9813322742870129	0.8182546318727272	0.16307764241428568
30600000	30649999	0.9807306199870129	0.8182546318727272	0.16247598811428576
30650000	30699999	0.9936376729774891	0.8182546318727272	0.17538304110476188
30700000	30749999	1.0269825410965367	0.8182546318727272	0.20872790922380957
30750000	30799999	1.053241396034632	0.8182546318727272	0.2349867641619049
30800000	30849999	1.0644706519108225	0.8182546318727272	0.24621602003809528
30850000	30899999	1.0808546844965368	0.8182546318727272	0.2626000526238096
30900000	30949999	1.1080891454489177	0.8182546318727272	0.2898345135761905
30950000	30999999	1.1552272425536796	0.8182546318727272	0.3369726106809524
31000000	31049999	1.1816772179108224	0.8182546318727272	0.3634225860380952
31050000	31099999	1.1966603231393937	0.8182546318727272	0.37840569126666657
31100000	31149999	1.2014627484060605	0.8182546318727272	0.3832081165333333
31150000	31199999	1.1997420776727272	0.8182546318727272	0.38148744580000005
31200000	31249999	1.211406669025108	0.8182546318727272	0.3931520371523808
31250000	31299999	1.2293426015393938	0.8182546318727272	0.4110879696666666
31300000	31349999	1.2370173357727272	0.8182546318727272	0.41876270390000003
31350000	31399999	1.2488582998536795	0.8182546318727272	0.4306036679809523
31400000	31449999	1.2503648534489176	0.8182546318727272	0.4321102215761904
31450000	31499999	1.258026521372727	0.8182546318727272	0.4397718894999999
31500000	31549999	1.2711395942108223	0.8182546318727272	0.45288496233809517
31550000	31599999	1.27524119752987	0.8182546318727272	0.4569865656571429
31600000	31649999	1.2885144353870128	0.8182546318727272	0.47025980351428565
31650000	31699999	1.2955147718917748	0.8182546318727272	0.4772601400190476
31700000	31749999	1.303374151334632	0.8182546318727272	0.4851195194619048
31750000	31799999	1.283695065272727	0.8182546318727272	0.46544043339999985
31800000	31849999	1.275853767667965	0.8182546318727272	0.4575991357952379
31850000	31899999	1.2945716676965366	0.8182546318727272	0.47631703582380946
31900000	31949999	1.301761263077489	0.8182546318727272	0.4835066312047619
31950000	31999999	1.301392098482251	0.8182546318727272	0.4831374666095237
32000000	32049999	1.2703003090679652	0.8182546318727272	0.452045677195238
32050000	32099999	1.2761930279679652	0.8182546318727272	0.457938396095238
32100000	32149999	1.2794014393489177	0.8182546318727272	0.4611468074761905
32150000	32199999	1.2726487970489175	0.8182546318727272	0.45439416517619036
32200000	32249999	1.2723549764060604	0.8182546318727272	0.45410034453333326
32250000	32299999	1.2788171879155843	0.8182546318727272	0.4605625560428571
32300000	32349999	1.262207698939394	0.8182546318727272	0.4439530670666668
32350000	32399999	1.2638578446679654	0.8182546318727272	0.4456032127952382
32400000	32449999	1.2700396483298702	0.8182546318727272	0.451785016457143
32450000	32499999	1.2843684412251082	0.8182546318727272	0.466113809352381
32500000	32549999	1.2940591468203464	0.8182546318727272	0.4758045149476192
32550000	32599999	1.3081473684441558	0.8182546318727272	0.4898927365714286
32600000	32649999	1.3166699095441556	0.8182546318727272	0.49841527767142846
32650000	32699999	1.3164727591536796	0.8182546318727272	0.4982181272809524
32700000	32749999	1.3119053819108224	0.8182546318727272	0.4936507500380952
32750000	32799999	1.3042783672679654	0.8182546318727272	0.48602373539523824
32800000	32849999	1.295433467534632	0.8182546318727272	0.4771788356619048
32850000	32899999	1.2873676851727271	0.8182546318727272	0.46911305329999997
32900000	32949999	1.2657740006965368	0.8182546318727272	0.4475193688238096
32950000	32999999	1.2596741917632035	0.8182546318727272	0.4414195598904763
33000000	33049999	1.2400030174251082	0.8182546318727272	0.42174838555238103
33050000	33099999	1.2298343492632033	0.8182546318727272	0.41157971739047616
33100000	33149999	1.2139403301917748	0.8182546318727272	0.39568569831904765
33150000	33199999	1.215578975387013	0.8182546318727272	0.3973243435142858
33200000	33249999	1.2086282498203462	0.8182546318727272	0.39037361794761904
33250000	33299999	1.2003263045965367	0.8182546318727272	0.3820716727238095
33300000	33349999	1.1853189174917746	0.8182546318727272	0.36706428561904747
33350000	33399999	1.2052636836870128	0.8182546318727272	0.3870090518142856
33400000	33449999	1.2074764016917747	0.8182546318727272	0.38922176981904755
33450000	33499999	1.1996011490155842	0.8182546318727272	0.38134651714285706
33500000	33549999	1.1934284207108223	0.8182546318727272	0.37517378883809516
33550000	33599999	1.173537766277489	0.8182546318727272	0.3552831344047619
33600000	33649999	1.1392188968108223	0.8182546318727272	0.32096426493809516
33650000	33699999	1.1183622828536797	0.8182546318727272	0.3001076509809525
33700000	33749999	1.0997688779965367	0.8182546318727272	0.2815142461238095
33750000	33799999	1.081482644382251	0.8182546318727272	0.26322801250952377
33800000	33849999	1.0645917635489177	0.8182546318727272	0.24633713167619053
33850000	33899999	1.0485559577727273	0.8182546318727272	0.23030132590000008
33900000	33949999	1.0429631976774891	0.8182546318727272	0.22470856580476195
33950000	33999999	1.0331969549727273	0.8182546318727272	0.21494232310000017
34000000	34049999	1.0030522453679653	0.8182546318727272	0.18479761349523816
34050000	34099999	0.9848811624965367	0.8182546318727272	0.1666265306238095
34100000	34149999	0.9607298370727272	0.8182546318727272	0.1424752052
34150000	34199999	0.9428668917251081	0.8182546318727272	0.12461225985238089
34200000	34249999	0.912300327982251	0.8182546318727272	0.09404569610952385
34250000	34299999	0.9041064561774891	0.8182546318727272	0.0858518243047619
34300000	34349999	0.9020394913060605	0.8182546318727272	0.08378485943333336
34350000	34399999	0.8977874378441557	0.8182546318727272	0.07953280597142853
34400000	34449999	0.8757045140251081	0.8182546318727272	0.05744988215238089
34450000	34499999	0.8505896918251081	0.8182546318727272	0.03233505995238095
34500000	34549999	0.8396723289536795	0.8182546318727272	0.021417697080952314
34550000	34599999	0.8297921528584414	0.8182546318727272	0.011537520985714256
34600000	34649999	0.829860874334632	0.8182546318727272	0.011606242461904781
34650000	34699999	0.8409059803679653	0.8182546318727272	0.02265134849523809
34700000	34749999	0.8378174641012985	0.8182546318727272	0.01956283222857136
34750000	34799999	0.8425403572441558	0.8182546318727272	0.02428572537142859
34800000	34849999	0.8626261457203462	0.8182546318727272	0.04437151384761906
34850000	34899999	0.8645003193584414	0.8182546318727272	0.046245687485714226
34900000	34949999	0.8803882888727271	0.8182546318727272	0.06213365699999995
34950000	34999999	0.8927873121298701	0.8182546318727272	0.07453268025714288
35000000	35049999	0.9069814208965367	0.8182546318727272	0.08872678902380948
35050000	35099999	0.9295351876441558	0.8182546318727272	0.11128055577142859
35100000	35149999	0.9621725520155844	0.8182546318727272	0.1439179201428572
35150000	35199999	0.9871060483584415	0.8182546318727272	0.16885141648571433
35200000	35249999	1.012088513325108	0.8182546318727272	0.1938338814523809
35250000	35299999	1.0509429267251083	0.8182546318727272	0.23268829485238107
35300000	35349999	1.0991440745108225	0.8182546318727272	0.28088944263809534
35350000	35399999	1.1138642685393938	0.8182546318727272	0.2956096366666666
35400000	35449999	1.1295224121203462	0.8182546318727272	0.31126778024761903
35450000	35499999	1.1495486518489177	0.8182546318727272	0.33129401997619057
35500000	35549999	1.1602681314060606	0.8182546318727272	0.3420134995333334
35550000	35599999	1.1733531767965366	0.8182546318727272	0.35509854492380943
35600000	35649999	1.1900077003774892	0.8182546318727272	0.371753068504762
35650000	35699999	1.2036455330727271	0.8182546318727272	0.38539090119999997
35700000	35749999	1.2211583813965368	0.8182546318727272	0.4029037495238096
35750000	35799999	1.2474914335441558	0.8182546318727272	0.42923680167142864
35800000	35849999	1.2603961918203463	0.8182546318727272	0.44214155994761917
35850000	35899999	1.2660051852155845	0.8182546318727272	0.4477505533428573
35900000	35949999	1.3171680088393938	0.8182546318727272	0.4989133769666666
35950000	35999999	1.343900934725108	0.8182546318727272	0.5256463028523809
36000000	36049999	1.3542420848584416	0.8182546318727272	0.5359874529857144
36050000	36099999	1.3521100933251082	0.8182546318727272	0.533855461452381
36100000	36149999	1.3466538882679653	0.8182546318727272	0.5283992563952381
36150000	36199999	1.3475209534203463	0.8182546318727272	0.5292663215476191
36200000	36249999	1.3540340435774891	0.8182546318727272	0.535779411704762
36250000	36299999	1.3493025541203463	0.8182546318727272	0.5310479222476191
36300000	36349999	1.3310915841822508	0.8182546318727272	0.5128369523095236
36350000	36399999	1.306833426277489	0.8182546318727272	0.4885787944047618
36400000	36449999	1.3135935260584415	0.8182546318727272	0.4953388941857143
36450000	36499999	1.3113562383060606	0.8182546318727272	0.49310160643333345
36500000	36549999	1.2975931755965366	0.8182546318727272	0.47933854372380946
36550000	36599999	1.291644127039394	0.8182546318727272	0.47338949516666673
36600000	36649999	1.2919315593108225	0.8182546318727272	0.4736769274380953
36650000	36699999	1.2793392135632033	0.8182546318727272	0.46108458169047617
36700000	36749999	1.264157719177489	0.8182546318727272	0.4459030873047619
36750000	36799999	1.2458559953203463	0.8182546318727272	0.4276013634476191
36800000	36849999	1.2401895238489176	0.8182546318727272	0.4219348919761904
36850000	36899999	1.2189778311727273	0.8182546318727272	0.4007231993000001
36900000	36949999	1.1950478854727271	0.8182546318727272	0.37679325359999993
36950000	36999999	1.1427940709393938	0.8182546318727272	0.3245394390666666
37000000	37049999	1.1163114200489177	0.8182546318727272	0.2980567881761905
37050000	37099999	1.0923389824060605	0.8182546318727272	0.27408435053333335
37100000	37149999	1.0881803208727272	0.8182546318727272	0.269925689
37150000	37199999	1.1011490861536797	0.8182546318727272	0.2828944542809525
37200000	37249999	1.0804401005679654	0.8182546318727272	0.2621854686952382
37250000	37299999	1.0673433061441557	0.8182546318727272	0.24908867427142856
37300000	37349999	1.0599517263584415	0.8182546318727272	0.2416970944857143
37350000	37399999	1.055204157134632	0.8182546318727272	0.23694952526190483
37400000	37449999	1.0485622263917749	0.8182546318727272	0.2303075945190477
37450000	37499999	1.046000987482251	0.8182546318727272	0.22774635560952372
37500000	37549999	1.053402455834632	0.8182546318727272	0.2351478239619048
37550000	37599999	1.0621470413155842	0.8182546318727272	0.24389240944285706
37600000	37649999	1.0613061247870128	0.8182546318727272	0.24305149291428563
37650000	37699999	1.0651262471203462	0.8182546318727272	0.24687161524761903
37700000	37749999	1.0710729150060605	0.8182546318727272	0.2528182831333333
37750000	37799999	1.078523311477489	0.8182546318727272	0.26026867960476185
37800000	37849999	1.099944881834632	0.8182546318727272	0.28169024996190484
37850000	37899999	1.1066371935632033	0.8182546318727272	0.28838256169047616
37900000	37949999	1.123695045477489	0.8182546318727272	0.3054404136047618
37950000	37999999	1.1405594269584416	0.8182546318727272	0.3223047950857144
38000000	38049999	1.1492960424584415	0.8182546318727272	0.33104141058571435
38050000	38099999	1.151908509739394	0.8182546318727272	0.3336538778666668
38100000	38149999	1.159236249739394	0.8182546318727272	0.3409816178666668
38150000	38199999	1.1703420165679652	0.8182546318727272	0.35208738469523804
38200000	38249999	1.1658706709584414	0.8182546318727272	0.34761603908571426
38250000	38299999	1.1941309578536796	0.8182546318727272	0.37587632598095244
38300000	38349999	1.2122592845012987	0.8182546318727272	0.39400465262857154
38350000	38399999	1.2323650280060605	0.8182546318727272	0.41411039613333334
38400000	38449999	1.239536357434632	0.8182546318727272	0.4212817255619049
38450000	38499999	1.245192229487013	0.8182546318727272	0.42693759761428585
38500000	38549999	1.2383517102917747	0.8182546318727272	0.42009707841904753
38550000	38599999	1.2267681362108225	0.8182546318727272	0.4085135043380953
38600000	38649999	1.2087427741441557	0.8182546318727272	0.3904881422714285
38650000	38699999	1.2248100609108223	0.8182546318727272	0.40655542903809516
38700000	38749999	1.230804704325108	0.8182546318727272	0.41255007245238084
38750000	38799999	1.2476909616155845	0.8182546318727272	0.4294363297428573
38800000	38849999	1.259742016377489	0.8182546318727272	0.4414873845047619
38850000	38899999	1.2481559645489178	0.8182546318727272	0.4299013326761906
38900000	38949999	1.2488626905251081	0.8182546318727272	0.43060805865238094
38950000	38999999	1.2572403312870128	0.8182546318727272	0.43898569941428567
39000000	39049999	1.2605185523965368	0.8182546318727272	0.4422639205238096
39050000	39099999	1.2696305408965367	0.8182546318727272	0.45137590902380953
39100000	39149999	1.2867308778393938	0.8182546318727272	0.4684762459666666
39150000	39199999	1.3003165214965366	0.8182546318727272	0.48206188962380947
39200000	39249999	1.2976791371251082	0.8182546318727272	0.479424505252381
39250000	39299999	1.2990604560441557	0.8182546318727272	0.4808058241714285
39300000	39349999	1.297435444734632	0.8182546318727272	0.4791808128619047
39350000	39399999	1.2950559410727271	0.8182546318727272	0.47680130919999997
39400000	39449999	1.287736937572727	0.8182546318727272	0.4694823056999998
39450000	39499999	1.2650988192584414	0.8182546318727272	0.4468441873857142
39500000	39549999	1.2524484776489175	0.8182546318727272	0.43419384577619036
39550000	39599999	1.2543158367632032	0.8182546318727272	0.43606120489047606
39600000	39649999	1.260604965025108	0.8182546318727272	0.4423503331523809
39650000	39699999	1.2685066949632033	0.8182546318727272	0.45025206309047616
39700000	39749999	1.2441816677346318	0.8182546318727272	0.4259270358619046
39750000	39799999	1.2358007190489178	0.8182546318727272	0.4175460871761906
39800000	39849999	1.2280292955012986	0.8182546318727272	0.4097746636285714
39850000	39899999	1.2288661346108225	0.8182546318727272	0.4106115027380953
39900000	39949999	1.233924236277489	0.8182546318727272	0.41566960440476175
39950000	39999999	1.2288050488108222	0.8182546318727272	0.410550416938095
40000000	40049999	1.2293261663584414	0.8182546318727272	0.4110715344857142
40050000	40099999	1.2368107071965366	0.8182546318727272	0.41855607532380945
40100000	40149999	1.2459535444060605	0.8182546318727272	0.42769891253333336
40150000	40199999	1.2478254540870128	0.8182546318727272	0.42957082221428566
40200000	40249999	1.250302588972727	0.8182546318727272	0.4320479570999999
40250000	40299999	1.2377881651584415	0.8182546318727272	0.4195335332857143
40300000	40349999	1.2422489948012987	0.8182546318727272	0.4239943629285715
40350000	40399999	1.2369270990632035	0.8182546318727272	0.41867246719047635
40400000	40449999	1.2248652898441557	0.8182546318727272	0.4066106579714285
40450000	40499999	1.2217160787536796	0.8182546318727272	0.4034614468809524
40500000	40549999	1.2441414462965368	0.8182546318727272	0.4258868144238096
40550000	40599999	1.2406314881155842	0.8182546318727272	0.42237685624285704
40600000	40649999	1.2333235743632032	0.8182546318727272	0.415068942490476
40650000	40699999	1.2490144215632033	0.8182546318727272	0.4307597896904761
40700000	40749999	1.258281316639394	0.8182546318727272	0.44002668476666684
40750000	40799999	1.286313320282251	0.8182546318727272	0.4680586884095238
40800000	40849999	1.2903471011632035	0.8182546318727272	0.4720924692904763
40850000	40899999	1.287199388991775	0.8182546318727272	0.4689447571190478
40900000	40949999	1.2889804181060607	0.8182546318727272	0.4707257862333335
40950000	40999999	1.2836957452679654	0.8182546318727272	0.4654411133952382
41000000	41049999	1.281603016477489	0.8182546318727272	0.4633483846047618
41050000	41099999	1.2991502939632034	0.8182546318727272	0.4808956620904762
41100000	41149999	1.312230833277489	0.8182546318727272	0.49397620140476184
41150000	41199999	1.3232867698155844	0.8182546318727272	0.5050321379428572
41200000	41249999	1.3076592555965365	0.8182546318727272	0.48940462372380933
41250000	41299999	1.2953749393393936	0.8182546318727272	0.47712030746666645
41300000	41349999	1.292056394182251	0.8182546318727272	0.47380176230952376
41350000	41399999	1.2793272458822509	0.8182546318727272	0.4610726140095237
41400000	41449999	1.269652776134632	0.8182546318727272	0.4513981442619047
41450000	41499999	1.257258782920346	0.8182546318727272	0.4390041510476189
41500000	41549999	1.2470695269393939	0.8182546318727272	0.4288148950666667
41550000	41599999	1.2416527766489178	0.8182546318727272	0.42339814477619064
41600000	41649999	1.2415252641155843	0.8182546318727272	0.4232706322428571
41650000	41699999	1.238302043582251	0.8182546318727272	0.42004741170952375
41700000	41749999	1.2073884902108225	0.8182546318727272	0.38913385833809533
41750000	41799999	1.1908055733870129	0.8182546318727272	0.3725509415142857
41800000	41849999	1.1748582231632034	0.8182546318727272	0.35660359129047625
41850000	41899999	1.17233785602987	0.8182546318727272	0.3540832241571429
41900000	41949999	1.1603546072489177	0.8182546318727272	0.3420999753761905
41950000	41999999	1.151063339282251	0.8182546318727272	0.33280870740952373
42000000	42049999	1.1444360185774891	0.8182546318727272	0.32618138670476193
42050000	42099999	1.1387351033536794	0.8182546318727272	0.32048047148095227
42100000	42149999	1.0938553530584414	0.8182546318727272	0.2756007211857142
42150000	42199999	1.0863929628536795	0.8182546318727272	0.2681383309809523
42200000	42249999	1.0727996297584415	0.8182546318727272	0.2545449978857143
42250000	42299999	1.1075812500060604	0.8182546318727272	0.28932661813333327
42300000	42349999	1.1003740202917747	0.8182546318727272	0.2821193884190475
42350000	42399999	1.1127827934536796	0.8182546318727272	0.2945281615809524
42400000	42449999	1.12460036772987	0.8182546318727272	0.30634573585714275
42450000	42499999	1.128890657034632	0.8182546318727272	0.3106360251619048
42500000	42549999	1.1600214313489177	0.8182546318727272	0.3417667994761905
42550000	42599999	1.1728660605108225	0.8182546318727272	0.35461142863809536
42600000	42649999	1.1858688622536795	0.8182546318727272	0.3676142303809523
42650000	42699999	1.197889292077489	0.8182546318727272	0.3796346602047619
42700000	42749999	1.2032848563060605	0.8182546318727272	0.38503022443333335
42750000	42799999	1.224656944177489	0.8182546318727272	0.40640231230476187
42800000	42849999	1.24456427302987	0.8182546318727272	0.42630964115714287
42850000	42899999	1.2508388703679654	0.8182546318727272	0.4325842384952382
42900000	42949999	1.2554608288965368	0.8182546318727272	0.4372061970238096
42950000	42999999	1.2557428010822511	0.8182546318727272	0.43748816920952394
43000000	43049999	1.2589223154393938	0.8182546318727272	0.44066768356666663
43050000	43099999	1.2795166335679653	0.8182546318727272	0.4612620016952381
43100000	43149999	1.2869918969727272	0.8182546318727272	0.4687372651
43150000	43199999	1.3096820772203461	0.8182546318727272	0.49142744534761895
43200000	43249999	1.2844543320632034	0.8182546318727272	0.4661997001904762
43250000	43299999	1.273332939377489	0.8182546318727272	0.45507830750476186
43300000	43349999	1.2382467704870128	0.8182546318727272	0.41999213861428564
43350000	43399999	1.250869642082251	0.8182546318727272	0.43261501020952375
43400000	43449999	1.245256993687013	0.8182546318727272	0.42700236181428586
43450000	43499999	1.2280410638679653	0.8182546318727272	0.4097864319952381
43500000	43549999	1.2265429506298702	0.8182546318727272	0.408288318757143
43550000	43599999	1.20501344822987	0.8182546318727272	0.3867588163571428
43600000	43649999	1.1898871740060604	0.8182546318727272	0.3716325421333332
43650000	43699999	1.1779564162774891	0.8182546318727272	0.35970178440476197
43700000	43749999	1.1901696437155844	0.8182546318727272	0.37191501184285725
43750000	43799999	1.2071847308536796	0.8182546318727272	0.38893009898095243
43800000	43849999	1.2070822496108224	0.8182546318727272	0.38882761773809527
43850000	43899999	1.1958356117632034	0.8182546318727272	0.37758097989047623
43900000	43949999	1.2099215662298701	0.8182546318727272	0.39166693435714295
43950000	43999999	1.213426742534632	0.8182546318727272	0.3951721106619047
44000000	44049999	1.2379091762441559	0.8182546318727272	0.4196545443714287
44050000	44099999	1.2480508461012987	0.8182546318727272	0.4297962142285715
44100000	44149999	1.2374955350679653	0.8182546318727272	0.4192409031952381
44150000	44199999	1.2431361235536795	0.8182546318727272	0.42488149168095235
44200000	44249999	1.2468836940632033	0.8182546318727272	0.42862906219047614
44250000	44299999	1.2656729855108224	0.8182546318727272	0.44741835363809523
44300000	44349999	1.2716917467060607	0.8182546318727272	0.4534371148333335
44350000	44399999	1.261596136425108	0.8182546318727272	0.44334150455238086
44400000	44449999	1.2659756660632033	0.8182546318727272	0.44772103419047615
44450000	44499999	1.2703497708346319	0.8182546318727272	0.4520951389619047
44500000	44549999	1.2838472715584415	0.8182546318727272	0.4655926396857143
44550000	44599999	1.2824370927393938	0.8182546318727272	0.4641824608666666
44600000	44649999	1.294518435139394	0.8182546318727272	0.47626380326666673
44650000	44699999	1.3092825878679653	0.8182546318727272	0.4910279559952381
44700000	44749999	1.315758271977489	0.8182546318727272	0.4975036401047618
44750000	44799999	1.3012044174536794	0.8182546318727272	0.48294978558095225
44800000	44849999	1.287558848777489	0.8182546318727272	0.46930421690476176
44850000	44899999	1.2908734149155843	0.8182546318727272	0.4726187830428571
44900000	44949999	1.3068921028965366	0.8182546318727272	0.4886374710238094
44950000	44999999	1.302529073272727	0.8182546318727272	0.48427444139999987
45000000	45049999	1.3015649772108224	0.8182546318727272	0.48331034533809525
45050000	45099999	1.2797417893632033	0.8182546318727272	0.4614871574904761
45100000	45149999	1.2929382789012986	0.8182546318727272	0.47468364702857146
45150000	45199999	1.2988959605679653	0.8182546318727272	0.4806413286952381
45200000	45249999	1.2907874644060606	0.8182546318727272	0.47253283253333345
45250000	45299999	1.2803446054108223	0.8182546318727272	0.4620899735380951
45300000	45349999	1.2750287913060605	0.8182546318727272	0.4567741594333333
45350000	45399999	1.2815886006203463	0.8182546318727272	0.4633339687476191
45400000	45449999	1.3092279348536795	0.8182546318727272	0.4909733029809523
45450000	45499999	1.3058963549774891	0.8182546318727272	0.48764172310476195
45500000	45549999	1.3155081667108224	0.8182546318727272	0.4972535348380952
45550000	45599999	1.3104416366251082	0.8182546318727272	0.492187004752381
45600000	45649999	1.32414227102987	0.8182546318727272	0.5058876391571429
45650000	45699999	1.3223466759251084	0.8182546318727272	0.5040920440523812
45700000	45749999	1.3230979585489178	0.8182546318727272	0.5048433266761906
45750000	45799999	1.3319810815727273	0.8182546318727272	0.5137264497000001
45800000	45849999	1.3560500638108226	0.8182546318727272	0.5377954319380954
45850000	45899999	1.3625677050870129	0.8182546318727272	0.5443130732142857
45900000	45949999	1.3637158352679655	0.8182546318727272	0.5454612033952383
45950000	45999999	1.3556972008060606	0.8182546318727272	0.5374425689333334
46000000	46049999	1.351935002882251	0.8182546318727272	0.5336803710095238
46050000	46099999	1.362203868682251	0.8182546318727272	0.5439492368095239
46100000	46149999	1.381806353187013	0.8182546318727272	0.5635517213142859
46150000	46199999	1.3566131257727272	0.8182546318727272	0.5383584939
46200000	46249999	1.3448720674155843	0.8182546318727272	0.5266174355428571
46250000	46299999	1.3485317486108226	0.8182546318727272	0.5302771167380954
46300000	46349999	1.3522094501108224	0.8182546318727272	0.5339548182380952
46350000	46399999	1.3530760518251082	0.8182546318727272	0.534821419952381
46400000	46449999	1.3522765244917747	0.8182546318727272	0.5340218926190475
46450000	46499999	1.3375269560965366	0.8182546318727272	0.5192723242238094
46500000	46549999	1.3367698962584416	0.8182546318727272	0.5185152643857144
46550000	46599999	1.33409354852987	0.8182546318727272	0.5158389166571428
46600000	46649999	1.3362044962584414	0.8182546318727272	0.5179498643857142
46650000	46699999	1.341000262020346	0.8182546318727272	0.5227456301476189
46700000	46749999	1.3265252547155844	0.8182546318727272	0.5082706228428572
46750000	46799999	1.3140915810012985	0.8182546318727272	0.49583694912857135
46800000	46849999	1.3203819078679653	0.8182546318727272	0.5021272759952381
46850000	46899999	1.2936269144632033	0.8182546318727272	0.47537228259047615
46900000	46949999	1.282187186339394	0.8182546318727272	0.4639325544666669
46950000	46999999	1.2711321363108223	0.8182546318727272	0.45287750443809516
47000000	47049999	1.2735965832489178	0.8182546318727272	0.4553419513761906
47050000	47099999	1.2878530586870132	0.8182546318727272	0.469598426814286
47100000	47149999	1.2840067505822508	0.8182546318727272	0.4657521187095236
47150000	47199999	1.2814512941060605	0.8182546318727272	0.46319666223333333
47200000	47249999	1.2881933454679653	0.8182546318727272	0.4699387135952381
47250000	47299999	1.3055079041584414	0.8182546318727272	0.48725327228571425
47300000	47349999	1.3143259421917748	0.8182546318727272	0.4960713103190476
47350000	47399999	1.305360413582251	0.8182546318727272	0.4871057817095238
47400000	47449999	1.2979343652441557	0.8182546318727272	0.47967973337142855
47450000	47499999	1.2843498959489177	0.8182546318727272	0.4660952640761905
47500000	47549999	1.2724726376965367	0.8182546318727272	0.45421800582380956
47550000	47599999	1.2526423438060605	0.8182546318727272	0.43438771193333336
47600000	47649999	1.2388922252489176	0.8182546318727272	0.42063759337619044
47650000	47699999	1.226246409682251	0.8182546318727272	0.4079917778095238
47700000	47749999	1.2043072931393939	0.8182546318727272	0.3860526612666667
47750000	47799999	1.2015775647584415	0.8182546318727272	0.3833229328857143
47800000	47849999	1.1963511111393939	0.8182546318727272	0.3780964792666667
47850000	47899999	1.1716550321536796	0.8182546318727272	0.35340040028095243
47900000	47949999	1.152361705677489	0.8182546318727272	0.3341070738047619
47950000	47999999	1.1425255445155842	0.8182546318727272	0.324270912642857
48000000	48049999	1.1280058220155844	0.8182546318727272	0.30975119014285724
48050000	48099999	1.096984797225108	0.8182546318727272	0.27873016535238093
48100000	48149999	1.067979044682251	0.8182546318727272	0.24972441280952384
48150000	48199999	1.0234274432012986	0.8182546318727272	0.20517281132857146
48200000	48249999	0.9840118028012986	0.8182546318727272	0.16575717092857145
48250000	48299999	0.9583206479489177	0.8182546318727272	0.1400660160761905
48300000	48349999	0.9209256709917748	0.8182546318727272	0.10267103911904762
48350000	48399999	0.8935770644774891	0.8182546318727272	0.0753224326047619
48400000	48449999	0.8720156491012986	0.8182546318727272	0.053761017228571406
48450000	48499999	0.8521562199917748	0.8182546318727272	0.03390158811904764
48500000	48549999	0.828526330782251	0.8182546318727272	0.010271698909523841
48550000	48599999	0.8170924443108224	0.8182546318727272	-0.0011621875619047817
48600000	48649999	0.8117526552822509	0.8182546318727272	-0.006501976590476244
48650000	48699999	0.7918046564346319	0.8182546318727272	-0.02644997543809524
48700000	48749999	0.7761612348012986	0.8182546318727272	-0.04209339707142856
48750000	48799999	0.7553273364012986	0.8182546318727272	-0.06292729547142861
48800000	48849999	0.7521592106917748	0.8182546318727272	-0.06609542118095235
48850000	48899999	0.7386040719632033	0.8182546318727272	-0.07965055990952385
48900000	48949999	0.7200182504393938	0.8182546318727272	-0.09823638143333335
48950000	48999999	0.7107051479917748	0.8182546318727272	-0.10754948388095242
49000000	49049999	0.6975259985965367	0.8182546318727272	-0.12072863327619043
49050000	49099999	0.6838025005632034	0.8182546318727272	-0.13445213130952383
49100000	49149999	0.6851592328917748	0.8182546318727272	-0.13309539898095235
49150000	49199999	0.6844141388727272	0.8182546318727272	-0.133840493
49200000	49249999	0.6971789119870129	0.8182546318727272	-0.1210757198857143
49250000	49299999	0.6985568415203463	0.8182546318727272	-0.11969779035238093
49300000	49349999	0.6963464334441558	0.8182546318727272	-0.12190819842857137
49350000	49399999	0.7057222402108224	0.8182546318727272	-0.11253239166190476
49400000	49449999	0.7017908542870129	0.8182546318727272	-0.11646377758571425
49450000	49499999	0.7120940501632034	0.8182546318727272	-0.1061605817095238
49500000	49549999	0.7029201795155844	0.8182546318727272	-0.11533445235714279
49550000	49599999	0.7148527421489177	0.8182546318727272	-0.10340188972380948
49600000	49649999	0.7263680560441558	0.8182546318727272	-0.0918865758285714
49650000	49699999	0.7369260093727272	0.8182546318727272	-0.08132862249999995
49700000	49749999	0.7488841301870129	0.8182546318727272	-0.06937050168571424
49750000	49799999	0.7588241493393939	0.8182546318727272	-0.05943048253333327
49800000	49849999	0.7526321516632034	0.8182546318727272	-0.06562248020952377
49850000	49899999	0.7513119981679652	0.8182546318727272	-0.06694263370476194
49900000	49949999	0.7622779222632033	0.8182546318727272	-0.055976709609523834
49950000	49999999	0.7695566415251082	0.8182546318727272	-0.04869799034761901
50000000	50049999	0.7822310665155844	0.8182546318727272	-0.036023565357142795
50050000	50099999	0.7993242154727273	0.8182546318727272	-0.018930416399999928
50100000	50149999	0.8025807446679653	0.8182546318727272	-0.015673887204761927
50150000	50199999	0.8001638086584415	0.8182546318727272	-0.01809082321428568
50200000	50249999	0.785853014634632	0.8182546318727272	-0.032401617238095204
50250000	50299999	0.7881992506679653	0.8182546318727272	-0.030055381204761922
50300000	50349999	0.7986216081251082	0.8182546318727272	-0.019633023747618994
50350000	50399999	0.8004458063251082	0.8182546318727272	-0.01780882554761898
50400000	50449999	0.8247181316584414	0.8182546318727272	0.006463499785714255
50450000	50499999	0.8488881253632033	0.8182546318727272	0.03063349349047617
50500000	50549999	0.9013068459632034	0.8182546318727272	0.08305221409047625
50550000	50599999	0.9458146367727271	0.8182546318727272	0.12756000489999997
50600000	50649999	0.9688384870536796	0.8182546318727272	0.1505838551809524
50650000	50699999	0.9785007364965367	0.8182546318727272	0.1602461046238095
50700000	50749999	1.0078716213965366	0.8182546318727272	0.18961698952380945
50750000	50799999	1.0548081038632033	0.8182546318727272	0.23655347199047616
50800000	50849999	1.099625845134632	0.8182546318727272	0.28137121326190473
50850000	50899999	1.14831620722987	0.8182546318727272	0.33006157535714287
50900000	50949999	1.1811955246917747	0.8182546318727272	0.3629408928190475
50950000	50999999	1.2176042202536796	0.8182546318727272	0.39934958838095247
51000000	51049999	1.243648810477489	0.8182546318727272	0.4253941786047618
51050000	51099999	1.2836628259489176	0.8182546318727272	0.4654081940761904
51100000	51149999	1.3108104551584414	0.8182546318727272	0.49255582328571423
51150000	51199999	1.346522030487013	0.8182546318727272	0.5282673986142857
51200000	51249999	1.3848878975632033	0.8182546318727272	0.5666332656904761
51250000	51299999	1.406043616182251	0.8182546318727272	0.5877889843095238
51300000	51349999	1.4307014091489176	0.8182546318727272	0.6124467772761905
51350000	51399999	1.4770724768632033	0.8182546318727272	0.6588178449904761
51400000	51449999	1.5303092822917748	0.8182546318727272	0.7120546504190476
51450000	51499999	1.5354963013536795	0.8182546318727272	0.7172416694809524
51500000	51549999	1.547974046877489	0.8182546318727272	0.7297194150047618
51550000	51599999	1.525813499591775	0.8182546318727272	0.7075588677190477
51600000	51649999	1.5454988347774892	0.8182546318727272	0.727244202904762
51650000	51699999	1.5430009392584414	0.8182546318727272	0.7247463073857142
51700000	51749999	1.5879385864060604	0.8182546318727272	0.7696839545333333
51750000	51799999	1.5901039742203462	0.8182546318727272	0.771849342347619
51800000	51849999	1.576831115477489	0.8182546318727272	0.7585764836047618
51850000	51899999	1.5493096563489175	0.8182546318727272	0.7310550244761903
51900000	51949999	1.5342803664060605	0.8182546318727272	0.7160257345333333
51950000	51999999	1.5170569087251082	0.8182546318727272	0.698802276852381
52000000	52049999	1.5036298660108225	0.8182546318727272	0.6853752341380953
52050000	52099999	1.508526085482251	0.8182546318727272	0.6902714536095239
52100000	52149999	1.495110515287013	0.8182546318727272	0.6768558834142858
52150000	52199999	1.4882832787060605	0.8182546318727272	0.6700286468333333
52200000	52249999	1.5018228897727273	0.8182546318727272	0.6835682579000001
52250000	52299999	1.5005224725965367	0.8182546318727272	0.6822678407238095
52300000	52349999	1.4925497847441558	0.8182546318727272	0.6742951528714286
52350000	52399999	1.4949443470632033	0.8182546318727272	0.6766897151904762
52400000	52449999	1.478858347477489	0.8182546318727272	0.6606037156047618
52450000	52499999	1.4696792524060607	0.8182546318727272	0.6514246205333335
52500000	52549999	1.4606267794536796	0.8182546318727272	0.6423721475809524
52550000	52599999	1.4344982371965367	0.8182546318727272	0.6162436053238095
52600000	52649999	1.4247323276060606	0.8182546318727272	0.6064776957333334
52650000	52699999	1.394469954891775	0.8182546318727272	0.5762153230190478
52700000	52749999	1.4018516968632033	0.8182546318727272	0.5835970649904761
52750000	52799999	1.3710572446632034	0.8182546318727272	0.5528026127904763
52800000	52849999	1.345101285239394	0.8182546318727272	0.5268466533666668
52850000	52899999	1.3259252476441556	0.8182546318727272	0.5076706157714285
52900000	52949999	1.339284326434632	0.8182546318727272	0.5210296945619047
52950000	52999999	1.35469624032987	0.8182546318727272	0.5364416084571427
53000000	53049999	1.3524119913584414	0.8182546318727272	0.5341573594857142
53050000	53099999	1.3330958213155844	0.8182546318727272	0.5148411894428572
53100000	53149999	1.3196840451060605	0.8182546318727272	0.5014294132333333
53150000	53199999	1.320070224444156	0.8182546318727272	0.5018155925714288
53200000	53249999	1.305251797377489	0.8182546318727272	0.4869971655047619
53250000	53299999	1.2854490021346319	0.8182546318727272	0.4671943702619047
53300000	53349999	1.2682099996108223	0.8182546318727272	0.4499553677380951
53350000	53399999	1.274801104334632	0.8182546318727272	0.4565464724619047
53400000	53449999	1.2452996006060606	0.8182546318727272	0.4270449687333334
53450000	53499999	1.2180352094012985	0.8182546318727272	0.3997805775285713
53500000	53549999	1.1863498893393938	0.8182546318727272	0.3680952574666666
53550000	53599999	1.1708475420870128	0.8182546318727272	0.3525929102142856
53600000	53649999	1.1678555595060605	0.8182546318727272	0.3496009276333333
53650000	53699999	1.15187954582987	0.8182546318727272	0.3336249139571429
53700000	53749999	1.1587476467727271	0.8182546318727272	0.34049301489999995
53750000	53799999	1.1603876070536796	0.8182546318727272	0.3421329751809524
53800000	53849999	1.1547244867870128	0.8182546318727272	0.3364698549142856
53850000	53899999	1.1549587660774892	0.8182546318727272	0.336704134204762
53900000	53949999	1.1635496449536795	0.8182546318727272	0.34529501308095234
53950000	53999999	1.1451940533155844	0.8182546318727272	0.32693942144285726
54000000	54049999	1.150355783934632	0.8182546318727272	0.3321011520619047
54050000	54099999	1.1554104932012987	0.8182546318727272	0.33715586132857156
54100000	54149999	1.16382857952987	0.8182546318727272	0.3455739476571428
54150000	54199999	1.1703108162822509	0.8182546318727272	0.3520561844095237
54200000	54249999	1.1640624560917747	0.8182546318727272	0.34580782421904754
54250000	54299999	1.170759226172727	0.8182546318727272	0.3525045942999999
54300000	54349999	1.1582603777298701	0.8182546318727272	0.34000574585714294
54350000	54399999	1.1638070189203462	0.8182546318727272	0.34555238704761904
54400000	54449999	1.1669631318632034	0.8182546318727272	0.34870849999047626
54450000	54499999	1.1820649543965367	0.8182546318727272	0.3638103225238095
54500000	54549999	1.1778866078632033	0.8182546318727272	0.35963197599047614
54550000	54599999	1.1728129188822511	0.8182546318727272	0.35455828700952396
54600000	54649999	1.1802035498012986	0.8182546318727272	0.3619489179285714
54650000	54699999	1.1843421739917748	0.8182546318727272	0.3660875421190476
54700000	54749999	1.1972841263584413	0.8182546318727272	0.3790294944857141
54750000	54799999	1.1675935477536794	0.8182546318727272	0.3493389158809522
54800000	54849999	1.1327081443679652	0.8182546318727272	0.314453512495238
54850000	54899999	1.1106736496870129	0.8182546318727272	0.2924190178142857
54900000	54949999	1.0922229819632032	0.8182546318727272	0.27396835009047604
54950000	54999999	1.0622679153060606	0.8182546318727272	0.2440132834333334
55000000	55049999	1.0453803474060606	0.8182546318727272	0.22712571553333338
55050000	55099999	1.0296395334108224	0.8182546318727272	0.2113849015380952
55100000	55149999	1.0634858536489176	0.8182546318727272	0.2452312217761904
55150000	55199999	1.07266775222987	0.8182546318727272	0.2544131203571428
55200000	55249999	1.0636372154632034	0.8182546318727272	0.24538258359047627
55250000	55299999	1.039172026339394	0.8182546318727272	0.2209173944666668
55300000	55349999	1.0169203300727272	0.8182546318727272	0.19866569820000002
55350000	55399999	1.0048694464727272	0.8182546318727272	0.18661481460000007
55400000	55449999	0.9843349941632034	0.8182546318727272	0.16608036229047618
55450000	55499999	0.9586413263155844	0.8182546318727272	0.14038669444285723
55500000	55549999	0.9351368386489176	0.8182546318727272	0.11688220677619043
55550000	55599999	0.9221156413012986	0.8182546318727272	0.10386100942857146
55600000	55649999	0.9058336819679653	0.8182546318727272	0.08757905009523814
55650000	55699999	0.8759300979393938	0.8182546318727272	0.057675466066666625
55700000	55749999	0.8509147720060605	0.8182546318727272	0.03266014013333329
55750000	55799999	0.8168246138536795	0.8182546318727272	-0.0014300180190476297
55800000	55849999	0.8137409454727272	0.8182546318727272	-0.004513686399999939
55850000	55899999	0.8012548548679653	0.8182546318727272	-0.01699977700476185
55900000	55949999	0.786518947234632	0.8182546318727272	-0.031735684638095174
55950000	55999999	0.7691479978060605	0.8182546318727272	-0.04910663406666671
56000000	56049999	0.7599277973965367	0.8182546318727272	-0.05832683447619047
56050000	56099999	0.7516951791965367	0.8182546318727272	-0.06655945267619046
56100000	56149999	0.7165337879108225	0.8182546318727272	-0.10172084396190473
56150000	56199999	0.6511207303584414	0.8182546318727272	-0.16713390151428575
56200000	56249999	0.6116403582155843	0.8182546318727272	-0.2066142736571429
56250000	56299999	0.5844076852441558	0.8182546318727272	-0.23384694662857142
56300000	56349999	0.5730212507393939	0.8182546318727272	-0.24523338113333326
56350000	56399999	0.5644773708584414	0.8182546318727272	-0.25377726101428577
56400000	56449999	0.5555491528774891	0.8182546318727272	-0.2627054789952381
56450000	56499999	0.5499478000679652	0.8182546318727272	-0.268306831804762
56500000	56549999	0.5476208187584414	0.8182546318727272	-0.2706338131142858
56550000	56599999	0.5534836853060605	0.8182546318727272	-0.26477094656666667
56600000	56649999	0.5617162811774891	0.8182546318727272	-0.2565383506952381
56650000	56699999	0.5750038977536795	0.8182546318727272	-0.24325073411904763
56700000	56749999	0.5969047849679652	0.8182546318727272	-0.221349846904762
56750000	56799999	0.6043096361632033	0.8182546318727272	-0.21394499570952386
56800000	56849999	0.6192631014060606	0.8182546318727272	-0.19899153046666662
56850000	56899999	0.6211882781346318	0.8182546318727272	-0.19706635373809533
56900000	56949999	0.6280017077393938	0.8182546318727272	-0.1902529241333334
56950000	56999999	0.6321773965012986	0.8182546318727272	-0.18607723537142862
57000000	57049999	0.6471366939060605	0.8182546318727272	-0.17111793796666663
57050000	57099999	0.653797020577489	0.8182546318727272	-0.16445761129523817
57100000	57149999	0.6678189700965367	0.8182546318727272	-0.1504356617761905
57150000	57199999	0.6842842262012986	0.8182546318727272	-0.1339704056714286
57200000	57249999	0.6929098794536795	0.8182546318727272	-0.12534475241904763
57250000	57299999	0.7062818749346319	0.8182546318727272	-0.11197275693809527
57300000	57349999	0.7150011876251081	0.8182546318727272	-0.10325344424761906
57350000	57399999	0.7233232075251081	0.8182546318727272	-0.09493142434761903
57400000	57449999	0.7296874721441557	0.8182546318727272	-0.08856715972857143
57450000	57499999	0.7276048665203462	0.8182546318727272	-0.090649765352381
57500000	57549999	0.720943352582251	0.8182546318727272	-0.09731127929047623
57550000	57599999	0.7270117363012986	0.8182546318727272	-0.09124289557142862
57600000	57649999	0.726548005482251	0.8182546318727272	-0.09170662639047622
57650000	57699999	0.716506461882251	0.8182546318727272	-0.1017481699904762
57700000	57749999	0.708487851134632	0.8182546318727272	-0.1097667807380952
57750000	57799999	0.6950902926679653	0.8182546318727272	-0.12316433920476189
57800000	57849999	0.6864925567251081	0.8182546318727272	-0.13176207514761906
57850000	57899999	0.6745884267108224	0.8182546318727272	-0.14366620516190476
57900000	57949999	0.6728857344870129	0.8182546318727272	-0.14536889738571424
57950000	57999999	0.6762171970108224	0.8182546318727272	-0.1420374348619048
58000000	58049999	0.6700177087870128	0.8182546318727272	-0.14823692308571434
58050000	58099999	0.6610831996774891	0.8182546318727272	-0.1571714321952381
58100000	58149999	0.6539289067489177	0.8182546318727272	-0.1643257251238095
58150000	58199999	0.6418470624203463	0.8182546318727272	-0.1764075694523809
58200000	58249999	0.6236405710536795	0.8182546318727272	-0.19461406081904764
58250000	58299999	0.624561845182251	0.8182546318727272	-0.19369278669047618
58300000	58349999	0.6142278596632034	0.8182546318727272	-0.2040267722095238
58350000	58399999	0.6200258670870129	0.8182546318727272	-0.19822876478571427
58400000	58449999	0.6258717206441557	0.8182546318727272	-0.19238291122857143
58450000	58499999	0.6589780057870129	0.8182546318727272	-0.15927662608571425
58500000	58549999	0.6778664019060605	0.8182546318727272	-0.14038822996666667
58550000	58599999	0.6913473752965367	0.8182546318727272	-0.1269072565761905
58600000	58649999	0.7162111941060605	0.8182546318727272	-0.10204343776666669
58650000	58699999	0.7317942871203462	0.8182546318727272	-0.08646034475238096
58700000	58749999	0.7514795994870129	0.8182546318727272	-0.06677503238571425
58750000	58799999	0.7658137143203463	0.8182546318727272	-0.052440917552380895
58800000	58849999	0.7961487060536796	0.8182546318727272	-0.022105925819047578
58850000	58899999	0.8284608844774891	0.8182546318727272	0.010206252604761934
58900000	58949999	0.8436365230251082	0.8182546318727272	0.025381891152380986
58950000	58999999	0.8602874335251081	0.8182546318727272	0.04203280165238088
59000000	59049999	0.8766738664108225	0.8182546318727272	0.05841923453809528
59050000	59099999	0.9076129275203462	0.8182546318727272	0.08935829564761899
59100000	59149999	0.9257841053917748	0.8182546318727272	0.10752947351904762
59150000	59199999	0.9374704195441558	0.8182546318727272	0.1192157876714286
59200000	59249999	0.9458779844870129	0.8182546318727272	0.1276233526142857
59250000	59299999	0.9653176638489177	0.8182546318727272	0.14706303197619053
59300000	59349999	0.9645856921251081	0.8182546318727272	0.14633106025238096
59350000	59399999	0.995961310482251	0.8182546318727272	0.17770667860952383
59400000	59449999	1.0013243883108225	0.8182546318727272	0.1830697564380953
59450000	59499999	1.0044501369251082	0.8182546318727272	0.18619550505238103
59500000	59549999	0.9741161522584414	0.8182546318727272	0.15586152038571421
59550000	59599999	0.9627946992108224	0.8182546318727272	0.1445400673380952
59600000	59649999	0.9613450960346319	0.8182546318727272	0.14309046416190474
59650000	59699999	0.944693240577489	0.8182546318727272	0.12643860870476187
59700000	59749999	0.9414809586632034	0.8182546318727272	0.12322632679047618
59750000	59799999	0.9483008468155844	0.8182546318727272	0.13004621494285717
59800000	59849999	0.9525153125251081	0.8182546318727272	0.13426068065238095
59850000	59899999	0.9192871231870129	0.8182546318727272	0.10103249131428571
59900000	59949999	0.8926481189108224	0.8182546318727272	0.07439348703809523
59950000	59999999	0.8892014174536795	0.8182546318727272	0.07094678558095235
60000000	60049999	0.8702258854870129	0.8182546318727272	0.05197125361428567
60050000	60099999	0.8535147886679653	0.8182546318727272	0.035260156795238085
60100000	60149999	0.8254352583012986	0.8182546318727272	0.007180626428571424
60150000	60199999	0.8081707980108224	0.8182546318727272	-0.010083833861904812
60200000	60249999	0.7953913667155843	0.8182546318727272	-0.022863265157142876
60250000	60299999	0.7935518635679653	0.8182546318727272	-0.024702768304761924
60300000	60349999	0.7754082662489177	0.8182546318727272	-0.0428463656238095
60350000	60399999	0.7781844579489177	0.8182546318727272	-0.040070173923809516
60400000	60449999	0.746563191234632	0.8182546318727272	-0.07169144063809518
60450000	60499999	0.735242466334632	0.8182546318727272	-0.0830121655380952
60500000	60549999	0.7343467787012986	0.8182546318727272	-0.08390785317142857
60550000	60599999	0.7369200151489177	0.8182546318727272	-0.08133461672380948
60600000	60649999	0.7291714981108224	0.8182546318727272	-0.0890831337619048
60650000	60699999	0.7279051955965367	0.8182546318727272	-0.09034943627619052
60700000	60749999	0.7193530206679652	0.8182546318727272	-0.09890161120476193
60750000	60799999	0.7155772611251081	0.8182546318727272	-0.10267737074761907
60800000	60849999	0.7217826452965367	0.8182546318727272	-0.0964719865761905
60850000	60899999	0.7144711434822509	0.8182546318727272	-0.10378348839047624
60900000	60949999	0.7405464844203462	0.8182546318727272	-0.07770814745238097
60950000	60999999	0.7595319550489177	0.8182546318727272	-0.058722676823809494
61000000	61049999	0.7691283911393938	0.8182546318727272	-0.04912624073333338
61050000	61099999	0.8377579277012985	0.8182546318727272	0.019503295828571354
61100000	61149999	0.8691160955393938	0.8182546318727272	0.05086146366666666
61150000	61199999	0.9094697677584415	0.8182546318727272	0.09121513588571428
61200000	61249999	0.966785404082251	0.8182546318727272	0.14853077220952382
61250000	61299999	1.0053451840727272	0.8182546318727272	0.18709055220000004
61300000	61349999	1.0277761214536796	0.8182546318727272	0.2095214895809524
61350000	61399999	1.058517455977489	0.8182546318727272	0.24026282410476185
61400000	61449999	1.0665879372203462	0.8182546318727272	0.248333305347619
61450000	61499999	1.07864023272987	0.8182546318727272	0.2603856008571429
61500000	61549999	1.0862114373108223	0.8182546318727272	0.2679568054380951
61550000	61599999	1.08814014522987	0.8182546318727272	0.26988551335714284
61600000	61649999	1.0900518213060606	0.8182546318727272	0.2717971894333334
61650000	61699999	1.10881297812987	0.8182546318727272	0.2905583462571427
61700000	61749999	1.110961725282251	0.8182546318727272	0.29270709340952383
61750000	61799999	1.1192555004203462	0.8182546318727272	0.301000868547619
61800000	61849999	1.117202639925108	0.8182546318727272	0.29894800805238086
61850000	61899999	1.094837805239394	0.8182546318727272	0.2765831733666667
61900000	61949999	1.0916269009536796	0.8182546318727272	0.27337226908095247
61950000	61999999	1.0731873368536795	0.8182546318727272	0.25493270498095233
62000000	62049999	1.058450381282251	0.8182546318727272	0.24019574940952382
62050000	62099999	1.0414280043965367	0.8182546318727272	0.22317337252380953
62100000	62149999	0.9751656803441557	0.8182546318727272	0.15691104847142856
62150000	62199999	0.9351916746441558	0.8182546318727272	0.11693704277142858
62200000	62249999	0.892795387382251	0.8182546318727272	0.07454075550952377
62250000	62299999	0.8387406937108224	0.8182546318727272	0.020486061838095204
62300000	62349999	0.8065771583393938	0.8182546318727272	-0.011677473533333371
62350000	62399999	0.7895517514727272	0.8182546318727272	-0.02870288040000002
62400000	62449999	0.778624265982251	0.8182546318727272	-0.039630365890476194
62450000	62499999	0.8067446831965367	0.8182546318727272	-0.011509948676190485
62500000	62549999	0.839470875934632	0.8182546318727272	0.02121624406190481
62550000	62599999	0.8735788215060605	0.8182546318727272	0.0553241896333333
62600000	62649999	0.9456350476012986	0.8182546318727272	0.1273804157285714
62650000	62699999	0.9445227780584414	0.8182546318727272	0.12626814618571425
62700000	62749999	0.9420444957870129	0.8182546318727272	0.1237898639142857
62750000	62799999	0.9658354214679653	0.8182546318727272	0.14758078959523813
62800000	62849999	1.0019400443203463	0.8182546318727272	0.18368541244761916
62850000	62899999	1.004160104882251	0.8182546318727272	0.18590547300952387
62900000	62949999	1.0015455639727273	0.8182546318727272	0.18329093210000014
62950000	62999999	0.9972631578489177	0.8182546318727272	0.17900852597619055
63000000	63049999	0.9960040858965368	0.8182546318727272	0.1777494540238096
63050000	63099999	1.0113770133965367	0.8182546318727272	0.19312238152380956
63100000	63149999	1.0249811304441558	0.8182546318727272	0.20672649857142866
63150000	63199999	1.0374699259584415	0.8182546318727272	0.21921529408571427
63200000	63249999	1.0563329341298702	0.8182546318727272	0.238078302257143
63250000	63299999	1.0618129313203462	0.8182546318727272	0.24355829944761898
63300000	63349999	1.0757757451012986	0.8182546318727272	0.2575211132285714
63350000	63399999	1.1048950056584415	0.8182546318727272	0.2866403737857143
63400000	63449999	1.1116476102536796	0.8182546318727272	0.29339297838095246
63450000	63499999	1.1374721757489177	0.8182546318727272	0.3192175438761905
63500000	63549999	1.1246137788727273	0.8182546318727272	0.3063591470000001
63550000	63599999	1.0906139232108223	0.8182546318727272	0.2723592913380951
63600000	63649999	1.047387936482251	0.8182546318727272	0.22913330460952375
63650000	63699999	0.9616993404108225	0.8182546318727272	0.14344470853809532
63700000	63749999	0.948156952534632	0.8182546318727272	0.12990232066190477
63750000	63799999	0.9341668204727271	0.8182546318727272	0.11591218859999997
63800000	63849999	0.9154951378012985	0.8182546318727272	0.09724050592857136
63850000	63899999	0.8687299243489177	0.8182546318727272	0.050475292476190536
63900000	63949999	0.871514377182251	0.8182546318727272	0.05325974530952382
63950000	63999999	0.8777885823870129	0.8182546318727272	0.05953395051428567
64000000	64049999	0.8811482250393938	0.8182546318727272	0.06289359316666665
64050000	64099999	0.8798816323203462	0.8182546318727272	0.06162700044761904
64100000	64149999	0.8667618437632033	0.8182546318727272	0.04850721189047613
64150000	64199999	0.8506791969917747	0.8182546318727272	0.032424565119047566
64200000	64249999	0.8454493456536796	0.8182546318727272	0.027194713780952395
64250000	64299999	0.8371107005441557	0.8182546318727272	0.018856068671428527
64300000	64349999	0.8324480334870129	0.8182546318727272	0.014193401614285728
64350000	64399999	0.8180620443060606	0.8182546318727272	-0.00019258756666662435
64400000	64449999	0.7832190813489176	0.8182546318727272	-0.03503555052380958
64450000	64499999	0.7703768086203462	0.8182546318727272	-0.04787782325238099
64500000	64549999	0.7438893055584415	0.8182546318727272	-0.07436532631428572
64550000	64599999	0.7242085260870129	0.8182546318727272	-0.09404610578571426
64600000	64649999	0.734278563034632	0.8182546318727272	-0.08397606883809516
64650000	64699999	0.7430258949870129	0.8182546318727272	-0.0752287368857143
64700000	64749999	0.7777996841965367	0.8182546318727272	-0.04045494767619051
64750000	64799999	0.8162441951012986	0.8182546318727272	-0.0020104367714285365
64800000	64849999	0.8322863196251081	0.8182546318727272	0.01403168775238095
64850000	64899999	0.848581790634632	0.8182546318727272	0.030327158761904838
64900000	64949999	0.8755516434965367	0.8182546318727272	0.05729701162380951
64950000	64999999	0.8800311560489177	0.8182546318727272	0.061776524176190506
65000000	65049999	0.8915153592536795	0.8182546318727272	0.07326072738095235
65050000	65099999	0.8929769264870129	0.8182546318727272	0.0747222946142857
65100000	65149999	0.9089351199108224	0.8182546318727272	0.09068048803809525
65150000	65199999	0.9317060093632034	0.8182546318727272	0.11345137749047618
65200000	65249999	0.9652187372679653	0.8182546318727272	0.14696410539523808
65250000	65299999	0.988320308282251	0.8182546318727272	0.17006567640952386
65300000	65349999	1.0135848323917749	0.8182546318727272	0.1953302005190477
65350000	65399999	1.0635413330536796	0.8182546318727272	0.24528670118095242
65400000	65449999	1.0919308776774892	0.8182546318727272	0.273676245804762
65450000	65499999	1.14251984342987	0.8182546318727272	0.32426521155714283
65500000	65549999	1.158713141877489	0.8182546318727272	0.3404585100047618
65550000	65599999	1.2050689901536795	0.8182546318727272	0.38681435828095234
65600000	65649999	1.2348237543441558	0.8182546318727272	0.41656912247142863
65650000	65699999	1.233389366482251	0.8182546318727272	0.4151347346095239
65700000	65749999	1.247287319787013	0.8182546318727272	0.4290326879142857
65750000	65799999	1.240636854734632	0.8182546318727272	0.42238222286190485
65800000	65849999	1.2232016563108226	0.8182546318727272	0.4049470244380954
65850000	65899999	1.2362658218155844	0.8182546318727272	0.41801118994285724
65900000	65949999	1.2329942144727273	0.8182546318727272	0.4147395826000001
65950000	65999999	1.2191473977584415	0.8182546318727272	0.4008927658857143
66000000	66049999	1.2106950190155845	0.8182546318727272	0.39244038714285734
66050000	66099999	1.2039146195489177	0.8182546318727272	0.3856599876761905
66100000	66149999	1.2025226832727274	0.8182546318727272	0.3842680514000002
66150000	66199999	1.1824487677108224	0.8182546318727272	0.36419413583809523
66200000	66249999	1.1622900089632033	0.8182546318727272	0.34403537709047616
66250000	66299999	1.139184162634632	0.8182546318727272	0.3209295307619048
66300000	66349999	1.1165026389060606	0.8182546318727272	0.29824800703333343
66350000	66399999	1.0856664800346318	0.8182546318727272	0.26741184816190466
66400000	66449999	1.0420198378632033	0.8182546318727272	0.2237652059904761
66450000	66499999	1.0304840472108223	0.8182546318727272	0.21222941533809514
66500000	66549999	1.0015052179632034	0.8182546318727272	0.18325058609047618
66550000	66599999	0.9954961468489176	0.8182546318727272	0.17724151497619045
66600000	66649999	0.9462653697536796	0.8182546318727272	0.1280107378809524
66650000	66699999	0.92786040282987	0.8182546318727272	0.10960577095714286
66700000	66749999	0.9505942743108224	0.8182546318727272	0.13233964243809526
66750000	66799999	0.9561291652060605	0.8182546318727272	0.13787453333333333
66800000	66849999	0.9644137832632034	0.8182546318727272	0.1461591513904762
66850000	66899999	0.9722960172108224	0.8182546318727272	0.1540413853380952
66900000	66949999	0.9921816470965368	0.8182546318727272	0.1739270152238096
66950000	66999999	1.0008583828536797	0.8182546318727272	0.1826037509809525
67000000	67049999	0.99450384112987	0.8182546318727272	0.17624920925714282
67050000	67099999	1.019723127982251	0.8182546318727272	0.20146849610952378
67100000	67149999	1.035092566577489	0.8182546318727272	0.21683793470476187
67150000	67199999	1.0462888954012985	0.8182546318727272	0.22803426352857137
67200000	67249999	1.0690941634489177	0.8182546318727272	0.25083953157619054
67250000	67299999	1.0730080095727272	0.8182546318727272	0.25475337770000006
67300000	67349999	1.0803387031679652	0.8182546318727272	0.26208407129523803
67350000	67399999	1.0888976299155844	0.8182546318727272	0.2706429980428572
67400000	67449999	1.1095868437917749	0.8182546318727272	0.2913322119190477
67450000	67499999	1.1293992928012986	0.8182546318727272	0.3111446609285714
67500000	67549999	1.1299575785108225	0.8182546318727272	0.3117029466380953
67550000	67599999	1.1357783478489176	0.8182546318727272	0.31752371597619045
67600000	67649999	1.1647784251727271	0.8182546318727272	0.34652379329999994
67650000	67699999	1.175423236734632	0.8182546318727272	0.3571686048619048
67700000	67749999	1.190348976377489	0.8182546318727272	0.37209434450476186
67750000	67799999	1.1677240376012987	0.8182546318727272	0.34946940572857155
67800000	67849999	1.1687134386441558	0.8182546318727272	0.3504588067714286
67850000	67899999	1.1675051057965367	0.8182546318727272	0.3492504739238095
67900000	67949999	1.1648170505155844	0.8182546318727272	0.3465624186428572
67950000	67999999	1.1358595834441558	0.8182546318727272	0.31760495157142865
68000000	68049999	1.1182024702489177	0.8182546318727272	0.29994783837619055
68050000	68099999	1.118714655687013	0.8182546318727272	0.3004600238142857
68100000	68149999	1.0881439280108225	0.8182546318727272	0.2698892961380953
68150000	68199999	1.0658586979584415	0.8182546318727272	0.24760406608571428
68200000	68249999	1.0481912280965366	0.8182546318727272	0.22993659622380946
68250000	68299999	1.0272679901012987	0.8182546318727272	0.20901335822857148
68300000	68349999	1.0186554689441558	0.8182546318727272	0.20040083707142864
68350000	68399999	1.0023373249632033	0.8182546318727272	0.1840826930904761
68400000	68449999	1.000873654287013	0.8182546318727272	0.18261902241428574
68450000	68499999	0.9936559527774891	0.8182546318727272	0.1754013209047619
68500000	68549999	0.9741122121108224	0.8182546318727272	0.15585758023809526
68550000	68599999	0.9628471407060606	0.8182546318727272	0.1445925088333334
68600000	68649999	0.9446531595774891	0.8182546318727272	0.1263985277047619
68650000	68699999	0.8966570655584415	0.8182546318727272	0.07840243368571431
68700000	68749999	0.8645197015203462	0.8182546318727272	0.046265069647619006
68750000	68799999	0.8205893190965367	0.8182546318727272	0.002334687223809473
68800000	68849999	0.7954340090965367	0.8182546318727272	-0.022820622776190458
68850000	68899999	0.7550266146774891	0.8182546318727272	-0.06322801719523807
68900000	68949999	0.7179405623917748	0.8182546318727272	-0.10031406948095234
68950000	68999999	0.6970641890774891	0.8182546318727272	-0.12119044279523805
69000000	69049999	0.666905137777489	0.8182546318727272	-0.15134949409523812
69050000	69099999	0.6439965724489176	0.8182546318727272	-0.17425805942380956
69100000	69149999	0.6400384802632033	0.8182546318727272	-0.17821615160952387
69150000	69199999	0.6427443812870128	0.8182546318727272	-0.17551025058571434
69200000	69249999	0.6419457794870129	0.8182546318727272	-0.17630885238571425
69250000	69299999	0.6421020359965367	0.8182546318727272	-0.17615259587619048
69300000	69349999	0.6349269986584415	0.8182546318727272	-0.1833276332142857
69350000	69399999	0.6353705296346319	0.8182546318727272	-0.18288410223809526
69400000	69449999	0.6433688077917747	0.8182546318727272	-0.17488582408095243
69450000	69499999	0.6367477624155843	0.8182546318727272	-0.1815068694571429
69500000	69549999	0.6281441110536796	0.8182546318727272	-0.19011052081904756
69550000	69599999	0.6473255546155843	0.8182546318727272	-0.1709290772571429
69600000	69649999	0.6566677624155843	0.8182546318727272	-0.16158686945714285
69650000	69699999	0.6610818007012986	0.8182546318727272	-0.15717283117142855
69700000	69749999	0.6762596202012986	0.8182546318727272	-0.14199501167142858
69750000	69799999	0.6871731147822511	0.8182546318727272	-0.1310815170904761
69800000	69849999	0.6992936732393938	0.8182546318727272	-0.11896095863333334
69850000	69899999	0.7120704598917749	0.8182546318727272	-0.10618417198095231
69900000	69949999	0.7406667337679653	0.8182546318727272	-0.07758789810476185
69950000	69999999	0.7742733244298701	0.8182546318727272	-0.04398130744285711
70000000	70049999	0.8220600767727272	0.8182546318727272	0.00380544490000001
70050000	70099999	0.8686407479251081	0.8182546318727272	0.05038611605238097
70100000	70149999	0.9236466155774891	0.8182546318727272	0.10539198370476188
70150000	70199999	0.9590307799441558	0.8182546318727272	0.14077614807142858
70200000	70249999	0.9890684855203462	0.8182546318727272	0.17081385364761903
70250000	70299999	1.0202013156917749	0.8182546318727272	0.20194668381904768
70300000	70349999	1.0386361013060605	0.8182546318727272	0.22038146943333337
70350000	70399999	1.0636216521441557	0.8182546318727272	0.24536702027142854
70400000	70449999	1.0730775118155844	0.8182546318727272	0.25482287994285724
70450000	70499999	1.0974257957917748	0.8182546318727272	0.2791711639190476
70500000	70549999	1.108331490687013	0.8182546318727272	0.2900768588142858
70550000	70599999	1.1085325138536795	0.8182546318727272	0.2902778819809523
70600000	70649999	1.1301289763108224	0.8182546318727272	0.31187434443809525
70650000	70699999	1.1434513115774891	0.8182546318727272	0.32519667970476196
70700000	70749999	1.154993291434632	0.8182546318727272	0.33673865956190474
70750000	70799999	1.1553232082251081	0.8182546318727272	0.33706857635238097
70800000	70849999	1.174547090577489	0.8182546318727272	0.3562924587047619
70850000	70899999	1.1910518579203462	0.8182546318727272	0.372797226047619
70900000	70949999	1.207976393891775	0.8182546318727272	0.38972176201904773
70950000	70999999	1.218003802777489	0.8182546318727272	0.3997491709047619
71000000	71049999	1.2214381340489175	0.8182546318727272	0.40318350217619037
71050000	71099999	1.1781272364155844	0.8182546318727272	0.3598726045428572
71100000	71149999	1.1346450810203463	0.8182546318727272	0.31639044914761916
71150000	71199999	1.0816046926822511	0.8182546318727272	0.26335006080952394
71200000	71249999	1.0445831565155843	0.8182546318727272	0.22632852464285713
71250000	71299999	1.0075459646298701	0.8182546318727272	0.18929133275714294
71300000	71349999	0.9668951464108224	0.8182546318727272	0.14864051453809524
71350000	71399999	0.94528076072987	0.8182546318727272	0.12702612885714282
71400000	71449999	0.9305851905965367	0.8182546318727272	0.11233055872380948
71450000	71499999	0.9054989113917749	0.8182546318727272	0.08724427951904767
71500000	71549999	0.8797951203727272	0.8182546318727272	0.061540488500000046
71550000	71599999	0.8543653123679653	0.8182546318727272	0.036110680495238134
71600000	71649999	0.8508126064108225	0.8182546318727272	0.03255797453809528
71650000	71699999	0.8049048121346319	0.8182546318727272	-0.013349819738095237
71700000	71749999	0.7809526260632034	0.8182546318727272	-0.03730200580952381
71750000	71799999	0.7629912496060605	0.8182546318727272	-0.055263382266666716
71800000	71849999	0.7507090776584414	0.8182546318727272	-0.06754555421428576
71850000	71899999	0.7237201759203462	0.8182546318727272	-0.09453445595238097
71900000	71949999	0.703397603582251	0.8182546318727272	-0.11485702829047617
71950000	71999999	0.6857323831346319	0.8182546318727272	-0.13252224873809526
72000000	72049999	0.6620311133489176	0.8182546318727272	-0.15622351852380956
72050000	72099999	0.6375640858917748	0.8182546318727272	-0.18069054598095236
72100000	72149999	0.6290968215060605	0.8182546318727272	-0.18915781036666668
72150000	72199999	0.6371604075727272	0.8182546318727272	-0.1810942243
72200000	72249999	0.6428939478155844	0.8182546318727272	-0.17536068405714278
72250000	72299999	0.6224845826108224	0.8182546318727272	-0.19577004926190478
72300000	72349999	0.6131483646965368	0.8182546318727272	-0.2051062671761904
72350000	72399999	0.6133724086346319	0.8182546318727272	-0.20488222323809524
72400000	72449999	0.610633124882251	0.8182546318727272	-0.2076215069904762
72450000	72499999	0.6034300319060606	0.8182546318727272	-0.21482459996666659
72500000	72549999	0.607129560534632	0.8182546318727272	-0.21112507133809522
72550000	72599999	0.5991201259012986	0.8182546318727272	-0.21913450597142858
72600000	72649999	0.6013294513155842	0.8182546318727272	-0.21692518055714294
72650000	72699999	0.5971791805965367	0.8182546318727272	-0.22107545127619044
72700000	72749999	0.6071654720536795	0.8182546318727272	-0.21108915981904763
72750000	72799999	0.6003122872965367	0.8182546318727272	-0.21794234457619044
72800000	72849999	0.6006523462870128	0.8182546318727272	-0.21760228558571437
72850000	72899999	0.5961820299393938	0.8182546318727272	-0.22207260193333334
72900000	72949999	0.5960772846632034	0.8182546318727272	-0.22217734720952376
72950000	72999999	0.5929755551870128	0.8182546318727272	-0.22527907668571434
73000000	73049999	0.5906346470108224	0.8182546318727272	-0.22761998486190482
73050000	73099999	0.5872750333679653	0.8182546318727272	-0.2309795985047619
73100000	73149999	0.5740854346632034	0.8182546318727272	-0.2441691972095238
73150000	73199999	0.5754580593346319	0.8182546318727272	-0.24279657253809528
73200000	73249999	0.5756714922441557	0.8182546318727272	-0.24258313962857148
73250000	73299999	0.5720374187012986	0.8182546318727272	-0.24621721317142853
73300000	73349999	0.5956474228108224	0.8182546318727272	-0.2226072090619048
73350000	73399999	0.601155566377489	0.8182546318727272	-0.21709906549523816
73400000	73449999	0.6020838306489176	0.8182546318727272	-0.2161708012238096
73450000	73499999	0.5994561983012986	0.8182546318727272	-0.21879843357142859
73500000	73549999	0.6031895683584414	0.8182546318727272	-0.21506506351428578
73550000	73599999	0.6074420158632033	0.8182546318727272	-0.21081261600952383
73600000	73649999	0.6113541031060605	0.8182546318727272	-0.20690052876666665
73650000	73699999	0.6089363970489177	0.8182546318727272	-0.2093182348238095
73700000	73749999	0.6166989032251081	0.8182546318727272	-0.20155572864761906
73750000	73799999	0.6127216255012986	0.8182546318727272	-0.20553300637142857
73800000	73849999	0.6223833509298701	0.8182546318727272	-0.1958712809428571
73850000	73899999	0.627415502534632	0.8182546318727272	-0.19083912933809521
73900000	73949999	0.64100355432987	0.8182546318727272	-0.17725107754285718
73950000	73999999	0.6460413010203462	0.8182546318727272	-0.172213330852381
74000000	74049999	0.6529510091012987	0.8182546318727272	-0.16530362277142852
74050000	74099999	0.65149433082987	0.8182546318727272	-0.16676030104285722
74100000	74149999	0.6536935833727272	0.8182546318727272	-0.16456104849999997
74150000	74199999	0.6613842403441558	0.8182546318727272	-0.1568703915285714
74200000	74249999	0.6599243248441558	0.8182546318727272	-0.15833030702857143
74250000	74299999	0.6661493736060605	0.8182546318727272	-0.15210525826666665
74300000	74349999	0.6638378857060605	0.8182546318727272	-0.15441674616666667
74350000	74399999	0.6546358367489177	0.8182546318727272	-0.1636187951238095
74400000	74449999	0.6477455219108225	0.8182546318727272	-0.17050910996190471
74450000	74499999	0.644059109782251	0.8182546318727272	-0.17419552209047617
74500000	74549999	0.643942765182251	0.8182546318727272	-0.17431186669047616
74550000	74599999	0.6447073541393938	0.8182546318727272	-0.17354727773333334
74600000	74649999	0.6509688466108224	0.8182546318727272	-0.16728578526190474
74650000	74699999	0.6568973344155843	0.8182546318727272	-0.1613572974571429
74700000	74749999	0.6672944903203462	0.8182546318727272	-0.15096014155238102
74750000	74799999	0.6713726401536796	0.8182546318727272	-0.1468819917190476
74800000	74849999	0.6641586944536796	0.8182546318727272	-0.1540959374190476
74850000	74899999	0.6595410629441557	0.8182546318727272	-0.15871356892857147
74900000	74949999	0.6528240340965368	0.8182546318727272	-0.1654305977761904
74950000	74999999	0.6421798280155844	0.8182546318727272	-0.1760748038571428
75000000	75049999	0.6449927267393938	0.8182546318727272	-0.1732619051333334
75050000	75099999	0.6391299244679652	0.8182546318727272	-0.17912470740476194
75100000	75149999	0.6406862716727272	0.8182546318727272	-0.1775683602
75150000	75199999	0.6673715796965367	0.8182546318727272	-0.15088305217619047
75200000	75249999	0.6882594091251082	0.8182546318727272	-0.129995222747619
75250000	75299999	0.7299092498727272	0.8182546318727272	-0.08834538199999997
75300000	75349999	0.7376511908346319	0.8182546318727272	-0.08060344103809525
75350000	75399999	0.7558533691774891	0.8182546318727272	-0.06240126269523805
75400000	75449999	0.791767546582251	0.8182546318727272	-0.026487085290476164
75450000	75499999	0.831638895182251	0.8182546318727272	0.013384263309523803
75500000	75549999	0.8727252216155843	0.8182546318727272	0.05447058974285712
75550000	75599999	0.8853750835251082	0.8182546318727272	0.06712045165238101
75600000	75649999	0.9083874888774891	0.8182546318727272	0.09013285700476192
75650000	75699999	0.9245303425965368	0.8182546318727272	0.10627571072380959
75700000	75749999	0.9341170308965367	0.8182546318727272	0.11586239902380957
75750000	75799999	0.9560846650489176	0.8182546318727272	0.13783003317619047
75800000	75849999	0.9579183403060605	0.8182546318727272	0.1396637084333333
75850000	75899999	0.9853381637727272	0.8182546318727272	0.16708353190000003
75900000	75949999	0.9887032620108225	0.8182546318727272	0.1704486301380953
75950000	75999999	1.0003853165012986	0.8182546318727272	0.1821306846285714
76000000	76049999	1.0042648774727272	0.8182546318727272	0.1860102456
76050000	76099999	0.9954156031632033	0.8182546318727272	0.17716097129047614
76100000	76149999	0.991559752182251	0.8182546318727272	0.17330512030952383
76150000	76199999	0.9863567580965368	0.8182546318727272	0.1681021262238096
76200000	76249999	0.9483837048393939	0.8182546318727272	0.13012907296666676
76250000	76299999	0.9204048947679653	0.8182546318727272	0.1021502628952381
76300000	76349999	0.8788545891489177	0.8182546318727272	0.0605999572761905
76350000	76399999	0.8675877990679652	0.8182546318727272	0.04933316719523806
76400000	76449999	0.8491832611393939	0.8182546318727272	0.03092862926666673
76450000	76499999	0.815827741782251	0.8182546318727272	-0.0024268900904761415
76500000	76549999	0.7863335075965368	0.8182546318727272	-0.03192112427619043
76550000	76599999	0.7506297370441557	0.8182546318727272	-0.06762489482857148
76600000	76649999	0.7388666064965367	0.8182546318727272	-0.0793880253761905
76650000	76699999	0.7076352603441558	0.8182546318727272	-0.11061937152857138
76700000	76749999	0.6826300265536795	0.8182546318727272	-0.13562460531904763
76750000	76799999	0.6635299010917748	0.8182546318727272	-0.1547247307809524
76800000	76849999	0.6328499537108224	0.8182546318727272	-0.18540467816190476
76850000	76899999	0.6201228651727272	0.8182546318727272	-0.1981317667
76900000	76949999	0.5918106637060605	0.8182546318727272	-0.22644396816666668
76950000	76999999	0.5779568208060605	0.8182546318727272	-0.2402978110666667
77000000	77049999	0.5680044160774891	0.8182546318727272	-0.2502502157952381
77050000	77099999	0.5829832572584415	0.8182546318727272	-0.2352713746142857
77100000	77149999	0.6131314742489177	0.8182546318727272	-0.2051231576238095
77150000	77199999	0.6408828076108224	0.8182546318727272	-0.1773718242619048
77200000	77249999	0.6512569357441558	0.8182546318727272	-0.1669976961285714
77250000	77299999	0.6752279700870129	0.8182546318727272	-0.14302666178571433
77300000	77349999	0.6995171989489176	0.8182546318727272	-0.11873743292380956
77350000	77399999	0.7051209403489176	0.8182546318727272	-0.11313369152380959
77400000	77449999	0.71203774102987	0.8182546318727272	-0.10621689084285713
77450000	77499999	0.7183032650774891	0.8182546318727272	-0.09995136679523808
77500000	77549999	0.7431188726012986	0.8182546318727272	-0.07513575927142857
77550000	77599999	0.7849886997584414	0.8182546318727272	-0.033265932114285746
77600000	77649999	0.8173472478441558	0.8182546318727272	-0.0009073840285713786
77650000	77699999	0.8429365978489176	0.8182546318727272	0.024681965976190434
77700000	77749999	0.8717030881441558	0.8182546318727272	0.05344845627142858
77750000	77799999	0.8925950227489177	0.8182546318727272	0.07434039087619049
77800000	77849999	0.9119589634155844	0.8182546318727272	0.09370433154285718
77850000	77899999	0.9237219056251081	0.8182546318727272	0.10546727375238096
77900000	77949999	0.9582151355965367	0.8182546318727272	0.13996050372380953
77950000	77999999	1.0041738672965368	0.8182546318727272	0.18591923542380961
78000000	78049999	1.028127953282251	0.8182546318727272	0.20987332140952375
78050000	78099999	1.0417641838917748	0.8182546318727272	0.22350955201904765
78100000	78149999	1.0295687962393938	0.8182546318727272	0.2113141643666666
78150000	78199999	0.9995897180251081	0.8182546318727272	0.18133508615238092
78200000	78249999	0.9701226625108225	0.8182546318727272	0.15186803063809529
78250000	78299999	0.9602998294155843	0.8182546318727272	0.14204519754285716
78300000	78349999	0.9342824161155844	0.8182546318727272	0.1160277842428572
78350000	78399999	0.9142364149870129	0.8182546318727272	0.09598178311428573
78400000	78449999	0.91131489192987	0.8182546318727272	0.09306026005714285
78450000	78499999	0.8943735128774891	0.8182546318727272	0.07611888100476194
78500000	78549999	0.8884772911584415	0.8182546318727272	0.07022265928571436
78550000	78599999	0.8661538498108224	0.8182546318727272	0.04789921793809526
78600000	78649999	0.8294761480632034	0.8182546318727272	0.011221516190476177
78650000	78699999	0.8008474608870129	0.8182546318727272	-0.017407170985714315
78700000	78749999	0.7809777735441558	0.8182546318727272	-0.037276858328571416
78750000	78799999	0.7626382262679653	0.8182546318727272	-0.05561640560476189
78800000	78849999	0.7355060354203462	0.8182546318727272	-0.08274859645238097
78850000	78899999	0.7200877755917748	0.8182546318727272	-0.09816685628095234
78900000	78949999	0.7118509551917748	0.8182546318727272	-0.10640367668095241
78950000	78999999	0.6714971853393938	0.8182546318727272	-0.14675744653333334
79000000	79049999	0.633039649382251	0.8182546318727272	-0.1852149824904762
79050000	79099999	0.6162999425727271	0.8182546318727272	-0.20195468930000005
79100000	79149999	0.5973368094393938	0.8182546318727272	-0.22091782243333336
79150000	79199999	0.5924986798632034	0.8182546318727272	-0.2257559520095238
79200000	79249999	0.5974851466727271	0.8182546318727272	-0.22076948520000006
79250000	79299999	0.5999079630870128	0.8182546318727272	-0.2183466687857144
79300000	79349999	0.6045232308965367	0.8182546318727272	-0.21373140097619048
79350000	79399999	0.6107711575632033	0.8182546318727272	-0.20748347430952385
79400000	79449999	0.6061437340060605	0.8182546318727272	-0.2121108978666667
79450000	79499999	0.6001650251155843	0.8182546318727272	-0.21808960675714284
79500000	79549999	0.6043049005584414	0.8182546318727272	-0.21394973131428574
79550000	79599999	0.6102265309917748	0.8182546318727272	-0.20802810088095236
79600000	79649999	0.6062771998346319	0.8182546318727272	-0.21197743203809527
79650000	79699999	0.5930288445870129	0.8182546318727272	-0.2252257872857143
79700000	79749999	0.5859109881441558	0.8182546318727272	-0.23234364372857141
79750000	79799999	0.5859418118584414	0.8182546318727272	-0.23231282001428577
79800000	79849999	0.5776631209393939	0.8182546318727272	-0.2405915109333333
79850000	79899999	0.5839894286393938	0.8182546318727272	-0.23426520323333333
79900000	79949999	0.5763590938393939	0.8182546318727272	-0.2418955380333333
79950000	79999999	0.5713990696679653	0.8182546318727272	-0.2468555622047619
80000000	80049999	0.5688707001965367	0.8182546318727272	-0.24938393167619044
80050000	80099999	0.562649916934632	0.8182546318727272	-0.2556047149380952
80100000	80149999	0.5615074848012986	0.8182546318727272	-0.25674714707142854
80150000	80199999	0.5681913000060606	0.8182546318727272	-0.2500633318666666
80200000	80249999	0.5775140148155844	0.8182546318727272	-0.24074061705714278
80250000	80299999	0.5764698292679653	0.8182546318727272	-0.24178480260476187
80300000	80349999	0.5807238340870129	0.8182546318727272	-0.2375307977857143
80350000	80399999	0.5702599737774892	0.8182546318727272	-0.24799465809523802
80400000	80449999	0.5712302030870129	0.8182546318727272	-0.2470244287857143
80450000	80499999	0.5752980715060605	0.8182546318727272	-0.24295656036666669
80500000	80549999	0.5862182316298701	0.8182546318727272	-0.2320364002428571
80550000	80599999	0.5833855656774891	0.8182546318727272	-0.23486906619523806
80600000	80649999	0.58847958052987	0.8182546318727272	-0.22977505134285714
80650000	80699999	0.5908591804632033	0.8182546318727272	-0.22739545140952389
80700000	80749999	0.6027280647155843	0.8182546318727272	-0.2155265671571429
80750000	80799999	0.6056188971536796	0.8182546318727272	-0.21263573471904762
80800000	80849999	0.6046238142679653	0.8182546318727272	-0.21363081760476188
80850000	80899999	0.6125732212489177	0.8182546318727272	-0.2056814106238095
80900000	80949999	0.6034660352441558	0.8182546318727272	-0.21478859662857142
80950000	80999999	0.6080807450393939	0.8182546318727272	-0.21017388683333327
81000000	81049999	0.6154351651155844	0.8182546318727272	-0.2028194667571428
81050000	81099999	0.6278325598346319	0.8182546318727272	-0.19042207203809525
81100000	81149999	0.6215640226536796	0.8182546318727272	-0.19669060921904757
81150000	81199999	0.626831670987013	0.8182546318727272	-0.1914229608857142
81200000	81249999	0.616551374082251	0.8182546318727272	-0.20170325779047615
81250000	81299999	0.6081902476060606	0.8182546318727272	-0.21006438426666663
81300000	81349999	0.6043650223632033	0.8182546318727272	-0.21388960950952385
81350000	81399999	0.6008020567108224	0.8182546318727272	-0.21745257516190475
81400000	81449999	0.6063221464727271	0.8182546318727272	-0.2119324854000001
81450000	81499999	0.5966898626203462	0.8182546318727272	-0.221564769252381
81500000	81549999	0.5974285405632034	0.8182546318727272	-0.2208260913095238
81550000	81599999	0.5865367870632033	0.8182546318727272	-0.23171784480952384
81600000	81649999	0.5848401797108225	0.8182546318727272	-0.2334144521619047
81650000	81699999	0.5748596153203462	0.8182546318727272	-0.24339501655238094
81700000	81749999	0.5713311447870129	0.8182546318727272	-0.24692348708571432
81750000	81799999	0.5630157682584415	0.8182546318727272	-0.2552388636142857
81800000	81849999	0.5697599884441558	0.8182546318727272	-0.24849464342857142
81850000	81899999	0.5675666982489176	0.8182546318727272	-0.2506879336238096
81900000	81949999	0.5750528841822511	0.8182546318727272	-0.2432017476904761
81950000	81999999	0.586085248777489	0.8182546318727272	-0.23216938309523816
82000000	82049999	0.5748008356679652	0.8182546318727272	-0.24345379620476193
82050000	82099999	0.5711469747012987	0.8182546318727272	-0.24710765717142846
82100000	82149999	0.5545272927060605	0.8182546318727272	-0.2637273391666667
82150000	82199999	0.5645580857536796	0.8182546318727272	-0.2536965461190476
82200000	82249999	0.5565106702441558	0.8182546318727272	-0.2617439616285714
82250000	82299999	0.5638706303584415	0.8182546318727272	-0.25438400151428564
82300000	82349999	0.550662789582251	0.8182546318727272	-0.26759184229047617
82350000	82399999	0.562979652539394	0.8182546318727272	-0.2552749793333332
82400000	82449999	0.5731827877441558	0.8182546318727272	-0.24507184412857141
82450000	82499999	0.5763860531489178	0.8182546318727272	-0.2418685787238094
82500000	82549999	0.5892051641441558	0.8182546318727272	-0.22904946772857138
82550000	82599999	0.5881239924251082	0.8182546318727272	-0.23013063944761902
82600000	82649999	0.5930813372060605	0.8182546318727272	-0.2251732946666667
82650000	82699999	0.6066014033155843	0.8182546318727272	-0.21165322855714286
82700000	82749999	0.6105124140489177	0.8182546318727272	-0.20774221782380953
82750000	82799999	0.615038681582251	0.8182546318727272	-0.20321595029047623
82800000	82849999	0.6143266284679653	0.8182546318727272	-0.20392800340476192
82850000	82899999	0.6131408433012986	0.8182546318727272	-0.2051137885714286
82900000	82949999	0.6020851564774892	0.8182546318727272	-0.216169475395238
82950000	82999999	0.5883666567489176	0.8182546318727272	-0.22988797512380954
83000000	83049999	0.5870897569203463	0.8182546318727272	-0.23116487495238092
83050000	83099999	0.6014517272917748	0.8182546318727272	-0.21680290458095242
83100000	83149999	0.5949971393441558	0.8182546318727272	-0.2232574925285714
83150000	83199999	0.6034901709965367	0.8182546318727272	-0.2147644608761905
83200000	83249999	0.5967454362298701	0.8182546318727272	-0.2215091956428571
83250000	83299999	0.5987784025632035	0.8182546318727272	-0.2194762293095237
83300000	83349999	0.5918196921727272	0.8182546318727272	-0.22643493969999995
83350000	83399999	0.5949693260108224	0.8182546318727272	-0.22328530586190476
83400000	83449999	0.5833262791060605	0.8182546318727272	-0.23492835276666668
83450000	83499999	0.570153789387013	0.8182546318727272	-0.24810084248571418
83500000	83549999	0.5688120803012986	0.8182546318727272	-0.24944255157142858
83550000	83599999	0.5585119743584415	0.8182546318727272	-0.2597426575142857
83600000	83649999	0.5557603706346319	0.8182546318727272	-0.26249426123809527
83650000	83699999	0.5485923924727272	0.8182546318727272	-0.2696622394
83700000	83749999	0.5457657351727272	0.8182546318727272	-0.2724888967
83750000	83799999	0.5457751859298701	0.8182546318727272	-0.2724794459428571
83800000	83849999	0.552257238077489	0.8182546318727272	-0.2659973937952381
83850000	83899999	0.5818661041346319	0.8182546318727272	-0.23638852773809527
83900000	83949999	0.6030103596393939	0.8182546318727272	-0.2152442722333333
83950000	83999999	0.6176370474632034	0.8182546318727272	-0.20061758440952382
84000000	84049999	0.6356013703536796	0.8182546318727272	-0.1826532615190476
84050000	84099999	0.6759499893393939	0.8182546318727272	-0.1423046425333333
84100000	84149999	0.7098520679727272	0.8182546318727272	-0.10840256390000003
84150000	84199999	0.7405906735870129	0.8182546318727272	-0.07766395828571426
84200000	84249999	0.7568670353965367	0.8182546318727272	-0.06138759647619052
84250000	84299999	0.7915725668917748	0.8182546318727272	-0.02668206498095238
84300000	84349999	0.8001085509251081	0.8182546318727272	-0.018146080947619048
84350000	84399999	0.828124240834632	0.8182546318727272	0.009869608961904808
84400000	84449999	0.8610762833727271	0.8182546318727272	0.042821651499999946
84450000	84499999	0.9041823418251081	0.8182546318727272	0.08592770995238097
84500000	84549999	0.9469075238489176	0.8182546318727272	0.12865289197619045
84550000	84599999	0.96742595582987	0.8182546318727272	0.14917132395714283
84600000	84649999	1.0198048780536797	0.8182546318727272	0.20155024618095252
84650000	84699999	1.0564341461346318	0.8182546318727272	0.23817951426190465
84700000	84749999	1.0713379718393938	0.8182546318727272	0.25308333996666665
84750000	84799999	1.077928417191775	0.8182546318727272	0.2596737853190477
84800000	84849999	1.0841749970012986	0.8182546318727272	0.2659203651285714
84850000	84899999	1.0763137303441557	0.8182546318727272	0.2580590984714285
84900000	84949999	1.0630439894155843	0.8182546318727272	0.24478935754285713
84950000	84999999	1.0446982925203463	0.8182546318727272	0.22644366064761912
85000000	85049999	1.0473366411727272	0.8182546318727272	0.2290820093
85050000	85099999	1.0494993885917747	0.8182546318727272	0.23124475671904754
85100000	85149999	1.0444007322536795	0.8182546318727272	0.2261461003809523
85150000	85199999	1.0240524298393938	0.8182546318727272	0.20579779796666664
85200000	85249999	1.0170469625155842	0.8182546318727272	0.19879233064285706
85250000	85299999	1.012027972282251	0.8182546318727272	0.19377334040952376
85300000	85349999	0.9992492268012987	0.8182546318727272	0.1809945949285715
85350000	85399999	1.0119701551489177	0.8182546318727272	0.19371552327619057
85400000	85449999	0.9887383772727272	0.8182546318727272	0.1704837454
85450000	85499999	0.9859304362203463	0.8182546318727272	0.16767580434761908
85500000	85549999	0.9581225509441558	0.8182546318727272	0.1398679190714286
85550000	85599999	0.9251897197584414	0.8182546318727272	0.10693508788571426
85600000	85649999	0.9224749353917748	0.8182546318727272	0.10422030351904765
85650000	85699999	0.8921376012727272	0.8182546318727272	0.07388296940000005
85700000	85749999	0.8601428705727272	0.8182546318727272	0.041888238700000024
85750000	85799999	0.8514157808679653	0.8182546318727272	0.03316114899523814
85800000	85849999	0.8491276207441557	0.8182546318727272	0.03087298887142853
85850000	85899999	0.8457473005917748	0.8182546318727272	0.027492668719047653
85900000	85949999	0.8516186784441557	0.8182546318727272	0.03336404657142855
85950000	85999999	0.8469352992870129	0.8182546318727272	0.028680667414285765
86000000	86049999	0.8422577945060605	0.8182546318727272	0.024003162633333353
86050000	86099999	0.8428662790632033	0.8182546318727272	0.02461164719047615
86100000	86149999	0.8220563035393939	0.8182546318727272	0.0038016716666666728
86150000	86199999	0.7825270177108224	0.8182546318727272	-0.03572761416190473
86200000	86249999	0.7638762722489176	0.8182546318727272	-0.05437835962380955
86250000	86299999	0.7636256028917748	0.8182546318727272	-0.05462902898095234
86300000	86349999	0.7736999666632034	0.8182546318727272	-0.04455466520952378
86350000	86399999	0.7657251513536796	0.8182546318727272	-0.0525294805190476
86400000	86449999	0.7732483879679652	0.8182546318727272	-0.04500624390476193
86450000	86499999	0.780623687634632	0.8182546318727272	-0.03763094423809521
86500000	86549999	0.7799164110870129	0.8182546318727272	-0.03833822078571425
86550000	86599999	0.7796824514727272	0.8182546318727272	-0.03857218039999999
86600000	86649999	0.7906225812441557	0.8182546318727272	-0.027632050628571436
86650000	86699999	0.8128122683298701	0.8182546318727272	-0.005442363542857098
86700000	86749999	0.8249537927108225	0.8182546318727272	0.006699160838095297
86750000	86799999	0.8436447852917748	0.8182546318727272	0.0253901534190476
86800000	86849999	0.8701815282917749	0.8182546318727272	0.051926896419047686
86850000	86899999	0.8880765858917749	0.8182546318727272	0.06982195401904767
86900000	86949999	0.9183191467155843	0.8182546318727272	0.10006451484285717
86950000	86999999	0.948732182677489	0.8182546318727272	0.13047755080476187
87000000	87049999	0.98786242032987	0.8182546318727272	0.16960778845714286
87050000	87099999	1.005637552877489	0.8182546318727272	0.18738292100476184
87100000	87149999	1.0175925250203464	0.8182546318727272	0.19933789314761918
87150000	87199999	1.0310748289393938	0.8182546318727272	0.21282019706666666
87200000	87249999	1.0474121540489176	0.8182546318727272	0.22915752217619045
87250000	87299999	1.0575312640536796	0.8182546318727272	0.2392766321809524
87300000	87349999	1.053940695777489	0.8182546318727272	0.23568606390476188
87350000	87399999	1.0450889511203463	0.8182546318727272	0.2268343192476191
87400000	87449999	1.0367901443155843	0.8182546318727272	0.21853551244285707
87450000	87499999	1.0127124391489177	0.8182546318727272	0.19445780727619055
87500000	87549999	1.015996097677489	0.8182546318727272	0.19774146580476193
87550000	87599999	0.9997234290155843	0.8182546318727272	0.18146879714285713
87600000	87649999	0.9887020055251081	0.8182546318727272	0.17044737365238094
87650000	87699999	0.9813270878251081	0.8182546318727272	0.16307245595238096
87700000	87749999	0.9573607300155843	0.8182546318727272	0.13910609814285713
87750000	87799999	0.9391928495536795	0.8182546318727272	0.12093821768095236
87800000	87849999	0.9325301709870129	0.8182546318727272	0.11427553911428567
87850000	87899999	0.9147817826870128	0.8182546318727272	0.09652715081428564
87900000	87949999	0.8895335625870129	0.8182546318727272	0.0712789307142857
87950000	87999999	0.8611438078727272	0.8182546318727272	0.04288917599999997
88000000	88049999	0.8259616725679653	0.8182546318727272	0.007707040695238088
88050000	88099999	0.784674786782251	0.8182546318727272	-0.03357984509047618
88100000	88149999	0.7673748502965367	0.8182546318727272	-0.05087978157619044
88150000	88199999	0.7487505475203462	0.8182546318727272	-0.06950408435238098
88200000	88249999	0.7414159300108224	0.8182546318727272	-0.07683870186190478
88250000	88299999	0.736839954034632	0.8182546318727272	-0.0814146778380952
88300000	88349999	0.7278190870203463	0.8182546318727272	-0.09043554485238092
88350000	88399999	0.7189950103155843	0.8182546318727272	-0.09925962155714285
88400000	88449999	0.7073299380203463	0.8182546318727272	-0.1109246938523809
88450000	88499999	0.7203551121251082	0.8182546318727272	-0.09789951974761901
88500000	88549999	0.7325166128584415	0.8182546318727272	-0.08573801901428568
88550000	88599999	0.7354503601012986	0.8182546318727272	-0.08280427177142857
88600000	88649999	0.7704263536536796	0.8182546318727272	-0.04782827821904756
88650000	88699999	0.8066129142870129	0.8182546318727272	-0.011641717585714306
88700000	88749999	0.8418768475536795	0.8182546318727272	0.023622215680952352
88750000	88799999	0.8550876442727272	0.8182546318727272	0.03683301240000003
88800000	88849999	0.8664310817870129	0.8182546318727272	0.04817644991428571
88850000	88899999	0.8661154930917748	0.8182546318727272	0.047860861219047646
88900000	88949999	0.8939812730393939	0.8182546318727272	0.07572664116666672
88950000	88999999	0.913023720882251	0.8182546318727272	0.09476908900952385
89000000	89049999	0.9168275233346319	0.8182546318727272	0.09857289146190473
89050000	89099999	0.9440662665155843	0.8182546318727272	0.12581163464285716
89100000	89149999	0.9532228412774891	0.8182546318727272	0.13496820940476195
89150000	89199999	0.9639176765679653	0.8182546318727272	0.14566304469523816
89200000	89249999	0.9817322658393939	0.8182546318727272	0.1634776339666667
89250000	89299999	0.9774419486965368	0.8182546318727272	0.1591873168238096
89300000	89349999	0.9724644682632033	0.8182546318727272	0.15420983639047614
89350000	89399999	0.9897727148298701	0.8182546318727272	0.17151808295714288
89400000	89449999	1.0038667633060605	0.8182546318727272	0.18561213143333333
89450000	89499999	1.0161763738679652	0.8182546318727272	0.19792174199523804
89500000	89549999	1.0491835536393939	0.8182546318727272	0.23092892176666668
89550000	89599999	1.0615861839584415	0.8182546318727272	0.24333155208571433
89600000	89649999	1.0965121737679653	0.8182546318727272	0.2782575418952381
89650000	89699999	1.082984799682251	0.8182546318727272	0.26473016780952385
89700000	89749999	1.0639006156441557	0.8182546318727272	0.24564598377142854
89750000	89799999	1.0408365513679652	0.8182546318727272	0.22258191949523798
89800000	89849999	1.0493904861965366	0.8182546318727272	0.23113585432380945
89850000	89899999	1.0689385776441558	0.8182546318727272	0.2506839457714286
89900000	89949999	1.071399682425108	0.8182546318727272	0.2531450505523808
89950000	89999999	1.08338266952987	0.8182546318727272	0.2651280376571429
90000000	90049999	1.0794773034727272	0.8182546318727272	0.2612226716
90050000	90099999	1.0882729616584415	0.8182546318727272	0.2700183297857143
90100000	90149999	1.0730597558441557	0.8182546318727272	0.2548051239714285
90150000	90199999	1.0635215741536796	0.8182546318727272	0.24526694228095247
90200000	90249999	1.05724915472987	0.8182546318727272	0.23899452285714273
90250000	90299999	1.0502427183108225	0.8182546318727272	0.23198808643809532
90300000	90349999	1.0645269604965368	0.8182546318727272	0.24627232862380966
90350000	90399999	1.0764829032060605	0.8182546318727272	0.25822827133333337
90400000	90449999	1.0824223008012985	0.8182546318727272	0.26416766892857135
90450000	90499999	1.070642578882251	0.8182546318727272	0.2523879470095237
90500000	90549999	1.0674928535774892	0.8182546318727272	0.24923822170476206
90550000	90599999	1.038682979177489	0.8182546318727272	0.2204283473047618
90600000	90649999	1.036882974539394	0.8182546318727272	0.21862834266666675
90650000	90699999	0.9913617895441558	0.8182546318727272	0.1731071576714286
90700000	90749999	0.9860965955441557	0.8182546318727272	0.16784196367142856
90750000	90799999	0.9963939182441558	0.8182546318727272	0.17813928637142862
90800000	90849999	0.9800899141441558	0.8182546318727272	0.16183528227142863
90850000	90899999	0.9785326631965368	0.8182546318727272	0.16027803132380958
90900000	90949999	0.993480917834632	0.8182546318727272	0.17522628596190482
90950000	90999999	1.004203343534632	0.8182546318727272	0.18594871166190485
91000000	91049999	0.9642841026584414	0.8182546318727272	0.14602947078571427
91050000	91099999	0.9515721486727272	0.8182546318727272	0.13331751680000004
91100000	91149999	0.9428739685203462	0.8182546318727272	0.12461933664761904
91150000	91199999	0.9406226151536796	0.8182546318727272	0.12236798328095244
91200000	91249999	0.9684228569822511	0.8182546318727272	0.15016822510952388
91250000	91299999	0.9843329353012986	0.8182546318727272	0.16607830342857144
91300000	91349999	1.0120936963441558	0.8182546318727272	0.19383906447142862
91350000	91399999	1.0135791402203462	0.8182546318727272	0.19532450834761905
91400000	91449999	1.0167768833965367	0.8182546318727272	0.19852225152380953
91450000	91499999	1.0409780801489177	0.8182546318727272	0.2227234482761905
91500000	91549999	1.0645729967203463	0.8182546318727272	0.24631836484761915
91550000	91599999	1.0803389341441556	0.8182546318727272	0.2620843022714284
91600000	91649999	1.083031357977489	0.8182546318727272	0.2647767261047619
91650000	91699999	1.0888742301965366	0.8182546318727272	0.27061959832380944
91700000	91749999	1.1173623607965366	0.8182546318727272	0.29910772892380943
91750000	91799999	1.11295553612987	0.8182546318727272	0.2947009042571428
91800000	91849999	1.1057683340346318	0.8182546318727272	0.28751370216190464
91850000	91899999	1.1126778510584414	0.8182546318727272	0.29442321918571424
91900000	91949999	1.0943094899060606	0.8182546318727272	0.2760548580333334
91950000	91999999	1.0564382725632033	0.8182546318727272	0.23818364069047615
92000000	92049999	1.057843819077489	0.8182546318727272	0.23958918720476186
92050000	92099999	1.0772137375727273	0.8182546318727272	0.25895910570000014
92100000	92149999	1.1199810450251082	0.8182546318727272	0.301726413152381
92150000	92199999	1.1255077686679653	0.8182546318727272	0.30725313679523814
92200000	92249999	1.1491387405393938	0.8182546318727272	0.3308841086666666
92250000	92299999	1.1549779383917747	0.8182546318727272	0.33672330651904747
92300000	92349999	1.1539768599203462	0.8182546318727272	0.335722228047619
92350000	92399999	1.1350576726393937	0.8182546318727272	0.31680304076666654
92400000	92449999	1.1275039688822508	0.8182546318727272	0.3092493370095236
92450000	92499999	1.1284699601060604	0.8182546318727272	0.3102153282333332
92500000	92549999	1.1236230503584415	0.8182546318727272	0.3053684184857143
92550000	92599999	1.1279565560393938	0.8182546318727272	0.30970192416666664
92600000	92649999	1.1471786054012987	0.8182546318727272	0.3289239735285715
92650000	92699999	1.1742366495441559	0.8182546318727272	0.3559820176714287
92700000	92749999	1.1674646557632034	0.8182546318727272	0.3492100238904762
92750000	92799999	1.1549664815346319	0.8182546318727272	0.3367118496619047
92800000	92849999	1.1701360531536795	0.8182546318727272	0.35188142128095234
92850000	92899999	1.178861112577489	0.8182546318727272	0.36060648070476187
92900000	92949999	1.1974711163632032	0.8182546318727272	0.37921648449047607
92950000	92999999	1.2085791623584414	0.8182546318727272	0.39032453048571425
93000000	93049999	1.2144070724822509	0.8182546318727272	0.3961524406095237
93050000	93099999	1.2245057830012986	0.8182546318727272	0.40625115112857146
93100000	93149999	1.239583794487013	0.8182546318727272	0.42132916261428577
93150000	93199999	1.240803298267965	0.8182546318727272	0.4225486663952379
93200000	93249999	1.2564545587632032	0.8182546318727272	0.43819992689047604
93250000	93299999	1.2501757057012988	0.8182546318727272	0.4319210738285716
93300000	93349999	1.2486913336965366	0.8182546318727272	0.43043670182380944
93350000	93399999	1.242738678787013	0.8182546318727272	0.42448404691428576
93400000	93449999	1.2365463330584414	0.8182546318727272	0.41829170118571424
93450000	93499999	1.2586420925060604	0.8182546318727272	0.4403874606333332
93500000	93549999	1.2707898300346319	0.8182546318727272	0.4525351981619047
93550000	93599999	1.2421266198251082	0.8182546318727272	0.423871987952381
93600000	93649999	1.2188388467012987	0.8182546318727272	0.40058421482857154
93650000	93699999	1.1858666401632034	0.8182546318727272	0.36761200829047624
93700000	93749999	1.1517449750012987	0.8182546318727272	0.3334903431285715
93750000	93799999	1.1369481277870128	0.8182546318727272	0.31869349591428564
93800000	93849999	1.1313638756251083	0.8182546318727272	0.31310924375238114
93850000	93899999	1.125216434687013	0.8182546318727272	0.30696180281428587
93900000	93949999	1.1032871284155843	0.8182546318727272	0.2850324965428571
93950000	93999999	1.086122658272727	0.8182546318727272	0.26786802639999985
94000000	94049999	1.0704537042155844	0.8182546318727272	0.2521990723428572
94050000	94099999	1.0511493998965367	0.8182546318727272	0.23289476802380948
94100000	94149999	1.0252833026155843	0.8182546318727272	0.20702867074285713
94150000	94199999	1.0157596754393938	0.8182546318727272	0.19750504356666665
94200000	94249999	0.9733269776251081	0.8182546318727272	0.15507234575238094
94250000	94299999	0.9423436906441558	0.8182546318727272	0.12408905877142862
94300000	94349999	0.92335180792987	0.8182546318727272	0.10509717605714286
94350000	94399999	0.9023806650489177	0.8182546318727272	0.0841260331761905
94400000	94449999	0.9068681399108224	0.8182546318727272	0.0886135080380952
94450000	94499999	0.9122828703679653	0.8182546318727272	0.09402823849523811
94500000	94549999	0.8853837205489177	0.8182546318727272	0.0671290886761905
94550000	94599999	0.865682361434632	0.8182546318727272	0.047427729561904775
94600000	94649999	0.8650862395774891	0.8182546318727272	0.04683160770476191
94650000	94699999	0.8593136516203462	0.8182546318727272	0.04105901974761905
94700000	94749999	0.8556320490774891	0.8182546318727272	0.037377417204761954
94750000	94799999	0.8555167983917747	0.8182546318727272	0.03726216651904757
94800000	94849999	0.8536053943774891	0.8182546318727272	0.03535076250476188
94850000	94899999	0.8543542917584415	0.8182546318727272	0.036099659885714286
94900000	94949999	0.8400496369965367	0.8182546318727272	0.021795005123809497
94950000	94999999	0.8532654683203462	0.8182546318727272	0.03501083644761904
95000000	95049999	0.8611581675203462	0.8182546318727272	0.04290353564761906
95050000	95099999	0.8683182359203462	0.8182546318727272	0.050063604047619004
95100000	95149999	0.8963257233441557	0.8182546318727272	0.07807109147142854
95150000	95199999	0.905062836982251	0.8182546318727272	0.0868082051095238
95200000	95249999	0.9060584611393938	0.8182546318727272	0.08780382926666663
95250000	95299999	0.9127575116774891	0.8182546318727272	0.09450287980476191
95300000	95349999	0.9197347356251081	0.8182546318727272	0.10148010375238092
95350000	95399999	0.9123747371155844	0.8182546318727272	0.09412010524285719
95400000	95449999	0.891221016582251	0.8182546318727272	0.07296638470952377
95450000	95499999	0.8670821401012986	0.8182546318727272	0.048827508228571403
95500000	95549999	0.8520945199012986	0.8182546318727272	0.03383988802857141
95550000	95599999	0.8486116651632034	0.8182546318727272	0.030357033290476232
95600000	95649999	0.8329599583584415	0.8182546318727272	0.01470532648571432
95650000	95699999	0.8297560157108224	0.8182546318727272	0.01150138383809518
95700000	95749999	0.8253222987870129	0.8182546318727272	0.007067666914285731
95750000	95799999	0.8225243554965367	0.8182546318727272	0.004269723623809507
95800000	95849999	0.8104849272727271	0.8182546318727272	-0.007769704600000038
95850000	95899999	0.8134416671536796	0.8182546318727272	-0.004812964719047574
95900000	95949999	0.8042395995584415	0.8182546318727272	-0.014015032314285691
95950000	95999999	0.79969674822987	0.8182546318727272	-0.018557883642857154
96000000	96049999	0.7750415981108224	0.8182546318727272	-0.04321303376190477
96050000	96099999	0.7619382266679653	0.8182546318727272	-0.05631640520476189
96100000	96149999	0.7392088182489177	0.8182546318727272	-0.07904581362380947
96150000	96199999	0.7056672658346319	0.8182546318727272	-0.11258736603809527
96200000	96249999	0.6796413692203462	0.8182546318727272	-0.13861326265238094
96250000	96299999	0.6548618644489177	0.8182546318727272	-0.16339276742380948
96300000	96349999	0.6413351124012986	0.8182546318727272	-0.1769195194714286
96350000	96399999	0.6350048595965367	0.8182546318727272	-0.18324977227619044
96400000	96449999	0.6234460432203462	0.8182546318727272	-0.19480858865238093
96450000	96499999	0.6228312698774892	0.8182546318727272	-0.19542336199523802
96500000	96549999	0.6201019555441558	0.8182546318727272	-0.19815267632857136
96550000	96599999	0.6135198730727272	0.8182546318727272	-0.20473475880000003
96600000	96649999	0.6190800289393938	0.8182546318727272	-0.19917460293333333
96650000	96699999	0.6391667991679653	0.8182546318727272	-0.17908783270476192
96700000	96749999	0.6502957739155844	0.8182546318727272	-0.16795885795714283
96750000	96799999	0.6858719366536796	0.8182546318727272	-0.13238269521904755
96800000	96849999	0.6784664048298701	0.8182546318727272	-0.1397882270428571
96850000	96899999	0.6880616708251082	0.8182546318727272	-0.13019296104761902
96900000	96949999	0.680715303682251	0.8182546318727272	-0.1375393281904762
96950000	96999999	0.6756755164536796	0.8182546318727272	-0.14257911541904755
97000000	97049999	0.6673242980393939	0.8182546318727272	-0.15093033383333332
97050000	97099999	0.6779949632489177	0.8182546318727272	-0.14025966862380945
97100000	97149999	0.6661057719774891	0.8182546318727272	-0.15214885989523808
97150000	97199999	0.6763696441774891	0.8182546318727272	-0.14188498769523805
97200000	97249999	0.6861167937489177	0.8182546318727272	-0.13213783812380953
97250000	97299999	0.6869917612489176	0.8182546318727272	-0.1312628706238096
97300000	97349999	0.6778222235679653	0.8182546318727272	-0.1404324083047619
97350000	97399999	0.6807080111965367	0.8182546318727272	-0.1375466206761905
97400000	97449999	0.6838647870965368	0.8182546318727272	-0.13438984477619043
97450000	97499999	0.6982814059012986	0.8182546318727272	-0.11997322597142857
97500000	97549999	0.7084927187393939	0.8182546318727272	-0.10976191313333328
97550000	97599999	0.7168687936679652	0.8182546318727272	-0.10138583820476199
97600000	97649999	0.7262914341012986	0.8182546318727272	-0.09196319777142858
97650000	97699999	0.719025206382251	0.8182546318727272	-0.0992294254904762
97700000	97749999	0.7109322471012987	0.8182546318727272	-0.10732238477142853
97750000	97799999	0.6982052904441558	0.8182546318727272	-0.12004934142857138
97800000	97849999	0.6668494512060605	0.8182546318727272	-0.15140518066666664
97850000	97899999	0.6753610926203463	0.8182546318727272	-0.1428935392523809
97900000	97949999	0.6705511203393939	0.8182546318727272	-0.14770351153333328
97950000	97999999	0.6804329006489176	0.8182546318727272	-0.13782173122380958
98000000	98049999	0.6888650243870129	0.8182546318727272	-0.12938960748571426
98050000	98099999	0.6912620569917748	0.8182546318727272	-0.1269925748809524
98100000	98149999	0.6841362235251082	0.8182546318727272	-0.134118408347619
98150000	98199999	0.6928370681679653	0.8182546318727272	-0.12541756370476187
98200000	98249999	0.6868957764965367	0.8182546318727272	-0.13135885537619052
98250000	98299999	0.6783260261727272	0.8182546318727272	-0.13992860569999999
98300000	98349999	0.6776709033060605	0.8182546318727272	-0.14058372856666668
98350000	98399999	0.6897256358536795	0.8182546318727272	-0.12852899601904766
98400000	98449999	0.6943312850441558	0.8182546318727272	-0.12392334682857142
98450000	98499999	0.6839861324012986	0.8182546318727272	-0.1342684994714286
98500000	98549999	0.6796772931393938	0.8182546318727272	-0.13857733873333333
98550000	98599999	0.6773104974536795	0.8182546318727272	-0.14094413441904763
98600000	98649999	0.6681543545774891	0.8182546318727272	-0.15010027729523812
98650000	98699999	0.6661897551203462	0.8182546318727272	-0.152064876752381
98700000	98749999	0.6784409545965366	0.8182546318727272	-0.13981367727619054
98750000	98799999	0.6708420389584415	0.8182546318727272	-0.14741259291428566
98800000	98849999	0.6581997864203463	0.8182546318727272	-0.1600548454523809
98850000	98899999	0.663311535834632	0.8182546318727272	-0.1549430960380952
98900000	98949999	0.6592807371632033	0.8182546318727272	-0.15897389470952383
98950000	98999999	0.6534422376393938	0.8182546318727272	-0.16481239423333338
99000000	99049999	0.641142636834632	0.8182546318727272	-0.17711199503809516
99050000	99099999	0.6348687617441557	0.8182546318727272	-0.18338587012857144
99100000	99149999	0.6398714736632034	0.8182546318727272	-0.17838315820952377
99150000	99199999	0.6483770915917748	0.8182546318727272	-0.16987754028095237
99200000	99249999	0.6594021518060605	0.8182546318727272	-0.15885248006666663
99250000	99299999	0.67994139322987	0.8182546318727272	-0.13831323864285716
99300000	99349999	0.6848374446108224	0.8182546318727272	-0.13341718726190477
99350000	99399999	0.7037086334060605	0.8182546318727272	-0.11454599846666669
99400000	99449999	0.7080444938679653	0.8182546318727272	-0.11021013800476187
99450000	99499999	0.7148940691346319	0.8182546318727272	-0.10336056273809524
99500000	99549999	0.7530311436536795	0.8182546318727272	-0.06522348821904767
99550000	99599999	0.7836065781679653	0.8182546318727272	-0.03464805370476187
99600000	99649999	0.8163620187155843	0.8182546318727272	-0.0018926131571428417
99650000	99699999	0.8506999578584414	0.8182546318727272	0.03244532598571426
99700000	99749999	0.8779961464679653	0.8182546318727272	0.05974151459523813
99750000	99799999	0.8933259077346319	0.8182546318727272	0.07507127586190476
99800000	99849999	0.9273891529441558	0.8182546318727272	0.10913452107142863
99850000	99899999	0.981936769834632	0.8182546318727272	0.16368213796190478
99900000	99949999	0.9952060794727271	0.8182546318727272	0.17695144759999992
99950000	99999999	1.040367799734632	0.8182546318727272	0.22211316786190471
100000000	100049999	1.0728513867632032	0.8182546318727272	0.25459675489047606
100050000	100099999	1.1280553854489175	0.8182546318727272	0.3098007535761903
100100000	100149999	1.1743417678917747	0.8182546318727272	0.3560871360190475
100150000	100199999	1.1972333437632035	0.8182546318727272	0.37897871189047627
100200000	100249999	1.2258279348012988	0.8182546318727272	0.40757330292857163
100250000	100299999	1.24110172572987	0.8182546318727272	0.4228470938571428
100300000	100349999	1.2506726439917748	0.8182546318727272	0.4324180121190476
100350000	100399999	1.2929526088441559	0.8182546318727272	0.4746979769714287
100400000	100449999	1.3250867347632034	0.8182546318727272	0.5068321028904762
100450000	100499999	1.3462635671536796	0.8182546318727272	0.5280089352809524
100500000	100549999	1.3408476915632033	0.8182546318727272	0.5225930596904761
100550000	100599999	1.318153647777489	0.8182546318727272	0.4998990159047617
100600000	100649999	1.3003148242584412	0.8182546318727272	0.48206019238571407
100650000	100699999	1.2870665576632032	0.8182546318727272	0.46881192579047604
100700000	100749999	1.2999822922393938	0.8182546318727272	0.4817276603666666
100750000	100799999	1.2955010008441556	0.8182546318727272	0.47724636897142847
100800000	100849999	1.3015152482536796	0.8182546318727272	0.4832606163809524
100850000	100899999	1.312066555372727	0.8182546318727272	0.4938119234999999
100900000	100949999	1.3083893334584416	0.8182546318727272	0.49013470158571437
100950000	100999999	1.3259161835632034	0.8182546318727272	0.5076615516904762
101000000	101049999	1.3309211041489177	0.8182546318727272	0.5126664722761906
101050000	101099999	1.33799126782987	0.8182546318727272	0.5197366359571428
101100000	101149999	1.3198107536917747	0.8182546318727272	0.5015561218190475
101150000	101199999	1.297754682091775	0.8182546318727272	0.47950005021904774
101200000	101249999	1.2930332591393938	0.8182546318727272	0.47477862726666664
101250000	101299999	1.26644860732987	0.8182546318727272	0.4481939754571428
101300000	101349999	1.2409903514489178	0.8182546318727272	0.4227357195761906
101350000	101399999	1.2219760206060606	0.8182546318727272	0.4037213887333334
101400000	101449999	1.1750763180251083	0.8182546318727272	0.3568216861523811
101450000	101499999	1.1323089387251082	0.8182546318727272	0.314054306852381
101500000	101549999	1.1059585945632033	0.8182546318727272	0.28770396269047616
101550000	101599999	1.0996962275108224	0.8182546318727272	0.28144159563809523
101600000	101649999	1.0880554970489178	0.8182546318727272	0.2698008651761906
101650000	101699999	1.0817712968108224	0.8182546318727272	0.2635166649380952
101700000	101749999	1.0689373316060604	0.8182546318727272	0.25068269973333324
101750000	101799999	1.032969193839394	0.8182546318727272	0.21471456196666672
101800000	101849999	1.016003076687013	0.8182546318727272	0.19774844481428577
101850000	101899999	0.9884664087679653	0.8182546318727272	0.17021177689523814
101900000	101949999	0.9524053663870129	0.8182546318727272	0.13415073451428572
101950000	101999999	0.9096344505441558	0.8182546318727272	0.09137981867142864
102000000	102049999	0.8689435499727272	0.8182546318727272	0.05068891809999998
102050000	102099999	0.8227881803251081	0.8182546318727272	0.004533548452380964
102100000	102149999	0.7815043170632033	0.8182546318727272	-0.03675031480952384
102150000	102199999	0.748418883987013	0.8182546318727272	-0.06983574788571423
102200000	102249999	0.7324179760155843	0.8182546318727272	-0.08583665585714284
102250000	102299999	0.708476805187013	0.8182546318727272	-0.10977782668571423
102300000	102349999	0.6990429266965368	0.8182546318727272	-0.1192117051761904
102350000	102399999	0.6972502601203463	0.8182546318727272	-0.12100437175238088
102400000	102449999	0.6873558491203462	0.8182546318727272	-0.13089878275238098
102450000	102499999	0.6851744864251081	0.8182546318727272	-0.13308014544761904
102500000	102549999	0.684861723382251	0.8182546318727272	-0.13339290849047614
102550000	102599999	0.680398185977489	0.8182546318727272	-0.13785644589523816
102600000	102649999	0.6752445890870129	0.8182546318727272	-0.14301004278571428
102650000	102699999	0.6789178394584414	0.8182546318727272	-0.13933679241428576
102700000	102749999	0.6697359895584415	0.8182546318727272	-0.1485186423142857
102750000	102799999	0.6607332276536795	0.8182546318727272	-0.1575214042190477
102800000	102849999	0.6500534295060605	0.8182546318727272	-0.1682012023666667
102850000	102899999	0.6328936136489176	0.8182546318727272	-0.18536101822380957
102900000	102949999	0.6246987758536795	0.8182546318727272	-0.19355585601904768
102950000	102999999	0.6164964052441557	0.8182546318727272	-0.20175822662857146
103000000	103049999	0.6090100499441558	0.8182546318727272	-0.20924458192857143
103050000	103099999	0.6044982142108224	0.8182546318727272	-0.21375641766190479
103100000	103149999	0.6010708408155843	0.8182546318727272	-0.21718379105714292
103150000	103199999	0.6130993848917748	0.8182546318727272	-0.20515524698095233
103200000	103249999	0.6061062764060605	0.8182546318727272	-0.21214835546666666
103250000	103299999	0.5872161285679652	0.8182546318727272	-0.23103850330476194
103300000	103349999	0.5503312687393939	0.8182546318727272	-0.2679233631333333
103350000	103399999	0.5128814133155843	0.8182546318727272	-0.30537321855714283
103400000	103449999	0.4840844138965367	0.8182546318727272	-0.33417021797619045
103450000	103499999	0.4453880566584415	0.8182546318727272	-0.3728665752142857
103500000	103549999	0.44666912981082246	0.8182546318727272	-0.3715855020619047
103550000	103599999	0.4502927906203462	0.8182546318727272	-0.36796184125238096
103600000	103649999	0.4378068247727272	0.8182546318727272	-0.3804478071
103650000	103699999	0.41578076742510817	0.8182546318727272	-0.402473864447619
103700000	103749999	0.3798410499393938	0.8182546318727272	-0.43841358193333335
103750000	103799999	0.34801161600606056	0.8182546318727272	-0.4702430158666666
103800000	103849999	0.34026207602510805	0.8182546318727272	-0.4779925558476191
103850000	103899999	0.3420686533346319	0.8182546318727272	-0.4761859785380953
103900000	103949999	0.33878229066320326	0.8182546318727272	-0.4794723412095239
103950000	103999999	0.33897522680129866	0.8182546318727272	-0.4792794050714285
104000000	104049999	0.3456489573727272	0.8182546318727272	-0.47260567449999996
104050000	104099999	0.34705168830129873	0.8182546318727272	-0.47120294357142845
104100000	104149999	0.3562117558251083	0.8182546318727272	-0.4620428760476189
104150000	104199999	0.3553700287012988	0.8182546318727272	-0.4628846031714284
104200000	104249999	0.3477386525251082	0.8182546318727272	-0.47051597934761896
104250000	104299999	0.3463154112203463	0.8182546318727272	-0.47193922065238086
104300000	104349999	0.35830670013463206	0.8182546318727272	-0.4599479317380951
104350000	104399999	0.39947062854891774	0.8182546318727272	-0.41878400332380944
104400000	104449999	0.4399044134155843	0.8182546318727272	-0.3783502184571429
104450000	104499999	0.4642675583965368	0.8182546318727272	-0.3539870734761904
104500000	104549999	0.4961780956346319	0.8182546318727272	-0.3220765362380953
104550000	104599999	0.5018369242870129	0.8182546318727272	-0.3164177075857143
104600000	104649999	0.48857460276796527	0.8182546318727272	-0.3296800291047619
104650000	104699999	0.49537013893939386	0.8182546318727272	-0.3228844929333333
104700000	104749999	0.5204321538632033	0.8182546318727272	-0.2978224780095239
104750000	104799999	0.5693209101060606	0.8182546318727272	-0.24893372176666662
104800000	104849999	0.595302694882251	0.8182546318727272	-0.22295193699047622
104850000	104899999	0.598823817677489	0.8182546318727272	-0.21943081419523813
104900000	104949999	0.605195281077489	0.8182546318727272	-0.2130593507952382
104950000	104999999	0.6066933349584414	0.8182546318727272	-0.21156129691428582
105000000	105049999	0.6113853930965367	0.8182546318727272	-0.20686923877619046
105050000	105099999	0.608861498377489	0.8182546318727272	-0.20939313349523814
105100000	105149999	0.61739391812987	0.8182546318727272	-0.2008607137428572
105150000	105199999	0.60940996922987	0.8182546318727272	-0.20884466264285717
105200000	105249999	0.61440830012987	0.8182546318727272	-0.20384633174285716
105250000	105299999	0.6079249151441557	0.8182546318727272	-0.21032971672857148
105300000	105349999	0.61688503002987	0.8182546318727272	-0.20136960184285713
105350000	105399999	0.6122562095870129	0.8182546318727272	-0.2059984222857143
105400000	105449999	0.6165786607679653	0.8182546318727272	-0.20167597110476188
105450000	105499999	0.6150285704441557	0.8182546318727272	-0.20322606142857147
105500000	105549999	0.6194570577251082	0.8182546318727272	-0.198797574147619
105550000	105599999	0.6268214406393939	0.8182546318727272	-0.19143319123333324
105600000	105649999	0.6201988694917748	0.8182546318727272	-0.19805576238095235
105650000	105699999	0.6243516297012986	0.8182546318727272	-0.19390300217142853
105700000	105749999	0.6187073726727272	0.8182546318727272	-0.19954725919999994
105750000	105799999	0.6127187364727271	0.8182546318727272	-0.20553589540000006
105800000	105849999	0.6008107684632034	0.8182546318727272	-0.21744386340952382
105850000	105899999	0.6054161374679652	0.8182546318727272	-0.212838494404762
105900000	105949999	0.6173440508393939	0.8182546318727272	-0.20091058103333326
105950000	105999999	0.6140153766393939	0.8182546318727272	-0.2042392552333333
106000000	106049999	0.6236537609489177	0.8182546318727272	-0.1946008709238095
106050000	106099999	0.6273484786536796	0.8182546318727272	-0.19090615321904758
106100000	106149999	0.6313614739489176	0.8182546318727272	-0.18689315792380956
106150000	106199999	0.6246081227060605	0.8182546318727272	-0.1936465091666667
106200000	106249999	0.6237089241155843	0.8182546318727272	-0.19454570775714286
106250000	106299999	0.6227096397679652	0.8182546318727272	-0.19554499210476195
106300000	106349999	0.6347904926727271	0.8182546318727272	-0.18346413920000004
106350000	106399999	0.6322134100251081	0.8182546318727272	-0.18604122184761906
106400000	106449999	0.6372156514012985	0.8182546318727272	-0.18103898047142863
106450000	106499999	0.6294422420774891	0.8182546318727272	-0.18881238979523807
106500000	106549999	0.6310100249012986	0.8182546318727272	-0.18724460697142853
106550000	106599999	0.6329298805108223	0.8182546318727272	-0.18532475136190485
106600000	106649999	0.6329096105346319	0.8182546318727272	-0.18534502133809527
106650000	106699999	0.6335386100155843	0.8182546318727272	-0.18471602185714286
106700000	106749999	0.6401012678536796	0.8182546318727272	-0.17815336401904758
106750000	106799999	0.6524089776870129	0.8182546318727272	-0.1658456541857143
106800000	106849999	0.6797806743012986	0.8182546318727272	-0.13847395757142855
106850000	106899999	0.6992498602965367	0.8182546318727272	-0.1190047715761905
106900000	106949999	0.7125577587203462	0.8182546318727272	-0.10569687315238097
106950000	106999999	0.7091202294679653	0.8182546318727272	-0.10913440240476191
107000000	107049999	0.7307141537917748	0.8182546318727272	-0.08754047808095233
107050000	107099999	0.7505868026917748	0.8182546318727272	-0.06766782918095238
107100000	107149999	0.7695333726679653	0.8182546318727272	-0.04872125920476189
107150000	107199999	0.7830064744679652	0.8182546318727272	-0.03524815740476195
107200000	107249999	0.8031140021774891	0.8182546318727272	-0.015140629695238106
107250000	107299999	0.8102683754108224	0.8182546318727272	-0.007986256461904762
107300000	107349999	0.8268355504393938	0.8182546318727272	0.008580918566666651
107350000	107399999	0.8336609529060605	0.8182546318727272	0.015406321033333281
107400000	107449999	0.8545569742012986	0.8182546318727272	0.036302342328571435
107450000	107499999	0.8757047567155843	0.8182546318727272	0.057450124842857164
107500000	107549999	0.8836829269346319	0.8182546318727272	0.06542829506190473
107550000	107599999	0.8817827737632034	0.8182546318727272	0.06352814189047618
107600000	107649999	0.875687171682251	0.8182546318727272	0.057432539809523786
107650000	107699999	0.8897427979727272	0.8182546318727272	0.07148816609999997
107700000	107749999	0.9169666259584415	0.8182546318727272	0.0987119940857143
107750000	107799999	0.9265616690870129	0.8182546318727272	0.1083070372142857
107800000	107849999	0.9497679989632033	0.8182546318727272	0.13151336709047612
107850000	107899999	0.9600644793536796	0.8182546318727272	0.14180984748095238
107900000	107949999	0.9723822119917748	0.8182546318727272	0.1541275801190476
107950000	107999999	0.9835952710441558	0.8182546318727272	0.1653406391714286
108000000	108049999	0.9982426276203462	0.8182546318727272	0.17998799574761903
108050000	108099999	0.9970473443965366	0.8182546318727272	0.17879271252380946
108100000	108149999	1.0373262693203462	0.8182546318727272	0.21907163744761904
108150000	108199999	1.0285378302632033	0.8182546318727272	0.21028319839047616
108200000	108249999	1.0298470083679652	0.8182546318727272	0.211592376495238
108250000	108299999	1.0084194651012985	0.8182546318727272	0.19016483322857136
108300000	108349999	0.9756450508632033	0.8182546318727272	0.15739041899047612
108350000	108399999	0.9907998434108224	0.8182546318727272	0.1725452115380952
108400000	108449999	0.9716563900584414	0.8182546318727272	0.15340175818571422
108450000	108499999	0.9152194526917748	0.8182546318727272	0.09696482081904767
108500000	108549999	0.908596785182251	0.8182546318727272	0.09034215330952378
108550000	108599999	0.9529021337203463	0.8182546318727272	0.1346475018476191
108600000	108649999	0.9813931022774891	0.8182546318727272	0.16313847040476193
108650000	108699999	1.0251299673203462	0.8182546318727272	0.20687533544761905
108700000	108749999	1.0365444303155844	0.8182546318727272	0.21828979844285723
108750000	108799999	1.0506869127203462	0.8182546318727272	0.23243228084761902
108800000	108849999	1.1090600329774891	0.8182546318727272	0.29080540110476194
108850000	108899999	1.1115743010251082	0.8182546318727272	0.29331966915238106
108900000	108949999	1.1321808403203462	0.8182546318727272	0.313926208447619
108950000	108999999	1.1460429751251082	0.8182546318727272	0.32778834325238104
109000000	109049999	1.172412111082251	0.8182546318727272	0.3541574792095238
109050000	109099999	1.19250928122987	0.8182546318727272	0.3742546493571429
109100000	109149999	1.2197271532108225	0.8182546318727272	0.4014725213380953
109150000	109199999	1.2006835748012987	0.8182546318727272	0.38242894292857155
109200000	109249999	1.2243293949012988	0.8182546318727272	0.4060747630285716
109250000	109299999	1.241552185177489	0.8182546318727272	0.42329755330476193
109300000	109349999	1.2735233266155843	0.8182546318727272	0.45526869474285714
109350000	109399999	1.3390344402155843	0.8182546318727272	0.5207798083428571
109400000	109449999	1.36377925392987	0.8182546318727272	0.5455246220571429
109450000	109499999	1.4144693435060605	0.8182546318727272	0.5962147116333333
109500000	109549999	1.4872008436203463	0.8182546318727272	0.6689462117476191
109550000	109599999	1.5109090128917748	0.8182546318727272	0.6926543810190476
109600000	109649999	1.5282248942679653	0.8182546318727272	0.7099702623952381
109650000	109699999	1.5340155414441559	0.8182546318727272	0.7157609095714287
109700000	109749999	1.5019195786536796	0.8182546318727272	0.6836649467809525
109750000	109799999	1.5084356523203462	0.8182546318727272	0.690181020447619
109800000	109849999	1.5121238135441557	0.8182546318727272	0.6938691816714285
109850000	109899999	1.4718770588679653	0.8182546318727272	0.6536224269952381
109900000	109949999	1.47204878372987	0.8182546318727272	0.6537941518571427
109950000	109999999	1.4481765852536794	0.8182546318727272	0.6299219533809522
110000000	110049999	1.4518118363060604	0.8182546318727272	0.6335572044333332
110050000	110099999	1.4483247818679652	0.8182546318727272	0.630070149995238
110100000	110149999	1.4441231978393936	0.8182546318727272	0.6258685659666664
110150000	110199999	1.4154104521632034	0.8182546318727272	0.5971558202904762
110200000	110249999	1.402677221791775	0.8182546318727272	0.5844225899190477
110250000	110299999	1.3897238889632033	0.8182546318727272	0.5714692570904761
110300000	110349999	1.383804768434632	0.8182546318727272	0.5655501365619048
110350000	110399999	1.3912326597774891	0.8182546318727272	0.5729780279047619
110400000	110449999	1.3934189360584415	0.8182546318727272	0.5751643041857143
110450000	110499999	1.382117352039394	0.8182546318727272	0.5638627201666667
110500000	110549999	1.3636808567393939	0.8182546318727272	0.5454262248666667
110550000	110599999	1.3527801213965365	0.8182546318727272	0.5345254895238093
110600000	110649999	1.344683462072727	0.8182546318727272	0.5264288301999999
110650000	110699999	1.3058932531441558	0.8182546318727272	0.48763862127142865
110700000	110749999	1.3007183497441557	0.8182546318727272	0.4824637178714285
110750000	110799999	1.310503565682251	0.8182546318727272	0.49224893380952384
110800000	110849999	1.3213556984155845	0.8182546318727272	0.5031010665428574
110850000	110899999	1.3290193042441558	0.8182546318727272	0.5107646723714286
110900000	110949999	1.3459632918679652	0.8182546318727272	0.527708659995238
110950000	110999999	1.3927729337489176	0.8182546318727272	0.5745183018761905
111000000	111049999	1.4308738683108224	0.8182546318727272	0.6126192364380952
111050000	111099999	1.4310033725870128	0.8182546318727272	0.6127487407142856
111100000	111149999	1.4417899586727272	0.8182546318727272	0.6235353268
111150000	111199999	1.4817129871298702	0.8182546318727272	0.663458355257143
111200000	111249999	1.5016902318774892	0.8182546318727272	0.683435600004762
111250000	111299999	1.5119122811774892	0.8182546318727272	0.693657649304762
111300000	111349999	1.5246519287298703	0.8182546318727272	0.7063972968571431
111350000	111399999	1.5197184453251082	0.8182546318727272	0.7014638134523811
111400000	111449999	1.5120180069203464	0.8182546318727272	0.6937633750476192
111450000	111499999	1.5080073517584416	0.8182546318727272	0.6897527198857144
111500000	111549999	1.511885078934632	0.8182546318727272	0.6936304470619049
111550000	111599999	1.522516458582251	0.8182546318727272	0.7042618267095239
111600000	111649999	1.5388390913441556	0.8182546318727272	0.7205844594714285
111650000	111699999	1.5445894253203463	0.8182546318727272	0.7263347934476191
111700000	111749999	1.5727660750917747	0.8182546318727272	0.7545114432190475
111750000	111799999	1.5819145945679653	0.8182546318727272	0.7636599626952382
111800000	111849999	1.600716741687013	0.8182546318727272	0.7824621098142858
111850000	111899999	1.5795443710965367	0.8182546318727272	0.7612897392238095
111900000	111949999	1.5539847959108224	0.8182546318727272	0.7357301640380952
111950000	111999999	1.512939124834632	0.8182546318727272	0.6946844929619048
112000000	112049999	1.4558634142632036	0.8182546318727272	0.6376087823904765
112050000	112099999	1.4160577667489178	0.8182546318727272	0.5978031348761906
112100000	112149999	1.3939951330536795	0.8182546318727272	0.5757405011809523
112150000	112199999	1.3570458102298701	0.8182546318727272	0.538791178357143
112200000	112249999	1.30438819962987	0.8182546318727272	0.4861335677571429
112250000	112299999	1.2885656230679654	0.8182546318727272	0.4703109911952382
112300000	112349999	1.2666465386584416	0.8182546318727272	0.4483919067857144
112350000	112399999	1.2491557031203464	0.8182546318727272	0.4309010712476192
112400000	112449999	1.2567718556489176	0.8182546318727272	0.4385172237761904
112450000	112499999	1.2772539085012986	0.8182546318727272	0.45899927662857143
112500000	112549999	1.2758491136679653	0.8182546318727272	0.4575944817952381
112550000	112599999	1.2501713847155842	0.8182546318727272	0.431916752842857
112600000	112649999	1.2625187579108224	0.8182546318727272	0.4442641260380952
112650000	112699999	1.2618029308060605	0.8182546318727272	0.44354829893333336
112700000	112749999	1.2497746454536796	0.8182546318727272	0.4315200135809524
112750000	112799999	1.2187434288012986	0.8182546318727272	0.4004887969285714
112800000	112849999	1.20600634062987	0.8182546318727272	0.3877517087571428
112850000	112899999	1.2193645118489176	0.8182546318727272	0.4011098799761904
112900000	112949999	1.236231354587013	0.8182546318727272	0.41797672271428576
112950000	112999999	1.2614159734012986	0.8182546318727272	0.44316134152857145
113000000	113049999	1.2901953772155843	0.8182546318727272	0.4719407453428571
113050000	113099999	1.3017707423917746	0.8182546318727272	0.4835161105190474
113100000	113149999	1.3019669333632033	0.8182546318727272	0.48371230149047617
113150000	113199999	1.3118849892917748	0.8182546318727272	0.4936303574190476
113200000	113249999	1.3312232438965366	0.8182546318727272	0.5129686120238094
113250000	113299999	1.3458692094870128	0.8182546318727272	0.5276145776142857
113300000	113349999	1.3547484778108223	0.8182546318727272	0.5364938459380951
113350000	113399999	1.3700955152917746	0.8182546318727272	0.5518408834190475
113400000	113449999	1.3877614035965367	0.8182546318727272	0.5695067717238095
113450000	113499999	1.4144173803012987	0.8182546318727272	0.5961627484285715
113500000	113549999	1.4202438160584414	0.8182546318727272	0.6019891841857142
113550000	113599999	1.4370555388965367	0.8182546318727272	0.6188009070238095
113600000	113649999	1.46927876042987	0.8182546318727272	0.6510241285571429
113650000	113699999	1.4640768427155844	0.8182546318727272	0.6458222108428572
113700000	113749999	1.4846741872346318	0.8182546318727272	0.6664195553619047
113750000	113799999	1.5092097200108223	0.8182546318727272	0.6909550881380951
113800000	113849999	1.5668535077108225	0.8182546318727272	0.7485988758380954
113850000	113899999	1.5882352811727274	0.8182546318727272	0.7699806493000002
113900000	113949999	1.578136766934632	0.8182546318727272	0.7598821350619048
113950000	113999999	1.5893367555917748	0.8182546318727272	0.7710821237190476
114000000	114049999	1.5746432607917749	0.8182546318727272	0.7563886289190477
114050000	114099999	1.560543339325108	0.8182546318727272	0.7422887074523808
114100000	114149999	1.5550962002965365	0.8182546318727272	0.7368415684238093
114150000	114199999	1.5570000086251081	0.8182546318727272	0.7387453767523809
114200000	114249999	1.5420341351965368	0.8182546318727272	0.7237795033238096
114250000	114299999	1.5267339766536794	0.8182546318727272	0.7084793447809522
114300000	114349999	1.5086485938441556	0.8182546318727272	0.6903939619714284
114350000	114399999	1.49787250912987	0.8182546318727272	0.6796178772571427
114400000	114449999	1.5227830576632035	0.8182546318727272	0.7045284257904764
114450000	114499999	1.5451461173489176	0.8182546318727272	0.7268914854761904
114500000	114549999	1.5432202659917749	0.8182546318727272	0.7249656341190477
114550000	114599999	1.5228299618203462	0.8182546318727272	0.7045753299476191
114600000	114649999	1.5131363799012987	0.8182546318727272	0.6948817480285715
114650000	114699999	1.5016838666536798	0.8182546318727272	0.6834292347809526
114700000	114749999	1.4857966332251082	0.8182546318727272	0.6675420013523811
114750000	114799999	1.4816704695965368	0.8182546318727272	0.6634158377238096
114800000	114849999	1.4524174384489177	0.8182546318727272	0.6341628065761905
114850000	114899999	1.4157334861536797	0.8182546318727272	0.5974788542809525
114900000	114949999	1.4123280797489177	0.8182546318727272	0.5940734478761905
114950000	114999999	1.4191870736108225	0.8182546318727272	0.6009324417380953
115000000	115049999	1.4118313936489177	0.8182546318727272	0.5935767617761906
115050000	115099999	1.398306229734632	0.8182546318727272	0.5800515978619049
115100000	115149999	1.3909804338774892	0.8182546318727272	0.572725802004762
115150000	115199999	1.372519600082251	0.8182546318727272	0.5542649682095239
115200000	115249999	1.3710141288489177	0.8182546318727272	0.5527594969761905
115250000	115299999	1.3625450770489176	0.8182546318727272	0.5442904451761904
115300000	115349999	1.3561885031584415	0.8182546318727272	0.5379338712857143
115350000	115399999	1.3508485803536796	0.8182546318727272	0.5325939484809524
115400000	115449999	1.344995803987013	0.8182546318727272	0.5267411721142857
115450000	115499999	1.3085793447108225	0.8182546318727272	0.4903247128380953
115500000	115549999	1.2544935854536796	0.8182546318727272	0.43623895358095244
115550000	115599999	1.2085923282489177	0.8182546318727272	0.39033769637619053
115600000	115649999	1.2026679032965366	0.8182546318727272	0.38441327142380943
115650000	115699999	1.179704888639394	0.8182546318727272	0.36145025676666676
115700000	115749999	1.1497869851203462	0.8182546318727272	0.331532353247619
115750000	115799999	1.1466745607155842	0.8182546318727272	0.328419928842857
115800000	115849999	1.1144996331155843	0.8182546318727272	0.29624500124285713
115850000	115899999	1.1123021608489176	0.8182546318727272	0.29404752897619046
115900000	115949999	1.0933639853012986	0.8182546318727272	0.27510935342857146
115950000	115999999	1.0685438200203463	0.8182546318727272	0.25028918814761913
116000000	116049999	1.0506014217679653	0.8182546318727272	0.23234678989523816
116050000	116099999	1.0353556225774891	0.8182546318727272	0.21710099070476196
116100000	116149999	1.0633481946632033	0.8182546318727272	0.24509356279047612
116150000	116199999	1.0606278510679652	0.8182546318727272	0.24237321919523802
116200000	116249999	1.0857094188393939	0.8182546318727272	0.2674547869666667
116250000	116299999	1.0768144903536796	0.8182546318727272	0.2585598584809524
116300000	116349999	1.0878310384489176	0.8182546318727272	0.2695764065761904
116350000	116399999	1.1071198434298701	0.8182546318727272	0.28886521155714295
116400000	116449999	1.141990959882251	0.8182546318727272	0.3237363280095239
116450000	116499999	1.176425998634632	0.8182546318727272	0.35817136676190475
116500000	116549999	1.1977941102870129	0.8182546318727272	0.3795394784142857
116550000	116599999	1.2305115669346318	0.8182546318727272	0.41225693506190464
116600000	116649999	1.2390720330346319	0.8182546318727272	0.4208174011619047
116650000	116699999	1.2676370351632034	0.8182546318727272	0.4493824032904762
116700000	116749999	1.292197030520346	0.8182546318727272	0.4739423986476189
116750000	116799999	1.2997785573441556	0.8182546318727272	0.4815239254714284
116800000	116849999	1.3099983684393939	0.8182546318727272	0.4917437365666667
116850000	116899999	1.326166270877489	0.8182546318727272	0.5079116390047619
116900000	116949999	1.3386400379632035	0.8182546318727272	0.5203854060904763
116950000	116999999	1.352913495434632	0.8182546318727272	0.5346588635619048
117000000	117049999	1.3686406623393939	0.8182546318727272	0.5503860304666667
117050000	117099999	1.3768801500060606	0.8182546318727272	0.5586255181333334
117100000	117149999	1.3917217409917748	0.8182546318727272	0.5734671091190476
117150000	117199999	1.382847620744156	0.8182546318727272	0.5645929888714288
117200000	117249999	1.3974733034155844	0.8182546318727272	0.5792186715428572
117250000	117299999	1.386668208239394	0.8182546318727272	0.5684135763666668
117300000	117349999	1.3976639982727272	0.8182546318727272	0.5794093664000001
117350000	117399999	1.4148927879108224	0.8182546318727272	0.5966381560380952
117400000	117449999	1.439975806139394	0.8182546318727272	0.6217211742666667
117450000	117499999	1.460831420691775	0.8182546318727272	0.6425767888190478
117500000	117549999	1.490032931939394	0.8182546318727272	0.6717783000666667
117550000	117599999	1.5157621563155845	0.8182546318727272	0.6975075244428574
117600000	117649999	1.510083551048918	0.8182546318727272	0.6918289191761907
117650000	117699999	1.5306652592727272	0.8182546318727272	0.7124106274
117700000	117749999	1.5166929388441557	0.8182546318727272	0.6984383069714285
117750000	117799999	1.50921686782987	0.8182546318727272	0.6909622359571429
117800000	117849999	1.5223388680060606	0.8182546318727272	0.7040842361333334
117850000	117899999	1.5150177212251084	0.8182546318727272	0.6967630893523812
117900000	117949999	1.5507938691965366	0.8182546318727272	0.7325392373238094
117950000	117999999	1.5905308963632034	0.8182546318727272	0.7722762644904763
118000000	118049999	1.5749492477870128	0.8182546318727272	0.7566946159142857
118050000	118099999	1.5787496888441557	0.8182546318727272	0.7604950569714285
118100000	118149999	1.5712396954012986	0.8182546318727272	0.7529850635285714
118150000	118199999	1.5513343864870128	0.8182546318727272	0.7330797546142857
118200000	118249999	1.5467271237060607	0.8182546318727272	0.7284724918333335
118250000	118299999	1.5251669994632033	0.8182546318727272	0.7069123675904762
118300000	118349999	1.502861704987013	0.8182546318727272	0.6846070731142858
118350000	118399999	1.4847549499584414	0.8182546318727272	0.6665003180857142
118400000	118449999	1.4556471123108223	0.8182546318727272	0.6373924804380952
118450000	118499999	1.41708958112987	0.8182546318727272	0.5988349492571429
118500000	118549999	1.3756104006298702	0.8182546318727272	0.557355768757143
118550000	118599999	1.3109043455584415	0.8182546318727272	0.4926497136857143
118600000	118649999	1.2456318940584414	0.8182546318727272	0.42737726218571426
118650000	118699999	1.233941141139394	0.8182546318727272	0.4156865092666667
118700000	118749999	1.2152508440679652	0.8182546318727272	0.39699621219523806
118750000	118799999	1.185113834334632	0.8182546318727272	0.36685920246190473
118800000	118849999	1.176277259372727	0.8182546318727272	0.3580226274999999
118850000	118899999	1.1457422388346319	0.8182546318727272	0.3274876069619047
118900000	118949999	1.1328872655489177	0.8182546318727272	0.31463263367619054
118950000	118999999	1.07820811092987	0.8182546318727272	0.25995347905714283
119000000	119049999	1.0176719059536796	0.8182546318727272	0.19941727408095244
119050000	119099999	1.0011261599774892	0.8182546318727272	0.18287152810476204
119100000	119149999	0.9898576574536796	0.8182546318727272	0.17160302558095242
119150000	119199999	0.9888257289822511	0.8182546318727272	0.1705710971095239
119200000	119249999	0.9845404485155844	0.8182546318727272	0.16628581664285724
119250000	119299999	0.9657078298917748	0.8182546318727272	0.14745319801904766
119300000	119349999	0.9769474061393939	0.8182546318727272	0.15869277426666673
119350000	119399999	0.9889933076203462	0.8182546318727272	0.17073867574761903
119400000	119449999	0.9884097234727272	0.8182546318727272	0.17015509159999997
119450000	119499999	0.9856210460965367	0.8182546318727272	0.1673664142238095
119500000	119549999	0.979326355482251	0.8182546318727272	0.16107172360952382
119550000	119599999	0.9717016256965367	0.8182546318727272	0.15344699382380955
119600000	119649999	0.97814888912987	0.8182546318727272	0.1598942572571428
119650000	119699999	0.9909612259108225	0.8182546318727272	0.1727065940380953
119700000	119749999	1.0059441752108225	0.8182546318727272	0.1876895433380953
119750000	119799999	1.009642413977489	0.8182546318727272	0.19138778210476193
119800000	119849999	1.0218476694965366	0.8182546318727272	0.20359303762380943
119850000	119899999	1.0257072858965368	0.8182546318727272	0.20745265402380964
119900000	119949999	1.0453200681774892	0.8182546318727272	0.22706543630476206
119950000	119999999	1.0458925328441557	0.8182546318727272	0.22763790097142855
120000000	120049999	1.0336357547727273	0.8182546318727272	0.2153811229000001
120050000	120099999	1.0797958378203463	0.8182546318727272	0.2615412059476191
120100000	120149999	1.0965134206727272	0.8182546318727272	0.2782587888
120150000	120199999	1.0950129402441557	0.8182546318727272	0.27675830837142856
120200000	120249999	1.0382580597203463	0.8182546318727272	0.22000342784761917
120250000	120299999	1.0193767951108224	0.8182546318727272	0.20112216323809518
120300000	120349999	1.0074087087965367	0.8182546318727272	0.18915407692380948
120350000	120399999	1.0073735198870128	0.8182546318727272	0.18911888801428567
120400000	120449999	1.080431423272727	0.8182546318727272	0.26217679139999983
120450000	120499999	1.0804566847632033	0.8182546318727272	0.26220205289047616
120500000	120549999	1.0784967813632034	0.8182546318727272	0.2602421494904762
120550000	120599999	1.0379556045012985	0.8182546318727272	0.21970097262857136
120600000	120649999	1.0366324179536794	0.8182546318727272	0.21837778608095226
120650000	120699999	1.0527765325012985	0.8182546318727272	0.23452190062857137
120700000	120749999	1.061667981725108	0.8182546318727272	0.24341334985238083
120750000	120799999	1.0534476931203463	0.8182546318727272	0.23519306124761907
120800000	120849999	1.074730850582251	0.8182546318727272	0.25647621870952386
120850000	120899999	1.1894520280632033	0.8182546318727272	0.3711973961904761
120900000	120949999	1.12370326752987	0.8182546318727272	0.30544863565714275
120950000	120999999	8.783783360344156	0.8182546318727272	7.965528728471429
121000000	121049999	8.775771671072727	0.8182546318727272	7.9575170392
121050000	121099999	8.772622863748918	0.8182546318727272	7.954368231876191
121100000	121149999	8.725427072439395	0.8182546318727272	7.907172440566668
121150000	121199999	8.706493219834632	0.8182546318727272	7.888238587961905
121200000	121249999	8.690127972834633	0.8182546318727272	7.871873340961906
121250000	121299999	8.725296873791775	0.8182546318727272	7.907042241919048
121300000	121349999	8.734755674663203	0.8182546318727272	7.916501042790476
121350000	121399999	8.739174776934632	0.8182546318727272	7.920920145061905
121400000	121449999	8.73225690460606	0.8182546318727272	7.914002272733334
121450000	121499999	8.654909284110822	0.8182546318727272	7.836654652238095
121500000	121549999	8.654909284110822	0.8182546318727272	7.836654652238095
121550000	121599999	8.654909284110822	0.8182546318727272	7.836654652238095
121600000	121649999	8.691369056572727	0.8182546318727272	7.8731144247
121650000	121699999	8.683083072967966	0.8182546318727272	7.864828441095239
121700000	121749999	8.655986959548919	0.8182546318727272	7.837732327676192
121750000	121799999	8.640339345896537	0.8182546318727272	7.82208471402381
121800000	121849999	8.62127200152987	0.8182546318727272	7.803017369657144
121850000	121899999	8.582156108701298	0.8182546318727272	7.763901476828571
121900000	121949999	8.451549745363204	0.8182546318727272	7.633295113490477
121950000	121999999	8.496400582225109	0.8182546318727272	7.6781459503523815
122000000	122049999	0.8182546318727272	0.8182546318727272	0.0
122050000	122099999	0.8182546318727272	0.8182546318727272	0.0
122100000	122149999	0.8182546318727272	0.8182546318727272	0.0
122150000	122199999	0.8182546318727272	0.8182546318727272	0.0
122200000	122249999	0.8182546318727272	0.8182546318727272	0.0
122250000	122299999	0.8182546318727272	0.8182546318727272	0.0
122300000	122349999	0.8182546318727272	0.8182546318727272	0.0
122350000	122399999	0.8182546318727272	0.8182546318727272	0.0
122400000	122449999	0.8182546318727272	0.8182546318727272	0.0
122450000	122499999	0.8182546318727272	0.8182546318727272	0.0
122500000	122549999	0.8182546318727272	0.8182546318727272	0.0
122550000	122599999	0.8182546318727272	0.8182546318727272	0.0
122600000	122649999	0.8182546318727272	0.8182546318727272	0.0
122650000	122699999	0.8182546318727272	0.8182546318727272	0.0
122700000	122749999	0.8182546318727272	0.8182546318727272	0.0
122750000	122799999	0.8182546318727272	0.8182546318727272	0.0
122800000	122849999	0.8182546318727272	0.8182546318727272	0.0
122850000	122899999	0.8182546318727272	0.8182546318727272	0.0
122900000	122949999	0.8182546318727272	0.8182546318727272	0.0
122950000	122999999	0.8182546318727272	0.8182546318727272	0.0
123000000	123049999	0.8182546318727272	0.8182546318727272	0.0
123050000	123099999	0.8182546318727272	0.8182546318727272	0.0
123100000	123149999	0.8182546318727272	0.8182546318727272	0.0
123150000	123199999	0.8182546318727272	0.8182546318727272	0.0
123200000	123249999	0.8182546318727272	0.8182546318727272	0.0
123250000	123299999	0.8182546318727272	0.8182546318727272	0.0
123300000	123349999	0.8182546318727272	0.8182546318727272	0.0
123350000	123399999	0.8182546318727272	0.8182546318727272	0.0
123400000	123449999	0.8182546318727272	0.8182546318727272	0.0
123450000	123499999	0.8182546318727272	0.8182546318727272	0.0
123500000	123549999	0.8182546318727272	0.8182546318727272	0.0
123550000	123599999	0.8182546318727272	0.8182546318727272	0.0
123600000	123649999	0.8182546318727272	0.8182546318727272	0.0
123650000	123699999	0.8182546318727272	0.8182546318727272	0.0
123700000	123749999	0.8182546318727272	0.8182546318727272	0.0
123750000	123799999	0.8182546318727272	0.8182546318727272	0.0
123800000	123849999	0.8182546318727272	0.8182546318727272	0.0
123850000	123899999	0.8182546318727272	0.8182546318727272	0.0
123900000	123949999	0.8182546318727272	0.8182546318727272	0.0
123950000	123999999	0.8182546318727272	0.8182546318727272	0.0
124000000	124049999	0.8182546318727272	0.8182546318727272	0.0
124050000	124099999	0.8182546318727272	0.8182546318727272	0.0
124100000	124149999	0.8182546318727272	0.8182546318727272	0.0
124150000	124199999	0.8182546318727272	0.8182546318727272	0.0
124200000	124249999	0.8182546318727272	0.8182546318727272	0.0
124250000	124299999	0.8182546318727272	0.8182546318727272	0.0
124300000	124349999	0.8182546318727272	0.8182546318727272	0.0
124350000	124399999	0.8182546318727272	0.8182546318727272	0.0
124400000	124449999	0.8182546318727272	0.8182546318727272	0.0
124450000	124499999	0.8182546318727272	0.8182546318727272	0.0
124500000	124549999	0.8182546318727272	0.8182546318727272	0.0
124550000	124599999	0.8182546318727272	0.8182546318727272	0.0
124600000	124649999	0.8182546318727272	0.8182546318727272	0.0
124650000	124699999	0.8182546318727272	0.8182546318727272	0.0
124700000	124749999	0.8182546318727272	0.8182546318727272	0.0
124750000	124799999	0.8182546318727272	0.8182546318727272	0.0
124800000	124849999	0.8182546318727272	0.8182546318727272	0.0
124850000	124899999	0.8182546318727272	0.8182546318727272	0.0
124900000	124949999	0.8182546318727272	0.8182546318727272	0.0
124950000	124999999	0.8182546318727272	0.8182546318727272	0.0
125000000	125049999	0.8182546318727272	0.8182546318727272	0.0
125050000	125099999	0.8182546318727272	0.8182546318727272	0.0
125100000	125149999	0.8182546318727272	0.8182546318727272	0.0
125150000	125199999	0.8182546318727272	0.8182546318727272	0.0
125200000	125249999	0.8182546318727272	0.8182546318727272	0.0
125250000	125299999	0.8182546318727272	0.8182546318727272	0.0
125300000	125349999	0.8182546318727272	0.8182546318727272	0.0
125350000	125399999	0.8182546318727272	0.8182546318727272	0.0
125400000	125449999	0.8182546318727272	0.8182546318727272	0.0
125450000	125499999	0.8182546318727272	0.8182546318727272	0.0
125500000	125549999	0.8182546318727272	0.8182546318727272	0.0
125550000	125599999	0.8182546318727272	0.8182546318727272	0.0
125600000	125649999	0.8182546318727272	0.8182546318727272	0.0
125650000	125699999	0.8182546318727272	0.8182546318727272	0.0
125700000	125749999	0.8182546318727272	0.8182546318727272	0.0
125750000	125799999	0.8182546318727272	0.8182546318727272	0.0
125800000	125849999	0.8182546318727272	0.8182546318727272	0.0
125850000	125899999	0.8182546318727272	0.8182546318727272	0.0
125900000	125949999	0.8182546318727272	0.8182546318727272	0.0
125950000	125999999	0.8182546318727272	0.8182546318727272	0.0
126000000	126049999	0.8182546318727272	0.8182546318727272	0.0
126050000	126099999	0.8182546318727272	0.8182546318727272	0.0
126100000	126149999	0.8182546318727272	0.8182546318727272	0.0
126150000	126199999	0.8182546318727272	0.8182546318727272	0.0
126200000	126249999	0.8182546318727272	0.8182546318727272	0.0
126250000	126299999	0.8182546318727272	0.8182546318727272	0.0
126300000	126349999	0.8182546318727272	0.8182546318727272	0.0
126350000	126399999	0.8182546318727272	0.8182546318727272	0.0
126400000	126449999	0.8182546318727272	0.8182546318727272	0.0
126450000	126499999	0.8182546318727272	0.8182546318727272	0.0
126500000	126549999	0.8182546318727272	0.8182546318727272	0.0
126550000	126599999	0.8182546318727272	0.8182546318727272	0.0
126600000	126649999	0.8182546318727272	0.8182546318727272	0.0
126650000	126699999	0.8182546318727272	0.8182546318727272	0.0
126700000	126749999	0.8182546318727272	0.8182546318727272	0.0
126750000	126799999	0.8182546318727272	0.8182546318727272	0.0
126800000	126849999	0.8182546318727272	0.8182546318727272	0.0
126850000	126899999	0.8182546318727272	0.8182546318727272	0.0
126900000	126949999	0.8182546318727272	0.8182546318727272	0.0
126950000	126999999	0.8182546318727272	0.8182546318727272	0.0
127000000	127049999	0.8182546318727272	0.8182546318727272	0.0
127050000	127099999	0.8182546318727272	0.8182546318727272	0.0
127100000	127149999	0.8182546318727272	0.8182546318727272	0.0
127150000	127199999	0.8182546318727272	0.8182546318727272	0.0
127200000	127249999	0.8182546318727272	0.8182546318727272	0.0
127250000	127299999	0.8182546318727272	0.8182546318727272	0.0
127300000	127349999	0.8182546318727272	0.8182546318727272	0.0
127350000	127399999	0.8182546318727272	0.8182546318727272	0.0
127400000	127449999	0.8182546318727272	0.8182546318727272	0.0
127450000	127499999	0.8182546318727272	0.8182546318727272	0.0
127500000	127549999	0.8182546318727272	0.8182546318727272	0.0
127550000	127599999	0.8182546318727272	0.8182546318727272	0.0
127600000	127649999	0.8182546318727272	0.8182546318727272	0.0
127650000	127699999	0.8182546318727272	0.8182546318727272	0.0
127700000	127749999	0.8182546318727272	0.8182546318727272	0.0
127750000	127799999	0.8182546318727272	0.8182546318727272	0.0
127800000	127849999	0.8182546318727272	0.8182546318727272	0.0
127850000	127899999	0.8182546318727272	0.8182546318727272	0.0
127900000	127949999	0.8182546318727272	0.8182546318727272	0.0
127950000	127999999	0.8182546318727272	0.8182546318727272	0.0
128000000	128049999	0.8182546318727272	0.8182546318727272	0.0
128050000	128099999	0.8182546318727272	0.8182546318727272	0.0
128100000	128149999	0.8182546318727272	0.8182546318727272	0.0
128150000	128199999	0.8182546318727272	0.8182546318727272	0.0
128200000	128249999	0.8182546318727272	0.8182546318727272	0.0
128250000	128299999	0.8182546318727272	0.8182546318727272	0.0
128300000	128349999	0.8182546318727272	0.8182546318727272	0.0
128350000	128399999	0.8182546318727272	0.8182546318727272	0.0
128400000	128449999	0.8182546318727272	0.8182546318727272	0.0
128450000	128499999	0.8182546318727272	0.8182546318727272	0.0
128500000	128549999	0.8182546318727272	0.8182546318727272	0.0
128550000	128599999	0.8182546318727272	0.8182546318727272	0.0
128600000	128649999	0.8182546318727272	0.8182546318727272	0.0
128650000	128699999	0.8182546318727272	0.8182546318727272	0.0
128700000	128749999	0.8182546318727272	0.8182546318727272	0.0
128750000	128799999	0.8182546318727272	0.8182546318727272	0.0
128800000	128849999	0.8182546318727272	0.8182546318727272	0.0
128850000	128899999	0.8182546318727272	0.8182546318727272	0.0
128900000	128949999	0.8182546318727272	0.8182546318727272	0.0
128950000	128999999	0.8182546318727272	0.8182546318727272	0.0
129000000	129049999	0.8182546318727272	0.8182546318727272	0.0
129050000	129099999	0.8182546318727272	0.8182546318727272	0.0
129100000	129149999	0.8182546318727272	0.8182546318727272	0.0
129150000	129199999	0.8182546318727272	0.8182546318727272	0.0
129200000	129249999	0.8182546318727272	0.8182546318727272	0.0
129250000	129299999	0.8182546318727272	0.8182546318727272	0.0
129300000	129349999	0.8182546318727272	0.8182546318727272	0.0
129350000	129399999	0.8182546318727272	0.8182546318727272	0.0
129400000	129449999	0.8182546318727272	0.8182546318727272	0.0
129450000	129499999	0.8182546318727272	0.8182546318727272	0.0
129500000	129549999	0.8182546318727272	0.8182546318727272	0.0
129550000	129599999	0.8182546318727272	0.8182546318727272	0.0
129600000	129649999	0.8182546318727272	0.8182546318727272	0.0
129650000	129699999	0.8182546318727272	0.8182546318727272	0.0
129700000	129749999	0.8182546318727272	0.8182546318727272	0.0
129750000	129799999	0.8182546318727272	0.8182546318727272	0.0
129800000	129849999	0.8182546318727272	0.8182546318727272	0.0
129850000	129899999	0.8182546318727272	0.8182546318727272	0.0
129900000	129949999	0.8182546318727272	0.8182546318727272	0.0
129950000	129999999	0.8182546318727272	0.8182546318727272	0.0
130000000	130049999	0.8182546318727272	0.8182546318727272	0.0
130050000	130099999	0.8182546318727272	0.8182546318727272	0.0
130100000	130149999	0.8182546318727272	0.8182546318727272	0.0
130150000	130199999	0.8182546318727272	0.8182546318727272	0.0
130200000	130249999	0.8182546318727272	0.8182546318727272	0.0
130250000	130299999	0.8182546318727272	0.8182546318727272	0.0
130300000	130349999	0.8182546318727272	0.8182546318727272	0.0
130350000	130399999	0.8182546318727272	0.8182546318727272	0.0
130400000	130449999	0.8182546318727272	0.8182546318727272	0.0
130450000	130499999	0.8182546318727272	0.8182546318727272	0.0
130500000	130549999	0.8182546318727272	0.8182546318727272	0.0
130550000	130599999	0.8182546318727272	0.8182546318727272	0.0
130600000	130649999	0.8182546318727272	0.8182546318727272	0.0
130650000	130699999	0.8182546318727272	0.8182546318727272	0.0
130700000	130749999	0.8182546318727272	0.8182546318727272	0.0
130750000	130799999	0.8182546318727272	0.8182546318727272	0.0
130800000	130849999	0.8182546318727272	0.8182546318727272	0.0
130850000	130899999	0.8182546318727272	0.8182546318727272	0.0
130900000	130949999	0.8182546318727272	0.8182546318727272	0.0
130950000	130999999	0.8182546318727272	0.8182546318727272	0.0
131000000	131049999	0.8182546318727272	0.8182546318727272	0.0
131050000	131099999	0.8182546318727272	0.8182546318727272	0.0
131100000	131149999	0.8182546318727272	0.8182546318727272	0.0
131150000	131199999	0.8182546318727272	0.8182546318727272	0.0
131200000	131249999	0.8182546318727272	0.8182546318727272	0.0
131250000	131299999	0.8182546318727272	0.8182546318727272	0.0
131300000	131349999	0.8182546318727272	0.8182546318727272	0.0
131350000	131399999	0.8182546318727272	0.8182546318727272	0.0
131400000	131449999	0.8182546318727272	0.8182546318727272	0.0
131450000	131499999	0.8182546318727272	0.8182546318727272	0.0
131500000	131549999	0.8182546318727272	0.8182546318727272	0.0
131550000	131599999	0.8182546318727272	0.8182546318727272	0.0
131600000	131649999	0.8182546318727272	0.8182546318727272	0.0
131650000	131699999	0.8182546318727272	0.8182546318727272	0.0
131700000	131749999	0.8182546318727272	0.8182546318727272	0.0
131750000	131799999	0.8182546318727272	0.8182546318727272	0.0
131800000	131849999	0.8182546318727272	0.8182546318727272	0.0
131850000	131899999	0.8182546318727272	0.8182546318727272	0.0
131900000	131949999	0.8182546318727272	0.8182546318727272	0.0
131950000	131999999	0.8182546318727272	0.8182546318727272	0.0
132000000	132049999	0.8182546318727272	0.8182546318727272	0.0
132050000	132099999	0.8182546318727272	0.8182546318727272	0.0
132100000	132149999	0.8182546318727272	0.8182546318727272	0.0
132150000	132199999	0.8182546318727272	0.8182546318727272	0.0
132200000	132249999	0.8182546318727272	0.8182546318727272	0.0
132250000	132299999	0.8182546318727272	0.8182546318727272	0.0
132300000	132349999	0.8182546318727272	0.8182546318727272	0.0
132350000	132399999	0.8182546318727272	0.8182546318727272	0.0
132400000	132449999	0.8182546318727272	0.8182546318727272	0.0
132450000	132499999	0.8182546318727272	0.8182546318727272	0.0
132500000	132549999	0.8182546318727272	0.8182546318727272	0.0
132550000	132599999	0.8182546318727272	0.8182546318727272	0.0
132600000	132649999	0.8182546318727272	0.8182546318727272	0.0
132650000	132699999	0.8182546318727272	0.8182546318727272	0.0
132700000	132749999	0.8182546318727272	0.8182546318727272	0.0
132750000	132799999	0.8182546318727272	0.8182546318727272	0.0
132800000	132849999	0.8182546318727272	0.8182546318727272	0.0
132850000	132899999	0.8182546318727272	0.8182546318727272	0.0
132900000	132949999	0.8182546318727272	0.8182546318727272	0.0
132950000	132999999	0.8182546318727272	0.8182546318727272	0.0
133000000	133049999	0.8182546318727272	0.8182546318727272	0.0
133050000	133099999	0.8182546318727272	0.8182546318727272	0.0
133100000	133149999	0.8182546318727272	0.8182546318727272	0.0
133150000	133199999	0.8182546318727272	0.8182546318727272	0.0
133200000	133249999	0.8182546318727272	0.8182546318727272	0.0
133250000	133299999	0.8182546318727272	0.8182546318727272	0.0
133300000	133349999	0.8182546318727272	0.8182546318727272	0.0
133350000	133399999	0.8182546318727272	0.8182546318727272	0.0
133400000	133449999	0.8182546318727272	0.8182546318727272	0.0
133450000	133499999	0.8182546318727272	0.8182546318727272	0.0
133500000	133549999	0.8182546318727272	0.8182546318727272	0.0
133550000	133599999	0.8182546318727272	0.8182546318727272	0.0
133600000	133649999	0.8182546318727272	0.8182546318727272	0.0
133650000	133699999	0.8182546318727272	0.8182546318727272	0.0
133700000	133749999	0.8182546318727272	0.8182546318727272	0.0
133750000	133799999	0.8182546318727272	0.8182546318727272	0.0
133800000	133849999	0.8182546318727272	0.8182546318727272	0.0
133850000	133899999	0.8182546318727272	0.8182546318727272	0.0
133900000	133949999	0.8182546318727272	0.8182546318727272	0.0
133950000	133999999	0.8182546318727272	0.8182546318727272	0.0
134000000	134049999	0.8182546318727272	0.8182546318727272	0.0
134050000	134099999	0.8182546318727272	0.8182546318727272	0.0
134100000	134149999	0.8182546318727272	0.8182546318727272	0.0
134150000	134199999	0.8182546318727272	0.8182546318727272	0.0
134200000	134249999	0.8182546318727272	0.8182546318727272	0.0
134250000	134299999	0.8182546318727272	0.8182546318727272	0.0
134300000	134349999	0.8182546318727272	0.8182546318727272	0.0
134350000	134399999	0.8182546318727272	0.8182546318727272	0.0
134400000	134449999	0.8182546318727272	0.8182546318727272	0.0
134450000	134499999	0.8182546318727272	0.8182546318727272	0.0
134500000	134549999	0.8182546318727272	0.8182546318727272	0.0
134550000	134599999	0.8182546318727272	0.8182546318727272	0.0
134600000	134649999	0.8182546318727272	0.8182546318727272	0.0
134650000	134699999	0.8182546318727272	0.8182546318727272	0.0
134700000	134749999	0.8182546318727272	0.8182546318727272	0.0
134750000	134799999	0.8182546318727272	0.8182546318727272	0.0
134800000	134849999	0.8182546318727272	0.8182546318727272	0.0
134850000	134899999	0.8182546318727272	0.8182546318727272	0.0
134900000	134949999	0.8182546318727272	0.8182546318727272	0.0
134950000	134999999	0.8182546318727272	0.8182546318727272	0.0
135000000	135049999	0.8182546318727272	0.8182546318727272	0.0
135050000	135099999	0.8182546318727272	0.8182546318727272	0.0
135100000	135149999	0.8182546318727272	0.8182546318727272	0.0
135150000	135199999	0.8182546318727272	0.8182546318727272	0.0
135200000	135249999	0.8182546318727272	0.8182546318727272	0.0
135250000	135299999	0.8182546318727272	0.8182546318727272	0.0
135300000	135349999	0.8182546318727272	0.8182546318727272	0.0
135350000	135399999	0.8182546318727272	0.8182546318727272	0.0
135400000	135449999	0.8182546318727272	0.8182546318727272	0.0
135450000	135499999	0.8182546318727272	0.8182546318727272	0.0
135500000	135549999	0.8182546318727272	0.8182546318727272	0.0
135550000	135599999	0.8182546318727272	0.8182546318727272	0.0
135600000	135649999	0.8182546318727272	0.8182546318727272	0.0
135650000	135699999	0.8182546318727272	0.8182546318727272	0.0
135700000	135749999	0.8182546318727272	0.8182546318727272	0.0
135750000	135799999	0.8182546318727272	0.8182546318727272	0.0
135800000	135849999	0.8182546318727272	0.8182546318727272	0.0
135850000	135899999	0.8182546318727272	0.8182546318727272	0.0
135900000	135949999	0.8182546318727272	0.8182546318727272	0.0
135950000	135999999	0.8182546318727272	0.8182546318727272	0.0
136000000	136049999	0.8182546318727272	0.8182546318727272	0.0
136050000	136099999	0.8182546318727272	0.8182546318727272	0.0
136100000	136149999	0.8182546318727272	0.8182546318727272	0.0
136150000	136199999	0.8182546318727272	0.8182546318727272	0.0
136200000	136249999	0.8182546318727272	0.8182546318727272	0.0
136250000	136299999	0.8182546318727272	0.8182546318727272	0.0
136300000	136349999	0.8182546318727272	0.8182546318727272	0.0
136350000	136399999	0.8182546318727272	0.8182546318727272	0.0
136400000	136449999	0.8182546318727272	0.8182546318727272	0.0
136450000	136499999	0.8182546318727272	0.8182546318727272	0.0
136500000	136549999	0.8182546318727272	0.8182546318727272	0.0
136550000	136599999	0.8182546318727272	0.8182546318727272	0.0
136600000	136649999	0.8182546318727272	0.8182546318727272	0.0
136650000	136699999	0.8182546318727272	0.8182546318727272	0.0
136700000	136749999	0.8182546318727272	0.8182546318727272	0.0
136750000	136799999	0.8182546318727272	0.8182546318727272	0.0
136800000	136849999	0.8182546318727272	0.8182546318727272	0.0
136850000	136899999	0.8182546318727272	0.8182546318727272	0.0
136900000	136949999	0.8182546318727272	0.8182546318727272	0.0
136950000	136999999	0.8182546318727272	0.8182546318727272	0.0
137000000	137049999	0.8182546318727272	0.8182546318727272	0.0
137050000	137099999	0.8182546318727272	0.8182546318727272	0.0
137100000	137149999	0.8182546318727272	0.8182546318727272	0.0
137150000	137199999	0.8182546318727272	0.8182546318727272	0.0
137200000	137249999	0.8182546318727272	0.8182546318727272	0.0
137250000	137299999	0.8182546318727272	0.8182546318727272	0.0
137300000	137349999	0.8182546318727272	0.8182546318727272	0.0
137350000	137399999	0.8182546318727272	0.8182546318727272	0.0
137400000	137449999	0.8182546318727272	0.8182546318727272	0.0
137450000	137499999	0.8182546318727272	0.8182546318727272	0.0
137500000	137549999	0.8182546318727272	0.8182546318727272	0.0
137550000	137599999	0.8182546318727272	0.8182546318727272	0.0
137600000	137649999	0.8182546318727272	0.8182546318727272	0.0
137650000	137699999	0.8182546318727272	0.8182546318727272	0.0
137700000	137749999	0.8182546318727272	0.8182546318727272	0.0
137750000	137799999	0.8182546318727272	0.8182546318727272	0.0
137800000	137849999	0.8182546318727272	0.8182546318727272	0.0
137850000	137899999	0.8182546318727272	0.8182546318727272	0.0
137900000	137949999	0.8182546318727272	0.8182546318727272	0.0
137950000	137999999	0.8182546318727272	0.8182546318727272	0.0
138000000	138049999	0.8182546318727272	0.8182546318727272	0.0
138050000	138099999	0.8182546318727272	0.8182546318727272	0.0
138100000	138149999	0.8182546318727272	0.8182546318727272	0.0
138150000	138199999	0.8182546318727272	0.8182546318727272	0.0
138200000	138249999	0.8182546318727272	0.8182546318727272	0.0
138250000	138299999	0.8182546318727272	0.8182546318727272	0.0
138300000	138349999	0.8182546318727272	0.8182546318727272	0.0
138350000	138399999	0.8182546318727272	0.8182546318727272	0.0
138400000	138449999	0.8182546318727272	0.8182546318727272	0.0
138450000	138499999	0.8182546318727272	0.8182546318727272	0.0
138500000	138549999	0.8182546318727272	0.8182546318727272	0.0
138550000	138599999	0.8182546318727272	0.8182546318727272	0.0
138600000	138649999	0.8182546318727272	0.8182546318727272	0.0
138650000	138699999	0.8182546318727272	0.8182546318727272	0.0
138700000	138749999	0.8182546318727272	0.8182546318727272	0.0
138750000	138799999	0.8182546318727272	0.8182546318727272	0.0
138800000	138849999	0.8182546318727272	0.8182546318727272	0.0
138850000	138899999	0.8182546318727272	0.8182546318727272	0.0
138900000	138949999	0.8182546318727272	0.8182546318727272	0.0
138950000	138999999	0.8182546318727272	0.8182546318727272	0.0
139000000	139049999	0.8182546318727272	0.8182546318727272	0.0
139050000	139099999	0.8182546318727272	0.8182546318727272	0.0
139100000	139149999	0.8182546318727272	0.8182546318727272	0.0
139150000	139199999	0.8182546318727272	0.8182546318727272	0.0
139200000	139249999	0.8182546318727272	0.8182546318727272	0.0
139250000	139299999	0.8182546318727272	0.8182546318727272	0.0
139300000	139349999	0.8182546318727272	0.8182546318727272	0.0
139350000	139399999	0.8182546318727272	0.8182546318727272	0.0
139400000	139449999	0.8182546318727272	0.8182546318727272	0.0
139450000	139499999	0.8182546318727272	0.8182546318727272	0.0
139500000	139549999	0.8182546318727272	0.8182546318727272	0.0
139550000	139599999	0.8182546318727272	0.8182546318727272	0.0
139600000	139649999	0.8182546318727272	0.8182546318727272	0.0
139650000	139699999	0.8182546318727272	0.8182546318727272	0.0
139700000	139749999	0.8182546318727272	0.8182546318727272	0.0
139750000	139799999	0.8182546318727272	0.8182546318727272	0.0
139800000	139849999	0.8182546318727272	0.8182546318727272	0.0
139850000	139899999	0.8182546318727272	0.8182546318727272	0.0
139900000	139949999	0.8182546318727272	0.8182546318727272	0.0
139950000	139999999	0.8182546318727272	0.8182546318727272	0.0
140000000	140049999	0.8182546318727272	0.8182546318727272	0.0
140050000	140099999	0.8182546318727272	0.8182546318727272	0.0
140100000	140149999	0.8182546318727272	0.8182546318727272	0.0
140150000	140199999	0.8182546318727272	0.8182546318727272	0.0
140200000	140249999	0.8182546318727272	0.8182546318727272	0.0
140250000	140299999	0.8182546318727272	0.8182546318727272	0.0
140300000	140349999	0.8182546318727272	0.8182546318727272	0.0
140350000	140399999	0.8182546318727272	0.8182546318727272	0.0
140400000	140449999	0.8182546318727272	0.8182546318727272	0.0
140450000	140499999	0.8182546318727272	0.8182546318727272	0.0
140500000	140549999	0.8182546318727272	0.8182546318727272	0.0
140550000	140599999	0.8182546318727272	0.8182546318727272	0.0
140600000	140649999	0.8182546318727272	0.8182546318727272	0.0
140650000	140699999	0.8182546318727272	0.8182546318727272	0.0
140700000	140749999	0.8182546318727272	0.8182546318727272	0.0
140750000	140799999	0.8182546318727272	0.8182546318727272	0.0
140800000	140849999	0.8182546318727272	0.8182546318727272	0.0
140850000	140899999	0.8182546318727272	0.8182546318727272	0.0
140900000	140949999	0.8182546318727272	0.8182546318727272	0.0
140950000	140999999	0.8182546318727272	0.8182546318727272	0.0
141000000	141049999	0.8182546318727272	0.8182546318727272	0.0
141050000	141099999	0.8182546318727272	0.8182546318727272	0.0
141100000	141149999	0.8182546318727272	0.8182546318727272	0.0
141150000	141199999	0.8182546318727272	0.8182546318727272	0.0
141200000	141249999	0.8182546318727272	0.8182546318727272	0.0
141250000	141299999	0.8182546318727272	0.8182546318727272	0.0
141300000	141349999	0.8182546318727272	0.8182546318727272	0.0
141350000	141399999	0.8182546318727272	0.8182546318727272	0.0
141400000	141449999	0.8182546318727272	0.8182546318727272	0.0
141450000	141499999	0.8182546318727272	0.8182546318727272	0.0
141500000	141549999	0.8182546318727272	0.8182546318727272	0.0
141550000	141599999	0.8182546318727272	0.8182546318727272	0.0
141600000	141649999	0.8182546318727272	0.8182546318727272	0.0
141650000	141699999	0.8182546318727272	0.8182546318727272	0.0
141700000	141749999	0.8182546318727272	0.8182546318727272	0.0
141750000	141799999	0.8182546318727272	0.8182546318727272	0.0
141800000	141849999	0.8182546318727272	0.8182546318727272	0.0
141850000	141899999	0.8182546318727272	0.8182546318727272	0.0
141900000	141949999	0.8182546318727272	0.8182546318727272	0.0
141950000	141999999	0.8182546318727272	0.8182546318727272	0.0
142000000	142049999	0.9559531348584415	0.8182546318727272	0.1376985029857143
142050000	142099999	1.0758673046965366	0.8182546318727272	0.2576126728238094
142100000	142149999	1.2164070984536797	0.8182546318727272	0.3981524665809525
142150000	142199999	1.2584426220012985	0.8182546318727272	0.44018799012857135
142200000	142249999	1.2358792811632033	0.8182546318727272	0.41762464929047616
142250000	142299999	1.2810964475917748	0.8182546318727272	0.4628418157190476
142300000	142349999	1.6750364042632033	0.8182546318727272	0.8567817723904761
142350000	142399999	1.7930143237393938	0.8182546318727272	0.9747596918666667
142400000	142449999	1.8144331498441557	0.8182546318727272	0.9961785179714285
142450000	142499999	1.7810722077965369	0.8182546318727272	0.9628175759238097
142500000	142549999	1.7810722077965369	0.8182546318727272	0.9628175759238097
142550000	142599999	1.7810722077965369	0.8182546318727272	0.9628175759238097
142600000	142649999	1.8278411146965365	0.8182546318727272	1.0095864828238095
142650000	142699999	1.8951977095203465	0.8182546318727272	1.0769430776476194
142700000	142749999	1.9462307745489178	0.8182546318727272	1.1279761426761907
142750000	142799999	1.9901770647965367	0.8182546318727272	1.1719224329238096
142800000	142849999	1.9447558893012986	0.8182546318727272	1.1265012574285715
142850000	142899999	1.9455650345060604	0.8182546318727272	1.1273104026333334
142900000	142949999	1.9605843720441558	0.8182546318727272	1.1423297401714287
142950000	142999999	1.9890211838346321	0.8182546318727272	1.170766551961905
143000000	143049999	2.0852166983012985	0.8182546318727272	1.2669620664285715
143050000	143099999	1.9475181953155847	0.8182546318727272	1.1292635634428576
143100000	143149999	1.780399339191775	0.8182546318727272	0.9621447073190478
143150000	143199999	1.598466074444156	0.8182546318727272	0.7802114425714287
143200000	143249999	1.5295228986251082	0.8182546318727272	0.711268266752381
143250000	143299999	1.519125567091775	0.8182546318727272	0.7008709352190478
143300000	143349999	1.4739084006632033	0.8182546318727272	0.6556537687904761
143350000	143399999	1.0397631964441558	0.8182546318727272	0.22150856457142865
143400000	143449999	0.9095141846012986	0.8182546318727272	0.09125955272857145
143450000	143499999	0.8750093024203462	0.8182546318727272	0.05675467054761907
143500000	143549999	0.9628407889727271	0.8182546318727272	0.1445861570999999
143550000	143599999	0.962708712782251	0.8182546318727272	0.14445408090952383
143600000	143649999	0.9157011283584414	0.8182546318727272	0.09744649648571424
143650000	143699999	0.8221690817155843	0.8182546318727272	0.0039144498428571595
143700000	143749999	0.7074477596108224	0.8182546318727272	-0.11080687226190478
143750000	143799999	0.6100731426108225	0.8182546318727272	-0.20818148926190472
143800000	143849999	0.5326777882108225	0.8182546318727272	-0.2855768436619047
143850000	143899999	0.539605370777489	0.8182546318727272	-0.27864926109523813
143900000	143949999	0.49176123646320336	0.8182546318727272	-0.3264933954095238
143950000	143999999	0.4336198990393939	0.8182546318727272	-0.38463473283333327
144000000	144049999	0.45406843911082245	0.8182546318727272	-0.3641861927619047
144050000	144099999	0.34133872369653667	0.8182546318727272	-0.4769159081761905
144100000	144149999	0.3152525459251082	0.8182546318727272	-0.503002085947619
144150000	144199999	0.3887300790917747	0.8182546318727272	-0.4295245527809525
144200000	144249999	0.4258150192965367	0.8182546318727272	-0.3924396125761905
144250000	144299999	0.4527226715679653	0.8182546318727272	-0.36553196030476187
144300000	144349999	0.6383575746679653	0.8182546318727272	-0.1798970572047619
144350000	144399999	0.7001825044298701	0.8182546318727272	-0.11807212744285711
144400000	144449999	0.8282249425393938	0.8182546318727272	0.009970310666666649
144450000	144499999	0.9247525824917748	0.8182546318727272	0.10649795061904765
144500000	144549999	1.1007606652441557	0.8182546318727272	0.28250603337142854
144550000	144599999	1.1942029142251083	0.8182546318727272	0.3759482823523811
144600000	144649999	1.2720871595679653	0.8182546318727272	0.4538325276952381
144650000	144699999	1.3271184208012987	0.8182546318727272	0.5088637889285715
144700000	144749999	1.4106534459727271	0.8182546318727272	0.5923988141
144750000	144799999	1.5128677168012987	0.8182546318727272	0.6946130849285715
144800000	144849999	1.5225227926965368	0.8182546318727272	0.7042681608238096
144850000	144899999	1.581643000234632	0.8182546318727272	0.7633883683619048
144900000	144949999	1.630511800477489	0.8182546318727272	0.8122571686047618
144950000	144999999	1.6812534659822511	0.8182546318727272	0.8629988341095239
145000000	145049999	1.7256643902108224	0.8182546318727272	0.9074097583380952
145050000	145099999	1.6789830951679654	0.8182546318727272	0.8607284632952382
145100000	145149999	1.6905936579441558	0.8182546318727272	0.8723390260714287
145150000	145199999	1.714846091020346	0.8182546318727272	0.8965914591476188
145200000	145249999	1.6831664191108224	0.8182546318727272	0.8649117872380953
145250000	145299999	1.704381900525108	0.8182546318727272	0.8861272686523808
145300000	145349999	1.7105695555489178	0.8182546318727272	0.8923149236761906
145350000	145399999	1.5103373100632034	0.8182546318727272	0.6920826781904762
145400000	145449999	1.4017417605060607	0.8182546318727272	0.5834871286333335
145450000	145499999	1.269293282282251	0.8182546318727272	0.45103865040952373
145500000	145549999	1.1474544829108224	0.8182546318727272	0.32919985103809524
145550000	145599999	0.9372349601012986	0.8182546318727272	0.11898032822857141
145600000	145649999	0.741913305587013	0.8182546318727272	-0.07634132628571422
145650000	145699999	0.6190650901632033	0.8182546318727272	-0.19918954170952385
145700000	145749999	0.5673170874727271	0.8182546318727272	-0.25093754440000005
145750000	145799999	0.4859979075632033	0.8182546318727272	-0.33225672430952385
145800000	145849999	0.38698568807748907	0.8182546318727272	-0.4312689437952381
145850000	145899999	0.3885333036203462	0.8182546318727272	-0.42972132825238096
145900000	145949999	0.31790553352986994	0.8182546318727272	-0.5003490983428572
145950000	145999999	0.3405854598489176	0.8182546318727272	-0.4776691720238096
146000000	146049999	0.3311352927489177	0.8182546318727272	-0.4871193391238095
146050000	146099999	0.3194303494203462	0.8182546318727272	-0.498824282452381
146100000	146149999	0.3310721506393939	0.8182546318727272	-0.4871824812333333
146150000	146199999	0.33265733490129856	0.8182546318727272	-0.4855972969714286
146200000	146249999	0.3260984951584416	0.8182546318727272	-0.4921561367142856
146250000	146299999	0.3354751818536796	0.8182546318727272	-0.4827794500190476
146300000	146349999	0.3267556430203462	0.8182546318727272	-0.49149898885238097
146350000	146399999	0.327117789782251	0.8182546318727272	-0.4911368420904762
146400000	146449999	0.3737847233632033	0.8182546318727272	-0.4444699085095239
146450000	146499999	0.4181313663536795	0.8182546318727272	-0.4001232655190477
146500000	146549999	0.46448644966796526	0.8182546318727272	-0.3537681822047619
146550000	146599999	0.49937398325844146	0.8182546318727272	-0.3188806486142857
146600000	146649999	0.5471400932155843	0.8182546318727272	-0.27111453865714286
146650000	146699999	0.5921739272489177	0.8182546318727272	-0.22608070462380947
146700000	146749999	0.6317340919489176	0.8182546318727272	-0.18652053992380957
146750000	146799999	0.6675631006489176	0.8182546318727272	-0.15069153122380963
146800000	146849999	0.7167116107108225	0.8182546318727272	-0.10154302116190472
146850000	146899999	0.7595330148393938	0.8182546318727272	-0.05872161703333334
146900000	146949999	0.7693361914489176	0.8182546318727272	-0.04891844042380955
146950000	146999999	0.7674161358060605	0.8182546318727272	-0.05083849606666668
147000000	147049999	0.6891982544155844	0.8182546318727272	-0.12905637745714282
147050000	147099999	0.6512113940203462	0.8182546318727272	-0.16704323785238095
147100000	147149999	0.6145181898060605	0.8182546318727272	-0.20373644206666663
147150000	147199999	0.5534854083155842	0.8182546318727272	-0.26476922355714294
147200000	147249999	0.5342715608536796	0.8182546318727272	-0.28398307101904763
147250000	147299999	0.5265120944012986	0.8182546318727272	-0.29174253747142853
147300000	147349999	0.5038047408012987	0.8182546318727272	-0.3144498910714285
147350000	147399999	0.45366733637748907	0.8182546318727272	-0.3645872954952381
147400000	147449999	0.40959421078701297	0.8182546318727272	-0.4086604210857142
147450000	147499999	0.3820308808679653	0.8182546318727272	-0.4362237510047619
147500000	147549999	0.35416430542987004	0.8182546318727272	-0.46409032644285714
147550000	147599999	0.35242050977748907	0.8182546318727272	-0.4658341220952381
147600000	147649999	0.3551152279727272	0.8182546318727272	-0.46313940389999997
147650000	147699999	0.3201121634870128	0.8182546318727272	-0.49814246838571435
147700000	147749999	0.32842993795844144	0.8182546318727272	-0.48982469391428574
147750000	147799999	0.28766854608701276	0.8182546318727272	-0.5305860857857144
147800000	147849999	0.25554033835844137	0.8182546318727272	-0.5627142935142858
147850000	147899999	0.21408951832510803	0.8182546318727272	-0.6041651135476191
147900000	147949999	0.21543079013463184	0.8182546318727272	-0.6028238417380953
147950000	147999999	0.24076647405844143	0.8182546318727272	-0.5774881578142858
148000000	148049999	0.3078411101870129	0.8182546318727272	-0.5104135216857143
148050000	148099999	0.3520553793774891	0.8182546318727272	-0.4661992524952381
148100000	148149999	0.37275144000129873	0.8182546318727272	-0.44550319187142845
148150000	148199999	0.38809330678225096	0.8182546318727272	-0.4301613250904762
148200000	148249999	0.38813150152510806	0.8182546318727272	-0.4301231303476191
148250000	148299999	0.37426266714891765	0.8182546318727272	-0.44399196472380953
148300000	148349999	0.39090096615367953	0.8182546318727272	-0.42735366571904765
148350000	148399999	0.46365198549177483	0.8182546318727272	-0.35460264638095235
148400000	148449999	0.542003977182251	0.8182546318727272	-0.27625065469047616
148450000	148499999	0.5620825838489176	0.8182546318727272	-0.25617204802380955
148500000	148549999	0.8050625387489176	0.8182546318727272	-0.013192093123809534
148550000	148599999	0.8371396464251081	0.8182546318727272	0.018885014552380897
148600000	148649999	0.8226965454965367	0.8182546318727272	0.004441913623809524
148650000	148699999	0.8039982561917748	0.8182546318727272	-0.014256375680952393
148700000	148749999	0.8569267965393939	0.8182546318727272	0.038672164666666675
148750000	148799999	0.8606962943393938	0.8182546318727272	0.042441662466666585
148800000	148849999	0.9212463497346319	0.8182546318727272	0.10299171786190475
148850000	148899999	0.9445024567679653	0.8182546318727272	0.12624782489523811
148900000	148949999	0.9607747641584414	0.8182546318727272	0.14252013228571425
148950000	148999999	0.9170019269346319	0.8182546318727272	0.09874729506190472
149000000	149049999	0.8770874136155843	0.8182546318727272	0.05883278174285711
149050000	149099999	0.83166793062987	0.8182546318727272	0.01341329875714281
149100000	149149999	0.8133929873870128	0.8182546318727272	-0.004861644485714356
149150000	149199999	0.8387589945012985	0.8182546318727272	0.02050436262857136
149200000	149249999	0.8778943770917749	0.8182546318727272	0.05963974521904769
149250000	149299999	0.9118019682060604	0.8182546318727272	0.09354733633333323
149300000	149349999	0.9115613994536795	0.8182546318727272	0.09330676758095235
149350000	149399999	0.9051519054108224	0.8182546318727272	0.08689727353809518
149400000	149449999	0.8558459920155843	0.8182546318727272	0.03759136014285713
149450000	149499999	0.8277802434203462	0.8182546318727272	0.009525611547618995
149500000	149549999	0.8566244292060605	0.8182546318727272	0.038369797333333344
149550000	149599999	0.6637206083155843	0.8182546318727272	-0.15453402355714285
149600000	149649999	0.6614381899917748	0.8182546318727272	-0.15681644188095234
149650000	149699999	0.6823649014203462	0.8182546318727272	-0.13588973045238095
149700000	149749999	0.706948598287013	0.8182546318727272	-0.11130603358571423
149750000	149799999	0.6952432306108225	0.8182546318727272	-0.12301140126190468
149800000	149849999	0.6928349494679653	0.8182546318727272	-0.12541968240476187
149850000	149899999	0.69272570922987	0.8182546318727272	-0.1255289226428572
149900000	149949999	0.7136710943155843	0.8182546318727272	-0.10458353755714289
149950000	149999999	0.7407474755441558	0.8182546318727272	-0.07750715632857141
150000000	150049999	0.7870782929632034	0.8182546318727272	-0.03117633890952376
150050000	150099999	0.8331013145012987	0.8182546318727272	0.014846682628571473
150100000	150149999	0.8748443664346319	0.8182546318727272	0.05658973456190475
150150000	150199999	0.9137221534917748	0.8182546318727272	0.09546752161904759
150200000	150249999	0.9230532284155843	0.8182546318727272	0.10479859654285717
150250000	150299999	0.9214097261441557	0.8182546318727272	0.10315509427142855
150300000	150349999	0.9432540053393939	0.8182546318727272	0.12499937346666667
150350000	150399999	0.9896779486727272	0.8182546318727272	0.1714233168
150400000	150449999	0.9996213662489177	0.8182546318727272	0.18136673437619055
150450000	150499999	0.9990227753203462	0.8182546318727272	0.18076814344761905
150500000	150549999	0.9981220787917748	0.8182546318727272	0.17986744691904766
150550000	150599999	0.9948090459679653	0.8182546318727272	0.1765544140952381
150600000	150649999	0.9745216151679653	0.8182546318727272	0.15626698329523814
150650000	150699999	0.9823493813441557	0.8182546318727272	0.16409474947142855
150700000	150749999	0.9864431194060606	0.8182546318727272	0.16818848753333338
150750000	150799999	0.9820157634441558	0.8182546318727272	0.16376113157142858
150800000	150849999	0.9775806771108224	0.8182546318727272	0.15932604523809524
150850000	150899999	0.984984534482251	0.8182546318727272	0.1667299026095238
150900000	150949999	0.9792428464060605	0.8182546318727272	0.16098821453333334
150950000	150999999	0.9777445002203462	0.8182546318727272	0.15948986834761902
151000000	151049999	0.9712787881155843	0.8182546318727272	0.15302415624285715
151050000	151099999	0.9728586567012986	0.8182546318727272	0.15460402482857138
151100000	151149999	0.9842575891393939	0.8182546318727272	0.1660029572666667
151150000	151199999	0.9639030904870128	0.8182546318727272	0.14564845861428566
151200000	151249999	0.9523552168203462	0.8182546318727272	0.134100584947619
151250000	151299999	0.94349164622987	0.8182546318727272	0.12523701435714285
151300000	151349999	0.940798800877489	0.8182546318727272	0.12254416900476184
151350000	151399999	0.9420207166632033	0.8182546318727272	0.12376608479047613
151400000	151449999	0.9401479345584415	0.8182546318727272	0.1218933026857143
151450000	151499999	0.9374845664203462	0.8182546318727272	0.11922993454761899
151500000	151549999	0.9494142976632034	0.8182546318727272	0.13115966579047622
151550000	151599999	0.9343792885060606	0.8182546318727272	0.11612465663333338
151600000	151649999	0.9279209981155844	0.8182546318727272	0.1096663662428572
151650000	151699999	0.9174900445679652	0.8182546318727272	0.09923541269523806
151700000	151749999	0.911259412782251	0.8182546318727272	0.0930047809095238
151750000	151799999	0.906605316882251	0.8182546318727272	0.08835068500952381
151800000	151849999	0.9231909576441557	0.8182546318727272	0.10493632577142853
151850000	151899999	0.90887297042987	0.8182546318727272	0.09061833855714285
151900000	151949999	0.8790578276298701	0.8182546318727272	0.06080319575714288
151950000	151999999	0.8551739228251081	0.8182546318727272	0.03691929095238089
152000000	152049999	0.8416812374727272	0.8182546318727272	0.023426605599999983
152050000	152099999	0.8242483385060605	0.8182546318727272	0.005993706633333318
152100000	152149999	0.8081945801155843	0.8182546318727272	-0.010060051757142863
152150000	152199999	0.7781148616012986	0.8182546318727272	-0.040139770271428565
152200000	152249999	0.7729510203393939	0.8182546318727272	-0.04530361153333329
152250000	152299999	0.7584764851155843	0.8182546318727272	-0.05977814675714288
152300000	152349999	0.7483997442012986	0.8182546318727272	-0.06985488767142856
152350000	152399999	0.7387184741155843	0.8182546318727272	-0.07953615775714284
152400000	152449999	0.7162150297298701	0.8182546318727272	-0.10203960214285712
152450000	152499999	0.7051157543251081	0.8182546318727272	-0.11313887754761909
152500000	152549999	0.7280809668060605	0.8182546318727272	-0.09017366506666669
152550000	152599999	0.7289571576489177	0.8182546318727272	-0.08929747422380951
152600000	152649999	0.7471706008060606	0.8182546318727272	-0.07108403106666661
152650000	152699999	0.7401334030060605	0.8182546318727272	-0.07812122886666673
152700000	152749999	0.7523659600060605	0.8182546318727272	-0.06588867186666669
152750000	152799999	0.7515073404489176	0.8182546318727272	-0.06674729142380953
152800000	152849999	0.750450732134632	0.8182546318727272	-0.0678038997380952
152850000	152899999	0.7312482132489176	0.8182546318727272	-0.08700641862380953
152900000	152949999	0.7449816759155843	0.8182546318727272	-0.0732729559571429
152950000	152999999	0.7620900555203463	0.8182546318727272	-0.056164576352380924
153000000	153049999	0.7821539981632034	0.8182546318727272	-0.036100633709523766
153050000	153099999	0.7958028336346319	0.8182546318727272	-0.02245179823809529
153100000	153149999	0.8196386478679653	0.8182546318727272	0.0013840159952380748
153150000	153199999	0.8303077554917748	0.8182546318727272	0.012053123619047645
153200000	153249999	0.8441905077108224	0.8182546318727272	0.0259358758380952
153250000	153299999	0.8500099019203462	0.8182546318727272	0.03175527004761902
153300000	153349999	0.8709997831965367	0.8182546318727272	0.052745151323809525
153350000	153399999	0.8880266986727272	0.8182546318727272	0.06977206680000003
153400000	153449999	0.8960971930965367	0.8182546318727272	0.0778425612238095
153450000	153499999	0.9196672784536796	0.8182546318727272	0.10141264658095239
153500000	153549999	0.9454520051870129	0.8182546318727272	0.1271973733142857
153550000	153599999	0.9254599880489176	0.8182546318727272	0.10720535617619043
153600000	153649999	0.9233823021917749	0.8182546318727272	0.10512767031904768
153650000	153699999	0.9191256212679653	0.8182546318727272	0.10087098939523809
153700000	153749999	0.9284216861346319	0.8182546318727272	0.11016705426190476
153750000	153799999	0.9343258583584414	0.8182546318727272	0.11607122648571422
153800000	153849999	0.9344487407489177	0.8182546318727272	0.11619410887619053
153850000	153899999	0.9269828837917748	0.8182546318727272	0.10872825191904767
153900000	153949999	0.922917707677489	0.8182546318727272	0.10466307580476186
153950000	153999999	0.9207680309393939	0.8182546318727272	0.10251339906666668
154000000	154049999	0.9170057640774891	0.8182546318727272	0.09875113220476195
154050000	154099999	0.9155498551870129	0.8182546318727272	0.09729522331428575
154100000	154149999	0.9235440145870129	0.8182546318727272	0.10528938271428567
154150000	154199999	0.9144963561584415	0.8182546318727272	0.09624172428571431
154200000	154249999	0.9224337904965367	0.8182546318727272	0.10417915862380955
154250000	154299999	0.9303234327251081	0.8182546318727272	0.11206880085238091
154300000	154349999	0.9372011559251081	0.8182546318727272	0.11894652405238093
154350000	154399999	0.9303691754298701	0.8182546318727272	0.1121145435571429
154400000	154449999	0.9240011350870129	0.8182546318727272	0.10574650321428569
154450000	154499999	0.925087111777489	0.8182546318727272	0.10683247990476186
154500000	154549999	0.9223872254822509	0.8182546318727272	0.10413259360952376
154550000	154599999	0.8985402648155844	0.8182546318727272	0.08028563294285718
154600000	154649999	0.8986124534108224	0.8182546318727272	0.08035782153809523
154650000	154699999	0.8837021581727272	0.8182546318727272	0.06544752630000006
154700000	154749999	0.8794767020346319	0.8182546318727272	0.06122207016190473
154750000	154799999	0.8805079720012986	0.8182546318727272	0.06225334012857142
154800000	154849999	0.8838343093917749	0.8182546318727272	0.0655796775190477
154850000	154899999	0.895100320834632	0.8182546318727272	0.0768456889619048
154900000	154949999	0.9124901856632034	0.8182546318727272	0.09423555379047621
154950000	154999999	0.9370338307060605	0.8182546318727272	0.11877919883333332
155000000	155049999	0.9465037485965366	0.8182546318727272	0.12824911672380945
155050000	155099999	0.96628742792987	0.8182546318727272	0.1480327960571428
155100000	155149999	0.9646146640441557	0.8182546318727272	0.14636003217142857
155150000	155199999	0.9649605319203463	0.8182546318727272	0.14670590004761908
155200000	155249999	0.9707749897346319	0.8182546318727272	0.15252035786190477
155250000	155299999	0.9735428625917748	0.8182546318727272	0.15528823071904763
155300000	155349999	0.9733848874012986	0.8182546318727272	0.1551302555285714
155350000	155399999	0.9723475673584414	0.8182546318727272	0.15409293548571423
155400000	155449999	0.9662572603108224	0.8182546318727272	0.1480026284380952
155450000	155499999	0.9687852837108224	0.8182546318727272	0.15053065183809522
155500000	155549999	0.9668293494774891	0.8182546318727272	0.14857471760476193
155550000	155599999	0.9665878129346319	0.8182546318727272	0.14833318106190474
155600000	155649999	0.9666339641108224	0.8182546318727272	0.14837933223809519
155650000	155699999	0.9711227290393938	0.8182546318727272	0.1528680971666666
155700000	155749999	0.969553638734632	0.8182546318727272	0.15129900686190478
155750000	155799999	0.9672037558012986	0.8182546318727272	0.1489491239285714
155800000	155849999	0.9648850072679652	0.8182546318727272	0.14663037539523804
155850000	155899999	0.9583199817727271	0.8182546318727272	0.14006534989999997
155900000	155949999	0.9468300064870129	0.8182546318727272	0.1285753746142857
155950000	155999999	0.9411698423108223	0.8182546318727272	0.12291521043809517
156000000	156049999	0.9261748444632034	0.8182546318727272	0.10792021259047624
156050000	156099999	0.9212869905012986	0.8182546318727272	0.10303235862857141
156100000	156149999	0.9174305153536796	0.8182546318727272	0.09917588348095241
156150000	156199999	0.9311627707155843	0.8182546318727272	0.11290813884285711
156200000	156249999	0.932071370934632	0.8182546318727272	0.11381673906190481
156250000	156299999	0.9427357891632033	0.8182546318727272	0.12448115729047615
156300000	156349999	0.9498861484917748	0.8182546318727272	0.1316315166190476
156350000	156399999	0.9518090908727272	0.8182546318727272	0.13355445900000007
156400000	156449999	0.9708824214203462	0.8182546318727272	0.15262778954761902
156450000	156499999	0.9864041192632034	0.8182546318727272	0.1681494873904762
156500000	156549999	0.9968002879917748	0.8182546318727272	0.1785456561190476
156550000	156599999	1.001972255039394	0.8182546318727272	0.18371762316666673
156600000	156649999	0.9993612609251081	0.8182546318727272	0.18110662905238095
156650000	156699999	1.0056537788155844	0.8182546318727272	0.1873991469428572
156700000	156749999	1.0024797687108224	0.8182546318727272	0.18422513683809527
156750000	156799999	1.0254601921108224	0.8182546318727272	0.20720556023809522
156800000	156849999	1.0368613651489178	0.8182546318727272	0.21860673327619062
156850000	156899999	1.0380231441108225	0.8182546318727272	0.21976851223809535
156900000	156949999	1.0326590948536796	0.8182546318727272	0.2144044629809524
156950000	156999999	1.0324555332060605	0.8182546318727272	0.21420090133333336
157000000	157049999	1.0226446562870128	0.8182546318727272	0.20439002441428566
157050000	157099999	1.017354945377489	0.8182546318727272	0.19910031350476187
157100000	157149999	1.0159501486012987	0.8182546318727272	0.19769551672857155
157150000	157199999	1.000336014182251	0.8182546318727272	0.18208138230952386
157200000	157249999	0.9839353374060605	0.8182546318727272	0.16568070553333336
157250000	157299999	0.9723766920489176	0.8182546318727272	0.15412206017619046
157300000	157349999	0.9463721473584414	0.8182546318727272	0.12811751548571426
157350000	157399999	0.9250434086632033	0.8182546318727272	0.10678877679047616
157400000	157449999	0.9049351395870129	0.8182546318727272	0.0866805077142857
157450000	157499999	0.8730131724727271	0.8182546318727272	0.05475854059999996
157500000	157549999	0.8428145055917748	0.8182546318727272	0.024559873719047665
157550000	157599999	0.815833425034632	0.8182546318727272	-0.0024212068380952134
157600000	157649999	0.8097869730060605	0.8182546318727272	-0.008467658866666672
157650000	157699999	0.7903277654346319	0.8182546318727272	-0.027926866438095277
157700000	157749999	0.777403311734632	0.8182546318727272	-0.040851320138095226
157750000	157799999	0.7648306058965367	0.8182546318727272	-0.05342402597619045
157800000	157849999	0.7290573253679653	0.8182546318727272	-0.08919730650476188
157850000	157899999	0.7135280626203462	0.8182546318727272	-0.104726569252381
157900000	157949999	0.7102057977060605	0.8182546318727272	-0.10804883416666666
157950000	157999999	0.72318904752987	0.8182546318727272	-0.09506558434285717
158000000	158049999	0.7294773564679653	0.8182546318727272	-0.08877727540476188
158050000	158099999	0.7549741349489176	0.8182546318727272	-0.06328049692380955
158100000	158149999	0.7780593855965366	0.8182546318727272	-0.04019524627619053
158150000	158199999	0.8101075613536796	0.8182546318727272	-0.008147070519047617
158200000	158249999	0.8233471318346319	0.8182546318727272	0.005092499961904751
158250000	158299999	0.8447121733155843	0.8182546318727272	0.02645754144285717
158300000	158349999	0.8624410371108224	0.8182546318727272	0.04418640523809525
158350000	158399999	0.8784148880917748	0.8182546318727272	0.060160256219047636
158400000	158449999	0.8810181307774891	0.8182546318727272	0.06276349890476196
158450000	158499999	0.8998003842441558	0.8182546318727272	0.08154575237142858
158500000	158549999	0.9162091793584415	0.8182546318727272	0.0979545474857143
158550000	158599999	0.9258381020727272	0.8182546318727272	0.10758347020000003
158600000	158649999	0.9292579757584415	0.8182546318727272	0.11100334388571431
158650000	158699999	0.9197806459727272	0.8182546318727272	0.10152601410000006
158700000	158749999	0.9353643750679652	0.8182546318727272	0.11710974319523804
158750000	158799999	0.9415580793251082	0.8182546318727272	0.12330344745238098
158800000	158849999	0.9488729746346319	0.8182546318727272	0.13061834276190476
158850000	158899999	0.9598317261917748	0.8182546318727272	0.14157709431904764
158900000	158949999	0.9483415648441558	0.8182546318727272	0.1300869329714286
158950000	158999999	0.9430571767203462	0.8182546318727272	0.12480254484761899
159000000	159049999	0.9174838906632033	0.8182546318727272	0.09922925879047617
159050000	159099999	0.893276789977489	0.8182546318727272	0.07502215810476187
159100000	159149999	0.8720892789965367	0.8182546318727272	0.053834647123809476
159150000	159199999	0.8498051512679653	0.8182546318727272	0.03155051939523812
159200000	159249999	0.8174037973632033	0.8182546318727272	-0.0008508345095238345
159250000	159299999	0.8030357552584415	0.8182546318727272	-0.01521887661428567
159300000	159349999	0.7802507992346319	0.8182546318727272	-0.03800383263809526
159350000	159399999	0.7627014293298701	0.8182546318727272	-0.055553202542857116
159400000	159449999	0.7682794676393938	0.8182546318727272	-0.04997516423333337
159450000	159499999	0.7754401012632034	0.8182546318727272	-0.04281453060952378
159500000	159549999	0.778180554282251	0.8182546318727272	-0.04007407759047621
159550000	159599999	0.7815653905060604	0.8182546318727272	-0.036689241366666736
159600000	159649999	0.7965811239727272	0.8182546318727272	-0.0216735079
159650000	159699999	0.8126264214489176	0.8182546318727272	-0.005628210423809565
159700000	159749999	0.8308902931917748	0.8182546318727272	0.012635661319047586
159750000	159799999	0.8377689298489176	0.8182546318727272	0.01951429797619042
159800000	159849999	0.8504438809012986	0.8182546318727272	0.032189249028571454
159850000	159899999	0.8565662639917748	0.8182546318727272	0.038311632119047645
159900000	159949999	0.8800546282584415	0.8182546318727272	0.06179999638571432
159950000	159999999	0.9174487218203462	0.8182546318727272	0.09919408994761902
160000000	160049999	0.9517586858632033	0.8182546318727272	0.13350405399047616
160050000	160099999	0.9880479077727271	0.8182546318727272	0.16979327589999993
160100000	160149999	1.0272559383441557	0.8182546318727272	0.20900130647142856
160150000	160199999	1.0349350697108224	0.8182546318727272	0.2166804378380952
160200000	160249999	1.0502636570441557	0.8182546318727272	0.23200902517142852
160250000	160299999	1.0476834393965366	0.8182546318727272	0.22942880752380945
160300000	160349999	1.0569318931727272	0.8182546318727272	0.2386772613
160350000	160399999	1.065535718839394	0.8182546318727272	0.24728108696666673
160400000	160449999	1.0661502672393939	0.8182546318727272	0.2478956353666667
160450000	160499999	1.063537810139394	0.8182546318727272	0.2452831782666668
160500000	160549999	1.0620744250203462	0.8182546318727272	0.24381979314761903
160550000	160599999	1.0576700306679654	0.8182546318727272	0.2394153987952382
160600000	160649999	1.0518082549584413	0.8182546318727272	0.23355362308571415
160650000	160699999	1.0506135516727273	0.8182546318727272	0.23235891980000012
160700000	160749999	1.0518429368108224	0.8182546318727272	0.23358830493809524
160750000	160799999	1.0495457144584415	0.8182546318727272	0.2312910825857143
160800000	160849999	1.053420196987013	0.8182546318727272	0.23516556511428577
160850000	160899999	1.0529682455632035	0.8182546318727272	0.23471361369047627
160900000	160949999	1.0468284767727272	0.8182546318727272	0.2285738449
160950000	160999999	1.0242882090251082	0.8182546318727272	0.20603357715238102
161000000	161049999	1.007594152839394	0.8182546318727272	0.18933952096666673
161050000	161099999	0.987314090187013	0.8182546318727272	0.16905945831428582
161100000	161149999	0.9553670446393938	0.8182546318727272	0.13711241276666664
161150000	161199999	0.9368212801155843	0.8182546318727272	0.11856664824285712
161200000	161249999	0.942257067282251	0.8182546318727272	0.12400243540952383
161250000	161299999	0.952880015434632	0.8182546318727272	0.1346253835619048
161300000	161349999	0.9852787268012986	0.8182546318727272	0.1670240949285714
161350000	161399999	1.0186790978060605	0.8182546318727272	0.2004244659333333
161400000	161449999	1.0212134432441557	0.8182546318727272	0.20295881137142857
161450000	161499999	1.0242881148108225	0.8182546318727272	0.2060334829380953
161500000	161549999	1.0202431612155842	0.8182546318727272	0.20198852934285705
161550000	161599999	1.029772934582251	0.8182546318727272	0.21151830270952388
161600000	161649999	1.0304310054441557	0.8182546318727272	0.2121763735714285
161650000	161699999	1.0391273788012987	0.8182546318727272	0.2208727469285715
161700000	161749999	1.0398623617584415	0.8182546318727272	0.2216077298857143
161750000	161799999	1.030784311187013	0.8182546318727272	0.2125296793142858
161800000	161849999	1.0369710523679654	0.8182546318727272	0.2187164204952382
161850000	161899999	1.060515899639394	0.8182546318727272	0.2422612677666668
161900000	161949999	1.0674974170727274	0.8182546318727272	0.2492427852000002
161950000	161999999	1.1017963739489178	0.8182546318727272	0.28354174207619065
162000000	162049999	1.1240275727489177	0.8182546318727272	0.30577294087619056
162050000	162099999	1.1573303172536797	0.8182546318727272	0.33907568538095256
162100000	162149999	1.1835560401108225	0.8182546318727272	0.3653014082380953
162150000	162199999	1.2176846534632033	0.8182546318727272	0.39943002159047614
162200000	162249999	1.2350236344917749	0.8182546318727272	0.4167690026190477
162250000	162299999	1.2465375785251083	0.8182546318727272	0.4282829466523811
162300000	162349999	1.2311858931155844	0.8182546318727272	0.4129312612428572
162350000	162399999	1.20302049662987	0.8182546318727272	0.3847658647571429
162400000	162449999	1.1784970912965367	0.8182546318727272	0.3602424594238095
162450000	162499999	1.1824135726965368	0.8182546318727272	0.3641589408238096
162500000	162549999	1.1873655784917747	0.8182546318727272	0.36911094661904753
162550000	162599999	1.2037934155632035	0.8182546318727272	0.38553878369047634
162600000	162649999	1.197486305382251	0.8182546318727272	0.3792316735095239
162650000	162699999	1.2047662385346318	0.8182546318727272	0.38651160666190465
162700000	162749999	1.2098266703108225	0.8182546318727272	0.3915720384380953
162750000	162799999	1.2270789605965366	0.8182546318727272	0.40882432872380947
162800000	162849999	1.2687909879965367	0.8182546318727272	0.4505363561238095
162850000	162899999	1.2673618009584415	0.8182546318727272	0.44910716908571435
162900000	162949999	1.2394043730632034	0.8182546318727272	0.4211497411904762
162950000	162999999	1.2147017165584413	0.8182546318727272	0.3964470846857141
163000000	163049999	1.1828418792060607	0.8182546318727272	0.3645872473333335
163050000	163099999	1.1622503438108225	0.8182546318727272	0.3439957119380953
163100000	163149999	1.1135556457917748	0.8182546318727272	0.2953010139190476
163150000	163199999	1.0932615928489178	0.8182546318727272	0.2750069609761906
163200000	163249999	1.0591259725393938	0.8182546318727272	0.2408713406666666
163250000	163299999	1.0433246319108225	0.8182546318727272	0.2250700000380953
163300000	163349999	1.0128448655489177	0.8182546318727272	0.19459023367619055
163350000	163399999	1.009778581277489	0.8182546318727272	0.19152394940476192
163400000	163449999	1.0029134801536796	0.8182546318727272	0.18465884828095247
163450000	163499999	0.98791010992987	0.8182546318727272	0.16965547805714287
163500000	163549999	0.9794399132441558	0.8182546318727272	0.16118528137142862
163550000	163599999	0.969773271934632	0.8182546318727272	0.15151864006190485
163600000	163649999	0.9458699466060605	0.8182546318727272	0.12761531473333332
163650000	163699999	0.9353668634155843	0.8182546318727272	0.1171122315428571
163700000	163749999	0.9318560290298701	0.8182546318727272	0.1136013971571429
163750000	163799999	0.9144211577012986	0.8182546318727272	0.09616652582857144
163800000	163849999	0.8833109377679653	0.8182546318727272	0.06505630589523814
163850000	163899999	0.8454762964393938	0.8182546318727272	0.027221664566666637
163900000	163949999	0.8276353741108224	0.8182546318727272	0.009380742238095263
163950000	163999999	0.8163885039251082	0.8182546318727272	-0.0018661279476189785
164000000	164049999	0.8186913661060605	0.8182546318727272	0.0004367342333333468
164050000	164099999	0.8216342162584415	0.8182546318727272	0.003379584385714285
164100000	164149999	0.826755850534632	0.8182546318727272	0.008501218661904786
164150000	164199999	0.8641783706155843	0.8182546318727272	0.045923738742857156
164200000	164249999	0.8710537401441558	0.8182546318727272	0.05279910827142864
164250000	164299999	0.8967959658822511	0.8182546318727272	0.0785413340095239
164300000	164349999	0.9040363154917748	0.8182546318727272	0.08578168361904759
164350000	164399999	0.9058262280060605	0.8182546318727272	0.08757159613333332
164400000	164449999	0.8971386036060606	0.8182546318727272	0.07888397173333339
164450000	164499999	0.8992521842251082	0.8182546318727272	0.08099755235238104
164500000	164549999	0.9002635389584415	0.8182546318727272	0.08200890708571429
164550000	164599999	0.892451845587013	0.8182546318727272	0.07419721371428578
164600000	164649999	0.9000870471536796	0.8182546318727272	0.08183241528095242
164650000	164699999	0.9020374334393939	0.8182546318727272	0.08378280156666673
164700000	164749999	0.9054656148108224	0.8182546318727272	0.08721098293809526
164750000	164799999	0.8993475550870129	0.8182546318727272	0.08109292321428574
164800000	164849999	0.9025355739012986	0.8182546318727272	0.08428094202857139
164850000	164899999	0.9169857829441558	0.8182546318727272	0.0987311510714286
164900000	164949999	0.9258638236632034	0.8182546318727272	0.10760919179047623
164950000	164999999	0.951413791034632	0.8182546318727272	0.1331591591619048
165000000	165049999	0.9672879823298701	0.8182546318727272	0.14903335045714294
165050000	165099999	0.9954735320727273	0.8182546318727272	0.17721890020000008
165100000	165149999	1.0169640403584415	0.8182546318727272	0.19870940848571428
165150000	165199999	1.0437188537393938	0.8182546318727272	0.2254642218666666
165200000	165249999	1.0680069564632033	0.8182546318727272	0.24975232459047614
165250000	165299999	1.0774049268251082	0.8182546318727272	0.25915029495238107
165300000	165349999	1.093444802539394	0.8182546318727272	0.27519017066666673
165350000	165399999	1.1058240304584415	0.8182546318727272	0.2875693985857143
165400000	165449999	1.1156265512584416	0.8182546318727272	0.2973719193857144
165450000	165499999	1.1322901527679652	0.8182546318727272	0.314035520895238
165500000	165549999	1.1406147150536796	0.8182546318727272	0.32236008318095244
165550000	165599999	1.1374014256727272	0.8182546318727272	0.3191467938
165600000	165649999	1.1548615799060604	0.8182546318727272	0.33660694803333324
165650000	165699999	1.1590919541584415	0.8182546318727272	0.3408373222857143
165700000	165749999	1.1665969091108224	0.8182546318727272	0.3483422772380952
165750000	165799999	1.173816273134632	0.8182546318727272	0.3555616412619048
165800000	165849999	1.1788439534155843	0.8182546318727272	0.36058932154285717
165850000	165899999	1.1862339410298701	0.8182546318727272	0.36797930915714294
165900000	165949999	1.2121477336917748	0.8182546318727272	0.3938931018190476
165950000	165999999	1.2409854978965367	0.8182546318727272	0.4227308660238095
166000000	166049999	1.2605548307489176	0.8182546318727272	0.44230019887619043
166050000	166099999	1.2904178132536797	0.8182546318727272	0.4721631813809525
166100000	166149999	1.3111049425679653	0.8182546318727272	0.4928503106952381
166150000	166199999	1.32331385562987	0.8182546318727272	0.5050592237571428
166200000	166249999	1.3336030210060605	0.8182546318727272	0.5153483891333334
166250000	166299999	1.3027181066060605	0.8182546318727272	0.4844634747333333
166300000	166349999	1.2917357205917748	0.8182546318727272	0.4734810887190476
166350000	166399999	1.2769254299108224	0.8182546318727272	0.4586707980380952
166400000	166449999	1.27115993522987	0.8182546318727272	0.45290530335714274
166450000	166499999	1.3036057249584414	0.8182546318727272	0.4853510930857142
166500000	166549999	1.3067185006965367	0.8182546318727272	0.48846386882380954
166550000	166599999	1.3174569574251083	0.8182546318727272	0.4992023255523811
166600000	166649999	1.3358700568584414	0.8182546318727272	0.5176154249857142
166650000	166699999	1.3453248223203462	0.8182546318727272	0.527070190447619
166700000	166749999	1.382241072182251	0.8182546318727272	0.5639864403095237
166750000	166799999	1.4210023128584415	0.8182546318727272	0.6027476809857143
166800000	166849999	1.4519660793917748	0.8182546318727272	0.6337114475190476
166850000	166899999	1.4862245692298701	0.8182546318727272	0.6679699373571429
166900000	166949999	1.4939365168536796	0.8182546318727272	0.6756818849809524
166950000	166999999	1.4843041443012988	0.8182546318727272	0.6660495124285716
167000000	167049999	1.4611616377108225	0.8182546318727272	0.6429070058380953
167050000	167099999	1.4554313719917746	0.8182546318727272	0.6371767401190475
167100000	167149999	1.442751637725108	0.8182546318727272	0.6244970058523808
167150000	167199999	1.4365249046917747	0.8182546318727272	0.6182702728190476
167200000	167249999	1.4433953597441556	0.8182546318727272	0.6251407278714284
167250000	167299999	1.4409441232155844	0.8182546318727272	0.6226894913428572
167300000	167349999	1.4588737056679653	0.8182546318727272	0.6406190737952381
167350000	167399999	1.4700573874251082	0.8182546318727272	0.651802755552381
167400000	167449999	1.5118812909584416	0.8182546318727272	0.6936266590857144
167450000	167499999	1.573283621667965	0.8182546318727272	0.7550289897952379
167500000	167549999	1.6087108158155843	0.8182546318727272	0.7904561839428571
167550000	167599999	1.6058423824727273	0.8182546318727272	0.7875877506000001
167600000	167649999	1.6073851245060604	0.8182546318727272	0.7891304926333332
167650000	167699999	1.6125491347012986	0.8182546318727272	0.7942945028285714
167700000	167749999	1.6192766027060606	0.8182546318727272	0.8010219708333334
167750000	167799999	1.5991828119251081	0.8182546318727272	0.780928180052381
167800000	167849999	1.5783774399870127	0.8182546318727272	0.7601228081142856
167850000	167899999	1.5727828968441557	0.8182546318727272	0.7545282649714286
167900000	167949999	1.545175733477489	0.8182546318727272	0.7269211016047618
167950000	167999999	1.5492243971489177	0.8182546318727272	0.7309697652761905
168000000	168049999	1.5473610727632034	0.8182546318727272	0.7291064408904763
168050000	168099999	1.5486891343441558	0.8182546318727272	0.7304345024714286
168100000	168149999	1.5332927497870128	0.8182546318727272	0.7150381179142856
168150000	168199999	1.515944509239394	0.8182546318727272	0.6976898773666668
168200000	168249999	1.4865251813917748	0.8182546318727272	0.6682705495190476
168250000	168299999	1.464787429872727	0.8182546318727272	0.6465327979999999
168300000	168349999	1.4376409345822512	0.8182546318727272	0.619386302709524
168350000	168399999	1.422696141187013	0.8182546318727272	0.6044415093142858
168400000	168449999	1.4094974081203462	0.8182546318727272	0.591242776247619
168450000	168499999	1.352350362734632	0.8182546318727272	0.5340957308619049
168500000	168549999	1.2942183192108223	0.8182546318727272	0.47596368733809513
168550000	168599999	1.2370641367108224	0.8182546318727272	0.4188095048380952
168600000	168649999	1.2617049656060606	0.8182546318727272	0.4434503337333334
168650000	168699999	1.2901720420536795	0.8182546318727272	0.47191741018095235
168700000	168749999	1.2998437429298701	0.8182546318727272	0.48158911105714297
168750000	168799999	1.332624395982251	0.8182546318727272	0.5143697641095238
168800000	168849999	1.3648481149632032	0.8182546318727272	0.5465934830904761
168850000	168899999	1.3782193259536795	0.8182546318727272	0.5599646940809523
168900000	168949999	1.3901459192727272	0.8182546318727272	0.5718912874000001
168950000	168999999	1.4031805136632034	0.8182546318727272	0.5849258817904762
169000000	169049999	1.4153567027346319	0.8182546318727272	0.5971020708619047
169050000	169099999	1.3987811058917747	0.8182546318727272	0.5805264740190476
169100000	169149999	1.3846833369727274	0.8182546318727272	0.5664287051000002
169150000	169199999	1.3756305360632033	0.8182546318727272	0.5573759041904761
169200000	169249999	1.3774560094108224	0.8182546318727272	0.5592013775380952
169250000	169299999	1.3957651068012986	0.8182546318727272	0.5775104749285714
169300000	169349999	1.3999699512060606	0.8182546318727272	0.5817153193333334
169350000	169399999	1.40466250282987	0.8182546318727272	0.5864078709571429
169400000	169449999	1.4152271822393938	0.8182546318727272	0.5969725503666666
169450000	169499999	1.4370510612441558	0.8182546318727272	0.6187964293714286
169500000	169549999	1.4693614621155842	0.8182546318727272	0.651106830242857
169550000	169599999	1.461324593487013	0.8182546318727272	0.6430699616142858
169600000	169649999	1.4501916104965367	0.8182546318727272	0.6319369786238095
169650000	169699999	1.4092456577584416	0.8182546318727272	0.5909910258857144
169700000	169749999	1.356677009987013	0.8182546318727272	0.5384223781142857
169750000	169799999	1.324365968082251	0.8182546318727272	0.5061113362095239
169800000	169849999	1.2650539546679653	0.8182546318727272	0.44679932279523815
169850000	169899999	1.2044038549536795	0.8182546318727272	0.38614922308095234
169900000	169949999	1.1730327257060607	0.8182546318727272	0.3547780938333335
169950000	169999999	1.1374934128584415	0.8182546318727272	0.31923878098571434
170000000	170049999	1.1181186274679653	0.8182546318727272	0.29986399559523813
170050000	170099999	1.0840119265203463	0.8182546318727272	0.2657572946476191
170100000	170149999	1.0602459231441559	0.8182546318727272	0.2419912912714287
170150000	170199999	1.0628300425203463	0.8182546318727272	0.24457541064761912
170200000	170249999	1.0471499247965368	0.8182546318727272	0.2288952929238096
170250000	170299999	1.0325911495584414	0.8182546318727272	0.21433651768571427
170300000	170349999	0.999110591182251	0.8182546318727272	0.1808559593095238
170350000	170399999	0.9861241944870129	0.8182546318727272	0.16786956261428576
170400000	170449999	0.9677089955441558	0.8182546318727272	0.14945436367142861
170450000	170499999	0.9345959804917748	0.8182546318727272	0.11634134861904766
170500000	170549999	0.8933057470060605	0.8182546318727272	0.07505111513333329
170550000	170599999	0.8637901585346319	0.8182546318727272	0.045535526661904746
170600000	170649999	0.8454587031584415	0.8182546318727272	0.027204071285714337
170650000	170699999	0.8268481398012986	0.8182546318727272	0.008593507928571387
170700000	170749999	0.8181100431632033	0.8182546318727272	-0.00014458870952382963
170750000	170799999	0.819090045182251	0.8182546318727272	0.0008354133095238581
170800000	170849999	0.8208166488679652	0.8182546318727272	0.002562016995238059
170850000	170899999	0.8282359207060606	0.8182546318727272	0.00998128883333338
170900000	170949999	0.8429628177917748	0.8182546318727272	0.024708185919047665
170950000	170999999	0.8712498872965367	0.8182546318727272	0.05299525542380956
171000000	171049999	0.8945847111679652	0.8182546318727272	0.07633007929523805
171050000	171099999	0.9000606370060605	0.8182546318727272	0.08180600513333336
171100000	171149999	0.9036837465774891	0.8182546318727272	0.08542911470476189
171150000	171199999	0.9323534817108224	0.8182546318727272	0.11409884983809526
171200000	171249999	0.9585603576870129	0.8182546318727272	0.1403057258142857
171250000	171299999	0.9837863380203462	0.8182546318727272	0.16553170614761903
171300000	171349999	1.0122716615251082	0.8182546318727272	0.194017029652381
171350000	171399999	1.027335759291775	0.8182546318727272	0.20908112741904772
171400000	171449999	1.0306107018489177	0.8182546318727272	0.2123560699761905
171450000	171499999	1.059331172834632	0.8182546318727272	0.24107654096190478
171500000	171549999	1.0568334913203463	0.8182546318727272	0.23857885944761914
171550000	171599999	1.0616075708536796	0.8182546318727272	0.24335293898095245
171600000	171649999	1.0818625627108225	0.8182546318727272	0.2636079308380953
171650000	171699999	1.1181900113917749	0.8182546318727272	0.2999353795190477
171700000	171749999	1.1433284244965367	0.8182546318727272	0.32507379262380953
171750000	171799999	1.1744162910965366	0.8182546318727272	0.3561616592238094
171800000	171849999	1.2371821389012987	0.8182546318727272	0.4189275070285715
171850000	171899999	1.2836911217632034	0.8182546318727272	0.46543648989047626
171900000	171949999	1.3081868412584414	0.8182546318727272	0.48993220938571425
171950000	171999999	1.3492714607012986	0.8182546318727272	0.5310168288285714
172000000	172049999	1.3821492832584412	0.8182546318727272	0.563894651385714
172050000	172099999	1.4125553889727271	0.8182546318727272	0.5943007571
172100000	172149999	1.4247392334727271	0.8182546318727272	0.6064846016
172150000	172199999	1.4426624614108223	0.8182546318727272	0.6244078295380951
172200000	172249999	1.470202030182251	0.8182546318727272	0.6519473983095238
172250000	172299999	1.4502263187584412	0.8182546318727272	0.631971686885714
172300000	172349999	1.4467346101012986	0.8182546318727272	0.6284799782285714
172350000	172399999	1.4523404121060604	0.8182546318727272	0.6340857802333332
172400000	172449999	1.4591130329965365	0.8182546318727272	0.6408584011238093
172450000	172499999	1.4519342592012987	0.8182546318727272	0.6336796273285715
172500000	172549999	1.44335357852987	0.8182546318727272	0.6250989466571427
172550000	172599999	1.4571371190393938	0.8182546318727272	0.6388824871666666
172600000	172649999	1.4684020230441557	0.8182546318727272	0.6501473911714285
172650000	172699999	1.4647075413965367	0.8182546318727272	0.6464529095238095
172700000	172749999	1.471620253134632	0.8182546318727272	0.6533656212619049
172750000	172799999	1.5028814611203463	0.8182546318727272	0.6846268292476191
172800000	172849999	1.5141081275108226	0.8182546318727272	0.6958534956380954
172850000	172899999	1.4687344576155845	0.8182546318727272	0.6504798257428573
172900000	172949999	1.4537651373012985	0.8182546318727272	0.6355105054285713
172950000	172999999	1.4466981313060607	0.8182546318727272	0.6284434994333336
173000000	173049999	1.4264572608584414	0.8182546318727272	0.6082026289857142
173050000	173099999	1.3839229187489175	0.8182546318727272	0.5656682868761903
173100000	173149999	1.3764978153489176	0.8182546318727272	0.5582431834761904
173150000	173199999	1.3859411410393938	0.8182546318727272	0.5676865091666666
173200000	173249999	1.4123383175917748	0.8182546318727272	0.5940836857190476
173250000	173299999	1.412044904977489	0.8182546318727272	0.5937902731047618
173300000	173349999	1.4196837805822509	0.8182546318727272	0.6014291487095237
173350000	173399999	1.4309428713060606	0.8182546318727272	0.6126882394333334
173400000	173449999	1.4389248408393938	0.8182546318727272	0.6206702089666666
173450000	173499999	1.4545744265632032	0.8182546318727272	0.6363197946904761
173500000	173549999	1.475949221634632	0.8182546318727272	0.6576945897619048
173550000	173599999	1.5083513563393938	0.8182546318727272	0.6900967244666666
173600000	173649999	1.5391811491917746	0.8182546318727272	0.7209265173190474
173650000	173699999	1.5890514996346319	0.8182546318727272	0.7707968677619047
173700000	173749999	1.5924654449536795	0.8182546318727272	0.7742108130809523
173750000	173799999	1.5978400271393938	0.8182546318727272	0.7795853952666666
173800000	173849999	1.5774325427822509	0.8182546318727272	0.7591779109095237
173850000	173899999	1.5899991289108222	0.8182546318727272	0.771744497038095
173900000	173949999	1.627777618825108	0.8182546318727272	0.8095229869523809
173950000	173999999	1.6270441101870128	0.8182546318727272	0.8087894783142856
174000000	174049999	1.6396310744393936	0.8182546318727272	0.8213764425666664
174050000	174099999	1.631979916439394	0.8182546318727272	0.8137252845666668
174100000	174149999	1.6386408360393938	0.8182546318727272	0.8203862041666666
174150000	174199999	1.6072394480774892	0.8182546318727272	0.788984816204762
174200000	174249999	1.605244401572727	0.8182546318727272	0.7869897696999998
174250000	174299999	1.5812392116060605	0.8182546318727272	0.7629845797333333
174300000	174349999	1.5624874447727273	0.8182546318727272	0.7442328129000001
174350000	174399999	1.5649842800251084	0.8182546318727272	0.7467296481523812
174400000	174449999	1.5806904898870129	0.8182546318727272	0.7624358580142857
174450000	174499999	1.5823353883917748	0.8182546318727272	0.7640807565190476
174500000	174549999	1.5657724248489178	0.8182546318727272	0.7475177929761906
174550000	174599999	1.5363093717870129	0.8182546318727272	0.7180547399142857
174600000	174649999	1.5082235425489177	0.8182546318727272	0.6899689106761905
174650000	174699999	1.4851549871489178	0.8182546318727272	0.6669003552761906
174700000	174749999	1.4459630963489176	0.8182546318727272	0.6277084644761904
174750000	174799999	1.4353252636012988	0.8182546318727272	0.6170706317285716
174800000	174849999	1.4134359879536795	0.8182546318727272	0.5951813560809524
174850000	174899999	1.4003645211917748	0.8182546318727272	0.5821098893190476
174900000	174949999	1.360198307582251	0.8182546318727272	0.5419436757095238
174950000	174999999	1.3121609990774892	0.8182546318727272	0.493906367204762
175000000	175049999	1.2948307995489177	0.8182546318727272	0.4765761676761905
175050000	175099999	1.258735466734632	0.8182546318727272	0.4404808348619048
175100000	175149999	1.2351888127060606	0.8182546318727272	0.41693418083333345
175150000	175199999	1.2151395091584414	0.8182546318727272	0.3968848772857142
175200000	175249999	1.1985694537012985	0.8182546318727272	0.38031482182857135
175250000	175299999	1.1767011456917746	0.8182546318727272	0.35844651381904746
175300000	175349999	1.1590211034155842	0.8182546318727272	0.340766471542857
175350000	175399999	1.1484819054679651	0.8182546318727272	0.33022727359523796
175400000	175449999	1.1675516704822508	0.8182546318727272	0.34929703860952366
175450000	175499999	1.1445061224155844	0.8182546318727272	0.3262514905428572
175500000	175549999	1.1460917304393938	0.8182546318727272	0.32783709856666665
175550000	175599999	1.169734562172727	0.8182546318727272	0.3514799302999999
175600000	175649999	1.221491725434632	0.8182546318727272	0.40323709356190485
175650000	175699999	1.229932715482251	0.8182546318727272	0.41167808360952385
175700000	175749999	1.2275841995965366	0.8182546318727272	0.40932956772380946
175750000	175799999	1.2189870127155844	0.8182546318727272	0.4007323808428572
175800000	175849999	1.2113998185108223	0.8182546318727272	0.39314518663809517
175850000	175899999	1.196302369672727	0.8182546318727272	0.3780477377999999
175900000	175949999	1.1893279167584414	0.8182546318727272	0.3710732848857142
175950000	175999999	1.1893499971060604	0.8182546318727272	0.3710953652333332
176000000	176049999	1.1934461462060606	0.8182546318727272	0.3751915143333334
176050000	176099999	1.1875706522727272	0.8182546318727272	0.3693160204
176100000	176149999	1.1998595250251083	0.8182546318727272	0.3816048931523811
176150000	176199999	1.2140627581489176	0.8182546318727272	0.39580812627619044
176200000	176249999	1.219252399234632	0.8182546318727272	0.40099776736190484
176250000	176299999	1.2240313775060605	0.8182546318727272	0.4057767456333333
176300000	176349999	1.2289972248536796	0.8182546318727272	0.4107425929809524
176350000	176399999	1.2337057032060605	0.8182546318727272	0.41545107133333337
176400000	176449999	1.2203664401679655	0.8182546318727272	0.4021118082952383
176450000	176499999	1.1759651930489177	0.8182546318727272	0.3577105611761905
176500000	176549999	1.1576936680917749	0.8182546318727272	0.3394390362190477
176550000	176599999	1.1063036942060607	0.8182546318727272	0.2880490623333335
176600000	176649999	1.0631819414965367	0.8182546318727272	0.24492730962380949
176650000	176699999	1.0001049510060604	0.8182546318727272	0.18185031913333327
176700000	176749999	0.9599541991251082	0.8182546318727272	0.14169956725238098
176750000	176799999	0.9295011095203463	0.8182546318727272	0.11124647764761908
176800000	176849999	0.9026992384917748	0.8182546318727272	0.08444460661904762
176850000	176899999	0.8770734345870129	0.8182546318727272	0.058818802714285745
176900000	176949999	0.8659320884012986	0.8182546318727272	0.04767745652857147
176950000	176999999	0.8589799709393938	0.8182546318727272	0.040725339066666644
177000000	177049999	0.8532061592441558	0.8182546318727272	0.03495152737142859
177050000	177099999	0.8503650636489176	0.8182546318727272	0.03211043177619044
177100000	177149999	0.8260471574489177	0.8182546318727272	0.007792525576190479
177150000	177199999	0.8055224202251081	0.8182546318727272	-0.012732211647619063
177200000	177249999	0.7764650818632034	0.8182546318727272	-0.04178955000952378
177250000	177299999	0.7431004449584415	0.8182546318727272	-0.07515418691428566
177300000	177349999	0.7174026876965367	0.8182546318727272	-0.10085194417619048
177350000	177399999	0.6948041581536796	0.8182546318727272	-0.1234504737190476
177400000	177449999	0.6751420492774891	0.8182546318727272	-0.14311258259523807
177450000	177499999	0.668612283377489	0.8182546318727272	-0.14964234849523816
177500000	177549999	0.6582353430155843	0.8182546318727272	-0.1600192888571429
177550000	177599999	0.6631648386536795	0.8182546318727272	-0.1550897932190477
177600000	177649999	0.6758853063060606	0.8182546318727272	-0.1423693255666666
177650000	177699999	0.6912629793489176	0.8182546318727272	-0.12699165252380962
177700000	177749999	0.7076736262917748	0.8182546318727272	-0.11058100558095241
177750000	177799999	0.7203068472108224	0.8182546318727272	-0.09794778466190479
177800000	177849999	0.7455855149012987	0.8182546318727272	-0.07266911697142853
177850000	177899999	0.7707232029536796	0.8182546318727272	-0.0475314289190476
177900000	177949999	0.8112658185441557	0.8182546318727272	-0.006988813328571486
177950000	177999999	0.8212160264917748	0.8182546318727272	0.0029613946190476526
178000000	178049999	0.8177311983870129	0.8182546318727272	-0.0005234334857142642
178050000	178099999	0.8170061144108224	0.8182546318727272	-0.0012485174619047967
178100000	178149999	0.8162177173108224	0.8182546318727272	-0.0020369145619048012
178150000	178199999	0.8507909856155843	0.8182546318727272	0.03253635374285713
178200000	178249999	0.8856454107108224	0.8182546318727272	0.06739077883809519
178250000	178299999	0.9467689271965367	0.8182546318727272	0.12851429532380954
178300000	178349999	1.00988973672987	0.8182546318727272	0.19163510485714286
178350000	178399999	1.0724585025489177	0.8182546318727272	0.25420387067619055
178400000	178449999	1.0791015406965367	0.8182546318727272	0.26084690882380956
178450000	178499999	1.1085464264822509	0.8182546318727272	0.2902917946095237
178500000	178549999	1.1412207481155843	0.8182546318727272	0.3229661162428571
178550000	178599999	1.1580980133393939	0.8182546318727272	0.3398433814666667
178600000	178649999	1.1789011526393938	0.8182546318727272	0.3606465207666666
178650000	178699999	1.1909814515584414	0.8182546318727272	0.3727268196857142
178700000	178749999	1.1962324577441559	0.8182546318727272	0.3779778258714287
178750000	178799999	1.2081216760108224	0.8182546318727272	0.38986704413809525
178800000	178849999	1.2310489748108224	0.8182546318727272	0.41279434293809525
178850000	178899999	1.238772195334632	0.8182546318727272	0.42051756346190483
178900000	178949999	1.2405648445155844	0.8182546318727272	0.4223102126428572
178950000	178999999	1.239065668491775	0.8182546318727272	0.42081103661904773
179000000	179049999	1.239426806677489	0.8182546318727272	0.42117217480476177
179050000	179099999	1.2616243101632034	0.8182546318727272	0.44336967829047624
179100000	179149999	1.2952193240917749	0.8182546318727272	0.4769646922190477
179150000	179199999	1.3113668041441557	0.8182546318727272	0.49311217227142856
179200000	179249999	1.3028534336536794	0.8182546318727272	0.48459880178095227
179250000	179299999	1.2849088266203463	0.8182546318727272	0.46665419474761916
179300000	179349999	1.2686195165917749	0.8182546318727272	0.4503648847190477
179350000	179399999	1.2682122029012985	0.8182546318727272	0.44995757102857137
179400000	179449999	1.2648756985060605	0.8182546318727272	0.44662106663333334
179450000	179499999	1.3315995112727272	0.8182546318727272	0.5133448794000001
179500000	179549999	1.3802828936393938	0.8182546318727272	0.5620282617666666
179550000	179599999	1.3823411240441559	0.8182546318727272	0.5640864921714287
179600000	179649999	1.3925612235441558	0.8182546318727272	0.5743065916714286
179650000	179699999	1.3711954876584413	0.8182546318727272	0.5529408557857142
179700000	179749999	1.37698560422987	0.8182546318727272	0.5587309723571429
179750000	179799999	1.4114470551108225	0.8182546318727272	0.5931924232380953
179800000	179849999	1.428530849682251	0.8182546318727272	0.6102762178095239
179850000	179899999	1.468676554934632	0.8182546318727272	0.6504219230619047
179900000	179949999	1.5074635893632031	0.8182546318727272	0.689208957490476
179950000	179999999	1.5305811386965367	0.8182546318727272	0.7123265068238095
180000000	180049999	1.5416201850727274	0.8182546318727272	0.7233655532000002
180050000	180099999	1.5825934163489177	0.8182546318727272	0.7643387844761905
180100000	180149999	1.6049030991679651	0.8182546318727272	0.786648467295238
180150000	180199999	1.6088638978393939	0.8182546318727272	0.7906092659666667
180200000	180249999	1.6439443167727275	0.8182546318727272	0.8256896849000003
180250000	180299999	1.7104543089632034	0.8182546318727272	0.8921996770904762
180300000	180349999	1.7420296185917747	0.8182546318727272	0.9237749867190476
180350000	180399999	1.7268462444155843	0.8182546318727272	0.9085916125428571
180400000	180449999	1.6944221156965367	0.8182546318727272	0.8761674838238095
180450000	180499999	1.6863709158298699	0.8182546318727272	0.8681162839571427
180500000	180549999	1.6425371000584414	0.8182546318727272	0.8242824681857143
180550000	180599999	1.6028279028679653	0.8182546318727272	0.7845732709952381
180600000	180649999	1.6091971271060603	0.8182546318727272	0.7909424952333332
180650000	180699999	1.6010439478917746	0.8182546318727272	0.7827893160190474
180700000	180749999	1.6077357722393937	0.8182546318727272	0.7894811403666665
180750000	180799999	1.5973489795108224	0.8182546318727272	0.7790943476380953
180800000	180849999	1.5603900630632033	0.8182546318727272	0.7421354311904761
180850000	180899999	1.5399218346441557	0.8182546318727272	0.7216672027714285
180900000	180949999	1.493289448925108	0.8182546318727272	0.6750348170523809
180950000	180999999	1.4375339800870128	0.8182546318727272	0.6192793482142857
181000000	181049999	1.4069704309393938	0.8182546318727272	0.5887157990666666
181050000	181099999	1.3896700222060605	0.8182546318727272	0.5714153903333333
181100000	181149999	1.3389416161917747	0.8182546318727272	0.5206869843190475
181150000	181199999	1.301778423472727	0.8182546318727272	0.4835237915999998
181200000	181249999	1.2757611366203463	0.8182546318727272	0.4575065047476191
181250000	181299999	1.2295051032679651	0.8182546318727272	0.41125047139523796
181300000	181349999	1.1651193740012986	0.8182546318727272	0.34686474212857143
181350000	181399999	1.1377298067632033	0.8182546318727272	0.31947517489047617
181400000	181449999	1.1412683736393938	0.8182546318727272	0.32301374176666664
181450000	181499999	1.1415207272060606	0.8182546318727272	0.3232660953333334
181500000	181549999	1.111947808587013	0.8182546318727272	0.29369317671428574
181550000	181599999	1.106508672382251	0.8182546318727272	0.28825404050952386
181600000	181649999	1.1100268223536796	0.8182546318727272	0.2917721904809524
181650000	181699999	1.1154418616155843	0.8182546318727272	0.29718722974285716
181700000	181749999	1.1312672726012987	0.8182546318727272	0.3130126407285715
181750000	181799999	1.1598279573155843	0.8182546318727272	0.3415733254428571
181800000	181849999	1.1821263272441558	0.8182546318727272	0.3638716953714286
181850000	181899999	1.1956120509727273	0.8182546318727272	0.3773574191000001
181900000	181949999	1.2003095645632034	0.8182546318727272	0.3820549326904762
181950000	181999999	1.1912824326774891	0.8182546318727272	0.37302780080476194
182000000	182049999	1.2145736058632033	0.8182546318727272	0.3963189739904761
182050000	182099999	1.2215792665632033	0.8182546318727272	0.4033246346904761
182100000	182149999	1.2187392562774892	0.8182546318727272	0.40048462440476207
182150000	182199999	1.2282835369536795	0.8182546318727272	0.41002890508095236
182200000	182249999	1.2323456480727273	0.8182546318727272	0.4140910162000001
182250000	182299999	1.255185484787013	0.8182546318727272	0.4369308529142858
182300000	182349999	1.2809911263917748	0.8182546318727272	0.46273649451904764
182350000	182399999	1.301507483077489	0.8182546318727272	0.4832528512047619
182400000	182449999	1.302867554072727	0.8182546318727272	0.48461292219999985
182450000	182499999	1.2904876388489177	0.8182546318727272	0.47223300697619053
182500000	182549999	1.2946255175536794	0.8182546318727272	0.4763708856809522
182550000	182599999	1.305629130277489	0.8182546318727272	0.48737449840476177
182600000	182649999	1.2980891248346318	0.8182546318727272	0.4798344929619046
182650000	182699999	1.2717007196965366	0.8182546318727272	0.45344608782380946
182700000	182749999	1.25132558372987	0.8182546318727272	0.43307095185714284
182750000	182799999	1.2343039248965366	0.8182546318727272	0.41604929302380944
182800000	182849999	1.2076777016965368	0.8182546318727272	0.3894230698238096
182850000	182899999	1.178900743234632	0.8182546318727272	0.3606461113619047
182900000	182949999	1.1831406597108223	0.8182546318727272	0.3648860278380951
182950000	182999999	1.2174548626108224	0.8182546318727272	0.3992002307380952
183000000	183049999	1.2282528509536794	0.8182546318727272	0.40999821908095224
183050000	183099999	1.2124302547870127	0.8182546318727272	0.39417562291428554
183100000	183149999	1.2174004929108224	0.8182546318727272	0.39914586103809524
183150000	183199999	1.2230378947632032	0.8182546318727272	0.40478326289047606
183200000	183249999	1.2345006697108223	0.8182546318727272	0.4162460378380951
183250000	183299999	1.2477528705536796	0.8182546318727272	0.4294982386809524
183300000	183349999	1.2434038183965366	0.8182546318727272	0.4251491865238094
183350000	183399999	1.2357357485679654	0.8182546318727272	0.41748111669523824
183400000	183449999	1.2456702978584415	0.8182546318727272	0.42741566598571434
183450000	183499999	1.2847745616155843	0.8182546318727272	0.46651992974285716
183500000	183549999	1.3331238932393938	0.8182546318727272	0.5148692613666667
183550000	183599999	1.3418765620632036	0.8182546318727272	0.5236219301904764
183600000	183649999	1.3342460290155844	0.8182546318727272	0.5159913971428572
183650000	183699999	1.333663564134632	0.8182546318727272	0.5154089322619048
183700000	183749999	1.3366996303108225	0.8182546318727272	0.5184449984380953
183750000	183799999	1.338385412234632	0.8182546318727272	0.5201307803619047
183800000	183849999	1.3408838920393937	0.8182546318727272	0.5226292601666666
183850000	183899999	1.34200688602987	0.8182546318727272	0.5237522541571428
183900000	183949999	1.3531990312012985	0.8182546318727272	0.5349443993285713
183950000	183999999	1.347601962834632	0.8182546318727272	0.5293473309619049
184000000	184049999	1.3069833187346318	0.8182546318727272	0.4887286868619046
184050000	184099999	1.2999523576632033	0.8182546318727272	0.4816977257904761
184100000	184149999	1.3082311064632033	0.8182546318727272	0.4899764745904761
184150000	184199999	1.3618889716012985	0.8182546318727272	0.5436343397285713
184200000	184249999	1.3964662157965368	0.8182546318727272	0.5782115839238097
184250000	184299999	1.3980434199536795	0.8182546318727272	0.5797887880809524
184300000	184349999	1.4136473675346317	0.8182546318727272	0.5953927356619045
184350000	184399999	1.4109701271584414	0.8182546318727272	0.5927154952857142
184400000	184449999	1.4101167867632034	0.8182546318727272	0.5918621548904762
184450000	184499999	1.3953131472489178	0.8182546318727272	0.5770585153761906
184500000	184549999	1.3619114707584412	0.8182546318727272	0.543656838885714
184550000	184599999	1.3386739577203461	0.8182546318727272	0.520419325847619
184600000	184649999	1.3652262714727272	0.8182546318727272	0.5469716396000001
184650000	184699999	1.4049820812679652	0.8182546318727272	0.586727449395238
184700000	184749999	1.4432237668679653	0.8182546318727272	0.6249691349952381
184750000	184799999	1.4704321378774892	0.8182546318727272	0.652177506004762
184800000	184849999	1.4753950998727272	0.8182546318727272	0.657140468
184850000	184899999	1.4856138870155844	0.8182546318727272	0.6673592551428572
184900000	184949999	1.4857553789060605	0.8182546318727272	0.6675007470333333
184950000	184999999	1.512005193387013	0.8182546318727272	0.6937505615142857
185000000	185049999	1.5188078184632032	0.8182546318727272	0.700553186590476
185050000	185099999	1.534669902177489	0.8182546318727272	0.7164152703047618
185100000	185149999	1.5322454223203463	0.8182546318727272	0.7139907904476192
185150000	185199999	1.5408584312822509	0.8182546318727272	0.7226037994095237
185200000	185249999	1.489826477872727	0.8182546318727272	0.6715718459999999
185250000	185299999	1.4628115424251078	0.8182546318727272	0.6445569105523806
185300000	185349999	1.4889410370489178	0.8182546318727272	0.6706864051761906
185350000	185399999	1.479587460582251	0.8182546318727272	0.6613328287095238
185400000	185449999	1.47389535292987	0.8182546318727272	0.6556407210571428
185450000	185499999	1.5004868013917747	0.8182546318727272	0.6822321695190475
185500000	185549999	1.5217905649584416	0.8182546318727272	0.7035359330857144
185550000	185599999	1.5653647235774892	0.8182546318727272	0.7471100917047621
185600000	185649999	1.5503430514108223	0.8182546318727272	0.7320884195380951
185650000	185699999	1.5217655841822508	0.8182546318727272	0.7035109523095237
185700000	185749999	1.4833573032536795	0.8182546318727272	0.6651026713809524
185750000	185799999	1.4684686703155845	0.8182546318727272	0.6502140384428573
185800000	185849999	1.5171572052632034	0.8182546318727272	0.6989025733904762
185850000	185899999	1.564422146420346	0.8182546318727272	0.7461675145476189
185900000	185949999	1.5681252578108222	0.8182546318727272	0.7498706259380951
185950000	185999999	1.567155568625108	0.8182546318727272	0.7489009367523808
186000000	186049999	1.528589031282251	0.8182546318727272	0.7103343994095238
186050000	186099999	1.5123071664203462	0.8182546318727272	0.6940525345476191
186100000	186149999	1.4809276836917746	0.8182546318727272	0.6626730518190475
186150000	186199999	1.4857851744489174	0.8182546318727272	0.6675305425761903
186200000	186249999	1.4685870025489176	0.8182546318727272	0.6503323706761904
186250000	186299999	1.4568933328489175	0.8182546318727272	0.6386387009761904
186300000	186349999	1.4476623720155843	0.8182546318727272	0.6294077401428572
186350000	186399999	1.405751312534632	0.8182546318727272	0.5874966806619047
186400000	186449999	1.4140596228393938	0.8182546318727272	0.5958049909666666
186450000	186499999	1.4245358727393937	0.8182546318727272	0.6062812408666666
186500000	186549999	1.3982425078584413	0.8182546318727272	0.5799878759857141
186550000	186599999	1.365250443534632	0.8182546318727272	0.5469958116619048
186600000	186649999	1.3055549190346318	0.8182546318727272	0.48730028716190465
186650000	186699999	1.3050411427060604	0.8182546318727272	0.48678651083333324
186700000	186749999	1.308179022534632	0.8182546318727272	0.48992439066190474
186750000	186799999	1.3113167352203463	0.8182546318727272	0.49306210334761913
186800000	186849999	1.2704421095060607	0.8182546318727272	0.45218747763333356
186850000	186899999	1.1835111258584414	0.8182546318727272	0.36525649398571425
186900000	186949999	1.114549764982251	0.8182546318727272	0.2962951331095237
186950000	186999999	1.102558107472727	0.8182546318727272	0.2843034755999999
187000000	187049999	1.0834419576584415	0.8182546318727272	0.26518732578571436
187050000	187099999	1.068699049734632	0.8182546318727272	0.25044441786190486
187100000	187149999	1.0541566660965367	0.8182546318727272	0.2359020342238095
187150000	187199999	1.0541483822108224	0.8182546318727272	0.23589375033809523
187200000	187249999	1.01810797512987	0.8182546318727272	0.19985334325714288
187250000	187299999	1.0131979125060606	0.8182546318727272	0.19494328063333344
187300000	187349999	0.9950880711917748	0.8182546318727272	0.1768334393190476
187350000	187399999	0.9837007898870129	0.8182546318727272	0.16544615801428575
187400000	187449999	0.9920666321060605	0.8182546318727272	0.17381200023333332
187450000	187499999	0.9645149895393939	0.8182546318727272	0.14626035766666667
187500000	187549999	0.9309746623108224	0.8182546318727272	0.1127200304380952
187550000	187599999	0.9117087732489176	0.8182546318727272	0.09345414137619046
187600000	187649999	0.8975982515727272	0.8182546318727272	0.07934361970000003
187650000	187699999	0.8962357667441557	0.8182546318727272	0.07798113487142855
187700000	187749999	0.8725035416155843	0.8182546318727272	0.05424890974285712
187750000	187799999	0.8514081623489177	0.8182546318727272	0.03315353047619052
187800000	187849999	0.8351572248441558	0.8182546318727272	0.0169025929714286
187850000	187899999	0.847629724034632	0.8182546318727272	0.029375092161904814
187900000	187949999	0.8529196255012986	0.8182546318727272	0.03466499362857145
187950000	187999999	0.8415512342727272	0.8182546318727272	0.023296602399999977
188000000	188049999	0.8314644910298701	0.8182546318727272	0.0132098591571429
188050000	188099999	0.8381528738870129	0.8182546318727272	0.019898242014285694
188100000	188149999	0.8494327059298701	0.8182546318727272	0.0311780740571429
188150000	188199999	0.8533776353774891	0.8182546318727272	0.03512300350476194
188200000	188249999	0.8450064718917748	0.8182546318727272	0.026751840019047624
188250000	188299999	0.8655389697917748	0.8182546318727272	0.047284337919047625
188300000	188349999	0.8583477017060606	0.8182546318727272	0.040093069833333383
188350000	188399999	0.8657699534203462	0.8182546318727272	0.04751532154761906
188400000	188449999	0.8649057030060605	0.8182546318727272	0.04665107113333333
188450000	188499999	0.8583232380012986	0.8182546318727272	0.04006860612857144
188500000	188549999	0.8557986537441558	0.8182546318727272	0.03754402187142858
188550000	188599999	0.8602084378012986	0.8182546318727272	0.04195380592857145
188600000	188649999	0.8515733164679653	0.8182546318727272	0.033318684595238124
188650000	188699999	0.8527213327679652	0.8182546318727272	0.03446670089523807
188700000	188749999	0.8464531655012986	0.8182546318727272	0.028198533628571387
188750000	188799999	0.8580883663774891	0.8182546318727272	0.03983373450476191
188800000	188849999	0.8565506551679652	0.8182546318727272	0.03829602329523807
188850000	188899999	0.8664429072441557	0.8182546318727272	0.04818827537142856
188900000	188949999	0.857382405682251	0.8182546318727272	0.039127773809523814
188950000	188999999	0.8615333583965367	0.8182546318727272	0.043278726523809485
189000000	189049999	0.8712851295060605	0.8182546318727272	0.05303049763333334
189050000	189099999	0.8771405423251081	0.8182546318727272	0.058885910452380896
189100000	189149999	0.8828671129774891	0.8182546318727272	0.06461248110476192
189150000	189199999	0.8796299754679653	0.8182546318727272	0.06137534359523811
189200000	189249999	0.8738014540203463	0.8182546318727272	0.05554682214761908
189250000	189299999	0.8827535034917748	0.8182546318727272	0.06449887161904766
189300000	189349999	0.8928765109965366	0.8182546318727272	0.07462187912380946
189350000	189399999	0.9097981855203462	0.8182546318727272	0.09154355364761901
189400000	189449999	0.9111398409012985	0.8182546318727272	0.09288520902857134
189450000	189499999	0.9118177558632033	0.8182546318727272	0.09356312399047617
189500000	189549999	0.9126639385917747	0.8182546318727272	0.09440930671904757
189550000	189599999	0.9112654744632034	0.8182546318727272	0.0930108425904762
189600000	189649999	0.9170366643584414	0.8182546318727272	0.09878203248571427
189650000	189699999	0.9276386435441557	0.8182546318727272	0.10938401167142853
189700000	189749999	0.9242912523489176	0.8182546318727272	0.10603662047619045
189750000	189799999	0.9347695621346319	0.8182546318727272	0.11651493026190474
189800000	189849999	0.93187026222987	0.8182546318727272	0.11361563035714284
189850000	189899999	0.9370364423965367	0.8182546318727272	0.11878181052380954
189900000	189949999	0.9369562646584414	0.8182546318727272	0.11870163278571422
189950000	189999999	0.9543689028632034	0.8182546318727272	0.13611427099047624
190000000	190049999	0.9584993303774891	0.8182546318727272	0.14024469850476196
190050000	190099999	0.9697622823108224	0.8182546318727272	0.15150765043809522
190100000	190149999	0.9690425659489177	0.8182546318727272	0.1507879340761905
190150000	190199999	0.9643409693060605	0.8182546318727272	0.14608633743333332
190200000	190249999	0.9651331100155843	0.8182546318727272	0.14687847814285715
190250000	190299999	0.9867887626679653	0.8182546318727272	0.16853413079523816
190300000	190349999	1.0028458052632034	0.8182546318727272	0.18459117339047626
190350000	190399999	1.008099662782251	0.8182546318727272	0.18984503090952376
190400000	190449999	1.0048919411965367	0.8182546318727272	0.1866373093238095
190450000	190499999	1.0127988970203463	0.8182546318727272	0.19454426514761913
190500000	190549999	1.0269109151060605	0.8182546318727272	0.2086562832333333
190550000	190599999	1.0467396466584415	0.8182546318727272	0.22848501478571437
190600000	190649999	1.0623129373393938	0.8182546318727272	0.24405830546666663
190650000	190699999	1.075494172034632	0.8182546318727272	0.25723954016190487
190700000	190749999	1.0932548652393939	0.8182546318727272	0.2750002333666667
190750000	190799999	1.1139930644727272	0.8182546318727272	0.2957384326
190800000	190849999	1.11999513412987	0.8182546318727272	0.3017405022571428
190850000	190899999	1.1467751670632034	0.8182546318727272	0.3285205351904762
190900000	190949999	1.169336662091775	0.8182546318727272	0.3510820302190477
190950000	190999999	1.1874730664155844	0.8182546318727272	0.3692184345428572
191000000	191049999	1.2101151610060605	0.8182546318727272	0.39186052913333336
191050000	191099999	1.2274569936393938	0.8182546318727272	0.4092023617666666
191100000	191149999	1.2503489057060606	0.8182546318727272	0.43209427383333343
191150000	191199999	1.2533733156203462	0.8182546318727272	0.435118683747619
191200000	191249999	1.2861982448155842	0.8182546318727272	0.467943612942857
191250000	191299999	1.312275814987013	0.8182546318727272	0.4940211831142859
191300000	191349999	1.3144761613108225	0.8182546318727272	0.4962215294380953
191350000	191399999	1.3253956177346318	0.8182546318727272	0.5071409858619046
191400000	191449999	1.3251339699393938	0.8182546318727272	0.5068793380666666
191450000	191499999	1.347812251787013	0.8182546318727272	0.5295576199142858
191500000	191549999	1.3655357879251082	0.8182546318727272	0.547281156052381
191550000	191599999	1.3763616883822511	0.8182546318727272	0.558107056509524
191600000	191649999	1.3827669822155844	0.8182546318727272	0.5645123503428572
191650000	191699999	1.3980179945727274	0.8182546318727272	0.5797633627000002
191700000	191749999	1.4049829065108224	0.8182546318727272	0.5867282746380952
191750000	191799999	1.4229329445632035	0.8182546318727272	0.6046783126904763
191800000	191849999	1.4436122704917747	0.8182546318727272	0.6253576386190475
191850000	191899999	1.4429042177489175	0.8182546318727272	0.6246495858761903
191900000	191949999	1.4385505056108223	0.8182546318727272	0.6202958737380951
191950000	191999999	1.4060519842632035	0.8182546318727272	0.5877973523904764
192000000	192049999	1.3863170265203464	0.8182546318727272	0.5680623946476192
192050000	192099999	1.353316741525108	0.8182546318727272	0.5350621096523808
192100000	192149999	1.3327866310203462	0.8182546318727272	0.514531999147619
192150000	192199999	1.3017177376441555	0.8182546318727272	0.48346310577142837
192200000	192249999	1.3038280057917748	0.8182546318727272	0.48557337391904765
192250000	192299999	1.2854304280012985	0.8182546318727272	0.4671757961285713
192300000	192349999	1.2687716436489174	0.8182546318727272	0.4505170117761902
192350000	192399999	1.2552736719393938	0.8182546318727272	0.4370190400666666
192400000	192449999	1.267390626225108	0.8182546318727272	0.44913599435238083
192450000	192499999	1.2915897459632033	0.8182546318727272	0.47333511409047613
192500000	192549999	1.3174405585584414	0.8182546318727272	0.49918592668571427
192550000	192599999	1.3341660588965367	0.8182546318727272	0.5159114270238095
192600000	192649999	1.3711129601774892	0.8182546318727272	0.552858328304762
192650000	192699999	1.381573829839394	0.8182546318727272	0.5633191979666669
192700000	192749999	1.387739260387013	0.8182546318727272	0.5694846285142857
192750000	192799999	1.377717253739394	0.8182546318727272	0.5594626218666668
192800000	192849999	1.337605732444156	0.8182546318727272	0.5193511005714287
192850000	192899999	1.304681656225108	0.8182546318727272	0.48642702435238083
192900000	192949999	1.2784889828441557	0.8182546318727272	0.4602343509714285
192950000	192999999	1.2562442527965367	0.8182546318727272	0.43798962092380955
193000000	193049999	1.2624709660012987	0.8182546318727272	0.44421633412857153
193050000	193099999	1.2626295213917746	0.8182546318727272	0.44437488951904747
193100000	193149999	1.2574810702441557	0.8182546318727272	0.4392264383714285
193150000	193199999	1.2472147236441558	0.8182546318727272	0.4289600917714286
193200000	193249999	1.2437987082441557	0.8182546318727272	0.42554407637142855
193250000	193299999	1.2425054704012983	0.8182546318727272	0.42425083852857115
193300000	193349999	1.2235450243965365	0.8182546318727272	0.4052903925238093
193350000	193399999	1.2171501265536795	0.8182546318727272	0.3988954946809523
193400000	193449999	1.2097128109346318	0.8182546318727272	0.3914581790619046
193450000	193499999	1.1733888841632034	0.8182546318727272	0.35513425229047624
193500000	193549999	1.1327058964489176	0.8182546318727272	0.31445126457619044
193550000	193599999	1.0774773429584414	0.8182546318727272	0.25922271108571426
193600000	193649999	1.0459592729822509	0.8182546318727272	0.2277046411095237
193650000	193699999	0.9815222901584415	0.8182546318727272	0.16326765828571432
193700000	193749999	0.9498294234774891	0.8182546318727272	0.13157479160476193
193750000	193799999	0.9147259712298701	0.8182546318727272	0.09647133935714292
193800000	193849999	0.9066426030393938	0.8182546318727272	0.08838797116666663
193850000	193899999	0.9040068651393939	0.8182546318727272	0.0857522332666667
193900000	193949999	0.9076742527393938	0.8182546318727272	0.08941962086666666
193950000	193999999	0.9292215984870129	0.8182546318727272	0.11096696661428573
194000000	194049999	0.9337713273870129	0.8182546318727272	0.11551669551428567
194050000	194099999	0.9487126130536796	0.8182546318727272	0.13045798118095242
194100000	194149999	0.9715903296251082	0.8182546318727272	0.15333569775238098
194150000	194199999	0.9927322391060605	0.8182546318727272	0.17447760723333328
194200000	194249999	1.0266434498632033	0.8182546318727272	0.20838881799047615
194250000	194299999	1.0636289168155844	0.8182546318727272	0.24537428494285718
194300000	194349999	1.0866282737870128	0.8182546318727272	0.2683736419142856
194350000	194399999	1.1062763248917749	0.8182546318727272	0.2880216930190477
194400000	194449999	1.1215770754536796	0.8182546318727272	0.3033224435809524
194450000	194499999	1.1400634901489177	0.8182546318727272	0.32180885827619055
194500000	194549999	1.1361104125203463	0.8182546318727272	0.3178557806476191
194550000	194599999	1.138317220787013	0.8182546318727272	0.32006258891428574
194600000	194649999	1.127538594334632	0.8182546318727272	0.3092839624619049
194650000	194699999	1.120844876934632	0.8182546318727272	0.3025902450619048
194700000	194749999	1.1209748444155843	0.8182546318727272	0.3027202125428571
194750000	194799999	1.112029520772727	0.8182546318727272	0.2937748888999999
194800000	194849999	1.1191013721965366	0.8182546318727272	0.3008467403238094
194850000	194899999	1.1171107212393938	0.8182546318727272	0.29885608936666663
194900000	194949999	1.114478609525108	0.8182546318727272	0.29622397765238084
194950000	194999999	1.1064630290870128	0.8182546318727272	0.2882083972142856
195000000	195049999	1.1014779425632033	0.8182546318727272	0.2832233106904761
195050000	195099999	1.1045133215203462	0.8182546318727272	0.286258689647619
195100000	195149999	1.0947996912108224	0.8182546318727272	0.27654505933809526
195150000	195199999	1.0806925304060604	0.8182546318727272	0.2624378985333332
195200000	195249999	1.0943390568012985	0.8182546318727272	0.2760844249285713
195250000	195299999	1.0838283336012986	0.8182546318727272	0.2655737017285714
195300000	195349999	1.079214399425108	0.8182546318727272	0.2609597675523808
195350000	195399999	1.0734714425251082	0.8182546318727272	0.255216810652381
195400000	195449999	1.0997227651489176	0.8182546318727272	0.28146813327619047
195450000	195499999	1.103820560072727	0.8182546318727272	0.28556592819999993
195500000	195549999	1.1034020898727273	0.8182546318727272	0.2851474580000001
195550000	195599999	1.1244656255584415	0.8182546318727272	0.30621099368571436
195600000	195649999	1.1455122372584414	0.8182546318727272	0.32725760538571425
195650000	195699999	1.1604126776917747	0.8182546318727272	0.3421580458190475
195700000	195749999	1.1822736431251082	0.8182546318727272	0.364019011252381
195750000	195799999	1.2086443566441558	0.8182546318727272	0.39038972477142864
195800000	195849999	1.2344858141679653	0.8182546318727272	0.41623118229523814
195850000	195899999	1.2617127041917748	0.8182546318727272	0.44345807231904766
195900000	195949999	1.2849457944917746	0.8182546318727272	0.4666911626190474
195950000	195999999	1.3206533558489177	0.8182546318727272	0.5023987239761906
196000000	196049999	1.3561758523298701	0.8182546318727272	0.537921220457143
196050000	196099999	1.3679518921965366	0.8182546318727272	0.5496972603238094
196100000	196149999	1.3987217360108224	0.8182546318727272	0.5804671041380952
196150000	196199999	1.416430158077489	0.8182546318727272	0.5981755262047618
196200000	196249999	1.3901434821489178	0.8182546318727272	0.5718888502761906
196250000	196299999	1.3245111351155843	0.8182546318727272	0.5062565032428571
196300000	196349999	1.3107045650822509	0.8182546318727272	0.4924499332095237
196350000	196399999	1.30080749642987	0.8182546318727272	0.48255286455714275
196400000	196449999	1.28304822812987	0.8182546318727272	0.4647935962571429
196450000	196499999	1.2575781025012986	0.8182546318727272	0.43932347062857147
196500000	196549999	1.2650151139393937	0.8182546318727272	0.4467604820666665
196550000	196599999	1.289003705582251	0.8182546318727272	0.4707490737095238
196600000	196649999	1.3126659373155842	0.8182546318727272	0.49441130544285705
196650000	196699999	1.331408842777489	0.8182546318727272	0.5131542109047619
196700000	196749999	1.3560937307965366	0.8182546318727272	0.5378390989238094
196750000	196799999	1.3612170125012986	0.8182546318727272	0.5429623806285714
196800000	196849999	1.3582796563441555	0.8182546318727272	0.5400250244714283
196850000	196899999	1.3558866931012985	0.8182546318727272	0.5376320612285713
196900000	196949999	1.3527681714870128	0.8182546318727272	0.5345135396142856
196950000	196999999	1.3608005523679654	0.8182546318727272	0.5425459204952382
197000000	197049999	1.3611620071108224	0.8182546318727272	0.5429073752380952
197050000	197099999	1.367402285387013	0.8182546318727272	0.5491476535142857
197100000	197149999	1.3993352492060604	0.8182546318727272	0.5810806173333333
197150000	197199999	1.3901927809679653	0.8182546318727272	0.5719381490952381
197200000	197249999	1.423736056739394	0.8182546318727272	0.6054814248666668
197250000	197299999	1.4498400202489177	0.8182546318727272	0.6315853883761905
197300000	197349999	1.516574650272727	0.8182546318727272	0.6983200183999999
197350000	197399999	1.5155891444393939	0.8182546318727272	0.6973345125666667
197400000	197449999	1.5338624119584414	0.8182546318727272	0.7156077800857142
197450000	197499999	1.5493362732822509	0.8182546318727272	0.7310816414095237
197500000	197549999	1.5472834589012987	0.8182546318727272	0.7290288270285715
197550000	197599999	1.5735687142489176	0.8182546318727272	0.7553140823761905
197600000	197649999	1.56637023132987	0.8182546318727272	0.7481155994571428
197650000	197699999	1.5555387053393939	0.8182546318727272	0.7372840734666667
197700000	197749999	1.558324558977489	0.8182546318727272	0.7400699271047618
197750000	197799999	1.56598822702987	0.8182546318727272	0.7477335951571428
197800000	197849999	1.5752785755536796	0.8182546318727272	0.7570239436809524
197850000	197899999	1.5693032077870128	0.8182546318727272	0.7510485759142856
197900000	197949999	1.5816682079441557	0.8182546318727272	0.7634135760714286
197950000	197999999	1.5848573166251079	0.8182546318727272	0.7666026847523807
198000000	198049999	1.58342935102987	0.8182546318727272	0.7651747191571429
198050000	198099999	1.592580552134632	0.8182546318727272	0.7743259202619047
198100000	198149999	1.5908392449584414	0.8182546318727272	0.7725846130857142
198150000	198199999	1.5768959960060605	0.8182546318727272	0.7586413641333333
198200000	198249999	1.5869517963632034	0.8182546318727272	0.7686971644904762
198250000	198299999	1.533830855967965	0.8182546318727272	0.7155762240952378
198300000	198349999	1.52425164492987	0.8182546318727272	0.7059970130571428
198350000	198399999	1.4963529822632033	0.8182546318727272	0.6780983503904762
198400000	198449999	1.4910065624632034	0.8182546318727272	0.6727519305904762
198450000	198499999	1.4541324192203462	0.8182546318727272	0.635877787347619
198500000	198549999	1.445196597377489	0.8182546318727272	0.6269419655047618
198550000	198599999	1.4262249933155844	0.8182546318727272	0.6079703614428572
198600000	198649999	1.3773856705441556	0.8182546318727272	0.5591310386714284
198650000	198699999	1.340970366682251	0.8182546318727272	0.5227157348095238
198700000	198749999	1.3157660918917748	0.8182546318727272	0.49751146001904767
198750000	198799999	1.2842514635870128	0.8182546318727272	0.46599683171428563
198800000	198849999	1.2479342622441558	0.8182546318727272	0.42967963037142864
198850000	198899999	1.2167397647679654	0.8182546318727272	0.39848513289523824
198900000	198949999	1.1983754837870129	0.8182546318727272	0.3801208519142857
198950000	198999999	1.1733540143679653	0.8182546318727272	0.3550993824952381
199000000	199049999	1.137408370087013	0.8182546318727272	0.31915373821428583
199050000	199099999	1.0976805093060604	0.8182546318727272	0.27942587743333325
199100000	199149999	1.0590071398584415	0.8182546318727272	0.24075250798571435
199150000	199199999	1.0250197471155844	0.8182546318727272	0.20676511524285723
199200000	199249999	0.9880730072108224	0.8182546318727272	0.16981837533809518
199250000	199299999	0.9529027609441557	0.8182546318727272	0.13464812907142854
199300000	199349999	0.9432305050060605	0.8182546318727272	0.12497587313333336
199350000	199399999	0.9411412462012986	0.8182546318727272	0.1228866143285714
199400000	199449999	0.9420583886917748	0.8182546318727272	0.12380375681904765
199450000	199499999	0.9435120493203462	0.8182546318727272	0.12525741744761898
199500000	199549999	0.9378468714012986	0.8182546318727272	0.11959223952857145
199550000	199599999	0.9295946648012986	0.8182546318727272	0.11134003292857142
199600000	199649999	0.9464824192251081	0.8182546318727272	0.12822778735238094
199650000	199699999	0.9470481173060605	0.8182546318727272	0.12879348543333335
199700000	199749999	0.9636397645917748	0.8182546318727272	0.14538513271904763
199750000	199799999	0.9644976723774892	0.8182546318727272	0.146243040504762
199800000	199849999	0.9650048396965367	0.8182546318727272	0.14675020782380954
199850000	199899999	0.987342557682251	0.8182546318727272	0.1690879258095238
199900000	199949999	1.0000631517774892	0.8182546318727272	0.181808519904762
199950000	199999999	1.0094881050060605	0.8182546318727272	0.19123347313333328
200000000	200049999	1.0217045909774891	0.8182546318727272	0.20344995910476193
200050000	200099999	1.05810821762987	0.8182546318727272	0.23985358575714277
200100000	200149999	1.088457678539394	0.8182546318727272	0.27020304666666684
200150000	200199999	1.1105540588584415	0.8182546318727272	0.2922994269857143
200200000	200249999	1.1254573637965366	0.8182546318727272	0.3072027319238094
200250000	200299999	1.1658605358346321	0.8182546318727272	0.34760590396190494
200300000	200349999	1.176971309082251	0.8182546318727272	0.3587166772095237
200350000	200399999	1.18387195182987	0.8182546318727272	0.36561731995714275
200400000	200449999	1.197148392472727	0.8182546318727272	0.3788937605999999
200450000	200499999	1.2135936145012987	0.8182546318727272	0.3953389826285715
200500000	200549999	1.23861397872987	0.8182546318727272	0.4203593468571428
200550000	200599999	1.2544466253203463	0.8182546318727272	0.43619199344761916
200600000	200649999	1.2639363081965367	0.8182546318727272	0.4456816763238095
200650000	200699999	1.2594002001727271	0.8182546318727272	0.44114556829999996
200700000	200749999	1.2467024750727274	0.8182546318727272	0.4284478432000002
200750000	200799999	1.2497712854870129	0.8182546318727272	0.4315166536142857
200800000	200849999	1.2578962094679653	0.8182546318727272	0.43964157759523814
200850000	200899999	1.2617802370108224	0.8182546318727272	0.44352560513809525
200900000	200949999	1.2577286590108223	0.8182546318727272	0.43947402713809514
200950000	200999999	1.2603157861965366	0.8182546318727272	0.44206115432380944
201000000	201049999	1.2979288992346318	0.8182546318727272	0.47967426736190466
201050000	201099999	1.3010392252679654	0.8182546318727272	0.48278459339523827
201100000	201149999	1.2907784539536795	0.8182546318727272	0.47252382208095234
201150000	201199999	1.282605801825108	0.8182546318727272	0.4643511699523809
201200000	201249999	1.2850268862155843	0.8182546318727272	0.4667722543428571
201250000	201299999	1.2912628594774889	0.8182546318727272	0.4730082276047617
201300000	201349999	1.3006017462727273	0.8182546318727272	0.4823471144000001
201350000	201399999	1.3087810757298701	0.8182546318727272	0.49052644385714295
201400000	201449999	1.3315119843060605	0.8182546318727272	0.5132573524333334
201450000	201499999	1.3393268832632033	0.8182546318727272	0.5210722513904761
201500000	201549999	1.3350435414441557	0.8182546318727272	0.5167889095714285
201550000	201599999	1.3243760164536797	0.8182546318727272	0.5061213845809526
201600000	201649999	1.3275181103870128	0.8182546318727272	0.5092634785142857
201650000	201699999	1.3129538285155844	0.8182546318727272	0.4946991966428572
201700000	201749999	1.3157316441632034	0.8182546318727272	0.49747701229047625
201750000	201799999	1.3367083977012988	0.8182546318727272	0.5184537658285716
201800000	201849999	1.3376057653870128	0.8182546318727272	0.5193511335142856
201850000	201899999	1.3803091223298702	0.8182546318727272	0.5620544904571431
201900000	201949999	1.402547810377489	0.8182546318727272	0.5842931785047619
201950000	201999999	1.47146339942987	0.8182546318727272	0.6532087675571429
202000000	202049999	1.4989609958536796	0.8182546318727272	0.6807063639809524
202050000	202099999	1.462818814082251	0.8182546318727272	0.6445641822095237
202100000	202149999	1.4492115719155845	0.8182546318727272	0.6309569400428573
202150000	202199999	1.4378398376155843	0.8182546318727272	0.6195852057428571
202200000	202249999	1.4528059370536797	0.8182546318727272	0.6345513051809525
202250000	202299999	1.4494628789012987	0.8182546318727272	0.6312082470285715
202300000	202349999	1.4400635779012987	0.8182546318727272	0.6218089460285715
202350000	202399999	1.4141538797727273	0.8182546318727272	0.5958992479000002
202400000	202449999	1.4173117583965367	0.8182546318727272	0.5990571265238095
202450000	202499999	1.4107850611965367	0.8182546318727272	0.5925304293238095
202500000	202549999	1.4112450488822508	0.8182546318727272	0.5929904170095236
202550000	202599999	1.4027766015060605	0.8182546318727272	0.5845219696333334
202600000	202649999	1.4062962168012985	0.8182546318727272	0.5880415849285713
202650000	202699999	1.408850153325108	0.8182546318727272	0.5905955214523809
202700000	202749999	1.4343443379155842	0.8182546318727272	0.6160897060428571
202750000	202799999	1.4509869122060606	0.8182546318727272	0.6327322803333334
202800000	202849999	1.4618808743060607	0.8182546318727272	0.6436262424333336
202850000	202899999	1.4570630948489176	0.8182546318727272	0.6388084629761904
202900000	202949999	1.4140750034489176	0.8182546318727272	0.5958203715761904
202950000	202999999	1.390117777225108	0.8182546318727272	0.5718631453523809
203000000	203049999	1.315970255534632	0.8182546318727272	0.4977156236619048
203050000	203099999	1.2893009176441559	0.8182546318727272	0.4710462857714287
203100000	203149999	1.3007354636489177	0.8182546318727272	0.4824808317761905
203150000	203199999	1.315846316887013	0.8182546318727272	0.49759168501428575
203200000	203249999	1.3231077154489177	0.8182546318727272	0.5048530835761905
203250000	203299999	1.3208642150060608	0.8182546318727272	0.5026095831333336
203300000	203349999	1.3195860861441557	0.8182546318727272	0.5013314542714286
203350000	203399999	1.3207126506536797	0.8182546318727272	0.5024580187809525
203400000	203449999	1.3196269377251082	0.8182546318727272	0.501372305852381
203450000	203499999	1.3048264489584414	0.8182546318727272	0.4865718170857142
203500000	203549999	1.291038096339394	0.8182546318727272	0.47278346446666675
203550000	203599999	1.2729662978251082	0.8182546318727272	0.454711665952381
203600000	203649999	1.2800816842108225	0.8182546318727272	0.4618270523380953
203650000	203699999	1.2726341411203461	0.8182546318727272	0.45437950924761894
203700000	203749999	1.2657948980108225	0.8182546318727272	0.4475402661380953
203750000	203799999	1.2587769122060606	0.8182546318727272	0.4405222803333334
203800000	203849999	1.2506067311441558	0.8182546318727272	0.4323520992714286
203850000	203899999	1.2596380200060606	0.8182546318727272	0.44138338813333344
203900000	203949999	1.2686316098679653	0.8182546318727272	0.4503769779952381
203950000	203999999	1.2858505687536796	0.8182546318727272	0.46759593688095247
204000000	204049999	1.2994690729774891	0.8182546318727272	0.48121444110476197
204050000	204099999	1.2956090996346319	0.8182546318727272	0.4773544677619047
204100000	204149999	1.2865413636251082	0.8182546318727272	0.468286731752381
204150000	204199999	1.2976669467012987	0.8182546318727272	0.4794123148285715
204200000	204249999	1.3009387539155843	0.8182546318727272	0.48268412204285716
204250000	204299999	1.2953556073155843	0.8182546318727272	0.4771009754428571
204300000	204349999	1.2810666981822512	0.8182546318727272	0.462812066309524
204350000	204399999	1.2743768515632035	0.8182546318727272	0.4561222196904763
204400000	204449999	1.280978566882251	0.8182546318727272	0.4627239350095239
204450000	204499999	1.284061832782251	0.8182546318727272	0.4658072009095239
204500000	204549999	1.2936293876536795	0.8182546318727272	0.47537475578095234
204550000	204599999	1.3252446954727273	0.8182546318727272	0.5069900636000001
204600000	204649999	1.3483093049108223	0.8182546318727272	0.5300546730380952
204650000	204699999	1.3655792194108225	0.8182546318727272	0.5473245875380953
204700000	204749999	1.3758455633632034	0.8182546318727272	0.5575909314904762
204750000	204799999	1.3821938404060605	0.8182546318727272	0.5639392085333333
204800000	204849999	1.388109967125108	0.8182546318727272	0.5698553352523809
204850000	204899999	1.383455918682251	0.8182546318727272	0.5652012868095239
204900000	204949999	1.3616769297155842	0.8182546318727272	0.543422297842857
204950000	204999999	1.3608612454393938	0.8182546318727272	0.5426066135666666
205000000	205049999	1.328528961782251	0.8182546318727272	0.5102743299095239
205050000	205099999	1.325102624787013	0.8182546318727272	0.5068479929142858
205100000	205149999	1.326514973139394	0.8182546318727272	0.5082603412666667
205150000	205199999	1.3350520471536798	0.8182546318727272	0.5167974152809526
205200000	205249999	1.3258140630965367	0.8182546318727272	0.5075594312238095
205250000	205299999	1.3147535032965367	0.8182546318727272	0.49649887142380955
205300000	205349999	1.3237566265060605	0.8182546318727272	0.5055019946333333
205350000	205399999	1.3205573230251082	0.8182546318727272	0.502302691152381
205400000	205449999	1.3205281628155843	0.8182546318727272	0.5022735309428571
205450000	205499999	1.2907569142727273	0.8182546318727272	0.47250228240000014
205500000	205549999	1.2652074476536797	0.8182546318727272	0.4469528157809525
205550000	205599999	1.2456743551679654	0.8182546318727272	0.42741972329523825
205600000	205649999	1.20678290772987	0.8182546318727272	0.3885282758571428
205650000	205699999	1.1855795810584415	0.8182546318727272	0.36732494918571434
205700000	205749999	1.1698199448489177	0.8182546318727272	0.35156531297619054
205750000	205799999	1.1606798020965368	0.8182546318727272	0.3424251702238096
205800000	205849999	1.1964063314346318	0.8182546318727272	0.37815169956190464
205850000	205899999	1.1683740664727271	0.8182546318727272	0.35011943459999995
205900000	205949999	1.152944693587013	0.8182546318727272	0.3346900617142857
205950000	205999999	1.1432052395060606	0.8182546318727272	0.3249506076333334
206000000	206049999	1.1142849634060605	0.8182546318727272	0.29603033153333336
206050000	206099999	1.1225757380632033	0.8182546318727272	0.30432110619047614
206100000	206149999	1.1174835599060606	0.8182546318727272	0.29922892803333345
206150000	206199999	1.1252539359774891	0.8182546318727272	0.30699930410476195
206200000	206249999	1.1235054043251083	0.8182546318727272	0.3052507724523811
206250000	206299999	1.1342427935536796	0.8182546318727272	0.31598816168095245
206300000	206349999	1.1550563632393938	0.8182546318727272	0.3368017313666666
206350000	206399999	1.1682460128489176	0.8182546318727272	0.3499913809761904
206400000	206449999	1.18172782482987	0.8182546318727272	0.36347319295714275
206450000	206499999	1.2003308040536795	0.8182546318727272	0.38207617218095236
206500000	206549999	1.2268543128489178	0.8182546318727272	0.4085996809761906
206550000	206599999	1.2540858359012987	0.8182546318727272	0.43583120402857156
206600000	206649999	1.2842926373679653	0.8182546318727272	0.4660380054952381
206650000	206699999	1.3305791988012987	0.8182546318727272	0.5123245669285715
206700000	206749999	1.3727989018870128	0.8182546318727272	0.5545442700142856
206750000	206799999	1.4033596908632033	0.8182546318727272	0.5851050589904762
206800000	206849999	1.4368186419155844	0.8182546318727272	0.6185640100428572
206850000	206899999	1.4219955140108222	0.8182546318727272	0.6037408821380951
206900000	206949999	1.463620518734632	0.8182546318727272	0.6453658868619049
206950000	206999999	1.5024483643536795	0.8182546318727272	0.6841937324809523
207000000	207049999	1.5581666928155844	0.8182546318727272	0.7399120609428572
207050000	207099999	1.5883547969774892	0.8182546318727272	0.770100165104762
207100000	207149999	1.633858505634632	0.8182546318727272	0.8156038737619048
207150000	207199999	1.6608368909060607	0.8182546318727272	0.8425822590333335
207200000	207249999	1.6184877173727272	0.8182546318727272	0.8002330855
207250000	207299999	1.636679179191775	0.8182546318727272	0.8184245473190478
207300000	207349999	1.644857092477489	0.8182546318727272	0.8266024606047618
207350000	207399999	1.6520905767393939	0.8182546318727272	0.8338359448666667
207400000	207449999	1.6541285979584415	0.8182546318727272	0.8358739660857143
207450000	207499999	1.6513018328632034	0.8182546318727272	0.8330472009904762
207500000	207549999	1.6459205743536796	0.8182546318727272	0.8276659424809524
207550000	207599999	1.6475490318679653	0.8182546318727272	0.8292943999952381
207600000	207649999	1.651381530977489	0.8182546318727272	0.8331268991047619
207650000	207699999	1.6481118472155845	0.8182546318727272	0.8298572153428573
207700000	207749999	1.6229281829584414	0.8182546318727272	0.8046735510857143
207750000	207799999	1.581391261177489	0.8182546318727272	0.7631366293047618
207800000	207849999	1.5517482742917748	0.8182546318727272	0.7334936424190476
207850000	207899999	1.533012717425108	0.8182546318727272	0.7147580855523809
207900000	207949999	1.5147152529965369	0.8182546318727272	0.6964606211238097
207950000	207999999	1.4951809134965366	0.8182546318727272	0.6769262816238094
208000000	208049999	1.4698193232727272	0.8182546318727272	0.6515646914000001
208050000	208099999	1.4279738403203464	0.8182546318727272	0.6097192084476192
208100000	208149999	1.4065972048965367	0.8182546318727272	0.5883425730238095
208150000	208199999	1.3674463474727272	0.8182546318727272	0.5491917156
208200000	208249999	1.3176492487155842	0.8182546318727272	0.499394616842857
208250000	208299999	1.3395044045393938	0.8182546318727272	0.5212497726666666
208300000	208349999	1.291044072420346	0.8182546318727272	0.47278944054761884
208350000	208399999	1.2395575613727272	0.8182546318727272	0.42130292950000003
208400000	208449999	1.1794767867393938	0.8182546318727272	0.36122215486666664
208450000	208499999	1.1296678190108225	0.8182546318727272	0.3114131871380953
208500000	208549999	1.0987023474917748	0.8182546318727272	0.2804477156190476
208550000	208599999	1.0575631635536795	0.8182546318727272	0.23930853168095234
208600000	208649999	1.0245625020251081	0.8182546318727272	0.20630787015238095
208650000	208699999	0.9883880758251081	0.8182546318727272	0.17013344395238095
208700000	208749999	0.9481828651012986	0.8182546318727272	0.1299282332285714
208750000	208799999	0.9203891225774891	0.8182546318727272	0.10213449070476188
208800000	208849999	0.8982721438870129	0.8182546318727272	0.08001751201428575
208850000	208899999	0.8667571648632034	0.8182546318727272	0.048502532990476244
208900000	208949999	0.8338909353251082	0.8182546318727272	0.015636303452380984
208950000	208999999	0.8076141953441558	0.8182546318727272	-0.010640436528571384
209000000	209049999	0.794839188577489	0.8182546318727272	-0.023415443295238147
209050000	209099999	0.79092400762987	0.8182546318727272	-0.02733062424285715
209100000	209149999	0.7683527464965367	0.8182546318727272	-0.04990188537619045
209150000	209199999	0.7769818591108224	0.8182546318727272	-0.041272772761904775
209200000	209249999	0.7670535866727272	0.8182546318727272	-0.05120104520000002
209250000	209299999	0.7879238688203463	0.8182546318727272	-0.030330763052380916
209300000	209349999	0.8017571987441557	0.8182546318727272	-0.016497433128571437
209350000	209399999	0.8301306856346319	0.8182546318727272	0.011876053761904704
209400000	209449999	0.8472155101108224	0.8182546318727272	0.028960878238095233
209450000	209499999	0.88073409352987	0.8182546318727272	0.0624794616571428
209500000	209549999	0.9014562185965367	0.8182546318727272	0.0832015867238095
209550000	209599999	0.9007880978012985	0.8182546318727272	0.08253346592857136
209600000	209649999	0.9249059747632034	0.8182546318727272	0.10665134289047618
209650000	209699999	0.9552813875251082	0.8182546318727272	0.13702675565238098
209700000	209749999	0.9734736841203462	0.8182546318727272	0.155219052247619
209750000	209799999	0.9791301072917747	0.8182546318727272	0.16087547541904756
209800000	209849999	0.9964860796632034	0.8182546318727272	0.17823144779047617
209850000	209899999	0.9948259153393938	0.8182546318727272	0.17657128346666662
209900000	209949999	0.9875271837536795	0.8182546318727272	0.16927255188095236
209950000	209999999	0.9777475883632034	0.8182546318727272	0.15949295649047623
210000000	210049999	0.9732586750203462	0.8182546318727272	0.15500404314761906
210050000	210099999	0.9583414771679652	0.8182546318727272	0.14008684529523807
210100000	210149999	0.9424811198774891	0.8182546318727272	0.12422648800476188
210150000	210199999	0.9396298021727272	0.8182546318727272	0.1213751703
210200000	210249999	0.9161289441060605	0.8182546318727272	0.09787431223333332
210250000	210299999	0.9018662821679653	0.8182546318727272	0.0836116502952381
210300000	210349999	0.8725336303679653	0.8182546318727272	0.054278998495238096
210350000	210399999	0.8545667308060605	0.8182546318727272	0.036312098933333314
210400000	210449999	0.8289948574060605	0.8182546318727272	0.010740225533333314
210450000	210499999	0.8150869297155843	0.8182546318727272	-0.0031677021571429043
210500000	210549999	0.7922826124774891	0.8182546318727272	-0.025972019395238077
210550000	210599999	0.7796845375489176	0.8182546318727272	-0.038570094323809534
210600000	210649999	0.7943015286679653	0.8182546318727272	-0.02395310320476185
210650000	210699999	0.7815050944679653	0.8182546318727272	-0.036749537404761834
210700000	210749999	0.7618711395679653	0.8182546318727272	-0.05638349230476192
210750000	210799999	0.7477425743155843	0.8182546318727272	-0.07051205755714285
210800000	210849999	0.7710058753346319	0.8182546318727272	-0.04724875653809524
210850000	210899999	0.7818349892346319	0.8182546318727272	-0.03641964263809527
210900000	210949999	0.8202400480679652	0.8182546318727272	0.0019854161952380656
210950000	210999999	0.8962822715489176	0.8182546318727272	0.07802763967619042
211000000	211049999	0.9273008517155843	0.8182546318727272	0.10904621984285712
211050000	211099999	0.9629980239679653	0.8182546318727272	0.14474339209523812
211100000	211149999	0.9969619781870129	0.8182546318727272	0.17870734631428575
211150000	211199999	1.022303049687013	0.8182546318727272	0.20404841781428573
211200000	211249999	1.0577090690679654	0.8182546318727272	0.23945443719523818
211250000	211299999	1.0905379172536795	0.8182546318727272	0.27228328538095237
211300000	211349999	1.1311907954155842	0.8182546318727272	0.312936163542857
211350000	211399999	1.1673809156679653	0.8182546318727272	0.34912628379523813
211400000	211449999	1.2031799958251082	0.8182546318727272	0.38492536395238097
211450000	211499999	1.2462238579584413	0.8182546318727272	0.4279692260857141
211500000	211549999	1.2776753240917746	0.8182546318727272	0.45942069221904747
211550000	211599999	1.2943173089203461	0.8182546318727272	0.47606267704761895
211600000	211649999	1.3249389358060606	0.8182546318727272	0.5066843039333334
211650000	211699999	1.3757237960060604	0.8182546318727272	0.5574691641333333
211700000	211749999	1.428982355820346	0.8182546318727272	0.6107277239476189
211750000	211799999	1.4650428601060606	0.8182546318727272	0.6467882282333334
211800000	211849999	1.4991238337632034	0.8182546318727272	0.6808692018904762
211850000	211899999	1.5016011946727272	0.8182546318727272	0.6833465628000001
211900000	211949999	1.5156318831012987	0.8182546318727272	0.6973772512285715
211950000	211999999	1.513628559734632	0.8182546318727272	0.6953739278619048
212000000	212049999	1.5129741185203462	0.8182546318727272	0.6947194866476191
212050000	212099999	1.5144902229108224	0.8182546318727272	0.6962355910380952
212100000	212149999	1.5104696329155844	0.8182546318727272	0.6922150010428573
212150000	212199999	1.4986654470108225	0.8182546318727272	0.6804108151380953
212200000	212249999	1.5138133469108226	0.8182546318727272	0.6955587150380954
212250000	212299999	1.4978169254251084	0.8182546318727272	0.6795622935523812
212300000	212349999	1.4959298206060603	0.8182546318727272	0.6776751887333331
212350000	212399999	1.48327520562987	0.8182546318727272	0.6650205737571427
212400000	212449999	1.501581120825108	0.8182546318727272	0.6833264889523808
212450000	212499999	1.4910474462632033	0.8182546318727272	0.6727928143904761
212500000	212549999	1.468251567725108	0.8182546318727272	0.6499969358523808
212550000	212599999	1.4620246474298702	0.8182546318727272	0.643770015557143
212600000	212649999	1.4660657863489175	0.8182546318727272	0.6478111544761903
212650000	212699999	1.4665851324536796	0.8182546318727272	0.6483305005809524
212700000	212749999	1.4506008746441559	0.8182546318727272	0.6323462427714287
212750000	212799999	1.4579320931155841	0.8182546318727272	0.639677461242857
212800000	212849999	1.4568240927727272	0.8182546318727272	0.6385694609
212850000	212899999	1.4698805599489178	0.8182546318727272	0.6516259280761906
212900000	212949999	1.5171323892727273	0.8182546318727272	0.6988777574000001
212950000	212999999	1.5062833608584416	0.8182546318727272	0.6880287289857144
213000000	213049999	1.5000929693584415	0.8182546318727272	0.6818383374857143
213050000	213099999	1.4512066095727272	0.8182546318727272	0.6329519777
213100000	213149999	1.443156749677489	0.8182546318727272	0.6249021178047619
213150000	213199999	1.4381522641965367	0.8182546318727272	0.6198976323238096
213200000	213249999	1.437220802682251	0.8182546318727272	0.6189661708095239
213250000	213299999	1.4089837739917748	0.8182546318727272	0.5907291421190476
213300000	213349999	1.4073778681679654	0.8182546318727272	0.5891232362952382
213350000	213399999	1.3934770190870127	0.8182546318727272	0.5752223872142855
213400000	213449999	1.3815566256536795	0.8182546318727272	0.5633019937809524
213450000	213499999	1.3454349962917749	0.8182546318727272	0.5271803644190477
213500000	213549999	1.3370183879679653	0.8182546318727272	0.5187637560952382
213550000	213599999	1.3321322348584415	0.8182546318727272	0.5138776029857143
213600000	213649999	1.3366654321012985	0.8182546318727272	0.5184108002285713
213650000	213699999	1.3223568604536795	0.8182546318727272	0.5041022285809523
213700000	213749999	1.2944527520679652	0.8182546318727272	0.476198120195238
213750000	213799999	1.256154995182251	0.8182546318727272	0.43790036330952387
213800000	213849999	1.2082856178679653	0.8182546318727272	0.3900309859952381
213850000	213899999	1.1903265021870129	0.8182546318727272	0.3720718703142857
213900000	213949999	1.1759045895870128	0.8182546318727272	0.35764995771428565
213950000	213999999	1.1185579421632035	0.8182546318727272	0.3003033102904763
214000000	214049999	1.1090457408012986	0.8182546318727272	0.2907911089285714
214050000	214099999	1.1032528824060606	0.8182546318727272	0.2849982505333334
214100000	214149999	1.1017372805489176	0.8182546318727272	0.28348264867619044
214150000	214199999	1.1039890194584414	0.8182546318727272	0.28573438758571423
214200000	214249999	1.0910272075917749	0.8182546318727272	0.27277257571904767
214250000	214299999	1.0841772263441558	0.8182546318727272	0.26592259447142863
214300000	214349999	1.097009485791775	0.8182546318727272	0.27875485391904775
214350000	214399999	1.0926003430155844	0.8182546318727272	0.2743457111428572
214400000	214449999	1.0955286527012986	0.8182546318727272	0.27727402082857144
214450000	214499999	1.0945609052727272	0.8182546318727272	0.2763062734
214500000	214549999	1.075899034691775	0.8182546318727272	0.25764440281904777
214550000	214599999	1.0665603517965367	0.8182546318727272	0.24830571992380956
214600000	214649999	1.0638037834489178	0.8182546318727272	0.24554915157619062
214650000	214699999	1.0384752958251082	0.8182546318727272	0.22022066395238105
214700000	214749999	1.0404742459965368	0.8182546318727272	0.22221961412380964
214750000	214799999	1.0411606896012986	0.8182546318727272	0.22290605772857142
214800000	214849999	1.0382953338679652	0.8182546318727272	0.22004070199523806
214850000	214899999	1.0304559342012987	0.8182546318727272	0.21220130232857148
214900000	214949999	1.002302857425108	0.8182546318727272	0.18404822555238087
214950000	214999999	0.9702758950012986	0.8182546318727272	0.15202126312857145
215000000	215049999	0.9576222234489177	0.8182546318727272	0.1393675915761905
215050000	215099999	0.9292311944298701	0.8182546318727272	0.11097656255714294
215100000	215149999	0.9168672879679653	0.8182546318727272	0.09861265609523817
215150000	215199999	0.9204803928584415	0.8182546318727272	0.10222576098571434
215200000	215249999	0.9275219899965367	0.8182546318727272	0.1092673581238095
215250000	215299999	0.9715034711393938	0.8182546318727272	0.15324883926666666
215300000	215349999	0.9664305334251081	0.8182546318727272	0.14817590155238092
215350000	215399999	0.9453631637917748	0.8182546318727272	0.12710853191904758
215400000	215449999	0.9340992424060606	0.8182546318727272	0.11584461053333339
215450000	215499999	0.9310535962012987	0.8182546318727272	0.1127989643285715
215500000	215549999	0.9291919941060606	0.8182546318727272	0.11093736223333339
215550000	215599999	0.9397668131727273	0.8182546318727272	0.12151218130000008
215600000	215649999	0.9353463727489176	0.8182546318727272	0.11709174087619045
215650000	215699999	0.9087550275679652	0.8182546318727272	0.09050039569523805
215700000	215749999	0.9041238825155844	0.8182546318727272	0.08586925064285722
215750000	215799999	0.9005778079251081	0.8182546318727272	0.08232317605238093
215800000	215849999	0.8850651285060606	0.8182546318727272	0.06681049663333338
215850000	215899999	0.886295496282251	0.8182546318727272	0.06804086440952384
215900000	215949999	0.8842230013584415	0.8182546318727272	0.06596836948571427
215950000	215999999	0.8956059353012986	0.8182546318727272	0.07735130342857144
216000000	216049999	0.9105749100584415	0.8182546318727272	0.09232027818571431
216050000	216099999	0.9114323975584415	0.8182546318727272	0.09317776568571434
216100000	216149999	0.9221679256203462	0.8182546318727272	0.10391329374761904
216150000	216199999	0.9159786281441558	0.8182546318727272	0.09772399627142858
216200000	216249999	0.9126935363965367	0.8182546318727272	0.09443890452380954
216250000	216299999	0.8927419320632034	0.8182546318727272	0.07448730019047622
216300000	216349999	0.8414222964489176	0.8182546318727272	0.02316766457619046
216350000	216399999	0.8427446072393938	0.8182546318727272	0.02448997536666664
216400000	216449999	0.8406747121012986	0.8182546318727272	0.02242008022857145
216450000	216499999	0.8457469358012986	0.8182546318727272	0.027492303928571382
216500000	216549999	0.8414291647917748	0.8182546318727272	0.023174532919047586
216550000	216599999	0.8303314983060606	0.8182546318727272	0.012076866433333389
216600000	216649999	0.8296402969489176	0.8182546318727272	0.011385665076190432
216650000	216699999	0.8211741913012987	0.8182546318727272	0.002919559428571472
216700000	216749999	0.8217090214584415	0.8182546318727272	0.0034543895857143125
216750000	216799999	0.8220103783155843	0.8182546318727272	0.003755746442857144
216800000	216849999	0.8107831320870129	0.8182546318727272	-0.007471499785714264
216850000	216899999	0.8157294616155844	0.8182546318727272	-0.002525170257142828
216900000	216949999	0.8076783117727272	0.8182546318727272	-0.01057632009999998
216950000	216999999	0.7986197670489177	0.8182546318727272	-0.019634864823809495
217000000	217049999	0.7854585476727272	0.8182546318727272	-0.03279608420000002
217050000	217099999	0.7645981665060605	0.8182546318727272	-0.053656465366666684
217100000	217149999	0.7577055889679652	0.8182546318727272	-0.06054904290476193
217150000	217199999	0.7591573166108224	0.8182546318727272	-0.05909731526190476
217200000	217249999	0.7676437374251082	0.8182546318727272	-0.050610894447619015
217250000	217299999	0.7738797871870129	0.8182546318727272	-0.04437484468571429
217300000	217349999	0.7783035422298701	0.8182546318727272	-0.039951089642857096
217350000	217399999	0.7679557294251081	0.8182546318727272	-0.05029890244761903
217400000	217449999	0.772114164882251	0.8182546318727272	-0.04614046699047614
217450000	217499999	0.7865123456012986	0.8182546318727272	-0.03174228627142861
217500000	217549999	0.7931407704870129	0.8182546318727272	-0.025113861385714253
217550000	217599999	0.7779351079393938	0.8182546318727272	-0.04031952393333338
217600000	217649999	0.77488033982987	0.8182546318727272	-0.04337429204285714
217650000	217699999	0.7636051235012986	0.8182546318727272	-0.05464950837142857
217700000	217749999	0.7779981603393938	0.8182546318727272	-0.04025647153333334
217750000	217799999	0.7887204518632034	0.8182546318727272	-0.02953418000952379
217800000	217849999	0.7964921610727271	0.8182546318727272	-0.021762470800000044
217850000	217899999	0.819887439682251	0.8182546318727272	0.0016328078095237952
217900000	217949999	0.8350370212917748	0.8182546318727272	0.01678238941904764
217950000	217999999	0.8636805928917748	0.8182546318727272	0.04542596101904761
218000000	218049999	0.8815654283727272	0.8182546318727272	0.06331079650000004
218050000	218099999	0.8831297889870129	0.8182546318727272	0.06487515711428571
218100000	218149999	0.8991594895108224	0.8182546318727272	0.08090485763809518
218150000	218199999	0.9074017497584415	0.8182546318727272	0.08914711788571428
218200000	218249999	0.9082045162012986	0.8182546318727272	0.08994988432857143
218250000	218299999	0.8941274548060605	0.8182546318727272	0.0758728229333333
218300000	218349999	0.8697629170584414	0.8182546318727272	0.051508285185714264
218350000	218399999	0.8651726890251081	0.8182546318727272	0.046918057152380954
218400000	218449999	0.8745596523108224	0.8182546318727272	0.056305020438095266
218450000	218499999	0.8624600100441557	0.8182546318727272	0.044205378171428555
218500000	218549999	0.8662811490632034	0.8182546318727272	0.04802651719047624
218550000	218599999	0.8594493087203462	0.8182546318727272	0.041194676847619016
218600000	218649999	0.8822698735346319	0.8182546318727272	0.06401524166190475
218650000	218699999	0.9151893595441558	0.8182546318727272	0.09693472767142863
218700000	218749999	0.9624683249203463	0.8182546318727272	0.1442136930476191
218750000	218799999	0.9897289242584415	0.8182546318727272	0.17147429238571432
218800000	218849999	1.055912605439394	0.8182546318727272	0.23765797356666674
218850000	218899999	1.1055769862536795	0.8182546318727272	0.2873223543809523
218900000	218949999	1.1178291217489176	0.8182546318727272	0.2995744898761904
218950000	218999999	1.1044476451251082	0.8182546318727272	0.286193013252381
219000000	219049999	1.0924842579917748	0.8182546318727272	0.27422962611904766
219050000	219099999	1.0800790172012986	0.8182546318727272	0.26182438532857144
219100000	219149999	1.0855724525584414	0.8182546318727272	0.2673178206857142
219150000	219199999	1.0901006402679654	0.8182546318727272	0.2718460083952382
219200000	219249999	1.0893604169251083	0.8182546318727272	0.27110578505238114
219250000	219299999	1.07987633692987	0.8182546318727272	0.2616217050571429
219300000	219349999	1.1199577721203462	0.8182546318727272	0.301703140247619
219350000	219399999	1.1554736040917748	0.8182546318727272	0.3372189722190476
219400000	219449999	1.1661761127584414	0.8182546318727272	0.3479214808857142
219450000	219499999	1.184493244082251	0.8182546318727272	0.3662386122095239
219500000	219549999	1.244457831739394	0.8182546318727272	0.42620319986666677
219550000	219599999	1.2742178273965368	0.8182546318727272	0.4559631955238096
219600000	219649999	1.3027104608060605	0.8182546318727272	0.4844558289333333
219650000	219699999	1.3605375777584414	0.8182546318727272	0.5422829458857142
219700000	219749999	1.3622703371393938	0.8182546318727272	0.5440157052666666
219750000	219799999	1.360669992867965	0.8182546318727272	0.5424153609952379
219800000	219849999	1.356762032587013	0.8182546318727272	0.5385074007142857
219850000	219899999	1.3601461605584415	0.8182546318727272	0.5418915286857143
219900000	219949999	1.3472703823870127	0.8182546318727272	0.5290157505142855
219950000	219999999	1.3469273973870128	0.8182546318727272	0.5286727655142857
220000000	220049999	1.3612436216536796	0.8182546318727272	0.5429889897809524
220050000	220099999	1.3605326724441555	0.8182546318727272	0.5422780405714284
220100000	220149999	1.3681150709012986	0.8182546318727272	0.5498604390285714
220150000	220199999	1.3854541343155842	0.8182546318727272	0.567199502442857
220200000	220249999	1.3772159800155843	0.8182546318727272	0.5589613481428571
220250000	220299999	1.3877269477917749	0.8182546318727272	0.5694723159190477
220300000	220349999	1.4110769469108224	0.8182546318727272	0.5928223150380952
220350000	220399999	1.3804816330060605	0.8182546318727272	0.5622270011333333
220400000	220449999	1.3560317635679655	0.8182546318727272	0.5377771316952383
220450000	220499999	1.347862116587013	0.8182546318727272	0.5296074847142859
220500000	220549999	1.335112824672727	0.8182546318727272	0.5168581927999999
220550000	220599999	1.2716590354870128	0.8182546318727272	0.4534044036142856
220600000	220649999	1.2418524684155843	0.8182546318727272	0.4235978365428571
220650000	220699999	1.2220876206679654	0.8182546318727272	0.4038329887952382
220700000	220749999	1.1663837738108225	0.8182546318727272	0.3481291419380953
220750000	220799999	1.1528221868441557	0.8182546318727272	0.33456755497142854
220800000	220849999	1.1268344103155843	0.8182546318727272	0.3085797784428571
220850000	220899999	1.0972306070012985	0.8182546318727272	0.2789759751285713
220900000	220949999	1.0192689559012986	0.8182546318727272	0.20101432402857144
220950000	220999999	0.9789685919298701	0.8182546318727272	0.1607139600571429
221000000	221049999	0.95733128032987	0.8182546318727272	0.13907664845714285
221050000	221099999	0.9427453895298701	0.8182546318727272	0.1244907576571429
221100000	221149999	0.9432982824346319	0.8182546318727272	0.1250436505619047
221150000	221199999	0.9404572751489176	0.8182546318727272	0.12220264327619046
221200000	221249999	0.93602243192987	0.8182546318727272	0.11776780005714282
221250000	221299999	0.9628233288965367	0.8182546318727272	0.14456869702380948
221300000	221349999	0.9875072635441557	0.8182546318727272	0.16925263167142857
221350000	221399999	1.0012187502679653	0.8182546318727272	0.18296411839523807
221400000	221449999	1.025620670782251	0.8182546318727272	0.20736603890952388
221450000	221499999	1.029441905144156	0.8182546318727272	0.21118727327142872
221500000	221549999	1.0295266043346318	0.8182546318727272	0.21127197246190466
221550000	221599999	1.0314237430965367	0.8182546318727272	0.21316911122380955
221600000	221649999	1.0403210361727273	0.8182546318727272	0.22206640430000013
221650000	221699999	1.0330529870822511	0.8182546318727272	0.21479835520952395
221700000	221749999	1.015044198882251	0.8182546318727272	0.19678956700952377
221750000	221799999	0.9986180400584415	0.8182546318727272	0.18036340818571428
221800000	221849999	0.9888621931679653	0.8182546318727272	0.17060756129523813
221850000	221899999	0.9755019600679653	0.8182546318727272	0.15724732819523812
221900000	221949999	0.9730352621393938	0.8182546318727272	0.15478063026666666
221950000	221999999	0.986184851487013	0.8182546318727272	0.16793021961428578
222000000	222049999	0.9832435599584415	0.8182546318727272	0.1649889280857143
222050000	222099999	0.9689095021393939	0.8182546318727272	0.15065487026666669
222100000	222149999	0.97171018282987	0.8182546318727272	0.1534555509571428
222150000	222199999	0.9937816134917749	0.8182546318727272	0.17552698161904767
222200000	222249999	1.01111960372987	0.8182546318727272	0.1928649718571428
222250000	222299999	1.0291409990060605	0.8182546318727272	0.2108863671333333
222300000	222349999	1.0278290291679653	0.8182546318727272	0.20957439729523808
222350000	222399999	1.0214268300489175	0.8182546318727272	0.20317219817619037
222400000	222449999	1.0082544089965366	0.8182546318727272	0.18999977712380944
222450000	222499999	0.9955522897679653	0.8182546318727272	0.1772976578952381
222500000	222549999	1.0073913045870129	0.8182546318727272	0.1891366727142857
222550000	222599999	1.023858287325108	0.8182546318727272	0.2056036554523809
222600000	222649999	1.0575451977108226	0.8182546318727272	0.23929056583809538
222650000	222699999	1.0587740980727272	0.8182546318727272	0.24051946619999998
222700000	222749999	1.0544288533727273	0.8182546318727272	0.23617422150000011
222750000	222799999	1.070905101639394	0.8182546318727272	0.25265046976666683
222800000	222849999	1.0852342649679652	0.8182546318727272	0.266979633095238
222850000	222899999	1.0933950636203462	0.8182546318727272	0.27514043174761904
222900000	222949999	1.127070441439394	0.8182546318727272	0.30881580956666677
222950000	222999999	1.1344765586108223	0.8182546318727272	0.3162219267380951
223000000	223049999	1.1296036574108226	0.8182546318727272	0.3113490255380954
223050000	223099999	1.1358936435203462	0.8182546318727272	0.317639011647619
223100000	223149999	1.1491904303679652	0.8182546318727272	0.330935798495238
223150000	223199999	1.1537050412203462	0.8182546318727272	0.33545040934761905
223200000	223249999	1.1002820921774892	0.8182546318727272	0.282027460304762
223250000	223299999	1.0643789718012986	0.8182546318727272	0.2461243399285714
223300000	223349999	1.049362606039394	0.8182546318727272	0.23110797416666673
223350000	223399999	1.0421079849727273	0.8182546318727272	0.2238533531000001
223400000	223449999	1.0245775627774891	0.8182546318727272	0.20632293090476195
223450000	223499999	1.0465486072251082	0.8182546318727272	0.22829397535238105
223500000	223549999	1.060256670687013	0.8182546318727272	0.24200203881428572
223550000	223599999	1.0771619534489176	0.8182546318727272	0.25890732157619045
223600000	223649999	1.0755285197822508	0.8182546318727272	0.25727388790952366
223650000	223699999	1.1088088470632034	0.8182546318727272	0.2905542151904762
223700000	223749999	1.1252776825584414	0.8182546318727272	0.3070230506857142
223750000	223799999	1.1473611601727272	0.8182546318727272	0.3291065283
223800000	223849999	1.1796411565536795	0.8182546318727272	0.36138652468095234
223850000	223899999	1.1938144431441557	0.8182546318727272	0.37555981127142857
223900000	223949999	1.2130111338108223	0.8182546318727272	0.3947565019380951
223950000	223999999	1.2243638746108223	0.8182546318727272	0.4061092427380951
224000000	224049999	1.2351921175441558	0.8182546318727272	0.41693748567142863
224050000	224099999	1.2867785510727272	0.8182546318727272	0.4685239192
224100000	224149999	1.3090713481584415	0.8182546318727272	0.4908167162857143
224150000	224199999	1.3255193487679653	0.8182546318727272	0.5072647168952381
224200000	224249999	1.3536058207108224	0.8182546318727272	0.5353511888380952
224250000	224299999	1.3900339358870129	0.8182546318727272	0.5717793040142857
224300000	224349999	1.416401634420346	0.8182546318727272	0.5981470025476189
224350000	224399999	1.4109616862727272	0.8182546318727272	0.5927070544
224400000	224449999	1.3930230141536795	0.8182546318727272	0.5747683822809523
224450000	224499999	1.3858925613632032	0.8182546318727272	0.567637929490476
224500000	224549999	1.3557076278251081	0.8182546318727272	0.5374529959523809
224550000	224599999	1.3386494815870127	0.8182546318727272	0.5203948497142855
224600000	224649999	1.336229471282251	0.8182546318727272	0.5179748394095237
224650000	224699999	1.3489020583251081	0.8182546318727272	0.5306474264523809
224700000	224749999	1.3080506737393938	0.8182546318727272	0.4897960418666666
224750000	224799999	1.3135374625393939	0.8182546318727272	0.4952828306666667
224800000	224849999	1.3096842110774891	0.8182546318727272	0.49142957920476193
224850000	224899999	1.2985364333346319	0.8182546318727272	0.4802818014619047
224900000	224949999	1.3071449541012985	0.8182546318727272	0.4888903222285713
224950000	224999999	1.3019693422965366	0.8182546318727272	0.4837147104238094
225000000	225049999	1.3095829043155842	0.8182546318727272	0.49132827244285704
225050000	225099999	1.3098837942917747	0.8182546318727272	0.4916291624190475
225100000	225149999	1.28069736432987	0.8182546318727272	0.46244273245714285
225150000	225199999	1.2707189873917746	0.8182546318727272	0.4524643555190474
225200000	225249999	1.28818350592987	0.8182546318727272	0.4699288740571429
225250000	225299999	1.2777635074965366	0.8182546318727272	0.4595088756238094
225300000	225349999	1.272617171182251	0.8182546318727272	0.45436253930952375
225350000	225399999	1.2726554040155844	0.8182546318727272	0.45440077214285723
225400000	225449999	1.2799958455965368	0.8182546318727272	0.4617412137238096
225450000	225499999	1.301874458072727	0.8182546318727272	0.4836198261999999
225500000	225549999	1.3086248346060605	0.8182546318727272	0.4903702027333333
225550000	225599999	1.3176346963060606	0.8182546318727272	0.4993800644333334
225600000	225649999	1.3269827538584416	0.8182546318727272	0.5087281219857144
225650000	225699999	1.321656278672727	0.8182546318727272	0.5034016467999999
225700000	225749999	1.3193516101346319	0.8182546318727272	0.5010969782619047
225750000	225799999	1.3013171948536795	0.8182546318727272	0.4830625629809523
225800000	225849999	1.2862123788822508	0.8182546318727272	0.46795774700952364
225850000	225899999	1.29558420182987	0.8182546318727272	0.4773295699571428
225900000	225949999	1.2854954013060604	0.8182546318727272	0.46724076943333326
225950000	225999999	1.286488870267965	0.8182546318727272	0.4682342383952379
226000000	226049999	1.2806811833251082	0.8182546318727272	0.462426551452381
226050000	226099999	1.2541623090965366	0.8182546318727272	0.4359076772238094
226100000	226149999	1.2567000211536796	0.8182546318727272	0.43844538928095245
226150000	226199999	1.2541853739870128	0.8182546318727272	0.4359307421142856
226200000	226249999	1.2551285712346318	0.8182546318727272	0.43687393936190466
226250000	226299999	1.22089377672987	0.8182546318727272	0.4026391448571428
226300000	226349999	1.2075478084584415	0.8182546318727272	0.3892931765857143
226350000	226399999	1.2080840774203463	0.8182546318727272	0.3898294455476191
226400000	226449999	1.2044551201108225	0.8182546318727272	0.3862004882380953
226450000	226499999	1.201125818582251	0.8182546318727272	0.3828711867095239
226500000	226549999	1.192200158482251	0.8182546318727272	0.37394552660952385
226550000	226599999	1.1923089708632033	0.8182546318727272	0.37405433899047613
226600000	226649999	1.1808894590536796	0.8182546318727272	0.3626348271809524
226650000	226699999	1.1629424349965367	0.8182546318727272	0.34468780312380953
226700000	226749999	1.2107920719298702	0.8182546318727272	0.392537440057143
226750000	226799999	1.2509392577108225	0.8182546318727272	0.4326846258380953
226800000	226849999	1.290985379587013	0.8182546318727272	0.4727307477142858
226850000	226899999	1.3277949981251083	0.8182546318727272	0.5095403662523811
226900000	226949999	1.3559025869012986	0.8182546318727272	0.5376479550285714
226950000	226999999	1.380380299787013	0.8182546318727272	0.5621256679142858
227000000	227049999	1.3754613438536798	0.8182546318727272	0.5572067119809526
227050000	227099999	1.3888644319060606	0.8182546318727272	0.5706098000333334
227100000	227149999	1.4026478366393937	0.8182546318727272	0.5843932047666666
227150000	227199999	1.3873923397251082	0.8182546318727272	0.569137707852381
227200000	227249999	1.3732798997727271	0.8182546318727272	0.5550252679
227250000	227299999	1.3833416041108224	0.8182546318727272	0.5650869722380952
227300000	227349999	1.3837687920108226	0.8182546318727272	0.5655141601380954
227350000	227399999	1.3861793808251082	0.8182546318727272	0.567924748952381
227400000	227449999	1.3727390758632034	0.8182546318727272	0.5544844439904763
227450000	227499999	1.3718915448298699	0.8182546318727272	0.5536369129571427
227500000	227549999	1.375744574134632	0.8182546318727272	0.5574899422619047
227550000	227599999	1.358979023972727	0.8182546318727272	0.5407243920999999
227600000	227649999	1.3492962370489177	0.8182546318727272	0.5310416051761905
227650000	227699999	1.3437101275870131	0.8182546318727272	0.525455495714286
227700000	227749999	1.3529806248774894	0.8182546318727272	0.5347259930047622
227750000	227799999	1.2911645808965369	0.8182546318727272	0.4729099490238097
227800000	227849999	1.229039752439394	0.8182546318727272	0.4107851205666667
227850000	227899999	1.1823365869584415	0.8182546318727272	0.3640819550857143
227900000	227949999	1.139334948325108	0.8182546318727272	0.3210803164523809
227950000	227999999	1.1004004623536796	0.8182546318727272	0.28214583048095243
228000000	228049999	1.0737520708108224	0.8182546318727272	0.2554974389380952
228050000	228099999	1.0590880902012987	0.8182546318727272	0.2408334583285715
228100000	228149999	1.0419537714774891	0.8182546318727272	0.22369913960476195
228150000	228199999	1.0189720998155845	0.8182546318727272	0.20071746794285727
228200000	228249999	0.9923238318393939	0.8182546318727272	0.1740691999666667
228250000	228299999	0.9982490845489176	0.8182546318727272	0.1799944526761904
228300000	228349999	0.9840497172584415	0.8182546318727272	0.1657950853857143
228350000	228399999	0.989192404382251	0.8182546318727272	0.1709377725095238
228400000	228449999	0.9839432277584415	0.8182546318727272	0.16568859588571427
228450000	228499999	0.997261180882251	0.8182546318727272	0.17900654900952384
228500000	228549999	0.9961856561774891	0.8182546318727272	0.17793102430476193
228550000	228599999	0.9769720392774891	0.8182546318727272	0.15871740740476192
228600000	228649999	0.9835403574441557	0.8182546318727272	0.1652857255714285
228650000	228699999	0.9925880617060605	0.8182546318727272	0.17433342983333333
228700000	228749999	1.0120565257441558	0.8182546318727272	0.19380189387142865
228750000	228799999	1.0207389917536795	0.8182546318727272	0.20248435988095237
228800000	228849999	1.0181743191727273	0.8182546318727272	0.1999196873000001
228850000	228899999	1.026349337434632	0.8182546318727272	0.2080947055619048
228900000	228949999	1.0445667133108225	0.8182546318727272	0.22631208143809534
228950000	228999999	1.0633864869251082	0.8182546318727272	0.245131855052381
229000000	229049999	1.053290942082251	0.8182546318727272	0.23503631020952376
229050000	229099999	1.0524020076965366	0.8182546318727272	0.2341473758238094
229100000	229149999	1.0816084881489176	0.8182546318727272	0.26335385627619046
229150000	229199999	1.0843338203155843	0.8182546318727272	0.26607918844285716
229200000	229249999	1.0911796064632033	0.8182546318727272	0.27292497459047615
229250000	229299999	1.138506264177489	0.8182546318727272	0.32025163230476184
229300000	229349999	1.1389058795917748	0.8182546318727272	0.3206512477190476
229350000	229399999	1.1608259525155842	0.8182546318727272	0.342571320642857
229400000	229449999	1.157159964172727	0.8182546318727272	0.33890533229999986
229450000	229499999	1.1696164733203462	0.8182546318727272	0.35136184144761906
229500000	229549999	1.1730756084584415	0.8182546318727272	0.3548209765857143
229550000	229599999	1.1771770076012986	0.8182546318727272	0.35892237572857144
229600000	229649999	1.1975891979393938	0.8182546318727272	0.3793345660666666
229650000	229699999	1.217665026225108	0.8182546318727272	0.3994103943523809
229700000	229749999	1.229276021825108	0.8182546318727272	0.4110213899523808
229750000	229799999	1.242550742072727	0.8182546318727272	0.4242961101999999
229800000	229849999	1.2506394010346318	0.8182546318727272	0.4323847691619046
229850000	229899999	1.262140736225108	0.8182546318727272	0.44388610435238085
229900000	229949999	1.2503961875774892	0.8182546318727272	0.432141555704762
229950000	229999999	1.2369469252012988	0.8182546318727272	0.4186922933285716
230000000	230049999	1.2113848754298702	0.8182546318727272	0.393130243557143
230050000	230099999	1.21557711322987	0.8182546318727272	0.3973224813571429
230100000	230149999	1.2106136356584414	0.8182546318727272	0.3923590037857142
230150000	230199999	1.1828291234393937	0.8182546318727272	0.36457449156666655
230200000	230249999	1.1686128475393938	0.8182546318727272	0.3503582156666666
230250000	230299999	1.1678444047727272	0.8182546318727272	0.34958977290000004
230300000	230349999	1.1643364909584415	0.8182546318727272	0.3460818590857143
230350000	230399999	1.1713062383632034	0.8182546318727272	0.3530516064904762
230400000	230449999	1.1514414174536796	0.8182546318727272	0.3331867855809524
230450000	230499999	1.1656474672060604	0.8182546318727272	0.3473928353333332
230500000	230549999	1.1701623402251082	0.8182546318727272	0.35190770835238105
230550000	230599999	1.1952952113584414	0.8182546318727272	0.37704057948571423
230600000	230649999	1.214972498877489	0.8182546318727272	0.39671786700476186
230650000	230699999	1.2241576490679653	0.8182546318727272	0.40590301719523814
230700000	230749999	1.2258374977203461	0.8182546318727272	0.40758286584761894
230750000	230799999	1.2110528461536796	0.8182546318727272	0.3927982142809524
230800000	230849999	1.2028217312584415	0.8182546318727272	0.3845670993857143
230850000	230899999	1.2090239924632034	0.8182546318727272	0.3907693605904762
230900000	230949999	1.2030117994489178	0.8182546318727272	0.3847571675761906
230950000	230999999	1.232318568134632	0.8182546318727272	0.41406393626190485
231000000	231049999	1.2619207265632033	0.8182546318727272	0.44366609469047613
231050000	231099999	1.2893358497012986	0.8182546318727272	0.4710812178285714
231100000	231149999	1.3044886269965368	0.8182546318727272	0.4862339951238096
231150000	231199999	1.3475899923108225	0.8182546318727272	0.5293353604380954
231200000	231249999	1.3571500921393937	0.8182546318727272	0.5388954602666666
231250000	231299999	1.3712197419632033	0.8182546318727272	0.5529651100904761
231300000	231349999	1.3660518282155842	0.8182546318727272	0.5477971963428571
231350000	231399999	1.3574178589489176	0.8182546318727272	0.5391632270761905
231400000	231449999	1.3470091775060604	0.8182546318727272	0.5287545456333332
231450000	231499999	1.3332012168012985	0.8182546318727272	0.5149465849285714
231500000	231549999	1.3153027660108223	0.8182546318727272	0.4970481341380951
231550000	231599999	1.2807739911727272	0.8182546318727272	0.4625193593
231600000	231649999	1.2376002174441556	0.8182546318727272	0.4193455855714284
231650000	231699999	1.2023545142203462	0.8182546318727272	0.38409988234761905
231700000	231749999	1.168873771525108	0.8182546318727272	0.3506191396523809
231750000	231799999	1.1247706720489177	0.8182546318727272	0.3065160401761905
231800000	231849999	1.108169562387013	0.8182546318727272	0.28991493051428574
231850000	231899999	1.0725439802441556	0.8182546318727272	0.25428934837142847
231900000	231949999	1.0405166001108224	0.8182546318727272	0.2222619682380952
231950000	231999999	1.0088028645108222	0.8182546318727272	0.19054823263809506
232000000	232049999	0.9766461042870129	0.8182546318727272	0.15839147241428575
232050000	232099999	0.9277337437108224	0.8182546318727272	0.10947911183809522
232100000	232149999	0.9019230561393938	0.8182546318727272	0.08366842426666665
232150000	232199999	0.8792597963917748	0.8182546318727272	0.06100516451904758
232200000	232249999	0.824558287377489	0.8182546318727272	0.0063036555047618625
232250000	232299999	0.7982176959584415	0.8182546318727272	-0.02003693591428568
232300000	232349999	0.7691513302870129	0.8182546318727272	-0.0491033015857143
232350000	232399999	0.7493269333679653	0.8182546318727272	-0.06892769850476188
232400000	232449999	0.7366397942965367	0.8182546318727272	-0.08161483757619048
232450000	232499999	0.7375669814774891	0.8182546318727272	-0.08068765039523806
232500000	232549999	0.7353402175012986	0.8182546318727272	-0.08291441437142855
232550000	232599999	0.7458809498251081	0.8182546318727272	-0.07237368204761907
232600000	232649999	0.7552936399298701	0.8182546318727272	-0.06296099194285709
232650000	232699999	0.7593300899822509	0.8182546318727272	-0.058924541890476245
232700000	232749999	0.771926568734632	0.8182546318727272	-0.04632806313809523
232750000	232799999	0.7742772410012986	0.8182546318727272	-0.0439773908714286
232800000	232849999	0.7969506436060605	0.8182546318727272	-0.021303988266666685
232850000	232899999	0.8064808441727271	0.8182546318727272	-0.011773787700000038
232900000	232949999	0.8299070969632034	0.8182546318727272	0.011652465090476238
232950000	232999999	0.8429275287727271	0.8182546318727272	0.024672896899999963
233000000	233049999	0.8786406993679653	0.8182546318727272	0.060386067495238116
233050000	233099999	0.8859240199917748	0.8182546318727272	0.06766938811904766
233100000	233149999	0.8973851097251081	0.8182546318727272	0.07913047785238092
233150000	233199999	0.9172454259489177	0.8182546318727272	0.09899079407619049
233200000	233249999	0.9345801955774891	0.8182546318727272	0.11632556370476188
233250000	233299999	0.9599174510584414	0.8182546318727272	0.14166281918571422
233300000	233349999	0.9833684442727272	0.8182546318727272	0.1651138124
233350000	233399999	1.023271392639394	0.8182546318727272	0.20501676076666675
233400000	233449999	1.0466611393012986	0.8182546318727272	0.22840650742857138
233450000	233499999	1.0607392068108226	0.8182546318727272	0.2424845749380954
233500000	233549999	1.06617304972987	0.8182546318727272	0.24791841785714286
233550000	233599999	1.07519095902987	0.8182546318727272	0.2569363271571429
233600000	233649999	1.0715236519012987	0.8182546318727272	0.25326902002857155
233650000	233699999	1.0828678026346321	0.8182546318727272	0.26461317076190494
233700000	233749999	1.0884175617632033	0.8182546318727272	0.2701629298904761
233750000	233799999	1.0961149763060605	0.8182546318727272	0.2778603444333333
233800000	233849999	1.1077351986727273	0.8182546318727272	0.2894805668000001
233850000	233899999	1.1097240534012986	0.8182546318727272	0.29146942152857147
233900000	233949999	1.123962875325108	0.8182546318727272	0.3057082434523809
233950000	233999999	1.1448167267108225	0.8182546318727272	0.3265620948380953
234000000	234049999	1.1607769697679653	0.8182546318727272	0.3425223378952381
234050000	234099999	1.1762918191060605	0.8182546318727272	0.35803718723333333
234100000	234149999	1.1964687600727273	0.8182546318727272	0.3782141282000001
234150000	234199999	1.2188134599774891	0.8182546318727272	0.40055882810476195
234200000	234249999	1.2269317171012986	0.8182546318727272	0.4086770852285714
234250000	234299999	1.2401031773536795	0.8182546318727272	0.4218485454809523
234300000	234349999	1.2520036636679652	0.8182546318727272	0.43374903179523805
234350000	234399999	1.2588857681251082	0.8182546318727272	0.44063113625238104
234400000	234449999	1.2543089016679654	0.8182546318727272	0.4360542697952382
234450000	234499999	1.2608960994251082	0.8182546318727272	0.442641467552381
234500000	234549999	1.2800729872012986	0.8182546318727272	0.4618183553285714
234550000	234599999	1.2892551707536795	0.8182546318727272	0.4710005388809523
234600000	234649999	1.3138969277965367	0.8182546318727272	0.4956422959238095
234650000	234699999	1.371192571077489	0.8182546318727272	0.5529379392047619
234700000	234749999	1.4383717405393939	0.8182546318727272	0.6201171086666667
234750000	234799999	1.4696787232965367	0.8182546318727272	0.6514240914238095
234800000	234849999	1.465735836091775	0.8182546318727272	0.6474812042190478
234850000	234899999	1.5164814580251083	0.8182546318727272	0.6982268261523811
234900000	234949999	1.5602577062965368	0.8182546318727272	0.7420030744238096
234950000	234999999	1.5686770734965367	0.8182546318727272	0.7504224416238096
235000000	235049999	1.56392318512987	0.8182546318727272	0.7456685532571429
235050000	235099999	1.5548708813489176	0.8182546318727272	0.7366162494761904
235100000	235149999	1.5492267614012987	0.8182546318727272	0.7309721295285715
235150000	235199999	1.5435847282393937	0.8182546318727272	0.7253300963666666
235200000	235249999	1.5334322922441557	0.8182546318727272	0.7151776603714285
235250000	235299999	1.518019403077489	0.8182546318727272	0.6997647712047618
235300000	235349999	1.4880620074346318	0.8182546318727272	0.6698073755619046
235350000	235399999	1.4832467601108226	0.8182546318727272	0.6649921282380954
235400000	235449999	1.5044191625584413	0.8182546318727272	0.6861645306857141
235450000	235499999	1.5222086619822508	0.8182546318727272	0.7039540301095236
235500000	235549999	1.5151743069489176	0.8182546318727272	0.6969196750761905
235550000	235599999	1.491444817482251	0.8182546318727272	0.6731901856095238
235600000	235649999	1.481055348282251	0.8182546318727272	0.6628007164095239
235650000	235699999	1.4537307604012986	0.8182546318727272	0.6354761285285714
235700000	235749999	1.3891527743917749	0.8182546318727272	0.5708981425190477
235750000	235799999	1.326196904472727	0.8182546318727272	0.5079422725999999
235800000	235849999	1.2858807684536797	0.8182546318727272	0.46762613658095253
235850000	235899999	1.3187451026108223	0.8182546318727272	0.5004904707380952
235900000	235949999	1.2948747986679654	0.8182546318727272	0.4766201667952382
235950000	235999999	1.261902917839394	0.8182546318727272	0.4436482859666667
236000000	236049999	1.25874133442987	0.8182546318727272	0.44048670255714273
236050000	236099999	1.2624014871822509	0.8182546318727272	0.4441468553095237
236100000	236149999	1.2583637464393937	0.8182546318727272	0.44010911456666657
236150000	236199999	1.2500395147108225	0.8182546318727272	0.43178488283809535
236200000	236249999	1.2634468892679651	0.8182546318727272	0.44519225739523793
236250000	236299999	1.2841661035917749	0.8182546318727272	0.4659114717190477
236300000	236349999	1.2840383483679652	0.8182546318727272	0.465783716495238
236350000	236399999	1.2861623938298699	0.8182546318727272	0.4679077619571427
236400000	236449999	1.263100411082251	0.8182546318727272	0.44484577920952384
236450000	236499999	1.2376722753536795	0.8182546318727272	0.41941764348095234
236500000	236549999	1.2263783405632034	0.8182546318727272	0.4081237086904762
236550000	236599999	1.2166657976012987	0.8182546318727272	0.3984111657285715
236600000	236649999	1.2155694981346319	0.8182546318727272	0.3973148662619047
236650000	236699999	1.2000306828060605	0.8182546318727272	0.38177605093333333
236700000	236749999	1.185056333434632	0.8182546318727272	0.36680170156190484
236750000	236799999	1.1739160818965366	0.8182546318727272	0.35566145002380944
236800000	236849999	1.1606359087870128	0.8182546318727272	0.34238127691428566
236850000	236899999	1.1558413675441557	0.8182546318727272	0.3375867356714285
236900000	236949999	1.1051977279536795	0.8182546318727272	0.28694309608095236
236950000	236999999	1.068939352234632	0.8182546318727272	0.2506847203619048
237000000	237049999	1.058848696777489	0.8182546318727272	0.24059406490476187
237050000	237099999	1.0479981975679653	0.8182546318727272	0.22974356569523813
237100000	237149999	1.0181047315489176	0.8182546318727272	0.19985009967619038
237150000	237199999	1.0041938311679652	0.8182546318727272	0.18593919929523806
237200000	237249999	0.983505389634632	0.8182546318727272	0.1652507577619048
237250000	237299999	0.946785240487013	0.8182546318727272	0.12853060861428578
237300000	237349999	0.90915970672987	0.8182546318727272	0.09090507485714283
237350000	237399999	0.8975727413108224	0.8182546318727272	0.07931810943809525
237400000	237449999	0.8970773178060605	0.8182546318727272	0.0788226859333333
237450000	237499999	0.8804181469632033	0.8182546318727272	0.06216351509047613
237500000	237549999	0.8431361044298701	0.8182546318727272	0.024881472557142903
237550000	237599999	0.7964879050917748	0.8182546318727272	-0.021766726780952372
237600000	237649999	0.783265054177489	0.8182546318727272	-0.03498957769523814
237650000	237699999	0.7626076548489177	0.8182546318727272	-0.055646977023809496
237700000	237749999	0.7605174122774891	0.8182546318727272	-0.05773721959523803
237750000	237799999	0.7546531453155844	0.8182546318727272	-0.06360148655714282
237800000	237849999	0.7552759645155843	0.8182546318727272	-0.06297866735714286
237850000	237899999	0.7436927311393938	0.8182546318727272	-0.07456190073333335
237900000	237949999	0.74558602382987	0.8182546318727272	-0.07266860804285713
237950000	237999999	0.7401076705965367	0.8182546318727272	-0.07814696127619047
238000000	238049999	0.7392109809393939	0.8182546318727272	-0.07904365093333332
238050000	238099999	0.7204363812155843	0.8182546318727272	-0.09781825065714289
238100000	238149999	0.7120534397298701	0.8182546318727272	-0.10620119214285706
238150000	238199999	0.7114387977441557	0.8182546318727272	-0.10681583412857143
238200000	238249999	0.7086246516536796	0.8182546318727272	-0.10962998021904757
238250000	238299999	0.7104806964584415	0.8182546318727272	-0.1077739354142857
238300000	238349999	0.7107483092251081	0.8182546318727272	-0.10750632264761906
238350000	238399999	0.7165849726632034	0.8182546318727272	-0.10166965920952376
238400000	238449999	0.7151740206965367	0.8182546318727272	-0.1030806111761905
238450000	238499999	0.713023814977489	0.8182546318727272	-0.10523081689523817
238500000	238549999	0.7195367138203462	0.8182546318727272	-0.09871791805238095
238550000	238599999	0.7332130543012987	0.8182546318727272	-0.0850415775714285
238600000	238649999	0.7522558946203463	0.8182546318727272	-0.06599873725238092
238650000	238699999	0.7661623444203463	0.8182546318727272	-0.052092287452380925
238700000	238749999	0.7772830108679654	0.8182546318727272	-0.040971621004761816
238750000	238799999	0.7713937777679652	0.8182546318727272	-0.04686085410476193
238800000	238849999	0.7816212403679653	0.8182546318727272	-0.03663339150476186
238850000	238899999	0.7897486157774891	0.8182546318727272	-0.028506016095238063
238900000	238949999	0.7994543273298701	0.8182546318727272	-0.018800304542857083
238950000	238999999	0.8031188980203462	0.8182546318727272	-0.015135733852380984
239000000	239049999	0.803822462687013	0.8182546318727272	-0.014432169185714216
239050000	239099999	0.7962724207679653	0.8182546318727272	-0.02198221110476184
239100000	239149999	0.7965007078012987	0.8182546318727272	-0.02175392407142851
239150000	239199999	0.785577674682251	0.8182546318727272	-0.03267695719047614
239200000	239249999	0.7817811181584414	0.8182546318727272	-0.036473513714285755
239250000	239299999	0.7748793081536796	0.8182546318727272	-0.04337532371904762
239300000	239349999	0.7578329302441558	0.8182546318727272	-0.06042170162857141
239350000	239399999	0.7685260676917748	0.8182546318727272	-0.049728564180952395
239400000	239449999	0.7583542517012987	0.8182546318727272	-0.05990038017142851
239450000	239499999	0.7505895908393938	0.8182546318727272	-0.06766504103333337
239500000	239549999	0.7379820008774891	0.8182546318727272	-0.08027263099523807
239550000	239599999	0.7289502176727272	0.8182546318727272	-0.08930441420000002
239600000	239649999	0.7185839289584415	0.8182546318727272	-0.0996707029142857
239650000	239699999	0.70611190952987	0.8182546318727272	-0.11214272234285716
239700000	239749999	0.686143885082251	0.8182546318727272	-0.13211074679047619
239750000	239799999	0.6770389710584415	0.8182546318727272	-0.14121566081428572
239800000	239849999	0.6838822238251081	0.8182546318727272	-0.13437240804761907
239850000	239899999	0.6786852944536795	0.8182546318727272	-0.13956933741904765
239900000	239949999	0.6746388843489177	0.8182546318727272	-0.14361574752380946
239950000	239999999	0.6778251956965367	0.8182546318727272	-0.14042943617619053
240000000	240049999	0.6806015884822509	0.8182546318727272	-0.13765304339047624
240050000	240099999	0.6876512523870129	0.8182546318727272	-0.13060337948571432
240100000	240149999	0.6852779179679653	0.8182546318727272	-0.13297671390476185
240150000	240199999	0.6780032051489177	0.8182546318727272	-0.14025142672380952
240200000	240249999	0.6802009389679653	0.8182546318727272	-0.13805369290476188
240250000	240299999	0.6744257951393939	0.8182546318727272	-0.14382883673333324
240300000	240349999	0.675505910482251	0.8182546318727272	-0.14274872139047623
240350000	240399999	0.6829019748203462	0.8182546318727272	-0.13535265705238098
240400000	240449999	0.6605283881489177	0.8182546318727272	-0.1577262437238095
240450000	240499999	0.6606993007060605	0.8182546318727272	-0.15755533116666665
240500000	240549999	0.6715264962012986	0.8182546318727272	-0.14672813567142862
240550000	240599999	0.6760457525155843	0.8182546318727272	-0.14220887935714288
240600000	240649999	0.6837714017441557	0.8182546318727272	-0.13448323012857144
240650000	240699999	0.6888282970584415	0.8182546318727272	-0.12942633481428567
240700000	240749999	0.692641988682251	0.8182546318727272	-0.12561264319047616
240750000	240799999	0.6928945051870129	0.8182546318727272	-0.12536012668571428
240800000	240849999	0.6935642252679652	0.8182546318727272	-0.12469040660476194
240850000	240899999	0.6970116337632034	0.8182546318727272	-0.12124299810952377
240900000	240949999	0.6971533575489177	0.8182546318727272	-0.12110127432380946
240950000	240999999	0.698286208082251	0.8182546318727272	-0.11996842379047623
241000000	241049999	0.6873425712441558	0.8182546318727272	-0.13091206062857141
241050000	241099999	0.6842755611965368	0.8182546318727272	-0.13397907067619041
241100000	241149999	0.6915560879536796	0.8182546318727272	-0.12669854391904756
241150000	241199999	0.7686792750536796	0.8182546318727272	-0.04957535681904757
241200000	241249999	0.8209806973917748	0.8182546318727272	0.002726065519047638
241250000	241299999	0.8743680996679652	0.8182546318727272	0.05611346779523807
241300000	241349999	0.9104819095727272	0.8182546318727272	0.09222727770000005
241350000	241399999	0.9636701387774891	0.8182546318727272	0.1454155069047619
241400000	241449999	1.0202810352441558	0.8182546318727272	0.20202640337142863
241450000	241499999	1.073726385987013	0.8182546318727272	0.2554717541142858
241500000	241549999	1.1064629729489177	0.8182546318727272	0.28820834107619053
241550000	241599999	1.1165152106155842	0.8182546318727272	0.29826057874285705
241600000	241649999	1.1313662913965365	0.8182546318727272	0.31311165952380937
241650000	241699999	1.1474582891393938	0.8182546318727272	0.32920365726666667
241700000	241749999	1.1447075584965367	0.8182546318727272	0.32645292662380954
241750000	241799999	1.1494210432155842	0.8182546318727272	0.33116641134285707
241800000	241849999	1.1563445114965367	0.8182546318727272	0.33808987962380954
241850000	241899999	1.1535848152584414	0.8182546318727272	0.3353301833857142
241900000	241949999	1.1437514346917748	0.8182546318727272	0.3254968028190476
241950000	241999999	1.1488908207632034	0.8182546318727272	0.3306361888904762
242000000	242049999	1.140254848477489	0.8182546318727272	0.32200021660476186
242050000	242099999	1.135594307477489	0.8182546318727272	0.31733967560476184
242100000	242149999	1.1283858323584415	0.8182546318727272	0.3101312004857143
242150000	242199999	1.1111934901822509	0.8182546318727272	0.2929388583095237
242200000	242249999	1.0358849026155843	0.8182546318727272	0.21763027074285712
242250000	242299999	0.9840571920584414	0.8182546318727272	0.16580256018571427
242300000	242349999	0.9226798713632034	0.8182546318727272	0.10442523949047622
242350000	242399999	0.8861433362298701	0.8182546318727272	0.06788870435714289
242400000	242449999	0.8372200612536795	0.8182546318727272	0.01896542938095236
242450000	242499999	0.7867704200870129	0.8182546318727272	-0.031484211785714256
242500000	242549999	0.7429015115584415	0.8182546318727272	-0.07535312031428565
242550000	242599999	0.7269713765870129	0.8182546318727272	-0.09128325528571424
242600000	242649999	0.7300426764679653	0.8182546318727272	-0.0882119554047619
242650000	242699999	0.7643220999155843	0.8182546318727272	-0.05393253195714287
242700000	242749999	0.7530568576536796	0.8182546318727272	-0.0651977742190476
242750000	242799999	0.7880271438251081	0.8182546318727272	-0.0302274880476191
242800000	242849999	0.8386592140108224	0.8182546318727272	0.020404582138095262
242850000	242899999	0.8822809387584415	0.8182546318727272	0.06402630688571431
242900000	242949999	0.9267980682393938	0.8182546318727272	0.10854343636666663
242950000	242999999	0.9635790458536795	0.8182546318727272	0.1453244139809523
243000000	243049999	0.9941020067012987	0.8182546318727272	0.1758473748285715
243050000	243099999	1.0436616041060605	0.8182546318727272	0.22540697223333328
243100000	243149999	1.0687016428584415	0.8182546318727272	0.2504470109857143
243150000	243199999	1.083443547982251	0.8182546318727272	0.2651889161095239
243200000	243249999	1.1131400820822508	0.8182546318727272	0.2948854502095236
243250000	243299999	1.1224976568727272	0.8182546318727272	0.304243025
243300000	243349999	1.1409812684489176	0.8182546318727272	0.3227266365761904
243350000	243399999	1.16872085392987	0.8182546318727272	0.35046622205714273
243400000	243449999	1.190537766087013	0.8182546318727272	0.3722831342142857
243450000	243499999	1.204163099282251	0.8182546318727272	0.3859084674095238
243500000	243549999	1.2086440532632035	0.8182546318727272	0.3903894213904763
243550000	243599999	1.2107733212012985	0.8182546318727272	0.39251868932857137
243600000	243649999	1.2060938817393938	0.8182546318727272	0.3878392498666666
243650000	243699999	1.1997585799155843	0.8182546318727272	0.38150394804285714
243700000	243749999	1.1672669039679653	0.8182546318727272	0.3490122720952381
243750000	243799999	1.1878875852679651	0.8182546318727272	0.36963295339523794
243800000	243849999	1.1656002152108225	0.8182546318727272	0.3473455833380953
243850000	243899999	1.1220632777489177	0.8182546318727272	0.3038086458761905
243900000	243949999	1.0966053278632033	0.8182546318727272	0.2783506959904761
243950000	243999999	1.0912584693393939	0.8182546318727272	0.2730038374666667
244000000	244049999	1.0852068414298701	0.8182546318727272	0.26695220955714294
244050000	244099999	1.098404765582251	0.8182546318727272	0.2801501337095239
244100000	244149999	1.0899779870632034	0.8182546318727272	0.2717233551904762
244150000	244199999	1.0978878451774892	0.8182546318727272	0.279633213304762
244200000	244249999	1.101928810882251	0.8182546318727272	0.28367417900952374
244250000	244299999	1.1075629346679654	0.8182546318727272	0.2893083027952382
244300000	244349999	1.1395693544632035	0.8182546318727272	0.32131472259047633
244350000	244399999	1.1408119723965366	0.8182546318727272	0.32255734052380947
244400000	244449999	1.1403623584489178	0.8182546318727272	0.3221077265761906
244450000	244499999	1.1441249592441558	0.8182546318727272	0.3258703273714286
244500000	244549999	1.1674715486012985	0.8182546318727272	0.34921691672857136
244550000	244599999	1.1822162892108223	0.8182546318727272	0.36396165733809516
244600000	244649999	1.2019047469393938	0.8182546318727272	0.3836501150666666
244650000	244699999	1.2209632180965366	0.8182546318727272	0.40270858622380945
244700000	244749999	1.2492517463917747	0.8182546318727272	0.43099711451904754
244750000	244799999	1.2551700847251082	0.8182546318727272	0.436915452852381
244800000	244849999	1.2480992807679654	0.8182546318727272	0.4298446488952382
244850000	244899999	1.2464107481489175	0.8182546318727272	0.4281561162761903
244900000	244949999	1.2481317383584416	0.8182546318727272	0.4298771064857144
244950000	244999999	1.2421129994155844	0.8182546318727272	0.4238583675428572
245000000	245049999	1.2262176136632033	0.8182546318727272	0.4079629817904761
245050000	245099999	1.2207319466679651	0.8182546318727272	0.40247731479523796
245100000	245149999	1.1885754006060605	0.8182546318727272	0.3703207687333333
245150000	245199999	1.175864827834632	0.8182546318727272	0.3576101959619048
245200000	245249999	1.168857597334632	0.8182546318727272	0.35060296546190484
245250000	245299999	1.1680612501489178	0.8182546318727272	0.34980661827619064
245300000	245349999	1.1614736491203463	0.8182546318727272	0.34321901724761916
245350000	245399999	1.1371724365917748	0.8182546318727272	0.3189178047190476
245400000	245449999	1.1553200368774892	0.8182546318727272	0.337065405004762
245450000	245499999	1.1502871388965368	0.8182546318727272	0.3320325070238096
245500000	245549999	1.1498808395870128	0.8182546318727272	0.33162620771428564
245550000	245599999	1.1452374951489177	0.8182546318727272	0.3269828632761905
245600000	245649999	1.1463054446917749	0.8182546318727272	0.3280508128190477
245650000	245699999	1.1492832182108224	0.8182546318727272	0.3310285863380952
245700000	245749999	1.1524977614155842	0.8182546318727272	0.33424312954285706
245750000	245799999	1.16170986172987	0.8182546318727272	0.34345522985714283
245800000	245849999	1.18531162652987	0.8182546318727272	0.3670569946571428
245850000	245899999	1.2067608928441556	0.8182546318727272	0.3885062609714284
245900000	245949999	1.2484520631489175	0.8182546318727272	0.43019743127619037
245950000	245999999	1.2845280726060604	0.8182546318727272	0.4662734407333332
246000000	246049999	1.3082645095012984	0.8182546318727272	0.4900098776285712
246050000	246099999	1.325144602072727	0.8182546318727272	0.5068899701999999
246100000	246149999	1.3457068109060604	0.8182546318727272	0.5274521790333332
246150000	246199999	1.3473387213108223	0.8182546318727272	0.5290840894380952
246200000	246249999	1.3624041682917745	0.8182546318727272	0.5441495364190473
246250000	246299999	1.3662044134012987	0.8182546318727272	0.5479497815285715
246300000	246349999	1.3792833417965367	0.8182546318727272	0.5610287099238095
246350000	246399999	1.3842370913060607	0.8182546318727272	0.5659824594333335
246400000	246449999	1.3916777823679654	0.8182546318727272	0.5734231504952382
246450000	246499999	1.3696423036679652	0.8182546318727272	0.5513876717952381
246500000	246549999	1.3950581060632032	0.8182546318727272	0.5768034741904761
246550000	246599999	1.4099872520441556	0.8182546318727272	0.5917326201714285
246600000	246649999	1.3956485448060605	0.8182546318727272	0.5773939129333333
246650000	246699999	1.3830359387489177	0.8182546318727272	0.5647813068761905
246700000	246749999	1.3697708166584412	0.8182546318727272	0.5515161847857141
246750000	246799999	1.3319065472441556	0.8182546318727272	0.5136519153714284
246800000	246849999	1.2918519641727273	0.8182546318727272	0.4735973323000001
246850000	246899999	1.26823804662987	0.8182546318727272	0.44998341475714276
246900000	246949999	1.2491890015346319	0.8182546318727272	0.4309343696619047
246950000	246999999	1.214336466382251	0.8182546318727272	0.3960818345095237
247000000	247049999	1.1778851474536796	0.8182546318727272	0.3596305155809524
247050000	247099999	1.149311920177489	0.8182546318727272	0.3310572883047619
247100000	247149999	1.12353722892987	0.8182546318727272	0.3052825970571428
247150000	247199999	1.0912133796584413	0.8182546318727272	0.27295874778571416
247200000	247249999	1.0929243020108224	0.8182546318727272	0.2746696701380952
247250000	247299999	1.0678881169203462	0.8182546318727272	0.24963348504761906
247300000	247349999	1.0637700556489176	0.8182546318727272	0.2455154237761904
247350000	247399999	1.0407255218155842	0.8182546318727272	0.22247088994285702
247400000	247449999	1.0285333616489176	0.8182546318727272	0.21027872977619044
247450000	247499999	1.019588977277489	0.8182546318727272	0.20133434540476192
247500000	247549999	1.0227228682203462	0.8182546318727272	0.20446823634761901
247550000	247599999	0.9839892742917749	0.8182546318727272	0.16573464241904767
247600000	247649999	0.9471824817060606	0.8182546318727272	0.12892784983333339
247650000	247699999	0.9335692332346319	0.8182546318727272	0.11531460136190474
247700000	247749999	0.9230886580679654	0.8182546318727272	0.10483402619523818
247750000	247799999	0.9067631576489177	0.8182546318727272	0.0885085257761905
247800000	247849999	0.9053675284536796	0.8182546318727272	0.08711289658095245
247850000	247899999	0.8902621988441558	0.8182546318727272	0.07200756697142863
247900000	247949999	0.8689325745917749	0.8182546318727272	0.050677942719047686
247950000	247999999	0.8463232314251081	0.8182546318727272	0.028068599552380946
248000000	248049999	0.8315937768108225	0.8182546318727272	0.013339144938095293
248050000	248099999	0.8175374451870129	0.8182546318727272	-0.0007171866857142994
248100000	248149999	0.810358143482251	0.8182546318727272	-0.007896488390476186
248150000	248199999	0.7736286925251081	0.8182546318727272	-0.04462593934761905
248200000	248249999	0.7407830576298701	0.8182546318727272	-0.07747157424285711
248250000	248299999	0.7006995510203462	0.8182546318727272	-0.11755508085238098
248300000	248349999	0.6701259713822509	0.8182546318727272	-0.14812866049047624
248350000	248399999	0.6484925427584415	0.8182546318727272	-0.1697620891142857
248400000	248449999	0.6487605154393938	0.8182546318727272	-0.16949411643333334
248450000	248499999	0.6384844740393939	0.8182546318727272	-0.17977015783333328
248500000	248549999	0.63209397832987	0.8182546318727272	-0.18616065354285716
248550000	248599999	0.6442273860870129	0.8182546318727272	-0.17402724578571427
248600000	248649999	0.6470776263679653	0.8182546318727272	-0.1711770055047619
248650000	248699999	0.666123957634632	0.8182546318727272	-0.15213067423809523
248700000	248749999	0.7330546915632034	0.8182546318727272	-0.08519994030952383
248750000	248799999	0.6886519367251082	0.8182546318727272	-0.12960269514761902
248800000	248849999	0.6897858038627271	0.8182546318727272	-0.12846882801000004
248850000	248899999	0.693692927067464	0.8182546318727272	-0.12456170480526318
248900000	248949999	0.6974193775560605	0.8182546318727272	-0.12083525431666664
248950000	248999999	0.6919015192668448	0.8182546318727272	-0.12635311260588233
249000000	249049999	0.6907802198477272	0.8182546318727272	-0.12747441202499998
249050000	249099999	0.6880338551727272	0.8182546318727272	-0.13022077669999998
249100000	249149999	0.6881642480512986	0.8182546318727272	-0.13009038382142857
249150000	249199999	0.688263036618881	0.8182546318727272	-0.12999159525384618
249200000	249249999	0.7363971300143939	0.8182546318727272	-0.08185750185833329
249250000	249299999	0.7911032865181817	0.8182546318727272	-0.027151345354545442
