0	11.0	0.33580000000000004	0.3250074532303204	48910
1	21.0	0.39122	0.8641367444611555	66999
2	16.0	0.4233	0.8632034198084809	27282
3	15.0	0.40174	0.7122852919667293	23225
4	16.0	0.39394000000000007	0.777110410488628	27450
5	11.0	0.38728	0.8042130449124012	25013
6	8.0	0.43296	0.7590367989847123	24116
7	14.0	0.41679999999999995	0.6743679575360196	24106
8	15.0	0.39483999999999997	0.7689217824924549	27128
9	10.0	0.43263999999999997	0.7052308669714643	35932
10	7.0	0.48578000000000005	0.9062974154732366	32545
11	5.0	0.49582	0.7851294371654619	31323
12	11.0	0.54182	0.8970139095397757	35620
13	5.0	0.58952	0.880094759138916	44161
14	3.0	0.57152	0.7734831268595276	29480
15	13.0	0.54218	0.8513029531345416	37836
16	9.0	0.5565599999999999	0.874351976857871	30244
17	4.0	0.57896	0.9317124662617057	36638
18	12.0	0.52442	0.8510851562355283	38623
19	4.0	0.6230399999999999	0.8949097594777048	34918
20	6.0	0.63458	0.9338842730124454	21264
21	6.0	0.49546000000000007	0.8720828553634693	34185
22	12.0	0.45045999999999997	0.8527120409715534	29791
23	10.0	0.51068	0.9162127287875215	32439
24	10.0	0.59594	0.9457882038031065	31673
25	4.0	0.48497999999999997	0.8221001169887777	35411
26	10.0	0.56378	0.8954693968309291	31357
27	4.0	0.5758000000000001	0.9211983627497374	27674
28	5.0	0.24619999999999997	0.3675451406935109	14070
29	1.0	0.22305999999999998	0.409128768092526	15112
30	5.0	0.5776800000000001	0.9092213305454744	28170
31	5.0	0.58388	0.9281422741040648	35880
32	6.0	0.59488	0.9001285563152757	36480
33	4.0	0.5346600000000001	0.8015688305159204	42461
34	7.0	0.54762	0.8606539265436187	47275
35	4.0	0.6506000000000001	0.9687709610945567	35916
36	6.0	0.56674	0.854119242049642	42155
37	7.0	0.51068	0.8322653601476265	56684
38	14.0	0.45461999999999997	0.8365664872982125	41428
39	11.0	0.51084	0.9275744524431777	45181
40	15.0	0.48414	0.7376756553626519	46854
41	10.0	0.55632	0.9189753643944252	39826
42	10.0	0.43226	0.8617684800729143	34377
43	9.0	0.43077999999999994	0.8568111038828641	39670
44	8.0	0.42196	0.8318331756585999	46471
45	3.0	0.5798200000000001	0.955608687066361	45148
46	9.0	0.49236	0.9070513828799132	36675
47	12.0	0.5330600000000001	0.8750834957584647	48132
48	6.0	0.5540400000000001	0.8936307309848321	53411
49	10.0	0.50786	0.822641707903711	51867
50	8.0	0.49044	0.6814926401399798	45041
51	11.0	0.45454	0.7952733074373594	48183
52	9.0	0.45802	0.7979549452795248	45098
53	11.0	0.44742	0.8826265491478972	44234
54	10.0	0.47425999999999996	0.796899126122213	44332
55	3.0	0.5304800000000001	0.8153885713564635	50764
56	8.0	0.5711799999999999	0.9221260751437197	40365
57	12.0	0.42562	0.847692614372884	45570
58	11.0	0.51734	0.8555573185800905	36664
59	16.0	0.4640000000000001	0.8371919688379705	49652
60	6.0	0.4727	0.8327782047459583	45483
61	11.0	0.45296	0.7832974346373099	46498
62	21.0	0.42218000000000006	0.9077970268029991	37317
63	15.0	0.44584	0.8063447678807416	39984
64	9.0	0.5215000000000001	0.9556336190502029	40814
65	7.0	0.5248	0.9028995503982524	35769
66	6.0	0.4952	0.933948140272505	40405
67	19.0	0.48267999999999994	0.9451289630787854	32953
68	10.0	0.5728599999999999	0.9663039534745	35822
69	8.0	0.5954999999999999	0.9046759142935007	33103
70	6.0	0.56614	0.7360413778048854	32390
71	5.0	0.51554	0.6450131319845321	41799
72	4.0	0.5489599999999999	0.9480256381543699	34447
73	7.0	0.5400200000000001	0.9725550769884035	32986
74	9.0	0.56864	0.9759121125020916	33214
75	13.0	0.57274	0.9938438121534724	36473
76	6.0	0.54958	0.9601888437022332	39618
77	11.0	0.5305799999999999	0.7130473482266386	29687
78	12.0	0.48256	0.3257361489613194	32982
79	7.0	0.47062	0.23128677686710372	32503
80	9.0	0.45031999999999994	0.23299222494411884	34846
81	8.0	0.4341599999999999	0.2032383767677414	28974
82	11.0	0.4981600000000001	0.23286276252635868	32050
83	11.0	0.45928	0.4364828996779449	35755
84	11.0	0.44274	0.723556893034317	41054
85	26.0	0.45147999999999994	0.8732862126206873	45368
86	7.0	0.46265999999999996	0.8809652833728463	40653
87	13.0	0.50144	0.8820127866278837	38696
88	16.0	0.48036	0.933061241620396	34953
89	8.0	0.41278	0.9566760977088666	36546
90	22.0	0.39309999999999995	0.9360542074232575	36578
91	14.0	0.44423999999999997	0.8894935309548718	40761
92	9.0	0.46024	0.8669531697298812	41926
93	18.0	0.46985999999999994	0.9114162115277167	41908
94	8.0	0.44909999999999994	0.9651352616144221	30872
95	11.0	0.47657999999999995	0.9586387195911373	41021
96	9.0	0.46582	0.9197808299850772	37705
97	9.0	0.5086200000000001	0.9621428443964345	41986
98	19.0	0.45043999999999995	0.8479342788210242	37278
99	17.0	0.44154	0.805614825391807	35978
100	13.0	0.44882	0.8858396464353963	40031
101	15.0	0.40253999999999995	0.9063633401654385	30249
102	16.0	0.4225	0.9604254320250859	32525
103	15.0	0.44052	0.8246649071860169	31671
104	17.0	0.4279	0.8379779991140439	28687
105	12.0	0.39845999999999987	0.7800814085945518	26887
106	18.0	0.38888	0.8088310658573274	25204
107	17.0	0.4542400000000001	0.9545951425687021	30567
108	13.0	0.44293999999999994	0.8381013537677345	29709
109	10.0	0.46742000000000006	0.7194096648267414	28885
110	18.0	0.43587999999999993	0.8203846644519897	26423
111	9.0	0.4370800000000001	0.8246419183962038	26595
112	7.0	0.4422	0.9191510337462941	28485
113	15.0	0.45661999999999997	0.9377242880677119	27210
114	20.0	0.46838	0.8985420443688853	27718
115	14.0	0.47014	0.7767564523396588	28727
116	14.0	0.5009600000000001	0.9303492931960712	36040
117	14.0	0.5001399999999999	0.954501891685608	33217
118	15.0	0.47525999999999996	0.9460677186834506	32371
119	9.0	0.49394	0.9261726053459703	36275
120	14.0	0.51554	0.9351995781477612	36953
121	7.0	0.48821999999999993	0.9361364113069803	35965
122	5.0	0.48389999999999994	0.9051873561521513	34739
123	9.0	0.49028000000000005	0.9430758578681272	35141
124	8.0	0.48986	0.9342123752284881	36204
125	15.0	0.54054	0.9413907872826665	43816
126	8.0	0.54328	0.9405980066836384	43463
127	7.0	0.5344000000000001	0.9353681630826374	42565
128	10.0	0.50726	0.9610461336243685	44895
129	12.0	0.49223999999999996	0.9682948648667176	42707
130	6.0	0.4983000000000001	0.9091977424350816	40952
131	11.0	0.54518	0.9390019471224812	49754
132	10.0	0.5025	0.8423557465146215	49115
133	12.0	0.51142	0.8272838684738394	50090
134	9.0	0.48044000000000003	0.8777598125198459	57012
135	5.0	0.49678000000000005	0.88795240682161	50775
136	15.0	0.39971999999999996	0.8504449038639533	41858
137	12.0	0.45665999999999995	0.8996037092734949	50637
138	11.0	0.51814	0.8712480118075965	60791
139	14.0	0.47752	0.8387690182569627	48020
140	14.0	0.5099199999999999	0.9023697022154806	53699
141	13.0	0.48568	0.8446039696969763	48082
142	7.0	0.53312	0.9021173612516763	49368
143	10.0	0.5050199999999999	0.9307897314084409	42358
144	13.0	0.54504	0.927839463532657	40154
145	4.0	0.5404599999999999	0.9501907279250934	42039
146	9.0	0.5414	0.9690853066662174	37502
147	9.0	0.52106	0.9267274742892424	38151
148	9.0	0.5210999999999999	0.9614066833373899	30969
149	6.0	0.5609	0.9196475350005546	33013
150	9.0	0.55586	0.9784141665153782	35925
151	9.0	0.49066000000000004	0.9621308818989285	31881
152	16.0	0.5211	0.9414213894389114	35796
153	14.0	0.5378599999999999	0.963762588624175	32643
154	3.0	0.56998	0.9725198362482967	32830
155	9.0	0.49688000000000004	0.9491538492813726	38734
156	19.0	0.4625999999999999	0.9113577919622803	40368
157	7.0	0.45232	0.9063682054298909	33981
158	9.0	0.45982	0.8820945403964793	34840
159	5.0	0.5148800000000001	0.8543786460653048	34925
160	8.0	0.54756	0.9286375659166237	38746
161	8.0	0.53196	0.9036292173696027	34888
162	11.0	0.54526	0.9451188111954352	42844
163	7.0	0.55618	0.923675997126556	48593
164	14.0	0.57846	0.9653944910196945	45068
165	9.0	0.56964	0.9435943834823703	41973
166	13.0	0.50316	0.9434457090069551	42761
167	7.0	0.5244599999999999	0.9054809430745409	41890
168	9.0	0.49594	0.7940949981826461	49769
169	14.0	0.49607999999999997	0.8099789646106581	38117
170	12.0	0.5224599999999999	0.925818101791054	48477
171	12.0	0.52188	0.9273760070191455	40947
172	5.0	0.55672	0.7437380829998097	26566
173	11.0	0.5048	0.9157779959139496	39169
174	14.0	0.52154	0.948734378909603	36040
175	8.0	0.5216	0.9200798247891614	27534
176	8.0	0.31168	0.6112008546408353	19553
177	5.0	0.5902999999999999	0.9796445422083044	27893
178	13.0	0.4926	0.7996224471865406	26933
179	12.0	0.47600000000000003	0.24025376308340263	22538
180	8.0	0.44652000000000003	0.2305529986919953	22305
181	9.0	0.45181999999999994	0.2152411303622986	26656
182	12.0	0.45382	0.2361064813309175	24086
183	11.0	0.46748000000000006	0.29555265040830914	5775
184	21.0	0.4730599999999999	0.13063521197786523	1774
185	11.0	0.24423999999999998	0.024112301802007324	828
186	10.0	0.25038	0.021943985810008684	673
187	16.0	0.44018	0.21009473423458522	10377
188	13.0	0.37616	0.3658267339923879	16434
189	8.0	0.4705	0.29570320468353906	10470
190	10.0	0.48638	0.2539223429178452	24133
191	10.0	0.4305199999999999	0.2992098514770945	26543
192	11.0	0.45308	0.32157641887679	27653
193	9.0	0.46622	0.2863485190199948	28684
194	16.0	0.48384	0.4074763247409728	33847
195	8.0	0.46143999999999996	0.5472674537487175	34202
196	14.0	0.42751999999999996	0.9119647691690899	34698
197	19.0	0.4578	0.9283601928084018	31301
198	7.0	0.47204	0.9428477425341679	36632
199	19.0	0.43026000000000003	0.8949060797227986	34610
200	15.0	0.47064	0.9543269938757438	50835
201	11.0	0.4967000000000001	0.9595002316546417	39259
202	19.0	0.50858	0.9676920781529406	50594
203	24.0	0.458	0.9781360325531616	59472
204	17.0	0.44205999999999995	0.9746450976123301	61749
205	15.0	0.44089999999999996	0.9804430269267035	60884
206	16.0	0.43668	0.9209152507508103	61396
207	17.0	0.4172	0.924354241991632	41789
208	19.0	0.4073	0.8542938659371542	41696
209	20.0	0.4256	0.8789131748765475	36188
210	20.0	0.41104	0.875769651042362	36671
211	12.0	0.42375999999999997	0.9152370289177151	35531
212	20.0	0.42623999999999995	0.9473035040989078	27075
213	18.0	0.39846000000000004	0.9080119515908931	27256
214	13.0	0.40009999999999996	0.9644306152763813	22856
215	19.0	0.40003999999999995	0.7833207081634063	19481
216	17.0	0.39197999999999994	0.8484214660266509	19546
217	17.0	0.38856	0.9296158630325274	17955
218	16.0	0.39118	0.9379684694761956	18883
219	16.0	0.40362000000000003	0.9595378857522973	18466
220	14.0	0.40269999999999995	0.8643740387740031	18713
221	13.0	0.3912	0.8110351634061285	15472
222	14.0	0.3965000000000001	0.7972500686897077	15779
223	16.0	0.38976	0.8704632126948152	16205
224	21.0	0.39260000000000006	0.8341758591027967	16101
225	5.0	0.4061	0.9294997234103113	18075
226	12.0	0.39787999999999996	0.9644107462707939	18935
227	10.0	0.41603999999999997	0.7809711305074263	16384
228	17.0	0.42395999999999995	0.9607748352088377	20990
229	11.0	0.38958	0.9396588654020346	17690
230	17.0	0.39716	0.9001583084125505	18624
231	18.0	0.38717999999999997	0.748436668976458	16204
232	17.0	0.38898000000000005	0.9501189633979457	14405
233	11.0	0.38738	0.8394629715927948	16583
234	16.0	0.3698	0.9464251151719019	16912
235	11.0	0.36984	0.8587296164217434	15315
236	17.0	0.37544	0.8577305904027991	16236
237	11.0	0.3668800000000001	0.9219101427785683	14976
238	16.0	0.37534	0.927483891342852	15686
239	12.0	0.37206000000000006	0.8688648495370214	16289
240	19.0	0.36900000000000005	0.9209349938816819	17034
241	24.0	0.37048000000000003	0.8483899478366742	13714
242	16.0	0.35522	0.953410963040051	14472
243	16.0	0.36646	0.8973354314917844	15153
244	16.0	0.3636	0.9433218129552983	15030
245	16.0	0.36604	0.9167868272675239	13107
246	9.0	0.36754	0.7695789559638744	14240
247	19.0	0.3635	0.8646099431665412	14511
248	13.0	0.37620000000000003	0.8943321179810012	14537
249	22.0	0.38262000000000007	0.8089489017213047	17671
250	12.0	0.3684199999999999	0.9024040144133195	15323
251	17.0	0.36669999999999997	0.9705159644268049	16136
252	20.0	0.39402000000000004	0.9066432300568755	20911
253	12.0	0.36233999999999994	0.9195070132769468	17164
254	10.0	0.37774	0.9128536250565014	19702
255	15.0	0.3779200000000001	0.8192364280049729	14843
256	19.0	0.3757	0.9027566705014529	19944
257	23.0	0.38438	0.9446073192416302	21974
258	11.0	0.38427999999999995	0.8489917802416037	16447
259	13.0	0.38677999999999996	0.9398366985501145	16126
260	10.0	0.38587999999999995	0.9443684744058736	18164
261	18.0	0.39456	0.932206776573839	22259
262	12.0	0.39303999999999994	0.8902480061403489	22226
263	15.0	0.4194	0.9112633092059096	31129
264	17.0	0.40102000000000004	0.9227599818242921	27375
265	12.0	0.39976	0.9171759922995272	29696
266	16.0	0.40208	0.8777557501560691	30552
267	13.0	0.37788	0.9330769799005026	31786
268	20.0	0.3735	0.7977617064152888	30492
269	26.0	0.35438	0.9743179869689347	24954
270	15.0	0.45176	0.9838860339327392	30108
271	12.0	0.38789999999999997	0.9100394718943617	29399
272	18.0	0.40324	0.9423450143367995	26757
273	20.0	0.3918	0.8720903324858403	20064
274	6.0	0.4034199999999999	0.8640372642127737	19013
275	11.0	0.39592	0.8354221274745293	20080
276	15.0	0.41062	0.8466456435167505	19352
277	21.0	0.39822	0.9652354304791351	20001
278	21.0	0.4076600000000001	0.9378638171792434	17119
279	19.0	0.4121000000000001	0.9424084551168073	19199
280	15.0	0.39653999999999995	0.8390477203585005	16540
281	23.0	0.39336000000000015	0.9429056443521457	18100
282	16.0	0.39242	0.9747208561411759	18166
283	23.0	0.38566	0.8636924520480457	15317
284	13.0	0.38028000000000006	0.8456410192653945	16334
285	19.0	0.36835999999999997	0.9719157340061001	17500
286	12.0	0.37459999999999993	0.9422290638414711	16966
287	20.0	0.39514000000000005	0.9438396077175875	17682
288	11.0	0.3943000000000001	0.8461435363480533	15888
289	17.0	0.37844	0.7513597526541277	16043
290	14.0	0.36641999999999997	0.9014431880514232	17316
291	20.0	0.38206	0.9254398776945321	17439
292	12.0	0.38464000000000004	0.9413317908342445	17467
293	18.0	0.4035599999999999	0.8381776140083066	17483
294	18.0	0.39055999999999996	0.8529734835475125	19065
295	14.0	0.40596000000000004	0.8039969728357292	21428
296	13.0	0.41694000000000003	0.905228658256381	23285
297	13.0	0.41932	0.96059992960486	31716
298	10.0	0.37945999999999996	0.9032461465976629	23078
299	17.0	0.36882	0.9438734354346998	23378
300	20.0	0.36389999999999995	0.9725285253287164	25662
301	21.0	0.35379999999999995	0.942275097207292	27578
302	13.0	0.4079	0.868504016511706	28889
303	13.0	0.40938	0.8002968146416404	29059
304	18.0	0.3999399999999999	0.9225793561820745	25481
305	16.0	0.37954	0.8069046565068684	21626
306	13.0	0.40824000000000005	0.9571869801685751	23381
307	19.0	0.41568000000000005	0.928601356033305	24471
308	15.0	0.39662	0.9712978260231968	26858
309	18.0	0.40446	0.9395646505038934	31349
310	18.0	0.4044	0.9167382852487074	32281
311	14.0	0.39710000000000006	0.9345727635168048	30148
312	16.0	0.37244000000000005	0.8509616160236424	28674
313	15.0	0.38817999999999997	0.9303280662009726	32474
314	16.0	0.4305999999999999	0.9063145297107165	29231
315	21.0	0.4308199999999999	0.8612787695633973	27123
316	18.0	0.39268000000000003	0.735599111505739	26902
317	13.0	0.40706	0.9007047437676058	27595
318	17.0	0.44331999999999994	0.9336513006134749	30505
319	8.0	0.44217999999999996	0.8912755825003702	31485
320	19.0	0.41912	0.9367534679646128	33759
321	20.0	0.42708000000000007	0.9114433491740709	33052
322	15.0	0.4418800000000001	0.93428405447509	32036
323	29.0	0.39197999999999994	0.947327671801796	31579
324	21.0	0.40038	0.9402805618163281	35758
325	19.0	0.3997	0.9280817035402795	30365
326	18.0	0.39568000000000003	0.9284519016129237	23761
327	15.0	0.41154	0.8408282958030786	25562
328	20.0	0.40335999999999994	0.7917697860905945	23527
329	12.0	0.40009999999999996	0.9324275423942304	23777
330	12.0	0.41584	0.9625902186342927	19735
331	17.0	0.39436	0.8405595642321202	22712
332	9.0	0.40047999999999995	0.8049203145366426	24998
333	14.0	0.40818	0.9707325148160189	23812
334	17.0	0.38588	0.9614385887373741	22409
335	24.0	0.4172199999999999	0.9373022687152638	25142
336	18.0	0.3978400000000001	0.9332609727226122	23699
337	11.0	0.3957	0.9537262663833588	23103
338	13.0	0.4157	0.8152785733981968	22882
339	16.0	0.39605999999999997	0.8995641610621707	23229
340	18.0	0.41894000000000003	0.821171449048127	26181
341	17.0	0.40718	0.9330777641723208	23982
342	15.0	0.39531999999999995	0.9446265601647599	21408
343	12.0	0.39154000000000005	0.9045389115871382	20262
344	13.0	0.39065999999999995	0.8877056326967339	21190
345	17.0	0.41602000000000006	0.9444228969681002	26966
346	10.0	0.40218	0.9181892215529374	26254
347	15.0	0.4025600000000001	0.8979898258463445	28752
348	15.0	0.4255199999999999	0.8656231304143143	30024
349	12.0	0.4396	0.873063795288994	37270
350	17.0	0.43201999999999996	0.8763124907854681	39317
351	20.0	0.45002	0.8598097250331631	43293
352	13.0	0.45578	0.809863192038939	37375
353	17.0	0.4371000000000001	0.8452448896787105	39615
354	14.0	0.44278000000000006	0.7784921272587411	34651
355	18.0	0.41546	0.87243524352748	38634
356	18.0	0.36417999999999995	0.9334417086015245	32667
357	18.0	0.35798	0.8758100193660152	26017
358	22.0	0.3659600000000001	0.918009613221998	25502
359	10.0	0.34702000000000005	0.9369847694871698	24882
360	8.0	0.38188	0.940594674009078	29213
361	22.0	0.38384000000000007	0.8212516475659337	25540
362	19.0	0.37422	0.9102957843829081	22372
363	18.0	0.3897	0.8834777067220206	21982
364	23.0	0.38656	0.86444086217003	21093
365	16.0	0.39108	0.8209342593632273	18377
366	6.0	0.39142000000000005	0.8937382566754888	19250
367	21.0	0.36728	0.9457364479794449	17319
368	17.0	0.38717999999999997	0.9289137779385185	17986
369	12.0	0.3785	0.8064217136001105	19045
370	15.0	0.36635999999999996	0.9398153485558396	17757
371	13.0	0.38856	0.7946741434896887	21442
372	17.0	0.39492	0.8405008785177095	16299
373	14.0	0.37254	0.9522482432638966	19472
374	8.0	0.35807999999999995	0.93878831797943	15049
375	13.0	0.36150000000000004	0.9442465305456944	14656
376	25.0	0.3705199999999999	0.9601015193055603	14308
377	15.0	0.36822000000000005	0.9416150778521608	16004
378	12.0	0.35924	0.9430859566836216	14208
379	18.0	0.3605799999999999	0.9267207401461044	12902
380	19.0	0.37318000000000007	0.9135974634143756	13699
381	16.0	0.37766	0.7740702295764195	14263
382	7.0	0.35485999999999995	0.9720526858428639	13654
383	10.0	0.35378	0.9177510165406529	14025
384	19.0	0.34586	0.9326303687918996	13650
385	9.0	0.37573999999999996	0.8940256351151774	16597
386	15.0	0.35764	0.8742776391364602	14439
387	20.0	0.35240000000000005	0.8907123446445294	15111
388	11.0	0.36284	0.8943874471565848	14178
389	13.0	0.35786	0.9317541225770455	15521
390	16.0	0.3698999999999999	0.9159886115672854	15979
391	13.0	0.35846000000000006	0.9281904382496869	14030
392	12.0	0.35309999999999997	0.8538842991068112	12868
393	25.0	0.36826000000000003	0.8967695251996582	15674
394	14.0	0.37233999999999995	0.8980368689025023	14647
395	19.0	0.36948000000000003	0.9198610387167507	15638
396	16.0	0.36346000000000006	0.9339762106879756	13284
397	29.0	0.38249999999999995	0.8497448954837113	17484
398	18.0	0.36840000000000006	0.8590918751466123	15703
399	10.0	0.36402	0.8935986276176184	14474
400	16.0	0.35858000000000007	0.9381743060084354	13189
401	17.0	0.37546000000000007	0.9030969676369843	16066
402	18.0	0.35578	0.857270493072476	13462
403	12.0	0.37912	0.9141708434974319	16244
404	13.0	0.35046	0.9590615827072586	13926
405	21.0	0.37688000000000005	0.9764957156555993	13204
406	15.0	0.35884	0.9502970182706209	14242
407	16.0	0.3499000000000001	0.9749497334781672	15108
408	26.0	0.36418000000000006	0.951994032008294	18299
409	9.0	0.35229999999999995	0.9497100710648754	16538
410	14.0	0.35266000000000003	0.9379303075605401	16487
411	18.0	0.36358	0.948807989904587	17083
412	23.0	0.4007	0.8335737321894241	19132
413	14.0	0.39418	0.8334871368248357	22895
414	21.0	0.38398000000000004	0.7337344802864161	20113
415	19.0	0.37904000000000004	0.9322911992523553	19980
416	18.0	0.38974	0.9493161547114676	17406
417	16.0	0.3812	0.9073259159435895	16829
418	28.0	0.37262	0.9276688577715205	14556
419	16.0	0.38866	0.9190874186215461	17600
420	22.0	0.3815199999999999	0.9301997698310013	18130
421	12.0	0.37076	0.8779883918423215	14890
422	16.0	0.38806000000000007	0.8235607828123852	16004
423	15.0	0.37507999999999997	0.8490241097329978	13979
424	19.0	0.3764	0.8611084132087453	14642
425	18.0	0.3764	0.9365502650325932	14967
426	20.0	0.37244	0.9683452212889619	15172
427	19.0	0.37312000000000006	0.8415322313324857	13905
428	18.0	0.37943999999999994	0.8984401156594635	16281
429	17.0	0.3781400000000001	0.934622648328006	15640
430	21.0	0.37388000000000005	0.9224585557954446	14059
431	16.0	0.3631200000000001	0.961528767073657	14512
432	19.0	0.37229999999999996	0.9312619383738705	17307
433	18.0	0.3758600000000001	0.9255466932702965	16640
434	12.0	0.36208000000000007	0.9512595619063465	13338
435	13.0	0.38448	0.8813464838433007	17775
436	23.0	0.35914	0.8993173409929887	14839
437	25.0	0.38583999999999996	0.949716361376891	17260
438	18.0	0.38419999999999993	0.9447791454132416	15595
439	17.0	0.38905999999999996	0.9228920082834561	16143
440	19.0	0.37705999999999995	0.7929936932222283	16355
441	22.0	0.38636	0.8996053665831418	17963
442	15.0	0.36798000000000003	0.7972693543397651	14599
443	18.0	0.37764	0.8094380568678613	14771
444	20.0	0.39083999999999997	0.8978878158071902	14535
445	9.0	0.37944	0.8298590636481026	16489
446	20.0	0.38953999999999994	0.8258975993699156	15039
447	16.0	0.38843999999999995	0.8649446812369089	18331
448	17.0	0.36168	0.9406666137138209	18263
449	12.0	0.40192	0.9129942729941649	22149
450	15.0	0.41582	0.8980718982589762	21333
451	16.0	0.38378	0.8627589611278587	16323
452	21.0	0.40496000000000004	0.7463575016755112	20209
453	17.0	0.37836000000000003	0.9534746971480565	18526
454	14.0	0.37187999999999993	0.9246181783229823	19266
455	11.0	0.38808	0.915147298090649	19415
456	14.0	0.38351999999999997	0.9328146402928116	20421
457	19.0	0.40123999999999993	0.8086417762268294	21978
458	15.0	0.39042	0.9298630489916941	20413
459	13.0	0.36974	0.94648204447634	18370
460	14.0	0.36024	0.9603632191817266	20795
461	20.0	0.37604000000000004	0.9408831776822013	19928
462	23.0	0.37879999999999997	0.929490847520703	19150
463	18.0	0.36584000000000005	0.9262920466711787	18577
464	15.0	0.36816000000000004	0.9486098954647716	21099
465	12.0	0.35276	0.958585222224272	16946
466	21.0	0.34646	0.978674666327906	16749
467	16.0	0.3766	0.9506238325618013	19985
468	18.0	0.3654	0.9214747732810884	18595
469	17.0	0.36648000000000003	0.9155991286574022	18637
470	20.0	0.37666000000000005	0.8969923897090434	20902
471	19.0	0.36532000000000003	0.9481794563497583	19863
472	23.0	0.36851999999999996	0.7248123494553731	15153
473	22.0	0.36745999999999995	0.9549289104512048	17552
474	19.0	0.40232000000000007	0.848021980908755	20791
475	12.0	0.39100000000000007	0.9033535335118266	18430
476	14.0	0.36949999999999994	0.9681419165853875	17207
477	20.0	0.38746	0.9697736915618486	18071
478	13.0	0.39449999999999996	0.9525216579712225	22489
479	13.0	0.38856000000000007	0.9694610070181074	21832
480	10.0	0.39760000000000006	0.9897460682526139	23006
481	14.0	0.40396	0.9532111757138865	24565
482	20.0	0.41485999999999995	0.963092930182933	27427
483	25.0	0.40236	0.9332893312058073	28250
484	15.0	0.4128	0.9404411870228588	28398
485	18.0	0.41326	0.9612671668932168	24357
486	15.0	0.40356000000000003	0.8166476774413854	23214
487	17.0	0.39982000000000006	0.8458921343687987	27006
488	13.0	0.42351999999999995	0.9125265813847055	30368
489	21.0	0.44293999999999994	0.9342204226203557	28177
490	22.0	0.39651999999999993	0.8389914782049904	29653
491	15.0	0.39244	0.9055527095084995	34908
492	13.0	0.41194000000000003	0.883417864875574	34664
493	14.0	0.43810000000000004	0.9077910019049407	30209
494	9.0	0.4169800000000001	0.9162495197509216	28994
495	23.0	0.41212000000000004	0.9568126047730642	34787
496	12.0	0.44697999999999993	0.956410165950949	38170
497	17.0	0.42635999999999996	0.9286474887411288	30337
498	19.0	0.43844	0.8437711452736258	31716
499	6.0	0.44122	0.906971736544182	34344
500	17.0	0.44378000000000006	0.9409472241054129	36392
501	13.0	0.4491200000000001	0.9214718399438341	37696
502	17.0	0.40120000000000006	0.9200348725476148	38295
503	10.0	0.3974999999999999	0.9127053350898212	34780
504	19.0	0.42763999999999996	0.7688415406494222	34324
505	22.0	0.3968	0.822306817507037	36639
506	15.0	0.40616	0.8775055839588888	38586
507	19.0	0.39514000000000005	0.925524883424152	32049
508	10.0	0.4174599999999999	0.9359428016972373	39479
509	8.0	0.43492000000000003	0.854606106990582	35468
510	8.0	0.44	0.8394582112362318	32333
511	7.0	0.46206	0.7772081539739123	39536
512	6.0	0.4576	0.763586751839551	38968
513	8.0	0.46630000000000005	0.8499859553816099	37579
514	7.0	0.43274	0.7974501898742216	37007
515	23.0	0.4291400000000001	0.885994313475537	37854
516	12.0	0.43617999999999996	0.9200534200022231	38707
517	14.0	0.44933999999999996	0.9272153949575797	37599
518	17.0	0.43945999999999996	0.9176714216244384	43333
519	12.0	0.46408	0.8794645020988909	39732
520	11.0	0.44444	0.9386389826372854	36804
521	14.0	0.44830000000000003	0.9276430319691065	35518
522	15.0	0.43221999999999994	0.945941656995714	31630
523	14.0	0.43080000000000007	0.8179527100429027	31749
524	9.0	0.42535999999999996	0.8951085595364798	34333
525	16.0	0.41906	0.8433196004567198	30683
526	8.0	0.41694000000000003	0.8380767927535657	38285
527	19.0	0.3836	0.9075633913090039	34894
528	24.0	0.3814599999999999	0.9122903362579798	30735
529	13.0	0.44925999999999994	0.9023557396327573	36618
530	13.0	0.41846000000000005	0.8826482851943263	36709
531	13.0	0.38109999999999994	0.7825548398579039	31861
532	23.0	0.36577999999999994	0.7755857621032136	29297
533	14.0	0.36843999999999993	0.7325873178298603	28142
534	27.0	0.35278000000000004	0.9037902852818467	26220
535	21.0	0.3901599999999999	0.9351667490794772	35589
536	20.0	0.42838	0.8928454645048217	38511
537	15.0	0.39586	0.9438461658554004	40611
538	15.0	0.3611200000000001	0.8682042285656956	28099
539	25.0	0.35900000000000004	0.8767698073042469	28302
540	14.0	0.37382	0.9165932919474474	27945
541	10.0	0.44358	0.8367948166426523	29072
542	15.0	0.43178	0.874309417915568	29774
543	17.0	0.3972	0.9312645368910601	21719
544	13.0	0.38978	0.8529334658436191	22901
545	19.0	0.3905800000000001	0.9602048970206241	20685
546	16.0	0.40950000000000003	0.9546585419217328	22630
547	20.0	0.38844	0.8344161326294127	16984
548	14.0	0.3656999999999999	0.8934510834982441	16892
549	16.0	0.3646400000000001	0.9355759316271404	16053
550	17.0	0.3599	0.9078274398103517	14063
551	18.0	0.34668	0.939231170018166	17763
552	11.0	0.35123999999999994	0.9626578947508915	16518
553	14.0	0.35429999999999995	0.9686228916537558	17751
554	17.0	0.36088000000000003	0.9413665636255125	15725
555	16.0	0.35877999999999993	0.9429190555666734	15925
556	10.0	0.34934	0.9402415989747597	15456
557	19.0	0.3506	0.9555155182706895	13852
558	29.0	0.34148	0.9743713927017653	15087
559	10.0	0.36840000000000006	0.8577102980054058	14925
560	16.0	0.36817999999999995	0.9099146496473921	15223
561	21.0	0.34542	0.8827042666747805	12144
562	16.0	0.35954	0.9071894822577634	15289
563	12.0	0.34077999999999997	0.9541455952166725	12663
564	14.0	0.35846000000000006	0.9480839018339821	15435
565	11.0	0.3580000000000001	0.8836024089437483	13011
566	13.0	0.35466000000000003	0.8715754765827953	13347
567	14.0	0.34918	0.9544608680634471	16085
568	20.0	0.36914	0.8484931892042245	16416
569	8.0	0.36460000000000004	0.9093677191922167	14553
570	12.0	0.34978000000000004	0.9145269433446274	11375
571	13.0	0.37127999999999983	0.931868128779579	15538
572	21.0	0.33929999999999993	0.9581015776133471	17358
573	18.0	0.35924000000000006	0.9701683169838548	21508
574	19.0	0.3560400000000001	0.910940213157575	19687
575	13.0	0.34814	0.9728588195729831	20142
576	16.0	0.35534000000000004	0.9404254038904996	17230
577	21.0	0.36222	0.8409524823056764	14777
578	7.0	0.35502	0.9505658454678314	13157
579	14.0	0.3398799999999999	0.9522521297193246	12609
580	22.0	0.3569199999999999	0.9523950242032323	14186
581	15.0	0.34076	0.9682252916251446	14810
582	8.0	0.35063999999999995	0.9104408111091711	15516
583	16.0	0.3390000000000001	0.9685807771823595	12832
584	14.0	0.33346000000000003	0.8942151503503999	12970
585	23.0	0.34204	0.9293083133327136	12331
586	19.0	0.34318	0.9313370842082639	12996
587	20.0	0.34424000000000005	0.9529721716483042	13280
588	20.0	0.3398	0.9256656953139194	11859
589	19.0	0.34178000000000003	0.9495034517270486	14250
590	13.0	0.3377200000000001	0.9159981406072898	11931
591	16.0	0.33763999999999994	0.8702521720301938	14253
592	12.0	0.34027999999999997	0.93199722454517	14371
593	15.0	0.34442	0.881191664197492	12596
594	11.0	0.35590000000000005	0.9284316898147841	13626
595	19.0	0.34290000000000004	0.9305352589215163	13318
596	18.0	0.35202	0.8944940177435979	13123
597	18.0	0.34224000000000004	0.8696619051924545	14110
598	20.0	0.34991999999999995	0.8545814201560475	13482
599	12.0	0.33486000000000005	0.9580723644272564	10874
600	13.0	0.34997999999999996	0.9104972047617268	14466
601	19.0	0.35062	0.8922432336095169	12356
602	16.0	0.34598	0.9349105405811529	13209
603	17.0	0.35661999999999994	0.9349083605138343	13976
604	16.0	0.3557399999999999	0.8898737891251579	13843
605	13.0	0.34706000000000004	0.9059468969042078	12678
606	12.0	0.35396000000000005	0.9220461188989318	14136
607	23.0	0.33748000000000006	0.9600745349649208	14821
608	14.0	0.3432	0.9483767016258574	13782
609	25.0	0.33826	0.9689295924446313	13734
610	25.0	0.36962000000000006	0.9172130658547374	15309
611	14.0	0.35342	0.9357837240008438	13689
612	13.0	0.35646000000000005	0.9231506133410969	14070
613	10.0	0.36446000000000006	0.9286289315413853	15453
614	19.0	0.38695999999999997	0.9809082928040744	15356
615	15.0	0.35997999999999997	0.9483138039892094	15578
616	13.0	0.36002	0.9767412436282689	15538
617	11.0	0.36021999999999993	0.9188055603388405	14314
618	12.0	0.3461199999999999	0.9000251445015156	13038
619	16.0	0.34824	0.944344721806548	13016
620	14.0	0.35022000000000014	0.9581639769359964	12558
621	22.0	0.34787999999999997	0.9514798928509023	15776
622	14.0	0.35686	0.9492768079364883	15851
623	11.0	0.36888000000000004	0.9081147658059787	16062
624	16.0	0.36726	0.9174732285913032	17308
625	15.0	0.35548	0.9224177865825848	15590
626	19.0	0.34936	0.9556370196482941	16148
627	13.0	0.3568	0.9319092197841525	14343
628	23.0	0.35404	0.8901950053668249	11636
629	16.0	0.35024	0.9165589552311647	13753
630	11.0	0.3579	0.9060001056178166	16465
631	18.0	0.34196	0.967771402879078	14070
632	19.0	0.3457	0.9587169153256558	13010
633	12.0	0.34313999999999995	0.9359100118954452	13184
634	19.0	0.34241999999999995	0.9519796724481265	13379
635	15.0	0.3442	0.9422919969183351	12771
636	7.0	0.2104	0.6210719717202087	8566
637	12.0	0.3413999999999999	0.9638796590652006	14465
638	19.0	0.35922000000000004	0.932712647509084	16172
639	17.0	0.3611600000000001	0.917807686618095	19071
640	15.0	0.3561000000000001	0.9085792756019851	21853
641	12.0	0.36948000000000003	0.9342870233904929	20481
642	13.0	0.34946000000000005	0.921551192991716	16419
643	11.0	0.35358000000000006	0.9359191924088208	17428
644	21.0	0.3500200000000001	0.9480526057765013	18339
645	15.0	0.34129999999999994	0.9423943816676659	16614
646	11.0	0.36322000000000004	0.961640995336679	16053
647	25.0	0.33928	0.8485872581583913	11564
648	23.0	0.33462000000000003	0.9018128432563727	14010
649	18.0	0.33668	0.9521116345986902	13042
650	14.0	0.33858000000000005	0.9112225426874169	13015
651	20.0	0.33306	0.971021202808933	14690
652	13.0	0.35535999999999995	0.9207377974895347	15177
653	14.0	0.34396	0.8973789779057733	13353
654	14.0	0.35646	0.9053642871043978	13381
655	20.0	0.3366200000000001	0.963664257681372	14850
656	17.0	0.29328	0.8044241383732814	10866
657	16.0	0.34798	0.9247499107137598	13547
658	16.0	0.35273999999999994	0.886482333420636	15527
659	17.0	0.34348000000000006	0.9653104947332495	12190
660	8.0	0.34517999999999993	0.8843524444527215	12443
661	23.0	0.35076	0.9818950022234493	14100
662	19.0	0.35473999999999994	0.9470773346079608	15127
663	11.0	0.34712	0.945672602246976	11492
664	20.0	0.36585999999999996	0.8976556586496117	16039
665	8.0	0.34047999999999995	0.8969984708610084	11752
666	14.0	0.3547600000000001	0.9528706469782797	13438
667	13.0	0.3343	0.9473469390578645	11838
668	19.0	0.33992	0.953214176976312	11899
669	27.0	0.3527199999999999	0.9485476147470645	14620
670	22.0	0.34582	0.9493838839702851	13253
671	20.0	0.34574	0.9130343906664098	15785
672	17.0	0.36989999999999995	0.9255787086627605	15409
673	18.0	0.34181999999999996	0.9009071491023606	13403
674	17.0	0.36905999999999994	0.8600931560687721	17605
675	15.0	0.33340000000000003	0.9631792379655704	13644
676	20.0	0.3414400000000001	0.7928557498896793	14089
677	22.0	0.34739999999999993	0.7976370451946794	15335
678	24.0	0.3317400000000001	0.9876626869064492	11522
679	19.0	0.35950000000000004	0.8559855673041177	16943
680	20.0	0.33897999999999995	0.8805441465122584	14990
681	20.0	0.34452	0.9265007506015437	15348
682	9.0	0.33326	0.9598600224842805	15178
683	12.0	0.33614000000000005	0.9674519235355368	13705
684	10.0	0.35608000000000006	0.8872274155657421	15409
685	12.0	0.3499400000000001	0.9196359859276407	15389
686	14.0	0.35792	0.9162805565903501	16981
687	16.0	0.34604	0.9604207843804512	13196
688	14.0	0.3235	0.8554778283403466	13091
689	15.0	0.35108000000000006	0.8733467890779365	15104
690	14.0	0.35164000000000006	0.9286576514870757	13676
691	17.0	0.32880000000000004	0.9402152894104159	12084
692	14.0	0.34482	0.8929822780168563	12167
693	22.0	0.3587	0.9031292560061563	12940
694	18.0	0.33827999999999997	0.9340868749473903	11435
695	13.0	0.34156	0.9267403630131779	7253
696	9.0	0.34488	0.9227025996227909	5025
697	16.0	0.34059999999999996	0.899031788761508	13068
698	15.0	0.33476	0.9553254905149484	12276
699	4.0	0.33218	0.9716977883883778	11670
700	25.0	0.3381799999999999	0.926180768489121	13127
701	15.0	0.342	0.9392674562393989	12263
702	20.0	0.36950000000000005	0.8302295737814012	16305
703	17.0	0.34288	0.953663204860125	12443
704	12.0	0.34836	0.9109381331059705	15159
705	13.0	0.34574000000000005	0.9520302001611154	13567
706	18.0	0.36154000000000003	0.8403391120184975	11458
707	11.0	0.34696	0.9088184940098143	16459
708	12.0	0.34324000000000005	0.9126322348816371	13104
709	24.0	0.3489000000000001	0.9567977963701064	13841
710	10.0	0.33393999999999996	0.9669415626776646	12915
711	17.0	0.33254	0.9442014839694753	11971
712	16.0	0.33442	0.8928043190752849	12180
713	19.0	0.3528	0.8061638834635352	12687
714	11.0	0.36166	0.9473448750194781	16612
715	9.0	0.34192	0.9586892088094224	12965
716	18.0	0.35468000000000005	0.897091260964279	11356
717	20.0	0.3752	0.9030784833239791	15749
718	16.0	0.36250000000000004	0.9563360446375815	17214
719	14.0	0.35657999999999995	0.9368736012950394	14403
720	12.0	0.35398	0.9529888428138052	14912
721	15.0	0.35845999999999995	0.953520170947367	13372
722	27.0	0.33652	0.9831854000210121	15557
723	22.0	0.36164	0.9540899252160365	15294
724	23.0	0.37048000000000003	0.9586392166736897	14125
725	22.0	0.36193999999999993	0.9441876116707425	15230
726	16.0	0.3786	0.9638092925380044	17978
727	16.0	0.37148000000000003	0.8757764031870361	19314
728	14.0	0.37968	0.8241824611502436	16664
729	16.0	0.35491999999999996	0.923643171046603	17059
730	18.0	0.36044000000000004	0.9389385591311344	16248
731	12.0	0.36472	0.8469756971514222	15180
732	13.0	0.35826	0.8979431135491093	16401
733	20.0	0.37077999999999994	0.8796876620882028	18068
734	13.0	0.37437999999999994	0.8865488135822642	17882
735	20.0	0.3572600000000001	0.9370547383283421	17549
736	12.0	0.36778	0.8835796576725699	18157
737	14.0	0.3701	0.8692029995554599	18866
738	15.0	0.37211999999999995	0.7845084078475546	19391
739	14.0	0.36774	0.8468555475814208	19523
740	13.0	0.37416	0.8665358144158116	23079
741	20.0	0.37042	0.9319885323563897	18509
742	13.0	0.3705	0.8907120944312925	20235
743	16.0	0.37750000000000006	0.9445799455449333	18628
744	19.0	0.39886000000000005	0.9319681402522121	20961
745	13.0	0.37933999999999996	0.9119708767571478	19347
746	18.0	0.38188	0.8750778984199999	18851
747	17.0	0.39236000000000004	0.8506246555654291	20184
748	17.0	0.39380000000000004	0.8458929072346393	26771
749	16.0	0.3927999999999999	0.8987681821176987	27130
750	12.0	0.40918000000000004	0.8452108353609972	25442
751	10.0	0.42278000000000004	0.7984176129171716	30096
752	12.0	0.42335999999999996	0.8912221266911025	36933
753	22.0	0.441	0.8819786861151748	37898
754	9.0	0.40425999999999995	0.8926535853877768	31711
755	15.0	0.426	0.8859910157880357	31732
756	8.0	0.41074	0.883872033412894	37393
757	16.0	0.41274	0.8790345862834582	35416
758	14.0	0.42279999999999995	0.7750651247827269	33652
759	18.0	0.4303600000000001	0.8818352054878625	36110
760	20.0	0.41523999999999994	0.9027863050352342	35062
761	14.0	0.4340800000000001	0.9280224151138247	40599
762	12.0	0.43626000000000004	0.9677054457349459	39798
763	12.0	0.45094	0.925884343311733	41535
764	14.0	0.43088	0.890105358097241	42238
765	15.0	0.41888	0.8876543848385524	39660
766	18.0	0.41553999999999996	0.889662684102075	39005
767	20.0	0.40968000000000004	0.9245467652268355	37668
768	14.0	0.40203999999999995	0.7304289482180818	38674
769	17.0	0.41076	0.81796917217964	40118
770	20.0	0.42208	0.8989341962273096	46864
771	18.0	0.40850000000000003	0.9036757846689603	38902
772	10.0	0.42074000000000006	0.8700982272117732	42824
773	13.0	0.43626000000000004	0.9199142967613785	45617
774	14.0	0.42446	0.8693614971285638	42380
775	14.0	0.41192	0.8999095469540835	41022
776	12.0	0.41780000000000006	0.8673231061496708	38066
777	17.0	0.41785999999999995	0.8011836664019841	40087
778	7.0	0.42285999999999996	0.8714276845788532	38675
779	13.0	0.40944	0.8867468531307987	41144
780	6.0	0.39326000000000005	0.8213845454709191	40461
781	14.0	0.35874	0.9142987814322622	38511
782	13.0	0.3946	0.8559435224834594	42395
783	13.0	0.39006	0.8591988832287992	39771
784	24.0	0.37512	0.8727030618297699	33047
785	13.0	0.41242000000000006	0.8041127167330125	38899
786	14.0	0.38664000000000004	0.9081017508163879	34240
787	11.0	0.4133999999999999	0.7612219753593302	42190
788	12.0	0.42034000000000005	0.7915097675351253	42792
789	10.0	0.42196	0.830184367376111	44331
790	13.0	0.42002	0.7884529744285094	38650
791	14.0	0.4211599999999999	0.7250661886930472	38697
792	13.0	0.41631999999999997	0.7798941178082672	41734
793	9.0	0.43668	0.6997310314869947	44021
794	8.0	0.4208799999999999	0.7806903490971077	39903
795	6.0	0.42480000000000007	0.7915896384653266	39111
796	14.0	0.44538000000000005	0.7497636185938956	44497
797	12.0	0.38326	0.8712808200307122	38957
798	15.0	0.38754	0.8596093089599697	39337
799	10.0	0.45556	0.7082042625863763	42897
800	6.0	0.4603000000000001	0.6663131279066863	47966
801	7.0	0.43158	0.7670741015209451	42296
802	12.0	0.39721999999999996	0.7994195832518836	33937
803	14.0	0.40386000000000005	0.883141258044288	42126
804	13.0	0.42577999999999994	0.8893491787052153	51986
805	12.0	0.44376000000000004	0.7817170572921751	48937
806	15.0	0.4420400000000001	0.8834896128357335	53200
807	12.0	0.43626000000000004	0.8371574188032528	41732
808	11.0	0.43498000000000003	0.8408547906122655	41485
809	15.0	0.40722	0.8600036928555875	40281
810	8.0	0.4391199999999999	0.7671879872954106	46542
811	10.0	0.44445999999999997	0.7920002297499671	43819
812	10.0	0.4469000000000001	0.7836969920276028	41015
813	9.0	0.44458	0.7699901366597399	39664
814	11.0	0.4012400000000001	0.8299549828234062	35942
815	19.0	0.39698	0.7910821686847099	32682
816	9.0	0.4415	0.8907776707536966	33835
817	12.0	0.44689999999999996	0.8811705953194378	38067
818	21.0	0.4525999999999999	0.8981175951236574	36599
819	14.0	0.4195799999999999	0.8889174639234115	31224
820	15.0	0.39914	0.8749914383767151	29912
821	24.0	0.41448000000000007	0.8775467808472941	29358
822	15.0	0.40414	0.8612373430890716	26966
823	19.0	0.40184000000000003	0.9304364613774881	27956
824	16.0	0.4159799999999999	0.9049838115169673	30113
825	19.0	0.42402	0.7752845407797977	29260
826	14.0	0.41364000000000006	0.8619541783052258	29184
827	16.0	0.42266	0.8340238527915449	24198
828	22.0	0.40512	0.8701293278460333	24757
829	21.0	0.41766	0.8887283075153042	25419
830	13.0	0.4	0.9510998331177989	27148
831	17.0	0.40036	0.9597910391828082	28448
832	22.0	0.40118000000000004	0.9664012424039249	26418
833	5.0	0.39236000000000004	0.9569647864695094	25677
834	11.0	0.40871999999999997	0.9398655366053067	27046
835	25.0	0.405	0.9505981771259442	26261
836	15.0	0.41625999999999996	0.9220805178218806	30735
837	14.0	0.41946	0.9572800987089446	25422
838	8.0	0.4036200000000001	0.7427794367398004	34750
839	16.0	0.38778	0.8941851422720327	29142
840	18.0	0.36937999999999993	0.8296614763964567	30470
841	13.0	0.37012	0.8608098333589509	27928
842	21.0	0.4028600000000001	0.90323850901906	30021
843	18.0	0.4342799999999999	0.8969565418883346	31787
844	10.0	0.43019999999999997	0.8253494427234195	34591
845	16.0	0.43126	0.7445133303619802	30108
846	16.0	0.43406	0.8311677653825725	26963
847	10.0	0.4244199999999999	0.8780354393174812	26499
848	11.0	0.39104	0.9652849454400055	22059
849	18.0	0.38605999999999996	0.9038702697060597	22796
850	21.0	0.39176	0.8423127543702241	26178
851	17.0	0.3661000000000001	0.9239365080396067	20290
852	12.0	0.37736	0.9586181089727515	18856
853	13.0	0.38123999999999997	0.8891878822412772	20626
854	16.0	0.3746	0.8723457190079792	17451
855	12.0	0.38006	0.8300418419324933	16048
856	9.0	0.38911999999999997	0.9190174948168822	17116
857	14.0	0.36112	0.9616059562441575	17676
858	18.0	0.38316	0.9643634603413602	15627
859	14.0	0.3642	0.9359258362866989	15795
860	18.0	0.37470000000000003	0.9056762900071927	15359
861	22.0	0.37834	0.7897937187837091	13886
862	11.0	0.36249999999999993	0.8915403497264011	14654
863	13.0	0.3609200000000001	0.8588135328017309	14119
864	19.0	0.36211999999999994	0.9158899432005247	15445
865	15.0	0.35692	0.8954241565160664	12663
866	16.0	0.36134	0.9561560838583589	13657
867	17.0	0.35822000000000004	0.9345195627715155	14421
868	12.0	0.36304000000000003	0.888650048718591	14653
869	12.0	0.3363000000000001	0.8822676610400694	13506
870	14.0	0.34442	0.8863837359516467	11135
871	13.0	0.35784	0.8650242250917227	14890
872	12.0	0.36097999999999997	0.8697464272709573	14452
873	19.0	0.3618800000000001	0.7740409065282104	14380
874	19.0	0.35832	0.8326770062588535	11731
875	13.0	0.3408	0.9464797636227378	13847
876	14.0	0.35851999999999995	0.8831910220221442	13699
877	13.0	0.35924	0.7952996282371433	16419
878	16.0	0.36395999999999995	0.910867955721825	14665
879	17.0	0.3504	0.9388917330510969	12542
880	15.0	0.35206	0.9572962488052666	14355
881	12.0	0.35818	0.901690236952342	13422
882	15.0	0.3636599999999999	0.9179022426500649	15816
883	15.0	0.37070000000000003	0.9153437520543444	14087
884	19.0	0.36150000000000004	0.9244475099370988	14612
885	22.0	0.3484199999999999	0.8306904179590122	12964
886	14.0	0.34159999999999996	0.8866210351739394	14121
887	20.0	0.34942	0.9247111382729266	14758
888	13.0	0.3618200000000001	0.9632991219559478	12704
889	13.0	0.37367999999999996	0.8872531555644579	15549
890	25.0	0.36304000000000003	0.880478918911947	13043
891	21.0	0.36062000000000005	0.861539411302273	14867
892	18.0	0.37126000000000015	0.8881756039226009	18307
893	19.0	0.35446000000000005	0.975011980765654	23638
894	13.0	0.35603999999999997	0.8974705156187516	22752
895	16.0	0.36516	0.9189962182297561	16689
896	14.0	0.38092	0.8575152501388439	15684
897	17.0	0.36879999999999996	0.8212279267260876	16259
898	21.0	0.3379599999999999	0.9747572867389989	13005
899	14.0	0.37756	0.9151974516495077	15866
900	19.0	0.34812000000000004	0.8108395324217598	13742
901	16.0	0.35584000000000005	0.8827282424660743	14101
902	18.0	0.35438	0.8433209508164287	14668
903	15.0	0.3524400000000001	0.9049181022497518	16090
904	16.0	0.35624	0.927067078634125	12911
905	12.0	0.35036000000000006	0.9187848935024958	13094
906	19.0	0.34065999999999996	0.9363024833208833	13642
907	27.0	0.34914	0.9401852123415686	13514
908	24.0	0.3512799999999999	0.9282085794979437	12906
909	16.0	0.35676	0.9026179283854406	12999
910	14.0	0.36256	0.8360405465057371	14348
911	17.0	0.36286	0.8468805978308084	14981
912	20.0	0.3594799999999999	0.9408434315215415	14605
913	16.0	0.36082000000000003	0.8310259833729102	14627
914	14.0	0.33982	0.942901017414322	13178
915	12.0	0.34694	0.8310566003278692	14711
916	15.0	0.34842	0.7954438222169049	12976
917	17.0	0.34531999999999996	0.9274740649389729	13236
918	8.0	0.35807999999999995	0.9295215374379919	14190
919	14.0	0.3559800000000001	0.8991377654501806	15494
920	14.0	0.34612000000000004	0.8878738456323556	14764
921	12.0	0.32965999999999995	0.9005910646676726	12924
922	18.0	0.34541999999999995	0.9624097115474293	13746
923	12.0	0.35332	0.8688367962983324	16338
924	8.0	0.34938	0.8739889216425104	16330
925	14.0	0.35034	0.9241894441494496	16385
926	17.0	0.34042	0.9663605705422464	13544
927	15.0	0.37382000000000004	0.9174718043640651	16619
928	16.0	0.36623999999999995	0.8282299530307995	15391
929	15.0	0.36329999999999996	0.8815003318427084	16198
930	13.0	0.36388	0.9315916776646886	14797
931	18.0	0.35350000000000004	0.8354312503504633	14389
932	15.0	0.36174	0.8983677783955537	16589
933	15.0	0.36872000000000005	0.8247691902779335	16231
934	15.0	0.37308	0.8289106335801896	41435
935	15.0	0.36926000000000003	0.8308674424699405	14494
936	13.0	0.36886	0.9079808441322085	13907
937	11.0	0.36716	0.9020012590653536	16970
938	11.0	0.35362000000000005	0.9540404227745001	14671
939	19.0	0.35726000000000013	0.9734856534480327	14116
940	13.0	0.35694000000000004	0.9371331502414411	14510
941	20.0	0.37554000000000004	0.9268971496067315	14395
942	24.0	0.3497	0.9690265356909488	15216
943	13.0	0.35994	0.9697731596885306	14328
944	11.0	0.36224000000000006	0.8868523351575328	15933
945	12.0	0.37711999999999996	0.7716354110163662	14509
946	10.0	0.35800000000000004	0.8959326066900324	17549
947	16.0	0.3907	0.8990644390858977	23026
948	17.0	0.37390000000000007	0.9639914097309052	22292
949	13.0	0.37174	0.9374901884695844	25600
950	18.0	0.36985999999999997	0.9458187196346963	25516
951	18.0	0.38322	0.9410784373853669	32306
952	10.0	0.39036000000000004	0.8586928754196702	24840
953	16.0	0.38977999999999996	0.9363378854760847	26013
954	15.0	0.37949999999999995	0.9476810704402381	26801
955	18.0	0.37106	0.9005436482321416	27174
956	11.0	0.39620000000000005	0.9092179646984636	28838
957	26.0	0.34878	0.9374525365649341	27221
958	20.0	0.39234	0.8359897141013249	34084
959	10.0	0.3769199999999999	0.8224669858831632	30064
960	17.0	0.39655999999999997	0.8498896597081462	32429
961	20.0	0.4055	0.7512649409848224	29275
962	16.0	0.39370000000000005	0.9275685500567795	37719
963	24.0	0.40185999999999994	0.9062170039322934	39923
964	19.0	0.40192	0.8968652996656458	47715
965	11.0	0.4197600000000001	0.7725953905137654	47495
966	16.0	0.39538000000000006	0.8597067373113751	41057
967	21.0	0.37461999999999995	0.8683829193365066	33385
968	15.0	0.3792000000000001	0.7889704779880405	32346
969	12.0	0.42086	0.9346763903619192	36478
970	15.0	0.35888	0.9628409217739	33166
971	12.0	0.3636800000000001	0.9454822656516969	35366
972	14.0	0.3461000000000001	0.936961377252859	30641
973	11.0	0.36345999999999995	0.8557731480080365	31798
974	19.0	0.3949399999999999	0.6924290759211419	36497
975	13.0	0.40546	0.882237003805374	41225
976	12.0	0.40452	0.7861370911249353	38843
977	16.0	0.3888799999999999	0.7117988372975036	32893
978	18.0	0.42324	0.7821455247416927	35693
979	12.0	0.41564	0.9166990086812784	34578
980	15.0	0.39189999999999997	0.7748579056134737	24557
981	12.0	0.38986	0.6349451998526175	28215
982	0.0	0.41145999999999994	0.17380574886008437	72173
983	14.0	0.41678000000000004	0.20691056372624797	35948
984	23.0	0.45165999999999995	0.2836155967165765	29809
985	4.0	0.45736	0.17322558445452552	25580
986	3.0	0.39632000000000006	0.11940948838818799	9271
989	5.0	0.07948	0.03905999186501276	2198
990	9.0	0.41442	0.20232688270024168	18174
991	22.0	0.45244	0.2237007685377028	10249
992	14.0	0.41556	0.2104111215108778	26374
993	0.0	0.08254000000000002	0.09065165050093872	17776
1053	3.0	0.31584	0.380620938499092	9407
1054	17.0	0.42032	0.9593567475992039	28365
1055	20.0	0.39146000000000003	0.9695788100195988	27926
1056	19.0	0.41269999999999996	0.6894893157134375	24095
1057	15.0	0.3868999999999999	0.830258201958626	23965
1058	15.0	0.41081999999999996	0.923509739227858	21320
1059	17.0	0.39438	0.8193910803943035	23728
1060	20.0	0.39032000000000006	0.7590606367763681	22632
1061	18.0	0.40082	0.7147766159265457	23087
1062	13.0	0.40094	0.8590834949367393	21886
1063	24.0	0.38464	0.8122234347209207	21424
1064	13.0	0.4106	0.8644739607138539	28056
1065	10.0	0.4060800000000001	0.8376803665622041	22588
1066	16.0	0.40379999999999994	0.5192767143393411	22440
1067	18.0	0.38799999999999996	0.6932164434883118	27052
1068	13.0	0.41978000000000004	0.8144507913929739	25306
1069	10.0	0.40484000000000003	0.9438785702305029	36092
1070	23.0	0.42932000000000003	0.8982561679320336	35459
1071	15.0	0.4063600000000001	0.8800907097306025	36451
1072	15.0	0.41838000000000003	0.7759512185854578	36521
1073	10.0	0.42544000000000004	0.700524670806027	33024
1074	16.0	0.45185999999999993	0.9573606792241347	37347
1075	23.0	0.42473999999999995	0.8575495428798324	31302
1076	9.0	0.41414	0.8721708718012774	30130
1077	17.0	0.40912	0.9053318388354029	33746
1078	19.0	0.37943999999999994	0.8987810518694778	32320
1079	15.0	0.3806399999999999	0.8119457224912263	29299
1080	14.0	0.38452	0.8245990803563285	27858
1081	20.0	0.37054000000000004	0.7825585161073342	27313
1082	17.0	0.41	0.6664542758538654	28792
1083	15.0	0.38956000000000013	0.6508584075370327	28514
1084	24.0	0.40331999999999996	0.7910235791357693	36553
1085	13.0	0.35875999999999997	0.8262588827555762	29575
1086	13.0	0.3658600000000001	0.8455176389696615	30173
1087	12.0	0.42644	0.9397356727071451	40255
1088	27.0	0.42769999999999997	0.8166692939018739	35483
1089	18.0	0.40354000000000007	0.9384377852200515	38533
1090	10.0	0.41198	0.874934126681182	32874
1091	18.0	0.419	0.8541391318776933	35117
1092	13.0	0.38702	0.8926414594931266	26753
1093	14.0	0.42678	0.8319185219081116	29347
1094	13.0	0.40246000000000004	0.7656520314952037	28588
1095	16.0	0.42597999999999997	0.9076009226636836	33700
1096	20.0	0.41444000000000003	0.8125356086281204	32156
1097	18.0	0.37091999999999997	0.8680067514747871	27691
1098	16.0	0.38549999999999995	0.8281770935316113	32748
1099	13.0	0.43091999999999997	0.9015663371118057	28941
1100	10.0	0.42766	0.8156423052971278	30547
1101	13.0	0.46228	0.8356099039504514	37277
1102	16.0	0.42180000000000006	0.7958011514663941	30210
1103	20.0	0.42347999999999997	0.8426261680907765	31054
1104	15.0	0.42286	0.897883317339039	32193
1105	6.0	0.401	0.9158503889527176	34748
1106	19.0	0.40020000000000006	0.8027081067465044	30061
1107	15.0	0.41246000000000005	0.8521952092170998	30023
1108	10.0	0.42786	0.9413583110362422	46592
1109	20.0	0.4160000000000001	0.8627763245078334	35346
1110	18.0	0.42601999999999995	0.911896723141002	32211
1111	17.0	0.39774	0.973412607063686	31603
1112	18.0	0.39748	0.9178404374416897	30376
1113	30.0	0.39966	0.7153956115918076	30526
1114	13.0	0.39804	0.9617291133585331	25957
1115	17.0	0.39988	0.9292963648239573	31956
1116	18.0	0.40958	0.9206446971002058	31255
1117	16.0	0.39325999999999994	0.9391272400490552	29667
1118	16.0	0.3948	0.7698658483659707	26686
1119	17.0	0.40574	0.9244480476336948	29154
1120	17.0	0.39218000000000003	0.8588566713223778	30052
1121	15.0	0.38508000000000003	0.7151047794806746	30735
1122	23.0	0.39266	0.9016119079310885	31503
1123	17.0	0.39977999999999997	0.8234798709939598	40039
1124	9.0	0.43209999999999993	0.8088145859158308	49180
1125	9.0	0.40985999999999995	0.887677324040314	42719
1126	18.0	0.36686	0.9421657053397087	33445
1127	11.0	0.37348	0.9034746545278859	42596
1128	14.0	0.39836000000000005	0.878986398171044	41402
1129	12.0	0.38006	0.7549018695811623	29187
1130	18.0	0.4036	0.8756367482628765	44743
1131	17.0	0.38539999999999996	0.7134400849861038	44082
1132	16.0	0.38470000000000004	0.9245280434892785	38392
1133	15.0	0.38805999999999996	0.9149931077398779	38524
1134	18.0	0.36658	0.8392461287849018	32495
1135	18.0	0.38502000000000003	0.9098513645096132	39764
1136	20.0	0.38928000000000007	0.8996409753187847	38830
1137	12.0	0.37876	0.9089041238109532	39558
1138	16.0	0.4175000000000001	0.860653006175097	40620
1139	14.0	0.40571999999999997	0.9005018295861426	36660
1140	13.0	0.39902	0.8758025955804574	34716
1141	17.0	0.40013999999999994	0.8989661596734798	29974
1142	18.0	0.40882000000000007	0.8858360887793338	32985
1143	15.0	0.4432600000000001	0.8643993663488033	37280
1144	22.0	0.39277999999999996	0.712754335113889	32772
1145	17.0	0.3763	0.89270343008741	35438
1146	16.0	0.40412	0.8615306288832779	39853
1147	11.0	0.40616	0.8298771748397591	40030
1148	14.0	0.3958	0.8304200891102859	35164
1149	20.0	0.42668000000000006	0.8068301641272786	38612
1150	21.0	0.43268	0.9103350330093427	32183
1151	15.0	0.4427400000000001	0.7740204232836416	37371
1152	11.0	0.44016	0.8178544547838633	40595
1153	9.0	0.44780000000000003	0.7263881955571836	38081
1154	13.0	0.45337999999999995	0.7194732161370103	43928
1155	17.0	0.44358	0.7031711693466688	41215
1156	17.0	0.44232	0.769007465677736	43306
1157	12.0	0.39514000000000005	0.8723448807298522	37083
1158	17.0	0.43087999999999993	0.9135867509965082	34472
1159	13.0	0.42501999999999995	0.9173017757191556	30404
1160	13.0	0.42710000000000004	0.8880369095253384	29604
1161	21.0	0.42141999999999996	0.919068566513126	28101
1162	20.0	0.40873999999999994	0.895596260970748	25519
1163	20.0	0.40368000000000004	0.8274134978547852	22719
1164	15.0	0.38636	0.9455224370755182	18236
1165	15.0	0.40288	0.8436242957112531	20807
1166	21.0	0.38966	0.8632793855122306	21746
1167	16.0	0.38483999999999985	0.8549204254156476	15879
1168	15.0	0.38854	0.6378514595250044	16715
1169	21.0	0.38209999999999994	0.8703765223337065	18638
1170	21.0	0.37656	0.8938287266437451	15273
1171	13.0	0.38878000000000007	0.830209674610251	19030
1172	19.0	0.36388000000000004	0.7719979314879035	17416
1173	14.0	0.36083999999999994	0.9337403703317152	15247
1174	18.0	0.34809999999999997	0.9564489309865197	12604
1175	11.0	0.36028	0.6953289814749145	15128
1176	21.0	0.3767999999999999	0.8611713344295786	12000
1177	12.0	0.35660000000000003	0.7787572659185245	13933
1178	24.0	0.3577	0.9529782971203485	13033
1179	20.0	0.3592799999999999	0.9484559171064026	12530
1180	17.0	0.35810000000000003	0.8907881552488573	14565
1181	13.0	0.35789999999999994	0.9064601520782763	15130
1182	16.0	0.36318	0.9301336804681203	16129
1183	16.0	0.36194000000000004	0.8310315164447121	13754
1184	21.0	0.37457999999999997	0.7691374299015241	17428
1185	21.0	0.36308	0.7664866275703637	14898
1186	11.0	0.36934000000000006	0.8505994268200692	13733
1187	12.0	0.3474799999999999	0.9186185594729014	10767
1188	13.0	0.3416599999999999	0.8749909597469789	12173
1189	17.0	0.35856	0.9295819556546593	17089
1190	13.0	0.35658	0.9378990340402718	16878
1191	13.0	0.3441199999999999	0.8980407829603922	11464
1192	11.0	0.33888000000000007	0.9040081469571183	11135
1193	11.0	0.33475999999999995	0.943960438229799	11625
1194	7.0	0.26392000000000004	0.6491115162334439	9124
1195	4.0	0.07022	0.1407846525510518	2621
1196	11.0	0.32908000000000004	0.9591168641658752	11619
1197	18.0	0.3383	0.9332999039962532	11597
1198	14.0	0.35062	0.8712331422070055	10515
1199	11.0	0.33826	0.8971778759902023	10670
1200	20.0	0.35406000000000004	0.9361257385539707	13933
1201	19.0	0.35752	0.7717957285958943	12985
1202	16.0	0.35022	0.9637485261087294	14597
1203	14.0	0.33791999999999994	0.8156684039845253	11438
1204	16.0	0.36068	0.9362353655566442	15302
1205	19.0	0.34409999999999996	0.7736197339619147	14306
1206	18.0	0.32270000000000004	0.9583134530965851	11450
1207	14.0	0.3607	0.8515900506505717	12725
1208	12.0	0.3594799999999999	0.8013122349336627	12087
1209	9.0	0.35897999999999997	0.8447754094478207	14075
1210	13.0	0.35284	0.9214359990750897	13199
1211	20.0	0.34488	0.8564158738063545	13526
1212	7.0	0.3374599999999999	0.9342855542117908	12628
1213	15.0	0.33057999999999993	0.8801521630016329	12542
1214	19.0	0.34621999999999997	0.8588058883471404	11897
1215	14.0	0.3652599999999999	0.8179676452290645	15761
1216	11.0	0.3448800000000001	0.9630845859949145	12468
1217	15.0	0.34326	0.9405890128867992	11859
1218	15.0	0.35702000000000006	0.82556718397487	11888
1219	18.0	0.32686	0.9121252564986475	11545
1220	20.0	0.35025999999999996	0.8408322327306935	14057
1221	20.0	0.33896	0.9468260230361549	13264
1222	13.0	0.33854000000000006	0.883767768041056	12048
1223	11.0	0.35161999999999993	0.9208679521010696	13607
1224	15.0	0.34387999999999996	0.8892384756793765	12141
1225	18.0	0.36135999999999996	0.8756663324935596	13180
1226	17.0	0.35397999999999996	0.8656740679111469	12956
1227	18.0	0.34545999999999993	0.9512349233370007	13910
1228	17.0	0.34265999999999996	0.9731260789123386	13077
1229	10.0	0.3688	0.8095042086142992	14015
1230	15.0	0.34058000000000005	0.9324104506273028	12329
1231	18.0	0.35972000000000004	0.7476573726001646	13977
1232	12.0	0.34950000000000003	0.908543574994053	13514
1233	11.0	0.36278	0.916280408605114	13194
1234	16.0	0.34676	0.8809547260249336	13830
1235	12.0	0.3454	0.9270036543009748	13668
1236	19.0	0.34571999999999997	0.875603657307575	14810
1237	18.0	0.3585600000000001	0.7686685494900195	14671
1238	12.0	0.36910000000000004	0.9475280064972816	14711
1239	29.0	0.36162	0.8757313365947612	16045
1240	12.0	0.35129999999999995	0.9136274370095084	14799
1241	14.0	0.37720000000000004	0.9601444465424253	14643
1242	17.0	0.34774	0.9708536234500335	13207
1243	23.0	0.35262	0.9462304591968238	13694
1244	20.0	0.34672000000000003	0.8484904498276116	12774
1245	23.0	0.3549	0.9439484686550866	11411
1246	20.0	0.33478	0.9487011304975972	13657
1247	13.0	0.34206	0.9612560669862904	12241
1248	20.0	0.35506	0.9523573886625841	13859
1249	17.0	0.34726000000000007	0.9477291347683938	12015
1250	10.0	0.3508	0.8624373626239826	11018
1251	19.0	0.3481	0.9368882617207742	15143
1252	13.0	0.3898	0.6014307184507008	13264
1253	11.0	0.36122	0.9185487958620894	14093
1254	17.0	0.36744000000000004	0.916577961069349	15051
1255	15.0	0.3624	0.9440438039441397	14612
1256	13.0	0.3596199999999999	0.7890648508303743	28109
1257	16.0	0.336	0.9591865779772192	13444
1258	13.0	0.31984	0.9881144718881675	11455
1259	16.0	0.36147999999999997	0.8648798146343597	12184
1260	13.0	0.37298000000000003	0.8397208369485833	15462
1261	24.0	0.34704	0.9396447225466991	13347
1262	11.0	0.35668000000000005	0.9375929675851158	15416
1263	20.0	0.37321999999999994	0.8272505157618837	16286
1264	10.0	0.35342	0.9174871420993074	13365
1265	12.0	0.36752	0.8814408062951394	11985
1266	14.0	0.35119999999999996	0.9299011762363922	14812
1267	13.0	0.37733999999999995	0.8782098571848661	16384
1268	17.0	0.35827999999999993	0.8824315110606514	13821
1269	15.0	0.35700000000000004	0.8093504343141734	12109
1270	14.0	0.33161999999999997	0.9445305490295653	12699
1271	20.0	0.34419999999999995	0.8010966716528213	13753
1272	20.0	0.33366	0.8468043554219583	11405
1273	15.0	0.35306	0.9181099389705873	13069
1274	14.0	0.34174000000000004	0.9340618986712594	14899
1275	13.0	0.33358000000000004	0.9796940281159825	11894
1276	11.0	0.35681999999999997	0.8572791848351949	14052
1277	21.0	0.3354599999999999	0.874035787843839	13070
1278	18.0	0.37156	0.8279319268346171	14343
1279	14.0	0.35269999999999996	0.8105990658761456	12992
1280	15.0	0.35406	0.831866386381725	14632
1281	19.0	0.36134	0.7724129018335555	15307
1282	19.0	0.34738	0.8059300242267781	11925
1283	18.0	0.32482000000000005	0.9312158433049997	10299
1284	12.0	0.36234	0.8189854254006014	11448
1285	12.0	0.32116	0.9122361477446062	9125
1286	11.0	0.34265999999999996	0.9457323055012594	12539
1287	13.0	0.3412799999999999	0.8857635109342092	12619
1288	26.0	0.3821	0.813894142041359	12904
1289	15.0	0.33970000000000006	0.8715821420588528	13062
1290	12.0	0.32772	0.9489113331258459	11092
1291	16.0	0.33715999999999996	0.9674042127925522	11313
1292	15.0	0.33085999999999993	0.8924457716710213	11425
1293	11.0	0.3292	0.9603495978154054	11503
1294	13.0	0.32173999999999997	0.8845789243999325	8905
1295	12.0	0.34152	0.9484156349841275	11251
1296	16.0	0.33812	0.8534986181103041	9898
1297	18.0	0.363	0.9349722290315332	13276
1298	16.0	0.34787999999999997	0.8475841758680965	13288
1299	14.0	0.32553999999999994	0.9650053726407343	11307
1300	23.0	0.35978	0.8518472426778905	16034
1301	17.0	0.35622	0.9429496127937064	13653
1302	10.0	0.33832	0.8751931316113372	12401
1303	10.0	0.32292000000000004	0.9615162824422757	11624
1304	11.0	0.34647999999999995	0.8639441248994961	11567
1305	13.0	0.3517799999999999	0.9701166998258923	12988
1306	14.0	0.35858000000000007	0.9151014220971397	15506
1307	16.0	0.3282	0.9437227089470983	14274
1308	20.0	0.34308	0.9004495443372202	12493
1309	9.0	0.3466	0.9189315198372445	12167
1310	13.0	0.3636600000000001	0.7688884090230812	11578
1311	15.0	0.35322000000000003	0.873461557295435	12111
1312	14.0	0.35897999999999997	0.9102301419506702	14660
1313	22.0	0.33908	0.8687721769633312	14329
1314	17.0	0.35745999999999994	0.7371976540966614	9722
1315	24.0	0.3337399999999999	0.9521930554325425	13450
1316	24.0	0.34040000000000004	0.9615661626882966	11549
1317	13.0	0.35186000000000006	0.86236861738941	11997
1318	24.0	0.37316000000000005	0.8413319806199921	13064
1319	15.0	0.33014000000000004	0.944750895505668	13383
1320	17.0	0.36058	0.751175749844573	11216
1321	9.0	0.34364000000000006	0.9526730672488506	12889
1322	23.0	0.34594	0.9362989644885347	15195
1323	12.0	0.34865999999999997	0.8594711903285394	11761
1324	16.0	0.32626	0.9792658792255536	13326
1325	15.0	0.34284000000000003	0.9453469259971247	13523
1326	13.0	0.33826000000000006	0.9407853850803634	12266
1327	20.0	0.33892000000000005	0.8688709709046176	12174
1328	15.0	0.32415999999999995	0.9291432101321837	11278
1329	21.0	0.32998	0.9651246655428072	13122
1330	14.0	0.35122	0.9569340364364028	12715
1331	10.0	0.33698000000000006	0.836377307583964	12904
1332	16.0	0.36418	0.8602860736553574	14488
1333	19.0	0.36349999999999993	0.9214191362863615	15322
1334	17.0	0.34446	0.866015159098255	12082
1335	19.0	0.35031999999999996	0.9080609120551497	13395
1336	12.0	0.33078	0.9498522764100884	18985
1337	19.0	0.35350000000000004	0.7687992960893699	13959
1338	12.0	0.33386000000000005	0.9749506048638982	11748
1339	9.0	0.36256	0.777732177085655	14537
1340	10.0	0.3544799999999999	0.9487621900999351	13328
1341	13.0	0.33699999999999997	0.962980131708441	11569
1342	12.0	0.35158000000000006	0.7716831994285139	12652
1343	13.0	0.3378	0.9611407215383052	10187
1344	15.0	0.34916	0.8819071796112854	12599
1345	13.0	0.34858000000000006	0.8473927845944965	12471
1346	13.0	0.35011999999999993	0.8469652795864276	13211
1347	15.0	0.33224	0.9414929505860827	12140
1348	23.0	0.35919999999999996	0.8392029626689231	14500
1349	21.0	0.35229999999999995	0.976418988937377	15054
1350	14.0	0.34116	0.934436729794781	12172
1351	17.0	0.36936	0.8478439496215542	16026
1352	12.0	0.35088	0.8842452113137019	13698
1353	10.0	0.35216000000000003	0.8846710495537224	13790
1354	17.0	0.3578	0.9275371615761242	14772
1355	21.0	0.35363999999999995	0.9310352889398096	14004
1356	16.0	0.36428000000000005	0.8768474167088938	14707
1357	18.0	0.36530000000000007	0.8882484367682643	15924
1358	19.0	0.36984	0.8595982701661362	16862
1359	11.0	0.35294	0.8551224456298803	15361
1360	18.0	0.3816400000000001	0.7428629603331061	17341
1361	23.0	0.36823999999999996	0.9409942678252812	19127
1362	14.0	0.38968	0.7543078608736681	23023
1363	17.0	0.39955999999999997	0.7783743781548866	25159
1364	13.0	0.38638	0.897091425357578	24295
1365	9.0	0.38852000000000003	0.7936749295033523	39908
1366	13.0	0.37625999999999993	0.8572254596484081	29509
1367	12.0	0.36351999999999995	0.8799766620168433	31286
1368	13.0	0.37146	0.9155318112238687	35401
1369	12.0	0.35924	0.9302316951919337	29136
1370	18.0	0.3572599999999999	0.8289924455336672	28947
1371	17.0	0.40076	0.8820933684979222	37520
1372	18.0	0.35342	0.9384648017859708	29524
1373	15.0	0.36472	0.8888320193223658	25063
1374	13.0	0.3586000000000001	0.9429610436104109	25241
1375	7.0	0.37967999999999996	0.8869029192180825	23804
1376	11.0	0.3768599999999999	0.7812194966239134	21106
1377	12.0	0.36565999999999993	0.8996555129676249	26441
1378	20.0	0.37612000000000007	0.8694090895530242	23926
1379	17.0	0.3475	0.8979344266605084	22915
1380	13.0	0.37717999999999996	0.8788459520908252	25283
1381	17.0	0.36802	0.7274368067223801	18981
1382	16.0	0.36672000000000005	0.8859131893133357	25554
1383	21.0	0.35042	0.9485876315098566	26391
1384	15.0	0.38856	0.9130582255947775	31965
1385	15.0	0.40309999999999996	0.7543766027322368	28580
1386	18.0	0.36123999999999995	0.9095350194345833	20459
1387	18.0	0.37032000000000004	0.662941981739051	18848
1388	20.0	0.38622	0.6127408368919482	19587
1389	18.0	0.37317999999999996	0.70393573940498	19833
1390	12.0	0.37882	0.5612710449495051	17758
1391	10.0	0.35246	0.8825532396835646	15455
1392	20.0	0.36705999999999994	0.7854498774368184	17333
1393	23.0	0.34582000000000007	0.7014187237885129	16976
1394	17.0	0.35462000000000005	0.885999701798594	16326
1395	17.0	0.35769999999999996	0.883929048991095	20144
1396	22.0	0.34938	0.8401616901952207	18981
1397	14.0	0.34621999999999997	0.7017055747602743	15560
1398	20.0	0.3641	0.8247934937164695	20380
1399	20.0	0.3489	0.844549743311932	17644
1400	23.0	0.34226	0.7335812848404661	18130
1401	19.0	0.35832	0.5041711075101392	17314
1402	20.0	0.36066	0.5163116766028778	14219
1403	16.0	0.35436	0.5495671463692317	11962
1404	21.0	0.35796	0.5916236220441088	12579
1405	14.0	0.33727999999999997	0.48991348627286324	12988
1406	15.0	0.34902	0.8463000376433081	17106
1407	19.0	0.37116	0.9155069413464516	15777
1408	13.0	0.35622	0.8610775012120747	14982
1409	17.0	0.3433	0.8662589149317137	13734
1410	21.0	0.36052000000000006	0.8035991803264672	16604
1411	11.0	0.35212000000000004	0.8354306771834303	14124
1412	16.0	0.38298000000000004	0.9156133662297876	14550
1413	19.0	0.37254	0.9040511359770074	17557
1414	12.0	0.34898	0.9280708669527997	15597
1415	13.0	0.34274	0.8948617399849971	15134
1416	13.0	0.3413999999999999	0.928246264888797	13799
1417	18.0	0.34822	0.8220074871907107	11674
1418	21.0	0.35552000000000006	0.8284595025189503	13367
1419	10.0	0.33198	0.8755861284105497	12076
1420	10.0	0.3347	0.9440795726954573	13687
1421	16.0	0.34806000000000004	0.8526475921775755	13981
1422	17.0	0.34006000000000003	0.940372305878837	13155
1423	18.0	0.3749	0.8215030866542398	14862
1424	12.0	0.35458000000000006	0.8770827784430387	14676
1425	19.0	0.37784	0.7658727088947929	17638
1426	19.0	0.38626000000000005	0.7963359958917805	19276
1427	19.0	0.37870000000000004	0.9257090777515191	21656
1428	12.0	0.38928000000000007	0.7848565038961263	30032
1429	17.0	0.3567	0.9108934821785191	31699
1430	12.0	0.38678000000000007	0.8539142998768045	36317
1431	6.0	0.41763999999999996	0.8232201248102471	40014
1432	20.0	0.38852	0.8583927905721231	35850
1433	16.0	0.40286	0.8427702142116624	35198
1434	8.0	0.43687999999999994	0.7843581202703162	41120
1435	10.0	0.42663999999999996	0.7528592718935623	41779
1436	14.0	0.39164	0.8715163693467921	37953
1437	21.0	0.3912	0.7066250773501341	33971
1438	9.0	0.39504000000000006	0.7270055829103841	29991
1439	15.0	0.39832	0.6435383015749065	28476
1440	15.0	0.38838	0.7233313324978556	23404
1441	10.0	0.39873999999999993	0.9488187002508429	28587
1442	17.0	0.37873999999999997	0.9673526150299312	25910
1443	12.0	0.38924	0.8241831319157417	24370
1444	14.0	0.37468	0.9641092583700844	25344
1445	20.0	0.37567999999999996	0.8150547435051718	17958
1446	23.0	0.36436	0.922453545927382	21074
1447	14.0	0.36222	0.9404715385415696	19887
1448	12.0	0.35601999999999995	0.923871225062683	17149
1449	20.0	0.37478	0.8196126642144741	19154
1450	21.0	0.38514000000000004	0.8437230063643271	20432
1451	12.0	0.3793800000000001	0.881457855490245	22451
1452	11.0	0.36996	0.8665966961940282	22030
1453	9.0	0.3812	0.8218452926258324	23458
1454	12.0	0.35237999999999997	0.9270133146157714	25591
1455	11.0	0.36176	0.8532380788332457	24394
1456	15.0	0.3574	0.8350177623924293	22258
1457	14.0	0.36012	0.8472841532405682	22074
1458	13.0	0.36418	0.9161403849488631	19902
1459	17.0	0.36902	0.819552631075039	17467
1460	16.0	0.36886	0.7549778368018819	19122
1461	14.0	0.37135999999999997	0.8661901822751678	18818
1462	15.0	0.36376	0.8751073294015688	23776
1463	12.0	0.3607600000000001	0.9579690839144757	23136
1464	17.0	0.3494	0.9713247416870547	25617
1465	24.0	0.35904	0.9256024660448888	23781
1466	19.0	0.35154	0.8811233874032178	24821
1467	17.0	0.35507999999999995	0.8225626490390503	29110
1468	12.0	0.37746	0.9282618984133104	32429
1469	15.0	0.36973999999999996	0.782392754830836	25790
1470	26.0	0.37774	0.7387523792998321	29786
1471	22.0	0.37362000000000006	0.7918001074950056	27708
1472	16.0	0.3880800000000001	0.8277965301892058	25564
1473	15.0	0.36505999999999994	0.7930968098068916	21837
1474	25.0	0.39254000000000006	0.5648576844215915	29990
1475	14.0	0.39878	0.778767719849737	28917
1476	15.0	0.37355999999999995	0.9249527061492375	26286
1477	11.0	0.3918	0.9368011679568288	25724
1478	18.0	0.39311999999999997	0.8972359287394983	36576
1479	13.0	0.37182000000000004	0.9153416118332678	31787
1480	20.0	0.35882	0.940850606555081	28315
1481	13.0	0.35153999999999996	0.9050980493496036	27411
1482	8.0	0.38622000000000006	0.9206351885798337	35101
1483	16.0	0.39740000000000003	0.7568010355751199	29313
1484	14.0	0.38067999999999996	0.7523517151381865	25991
1485	15.0	0.35792	0.9351147691901105	24999
1486	13.0	0.3601599999999999	0.9307979280951139	24380
1487	8.0	0.37321999999999994	0.8937990163212495	25016
1488	24.0	0.37443999999999994	0.7738916606160436	22787
1489	19.0	0.37461999999999995	0.9390639654341248	29385
1490	15.0	0.38452	0.9029710041098127	32126
1491	15.0	0.38209999999999994	0.9444942438071032	36294
1492	19.0	0.3704	0.8916795480479736	29255
1493	14.0	0.36198	0.8921249325209359	29827
1494	16.0	0.38605999999999996	0.9174079857038143	30453
1495	14.0	0.35784	0.9021771511092118	31797
1496	16.0	0.39732	0.8282174518338556	34652
1497	14.0	0.36477999999999994	0.926901182493099	30099
1498	19.0	0.36538000000000004	0.9357133891626276	35862
1499	23.0	0.3917399999999999	0.8824100987204613	39143
1500	13.0	0.3615	0.9513483364273543	33686
1501	23.0	0.35889999999999994	0.8774794145404777	31207
1502	24.0	0.3622600000000001	0.8182417515446211	26945
1503	20.0	0.36053999999999997	0.9435370056491618	32973
1504	10.0	0.37344	0.919602047286476	29570
1505	22.0	0.37117999999999995	0.761080957014549	21191
1506	15.0	0.38256	0.7563801819323536	18729
1507	16.0	0.36538	0.8852035536004549	32491
1508	10.0	0.1888	0.5276394136013334	15105
1509	20.0	0.36186	0.5313626529286333	6287
1510	21.0	0.37096	0.9246777043989094	28093
1511	14.0	0.36871999999999994	0.9493287914109496	31618
1512	15.0	0.38882000000000005	0.7516704950431055	24421
1513	15.0	0.36922	0.9703301735116333	24839
1514	14.0	0.38486	0.9055513731675541	24443
1515	23.0	0.38612	0.8128803734203432	23386
1516	18.0	0.37984	0.8868684881169334	26526
1517	20.0	0.3967400000000001	0.945428352437302	23862
1518	15.0	0.40858000000000005	0.9013365566714122	25243
1519	16.0	0.41487999999999997	0.9606861551717708	27869
1520	17.0	0.38798	0.72491825207246	28216
1521	11.0	0.38438	0.7942804063735097	23534
1522	16.0	0.39132000000000006	0.7110399835666403	22019
1523	10.0	0.387	0.7186115385784132	21740
1524	15.0	0.39344	0.6250816194040363	24674
1525	16.0	0.3958400000000001	0.8435162027321303	24543
1526	23.0	0.40895999999999993	0.6269457698944775	30031
1527	16.0	0.3915199999999999	0.7548210483876261	28042
1528	22.0	0.35369999999999996	0.9207188566899893	33755
1529	10.0	0.41723999999999994	0.844313555247871	33517
1530	12.0	0.38948000000000005	0.8189312750989213	33234
1531	20.0	0.39336000000000004	0.8870803657005594	32645
1532	11.0	0.43922000000000005	0.794224529408815	41549
1533	20.0	0.3827399999999999	0.8386553143209223	30649
1534	19.0	0.37488	0.8859952677455587	31057
1535	6.0	0.42586000000000007	0.8133581116249131	41572
1536	6.0	0.44079999999999997	0.8134659236941376	42077
1537	10.0	0.41240000000000004	0.8062106803757705	35721
1538	13.0	0.40914	0.8883850471254924	39483
1539	23.0	0.39858	0.8030835846566506	31746
1540	17.0	0.38768	0.90724288462874	35922
1541	6.0	0.38788000000000006	0.9223125134294007	35224
1542	14.0	0.42757999999999996	0.9257588385118444	44850
1543	25.0	0.40880000000000005	0.9031187647797595	35582
1544	25.0	0.40443999999999997	0.8414747704885724	37333
1545	23.0	0.38653999999999994	0.8703688262191019	38793
1546	6.0	0.40653999999999996	0.8139602773946811	31937
1547	17.0	0.3965600000000001	0.871587992901867	34722
1548	19.0	0.40668	0.8369283642612891	34411
1549	20.0	0.41702000000000006	0.9142537825039027	35876
1550	11.0	0.40858000000000005	0.9228633562866756	33846
1551	15.0	0.41497999999999996	0.9016127706318474	34124
1552	17.0	0.4142	0.9437658381951264	30716
1553	15.0	0.4255199999999999	0.9121524209217485	34234
1554	15.0	0.40732	0.8947838193664224	36459
1555	16.0	0.40806	0.8283913082113602	36775
1556	17.0	0.43310000000000004	0.8763807735207504	37110
1557	19.0	0.40708	0.9401233224208243	36636
1558	13.0	0.4107	0.9533133644839205	40235
1559	14.0	0.39662	0.9187108295932341	35985
1560	14.0	0.41745999999999994	0.8025074416938829	40229
1561	10.0	0.40732	0.9150923515593288	36075
1562	25.0	0.43622	0.9632491313948727	43800
1563	20.0	0.44732	0.9234329372683965	38522
1564	22.0	0.43040000000000006	0.7380841329715381	36308
1565	21.0	0.43038000000000004	0.8666950806834304	34361
1566	23.0	0.42175999999999997	0.9449307720402126	36007
1567	18.0	0.41763999999999996	0.8396488791017948	35166
1568	21.0	0.41052000000000005	0.7222700748946856	31699
1569	22.0	0.4084	0.6866006560334853	29846
1570	15.0	0.40875999999999996	0.9514967748031353	31017
1571	19.0	0.40128	0.8342267186755246	29955
1572	20.0	0.38049999999999995	0.90971508228256	32529
1573	11.0	0.34757999999999994	0.9185528876275703	27942
1574	22.0	0.3922800000000001	0.8976939839889098	30493
1575	13.0	0.4059799999999999	0.8384694620316953	40026
1576	13.0	0.36364	0.8849369786430806	32125
1577	13.0	0.36978	0.8318105632434291	32039
1578	12.0	0.38789999999999997	0.860334928508129	29193
1579	22.0	0.39293999999999996	0.9706181304673797	29545
1580	8.0	0.39732	0.5725499362001427	27823
1581	15.0	0.38126	0.9467120069768801	30157
1582	23.0	0.40568000000000004	0.8549600500530341	33274
1583	22.0	0.39507999999999993	0.8031640652727169	34199
1584	15.0	0.40166	0.8544931569023247	30065
1585	15.0	0.41118000000000005	0.826811186317412	30122
1586	17.0	0.3882000000000001	0.9389227334099537	34756
1587	16.0	0.40098000000000006	0.9687436375763596	38709
1588	23.0	0.39765999999999996	0.827001050601882	39342
1589	15.0	0.41468000000000005	0.9143941184973392	38517
1590	18.0	0.39936	0.9508652547355055	52708
1591	16.0	0.39858	0.9247743474078896	45882
1592	12.0	0.4092	0.8037436156947768	44609
1593	16.0	0.38569999999999993	0.9107876016341764	45444
1594	17.0	0.36978	0.9078090687903447	42597
1595	23.0	0.34587999999999997	0.9352901579257543	30896
1596	23.0	0.34828	0.9579572849008005	33869
1597	15.0	0.38343999999999995	0.9073840523705662	37265
1598	24.0	0.36707999999999996	0.8304420531763843	29344
1599	18.0	0.35634	0.9562561024844923	31851
1600	23.0	0.3608	0.8725642935129568	28940
1601	19.0	0.3712	0.9030868352217307	30743
1602	16.0	0.36462000000000006	0.8141475656633909	28912
1603	12.0	0.38994000000000006	0.8727127125781678	27739
1604	16.0	0.37096	0.9673309300167868	31497
1605	16.0	0.3664	0.8899683437163326	30335
1606	13.0	0.35764	0.9771041591322549	24992
1607	20.0	0.34454	0.9610001611084092	23262
1608	11.0	0.3479	0.8678434632841503	28709
1609	22.0	0.37264	0.8545672812036745	28080
1610	16.0	0.3629200000000001	0.9596857068970795	29288
1611	14.0	0.35855999999999993	0.9182359814124125	27536
1612	16.0	0.36822000000000005	0.8295660137999433	25132
1613	20.0	0.34740000000000004	0.9285428217803003	30153
1614	13.0	0.3442	0.8749156074553299	25113
1615	19.0	0.35620000000000007	0.9375159868551787	27297
1616	17.0	0.34044	0.9399829652284046	24892
1617	14.0	0.36526000000000003	0.7162758830379948	15502
1618	17.0	0.35724000000000006	0.8980362877014909	34977
1619	11.0	0.35646	0.9811858529775827	30924
1620	23.0	0.3685000000000001	0.916430694011313	34502
1621	18.0	0.3716799999999999	0.9151104682255349	41079
1622	16.0	0.4203	0.9779195228715053	33298
1623	18.0	0.38079999999999997	0.964939258563211	34277
1624	14.0	0.3731999999999999	0.9186100944134463	31689
1625	21.0	0.3790199999999999	0.8528171472931753	34003
1626	18.0	0.37176000000000003	0.8674160892170454	29671
1627	14.0	0.37922000000000006	0.8672811299726636	31110
1628	13.0	0.3489399999999999	0.9657335892380732	28005
1629	10.0	0.34857999999999995	0.928297810213447	22492
1630	17.0	0.3404	0.978521241580309	18913
1631	16.0	0.35991999999999996	0.7896708954358483	20885
1632	17.0	0.35702	0.8524204672488077	17157
1633	18.0	0.35479999999999995	0.8984118157006058	16428
1634	21.0	0.33763999999999994	0.9224765277493404	17586
1635	20.0	0.36107999999999996	0.7745630106741158	21719
1636	21.0	0.3566599999999999	0.9315673599847507	15575
1637	17.0	0.35024	0.9311841248872798	20221
1638	21.0	0.38006000000000006	0.8729801878262611	21423
1639	30.0	0.37095999999999996	0.9802237827167435	24164
1640	21.0	0.37501999999999996	0.8218400084164136	23586
1641	18.0	0.36717999999999995	0.8252049887209667	22773
1642	17.0	0.3892	0.8612817620679126	22060
1643	22.0	0.37677999999999995	0.9028706183634806	23998
1644	20.0	0.37884	0.8739474529664861	23876
1645	15.0	0.38276	0.9123414026762031	27719
1646	21.0	0.40513999999999994	0.8708321374858318	31993
1647	14.0	0.40531999999999996	0.8583303093951347	33740
1648	26.0	0.3918	0.9278773282615588	27628
1649	27.0	0.37524	0.8222073693561462	27785
1650	7.0	0.38671999999999995	0.9317414317818636	25671
1651	23.0	0.38382	0.9243200582124154	29215
1652	26.0	0.3905800000000001	0.8862072963540168	31714
1653	22.0	0.38612	0.9366352119599792	33551
1654	17.0	0.39093999999999995	0.9386518237014125	38659
1655	20.0	0.40184	0.8990450677573619	34478
1656	11.0	0.39280000000000004	0.9569781906407135	27413
1657	21.0	0.38532000000000005	0.8379596164171306	23685
1658	14.0	0.3901800000000001	0.8046954531104642	22643
1659	16.0	0.40608	0.9510813870333802	26949
1660	12.0	0.39792	0.8046273735622883	26915
1661	16.0	0.37986	0.7109853196286346	30574
1662	16.0	0.37944	0.7937481834591948	29129
1663	13.0	0.39665999999999996	0.8150340858063904	33961
1664	9.0	0.40452	0.7068632860678065	33520
1665	22.0	0.4037800000000001	0.8413932478600196	33665
1666	16.0	0.42373999999999995	0.8030782531290467	38781
1667	11.0	0.44266000000000005	0.8035394238160525	38726
1668	12.0	0.42494	0.8776307219736187	35495
1669	15.0	0.41434	0.8480411818921026	37012
1670	12.0	0.4335	0.9152666280060496	34881
1671	10.0	0.41100000000000003	0.8533776370113189	31914
1672	15.0	0.43138	0.9005981007951599	35270
1673	13.0	0.44842	0.8979886693023873	35681
1674	9.0	0.4395	0.8572750822336223	38692
1675	8.0	0.38299999999999995	0.8231752960173371	34647
1676	14.0	0.37766000000000005	0.894977290588599	35355
1677	21.0	0.38112	0.8768748116678162	33385
1678	11.0	0.42554000000000003	0.7726912440532554	41909
1679	15.0	0.40412	0.8226690253608776	41176
1680	17.0	0.41646	0.820151222874862	41048
1681	17.0	0.42090000000000005	0.7419400507081292	35162
1682	10.0	0.4368	0.8154658947281228	31565
1683	12.0	0.408	0.8092234847217471	34385
1684	23.0	0.41066	0.8757168218961381	40236
1685	18.0	0.42495999999999995	0.8625896267968901	39024
1686	19.0	0.40581999999999996	0.7866335280249198	35423
1687	13.0	0.38377999999999995	0.8738803690725234	37897
1688	9.0	0.43683999999999995	0.789584961687944	41440
1689	11.0	0.41122	0.866243704690274	40255
1690	21.0	0.39822	0.8853444640852502	40320
1691	18.0	0.4055	0.9099588260280028	34538
1692	20.0	0.37006	0.9409184829584288	27343
1693	14.0	0.37506000000000006	0.9479976912854585	27094
1694	19.0	0.36882	0.9424579013537782	22730
1695	17.0	0.38410000000000005	0.962284359776914	27477
1696	17.0	0.36292	0.9535202438995379	23708
1697	26.0	0.39039999999999997	0.8151240978044381	21920
1698	18.0	0.36613999999999997	0.9547939293051325	25138
1699	18.0	0.38778	0.8586402348338095	22266
1700	15.0	0.36843999999999993	0.8369900548431529	21484
1701	14.0	0.37333999999999995	0.8918854002159136	20236
1702	19.0	0.38282000000000005	0.8697628565208788	28304
1703	14.0	0.38459999999999994	0.9206340766711227	26187
1704	13.0	0.38118	0.7462635300195182	35250
1705	15.0	0.38287999999999994	0.8984490484849502	27900
1706	18.0	0.38667999999999997	0.9590750189896584	24150
1707	15.0	0.36266000000000004	0.9646653157170331	24520
1708	13.0	0.43248	0.9331254488319609	24696
1709	20.0	0.39482	0.8006398225288087	29087
1710	17.0	0.3988999999999999	0.906535555273113	29083
1711	19.0	0.39248	0.894485480079236	27680
1712	18.0	0.38927999999999996	0.9138341189286996	29976
1713	13.0	0.3607999999999999	0.8676126583565636	24965
1714	17.0	0.3515	0.9487453826679416	23825
1715	18.0	0.3679599999999999	0.9153565585257644	25639
1716	16.0	0.36334000000000005	0.9315646395516894	25481
1717	16.0	0.37746	0.935466982546347	25778
1718	13.0	0.3795200000000001	0.7399118587407992	23531
1719	21.0	0.37945999999999996	0.8467891602696396	21305
1720	17.0	0.38117999999999996	0.9198296142495994	19461
1721	16.0	0.37494	0.8036220409222893	24696
1722	14.0	0.37194000000000005	0.7693746789742981	20306
1723	17.0	0.36944000000000005	0.9102772459079123	18235
1724	12.0	0.35894000000000004	0.8684049469608878	15962
1725	17.0	0.37322000000000005	0.873609621376706	19344
1726	10.0	0.37669999999999987	0.9169000619691676	22410
1727	17.0	0.38602	0.9452842981329611	26384
1728	17.0	0.36872000000000005	0.8414375232474636	22157
1729	18.0	0.37204	0.9422038420590589	23353
1730	13.0	0.35578000000000004	0.8153703383514922	23765
1731	17.0	0.36336000000000007	0.8596344238930282	22941
1732	14.0	0.36591999999999997	0.9502142414239648	27839
1733	22.0	0.37736	0.9217393108058858	25311
1734	27.0	0.3659200000000001	0.9327568428352545	23481
1735	20.0	0.36701999999999996	0.8473746684651918	21859
1736	19.0	0.36579999999999996	0.8632008501533348	23540
1737	20.0	0.37308	0.9228414407610972	22544
1738	13.0	0.37634	0.9356297684919221	23099
1739	18.0	0.36510000000000004	0.8257048375841661	18539
1740	13.0	0.3528	0.9075982008311446	18150
1741	19.0	0.3683800000000001	0.7415222381420747	17893
1742	22.0	0.35568	0.7783136993012048	15843
1743	13.0	0.37060000000000004	0.832699082829833	17799
1744	13.0	0.37064	0.909223447699431	18434
1745	13.0	0.37566000000000005	0.9145191951896684	18069
1746	19.0	0.38288000000000005	0.8447923894088459	21551
1747	12.0	0.39161999999999997	0.730672844324657	21870
1748	17.0	0.38223999999999997	0.8877646868208658	25203
1749	7.0	0.38802	0.8994263755459061	24423
1750	14.0	0.36112	0.9285442118571646	19439
1751	17.0	0.3648	0.8056449242111025	24456
1752	22.0	0.35192	0.8815829932167123	22645
1753	18.0	0.36432000000000003	0.8932583302871417	22582
1754	24.0	0.38053999999999993	0.8341576625533524	26094
1755	10.0	0.41570000000000007	0.754135779170597	32042
1756	12.0	0.43654	0.8012348779930112	44047
1757	10.0	0.42086	0.8899454474746781	41358
1758	10.0	0.41478000000000004	0.8239828079851574	41709
1759	19.0	0.4102400000000001	0.934704820177377	42287
1760	19.0	0.40682	0.9343603976603149	38324
1761	17.0	0.38105999999999995	0.9091794478884316	36909
1762	17.0	0.38380000000000003	0.9019193849168787	38054
1763	16.0	0.3958	0.8742596123279394	38176
1764	13.0	0.40077999999999997	0.8181200895778744	30869
1765	14.0	0.39897999999999995	0.7023286711191575	31885
1766	14.0	0.41730000000000006	0.7831175512153585	38415
1767	8.0	0.37721999999999994	0.8800785781699516	35643
1768	18.0	0.39880000000000004	0.8532671618278602	31979
1769	16.0	0.39934000000000003	0.8217759698371127	29109
1770	12.0	0.37883999999999995	0.8544672543797536	25793
1771	16.0	0.38542000000000004	0.8420059101488225	24130
1772	14.0	0.40104	0.7903669983443269	22117
1773	8.0	0.38168	0.7745795651724469	25581
1774	23.0	0.37544000000000005	0.8177987709622198	18074
1775	18.0	0.39132	0.949325156640516	24948
1776	17.0	0.40222	0.7927238205190138	22910
1777	23.0	0.3910600000000001	0.9044338538675445	23391
1778	11.0	0.4016199999999999	0.9169729098629003	28415
1779	22.0	0.39799999999999996	0.917063381880545	29975
1780	10.0	0.3998999999999999	0.81089650720471	26606
1781	13.0	0.41994	0.8011664728685784	28171
1782	6.0	0.4155	0.8055324468468047	31603
1783	17.0	0.40886	0.8583059445982861	29989
1784	11.0	0.4181	0.8681339000001221	35382
1785	21.0	0.4123199999999999	0.7833644672831382	31621
1786	12.0	0.39397999999999994	0.8757374771806898	27511
1787	8.0	0.41492000000000007	0.9127588081495362	27924
1788	17.0	0.40468	0.8930274158846135	31487
1789	9.0	0.38914000000000004	0.7512383806282251	32562
1790	14.0	0.40159999999999996	0.9033094545705822	31330
1791	11.0	0.3819200000000001	0.9067722185756485	30911
1792	15.0	0.39638000000000007	0.9193750885469658	29659
1793	17.0	0.39068	0.9662418803628001	33930
1794	18.0	0.36113999999999996	0.9576626259807941	31264
1795	17.0	0.37844	0.795579065235007	28532
1796	15.0	0.38726	0.7120536391766734	29550
1797	19.0	0.3814	0.9174307980622001	31654
1798	14.0	0.37560000000000004	0.9026934222166	30457
1799	17.0	0.38386	0.860867112993226	35563
1800	17.0	0.4138200000000001	0.7872372046190251	29441
1801	14.0	0.37464	0.9375741699336847	26555
1802	14.0	0.3776400000000001	0.8522828365620758	22292
1803	19.0	0.3883	0.9605800296967426	23868
1804	15.0	0.38962	0.9686766264513981	22643
1805	20.0	0.37116000000000005	0.9290562202237379	17896
1806	29.0	0.37628	0.8803091538516296	17479
1807	19.0	0.37451999999999996	0.9423229322268785	19638
1808	16.0	0.37634	0.8828306537802835	17145
1809	22.0	0.37249999999999994	0.9232116160141681	18843
1810	13.0	0.37664000000000003	0.8978230048514902	16287
1811	21.0	0.36089999999999994	0.8059957772467141	16956
1812	19.0	0.3611800000000001	0.9381421166166399	15745
1813	17.0	0.3586	0.9256108135724986	17026
1814	11.0	0.35576	0.9474072267037704	17423
1815	13.0	0.37172	0.8941794764534465	17660
1816	17.0	0.33342000000000005	0.9730920989950878	14925
1817	13.0	0.36792	0.8525442154462611	17552
1818	18.0	0.36178000000000005	0.9039880000028463	16060
1819	18.0	0.35757999999999995	0.9248085104045618	15033
1820	13.0	0.36601999999999996	0.9752335834056173	12733
1821	9.0	0.35287999999999997	0.8170072346597912	13013
1822	16.0	0.3670799999999999	0.8686396878053138	14026
1823	14.0	0.35810000000000003	0.8351929404181211	14987
1824	13.0	0.34776	0.857917241619439	14831
1825	15.0	0.33472	0.9614256833518219	12617
1826	24.0	0.35182	0.8238843008730037	14318
1827	16.0	0.37126000000000003	0.949608762290612	13870
1828	20.0	0.35658	0.7394037652120106	13485
1829	19.0	0.35694000000000004	0.9373737555578389	13581
1830	14.0	0.34506	0.9218646690743959	13220
1831	13.0	0.34056	0.8791359208299286	11719
1832	25.0	0.35391999999999996	0.8055352027637881	11343
1833	15.0	0.3491	0.9106669525662784	12669
1834	10.0	0.36672	0.8880774702584756	14659
1835	21.0	0.34653999999999996	0.9378832972828979	13295
1836	19.0	0.34628	0.8712763761532343	12336
1837	19.0	0.3301	0.9571670129947797	11594
1838	24.0	0.35375999999999996	0.9170523281581633	12889
1839	31.0	0.34562000000000004	0.9524911083158631	14261
1840	24.0	0.36116	0.805869574379801	15151
1841	17.0	0.3695400000000001	0.6530165016453151	14164
1842	22.0	0.35601999999999995	0.8168541695088515	12470
1843	14.0	0.34686	0.8690671429004998	10757
1844	19.0	0.34486000000000006	0.9784430197987541	11233
1845	13.0	0.34944000000000003	0.8335563531750426	13214
1846	25.0	0.34546000000000004	0.819082263281716	15399
1847	18.0	0.35753999999999997	0.7495170703522634	11792
1848	10.0	0.3453399999999999	0.8513797334054656	13255
1849	20.0	0.34740000000000004	0.8732356469588666	13540
1850	15.0	0.35072	0.8919138487057008	11822
1851	15.0	0.36002	0.840798976140064	10905
1852	10.0	0.34786	0.8637240128899413	12494
1853	25.0	0.37414000000000003	0.9083626324798222	13948
1854	19.0	0.34692000000000006	0.8148970194329279	13993
1855	12.0	0.35674000000000006	0.8493541473125676	12510
1856	9.0	0.34122	0.9289015272019429	12894
1857	14.0	0.34906	0.9199838635496158	13714
1858	9.0	0.3618	0.7664153845628192	13608
1859	17.0	0.38169999999999993	0.7939079661345664	16178
1860	19.0	0.36754	0.8477064655944174	15173
1861	11.0	0.3476000000000001	0.9004378736086366	15031
1862	15.0	0.35444000000000003	0.7920646509258393	13581
1863	16.0	0.3666	0.8351633795728567	13137
1864	15.0	0.35252	0.925562827220011	13703
1865	16.0	0.34846	0.9626656358621652	13600
1866	15.0	0.33478	0.9380866980331062	12976
1867	12.0	0.35144	0.8596374615087149	11323
1868	12.0	0.33552000000000004	0.9742371092367155	13209
1869	21.0	0.35119999999999996	0.8934339503014288	12806
1870	18.0	0.3300599999999999	0.9482880231957584	12567
1871	10.0	0.32894000000000007	0.9712887714980614	11913
1872	16.0	0.34437999999999996	0.9400083723018737	11389
1873	15.0	0.35526	0.9385736939560423	14659
1874	12.0	0.33418	0.9790480275105522	12174
1875	19.0	0.34474	0.9461373953186485	13027
1876	12.0	0.34798	0.8151466364534129	13949
1877	11.0	0.3434	0.7845164519210442	13382
1878	9.0	0.3304599999999999	0.9611603593736133	11342
1879	16.0	0.34392	0.9293070055099893	11233
1880	18.0	0.34897999999999996	0.9227979633096252	14267
1881	20.0	0.35148	0.9677638598375397	14048
1882	21.0	0.35052	0.925522383067351	13109
1883	11.0	0.33712000000000003	0.9387537032337367	12295
1884	10.0	0.35312000000000004	0.89257695769235	12643
1885	20.0	0.34704	0.9459052963616048	13476
1886	26.0	0.34276	0.9615979238144651	13563
1887	16.0	0.34194	0.954432875503923	13717
1888	18.0	0.35381999999999997	0.9598235028037061	12247
1889	25.0	0.36119999999999997	0.8760379162519722	13234
1890	26.0	0.37108000000000013	0.7231510097963371	13153
1891	24.0	0.368	0.7939901251442251	12516
1892	14.0	0.35318	0.7737884548433392	13850
1893	22.0	0.36840000000000006	0.960134027132479	19233
1894	19.0	0.38384	0.9705384822480725	23841
1895	21.0	0.38434000000000007	0.9554978941535668	21110
1896	8.0	0.36046	0.876834537032901	17011
1897	16.0	0.35857999999999995	0.8475744763453199	17372
1898	11.0	0.36827999999999994	0.876068493072907	19347
1899	21.0	0.35488	0.8708951174383707	21021
1900	14.0	0.3851	0.685575166646323	21287
1901	21.0	0.41503999999999996	0.7336572790288387	27356
1902	16.0	0.3791	0.8911005688526787	32628
1903	13.0	0.3481	0.956146378966826	27639
1904	18.0	0.38799999999999996	0.6497496678233122	27739
1905	14.0	0.37806000000000006	0.9283587012987088	34911
1906	16.0	0.37982	0.8291683181946286	35385
1907	13.0	0.37766000000000005	0.9189123724797783	37296
1908	12.0	0.37642000000000003	0.8994597155742728	36489
1909	21.0	0.3621399999999999	0.9033188719019332	31040
1910	20.0	0.36242	0.9362870019715076	28759
1911	17.0	0.3743600000000001	0.9252378348724792	26572
1912	14.0	0.3965600000000001	0.872108614597646	28569
1913	13.0	0.38242	0.911736210619596	24598
1914	18.0	0.37894000000000005	0.8734469761132301	25715
1915	17.0	0.37482	0.8074133267769088	26016
1916	17.0	0.3642600000000001	0.970077667401579	22904
1917	18.0	0.36800000000000005	0.874245334145467	21606
1918	17.0	0.36074000000000006	0.9310561186228716	18240
1919	14.0	0.36212000000000005	0.915087733519968	18856
1920	21.0	0.3509399999999999	0.9529451747758486	22257
1921	19.0	0.40149999999999997	0.7618578981794633	24092
1922	10.0	0.4108	0.9459555954545731	30273
1923	9.0	0.37898000000000004	0.8979104542582755	29462
1924	18.0	0.37821999999999995	0.9249715963126742	29447
1925	22.0	0.36097999999999997	0.9244452352209492	23434
1926	13.0	0.3729	0.9674730355814462	25891
1927	13.0	0.3579	0.9792302754837542	22172
1928	26.0	0.3472	0.9323134492380889	20066
1929	22.0	0.37367999999999996	0.91974160486688	16121
1930	13.0	0.36082000000000003	0.8952539684287691	17319
1931	16.0	0.37234	0.850327170391269	16583
1932	16.0	0.36469999999999997	0.923666950932496	16310
1933	7.0	0.36608	0.8588612124080578	14907
1934	17.0	0.37396	0.8354526696855338	18135
1935	10.0	0.34020000000000006	0.9678370987169481	13874
1936	18.0	0.36419999999999997	0.8373275568903829	13431
1937	17.0	0.36506	0.9209672495582485	14160
1938	19.0	0.3652	0.9529599134943773	14628
1939	20.0	0.35552000000000006	0.9320972689190895	13145
1940	23.0	0.35405999999999993	0.9368708162210769	13966
1941	16.0	0.3452	0.9631422930324189	12583
1942	25.0	0.3478	0.9714071534201154	13058
1943	10.0	0.34706000000000004	0.9808393271376403	13694
1944	16.0	0.34931999999999996	0.9496384416943989	14114
1945	26.0	0.34143999999999997	0.8972460975862634	13779
1946	10.0	0.35679999999999995	0.78516224536333	10542
1947	18.0	0.36468000000000006	0.9156774665596583	14411
1948	12.0	0.36771999999999994	0.896148873136346	15009
1949	18.0	0.35474000000000006	0.8947235131044506	15011
1950	21.0	0.35025999999999996	0.9209262683499597	14257
1951	18.0	0.35384	0.9520060927619188	13680
1952	16.0	0.3437399999999999	0.9513877255153411	14140
1953	12.0	0.35251999999999994	0.93756908110511	14118
1954	16.0	0.34936000000000006	0.8833900703266335	13752
1955	23.0	0.3577199999999999	0.8305889328030098	13967
1956	15.0	0.35892	0.8954026867308692	15468
1957	20.0	0.35402	0.9106776060091111	11928
1958	19.0	0.35113999999999995	0.9649144511733405	10327
1959	18.0	0.35263999999999995	0.9462706445668159	14045
1960	16.0	0.3557	0.8844068452946805	13460
1961	14.0	0.35916000000000003	0.899742466495329	14379
1962	22.0	0.36476	0.9463582148864992	15367
1963	15.0	0.35998	0.7862922645832607	13308
1964	8.0	0.35414	0.8766811364866385	13360
1965	18.0	0.36562000000000006	0.8690970990626546	14547
1966	16.0	0.3777999999999999	0.738140951687575	17508
1967	12.0	0.36016000000000004	0.8683280915015212	13390
1968	14.0	0.33311999999999997	0.9076223222853225	12490
1969	17.0	0.36018	0.7273033511719114	13807
1970	20.0	0.34034	0.9296302513674183	13670
1971	21.0	0.34564	0.8451733292493697	11955
1972	12.0	0.34728000000000003	0.8331691525878138	13673
1973	22.0	0.3663	0.8323453417277419	11639
1974	19.0	0.36274	0.7374888211030187	14268
1975	14.0	0.34565999999999997	0.7579233252913361	15608
1976	21.0	0.36552	0.8305863042388609	12421
1977	14.0	0.37437999999999994	0.7506193052793431	17673
1978	12.0	0.37128	0.7594502017168466	16463
1979	11.0	0.35766	0.8129907762962119	16666
1980	14.0	0.35620000000000007	0.8947591424559108	18196
1981	7.0	0.37332	0.9037923370301646	22927
1982	18.0	0.3788	0.8856726975841056	25645
1983	10.0	0.3813	0.9270384918260322	30821
1984	21.0	0.36202	0.7403980678136781	25140
1985	15.0	0.36132	0.8629583210216993	21113
1986	15.0	0.3497	0.8586654458468589	24406
1987	17.0	0.41050000000000003	0.8498561756231383	33305
1988	21.0	0.42857999999999996	0.9367612232445522	38543
1989	18.0	0.4170399999999999	0.8381681352478549	34502
1990	14.0	0.4145999999999999	0.8244722971796661	26588
1991	22.0	0.41592	0.9606155287045505	37196
1992	14.0	0.40274	0.8269360149575464	33789
1993	11.0	0.39449999999999996	0.8682509244925096	33189
1994	17.0	0.39665999999999996	0.8902770198955361	38968
1995	16.0	0.38724000000000003	0.8376729601578232	38556
1996	17.0	0.38780000000000003	0.8357777954930163	36319
1997	14.0	0.39978	0.8423638137872674	37058
1998	12.0	0.41724000000000006	0.894716235478211	39278
1999	16.0	0.37548000000000004	0.9126028513609132	34808
2000	6.0	0.41090000000000004	0.6791683071772764	32827
2001	15.0	0.37648	0.8217276895384348	26401
2002	15.0	0.39808	0.7388830695912875	22839
2003	16.0	0.38412	0.6526370304371087	24177
2004	11.0	0.37276000000000004	0.8650044333926921	22701
2005	9.0	0.38366	0.7641980466235052	21634
2006	20.0	0.37292000000000003	0.8405042439099113	23848
2007	23.0	0.3784599999999999	0.9263805878700195	23936
2008	14.0	0.39316	0.7649261018573522	25577
2009	14.0	0.35601999999999995	0.9240579043091415	26745
2010	16.0	0.36472	0.9624705498637837	22990
2011	14.0	0.40528	0.9417923898884157	24358
2012	24.0	0.38878	0.8245098433782693	26215
2013	17.0	0.3988999999999999	0.7574210634065731	27522
2014	23.0	0.41112000000000004	0.8326067007653533	29963
2015	16.0	0.3891000000000001	0.9342171944910346	37253
2016	15.0	0.3448	0.9281776925158987	26960
2017	15.0	0.3907	0.8808650191202082	30297
2018	14.0	0.38092000000000004	0.8019793106417267	21183
2019	11.0	0.4011799999999999	0.778105209922004	19035
2020	19.0	0.38714000000000004	0.951966312619164	18454
2021	17.0	0.37601999999999997	0.8746963827865879	15268
2022	11.0	0.38028	0.9452951856103768	15403
2023	17.0	0.37933999999999996	0.8591540167299874	16126
2024	13.0	0.38442	0.9803000146573437	16738
2025	19.0	0.36751999999999996	0.9346785492597752	16109
2026	16.0	0.3631599999999999	0.9121628084663618	13046
2027	15.0	0.34878	0.8958262899842545	13273
2028	19.0	0.34712	0.938733904958407	12904
2029	15.0	0.36412	0.879229088420411	15582
2030	15.0	0.37645999999999996	0.8984698823590845	15135
2031	20.0	0.35612	0.8961512858699028	12873
2032	16.0	0.35276	0.92122557547816	11923
2033	17.0	0.3579	0.9164383171351157	13796
2034	15.0	0.37083999999999995	0.9627956121288217	11693
2035	14.0	0.37595999999999996	0.8815703094757923	14411
2036	19.0	0.36222	0.788132820610263	16690
2037	10.0	0.37439999999999996	0.9249379997503419	15487
2038	19.0	0.3835799999999999	0.8710449514245149	13791
2039	20.0	0.35092000000000007	0.9575589227908076	12299
2040	13.0	0.3503	0.9427509788409804	14389
2041	12.0	0.3681999999999999	0.8691419137066257	15129
2042	12.0	0.35204	0.9682701864235144	13235
2043	13.0	0.34526	0.975494508263316	12720
2044	15.0	0.36032000000000003	0.9593551730786531	13340
2045	13.0	0.38782000000000005	0.9325933848074696	18010
2046	19.0	0.37284	0.7619482550108283	14553
2047	18.0	0.38078	0.8280711068385752	16193
2048	20.0	0.36210000000000003	0.8628233921508203	13965
2049	18.0	0.37420000000000003	0.8086190652940853	16641
2050	12.0	0.36217999999999995	0.8677217650610503	15907
2051	20.0	0.3969	0.8135244141632033	17213
2052	11.0	0.34875999999999996	0.9602233773606612	13774
2053	18.0	0.36849999999999994	0.8005913229499216	15536
2054	15.0	0.35603999999999997	0.922418133478049	15550
2055	23.0	0.36016000000000004	0.9142076761388513	14808
2056	11.0	0.3475599999999999	0.8561437261110505	10664
2057	19.0	0.35279999999999995	0.9536352549937779	14702
2058	19.0	0.34702	0.9138557620748782	14882
2059	16.0	0.3565	0.9029835177280772	16478
2060	13.0	0.36564	0.9203451752177544	18854
2061	15.0	0.3863999999999999	0.926847330384147	24335
2062	13.0	0.38272	0.7771432874038626	20644
2063	25.0	0.41334	0.7261325203789768	25932
2064	16.0	0.37038000000000004	0.9655511091140824	28657
2065	12.0	0.3887	0.7668869412159742	29718
2066	11.0	0.38165999999999994	0.8134106478133604	29326
2067	17.0	0.38214	0.8701222085333554	32803
2068	16.0	0.37826	0.8364928974946292	27970
2069	22.0	0.37482	0.941440850888165	29308
2070	27.0	0.40214000000000005	0.9548998090765699	36371
2071	14.0	0.3766399999999999	0.9488556556467981	30020
2072	12.0	0.38743999999999995	0.8150539941491335	30234
2073	5.0	0.41178	0.7952832110301669	40519
2074	15.0	0.37972	0.9362134489147819	32073
2075	14.0	0.39684	0.8733617056171246	39867
2076	14.0	0.37221999999999994	0.3958601269507028	29727
2077	18.0	0.37362	0.35293056975979803	26619
2078	16.0	0.37443999999999994	0.9249301806638824	37883
2079	14.0	0.37201999999999996	0.8813483409370758	27813
2080	13.0	0.36922000000000005	0.9424848034022739	32949
2081	20.0	0.34418000000000004	0.956009493892386	30028
2082	15.0	0.3794200000000001	0.8004267795492825	25890
2083	17.0	0.38782000000000005	0.5884462104181086	24861
2084	16.0	0.37818000000000007	0.8402184562687701	24412
2085	19.0	0.36175999999999997	0.9534675174446233	21421
2086	15.0	0.37426000000000004	0.7851911078850315	20003
2087	16.0	0.35936	0.9408544797460786	16885
2088	13.0	0.38819999999999993	0.8400004441207618	16641
2089	14.0	0.37089999999999995	0.7473942788666076	14153
2090	14.0	0.36366	0.7260888569140515	13040
2091	21.0	0.34682	0.8176900125538427	13343
2092	17.0	0.36402	0.7338227877616905	13797
2093	16.0	0.34675999999999996	0.9597687739946458	13991
2094	24.0	0.3522799999999999	0.8244003732916421	15934
2095	13.0	0.3596999999999999	0.7800207650901627	14967
2096	11.0	0.34558	0.9103255481484042	15387
2097	12.0	0.38531999999999994	0.783587546817064	15944
2098	18.0	0.3492	0.8931312895418559	14422
2099	19.0	0.3407	0.8668995110957903	11465
2100	17.0	0.35528	0.9039146136167242	13372
2101	18.0	0.33629999999999993	0.8626084037308133	11558
2102	19.0	0.34996000000000005	0.8505971487370401	13024
2103	14.0	0.33738	0.8990584665327751	13467
2104	11.0	0.34373999999999993	0.8543256237257646	13628
2105	21.0	0.36467999999999995	0.9037880726488299	13676
2106	13.0	0.3390600000000001	0.961014762748731	11770
2107	13.0	0.34946	0.8963062129903391	13691
2108	17.0	0.36932000000000004	0.9380465262152955	16259
2109	12.0	0.36132000000000003	0.8637516405107812	14461
2110	20.0	0.37288000000000004	0.9221666081443745	16505
2111	15.0	0.36035999999999996	0.9247877859514458	13978
2112	24.0	0.35926	0.7752177276556806	13838
2113	16.0	0.36247999999999997	0.9685762345991586	15269
2114	14.0	0.36358	0.6938460905340252	12250
2115	20.0	0.3545799999999999	0.9444696876592639	14343
2116	17.0	0.36876	0.9709553512711944	18728
2117	17.0	0.37422000000000005	0.8683323455066981	18057
2118	16.0	0.3770800000000001	0.8074706417532475	19587
2119	15.0	0.36846	0.8509937591162998	22774
2120	23.0	0.37514000000000003	0.8392622414915729	22716
2121	9.0	0.37443999999999994	0.9216025235940175	28930
2122	18.0	0.35885999999999996	0.9107917108671015	26781
2123	18.0	0.36156000000000005	0.9463030622483094	24574
2124	21.0	0.38506	0.6775303452316355	21231
2125	16.0	0.38158000000000003	0.8878271348088516	23594
2126	14.0	0.3621000000000001	0.843630472481794	23705
2127	18.0	0.3757000000000001	0.9343054196178465	27501
2128	11.0	0.37587999999999994	0.7834106305931124	21955
2129	16.0	0.3644200000000001	0.9206585016200349	22716
2130	18.0	0.3724	0.9459907785965103	23115
2131	14.0	0.35812	0.9548866407930663	20197
2132	21.0	0.35723999999999995	0.9531453388355803	29136
2133	29.0	0.36394	0.7627250087567923	25201
2134	21.0	0.34268	0.9588496597688292	26411
2135	23.0	0.38205999999999996	0.7635208436750289	22839
2136	13.0	0.38216	0.865879556655237	24131
2137	16.0	0.36700000000000005	0.9557167075961674	26468
2138	16.0	0.40456000000000003	0.7855154709368434	29351
2139	16.0	0.37201999999999996	0.8625992796397653	24346
2140	20.0	0.3900600000000001	0.7445018172925465	21656
2141	13.0	0.35440000000000005	0.9010093997013598	21173
2142	11.0	0.3475	0.7968347169923924	20252
2143	19.0	0.33263999999999994	0.9634514757832214	17975
2144	21.0	0.36526000000000003	0.9076074260298994	27454
2145	13.0	0.3534600000000001	0.956478176324559	21500
2146	15.0	0.37029999999999996	0.8409661088834995	16788
2147	19.0	0.369	0.8561076610436106	16646
2148	12.0	0.38362	0.8178976201769159	17124
2149	18.0	0.37556000000000006	0.6268804455790592	14390
2150	23.0	0.37145999999999985	0.9604673539090314	15039
2151	19.0	0.34933999999999993	0.8272937154813491	12904
2152	9.0	0.38004	0.7715118737407903	13724
2153	17.0	0.34513999999999995	0.9309433266742053	14426
2154	21.0	0.34	0.9598213994607054	12623
2155	19.0	0.35345999999999994	0.8953616076493401	14705
2156	23.0	0.3627	0.8855434349442457	15479
2157	18.0	0.3710999999999999	0.7340797641794999	13863
2158	19.0	0.35168000000000005	0.964012422633706	11568
2159	18.0	0.36648	0.9297004933583564	15281
2160	10.0	0.3654	0.8736320190238047	15636
2161	15.0	0.34274	0.9722791126794952	13474
2162	19.0	0.36678	0.8745334503953148	14041
2163	14.0	0.36111999999999994	0.9487028462459565	15334
2164	13.0	0.36128000000000005	0.8823749649212058	15526
2165	7.0	0.36636	0.8408534837634443	15856
2166	18.0	0.39583999999999997	0.7914802810499091	17787
2167	18.0	0.37484	0.8869394461167325	18440
2168	18.0	0.37582	0.8682825854807592	17869
2169	27.0	0.35477999999999993	0.9642959883434548	18070
2170	19.0	0.38412	0.8718403074394723	22616
2171	17.0	0.38252	0.8562231281050617	24913
2172	16.0	0.40478000000000003	0.8793079964144259	33156
2173	13.0	0.38758	0.9065360130140531	27139
2174	18.0	0.40812	0.9476500402420917	25441
2175	24.0	0.37987999999999994	0.9252383800842725	21342
2176	18.0	0.37245999999999996	0.8781709026340212	25213
2177	14.0	0.3994	0.820064816494761	29287
2178	12.0	0.41612000000000005	0.9218006575450649	41193
2179	20.0	0.4274	0.885430555730521	32163
2180	22.0	0.38986	0.9584760767015007	36655
2181	15.0	0.41068	0.970007318046144	33497
2182	16.0	0.4038400000000001	0.9157286028662421	36107
2183	10.0	0.38880000000000003	0.8854424098213691	33435
2184	15.0	0.39692	0.925628846539926	37869
2185	15.0	0.41262	0.9652142854018694	34913
2186	9.0	0.41275999999999996	0.9145298024718889	34574
2187	16.0	0.40304	0.8325190912828663	32677
2188	21.0	0.38309999999999994	0.8355884275822653	29792
2189	10.0	0.4002400000000001	0.8964028958626427	34127
2190	15.0	0.40242000000000006	0.833622359312894	35771
2191	17.0	0.39488	0.876656234145001	35195
2192	18.0	0.40402	0.8162227164797271	33211
2193	21.0	0.4169	0.8659668989857479	32989
2194	16.0	0.39664	0.8684116470984253	32960
2195	13.0	0.3717399999999999	0.9075327476616707	31182
2196	24.0	0.35966000000000004	0.9630975473414165	24631
2197	11.0	0.36628	0.9331723987790683	28788
2198	24.0	0.40179999999999993	0.7879148926076512	33589
2199	25.0	0.36984	0.9342563202252606	31628
2200	22.0	0.35678000000000004	0.9525902277104322	27148
2201	18.0	0.37255999999999995	0.8607383329602961	32514
2202	15.0	0.3585799999999999	0.9715337861299088	30017
2203	20.0	0.36618	0.9172281326218605	28132
2204	18.0	0.39568000000000003	0.9258244897829011	32636
2205	15.0	0.39555999999999997	0.8160684069280277	31610
2206	21.0	0.41048	0.8896602955576984	37727
2207	15.0	0.39291999999999994	0.9044307415306265	36059
2208	19.0	0.36928000000000005	0.8761869965087339	32733
2209	14.0	0.40925999999999996	0.8599687357005091	35009
2210	19.0	0.41532	0.67796186925907	34621
2211	23.0	0.40006	0.8611154945359262	31229
2212	10.0	0.41008	0.884609922835712	37833
2213	16.0	0.40574	0.799820656415687	38458
2214	15.0	0.38012	0.8455482993113137	38031
2215	19.0	0.38618	0.840982886020416	35680
2216	12.0	0.38362	0.8092281746084178	36360
2217	15.0	0.38478	0.85176309279233	35928
2218	10.0	0.39328	0.9172102314646817	37565
2219	13.0	0.4132	0.8826308714515265	37630
2220	18.0	0.38249999999999995	0.8292899689148175	34844
2221	21.0	0.39110000000000006	0.8957888719875251	38999
2222	13.0	0.43311999999999995	0.8300011364509826	41742
2223	16.0	0.42219999999999996	0.8158310848292712	41798
2224	12.0	0.40806	0.7293187433051581	33277
2225	17.0	0.38838	0.9282618171850096	29784
2226	16.0	0.40574000000000005	0.5931047381232615	25417
2227	13.0	0.39577999999999997	0.7903415807130837	29358
2228	10.0	0.37254000000000004	0.8845948696867478	26002
2229	17.0	0.36989999999999995	0.9353510838365876	24931
2230	17.0	0.42595999999999995	0.9203453744329713	23372
2231	13.0	0.4159399999999999	0.9742212960946028	20383
2232	16.0	0.36894000000000005	0.8307155276944146	15686
2233	11.0	0.36428000000000005	0.8603539286702545	15674
2234	19.0	0.36071999999999993	0.9209070386228798	12961
2235	21.0	0.36839999999999995	0.831936852871	15431
2236	18.0	0.35871999999999993	0.9318132715203384	13818
2237	25.0	0.3356	0.9738601976190148	11359
2238	23.0	0.35710000000000003	0.9833005204495188	14595
2239	8.0	0.37226	0.8791942480215429	16476
2240	21.0	0.35810000000000003	0.8045444685479879	12782
2241	17.0	0.3817000000000001	0.7562133247224219	15950
2242	11.0	0.34679999999999994	0.9478420876715735	11973
2243	17.0	0.3542	0.880743163761598	13543
2244	15.0	0.3398999999999999	0.8886768256865747	12799
2245	23.0	0.35906	0.7814938956656149	11954
2246	15.0	0.36397999999999997	0.7497908075936361	13811
2247	17.0	0.34598	0.8529643351287578	11508
2248	13.0	0.35766	0.9382898374142197	14980
2249	26.0	0.34368000000000004	0.7756241663913055	11651
2250	13.0	0.35922	0.8682752366284703	13580
2251	13.0	0.35681999999999997	0.9557280345899971	15518
2252	23.0	0.34484000000000004	0.9728799257169175	12604
2253	14.0	0.34634	0.9471308445267353	13626
2254	15.0	0.3638799999999999	0.9627947234429391	13217
2255	15.0	0.3605	0.9278459093998382	17561
2256	17.0	0.35344000000000003	0.8184800185843953	12727
2257	11.0	0.37085999999999997	0.7996403681443587	14961
2258	18.0	0.37701999999999997	0.9385258936628598	21325
2259	12.0	0.36814	0.9023515059849323	27423
2260	12.0	0.3891800000000001	0.8286561258677761	30394
2261	13.0	0.38139999999999996	0.8554088485981893	31703
2262	18.0	0.3855199999999999	0.8256186347044738	29078
2263	14.0	0.36986	0.9585973573831713	27526
2264	11.0	0.40307999999999994	0.8005386111706176	35207
2265	18.0	0.40165999999999996	0.891577331421403	32392
2266	15.0	0.40946	0.9438893071295317	26388
2267	13.0	0.39332	0.8197531050779137	27429
2268	16.0	0.42821999999999993	0.810802103087288	26368
2269	21.0	0.3768399999999999	0.8113022162764063	31119
2270	14.0	0.3831799999999999	0.7929763226440748	31700
2271	16.0	0.3990600000000001	0.8300444269237465	34042
2272	10.0	0.42007999999999995	0.7795056553594866	30809
2273	8.0	0.42678	0.7839061439340703	31496
2274	3.0	0.40815999999999997	0.8099195750876017	29734
2275	12.0	0.39634	0.8583671072993395	22135
2276	14.0	0.36444000000000004	0.9252904315685484	20495
2277	12.0	0.3720800000000001	0.8699091486064511	19344
2278	17.0	0.37365999999999994	0.9320898968535326	15765
2279	18.0	0.37402	0.9704688317452456	15155
2280	17.0	0.3560999999999999	0.9657098850595114	14679
2281	18.0	0.36260000000000003	0.9509899983802692	15359
2282	18.0	0.36260000000000003	0.9325161168133995	13670
2283	16.0	0.36955999999999994	0.8853481559714238	15299
2284	19.0	0.36296	0.9633715950174526	15804
2285	19.0	0.37438000000000005	0.9611780859679243	16305
2286	12.0	0.38922000000000007	0.8209463340570654	17641
2287	15.0	0.37970000000000004	0.9159371307132859	19070
2288	15.0	0.36154	0.8396653909926145	14256
2289	14.0	0.35656	0.9543351131279378	17982
2290	16.0	0.36254	0.9531469643182162	19204
2291	13.0	0.3669800000000001	0.9550191718582131	17584
2292	17.0	0.3508800000000001	0.9587534213775166	15475
2293	13.0	0.3725	0.9573925143238572	12616
2294	20.0	0.35702	0.9496011965193687	13161
2295	19.0	0.37056000000000006	0.8403879733060978	14885
2296	12.0	0.36467999999999995	0.9012441439521831	13796
2297	12.0	0.35772000000000004	0.9118692323798611	14472
2298	21.0	0.37836	0.8259333117710372	15370
2299	19.0	0.37767999999999985	0.7896182804829672	16623
2300	18.0	0.35340000000000005	0.944019178858582	12276
2301	19.0	0.37154	0.8130916746099384	11976
2302	15.0	0.36363999999999996	0.9228323938844292	12555
2303	12.0	0.34869999999999995	0.9277658126728339	11676
2304	17.0	0.36160000000000003	0.8616441388446856	15270
2305	13.0	0.35466000000000003	0.9075906837580736	12166
2306	13.0	0.37135999999999997	0.8977027561417655	16371
2307	20.0	0.36468000000000006	0.931092144789743	14610
2308	15.0	0.3671000000000001	0.8565795406612006	14551
2309	14.0	0.35694	0.9055733299506206	16780
2310	18.0	0.38226	0.9076305126764683	19769
2311	14.0	0.3560999999999999	0.9285307169859559	18453
2312	17.0	0.36042	0.9499260396981831	15725
2313	14.0	0.35906	0.9254785155862071	15575
2314	19.0	0.34786	0.9677583528908184	14553
2315	16.0	0.35467999999999994	0.9120022412768164	13604
2316	21.0	0.34154	0.9384679206021562	11862
2317	23.0	0.34226	0.9628202165760962	11600
2318	8.0	0.35788	0.8737642431569647	13134
2319	19.0	0.33882000000000007	0.9512059153145296	11612
2320	14.0	0.33218	0.9620953267271203	10988
2321	15.0	0.35246	0.853389236352372	12021
2322	22.0	0.35172	0.8616501622606961	11047
2323	14.0	0.32234	0.9763357356998962	9348
2324	16.0	0.33444	0.960487361690516	12540
2325	11.0	0.34464000000000006	0.8946959110149793	10938
2326	16.0	0.35076	0.8982553181357471	11772
2327	27.0	0.3581600000000001	0.8364843609596491	14134
2328	18.0	0.34629999999999994	0.8950064981042913	12708
2329	16.0	0.31838	0.9637020027886086	9850
2330	15.0	0.34486000000000006	0.9344311532949586	10984
2331	14.0	0.34108	0.8956713694777622	11292
2332	15.0	0.33677999999999997	0.909917338848748	10208
2333	22.0	0.33286	0.9078075669056247	9437
2334	27.0	0.3286	0.8600876083711951	9947
2335	20.0	0.34556000000000003	0.8810154539731794	12340
2336	16.0	0.35609999999999997	0.8849427807229734	13060
2337	11.0	0.34553999999999996	0.8257262264821957	12774
2338	17.0	0.36312000000000005	0.9029711351606359	13265
2339	14.0	0.33361999999999997	0.9527280963694278	12676
2340	15.0	0.33061999999999997	0.9167758123886326	9840
2341	13.0	0.34302000000000005	0.9406272388312723	15055
2342	9.0	0.34373999999999993	0.9188517259269089	12758
2343	20.0	0.36016000000000004	0.810924469844437	13544
2344	19.0	0.34164	0.9194186703922789	12073
2345	15.0	0.343	0.9490097374973244	11901
2346	19.0	0.34038	0.8250418816096732	11419
2347	13.0	0.33836	0.9048083377633481	13061
2348	15.0	0.34912000000000004	0.94848039898819	13460
2349	17.0	0.35852000000000006	0.9062573068684934	13759
2350	18.0	0.34293999999999997	0.9518239440840458	14285
2351	24.0	0.33659999999999995	0.9358953696451894	11014
2352	22.0	0.36072000000000004	0.9294735948704963	12074
2353	17.0	0.33558000000000004	0.8922538077908102	11295
2354	15.0	0.34704	0.8230572636259855	11376
2355	20.0	0.3298	0.9489290176204865	9847
2356	20.0	0.34904	0.9494752757596336	12915
2357	21.0	0.3307	0.9787349133354283	11448
2358	15.0	0.3319	0.9210933019592692	12755
2359	15.0	0.34706000000000004	0.9205785390608442	13281
2360	14.0	0.3648800000000001	0.8982382834699545	12868
2361	13.0	0.34736000000000006	0.9108202123866418	11854
2362	14.0	0.3353399999999999	0.9063820622354143	12101
2363	22.0	0.35230000000000006	0.7909439812067237	11385
2364	13.0	0.33374000000000004	0.9444973327208341	11311
2365	13.0	0.33328	0.9323313014412433	11840
2366	14.0	0.33093999999999996	0.9668982041100661	11820
2367	25.0	0.35804	0.9348051393080186	14680
2368	24.0	0.34226	0.915630673518718	12324
2369	15.0	0.34040000000000004	0.9573763034673572	12580
2370	12.0	0.35960000000000003	0.8411899350338263	13279
2371	16.0	0.35214000000000006	0.7870548947583645	12561
2372	15.0	0.36129999999999995	0.8331943121739039	14883
2373	13.0	0.35338	0.9064352279547784	13041
2374	16.0	0.34149999999999997	0.971754932016052	12686
2375	16.0	0.3684200000000001	0.9336377999853945	14827
2376	14.0	0.37218	0.8098788911882444	13503
2377	19.0	0.37544000000000005	0.7557157420429396	13524
2378	12.0	0.35559999999999997	0.9412930570294532	14143
2379	16.0	0.36984	0.908262727524254	15673
2380	15.0	0.35405999999999993	0.9541576889917529	13220
2381	14.0	0.36619999999999997	0.8413632886253498	13083
2382	21.0	0.37010000000000004	0.8976960927731715	16410
2383	22.0	0.37036	0.9134370639785134	21291
2384	11.0	0.35802000000000006	0.9546711127843069	22245
2385	14.0	0.39138	0.9188992761929814	21439
2386	20.0	0.38720000000000004	0.6199640754436022	17629
2387	18.0	0.42114000000000007	0.2981778624074903	17358
2388	18.0	0.35884000000000005	0.5123403581185461	15214
2389	14.0	0.3852	0.5078932828352065	22627
2390	13.0	0.45020000000000004	0.299819387711338	20443
2391	23.0	0.41194	0.2405597831247028	14964
2392	14.0	0.37902	0.9135359883304046	29391
2393	19.0	0.37346	0.9306390983120495	26848
2394	24.0	0.39703999999999995	0.8487931036214272	26775
2395	13.0	0.38739999999999997	0.8898527869610776	31640
2396	11.0	0.37512	0.9382935591539602	27053
2397	22.0	0.39124000000000003	0.9369534253475595	22809
2398	17.0	0.38698	0.9129327842926979	26808
2399	12.0	0.39354	0.7415586768063914	23278
2400	18.0	0.3811	0.8984576348680544	23502
2401	17.0	0.369	0.9202450690723837	22991
2402	18.0	0.37474000000000013	0.8325873973330312	31417
2403	18.0	0.36244	0.7854584234427131	23705
2404	10.0	0.36833999999999995	0.8850003413007119	24318
2405	16.0	0.38226	0.5669999901468235	21667
2406	14.0	0.44502	0.24975180829604723	16601
2407	15.0	0.41607999999999995	0.35139293958300827	18486
2408	11.0	0.3643599999999999	0.9431841951522402	26685
2409	17.0	0.3533200000000001	0.8986728725109974	19992
2410	22.0	0.37914000000000003	0.9253215975704763	21061
2411	14.0	0.36934	0.9598531262605925	17063
2412	17.0	0.36744	0.8863966598187121	17156
2413	16.0	0.37226000000000004	0.9404681344362392	17358
2414	22.0	0.36684	0.9328229661337378	15642
2415	22.0	0.35609999999999997	0.9205024892803662	13796
2416	17.0	0.36426000000000003	0.8335007411887098	14958
2417	11.0	0.36532	0.8408884063824031	14114
2418	8.0	0.3730199999999999	0.7991541172854923	17507
2419	23.0	0.37156	0.9500858761982679	24766
2420	15.0	0.36366	0.8480407147216791	15241
2421	20.0	0.36256	0.9431638852280688	15315
2422	17.0	0.36627999999999994	0.9225314106714426	15104
2423	15.0	0.36217999999999995	0.8325164418403461	11846
2424	17.0	0.35685999999999996	0.9266392749738873	13837
2425	17.0	0.35013999999999995	0.9807996302585864	13682
2426	17.0	0.37112	0.8999109285090091	14950
2427	17.0	0.35124	0.8696109044516805	13827
2428	16.0	0.36316000000000004	0.8557555955135033	13387
2429	8.0	0.36018	0.85252321416637	13924
2430	19.0	0.36294000000000004	0.9108952053316387	16594
2431	20.0	0.37725999999999993	0.7986926993688126	13594
2432	15.0	0.36204000000000003	0.9500083108003339	13976
2433	16.0	0.37448	0.8591626291986785	13344
2434	18.0	0.36345999999999995	0.8521042835096156	13648
2435	15.0	0.38530000000000003	0.9617639071386964	13647
2436	14.0	0.38670000000000004	0.9435920128804967	13956
2437	14.0	0.3754999999999999	0.8520437148526961	15404
2438	25.0	0.38256	0.7836603021232545	17927
2439	20.0	0.38326	0.9796305073817019	15456
2440	19.0	0.36558	0.9247419562389692	15054
2441	14.0	0.37450000000000006	0.945945811736421	17396
2442	14.0	0.36752	0.9404905411920159	20424
2443	8.0	0.40012000000000003	0.9014704170982359	22158
2444	16.0	0.3758800000000001	0.8469066899012029	25052
2445	23.0	0.38244000000000006	0.9367797843239036	20758
2446	16.0	0.3781000000000001	0.8586274570937871	17595
2447	17.0	0.37162	0.8579944630921278	15064
2448	23.0	0.37918	0.8445149368076048	19104
2449	17.0	0.38437999999999994	0.7435562033566425	24091
2450	17.0	0.37354	0.8403568296240415	23981
2451	20.0	0.38148	0.9220399214001755	27017
2452	12.0	0.40515999999999996	0.9402057597976916	33757
2453	10.0	0.40016000000000007	0.8826690637823249	31728
2454	19.0	0.38716	0.9257874457098361	36208
2455	9.0	0.36199999999999993	0.9095749739053978	28942
2456	18.0	0.36444000000000004	0.9465966769596817	29602
2457	14.0	0.39935999999999994	0.9572325522282602	33498
2458	16.0	0.38666000000000006	0.9315769099770199	33160
2459	17.0	0.3707200000000001	0.8648175778579584	31119
2460	19.0	0.3950599999999999	0.8270148097492945	30234
2461	13.0	0.37508	0.8797663471201749	27395
2462	12.0	0.33403999999999995	0.9531548929581599	23911
2463	17.0	0.34752000000000005	0.9601730958185686	28798
2464	14.0	0.3512599999999999	0.915476760740544	28510
2465	18.0	0.3562800000000001	0.8642693494170367	29749
2466	14.0	0.36604	0.8484017128553893	30157
2467	12.0	0.36624	0.7539323847895977	27134
2468	10.0	0.37904	0.7910004023205779	27549
2469	18.0	0.39418	0.8165548783556177	33479
2470	17.0	0.3934	0.9465799024264444	37804
2471	25.0	0.4	0.8400944630384028	27699
2472	17.0	0.39315999999999995	0.9029820705345577	35434
2473	21.0	0.38254000000000005	0.9192296080101224	37339
2474	14.0	0.41442	0.8181932194952203	42035
2475	13.0	0.38594	0.88744618882186	34897
2476	26.0	0.38051999999999997	0.9173069671044121	38887
2477	13.0	0.3917	0.8262124219163867	27750
2478	13.0	0.38578	0.7360481131197196	27290
2479	25.0	0.36479999999999996	0.8955056074734782	29420
2480	17.0	0.36744	0.9526218702605593	23798
2481	16.0	0.3556	0.9040027209715941	26117
2482	17.0	0.36616	0.8497458457245417	26883
2483	20.0	0.3686800000000001	0.8548298388826286	29584
2484	15.0	0.38924	0.9365207308020531	32173
2485	27.0	0.4138	0.8348460451567503	38150
2486	21.0	0.40380000000000005	0.8957751855086774	35518
2487	11.0	0.39705999999999997	0.878512172277085	29296
2488	13.0	0.40631999999999996	0.818765564634714	32061
2489	11.0	0.40271999999999997	0.87388266394124	32143
2490	21.0	0.38656	0.9220093129947802	36296
2491	19.0	0.37864	0.8352913437236039	25547
2492	15.0	0.3891799999999999	0.6790540706858407	23692
2493	12.0	0.37256	0.9061087558326444	19626
2494	23.0	0.36715999999999993	0.8945659312573737	19277
2495	16.0	0.3635400000000001	0.9650474906844698	17904
2496	14.0	0.3664	0.9320073983879871	17136
2497	21.0	0.3636000000000001	0.9092623424007817	14203
2498	18.0	0.3654999999999999	0.8453676293435156	16064
2499	13.0	0.36238	0.8757515363133226	17352
2500	19.0	0.34594	0.9269444861789199	14546
2501	16.0	0.36662000000000006	0.826101180347067	17030
2502	17.0	0.34982	0.9527289272249572	14207
2503	22.0	0.36118	0.7889000083537714	18602
2504	17.0	0.35932000000000003	0.9018773928181872	17889
2505	15.0	0.36932000000000004	0.8411355753066574	15758
2506	15.0	0.35338	0.8562261972891873	12803
2507	9.0	0.3832	0.8918580527410868	15569
2508	19.0	0.35725999999999997	0.9636989019270119	16827
2509	15.0	0.34486000000000006	0.9458947034626822	16303
2510	21.0	0.373	0.7836518834444106	17462
2511	16.0	0.35082	0.9646810416890618	17619
2512	20.0	0.3608799999999999	0.9690083998281178	22786
2513	18.0	0.35367999999999994	0.9370122280337901	14923
2514	21.0	0.34759999999999996	0.9230594459603706	15432
2515	16.0	0.37465999999999994	0.8766678675610431	15594
2516	19.0	0.35308	0.9162952759394665	13693
2517	17.0	0.3588	0.922692115237883	13681
2518	16.0	0.3566	0.9595513880502684	14852
2519	17.0	0.35294000000000003	0.9282563109194312	13398
2520	19.0	0.3362199999999999	0.9684005662739191	12722
2521	20.0	0.35988	0.8654626558492249	14922
2522	24.0	0.36724	0.914176700292533	15315
2523	11.0	0.34818000000000005	0.8902687996098431	15462
2524	12.0	0.37472	0.9415279771388971	16884
2525	20.0	0.33298	0.9656819077379127	14924
2526	21.0	0.33986000000000005	0.9330786534203828	13302
2527	21.0	0.34338	0.9460240926845294	15492
2528	16.0	0.34556	0.9664956147615075	13643
2529	17.0	0.37688000000000005	0.7938564710976409	15346
2530	16.0	0.3534999999999999	0.927156800973444	17402
2531	15.0	0.36918	0.9342719414094343	16648
2532	9.0	0.36761999999999995	0.922630697653372	18917
2533	11.0	0.36812	0.9021300325429326	17791
2534	21.0	0.34422	0.8939095341326538	16507
2535	12.0	0.3391199999999999	0.9015594307983189	12443
2536	13.0	0.35172	0.882607816005178	17285
2537	10.0	0.3429	0.9453269235011749	17734
2538	15.0	0.33874000000000004	0.9675957002307255	16290
2539	17.0	0.36008	0.8503704875323271	17083
2540	12.0	0.33746000000000004	0.9285684651890167	18853
2541	17.0	0.3635	0.7686305937608146	16627
2542	9.0	0.36835999999999997	0.8354090338865078	20650
2543	7.0	0.33580000000000004	0.9496200444435119	19062
2544	19.0	0.3324999999999999	0.9565395363339163	20404
2545	15.0	0.34087999999999996	0.9389783766597186	18093
2546	13.0	0.34248000000000006	0.9035493210491085	24590
2547	25.0	0.35503999999999997	0.9505337087741069	27383
2548	19.0	0.3644	0.8045617017933036	23940
2549	13.0	0.3415800000000001	0.8900976968294417	21922
2550	18.0	0.36188	0.936728231551676	26426
2551	18.0	0.36182000000000003	0.8700831640035387	24238
2552	16.0	0.34802	0.9695304435177565	24066
2553	22.0	0.3564399999999999	0.9137798714365777	25988
2554	17.0	0.32876000000000005	0.9226445263936068	23498
2555	12.0	0.36928	0.8241502263036589	23525
2556	14.0	0.36062	0.8665919467022788	24545
2557	21.0	0.36719999999999997	0.8631186750080891	24192
2558	15.0	0.35642	0.8331002417220925	19629
2559	17.0	0.38066	0.8171894189109156	28939
2560	19.0	0.37284	0.8844969039502633	25286
2561	18.0	0.3620799999999999	0.9559833508345698	19239
2562	12.0	0.37594	0.8131453136451242	22389
2563	19.0	0.3669399999999999	0.8246080781117098	21434
2564	25.0	0.36536	0.9002990771204399	18800
2565	15.0	0.3691400000000001	0.943442288966006	21660
2566	29.0	0.38026	0.8866128382850468	24441
2567	14.0	0.37943999999999994	0.6981563010787324	22905
2568	20.0	0.37658	0.8796829084173988	25759
2569	17.0	0.38226	0.8767463602167449	29001
2570	11.0	0.3918000000000001	0.8156319832420851	26744
2571	25.0	0.37238	0.7985491081571678	25287
2572	26.0	0.37131999999999993	0.8012894006430022	32633
2573	23.0	0.36806	0.9013824069191311	30266
2574	22.0	0.35824	0.921463568308534	29904
2575	17.0	0.38416000000000006	0.7553518182829828	32760
2576	10.0	0.38312000000000007	0.7534845770512405	33350
2577	14.0	0.39913999999999994	0.8162682613223673	36518
2578	3.0	0.39346	0.7697541372497604	35381
2579	6.0	0.44098	0.7010707808933432	38600
2580	11.0	0.4036	0.7706159259049046	36536
2581	23.0	0.36660000000000004	0.8957350663492573	30571
2582	18.0	0.38172000000000006	0.7716958627952802	31693
2583	13.0	0.39055999999999996	0.8045640435235306	33484
2584	16.0	0.40326000000000006	0.9445162991131852	39549
2585	12.0	0.4088800000000001	0.8811576908141023	36818
2586	17.0	0.39986000000000005	0.8326901850082515	37441
2587	22.0	0.41306	0.8149699589992935	37495
2588	17.0	0.39364	0.9394458697540482	37142
2589	18.0	0.41727999999999993	0.8490460782736019	40660
2590	10.0	0.4142199999999999	0.8753052441820015	38273
2591	13.0	0.42857999999999996	0.7721861172307368	38227
2592	10.0	0.4074400000000001	0.8161103680530427	38545
2593	14.0	0.41696000000000005	0.8083420365179238	37654
2594	10.0	0.4366799999999999	0.8578103148817219	40130
2595	17.0	0.43358	0.9480101229430272	39562
2596	26.0	0.3663600000000001	0.813201453575792	30096
2597	16.0	0.33938	0.9351961614125117	24547
2598	14.0	0.3631999999999999	0.7889368220441749	26275
2599	23.0	0.35955999999999994	0.7657492032688958	24708
2600	18.0	0.37566000000000005	0.8469491120461627	28598
2601	14.0	0.37555999999999995	0.9346019462495815	24265
2602	11.0	0.35425999999999996	0.8765600442296696	22244
2603	22.0	0.36991999999999997	0.9458932975789397	22163
2604	20.0	0.37914000000000003	0.8010833903640381	21976
2605	21.0	0.38223999999999997	0.977487933213292	21628
2606	18.0	0.38669999999999993	0.9702157194994034	17710
2607	14.0	0.36746	0.8548344547068395	16150
2608	17.0	0.36732	0.9417912386076761	15467
2609	14.0	0.35359999999999997	0.9205545527064164	14055
2610	14.0	0.35076	0.863619353480769	13139
2611	24.0	0.35762	0.8455681422334881	14589
2612	15.0	0.35359999999999997	0.8397005674147456	15343
2613	22.0	0.35174	0.9617385750350721	11496
2614	17.0	0.3550399999999999	0.9701417822192403	16850
2615	9.0	0.3709	0.7211540147649762	11997
2616	17.0	0.35033999999999993	0.9213246834493652	13323
2617	20.0	0.34692	0.8454186281951732	13129
2618	15.0	0.35424	0.855900055647792	12376
2619	17.0	0.38055999999999995	0.7953290127999357	15297
2620	21.0	0.34892	0.9604379779150521	12507
2621	9.0	0.34646	0.9063976086236823	12217
2622	17.0	0.35708000000000006	0.93187780056598	12936
2623	15.0	0.33146000000000003	0.9482682462088792	12915
2624	19.0	0.34265999999999996	0.9557635390169121	11468
2625	16.0	0.35272000000000003	0.9665930900326237	14912
2626	19.0	0.34840000000000004	0.92445901857627	13683
2627	13.0	0.34798000000000007	0.8055845433185468	14079
2628	15.0	0.35628	0.9221458657965728	12899
2629	18.0	0.34370000000000006	0.9300780171729549	12744
2630	23.0	0.34714000000000006	0.9521569979382994	13257
2631	10.0	0.34767999999999993	0.8822854315509244	12630
2632	14.0	0.34322	0.9036182993848916	12343
2633	12.0	0.37388	0.8258086692386565	12925
2634	21.0	0.34442000000000006	0.9385051460386501	12904
2635	19.0	0.35522	0.8852688426665729	12750
2636	11.0	0.32101999999999997	0.9724005553420543	11080
2637	18.0	0.33171999999999996	0.8777958237170235	11352
2638	24.0	0.34204	0.9053651214757901	11352
2639	13.0	0.33882000000000007	0.8796741794544398	12297
2640	12.0	0.34918000000000005	0.9222507591453678	12142
2641	17.0	0.33836000000000005	0.9027285304815407	11569
2642	12.0	0.33732	0.8575534972034903	11804
2643	18.0	0.32688	0.9546697728161472	9910
2644	22.0	0.34497999999999995	0.9443752888413881	9537
2645	19.0	0.34576	0.8538420590028029	12337
2646	17.0	0.37393999999999994	0.7887213010729617	15030
2647	19.0	0.34987999999999997	0.8344090408713792	13000
2648	17.0	0.33041999999999994	0.9205677688216681	10751
2649	16.0	0.34262	0.9091660104403467	12842
2650	16.0	0.33230000000000004	0.9458636645546369	11050
2651	18.0	0.36246	0.6601601532435909	12223
2652	16.0	0.3954399999999999	0.2938124212820862	11690
2653	3.0	0.5539600000000001	0.14824528807431203	7390
2654	14.0	0.33552	0.2675869678053802	9069
2655	17.0	0.34421999999999997	0.2691370058936724	7772
2656	17.0	0.33000000000000007	0.29687206882739103	6946
2657	16.0	0.3567799999999999	0.29565558383680013	9641
2658	9.0	0.32167999999999997	0.9573957737333079	11097
2659	9.0	0.33842	0.9443643165605793	13045
2660	10.0	0.38394	0.8134122263395324	14953
2661	22.0	0.34976	0.8655832074698456	14817
2662	12.0	0.33838	0.9033137087898978	12560
2663	16.0	0.33592	0.8959816620896918	11968
2664	17.0	0.32476	0.9281293564266754	11104
2665	15.0	0.36483999999999994	0.8999418644217837	17182
2666	12.0	0.3500800000000001	0.9230286103485476	12291
2667	13.0	0.33447999999999994	0.8309713041834483	10900
2668	15.0	0.3411800000000001	0.9148703412469085	9882
2669	22.0	0.34162	0.9477789314535235	11854
2670	20.0	0.34429999999999994	0.9520701198641829	11243
2671	19.0	0.35045999999999994	0.8292416764057245	11967
2672	18.0	0.33410000000000006	0.9351418520363197	10239
2673	18.0	0.3368	0.9509730853708506	12199
2674	19.0	0.33896	0.9163993889765811	10710
2675	18.0	0.3439	0.9573316595007514	11486
2676	15.0	0.35168000000000005	0.853306049321553	12978
2677	13.0	0.36112	0.842761489433407	10415
2678	15.0	0.34112000000000003	0.9195793939363489	11220
2679	6.0	0.35098	0.9297806114271715	12477
2680	22.0	0.33321999999999996	0.970150819631582	11897
2681	18.0	0.34858000000000006	0.9820531838624831	11780
2682	14.0	0.33716	0.9460565182683384	13111
2683	20.0	0.36573999999999995	0.8213636763087592	12986
2684	10.0	0.33105999999999997	0.9339081312125972	13887
2685	11.0	0.33488	0.901600301601418	14683
2686	19.0	0.34856000000000004	0.9696510589291403	13766
2687	14.0	0.35044	0.9794142904751495	17783
2688	11.0	0.33676	0.8906137688363315	14686
2689	14.0	0.3603	0.914296340903086	16975
2690	22.0	0.36694000000000004	0.9131854127801519	18050
2691	16.0	0.33760000000000007	0.9584387465901869	16174
2692	21.0	0.33942	0.8477622408894735	13661
2693	7.0	0.36074000000000006	0.7644748784895784	14319
2694	14.0	0.3374399999999999	0.8804163667463446	15878
2695	13.0	0.33512000000000003	0.9630046962727273	15984
2696	12.0	0.3323	0.9368097624518215	12431
2697	12.0	0.3689	0.9069642894231931	16167
2698	23.0	0.36034	0.850281150305969	15517
2699	13.0	0.35196000000000005	0.8822813685834308	15587
2700	21.0	0.33498	0.9636541338893942	13843
2701	16.0	0.33490000000000003	0.942258753229508	15642
2702	6.0	0.35402	0.8116942484579776	15463
2703	14.0	0.33614	0.930555745310089	13012
2704	16.0	0.34203999999999996	0.9266629181591538	15435
2705	19.0	0.33828	0.9441876111782864	14943
2706	19.0	0.34367999999999993	0.9682669989224529	13877
2707	14.0	0.34778	0.8616515014339267	14245
2708	26.0	0.3528	0.912831859874814	13562
2709	14.0	0.3418	0.9211131489684327	13991
2710	12.0	0.3271	0.9185840528343567	10606
2711	15.0	0.33856	0.9051371769535864	10280
2712	15.0	0.35674	0.8329191665420396	12428
2713	15.0	0.3537199999999999	0.9193753535568099	13499
2714	10.0	0.34874000000000005	0.8182674525929835	14127
2715	19.0	0.3389999999999999	0.8240597173255635	11695
2716	17.0	0.3463400000000001	0.8298553830990223	12414
2717	15.0	0.35534	0.8676421666380558	13279
2718	20.0	0.3361	0.9156894003087109	11665
2719	15.0	0.35181999999999986	0.8437392798421331	10976
2720	15.0	0.35241999999999996	0.7747149364112681	11383
2721	18.0	0.34724	0.8488411336555511	10917
2722	17.0	0.34303999999999996	0.8898976759793791	10155
2723	11.0	0.3333	0.9605687513510797	10652
2724	15.0	0.33016000000000006	0.9606533002889989	10618
2725	23.0	0.34506	0.9160025526512012	14082
2726	11.0	0.37544	0.8443419160331599	14995
2727	17.0	0.34334	0.7961272439854209	10982
2728	14.0	0.33287999999999995	0.927776619963372	12245
2729	18.0	0.3371	0.9459978380363123	11400
2730	19.0	0.34634	0.9279760945654487	10777
2731	19.0	0.3508	0.8791472328015405	12644
2732	17.0	0.33518000000000003	0.9012949135431212	10983
2733	18.0	0.34384	0.901228379990295	12421
2734	12.0	0.3328000000000001	0.9737130649701797	12257
2735	11.0	0.34456	0.9121123791353913	10697
2736	23.0	0.32802	0.957881907922563	11023
2737	15.0	0.33836	0.9095396299711762	12091
2738	17.0	0.34156	0.9301354490206234	11548
2739	18.0	0.32059999999999994	0.944473848770504	11298
2740	12.0	0.32686	0.9599127202500742	10379
2741	17.0	0.33542	0.9719141526917042	9066
2742	18.0	0.34444	0.946363123391658	13293
2743	20.0	0.34632000000000007	0.9335178097792863	13135
2744	13.0	0.3652	0.8238918798913893	12029
2745	14.0	0.35174000000000005	0.8343220091857	12798
2746	21.0	0.33782	0.9607856485213955	9438
2747	16.0	0.35229999999999995	0.9623124070982267	11659
2748	15.0	0.33956000000000003	0.9643844255564884	12887
2749	14.0	0.34221999999999997	0.9734747681780799	11800
2750	9.0	0.36284	0.9097482371718537	14287
2751	18.0	0.35344000000000003	0.956094084191502	14727
2752	17.0	0.35997999999999997	0.9428200455835383	13014
2753	12.0	0.34556000000000003	0.9678711177234692	11252
2754	17.0	0.36637999999999993	0.9537787226997945	12704
2755	17.0	0.35918	0.8742940153779534	13992
2756	18.0	0.35552000000000006	0.9703587270713189	13716
2757	15.0	0.36194000000000004	0.9196451992605251	12569
2758	14.0	0.3472999999999999	0.933064692452593	13676
2759	18.0	0.34172	0.9602982640104983	12488
2760	23.0	0.33637999999999996	0.9455133441056401	13427
2761	8.0	0.33805999999999997	0.9220970421700049	11528
2762	18.0	0.33724000000000004	0.9518295013476911	12858
2763	15.0	0.34448000000000006	0.9464314380047409	12655
2764	17.0	0.33441999999999994	0.9613208357656625	10960
2765	20.0	0.36006000000000005	0.8761950527362858	13132
2766	14.0	0.35646	0.9412231842845356	14043
2767	22.0	0.36979999999999996	0.9214387451601879	16280
2768	13.0	0.3782000000000001	0.7475390078672701	13429
2769	24.0	0.36282	0.9234687228985058	15621
2770	16.0	0.35144000000000003	0.8638081607175905	13309
2771	21.0	0.3631599999999999	0.927011740508991	15908
2772	14.0	0.35278	0.95913275833242	16469
2773	12.0	0.3509399999999999	0.9533094043755684	16286
2774	26.0	0.35746	0.8784075996580942	18042
2775	13.0	0.34706000000000004	0.8703935452756723	14250
2776	10.0	0.35373999999999994	0.8439542190557909	15542
2777	16.0	0.35152	0.9389651520215389	20112
2778	18.0	0.34344	0.9393554779577956	20903
2779	16.0	0.3874800000000001	0.9080050921431203	23351
2780	18.0	0.3863400000000001	0.9233532420713992	22397
2781	19.0	0.36418000000000006	0.9367377621698887	27249
2782	16.0	0.3514399999999999	0.9674455224066025	28637
2783	22.0	0.35230000000000006	0.9477158273585921	29648
2784	24.0	0.36258	0.9581999773079518	28507
2785	16.0	0.38528000000000007	0.7936030420590207	28560
2786	26.0	0.37098	0.948427389837139	28402
2787	17.0	0.37286	0.8917956670857181	29778
2788	12.0	0.38478	0.8202319243727921	31089
2789	13.0	0.38736	0.7609499227876161	25731
2790	13.0	0.38494000000000006	0.8877598533444232	27688
2791	15.0	0.4059400000000001	0.9710507807228067	33481
2792	21.0	0.39924	0.9641095314246014	29731
2793	18.0	0.39715999999999996	0.9250943320409108	33873
2794	19.0	0.39652	0.859828113273729	33270
2795	11.0	0.43406	0.906662822305056	33495
2796	16.0	0.4266000000000001	0.776983411226309	34675
2797	17.0	0.42026	0.7705337438780775	34794
2798	7.0	0.44561999999999996	0.7587027048448455	42408
2799	14.0	0.40009999999999996	0.84258855059607	38393
2800	16.0	0.39071999999999996	0.8591399505822424	36759
2801	10.0	0.41284	0.8349583257620778	40087
2802	13.0	0.42855999999999994	0.7643354950024479	43680
2803	7.0	0.40406	0.7698994472540772	38990
2804	18.0	0.42184000000000005	0.8161170581287907	42625
2805	16.0	0.37788	0.8686544987103414	38251
2806	15.0	0.38936	0.8494974346104501	35998
2807	15.0	0.41651999999999995	0.7848085265450662	37972
2808	9.0	0.42444000000000004	0.8724373893426198	38366
2809	15.0	0.42768	0.9126636468881869	36059
2810	14.0	0.4242	0.8743448727039245	40178
2811	10.0	0.44648	0.837477557467608	44706
2812	19.0	0.4246599999999999	0.8299443962952793	37619
2813	15.0	0.44284000000000007	0.9308591715561112	34089
2814	14.0	0.41342	0.9687674609191015	35197
2815	18.0	0.41938000000000003	0.9194713531377107	34429
2816	23.0	0.41746	0.9384736553352202	32066
2817	11.0	0.40758000000000005	0.9175750966443247	29034
2818	13.0	0.38626	0.9175431012925536	29368
2819	14.0	0.41257999999999995	0.9156905142949147	29128
2820	17.0	0.4113800000000001	0.9430572154613663	27459
2821	12.0	0.42056000000000004	0.9111723728897292	29018
2822	22.0	0.39427999999999996	0.8400042027475035	27947
2823	19.0	0.43866	0.9560349196048308	31862
2824	16.0	0.42516	0.9329279977458173	31682
2825	20.0	0.39147999999999994	0.8739134845227501	26857
2826	12.0	0.3583800000000001	0.8306779454316771	24234
2827	18.0	0.35836	0.9317756334075451	24247
2828	15.0	0.39716000000000007	0.7640679788143698	25428
2829	15.0	0.37370000000000003	0.9600597763275397	28046
2830	14.0	0.41298	0.8992519634564464	30287
2831	23.0	0.42622	0.9350583439936659	24883
2832	12.0	0.40543999999999997	0.9310014799064688	25365
2833	9.0	0.4063400000000001	0.9118927367766255	24205
2834	14.0	0.41497999999999996	0.6939093664744104	23497
2835	15.0	0.3927800000000001	0.974784053854719	21722
2836	19.0	0.39582	0.7799780787360675	23188
2837	11.0	0.37579999999999997	0.937522365210643	19888
2838	17.0	0.37703999999999993	0.9357361588017011	18310
2839	14.0	0.37062000000000006	0.8760981059878078	17523
2840	19.0	0.38284	0.8831790749691303	17324
2841	16.0	0.40494	0.8723867775589538	22014
2842	11.0	0.38382	0.8431728764919558	20522
2843	20.0	0.37929999999999997	0.8861840962561303	22266
2844	14.0	0.37750000000000006	0.9557431514750917	21643
2845	17.0	0.3940400000000001	0.7829766548908671	19991
2846	22.0	0.38	0.8134288745996272	17489
2847	20.0	0.3594799999999999	0.9531998533174613	16074
2848	12.0	0.3746	0.8281544002445905	18903
2849	18.0	0.3611000000000001	0.8477323980158386	15230
2850	13.0	0.35812000000000005	0.9197705100120342	15936
2851	11.0	0.3696000000000001	0.9617422262385671	14731
2852	21.0	0.37314	0.9164691258948544	16132
2853	15.0	0.36324	0.9080112770220349	15521
2854	21.0	0.36732	0.8994893332337396	15141
2855	22.0	0.37124	0.7927482127571276	17095
2856	19.0	0.37516	0.8529968333475278	20097
2857	17.0	0.37544	0.8059149544789492	20242
2858	14.0	0.3595399999999999	0.8412659110374318	16264
2859	20.0	0.36653999999999987	0.8764712961787564	14319
2860	20.0	0.36056	0.8878706046352495	12900
2861	21.0	0.36216000000000004	0.9251966615290484	15180
2862	19.0	0.3542600000000001	0.9468678455258192	12862
2863	17.0	0.36558	0.7855712986422646	13646
2864	18.0	0.37338	0.9650541655147146	15538
2865	8.0	0.36310000000000003	0.9735258900449895	16418
2866	19.0	0.36408	0.9203070917431756	12855
2867	22.0	0.37471999999999994	0.9332926700559673	16013
2868	11.0	0.35875999999999997	0.8964939434180358	14787
2869	22.0	0.36457999999999996	0.970655557700471	12077
2870	15.0	0.36125999999999997	0.8737332614606403	13857
2871	18.0	0.36651999999999996	0.7678893924759854	16107
2872	20.0	0.37217999999999996	0.9600483423084789	15804
2873	21.0	0.35894000000000004	0.9111907343237928	16338
2874	15.0	0.35946	0.9158132293260078	13306
2875	14.0	0.3868	0.877656129560513	15622
2876	22.0	0.37181999999999993	0.8967114112993612	15536
2877	15.0	0.38199999999999995	0.887566087111233	15414
2878	16.0	0.37258	0.8402569446388645	16388
2879	16.0	0.37084000000000006	0.8587669744193972	18904
2880	21.0	0.37589999999999996	0.7767423864084242	16680
2881	15.0	0.3805199999999999	0.7444812063985835	22618
2882	19.0	0.35932	0.9376560197808719	25113
2883	16.0	0.39370000000000005	0.9114033561741586	24426
2884	12.0	0.4189	0.8376292118024617	34430
2885	12.0	0.41646	0.885804467521468	33766
2886	20.0	0.3855200000000001	0.9292714492723239	33076
2887	15.0	0.3703	0.8498656480362619	29394
2888	10.0	0.36652	0.9355554051420956	32067
2889	18.0	0.37516000000000005	0.9118371290578261	25801
2890	15.0	0.39966	0.8509249141351841	28452
2891	20.0	0.38492	0.7320534079296697	22066
2892	9.0	0.39502000000000004	0.8486415525976557	28672
2893	12.0	0.35901999999999995	0.8905335645974065	28341
2894	18.0	0.37172000000000005	0.5602964576616525	23479
2895	17.0	0.38518	0.4963617930640982	26673
2896	14.0	0.37992000000000004	0.41685086226367496	19195
2897	14.0	0.38264000000000004	0.47278484657252956	23847
2898	16.0	0.37982000000000005	0.4686881886146228	26404
2899	13.0	0.37942	0.4643278145407034	25250
2900	21.0	0.3715800000000001	0.6437622411123118	25778
2901	15.0	0.37794000000000005	0.5964204369575913	26203
2902	17.0	0.37317999999999996	0.9023877295662788	21546
2903	18.0	0.35364000000000007	0.8244873127432691	16451
2904	16.0	0.3724799999999999	0.8941484770638075	20072
2905	24.0	0.3743599999999999	0.9798352950889443	18127
2906	20.0	0.36648	0.8322743462047094	15205
2907	18.0	0.35438	0.873965881566401	17417
2908	24.0	0.38026	0.7982719642765874	17953
2909	16.0	0.38226	0.9316437922273474	19088
2910	18.0	0.38754	0.9183919960095958	20918
2911	16.0	0.37565999999999994	0.9553445263674318	18921
2912	15.0	0.3586	0.9474516574649771	16053
2913	13.0	0.3744800000000001	0.7945401587798679	20070
2914	8.0	0.38012	0.7232129349087338	17470
2915	16.0	0.37028000000000005	0.7909922821767186	19819
2916	18.0	0.37446000000000007	0.904254279781014	21077
2917	11.0	0.37365999999999994	0.8381941139908511	21604
2918	11.0	0.38049999999999995	0.6424658599967208	25761
2919	13.0	0.3706399999999999	0.875342772332936	29589
2920	14.0	0.35969999999999996	0.9230199281340958	26037
2921	11.0	0.37964	0.8554665342902861	27305
2922	17.0	0.40606000000000003	0.7860342680199971	31836
2923	18.0	0.4098399999999999	0.7548515211330967	29373
2924	17.0	0.39446	0.9376129828748925	29351
2925	12.0	0.39521999999999996	0.7245435330788543	21596
2926	15.0	0.37485999999999997	0.8709879137047235	23386
2927	17.0	0.39037999999999995	0.8136323965403907	24330
2928	7.0	0.39146000000000003	0.9417081374804263	25587
2929	13.0	0.38903999999999994	0.8646322551905338	25971
2930	17.0	0.38836	0.8243706344424684	24945
2931	12.0	0.39578	0.8794953471582754	27320
2932	19.0	0.41452	0.7763874028012503	20217
2933	13.0	0.42316	0.9168342138124413	26895
2934	16.0	0.40968	0.9292878287526849	28498
2935	14.0	0.41228000000000004	0.840147829185621	24523
2936	14.0	0.40915999999999997	0.9684481384197707	21926
2937	18.0	0.40491999999999995	0.8760681193127858	22905
2938	14.0	0.38732	0.8187768349295208	19299
2939	17.0	0.39577999999999997	0.8304007955194629	24675
2940	12.0	0.3899600000000001	0.9621548127379879	26616
2941	20.0	0.3999599999999999	0.9484128946247866	24930
2942	17.0	0.4025	0.94092962207816	30346
2943	23.0	0.42392	0.9665054461720196	32721
2944	15.0	0.38758	0.8993291211453989	24087
2945	16.0	0.36678000000000005	0.8473259345791081	19221
2946	14.0	0.36495999999999995	0.9524728841767223	27779
2947	24.0	0.34608000000000005	0.9623061115865862	23845
2948	12.0	0.38344	0.9201754828640684	30155
2949	16.0	0.39464000000000005	0.6903964842814589	27087
2950	14.0	0.38574	0.8169904607631123	22909
2951	16.0	0.42168	0.8377264276395266	17898
2952	11.0	0.35302	0.8979584606478669	18156
2953	19.0	0.37784	0.8714066244991904	18410
2954	16.0	0.36560000000000004	0.7708617162528809	18193
2955	15.0	0.36418000000000006	0.9670601945233727	19823
2956	18.0	0.3551	0.934984085370809	19354
2957	27.0	0.37348	0.9471097465490614	22021
2958	20.0	0.3896	0.943409039221211	21065
2959	20.0	0.37455999999999995	0.976824429204308	19588
2960	20.0	0.39376	0.8450167740393986	20632
2961	22.0	0.37867999999999996	0.9388543554685409	16774
2962	17.0	0.36263999999999996	0.8680024618316924	16925
2963	14.0	0.36434000000000005	0.8774367391803884	13593
2964	20.0	0.37959999999999994	0.8781453272041541	16031
2965	13.0	0.3890199999999999	0.9207763262860819	17188
2966	17.0	0.36977999999999994	0.8604334833733827	16357
2967	15.0	0.38476	0.6753127118802014	15201
2968	16.0	0.39025999999999994	0.9496957402921316	23193
2969	12.0	0.41282	0.9023571557146712	24139
2970	13.0	0.40197999999999995	0.9144427853846414	27198
2971	14.0	0.3803200000000001	0.8842243297832802	27586
2972	17.0	0.42514	0.7510688480801796	31910
2973	14.0	0.43079999999999996	0.8519754765900188	25196
2974	13.0	0.40476000000000006	0.888878073913905	26463
2975	18.0	0.41174	0.9157494176330041	23524
2976	14.0	0.39632000000000006	0.8698357758596138	21091
2977	18.0	0.3885	0.9335852881144897	19284
2978	12.0	0.40396	0.8601835082858303	22530
2979	14.0	0.44020000000000004	0.9522539601457003	24550
2980	13.0	0.415	0.8447657365239839	20481
2981	24.0	0.40123999999999993	0.9104346254275204	18860
2982	13.0	0.38478	0.8871665978752035	17030
2983	25.0	0.37757999999999997	0.9586367433531447	15890
2984	18.0	0.3776	0.8184851824919566	13910
2985	11.0	0.3635	0.954617173371804	12510
2986	21.0	0.36486	0.9684483438984849	15386
2987	19.0	0.39274000000000003	0.9663986724888639	17248
2988	16.0	0.37804000000000004	0.7626219142971217	15478
2989	15.0	0.36904	0.9041379764704714	15927
2990	17.0	0.36841999999999997	0.7324773046811507	15063
2991	18.0	0.3769600000000001	0.939649567447805	17240
2992	16.0	0.36876	0.9559743516824836	13864
2993	16.0	0.37496	0.8425135840309004	14010
2994	20.0	0.37829999999999997	0.9073433001441898	14470
2995	13.0	0.37648000000000004	0.9513408693960628	14889
2996	17.0	0.392	0.9303624464252276	14244
2997	18.0	0.37034000000000006	0.8819792583847488	14614
2998	20.0	0.3802399999999999	0.9494324855609754	16201
2999	15.0	0.3795200000000001	0.8659905974029238	15472
3000	19.0	0.37889999999999996	0.8265377557576405	14692
3001	10.0	0.37605999999999995	0.8721515199071351	13627
3002	16.0	0.36312000000000005	0.8932115479034016	16202
3003	13.0	0.37091999999999997	0.8666228916264148	13770
3004	14.0	0.3520399999999999	0.9606041365900786	13667
3005	15.0	0.36071999999999993	0.7970539642600745	13842
3006	15.0	0.34886	0.9314620189358249	14204
3007	22.0	0.35080000000000006	0.8701947132405023	13524
3008	15.0	0.3705799999999999	0.9007238361577059	14649
3009	17.0	0.34962000000000004	0.9283836279358912	14166
3010	14.0	0.34548000000000006	0.8781889702404213	9510
3011	18.0	0.36646000000000006	0.7995968500245895	13947
3012	17.0	0.36050000000000004	0.9402521742562474	13344
3013	12.0	0.35609999999999997	0.9669710446460011	13737
3014	17.0	0.3566599999999999	0.8624854417362643	12388
3015	16.0	0.36068000000000006	0.8385181279884835	15881
3016	14.0	0.38018	0.817257589476091	16677
3017	18.0	0.3642	0.9199140849618167	19484
3018	13.0	0.39324000000000003	0.9075955731697124	22190
3019	20.0	0.39102000000000003	0.9349214620582486	23779
3020	16.0	0.38849999999999996	0.9269267467386054	23723
3021	26.0	0.40590000000000004	0.9072392237511666	26770
3022	14.0	0.40057999999999994	0.9047470605605283	32494
3023	16.0	0.43532	0.8543385254888145	34264
3024	23.0	0.36812	0.9493769919961944	30093
3025	14.0	0.35514	0.9353894449304617	29580
3026	15.0	0.35638000000000003	0.9154485928726531	24105
3027	16.0	0.34718000000000004	0.9374456893801376	28752
3028	16.0	0.34872	0.8542887096682727	29216
3029	21.0	0.34450000000000003	0.8905228551303118	28604
3030	20.0	0.3611000000000001	0.9595988103092459	29604
3031	22.0	0.37129999999999996	0.8728476052211211	25616
3032	12.0	0.34844	0.9110739739975195	26823
3033	14.0	0.36102000000000006	0.9340656574689202	34610
3034	19.0	0.35336	0.9158757719751566	33579
3035	14.0	0.36772	0.8058628405561608	33484
3036	13.0	0.35461999999999994	0.8957762655672358	30070
3037	20.0	0.38516000000000006	0.8433373542429159	33205
3038	7.0	0.42252	0.7888715040822292	40638
3039	13.0	0.43317999999999995	0.7368525686376249	41335
3040	17.0	0.43466	0.7675381588887213	41986
3041	18.0	0.40156	0.8515051877084955	35429
3042	15.0	0.39982000000000006	0.8273402678958341	28927
3043	9.0	0.41578000000000004	0.8416869804085526	31570
3044	13.0	0.4106	0.8848724800147924	28914
3045	6.0	0.41101999999999994	0.8618263512108241	32317
3046	17.0	0.40312000000000003	0.8264183376164401	26078
3047	17.0	0.37676000000000004	0.9115806610045274	24305
3048	22.0	0.39958000000000005	0.754288249785594	25661
3049	13.0	0.38894	0.92346520803772	24681
3050	16.0	0.40401999999999993	0.8498650365247377	29181
3051	6.0	0.42057999999999995	0.9920945471991414	31615
3052	14.0	0.44870000000000004	0.9616010428056467	34665
3053	11.0	0.40186	0.8557355385597251	28897
3054	14.0	0.41384	0.877083047480866	28845
3055	14.0	0.4266	0.9362114196519762	31018
3056	12.0	0.42989999999999995	0.965181063146732	28687
3057	21.0	0.42552	0.9359587149666976	24789
3058	14.0	0.43517999999999996	0.9561793796623304	27751
3059	14.0	0.42393999999999993	0.9425016335506776	32451
3060	13.0	0.43162	0.9060454534408803	31519
3061	8.0	0.42934	0.8610912326260631	28783
3062	16.0	0.42733999999999994	0.94990422391258	33885
3063	13.0	0.41846000000000005	0.9490473488902977	34219
3064	18.0	0.40974	0.9809272903912004	32215
3065	9.0	0.3328	0.963456456310796	22344
3066	13.0	0.35026	0.9717041868461468	30895
3067	13.0	0.36142	0.9210322022259627	27967
3068	18.0	0.3617	0.9299528864729294	36585
3069	14.0	0.4095	0.8986701502554791	35459
3070	6.0	0.43036	0.910206686918655	41499
3071	17.0	0.4158200000000001	0.9172252478592482	40611
3072	17.0	0.42701999999999996	0.9007341350174759	41720
3073	13.0	0.41418	0.7687344768009793	31043
3074	12.0	0.38322	0.9191116834628082	33985
3075	12.0	0.38092000000000004	0.8275220715489484	28800
3076	22.0	0.36260000000000003	0.8711360095426767	26645
3077	15.0	0.4481200000000001	0.9379902131954778	36907
3078	20.0	0.47751999999999994	0.9504774507584697	43285
3079	19.0	0.40384	0.9087277641007931	35074
3080	15.0	0.44699999999999995	0.8698062564053657	38950
3081	11.0	0.43954	0.8744244253218554	42031
3082	14.0	0.43514	0.9278123993127225	37255
3083	12.0	0.43217999999999995	0.8935071289965858	37280
3084	10.0	0.40137999999999996	0.8749298132310207	33327
3085	21.0	0.38455999999999996	0.9337196164808323	36516
3086	10.0	0.40204000000000006	0.8370319890273709	39430
3087	10.0	0.43862	0.8144488439466298	43546
3088	22.0	0.43360000000000004	0.8816977116011707	44948
3089	17.0	0.4169	0.9029554958738609	41222
3090	13.0	0.39236000000000004	0.9516914802468	34289
3091	20.0	0.4237200000000001	0.8919635294828437	34184
3092	19.0	0.39797999999999994	0.8625106856962658	27874
3093	14.0	0.40547999999999995	0.948462770361666	32019
3094	13.0	0.41325999999999996	0.8980530499231316	27533
3095	17.0	0.40526	0.8135847462609607	25195
3096	12.0	0.39944	0.9601250772351076	25345
3097	18.0	0.39096	0.8747765860640457	26077
3098	17.0	0.4095	0.811836827838226	21614
3099	18.0	0.41402	0.8807161128687525	27418
3100	14.0	0.39634	0.8389261982322944	23450
3101	15.0	0.3832200000000001	0.8017075641068276	21436
3102	21.0	0.37864000000000003	0.9188153938248335	26570
3103	15.0	0.37207999999999997	0.941209550984822	25056
3104	19.0	0.35925999999999997	0.9526763576989302	25714
3105	14.0	0.3818	0.964619275483373	28852
3106	16.0	0.38549999999999995	0.9334485018970643	30510
3107	14.0	0.3843	0.9621589665217338	32199
3108	16.0	0.41220000000000007	0.9737529035164006	34828
3109	20.0	0.3612	0.9680576008689881	25875
3110	19.0	0.38738	0.9676417214012142	29011
3111	18.0	0.37157999999999997	0.8909029586635133	26251
3112	20.0	0.37213999999999997	0.9516166907738112	23131
3113	15.0	0.39482	0.883819074948408	24791
3114	15.0	0.34765999999999997	0.8985110937143365	17499
3115	27.0	0.39236	0.8913003088474561	15567
3116	18.0	0.4072199999999999	0.7653501586653196	19226
3117	18.0	0.37822	0.936553658262214	15643
3118	21.0	0.38718	0.8602534807533714	16201
3119	14.0	0.3807400000000001	0.9050920181025818	15808
3120	15.0	0.3782	0.8532461416425425	15540
3121	23.0	0.35576	0.9709863968721373	14303
3122	12.0	0.3619799999999999	0.9602488517078502	12219
3123	14.0	0.34732	0.9494302584107281	14571
3124	13.0	0.37426000000000004	0.8697800260627706	13188
3125	17.0	0.35148	0.9458154175223963	14708
3126	10.0	0.40586000000000005	0.884346967376558	18018
3127	24.0	0.37670000000000003	0.902375759563901	16021
3128	20.0	0.36846	0.9437806125472123	14911
3129	8.0	0.37844	0.8481188735536925	15174
3130	15.0	0.37349999999999994	0.9455107716203301	16491
3131	17.0	0.37488000000000005	0.9162107367662572	15687
3132	13.0	0.36804000000000003	0.9553738781930194	12633
3133	17.0	0.37800000000000006	0.9790402980655244	14421
3134	16.0	0.36328000000000005	0.9290966816740449	14843
3135	20.0	0.35838000000000003	0.9274549486540985	12908
3136	17.0	0.3673200000000001	0.8146472789887232	12835
3137	15.0	0.39106	0.916067724963397	18012
3138	12.0	0.36108000000000007	0.9359306459594732	15427
3139	12.0	0.35824000000000006	0.87978464223808	11101
3140	15.0	0.3533	0.8640625001801101	13171
3141	11.0	0.36099999999999993	0.9399190650470003	14477
3142	25.0	0.36186	0.9400168356162089	13188
3143	16.0	0.35985999999999996	0.9271088831075985	13402
3144	12.0	0.35958	0.8188072711500346	10820
3145	21.0	0.34547999999999995	0.8584635052826779	11679
3146	16.0	0.35237999999999997	0.9220935284280882	12385
3147	14.0	0.3615	0.9113612325142826	13335
3148	13.0	0.3648400000000001	0.8852342542799448	14943
3149	22.0	0.35056	0.9411564783086848	13506
3150	18.0	0.37022	0.8772206889587989	13123
3151	19.0	0.35638	0.9670976851557064	13159
3152	14.0	0.3660000000000001	0.9524496425967515	14995
3153	22.0	0.35890000000000005	0.955766584521317	14125
3154	16.0	0.36001999999999995	0.9487280169986794	13310
3155	15.0	0.34931999999999996	0.9405884317370519	13599
3156	23.0	0.3703600000000001	0.945647342744301	15441
3157	14.0	0.3741	0.9754210493017679	14116
3158	22.0	0.36585999999999996	0.9547151582278751	14714
3159	20.0	0.36597999999999997	0.9114243251752785	18786
3160	11.0	0.35100000000000003	0.9542276007169533	17724
3161	13.0	0.34983999999999993	0.7943591421874453	13323
3162	16.0	0.37712	0.9179734083208414	14693
3163	16.0	0.34292	0.9223629080093857	10503
3164	12.0	0.3391	0.9763328314291568	11476
3165	13.0	0.33044000000000007	0.9681275739652634	12081
3166	15.0	0.36122	0.8588722586187959	13527
3167	19.0	0.3453	0.928434400262511	11592
3168	13.0	0.35868	0.8844097547403423	12119
3169	16.0	0.3720399999999999	0.9175779697161491	13199
3170	24.0	0.34186000000000005	0.8952872207776582	10468
3171	22.0	0.35394	0.9121979828529163	10694
3172	14.0	0.36328000000000005	0.8115302204977527	11873
3173	16.0	0.35988	0.8202386951763923	14924
3174	18.0	0.36741999999999997	0.8980471379449311	13825
3175	17.0	0.34688	0.9133221133062278	12340
3176	19.0	0.3662	0.8678816859991628	14723
3177	20.0	0.34554	0.928907258706259	13130
3178	21.0	0.36412	0.9563566370564367	15359
3179	19.0	0.3554	0.9067307123286079	16329
3180	18.0	0.36692	0.7837579801405864	13809
3181	12.0	0.37739999999999996	0.942328035423878	19886
3182	24.0	0.37929999999999997	0.9041234270435722	25220
3183	12.0	0.36402	0.9380583101387143	27284
3184	15.0	0.38414000000000004	0.8534773114828555	20778
3185	19.0	0.37705999999999995	0.7991983400580468	20642
3186	11.0	0.3868800000000001	0.8715357527822278	21761
3187	16.0	0.37127999999999994	0.637599232187848	16822
3188	13.0	0.36699999999999994	0.8771149866629339	22177
3189	19.0	0.39007999999999987	0.8018263481818572	23162
3190	15.0	0.37438000000000005	0.9098575735285429	25970
3191	23.0	0.40096000000000004	0.8026101034837897	34309
3192	15.0	0.38138000000000005	0.8967547443170795	32626
3193	9.0	0.4119	0.863649744258974	34737
3194	17.0	0.40314	0.9325838891280701	40198
3195	17.0	0.40796	0.9463023108811147	34141
3196	16.0	0.41464000000000006	0.7537431746904658	35667
3197	13.0	0.3975000000000001	0.8461127327998952	37603
3198	25.0	0.40537999999999996	0.7289232834761867	40959
3199	21.0	0.4012	0.8691036011655919	38056
3200	13.0	0.4059	0.8535595128690604	35363
3201	15.0	0.36758	0.9349070349343342	37983
3202	17.0	0.37366	0.9171656740058053	33748
3203	14.0	0.35684	0.9107981798554504	24961
3204	16.0	0.35550000000000004	0.9322991745238816	31038
3205	13.0	0.38974	0.8983338970861939	31655
3206	21.0	0.42808	0.8542286741199818	27711
3207	12.0	0.4091	0.8371117141154072	31750
3208	7.0	0.4133	0.880789967847284	22571
3209	18.0	0.39146000000000003	0.8433270370067657	20948
3210	25.0	0.3796	0.7634654642957759	5441
3211	18.0	0.37848	0.9111538052986549	5166
3212	19.0	0.37226000000000004	0.8404336642640389	4766
3213	13.0	0.3567	0.920872364537018	4661
3214	20.0	0.3742200000000001	0.7772547178573189	9745
3215	12.0	0.37114	0.8565452843084325	4987
3216	19.0	0.36626000000000003	0.9522679881869881	5178
3217	14.0	0.37516	0.8145639702604427	5010
3218	14.0	0.38344	0.8347649148928183	5750
3219	17.0	0.35320000000000007	0.8507154076532594	4171
3220	13.0	0.37572000000000005	0.7881503506566748	5150
3221	15.0	0.35481999999999997	0.8366326719930791	4735
3222	20.0	0.34895999999999994	0.9370961446854716	4473
3223	17.0	0.37346	0.8506450690135441	4672
3224	19.0	0.34245999999999993	0.9344320862484403	4728
3225	15.0	0.34441999999999995	0.861447385402711	3980
3226	16.0	0.35180000000000006	0.9632758348971285	4562
3227	15.0	0.35528000000000004	0.845534211131458	4355
3228	15.0	0.36450000000000005	0.9318145622322759	4791
3229	11.0	0.35187999999999997	0.8564519008659276	3642
3230	19.0	0.33946	0.823825374100763	3882
3231	15.0	0.3648199999999999	0.7982270823550925	3901
3232	12.0	0.32792	0.9035979751939343	3778
3233	22.0	0.3558	0.8574286478452267	4419
3234	11.0	0.34490000000000004	0.8780985623188432	3827
3235	22.0	0.3401199999999999	0.9485753116447803	3580
3236	19.0	0.32738000000000006	0.9084666699199436	3814
3237	13.0	0.3305200000000001	0.9484002690999742	4213
3238	13.0	0.3425000000000001	0.9203599510034985	4191
3239	17.0	0.33828	0.9011863234667442	3276
3240	17.0	0.35218000000000005	0.8209259915625194	4778
3241	14.0	0.34897999999999996	0.9565851415967067	4364
3242	14.0	0.34642	0.9377267103494161	4115
3243	19.0	0.36286	0.9345547630053381	4411
3244	11.0	0.35156	0.891797320351468	4727
3245	16.0	0.3578800000000001	0.9489764593176577	5230
3246	13.0	0.35106000000000004	0.9350355355685466	4410
3247	18.0	0.34076000000000006	0.9370679028080117	4215
3248	22.0	0.32626	0.9171070296297367	3844
3249	19.0	0.3383	0.9123013727128787	3892
3250	17.0	0.3447	0.8802301459134518	3701
3251	13.0	0.34288	0.8823398817761232	4084
3252	11.0	0.33647999999999995	0.9096311869532684	4232
3253	21.0	0.33706	0.9335160042356264	4264
3254	11.0	0.35175999999999996	0.9414054013890923	3622
3255	7.0	0.34057999999999994	0.8428377390350157	3706
3256	12.0	0.33222	0.9396085950428329	3446
3257	14.0	0.32891999999999993	0.9216071599821566	3727
3258	8.0	0.33793999999999996	0.9458770699255783	3787
3259	16.0	0.33096000000000003	0.9394174821736727	3572
3260	16.0	0.33344	0.9548039333169325	3788
3261	13.0	0.33764000000000005	0.9593490918578332	3876
3262	16.0	0.3400000000000001	0.9235441731956812	5016
3263	19.0	0.35588000000000003	0.9237893940087218	4309
3264	19.0	0.33874000000000004	0.915167889368201	3905
3265	18.0	0.34391999999999995	0.964949708234205	3681
3266	11.0	0.36097999999999997	0.9137499860768732	4339
3267	14.0	0.3371	0.8743863196718394	3967
3268	17.0	0.35988	0.9205291757696465	5190
3269	15.0	0.35444000000000003	0.8946592198342447	4564
3270	20.0	0.3559999999999999	0.9074397067624571	3952
3271	10.0	0.35985999999999996	0.9259707404542742	5388
3272	8.0	0.35364000000000007	0.8529188441589776	11068
3273	18.0	0.36457999999999996	0.9077977129457325	17211
3274	18.0	0.36443999999999993	0.877127682461473	15906
3275	15.0	0.35950000000000004	0.8938892168998867	16509
3276	13.0	0.36694000000000004	0.9494257128873493	18806
3277	21.0	0.3661	0.9143722580399455	20144
3278	19.0	0.37466	0.8289586318544206	18591
3279	14.0	0.3754	0.8664657232224361	23985
3280	16.0	0.39058	0.8162498841887925	27957
3281	20.0	0.37690000000000007	0.9350668626836258	30051
3282	19.0	0.38672000000000006	0.8111570693956774	28577
3283	20.0	0.38088	0.9296407977410576	30075
3284	20.0	0.36571999999999993	0.886832952403347	30087
3285	20.0	0.37906000000000006	0.917790046342639	22027
3286	22.0	0.37374000000000007	0.8253992886971596	21679
3287	13.0	0.36664	0.9048132865495108	21233
3288	15.0	0.37366	0.9407947996879041	27400
3289	17.0	0.3757400000000001	0.9355497807076585	19757
3290	12.0	0.36599999999999994	0.9404255270255526	16696
3291	12.0	0.36216000000000004	0.7902300435162427	13606
3292	21.0	0.36701999999999996	0.8178384660446254	14796
3293	15.0	0.35564	0.9349208868671568	13639
3294	12.0	0.3489600000000001	0.9353557302820513	12088
3295	23.0	0.35164	0.9445624670771422	10822
3296	18.0	0.34314	0.9525692104021074	13505
3297	26.0	0.36448	0.9603190649207336	13441
3298	15.0	0.34942	0.9251165930209734	14812
3299	10.0	0.36366	0.7994595863435944	12513
3300	18.0	0.3392	0.8385662517820311	12104
3301	19.0	0.3558	0.8577626227620797	11122
3302	12.0	0.35126000000000007	0.9434146592550917	12324
3303	20.0	0.35584000000000005	0.5685304443587137	10801
3304	17.0	0.34584	0.9508289002144207	12003
3305	16.0	0.35528	0.844006974625049	11833
3306	19.0	0.3553	0.9406111590792192	12152
3307	16.0	0.36351999999999995	0.936213654669931	14004
3308	23.0	0.37398000000000003	0.8940499481458705	15471
3309	15.0	0.39364000000000005	0.6404059733963928	12634
3310	11.0	0.36810000000000004	0.8637691648490822	13657
3311	22.0	0.38898000000000005	0.629358558235964	17470
3312	9.0	0.39229999999999987	0.9105475538359501	18499
3313	13.0	0.39124000000000003	0.8137928213886579	19777
3314	13.0	0.38417999999999997	0.8845764179961186	21777
3315	15.0	0.39049999999999996	0.7902177713751823	20208
3316	14.0	0.40628	0.7739530859520541	22397
3317	15.0	0.42536000000000007	0.8112301931276015	27851
3318	11.0	0.44426000000000004	0.700498747478328	29441
3319	5.0	0.4358800000000001	0.7842482688731776	35400
3320	9.0	0.44162000000000007	0.7523704528933843	32148
3321	12.0	0.40116000000000007	0.8198195047033678	33433
3322	14.0	0.39561999999999997	0.7922859995078092	28961
3323	17.0	0.3804599999999999	0.48432309473905	24240
3324	14.0	0.38406000000000007	0.8641953470267961	29480
3325	14.0	0.38392000000000004	0.911988566144243	30071
3326	14.0	0.3784	0.9303359261564232	23610
3327	28.0	0.39264000000000004	0.9236793463789442	30836
3328	14.0	0.3996	0.9173667828603821	26553
3329	19.0	0.37958	0.898791833701694	21083
3330	12.0	0.3891799999999999	0.93017335497177	16141
3331	18.0	0.36052	0.9174325394131898	16248
3332	13.0	0.37544	0.9446196888603794	17797
3333	20.0	0.36314	0.9493997862573986	18659
3334	19.0	0.36008	0.8462432503159417	13721
3335	10.0	0.3671	0.9631121955804371	14088
3336	17.0	0.37585999999999997	0.8449943754414351	14289
3337	15.0	0.36907999999999996	0.8799657792105702	14955
3338	16.0	0.3344	0.9611967273345262	11924
3339	13.0	0.34019999999999995	0.9205265672404414	11480
3340	21.0	0.3409	0.9558689598708782	13490
3341	14.0	0.36898	0.9227168609133305	14325
3342	14.0	0.36648000000000003	0.9121457269829772	13099
3343	12.0	0.3508399999999999	0.7973165858342041	15265
3344	18.0	0.3373	0.9654212007345795	11798
3345	28.0	0.3557399999999999	0.8299576045470435	12973
3346	16.0	0.35024	0.9130779984432628	11777
3347	12.0	0.348	0.808077781060166	9073
3348	10.0	0.35936	0.8734395428491674	13490
3349	18.0	0.36422000000000004	0.8057144734871192	11306
3350	17.0	0.33483999999999997	0.9686767376271782	13685
3351	18.0	0.33880000000000005	0.9398917089899196	11606
3352	17.0	0.37022	0.8180294346517892	12835
3353	19.0	0.35718000000000005	0.6458881990248213	11162
3354	18.0	0.3329	0.9676398353985162	11546
3355	10.0	0.35930000000000006	0.8708979571528007	11999
3356	16.0	0.3419	0.9688820679280443	10834
3357	15.0	0.3553	0.8510424170055538	12614
3358	19.0	0.3516	0.9754299114262922	14032
3359	18.0	0.34051999999999993	0.8756665886541198	12074
3360	19.0	0.34836	0.9411747945510748	12533
3361	17.0	0.35223999999999994	0.8712903171667724	11907
3362	11.0	0.33513999999999994	0.9594291890472567	12543
3363	32.0	0.36004	0.826289930953602	11887
3364	18.0	0.3513200000000001	0.8176894533127156	14162
3365	16.0	0.35162000000000004	0.8397687550698447	11496
3366	14.0	0.3682600000000001	0.9229231387256297	12216
3367	17.0	0.35364000000000007	0.8810823798690799	12387
3368	18.0	0.37028	0.8703828408525066	13423
3369	19.0	0.3425200000000001	0.8982571572189608	12039
3370	14.0	0.3579	0.9410192249501188	13169
3371	14.0	0.35844000000000004	0.9003132450842978	12513
3372	21.0	0.3522	0.912724295406202	13199
3373	9.0	0.3444	0.9182341317839683	11556
3374	24.0	0.34621999999999997	0.9330295430470036	12509
3375	21.0	0.35968000000000006	0.8267911121356066	11864
3376	14.0	0.3835	0.7410991748319409	13025
3377	18.0	0.37187999999999993	0.9285582153726891	13435
3378	11.0	0.36914	0.8788645374896871	13638
3379	10.0	0.35480000000000006	0.8727502758717139	11756
3380	13.0	0.3386199999999999	0.9585338411780515	11476
3381	10.0	0.3669	0.9225198953071392	16688
3382	17.0	0.3754199999999999	0.8856601972928888	18493
3383	13.0	0.36788	0.8855509692481716	18403
3384	15.0	0.36872	0.9174616542009442	17398
3385	15.0	0.3794399999999999	0.7971796279781658	17162
3386	9.0	0.38647999999999993	0.9489253462101406	22824
3387	17.0	0.3745200000000001	0.8067216614784494	21087
3388	22.0	0.38837999999999995	0.9562030746200764	28835
3389	18.0	0.38422000000000006	0.9284998340397373	23966
3390	19.0	0.39305999999999996	0.9518338103422511	24057
3391	15.0	0.41374	0.9232963739492576	25952
3392	14.0	0.38928000000000007	0.8804734075602476	23032
3393	18.0	0.4086	0.9166818329865744	23156
3394	15.0	0.40495999999999993	0.8826006775164182	23826
3395	17.0	0.41928	0.9530318439822019	25164
3396	18.0	0.38492000000000004	0.9165778528009964	22950
3397	15.0	0.39391999999999994	0.720692604480875	25931
3398	15.0	0.39116	0.9135518376405087	30026
3399	15.0	0.45684	0.8232460645761867	35929
3400	18.0	0.41603999999999997	0.8940832039931348	31776
3401	24.0	0.38618	0.9460108903785539	26465
3402	16.0	0.38142	0.8929243496152328	22876
3403	14.0	0.40553999999999996	0.923633454464221	24973
3404	17.0	0.40818	0.7176221645183384	29199
3405	12.0	0.40515999999999996	0.8907113762420006	25903
3406	8.0	0.37286	0.8967945756024157	26756
3407	17.0	0.37686	0.7970465036482748	25958
3408	17.0	0.37594	0.6971046426744152	24786
3409	17.0	0.3753599999999999	0.8025624271181832	28038
3410	11.0	0.3703	0.9218932509847753	33851
3411	19.0	0.3639	0.8746280107453382	32943
3412	16.0	0.37268	0.890723568517185	33895
3413	17.0	0.40002000000000004	0.7911272552096762	33850
3414	14.0	0.42235999999999996	0.8581491371694446	22286
3415	14.0	0.4045200000000001	0.8683690967672486	27970
3416	7.0	0.41430000000000006	0.8584061059257669	28160
3417	11.0	0.4286	0.8411064429090377	32071
3418	14.0	0.42097999999999997	0.9632293042950552	29034
3419	12.0	0.41233999999999993	0.8847800212785175	25962
3420	19.0	0.41416	0.821763307768597	21869
3421	18.0	0.39334	0.8310857440809952	18471
3422	17.0	0.386	0.7516166809279388	18187
3423	23.0	0.37942	0.8025326258337439	14221
3424	20.0	0.36864	0.8576605665687675	14738
3425	18.0	0.38594	0.7726692764787028	14632
3426	16.0	0.36841999999999997	0.8495453036761328	14322
3427	16.0	0.36889999999999995	0.7773135314522512	10776
3428	23.0	0.36612	0.8438672752233564	13712
3429	16.0	0.3665	0.9071984052899172	12946
3430	20.0	0.35375999999999996	0.9260516092229616	13543
3431	19.0	0.3631599999999999	0.7902818376769462	12327
3432	15.0	0.37436	0.8437357810447694	14538
3433	21.0	0.35372	0.9596863564472744	12425
3434	10.0	0.34684	0.822115139620859	11631
3435	15.0	0.33588	0.9686972631105633	12119
3436	14.0	0.33564	0.9192133506576569	10386
3437	10.0	0.34380000000000005	0.9101177139938608	11034
3438	17.0	0.3512800000000001	0.9519556092018844	12419
3439	24.0	0.35719999999999996	0.920666548771084	11484
3440	11.0	0.33271999999999996	0.9636135312770158	10707
3441	16.0	0.3515	0.9727039744434702	12426
3442	14.0	0.35256	0.925048132951886	14660
3443	13.0	0.33288000000000006	0.9099781320068884	10671
3444	16.0	0.35666	0.8299516801833124	11896
3445	12.0	0.34029999999999994	0.9176149566645588	12969
3446	13.0	0.34752000000000005	0.9344422469280079	12719
3447	14.0	0.32758000000000004	0.9290559138145739	10378
3448	14.0	0.34314	0.9521746442576081	13863
3449	14.0	0.37229999999999996	0.940542102350668	15679
3450	22.0	0.36454000000000003	0.9379708524005118	16378
3451	16.0	0.37061999999999995	0.9271789919756566	15423
3452	17.0	0.36249999999999993	0.9309991622374804	12528
3453	21.0	0.35202	0.9002352231407855	13458
3454	8.0	0.36006	0.9064993897039941	14765
3455	18.0	0.34735999999999995	0.9598107127984694	14499
3456	18.0	0.35208	0.8321096030304712	13476
3457	18.0	0.35126000000000007	0.9522962186624373	13856
3458	20.0	0.36034	0.8886422488238854	16595
3459	15.0	0.35241999999999996	0.9640182393307807	14988
3460	12.0	0.34825999999999996	0.9307364281766465	17480
3461	17.0	0.3533200000000001	0.933059072855694	22743
3462	17.0	0.35344000000000003	0.8757770781276334	18348
3463	15.0	0.34894	0.9271491722937357	15129
3464	16.0	0.3487800000000001	0.8242290594772642	12782
3465	17.0	0.3836	0.8480498797824644	15549
3466	17.0	0.33588000000000007	0.9583329529226453	11195
3467	16.0	0.36728	0.8717020061807044	14589
3468	20.0	0.36146	0.9211193926380695	12060
3469	15.0	0.3688	0.9331832069718706	14909
3470	12.0	0.35752	0.9358653377884373	15679
3471	18.0	0.36937999999999993	0.9357632161118061	15307
3472	19.0	0.36022	0.955712104516244	15493
3473	11.0	0.36656	0.9107065831426581	16710
3474	20.0	0.3816399999999999	0.9544276896746272	20177
3475	17.0	0.39660000000000006	0.9538286997592608	24467
3476	18.0	0.37683999999999995	0.8481487200590168	23870
3477	17.0	0.40702	0.8091257712452866	27590
3478	19.0	0.4036600000000001	0.8907814743021235	36926
3479	19.0	0.3933400000000001	0.8678486092340894	31079
3480	17.0	0.39640000000000003	0.7306186893719752	34934
3481	20.0	0.40256000000000003	0.9186855026932719	35061
3482	8.0	0.38126	0.8993674283558711	32095
3483	13.0	0.38332	0.9612687497692503	33391
3484	23.0	0.3893	0.9422038391426111	30602
3485	13.0	0.39266	0.920690050026948	34709
3486	10.0	0.38342	0.9296080731147724	34689
3487	14.0	0.40058	0.9319125102279718	32774
3488	10.0	0.45114	0.9516440252213407	27855
3489	9.0	0.40966	0.9508080507592985	30104
3490	21.0	0.39792	0.6574983409377294	26650
3491	16.0	0.3697600000000001	0.8906843520375742	20800
3492	14.0	0.39186	0.8570292697577042	21162
3493	16.0	0.36808	0.8801826778948458	21797
3494	18.0	0.3653	0.8427657614416907	20491
3495	17.0	0.3619	0.9327771047874068	19969
3496	16.0	0.37201999999999996	0.9140326595251913	19421
3497	31.0	0.3713	0.8679886769858031	17094
3498	14.0	0.3576	0.9799781132370167	19696
3499	18.0	0.36	0.9310657403122434	19638
3500	24.0	0.37342	0.9351334648998383	21208
3501	18.0	0.35645999999999994	0.9580382591469773	23588
3502	15.0	0.37668	0.9682038678586133	28697
3503	23.0	0.33488	0.9659141686255591	20997
3504	22.0	0.35758	0.9232910857244213	25625
3505	21.0	0.37302	0.8680853211616818	25992
3506	14.0	0.37982	0.7937817205576115	28154
3507	16.0	0.37398000000000003	0.9332123108003354	27850
3508	20.0	0.3746200000000001	0.9227361477605398	27484
3509	16.0	0.36957999999999996	0.9315511892631433	24446
3510	18.0	0.36712000000000006	0.8485734489901242	24377
3511	14.0	0.35166	0.9614379187065291	26874
3512	25.0	0.35718000000000005	0.903751842707562	27265
3513	24.0	0.35036	0.9699554197006633	17314
3514	19.0	0.35338	0.8490609810115347	14743
3515	15.0	0.36771999999999994	0.9151658574044222	17733
3516	19.0	0.34630000000000005	0.9464044011349988	16385
3517	15.0	0.36094000000000004	0.9499679815520147	17753
3518	20.0	0.38220000000000004	0.7244220448044967	16011
3519	14.0	0.35908	0.9370069997177922	14690
3520	15.0	0.3559399999999999	0.940712692918612	14308
3521	13.0	0.34736000000000006	0.9490161507704709	15431
3522	15.0	0.3451000000000001	0.8691493077069496	13647
3523	22.0	0.35268	0.9443217914970092	14769
3524	17.0	0.35894	0.9278173790973403	14353
3525	19.0	0.36715999999999993	0.9477675430436272	14981
3526	22.0	0.3749	0.8869389914277463	16787
3527	13.0	0.38786000000000004	0.7915142242342228	14472
3528	18.0	0.36504	0.9069975588745972	14123
3529	8.0	0.35789999999999994	0.9030345455476326	14161
3530	9.0	0.35058000000000006	0.8387648153362239	13591
3531	16.0	0.3483	0.935495842048429	13875
3532	15.0	0.36878	0.9254894772178823	14003
3533	11.0	0.35728000000000004	0.9191779981899164	15088
3534	11.0	0.35031999999999996	0.9633621176471305	12607
3535	16.0	0.35739999999999994	0.9578801583161413	13532
3536	29.0	0.35986000000000007	0.9015048734257203	14000
3537	17.0	0.35636	0.8974903374106075	11774
3538	17.0	0.37046	0.9315869304076528	14284
3539	12.0	0.36928	0.9060980783387194	12822
3540	17.0	0.34152	0.9611038249931284	14836
3541	14.0	0.3438800000000001	0.9222736947177854	16439
3542	15.0	0.37939999999999996	0.887478597277694	20106
3543	13.0	0.37282	0.932896768226302	20222
3544	12.0	0.40041999999999994	0.8411098271580861	27417
3545	22.0	0.3766400000000001	0.8464954222940075	22346
3546	19.0	0.37548000000000004	0.9150058980844423	15452
3547	17.0	0.36054	0.9236853636762988	15098
3548	9.0	0.36279999999999996	0.9381880343615054	13439
3549	17.0	0.37058	0.9676290988632927	15390
3550	19.0	0.3831	0.9403432795089387	13374
3551	15.0	0.38670000000000004	0.9328582739308405	15129
3552	23.0	0.3624199999999999	0.8349752463401194	12208
3553	22.0	0.33876000000000006	0.9637967575576496	11955
3554	21.0	0.3778000000000001	0.9457316295738086	13170
3555	13.0	0.35868	0.9138430309697505	14373
3556	19.0	0.35034000000000004	0.9056392346998539	14149
3557	19.0	0.36156	0.8773945710645794	13412
3558	13.0	0.37239999999999995	0.85449087757098	12879
3559	13.0	0.3714	0.9468300959302559	13684
3560	16.0	0.35281999999999997	0.9418331308190652	14322
3561	13.0	0.35916000000000003	0.8928124406850046	16250
3562	19.0	0.3855599999999999	0.881826848296971	19012
3563	19.0	0.38162000000000007	0.9118785543419523	21700
3564	14.0	0.37924	0.921049792407012	26450
3565	21.0	0.3770200000000001	0.9416833842232807	25475
3566	11.0	0.40013999999999994	0.9075542919088143	25686
3567	11.0	0.39616	0.9175920369597109	26328
3568	13.0	0.39616	0.7719231433486716	23380
3569	9.0	0.38593999999999995	0.8387813645940074	22411
3570	23.0	0.36491999999999997	0.924249378555727	14411
3571	17.0	0.36518000000000006	0.9144487178391748	16209
3572	17.0	0.37252	0.8721366946862276	19624
3573	25.0	0.35364000000000007	0.9706494300426451	16494
3574	22.0	0.3708000000000001	0.9065234901227306	16620
3575	17.0	0.36934	0.8641657703410446	16302
3576	16.0	0.35468000000000005	0.901230568838319	14410
3577	22.0	0.33438	0.94162561239308	15715
3578	9.0	0.34598	0.8120139117675241	13371
3579	8.0	0.34669999999999995	0.9587136407986979	13658
3580	16.0	0.3349	0.9372042453049784	12528
3581	13.0	0.35912000000000005	0.9251725188247146	11667
3582	18.0	0.36538	0.8385759310238659	14574
3583	6.0	0.36308	0.8429029094982254	11925
3584	15.0	0.34745999999999994	0.9532004106137449	13578
3585	11.0	0.33352	0.9568566055146359	9272
3586	15.0	0.35728000000000004	0.9001142344456203	11449
3587	16.0	0.35597999999999996	0.9063667975750697	12917
3588	14.0	0.3366199999999999	0.9036151629412607	10026
3589	23.0	0.36028	0.9461525355264344	13774
3590	13.0	0.34940000000000004	0.9442939596237542	11984
3591	14.0	0.34856000000000004	0.8754880799500119	13374
3592	10.0	0.34141999999999995	0.9033771956061214	11288
3593	14.0	0.34310000000000007	0.9604470696546777	11710
3594	12.0	0.36012000000000005	0.9465884723959106	12544
3595	11.0	0.33848000000000006	0.8686217010119874	10773
3596	19.0	0.3629400000000001	0.8612964793562745	12299
3597	14.0	0.3583	0.9398175574413613	14336
3598	19.0	0.3566	0.8793267564910723	11708
3599	16.0	0.35268	0.8537235114959334	12029
3600	12.0	0.3389400000000001	0.9676246793668065	11879
3601	14.0	0.35198000000000007	0.871473412426875	11485
3602	13.0	0.35554	0.9608249798100487	13053
3603	14.0	0.34795999999999994	0.9519429612926674	12105
3604	15.0	0.3608	0.898181145257124	12904
3605	16.0	0.35634	0.9374824268473926	13606
3606	13.0	0.36434000000000005	0.8899390246000953	13786
3607	15.0	0.35635999999999995	0.9225910976693356	12852
3608	19.0	0.36905999999999994	0.9613546258186296	15080
3609	14.0	0.36030000000000006	0.885652345805126	13625
3610	15.0	0.36248	0.9180623234820705	14730
3611	12.0	0.364	0.8351309323006343	14506
3612	19.0	0.38434000000000007	0.7364602936714677	16303
3613	11.0	0.34628	0.9371330591689873	14969
3614	13.0	0.34806	0.9619755155571729	14194
3615	13.0	0.36669999999999997	0.9305414146025142	14484
3616	17.0	0.35084	0.9348672956139431	13599
3617	10.0	0.34828	0.9356140092160915	12428
3618	19.0	0.34206	0.9055066405978524	12575
3619	11.0	0.36198	0.9505063626636912	13736
3620	16.0	0.35568000000000005	0.9699104970669881	13203
3621	13.0	0.33098	0.9591098592991113	11859
3622	13.0	0.3646400000000001	0.9067348903030296	13269
3623	7.0	0.36064000000000007	0.8963254601121395	14628
3624	12.0	0.34816	0.9309875427514039	13677
3625	17.0	0.35237999999999997	0.9218108380509852	12832
3626	14.0	0.35531999999999997	0.9452469444853768	12514
3627	15.0	0.36802000000000007	0.8931869477682545	14187
3628	13.0	0.36016000000000004	0.9092539375806392	12955
3629	20.0	0.38786000000000004	0.9451629267339128	14628
3630	20.0	0.35983999999999994	0.9532448126341969	13901
3631	23.0	0.37549999999999994	0.9557050168133218	14533
3632	10.0	0.36288000000000004	0.9562624934026759	12609
3633	11.0	0.363	0.9275865738614717	12838
3634	16.0	0.37951999999999997	0.9415153234300393	14123
3635	9.0	0.37678000000000006	0.8435306719108678	14151
3636	15.0	0.37132	0.9494145154827717	14408
3637	14.0	0.36622	0.911414901824542	13471
3638	14.0	0.36565999999999993	0.9286055726886494	14117
3639	13.0	0.35896	0.900423244482098	10742
3640	18.0	0.3533	0.9098506596266233	13817
3641	18.0	0.3975	0.9476271596073231	16864
3642	12.0	0.39074	0.945817896020033	15832
3643	20.0	0.386	0.9080249855787269	15177
3644	13.0	0.36848	0.9353509158142015	15522
3645	20.0	0.36806	0.9633978024719165	13505
3646	19.0	0.37782000000000004	0.8379956892324067	13080
3647	21.0	0.37238	0.9107613859790328	13314
3648	22.0	0.37896	0.9594401523947669	12256
3649	14.0	0.38768	0.9413750111036574	16825
3650	20.0	0.40230000000000005	0.9174913802114278	17565
3651	13.0	0.39552	0.8949672713711658	16139
3652	18.0	0.3808800000000001	0.95805791905256	16370
3653	13.0	0.36817999999999995	0.9313937267480233	12781
3654	14.0	0.40146	0.8855961456055351	16367
3655	23.0	0.36726	0.9643881831771441	16454
3656	19.0	0.384	0.8519474957219366	14969
3657	20.0	0.39384	0.8870772229742576	18393
3658	21.0	0.37842000000000003	0.8905804660901637	16189
3659	15.0	0.40700000000000003	0.8724137556167958	22348
3660	12.0	0.3945	0.9195223903350889	20037
3661	16.0	0.3883	0.9588609821878803	18862
3662	21.0	0.39474	0.9433523199810614	20466
3663	18.0	0.41078000000000003	0.8915943690291174	20711
3664	15.0	0.41324	0.9195754747826156	24478
3665	20.0	0.37982	0.8380717667864448	17293
3666	13.0	0.39348	0.9109039127769748	20322
3667	11.0	0.38746	0.9166559625253446	24267
3668	18.0	0.35807999999999995	0.9564503980923835	18962
3669	17.0	0.38102	0.9482032212295955	19488
3670	15.0	0.37764000000000003	0.9329773072633392	20479
3671	14.0	0.376	0.9277169241862186	22639
3672	16.0	0.38518	0.9369023670565284	20403
3673	11.0	0.39718	0.9440714969929019	26387
3674	13.0	0.47956	0.7290831594604633	27120
3675	14.0	0.49204000000000003	0.8849009907328785	36025
3676	22.0	0.45099999999999996	0.9575821960576508	35601
3677	18.0	0.42127999999999993	0.8414308399001756	35990
3678	18.0	0.40234000000000003	0.7638888167106955	34702
3679	16.0	0.42194	0.8349376585503576	34958
3680	12.0	0.42786	0.8515665042864594	36032
3681	18.0	0.38858	0.9040307258891395	34933
3682	20.0	0.38202	0.9332138934190695	29225
3683	17.0	0.39141999999999993	0.9145418281210977	31122
3684	18.0	0.41008	0.9233488982005618	30617
3685	7.0	0.46771999999999997	0.8830505931086444	39456
3686	15.0	0.478	0.8630289927622153	44349
3687	14.0	0.43022	0.8256121580275172	35139
3688	10.0	0.4329799999999999	0.8356669084610987	39585
3689	16.0	0.44256	0.8695296780538183	36628
3690	15.0	0.42591999999999997	0.851459361239797	35807
3691	15.0	0.40506	0.8235708160566467	35655
3692	10.0	0.40653999999999996	0.8681885050906634	33318
3693	8.0	0.45870000000000005	0.8117235375587053	33458
3694	13.0	0.44246	0.8945916632141826	34027
3695	18.0	0.42469999999999997	0.8972909422606064	29908
3696	15.0	0.43768000000000007	0.9328598379225223	32466
3697	11.0	0.40871999999999997	0.8681594311328519	29748
3698	14.0	0.41972000000000004	0.9680485843364087	29655
3699	11.0	0.4243999999999999	0.9417992557108429	26222
3700	11.0	0.45818000000000003	0.9225820904805763	37646
3701	14.0	0.43677999999999995	0.8890992350768624	32392
3702	22.0	0.43294	0.7976673462331408	36008
3703	14.0	0.43256	0.9207687928877826	34850
3704	13.0	0.43317999999999995	0.9063396475617836	38500
3705	19.0	0.42902	0.9244485231135873	39787
3706	13.0	0.45686	0.9397774431056933	42834
3707	17.0	0.45448	0.9486892233512628	41093
3708	16.0	0.4193	0.8590912977617704	37298
3709	16.0	0.41424	0.7944579526139101	38211
3710	12.0	0.44698	0.7129506068509746	40452
3711	12.0	0.41711999999999994	0.8729626269304002	35512
3712	12.0	0.39498	0.8810216378711749	33752
3713	11.0	0.44928000000000007	0.8313800487911195	37599
3714	15.0	0.45894000000000007	0.9137759703817667	45010
3715	10.0	0.43306	0.8903561834039753	48364
3716	20.0	0.44024	0.8352977190724453	40875
3717	13.0	0.46186	0.8678456918747967	34356
3718	11.0	0.48619999999999997	0.8887152841943967	41819
3719	20.0	0.41409999999999997	0.8370776945345678	39745
3720	9.0	0.41452	0.8950724682168683	37465
3721	18.0	0.41708000000000006	0.8632261964439334	41042
3722	17.0	0.4375	0.8473130108901976	43487
3723	9.0	0.40470000000000006	0.8565700298071693	32928
3724	17.0	0.40674	0.8595241451091395	36972
3725	14.0	0.41072000000000003	0.8806764381790372	42360
3726	12.0	0.4055599999999999	0.894707700847837	36203
3727	15.0	0.39096000000000003	0.8834189609978119	32681
3728	17.0	0.39203999999999994	0.9042495239425213	32043
3729	17.0	0.42457999999999996	0.8871499099141793	34683
3730	24.0	0.40088	0.938230654496178	32286
3731	23.0	0.39488	0.9593105522741114	27832
3732	20.0	0.39244000000000007	0.9402095314455885	29139
3733	19.0	0.41708	0.939647202198103	28830
3734	14.0	0.41264	0.9277943605088502	28935
3735	22.0	0.4003399999999999	0.9467076964486554	26756
3736	10.0	0.4044	0.9192054873645348	27316
3737	14.0	0.40874000000000005	0.8970798848479422	30540
3738	19.0	0.41791999999999996	0.9013326452827586	29052
3739	16.0	0.43096	0.7591254293264057	29678
3740	10.0	0.43668000000000007	0.7738716843783855	28440
3741	13.0	0.43988	0.9386066578523712	28623
3742	16.0	0.41058	0.8265897635032593	30104
3743	13.0	0.4045	0.8366594766028527	24868
3744	15.0	0.4222000000000001	0.8953513909303977	26583
3745	16.0	0.4128	0.8718508938177607	26653
3746	8.0	0.41324	0.7862674721341513	29658
3747	9.0	0.4230799999999999	0.7722943836145788	27735
3748	10.0	0.43311999999999995	0.897389703360896	38447
3749	11.0	0.43746	0.8730128446937064	35738
3750	20.0	0.41588	0.9266203164295778	30174
3751	18.0	0.3998999999999999	0.9444276715752014	24867
3752	20.0	0.43272000000000005	0.9462441930419495	34242
3753	24.0	0.4138400000000001	0.8724327009081958	31957
3754	17.0	0.39258000000000004	0.9190767345932953	35354
3755	14.0	0.3819600000000001	0.9188540293440967	35716
3756	12.0	0.40381999999999996	0.9246850772582808	30486
3757	5.0	0.45828	0.6805753887880472	23549
3758	15.0	0.3795	0.8942526948641601	24129
3759	17.0	0.41024	0.7653217716882255	19975
3760	22.0	0.39066	0.9680608828240082	25226
3761	14.0	0.3964000000000001	0.9529163082392278	22860
3762	20.0	0.39512	0.9459298084237989	23639
3763	22.0	0.36245999999999995	0.9605704795250782	16432
3764	12.0	0.39398000000000005	0.9120992597697224	21287
3765	19.0	0.38688	0.9669484121319822	18972
3766	17.0	0.38218	0.8393700276385041	18459
3767	18.0	0.39149999999999996	0.9695147006357873	20167
3768	16.0	0.40032	0.8140366711080655	18899
3769	13.0	0.38169999999999993	0.9157184286227548	21360
3770	12.0	0.37352	0.9272827739993187	15494
3771	18.0	0.39396000000000003	0.872396961267182	18469
3772	14.0	0.38962	0.8889481706579953	16939
3773	18.0	0.38303999999999994	0.8933523616144149	15672
3774	10.0	0.38262	0.9227547638718133	15174
3775	23.0	0.3756400000000001	0.6992016745826434	15079
3776	15.0	0.38425999999999993	0.8416579360284938	15767
3777	18.0	0.41466000000000003	0.8146106516128341	18088
3778	13.0	0.43309999999999993	0.8429433196132241	24680
3779	16.0	0.42371999999999993	0.7965481832189262	23630
3780	17.0	0.44088	0.8111330469486764	25713
3781	10.0	0.4629	0.7443068845065469	21993
3782	17.0	0.42872	0.8360700756138209	20416
3783	12.0	0.42238	0.8357803521703154	20945
3784	11.0	0.4045	0.8207798370195833	17298
3785	16.0	0.41350000000000003	0.8733903182081014	18653
3786	13.0	0.40630000000000005	0.866273657195596	16589
3787	13.0	0.40476	0.7949047715105617	13681
3788	17.0	0.39564	0.8084292268060342	13494
3789	16.0	0.38012	0.8258127734086909	13465
3790	19.0	0.37715999999999994	0.9097810635560517	14674
3791	16.0	0.38762	0.873352108177238	12278
3792	12.0	0.3823	0.9244110807354425	15295
3793	16.0	0.3827399999999999	0.8302400379444823	13875
3794	18.0	0.37466	0.9430330054987586	13668
3795	17.0	0.3635999999999999	0.8819181004491734	13461
3796	14.0	0.37793999999999994	0.9132414563441924	13068
3797	19.0	0.3872400000000001	0.8930319097435615	13078
3798	22.0	0.38584	0.8858063104880517	14242
3799	15.0	0.3882	0.9129964861415345	13515
3800	17.0	0.38520000000000004	0.8905090487156475	14487
3801	14.0	0.38983999999999996	0.8323375442783124	12505
3802	13.0	0.38034000000000007	0.9433485808387787	14592
3803	16.0	0.39686	0.7798465507298623	13816
3804	16.0	0.40556000000000003	0.8564210435457705	16475
3805	17.0	0.38516000000000006	0.8789081923210432	14063
3806	16.0	0.3976799999999999	0.8750772442575698	13127
3807	16.0	0.41084000000000004	0.8883879383052151	15969
3808	11.0	0.41686000000000006	0.8023394986674558	13569
3809	27.0	0.4027800000000001	0.9528319915760157	15705
3810	10.0	0.43488	0.9375580141168794	18530
3811	18.0	0.43036	0.9191078967225476	42780
3812	19.0	0.4090800000000001	0.8451018638734563	41481
3813	36.0	0.41452	0.8631497009436248	35959
3814	7.0	0.43141999999999997	0.9123987647907373	19476
3815	12.0	0.42236000000000007	0.8430229736228011	23529
3816	16.0	0.39564	0.5597009319608901	30781
3817	24.0	0.37982	0.5025006213865097	28713
3818	17.0	0.46527999999999997	0.5361657263146219	10614
3819	7.0	0.51304	0.333080935008828	1243
3820	6.0	0.4640599999999999	0.20819735743990045	18824
3823	1.0	0.0	0.0	0
