0	12.0	0.33896	0.4447713953622598	27968
1	12.0	0.49766	0.7762435467040849	38204
2	15.0	0.45553999999999994	0.8584976197897436	35212
3	7.0	0.55224	0.9166469551071899	49311
4	8.0	0.47708000000000006	0.6011634648928176	42747
5	11.0	0.50432	0.5201182618697571	41379
6	5.0	0.5124200000000001	0.8446956222522443	43265
7	4.0	0.5393399999999999	0.8547188146911164	32612
8	12.0	0.5209800000000001	0.929659260451693	37887
9	6.0	0.58158	0.8983385452135074	37921
10	9.0	0.5903200000000001	0.9289639543604522	30648
11	6.0	0.51964	0.8220376311523719	40393
12	8.0	0.55194	0.8402786020343734	38710
13	11.0	0.58102	0.7862274363327414	24856
14	10.0	0.4467799999999999	0.5015964781393152	23481
15	10.0	0.56128	0.6420827786497216	24237
16	11.0	0.47830000000000006	0.5929488381572006	28218
17	7.0	0.54946	0.8652385411286351	46176
18	13.0	0.48908	0.886160800032989	51800
19	9.0	0.50698	0.9051778087183144	46114
20	4.0	0.58764	0.8799700259542768	31613
21	3.0	0.6194999999999999	0.8833714783486241	38626
22	6.0	0.58024	0.9357624780589965	60261
23	6.0	0.5715800000000001	0.912676307426415	50351
24	9.0	0.59412	0.9673855113688908	49996
25	4.0	0.5819799999999999	0.8323841108853146	35809
26	9.0	0.5207999999999999	0.8437383379844831	48038
27	5.0	0.5168	0.9186053415460755	47794
28	7.0	0.5559000000000001	0.9573731361762405	48788
29	12.0	0.5316000000000001	0.943754133832588	44263
30	14.0	0.52282	0.9380852616425742	39634
31	20.0	0.49739999999999995	0.6242603254695713	38558
32	7.0	0.512	0.5077523282028387	43664
33	15.0	0.49036	0.8928467884076485	39287
34	12.0	0.49754	0.8294095148097198	41503
35	9.0	0.52288	0.9336891644637924	43938
36	6.0	0.5048400000000001	0.9511302875027606	41767
37	9.0	0.5794	0.9554042374099142	29753
38	10.0	0.4956000000000001	0.9587702321013684	37373
39	17.0	0.44653999999999994	0.8538829067272473	34747
40	12.0	0.46923999999999993	0.9416680846789807	38707
41	12.0	0.43298000000000003	0.8489956658385059	37562
42	19.0	0.47884	0.9340173400486946	40716
43	11.0	0.49373999999999996	0.9571352150704248	36943
44	11.0	0.43349999999999994	0.9043604074309336	36578
45	12.0	0.48532000000000003	0.9620448326070985	32722
46	13.0	0.4480599999999999	0.9126559642838877	31264
47	9.0	0.46403999999999995	0.9691563150320529	33976
48	13.0	0.43936	0.9316760462243975	31985
49	14.0	0.43634	0.9419388321929955	31613
50	9.0	0.4659400000000001	0.9648326448340209	33624
51	19.0	0.44623999999999997	0.9555290212358415	29113
52	13.0	0.45425999999999994	0.9557965445424161	33975
53	18.0	0.45409999999999995	0.9685164882734338	35331
54	12.0	0.48306	0.9750740320855472	29007
55	12.0	0.43062000000000006	0.9558508150569383	28712
56	15.0	0.4322600000000001	0.9323161242447167	35701
57	17.0	0.45768000000000003	0.940435145899211	30265
58	5.0	0.42132	0.9248095438436383	28641
59	17.0	0.40302000000000004	0.9806963564423299	28691
60	13.0	0.45674	0.9624855556361681	29681
61	12.0	0.44489999999999996	0.9171323323434942	34146
62	19.0	0.45962000000000003	0.9413172751352357	33150
63	15.0	0.41483999999999993	0.9794252131528723	29912
64	17.0	0.4627200000000001	0.9331880924822925	29167
65	21.0	0.45972	0.9060433830932474	26854
66	12.0	0.4930399999999999	0.9613637044136787	35082
67	14.0	0.45442	0.9586454258323398	29424
68	9.0	0.42574000000000006	0.7935984843361107	24852
69	8.0	0.39775999999999995	0.9101711993822614	24768
70	15.0	0.44268	0.9622560413369048	27996
71	13.0	0.45074000000000003	0.9628600254059949	30778
72	14.0	0.49334000000000006	0.920945641603564	33091
73	11.0	0.43651999999999996	0.8792641799083282	29242
74	7.0	0.42510000000000003	0.9359475159963531	24856
75	22.0	0.43752	0.9344482746356062	21276
76	11.0	0.4093399999999999	0.9457553573145753	31673
77	15.0	0.43520000000000003	0.9712334674356933	30069
78	18.0	0.4150000000000001	0.9170316350775956	22916
79	18.0	0.39496	0.9363936139243016	24687
80	16.0	0.42613999999999996	0.9610654055226439	23906
81	11.0	0.414	0.9402043685249881	23573
82	7.0	0.41574	0.9217050767389059	25657
83	11.0	0.3950199999999999	0.9416737746127096	21177
84	26.0	0.42747999999999997	0.9646509235309377	26321
85	13.0	0.40878	0.9235322071991564	24686
86	15.0	0.39336	0.990098309943267	21916
87	21.0	0.38254	0.9624877214395289	23078
88	13.0	0.38818	0.9472109769505643	21707
89	15.0	0.3823	0.8354011064800757	21265
90	25.0	0.40753999999999996	0.934303433034292	21844
91	11.0	0.39174	0.9550532504320977	21555
92	17.0	0.39858000000000005	0.8369880744598293	21081
93	13.0	0.3944999999999999	0.8935432330266423	25484
94	16.0	0.37432000000000004	0.8907889350388509	24161
95	12.0	0.3732	0.8717249293358265	23039
96	14.0	0.36526000000000003	0.9187663608951391	21449
97	17.0	0.43352	0.8710674189707378	33517
98	12.0	0.42577999999999994	0.9308882776361739	32699
99	20.0	0.39984000000000003	0.9512169994596781	29955
100	12.0	0.40544	0.8707346197676791	33591
101	24.0	0.40686	0.9410507017706446	33421
102	19.0	0.41778	0.9081892572402354	34212
103	17.0	0.40753999999999996	0.9640241170072016	29055
104	14.0	0.3969	0.9198329170318201	34270
105	19.0	0.43617999999999996	0.9622098975989724	37073
106	14.0	0.4753	0.9435451588850466	38082
107	13.0	0.44644	0.8854399180153742	42431
108	10.0	0.40944	0.9408634892806482	39459
109	17.0	0.3997	0.925161844812265	39966
110	11.0	0.43529999999999996	0.8395923470113212	38688
111	14.0	0.4439599999999999	0.9466171152859264	41816
112	16.0	0.42353999999999997	0.9620351388099673	41609
113	17.0	0.41298	0.9333733629846385	36554
114	15.0	0.40834	0.9404349998452616	34492
115	16.0	0.42160000000000003	0.9437319539533419	38068
116	15.0	0.40386000000000005	0.9230997067141444	33235
117	22.0	0.41698	0.9557611251346758	35636
118	21.0	0.40302	0.9612382388647225	38205
119	19.0	0.41876	0.9651538264645522	39149
120	17.0	0.42056000000000004	0.9459198961018612	27762
121	17.0	0.41481999999999997	0.9291123949898562	38404
122	11.0	0.4278	0.8843530515703911	35380
123	17.0	0.43019999999999997	0.9248713467588078	36462
124	14.0	0.44024	0.943829267191206	39689
125	18.0	0.41506	0.9617375529745258	38160
126	19.0	0.46166	0.9500619124969727	43050
127	13.0	0.46606000000000003	0.9426752670850889	46481
128	10.0	0.45580000000000004	0.9330049695167196	45820
129	12.0	0.4628400000000001	0.977951560561995	48028
130	10.0	0.4721	0.9239772109899249	47930
131	6.0	0.45890000000000003	0.9126838112740829	44683
132	17.0	0.44126000000000004	0.8869507355754565	51265
133	16.0	0.41706000000000004	0.9061485632195591	46774
134	10.0	0.48474000000000006	0.9769428703148526	43319
135	13.0	0.4803	0.9410662023964882	46174
136	13.0	0.43213999999999997	0.9618894343594242	39911
137	19.0	0.43345999999999996	0.9432090178067093	39629
138	18.0	0.40508000000000005	0.924013958992433	31218
139	13.0	0.39649999999999996	0.7649093774576253	25107
140	10.0	0.39136000000000004	0.9463430380219834	24140
141	12.0	0.41788000000000003	0.8233911652164801	28800
142	13.0	0.39066	0.8116838161384151	24787
143	18.0	0.39425999999999994	0.6482866461031641	23593
144	12.0	0.41117999999999993	0.8406134558501807	26070
145	17.0	0.39520000000000005	0.6283720971598996	22726
146	13.0	0.42617999999999995	0.8130737710996109	27670
147	16.0	0.40628	0.95822227109747	25716
148	13.0	0.41281999999999996	0.9423295325757086	26977
149	21.0	0.38358000000000003	0.9475534767678576	29092
150	18.0	0.41797999999999996	0.9499123347682666	32993
151	16.0	0.37782	0.9449295867482984	26853
152	8.0	0.40118000000000004	0.9235867281498114	26959
153	11.0	0.42739999999999995	0.9258520777694507	34294
154	11.0	0.38954	0.9041162125652222	32467
155	18.0	0.43333999999999995	0.954555132154138	40728
156	11.0	0.44226	0.9439803607263033	39161
157	20.0	0.40943999999999997	0.978233531604597	42153
158	20.0	0.39130000000000004	0.9433343865982559	33809
159	19.0	0.39521999999999996	0.9131765042731136	33692
160	10.0	0.38224000000000014	0.9142417685291491	24950
161	9.0	0.40988	0.826646969946496	22933
162	13.0	0.35722000000000004	0.940479879126706	22661
163	16.0	0.39482	0.8272754359264926	26834
164	16.0	0.41168	0.8885520733274327	22528
165	16.0	0.3852999999999999	0.8476859418927843	21423
166	15.0	0.40369999999999995	0.9507765947877841	24959
167	17.0	0.37542000000000003	0.9164040639688988	23715
168	17.0	0.39707999999999993	0.922949136704256	26467
169	20.0	0.38394	0.9506658757575936	29049
170	13.0	0.38099999999999995	0.9288671798574634	24406
171	24.0	0.38948	0.9593074284339619	25628
172	15.0	0.37404	0.8981050095103474	22363
173	16.0	0.36862	0.9506040038137854	23209
174	12.0	0.37951999999999997	0.7557708633903916	18459
175	17.0	0.39542	0.9113397749877411	23353
176	15.0	0.38043999999999994	0.9422022969340708	23002
177	17.0	0.38292000000000004	0.9531782903339296	24313
178	13.0	0.38311999999999996	0.915810104250781	22344
179	18.0	0.36739999999999995	0.9079912905634787	20492
180	13.0	0.40784	0.7840436895183139	25723
181	18.0	0.39799999999999996	0.9215255300794287	25999
182	13.0	0.39919999999999994	0.9462101412272005	25083
183	19.0	0.41546	0.9657147189808539	25574
184	11.0	0.39616	0.9603961044051271	25770
185	19.0	0.39658	0.8239019134745252	25736
186	18.0	0.38812	0.9582182509414726	25312
187	23.0	0.39787999999999996	0.970844440677144	23733
188	5.0	0.40238	0.9425560862821959	25983
189	9.0	0.40202	0.944164831116815	30263
190	12.0	0.42461999999999994	0.9607604977507898	31017
191	19.0	0.4023	0.8675871023039088	29874
192	25.0	0.39808	0.9279537894864025	26704
193	17.0	0.37882	0.933506570806163	29755
194	22.0	0.42506	0.914426375615695	28594
195	14.0	0.40088	0.9064222581541901	31236
196	20.0	0.40142000000000005	0.9199052159720883	28539
197	17.0	0.42041999999999996	0.9183641845044717	33773
198	19.0	0.4261	0.8831585717148885	33887
199	16.0	0.40596000000000004	0.8446660498540661	35755
200	19.0	0.40656000000000003	0.7396219650679366	35901
201	16.0	0.42068	0.8731459480008272	36889
202	11.0	0.45132000000000005	0.9026156390200597	49845
203	15.0	0.4272600000000001	0.8277206058760295	47703
204	14.0	0.41850000000000004	0.8885734649095567	55794
205	10.0	0.45994	0.8739397431232139	68120
206	12.0	0.43802	0.843123554962268	69859
207	19.0	0.40171999999999997	0.8839520674658216	58048
208	19.0	0.40868000000000004	0.9323767834034132	55623
209	13.0	0.49416	0.9079710324556015	70325
210	7.0	0.47001999999999994	0.8640923874971327	63678
211	12.0	0.47374000000000005	0.8926548524371616	65757
212	11.0	0.48276	0.8751500718218443	64532
213	15.0	0.48216000000000003	0.9552999985292872	57074
214	15.0	0.45477999999999996	0.9102119187932531	55555
215	16.0	0.44158000000000003	0.8908794116825736	57228
216	14.0	0.4012	0.8448162904514663	52814
217	13.0	0.44388	0.9318641119958578	53414
218	11.0	0.40869999999999995	0.9136864706781563	41493
219	14.0	0.43662	0.9279272421302026	41752
220	13.0	0.4073399999999999	0.9495179905450082	41469
221	26.0	0.4064	0.936644180948174	34841
222	14.0	0.42676	0.9422385014728497	41001
223	17.0	0.40628	0.9529894963544644	35988
224	18.0	0.4127	0.9389728796512726	33642
225	18.0	0.39733999999999997	0.898800100516415	30848
226	14.0	0.41596000000000005	0.9196593055190444	30791
227	12.0	0.39756	0.9731194855890744	28932
228	16.0	0.3820799999999999	0.9334467802042371	26287
229	17.0	0.3846	0.9556565203801567	27489
230	25.0	0.39315999999999995	0.9395639774849562	24126
231	14.0	0.37408	0.9713669207097537	21065
232	12.0	0.3719200000000001	0.950871747914651	23137
233	20.0	0.37766000000000005	0.8602241691360417	24270
234	11.0	0.3829	0.9089008419778538	23670
235	12.0	0.37529999999999997	0.9475229066170352	25126
236	15.0	0.37660000000000005	0.9215177518994556	22519
237	15.0	0.37683999999999995	0.9326063572318567	21567
238	13.0	0.3867400000000001	0.9634072453069277	21541
239	15.0	0.35353999999999997	0.9364242261197993	17239
240	18.0	0.37316000000000005	0.8736032865313992	20870
241	15.0	0.36136	0.9150843569716561	18461
242	15.0	0.35984	0.9058194284259803	20672
243	15.0	0.3569	0.8576404968507005	20035
244	15.0	0.35278000000000004	0.9363455570100826	20721
245	21.0	0.34997999999999996	0.9281593310986406	17566
246	16.0	0.35634	0.9286594006996454	20321
247	16.0	0.3571600000000001	0.9397924359513502	20211
248	14.0	0.35078	0.9424108897905111	23962
249	18.0	0.36944000000000005	0.81080713269268	20156
250	18.0	0.35906000000000005	0.9053525022740117	23040
251	19.0	0.35485999999999995	0.9011164842108644	28768
252	13.0	0.35592	0.9203782111013387	30167
253	15.0	0.36077999999999993	0.848974529387958	29732
254	17.0	0.34947999999999996	0.9557903461899478	25248
255	11.0	0.34676	0.9578145251712518	24251
256	15.0	0.33878	0.9579170575994349	18376
257	17.0	0.35977999999999993	0.9217640308127215	23840
258	11.0	0.36662000000000006	0.9059008719767537	23240
259	14.0	0.34240000000000004	0.9232856143812085	20237
260	10.0	0.34761999999999993	0.9379586199726317	21020
261	18.0	0.34784	0.9367009740037869	20729
262	17.0	0.36044000000000004	0.876834052629142	22566
263	11.0	0.36241999999999996	0.9288067490350715	21884
264	15.0	0.37402	0.9204387552561022	21244
265	12.0	0.35769999999999996	0.9357897842827383	23091
266	15.0	0.36519999999999997	0.907821264615422	19367
267	16.0	0.37900000000000006	0.9588185614935492	24138
268	16.0	0.39433999999999997	0.835200513528118	23232
269	18.0	0.38891999999999993	0.9324262581733678	24647
270	20.0	0.40152	0.9512790919111517	25081
271	15.0	0.38133999999999996	0.9423448773976759	21656
272	16.0	0.38780000000000003	0.8866930724994652	24018
273	11.0	0.3983	0.9206842834768472	24436
274	9.0	0.39555999999999997	0.8803326833842317	21859
275	24.0	0.38280000000000003	0.8799232552356656	23790
276	10.0	0.39612	0.925854615901103	27666
277	15.0	0.38592	0.8687519534387704	26222
278	10.0	0.39022	0.9578196436628865	27246
279	22.0	0.42224000000000006	0.8348916222987322	31679
280	8.0	0.43368000000000007	0.883419030872511	37720
281	10.0	0.4218	0.8805724135793688	42186
282	17.0	0.45671999999999996	0.906729519502254	44244
283	15.0	0.41502	0.9453662212133227	35476
284	19.0	0.41118000000000005	0.9683782470525255	38709
285	23.0	0.41777999999999993	0.9743330428993864	41224
286	10.0	0.42722	0.9420819902074531	43401
287	13.0	0.43067999999999995	0.9411872104440168	43492
288	7.0	0.4481399999999999	0.9567083582188609	36349
289	10.0	0.4527799999999999	0.9447029361887213	38242
290	15.0	0.4516800000000001	0.8624079870632272	41962
291	15.0	0.44358000000000003	0.8956138198220731	38714
292	11.0	0.40596000000000004	0.8611027872170345	36314
293	13.0	0.41696000000000005	0.9237318331448229	43737
294	17.0	0.47468	0.941746838255894	54018
295	19.0	0.42849999999999994	0.9154293618086198	50021
296	12.0	0.41929999999999995	0.844628465113523	48408
297	15.0	0.44545999999999997	0.8659016132802786	45075
298	14.0	0.41574	0.8727303937146121	40505
299	9.0	0.42292	0.9041609684346165	40948
300	10.0	0.40587999999999996	0.9267671627433139	35593
301	12.0	0.41037999999999997	0.849939568915192	25944
302	24.0	0.38704	0.9248469824380889	23005
303	17.0	0.37764	0.920513620607016	22731
304	17.0	0.3703999999999999	0.9625043322381498	20630
305	20.0	0.39554	0.731639492131504	21864
306	16.0	0.37351999999999996	0.9240953703255959	24528
307	16.0	0.40620000000000006	0.7999267961352239	22715
308	18.0	0.36827999999999994	0.879851459756991	22459
309	16.0	0.38934	0.928473569172544	25940
310	22.0	0.4103	0.9287298094456363	23688
311	12.0	0.40381999999999996	0.8882781803912337	25525
312	18.0	0.40104000000000006	0.9242453326070423	25849
313	14.0	0.38776000000000005	0.931419914152227	25801
314	15.0	0.3853599999999999	0.9096811478432144	23259
315	17.0	0.3949	0.9694569120125092	24726
316	16.0	0.39218	0.889854731707779	21908
317	17.0	0.3997	0.8517458356076402	27530
318	10.0	0.40846000000000005	0.8256442161567475	21849
319	17.0	0.38094000000000006	0.9610403878528938	23830
320	19.0	0.40396	0.9585960258831164	26328
321	14.0	0.39683999999999997	0.9445132385458709	26364
322	15.0	0.4064600000000001	0.9414633222242393	23952
323	13.0	0.39796	0.9377124757361288	27015
324	10.0	0.39211999999999997	0.9446930240048242	24697
325	8.0	0.38667999999999997	0.8853002834465775	23386
326	18.0	0.3832399999999999	0.8413298228273602	25130
327	20.0	0.40224	0.804047224152065	36488
328	11.0	0.42514	0.8193445456052452	42705
329	21.0	0.39257999999999993	0.9672408458729688	36786
330	14.0	0.43422	0.9106990610951102	35621
331	12.0	0.426	0.9244644157226004	42842
332	19.0	0.44988	0.7244387539813829	37450
333	17.0	0.4395800000000001	0.8233644524971357	38910
334	8.0	0.44301999999999997	0.8599909416053649	39348
335	16.0	0.42872	0.8393905525761425	36615
336	9.0	0.43698	0.8522840027142654	37315
337	15.0	0.44392000000000004	0.8431707081857441	34896
338	20.0	0.4493400000000001	0.8357780966737015	40472
339	17.0	0.45506	0.728870593971025	37411
340	15.0	0.43992000000000003	0.7468668239683399	38118
341	14.0	0.43954	0.7858407654916792	38435
342	14.0	0.43945999999999996	0.7898792893368998	39101
343	18.0	0.4353199999999999	0.8705230845782221	38262
344	14.0	0.4307	0.8796086617480361	33313
345	15.0	0.40998000000000007	0.9114205538727144	31500
346	8.0	0.42684	0.8497374958468941	34205
347	19.0	0.42086000000000007	0.844348548926623	30937
348	19.0	0.4035599999999999	0.9188468571366822	34026
349	13.0	0.39854	0.7957424322040506	29863
350	6.0	0.27586	0.2593348272564117	17883
351	0.0	0.19122000000000003	0.05050350470999138	1880
352	13.0	0.41888000000000003	0.6720754640682828	30827
353	11.0	0.39498000000000005	0.8936458379719342	28115
354	17.0	0.38096	0.9233329543960416	20899
355	13.0	0.3913399999999999	0.8285920546515584	19598
356	18.0	0.35768	0.8912610175816563	19874
357	16.0	0.36866	0.9010629334569819	20433
358	12.0	0.3620399999999999	0.9027824436789498	18958
359	18.0	0.36003999999999997	0.9388809805061008	19218
360	15.0	0.3581999999999999	0.8849406026316897	19894
361	14.0	0.36012000000000005	0.9290828110591726	20200
362	22.0	0.3618	0.9028935019836403	19229
363	15.0	0.36068	0.9256532161762858	18107
364	14.0	0.34564000000000006	0.8915530761826681	19810
365	17.0	0.38138000000000005	0.857493711090389	19869
366	13.0	0.36278000000000005	0.8891992868545305	19262
367	13.0	0.3747999999999999	0.9140167827548079	22215
368	17.0	0.3521	0.9189661187116667	18493
369	12.0	0.34808	0.84600494988758	16860
370	15.0	0.38051999999999997	0.8113767838247915	21016
371	18.0	0.36379999999999996	0.9369644938524543	24353
372	8.0	0.3528	0.9106741478879282	21092
373	16.0	0.35295999999999994	0.8390391598042495	18642
374	12.0	0.36692	0.8805283012202643	23342
375	15.0	0.34559999999999996	0.9320754817449389	20216
376	12.0	0.34728000000000003	0.8948349039722957	20851
377	9.0	0.34035999999999994	0.9369910517259022	21251
378	19.0	0.33265999999999996	0.9512184317753923	18426
379	11.0	0.33946	0.956749879677457	18941
380	15.0	0.35796	0.9231400853287971	22387
381	24.0	0.3470000000000001	0.8267999523230039	19876
382	19.0	0.3463399999999999	0.8900998561818879	23320
383	22.0	0.33995999999999993	0.8370937841316163	17798
384	11.0	0.35483999999999993	0.9097575344122598	24896
385	14.0	0.37245999999999996	0.9263344718582905	22553
386	17.0	0.35949999999999993	0.8951838164808349	20701
387	21.0	0.3450000000000001	0.9344585764950049	19546
388	15.0	0.34925999999999996	0.9160001629197269	18969
389	12.0	0.34122	0.9409345119143968	21418
390	14.0	0.34724000000000005	0.8408342189880693	17343
391	16.0	0.35115999999999997	0.9122542272433052	20687
392	11.0	0.34438	0.9484925086038327	21881
393	7.0	0.33462000000000003	0.9529715981559214	18027
394	12.0	0.35932	0.8716298626250942	20921
395	10.0	0.35944000000000004	0.8783532413001671	19787
396	18.0	0.35954	0.8810814610646961	18322
397	14.0	0.3459399999999999	0.9574738261663397	17782
398	14.0	0.34036	0.9751911903437377	19191
399	18.0	0.33886000000000005	0.914011070767903	15716
400	13.0	0.34986000000000006	0.9052117179957925	19170
401	7.0	0.33914	0.9102979932799924	16512
402	14.0	0.36006	0.8602407685312639	18042
403	16.0	0.34846	0.906954074831757	18956
404	12.0	0.33097999999999994	0.934326434122361	17555
405	11.0	0.3525400000000001	0.8937092599979158	19428
406	11.0	0.37842	0.8834069113391143	20906
407	22.0	0.34889999999999993	0.8807949406440758	18803
408	18.0	0.34619999999999995	0.892859965392217	17189
409	14.0	0.3448	0.9663239737360505	19622
410	14.0	0.34946	0.9118338065763772	18536
411	29.0	0.34375999999999995	0.9482997819709569	17261
412	19.0	0.38066	0.8595821440304333	18194
413	14.0	0.34066	0.9091788304264451	19097
414	19.0	0.3566	0.37846454265657486	12847
415	14.0	0.34931999999999996	0.5031884514392101	9233
416	15.0	0.35402	0.5134749514694666	14315
417	12.0	0.35239999999999994	0.5199197337948334	14567
418	19.0	0.34984000000000004	0.5560357188312262	14970
419	12.0	0.35397999999999996	0.9153624226675555	20183
420	17.0	0.34064	0.9354828523453751	16557
421	13.0	0.3643200000000001	0.911447491977245	21428
422	10.0	0.3582000000000001	0.8016706216949134	15094
423	12.0	0.35156000000000004	0.9052360728460944	19550
424	26.0	0.35242000000000007	0.8943796883964216	19509
425	14.0	0.35967999999999994	0.5010060851127455	14489
426	20.0	0.34956	0.19590085475542976	11183
427	10.0	0.35188	0.33713365813570106	13848
428	20.0	0.3541	0.871608629234167	23069
429	9.0	0.44331999999999994	0.2961376595499481	53976
430	13.0	0.34840000000000004	0.6045741076411465	24259
431	15.0	0.35483999999999993	0.911473236092617	25106
432	25.0	0.35287999999999997	0.896518268372649	16470
433	18.0	0.35812	0.8926310967386555	18513
434	23.0	0.33887999999999996	0.9171898266075792	19431
435	12.0	0.34269999999999995	0.9551588247248329	18831
436	15.0	0.3436600000000001	0.9248455705942282	21214
437	14.0	0.3607	0.8967033428513915	21501
438	14.0	0.36158	0.7566659531461993	18277
439	18.0	0.34264000000000006	0.3421937303108749	12302
440	16.0	0.3647000000000001	0.7199637314977656	18953
441	17.0	0.37258	0.859650220596003	20989
442	7.0	0.3586400000000001	0.6789643801487546	16043
443	16.0	0.36192	0.5372194712056069	13605
444	23.0	0.34332	0.8081978519639038	15149
445	22.0	0.33808	0.8811015767506933	16669
446	13.0	0.36772	0.8911696194286398	18503
447	18.0	0.34828000000000003	0.8876429578806575	17156
448	15.0	0.34131999999999996	0.9102523764171898	26008
449	11.0	0.3614	0.9370900824688608	23709
450	18.0	0.3503	0.9444157816236624	20387
451	14.0	0.35466000000000003	0.9271102659474297	21095
452	19.0	0.36312	0.9094355273600055	22125
453	13.0	0.3474399999999999	0.933361222899375	18788
454	12.0	0.34387999999999996	0.9592098674883568	16633
455	13.0	0.34206000000000003	0.9454892926006392	18113
456	7.0	0.35056	0.8752912857247049	17623
457	18.0	0.3523799999999999	0.9557884055207349	20425
458	16.0	0.36626	0.8799935924437103	20395
459	16.0	0.3519	0.9251015471594721	19524
460	13.0	0.35139999999999993	0.9587559822052685	19309
461	16.0	0.3653	0.9402157719282029	19831
462	14.0	0.35013999999999995	0.9101122665025242	18969
463	8.0	0.36876000000000003	0.844427599434776	20051
464	27.0	0.36611999999999995	0.9164485481981033	18233
465	17.0	0.3450000000000001	0.9322595110744949	19294
466	15.0	0.34864000000000006	0.9112120364623817	20090
467	22.0	0.34762	0.9067423212525713	14942
468	17.0	0.36330000000000007	0.9387116387671308	16859
469	10.0	0.35029999999999994	0.9524394161877913	21186
470	14.0	0.39234	0.8265424672518771	21864
471	13.0	0.32026	0.9640751140022312	14808
472	12.0	0.3545	0.8467099658483979	15424
473	18.0	0.36666000000000004	0.9019979342322336	19390
474	15.0	0.3472	0.9270851616051421	19090
475	17.0	0.33942	0.954720694545295	18834
476	16.0	0.36388	0.929045379858444	17685
477	12.0	0.35322000000000003	0.8593571171561175	15233
478	16.0	0.33816	0.8661239244213773	16457
479	8.0	0.35664000000000007	0.902477124953979	20517
480	18.0	0.34586000000000006	0.8817026559561677	17126
481	15.0	0.36064000000000007	0.9174374392734229	18596
482	10.0	0.3403000000000001	0.9117915701069899	15107
483	17.0	0.34746000000000005	0.8890371728329244	17529
484	15.0	0.35478000000000004	0.9307573426335756	19067
485	13.0	0.34676	0.9087918481154429	19701
486	16.0	0.36800000000000005	0.8508477439980547	17226
487	21.0	0.37829999999999997	0.7562016760232599	20279
488	22.0	0.35106000000000004	0.9192397115772544	19064
489	19.0	0.34382000000000007	0.9251833082576871	16435
490	24.0	0.34525999999999996	0.9448600584204399	21216
491	21.0	0.33519999999999994	0.949677420767502	18344
492	16.0	0.34574	0.9678608131384545	18367
493	20.0	0.37036	0.8339342823776601	22943
494	19.0	0.3512799999999999	0.9099252603049415	17907
495	19.0	0.3490599999999999	0.880759121504119	19830
496	15.0	0.35164000000000006	0.9313443975168527	21273
497	15.0	0.3548199999999999	0.9330706134169727	16730
498	22.0	0.34290000000000004	0.9544027372887527	15675
499	17.0	0.33614	0.8666931961096974	18877
500	14.0	0.35862	0.9126781812992503	20004
501	13.0	0.34562	0.852950417131756	18335
502	13.0	0.3593999999999999	0.8131616611049832	17690
503	14.0	0.35867999999999994	0.8319584517167514	18346
504	8.0	0.3463800000000001	0.9030688481311572	18799
505	18.0	0.33531999999999995	0.9388364320204652	17428
506	19.0	0.35592	0.9003448489597838	19525
507	16.0	0.36007999999999996	0.7806968251103408	19399
508	13.0	0.3357	0.9191734977144542	15690
509	12.0	0.34026	0.8550617263399868	18067
510	16.0	0.33498000000000006	0.9142723049643813	15210
511	19.0	0.34822	0.9200804536881511	18152
512	14.0	0.3619	0.8807938089525593	19982
513	22.0	0.34131999999999996	0.8798118348550141	17795
514	14.0	0.32824	0.9666658953478323	13647
515	14.0	0.36050000000000004	0.9503701588796287	20954
516	16.0	0.35256	0.8755556289035895	17116
517	12.0	0.3687599999999999	0.8991599457247311	20198
518	11.0	0.35363999999999995	0.8715077779836631	20328
519	8.0	0.33658	0.9311149324965386	17912
520	19.0	0.34366	0.9596657011483651	18308
521	11.0	0.3418	0.9448096292948319	20237
522	14.0	0.3399800000000001	0.8942922339523888	16786
523	16.0	0.33709999999999996	0.8829103970421186	17524
524	11.0	0.39998	0.8591422305694205	19470
525	15.0	0.34846	0.9103709357301011	19640
526	16.0	0.35031999999999996	0.9021077469456873	16159
527	6.0	0.35718000000000005	0.9146314456834277	18774
528	9.0	0.37314	0.8930743663165015	20050
529	13.0	0.37229999999999996	0.8007154671219181	17492
530	8.0	0.3365600000000001	0.9370255163628733	18065
531	18.0	0.34342	0.9383455217616875	16078
532	17.0	0.33612000000000003	0.9468978976086369	17645
533	29.0	0.35930000000000006	0.9488512222324647	20654
534	14.0	0.33958	0.9338907672967901	18304
535	9.0	0.34007999999999994	0.9315932704418396	17441
536	15.0	0.3485600000000001	0.9352786873771368	19717
537	15.0	0.34066	0.9229132742656438	20197
538	16.0	0.33555999999999997	0.9253523008116121	16612
539	15.0	0.34253999999999996	0.926161241842604	20060
540	22.0	0.3262	0.9542096695922181	17898
541	13.0	0.35922	0.9099107845330066	21264
542	11.0	0.3439	0.8934907639865938	23253
543	15.0	0.35312	0.9171381790724564	20531
544	23.0	0.34748000000000007	0.843771940439306	22406
545	22.0	0.35366	0.9128504997206414	21187
546	19.0	0.34062000000000003	0.9443412673993652	20781
547	15.0	0.33628	0.9602837007852615	23793
548	11.0	0.34887999999999997	0.8969040694892392	21803
549	16.0	0.33506	0.9505741107304376	18581
550	14.0	0.3581	0.9003357510495004	22304
551	13.0	0.33152000000000004	0.972170286400396	19496
552	14.0	0.35506	0.8678443221840638	16852
553	20.0	0.34502000000000005	0.8478701093663147	17367
554	18.0	0.34646	0.9032434120619003	17430
555	16.0	0.3447	0.908950876668137	16959
556	14.0	0.349	0.9541688921175647	19786
557	15.0	0.34251999999999994	0.8362424211533296	16610
558	16.0	0.33712000000000003	0.9278151607105314	18195
559	14.0	0.34302	0.9335471427251117	19934
560	13.0	0.35592	0.8793986351691586	19969
561	12.0	0.36012000000000005	0.8952102803614889	22725
562	19.0	0.33498000000000006	0.9333406537247458	19308
563	15.0	0.35156	0.8478088245474872	17802
564	16.0	0.33932	0.8985393711067244	19222
565	19.0	0.34991999999999995	0.9350925539523122	19919
566	17.0	0.33846	0.9472563910543913	18331
567	15.0	0.34032	0.8686636668471251	18346
568	12.0	0.36817999999999995	0.9422228703602004	21042
569	21.0	0.34801999999999994	0.929728976653518	23788
570	16.0	0.34978000000000004	0.8285562212307725	20127
571	13.0	0.3610400000000001	0.9140104652818772	22387
572	17.0	0.33164	0.9234010670026014	21585
573	12.0	0.3315000000000001	0.9290873660166967	18793
574	18.0	0.3373999999999999	0.9374849930895603	22124
575	12.0	0.34658	0.8350777519639835	19688
576	18.0	0.37044	0.7656835655371917	26181
577	15.0	0.35111999999999993	0.9193304157643261	26729
578	15.0	0.34904	0.9306557789067115	22393
579	19.0	0.36326	0.7795031032151984	27060
580	14.0	0.34774	0.9645686276756924	27504
581	16.0	0.35408	0.893203877882714	27851
582	13.0	0.35450000000000004	0.9106761748341062	28001
583	14.0	0.35053999999999996	0.8599883540334652	24474
584	17.0	0.33002000000000004	0.9649151241812702	21633
585	12.0	0.35684000000000005	0.8782902284355999	24839
586	10.0	0.32452	0.9220188073942303	19151
587	16.0	0.35074000000000005	0.9544431196920515	22483
588	15.0	0.33952	0.7280332711449682	20278
589	13.0	0.35796	0.78320523583377	24952
590	23.0	0.36022	0.8369381396624697	25990
591	17.0	0.34	0.9220372974893566	19278
592	21.0	0.33884000000000003	0.9115517944720689	21285
593	13.0	0.34668000000000004	0.9206971876563206	21837
594	13.0	0.34025999999999995	0.9218555827940204	21561
595	8.0	0.33836000000000005	0.8956442199814885	22131
596	13.0	0.33681999999999995	0.9573536794961577	19501
597	16.0	0.35082	0.9004900414352803	23874
598	22.0	0.35875999999999997	0.9393603304054469	23711
599	18.0	0.35366	0.9660494877423348	20899
600	12.0	0.35532	0.8732045638297936	20622
601	18.0	0.3409799999999999	0.9170073242694143	22365
602	19.0	0.3429	0.9300450269245942	20505
603	14.0	0.35274000000000005	0.932235794091485	20542
604	15.0	0.37274	0.8842358959753828	27260
605	18.0	0.35389999999999994	0.9233578865639661	21337
606	24.0	0.34430000000000005	0.9597860392312492	18511
607	18.0	0.34564	0.8657528501328358	19408
608	15.0	0.354	0.8467827882121851	21536
609	14.0	0.36995999999999996	0.6822511076413931	19481
610	16.0	0.34538	0.96875145573929	18668
611	18.0	0.35509999999999997	0.9239261010620917	19305
612	13.0	0.3399999999999999	0.9284501123715669	19327
613	13.0	0.35506	0.9237422558038858	18149
614	17.0	0.3525800000000001	0.9104034546244326	19042
615	17.0	0.36052	0.9038533606003024	21166
616	19.0	0.37288	0.8297966159801875	21892
617	18.0	0.3701	0.9441270176726079	19578
618	19.0	0.37164	0.936356505133247	22240
619	23.0	0.37028000000000005	0.8783751502102318	20892
620	9.0	0.36829999999999996	0.8526174603825719	19821
621	19.0	0.38292000000000004	0.954660644909573	24382
622	11.0	0.39052	0.9104668906502784	28605
623	23.0	0.38244	0.9706403042341349	25549
624	17.0	0.38419999999999993	0.9521660615149274	25120
625	13.0	0.38268	0.9527083607881708	34389
626	25.0	0.3814	0.9465104136759164	39285
627	14.0	0.43564	0.86372333678202	42226
628	13.0	0.39097999999999994	0.9468682459060207	44626
629	17.0	0.39037999999999995	0.9291610633925368	43559
630	9.0	0.4157800000000001	0.8946773151268569	48220
631	11.0	0.41048	0.821947721530869	42828
632	10.0	0.44862	0.8435634959916348	50994
633	12.0	0.4648	0.8531098005335588	48597
634	15.0	0.45094	0.8418268913963272	47233
635	12.0	0.47076	0.8413955575009205	45967
636	14.0	0.43894000000000005	0.7939633978174981	47958
637	10.0	0.45852000000000004	0.8109028253546468	44284
638	17.0	0.44726	0.8715299164109126	48276
639	17.0	0.44348	0.8629301289330626	53066
640	15.0	0.46537999999999996	0.8155789534773762	47284
641	8.0	0.44732	0.8448877300236204	55708
642	19.0	0.41273999999999994	0.8509726402067845	47372
643	13.0	0.43106	0.7756949986007885	54836
644	14.0	0.45548	0.8032960285596276	53504
645	17.0	0.44024	0.8034978900442702	64504
646	13.0	0.44667999999999997	0.788253840237155	59839
647	15.0	0.38160000000000005	0.8666440416002718	43443
648	14.0	0.39799999999999996	0.9036113136601653	44191
649	17.0	0.44814	0.829093757018098	57767
650	11.0	0.45082	0.8101055787714787	51704
651	11.0	0.42814	0.7981002745881368	49713
652	8.0	0.4225	0.879459775238888	50103
653	12.0	0.42969999999999997	0.7936305699703848	37904
654	20.0	0.41344000000000003	0.880308868490524	28561
655	17.0	0.41456000000000004	0.7927328629243557	32280
656	16.0	0.40940000000000004	0.8040260565017704	27651
657	17.0	0.3740400000000001	0.8413732368322312	26263
658	19.0	0.38624	0.8354942092287224	23937
659	16.0	0.38477999999999996	0.9499798711133315	25296
660	11.0	0.37954	0.9194089142691402	22691
661	13.0	0.38032	0.8246369932127712	23542
662	14.0	0.3884	0.7597313677035767	23706
663	15.0	0.3604	0.8809451144062564	24017
664	12.0	0.38936	0.9346216842111265	26678
665	11.0	0.36351999999999995	0.9097420243974556	23446
666	17.0	0.3755800000000001	0.8947995896140003	24434
667	13.0	0.40214	0.7456354096023026	33016
668	10.0	0.39663999999999994	0.878118388830223	40579
669	18.0	0.3997	0.9243764164863649	43883
670	23.0	0.43738000000000005	0.8245660152004882	41062
671	18.0	0.41696000000000005	0.816986577747717	39221
672	24.0	0.3961399999999999	0.9557168964134646	35012
673	21.0	0.39792	0.9566515156129275	32253
674	14.0	0.4056	0.9226052157035289	38389
675	9.0	0.39561999999999997	0.9561497815808429	30198
676	24.0	0.40224	0.9435100966341097	39518
677	11.0	0.40513999999999994	0.851661490354607	35519
678	18.0	0.42338000000000003	0.8872430705499448	34874
679	15.0	0.40553999999999996	0.9330264865748691	40619
680	22.0	0.40806	0.9393711227457853	42505
681	12.0	0.3717399999999999	0.6249123650821273	27015
682	15.0	0.36430000000000007	0.4056655904994889	22215
683	14.0	0.40800000000000003	0.20267235267325742	52998
684	13.0	0.3525000000000001	0.1662639476032089	13981
685	19.0	0.34851999999999994	0.47289942111492406	20333
686	16.0	0.37157999999999997	0.49539591162032404	20717
687	15.0	0.35397999999999996	0.488656934655886	19147
688	21.0	0.40281999999999996	0.6193136089765112	34785
689	17.0	0.4320800000000001	0.7706273618250853	47432
690	15.0	0.41822	0.931131171097334	52848
691	14.0	0.44156000000000006	0.9172873286502861	59934
692	23.0	0.42113999999999996	0.7831774357422602	57368
693	15.0	0.43501999999999996	0.9027665662085377	54165
694	19.0	0.4233800000000001	0.8624769308986925	50409
695	14.0	0.42160000000000003	0.7562843839700395	44920
696	17.0	0.40726	0.908423062312794	44955
697	12.0	0.39488	0.9323990145429423	51858
698	14.0	0.3953200000000001	0.8934182624987151	50944
699	21.0	0.40526	0.8671191703628599	47666
700	15.0	0.4223799999999999	0.822203250869532	38025
701	18.0	0.4066	0.8380226079036289	37415
702	20.0	0.4061600000000001	0.867052404763196	26287
703	18.0	0.41720000000000007	0.9190404969218073	36273
704	14.0	0.40171999999999997	0.9517440610033793	32412
705	21.0	0.3757599999999999	0.8357335468956855	26294
706	13.0	0.39257999999999993	0.8895807503494124	25220
707	20.0	0.38937999999999995	0.799423256925129	25599
708	23.0	0.37736	0.8869849373402595	25658
709	16.0	0.38694	0.8292485787367033	22396
710	17.0	0.38171999999999995	0.8768872182378736	22673
711	11.0	0.37609999999999993	0.797620196432329	20572
712	14.0	0.3708600000000001	0.9013748054049407	23997
713	11.0	0.37227999999999994	0.940272409010982	25862
714	19.0	0.37638	0.8530478989358008	22800
715	15.0	0.37908000000000003	0.9453546492501197	28308
716	15.0	0.3954800000000001	0.9144765783476558	30776
717	25.0	0.39905999999999997	0.9305552220471858	28568
718	20.0	0.41694000000000003	0.8536830063771748	34181
719	14.0	0.4048	0.9153366403549296	37386
720	13.0	0.4165	0.8752159721982501	39243
721	17.0	0.39762000000000003	0.8827075128416061	46368
722	12.0	0.35306	0.9265238619172491	33779
723	19.0	0.3916200000000001	0.8564048565456235	41170
724	21.0	0.3691199999999999	0.944558279650834	37629
725	17.0	0.3679	0.877263865095455	34793
726	19.0	0.38286000000000003	0.8518515484533087	39262
727	17.0	0.41506	0.9396173498750869	39521
728	16.0	0.41084000000000004	0.88325946459157	46684
729	16.0	0.40116	0.8018546712867076	44105
730	21.0	0.40204	0.8139799793517875	42121
731	14.0	0.3928000000000001	0.8783884632743825	36212
732	24.0	0.39696	0.9565616566468388	36681
733	11.0	0.4199400000000001	0.9645059250368734	42762
734	16.0	0.43376000000000003	0.9499051847911718	54404
735	15.0	0.40535999999999994	0.9240209676211998	45922
736	13.0	0.36412	0.8511481829465888	41984
737	20.0	0.36816000000000004	0.8683034766693398	43069
738	13.0	0.34857999999999995	0.8939074590576576	39114
739	18.0	0.3362	0.9457556810625728	30885
740	21.0	0.35334000000000004	0.8789136614841379	37837
741	16.0	0.38994	0.7987769642510869	45921
742	18.0	0.39215999999999995	0.7967237034740668	39903
743	16.0	0.38415999999999995	0.888115358425249	42544
744	13.0	0.3945000000000001	0.847349560530772	44169
745	11.0	0.42758	0.639340229704597	49796
746	10.0	0.40970000000000006	0.7906762026816337	51591
747	11.0	0.43616	0.6692901711981764	51944
748	16.0	0.401	0.7251768403060574	44313
749	12.0	0.40436	0.5603846714896942	38267
750	18.0	0.37842	0.7375415405901293	43279
751	15.0	0.39092	0.8511844505692459	44602
752	15.0	0.3633799999999999	0.8850061201368861	42419
753	22.0	0.4006199999999999	0.634617265920693	44451
754	20.0	0.37482000000000004	0.8962353984108669	39046
755	18.0	0.41778	0.77502749957298	45055
756	11.0	0.4577800000000001	0.9688776981502653	46498
757	13.0	0.42537999999999987	0.9623443429603751	39670
758	23.0	0.41552000000000006	0.9437161274700414	36554
759	21.0	0.3979	0.9612377459664441	38999
760	12.0	0.40828000000000003	0.9574225666324829	33981
761	24.0	0.38815999999999995	0.9336976140359258	37607
762	11.0	0.41308	0.930850337464504	41413
763	20.0	0.42194000000000004	0.8391802720061444	37212
764	28.0	0.40446000000000004	0.886240843691782	39877
765	21.0	0.40643999999999997	0.9552277790961513	44184
766	18.0	0.42286	0.9166088276274768	38589
767	20.0	0.42274	0.9046924035473278	49776
768	13.0	0.4426	0.9335394885532834	49792
769	18.0	0.4269199999999999	0.9610329448739845	48564
770	18.0	0.37853999999999993	0.941458952640249	38249
771	17.0	0.41203999999999996	0.9340807340509392	40148
772	20.0	0.41796	0.8227048378825259	41483
773	17.0	0.41348	0.9312930226755015	54781
774	19.0	0.41607999999999995	0.864118136803526	43107
775	16.0	0.41346000000000005	0.9207410910570284	46314
776	17.0	0.41186	0.9146604367106951	47013
777	12.0	0.40964	0.8910508115805564	40479
778	16.0	0.39089999999999997	0.9325736342379974	42109
779	19.0	0.33988	0.8863539692094612	36864
780	21.0	0.36352000000000007	0.8273970377834348	39355
781	14.0	0.3788	0.9316673817789125	46911
782	24.0	0.35442	0.9564315042972587	46378
783	18.0	0.38714	0.9387731661323577	49886
784	18.0	0.3945	0.885046688649227	45741
785	10.0	0.37152	0.8209664320828972	45623
786	26.0	0.37894000000000005	0.8240161071349681	40173
787	17.0	0.39968	0.953358210188052	49272
788	11.0	0.3942399999999999	0.9284345605764466	38132
789	19.0	0.36761999999999995	0.9606431333442677	36964
790	19.0	0.38434000000000007	0.9481224217317414	38657
791	13.0	0.3824	0.8812532990603114	37204
792	18.0	0.3848	0.9044541460467432	29834
793	12.0	0.37706	0.840041963467827	28166
794	20.0	0.3607799999999999	0.9332588939707278	28959
795	20.0	0.36860000000000004	0.8131628762431434	23025
796	21.0	0.36211999999999994	0.9374976507564778	19691
797	14.0	0.3519	0.9524942784209144	21868
798	13.0	0.3609799999999999	0.8460165746869377	24047
799	16.0	0.3709	0.897333873828652	24394
800	8.0	0.35982	0.9013368646180141	21783
801	12.0	0.36026	0.9466891400543537	20256
802	16.0	0.38297999999999993	0.7712966147801654	23204
803	11.0	0.36599999999999994	0.886142804320617	23420
804	17.0	0.36529999999999996	0.9359010756239512	23598
805	12.0	0.37072000000000005	0.8984038962166572	22415
806	22.0	0.37194000000000005	0.8216495089527007	23635
807	16.0	0.37890000000000007	0.9662896052681914	26437
808	25.0	0.38933999999999996	0.8222852231398674	24318
809	15.0	0.38245999999999997	0.8523783721643376	29079
810	20.0	0.37728	0.7836797480218155	26410
811	21.0	0.37796	0.8467712817785158	30378
812	18.0	0.38202	0.8019591457063744	29807
813	17.0	0.40088	0.8831538978135363	32187
814	21.0	0.38128	0.7666265566803075	38615
815	12.0	0.38928000000000007	0.8892628994795343	51116
816	15.0	0.42769999999999997	0.8237575522716796	58676
817	13.0	0.4282200000000001	0.7043934525045488	46184
818	15.0	0.3779600000000001	0.8893802871803655	34746
819	14.0	0.39899999999999997	0.8845739916146068	30070
820	23.0	0.39538000000000006	0.8274779304334893	33903
821	25.0	0.38051999999999997	0.8370653939068582	26903
822	20.0	0.37476	0.8939408618627035	25223
823	18.0	0.3629	0.9657108802201136	23909
824	20.0	0.3667	0.7563641430014	22397
825	26.0	0.3793000000000001	0.9526107672986679	22327
826	17.0	0.37228	0.8998152294281497	24636
827	20.0	0.37973999999999997	0.9094402076193657	25512
828	20.0	0.36701999999999996	0.9524321973245018	20986
829	25.0	0.37109999999999993	0.8505801880494072	20154
830	28.0	0.3769799999999999	0.9022440736934622	21770
831	18.0	0.38537999999999994	0.8077236217206675	28756
832	18.0	0.37352	0.8572093675184846	24283
833	14.0	0.38824	0.9088592251657798	33422
834	17.0	0.37585999999999997	0.8462472870046084	28090
835	26.0	0.3720200000000001	0.9645634950658477	34886
836	22.0	0.36654000000000003	0.9135827199268443	36305
837	15.0	0.38356000000000007	0.967394534342469	45202
838	14.0	0.3743599999999999	0.9233700784621737	42564
839	16.0	0.3649	0.8311744192865341	32406
840	16.0	0.3611	0.8929920758217657	28062
841	13.0	0.35916	0.8441580959675999	26896
842	18.0	0.39388000000000006	0.8507083495601561	23616
843	12.0	0.36292	0.8779565110948839	19947
844	14.0	0.37028	0.9354536366536229	24121
845	21.0	0.36690000000000006	0.79871993873586	20194
846	14.0	0.3744799999999999	0.9131095908299393	20977
847	14.0	0.38209999999999994	0.8405881627797819	24328
848	16.0	0.38704	0.8463091158609287	24655
849	17.0	0.39506	0.8052072686666981	27177
850	18.0	0.37823999999999997	0.8886564148461753	30164
851	21.0	0.39382000000000006	0.9568540147231723	35140
852	23.0	0.38572	0.963442149114248	28668
853	13.0	0.38230000000000003	0.7830594110801944	28030
854	20.0	0.36407999999999996	0.8156720150340709	27222
855	11.0	0.36017999999999994	0.911297386801664	36895
856	15.0	0.39048	0.7970860088311842	39679
857	18.0	0.40041999999999994	0.8122914779598326	51204
858	15.0	0.42913999999999997	0.7763711151873901	50464
859	7.0	0.43448	0.8188061913319884	51857
860	10.0	0.4338	0.8747482306592013	59425
861	14.0	0.45409999999999995	0.687270144504555	57835
862	17.0	0.43628	0.793721101914634	57455
863	9.0	0.43296000000000007	0.7865938202008025	55881
864	11.0	0.43090000000000006	0.8240173596493651	58673
865	13.0	0.40674	0.8146941834647193	59977
866	20.0	0.42018	0.6214124006554157	55623
867	16.0	0.41035999999999995	0.8331290301382895	52400
868	12.0	0.41135999999999995	0.7060390776583759	48191
869	17.0	0.38177999999999995	0.7755944652558777	44763
870	16.0	0.39754	0.8300929599820928	44895
871	22.0	0.41344000000000003	0.8544528308888353	48924
872	20.0	0.38206	0.9415935965781576	47800
873	18.0	0.38222000000000006	0.7578497799029145	39196
874	14.0	0.38504	0.7130360406812926	28736
875	21.0	0.38708	0.7638282753944522	37683
876	19.0	0.3697399999999999	0.8441882803004013	25473
877	22.0	0.36394000000000004	0.9813579557848991	25233
878	12.0	0.36939999999999995	0.7539865609241428	22735
879	18.0	0.3871	0.6604670006463513	26274
880	13.0	0.3838	0.7340978191331717	22313
881	20.0	0.3611800000000001	0.850123665457288	21337
882	14.0	0.3788799999999999	0.7315921831019669	22753
883	16.0	0.37396	0.839987076802503	21500
884	15.0	0.35806000000000004	0.8608976550013712	21059
885	16.0	0.3493400000000001	0.9475822579648018	22166
886	14.0	0.35206	0.9589229670290633	21465
887	13.0	0.3644400000000001	0.9867320145667171	20011
888	14.0	0.345	0.9710682214458135	22286
889	18.0	0.36366	0.9416094902427095	19600
890	18.0	0.36105999999999994	0.9136175670386091	22688
891	14.0	0.37337999999999993	0.7830032241870353	21097
892	11.0	0.3605599999999999	0.8577557941401562	19286
893	14.0	0.3804	0.8130597934672918	19977
894	18.0	0.34693999999999997	0.9172576331326262	22760
895	24.0	0.37232	0.788975090042427	24833
896	18.0	0.3649000000000001	0.928189475915746	31838
897	19.0	0.35332	0.9255868575835203	22785
898	17.0	0.36891999999999997	0.9163357965703943	22192
899	22.0	0.36912	0.8736924965028682	18964
900	18.0	0.35370000000000007	0.89201177088719	20792
901	14.0	0.34497999999999995	0.9360253140021869	21493
902	15.0	0.3727799999999999	0.8255532851963896	21404
903	14.0	0.3619199999999999	0.9159941336098891	20408
904	15.0	0.38026	0.8069998583127811	23399
905	20.0	0.35397999999999996	0.9414969097622217	19594
906	26.0	0.3621599999999999	0.7609811866505152	20375
907	17.0	0.32308	0.8911117520794372	17803
908	14.0	0.34894	0.9151373448782774	17688
909	22.0	0.34600000000000003	0.8688610999833155	14845
910	16.0	0.34084000000000003	0.8396577497861533	16042
911	19.0	0.35918000000000005	0.782164659308706	17155
912	10.0	0.33952	0.965325631158025	16409
913	15.0	0.35901999999999995	0.8316862978913085	16108
914	16.0	0.36312	0.8477942865163072	18070
915	14.0	0.37770000000000004	0.82869043370964	21138
916	12.0	0.3599	0.8179292264616069	18118
917	21.0	0.36824000000000007	0.7148687605128561	16960
918	46.0	0.36558	0.703216838623042	10688
919	98.0	0.36028	0.7832202839479776	9027
920	81.0	0.36516	0.749968876393633	11664
921	96.0	0.35416	0.8601544098971733	10408
922	52.0	0.37116	0.7211080473954768	13826
923	49.0	0.37585999999999997	0.698958384101337	9841
924	68.0	0.36471999999999993	0.8533744390682688	6121
925	76.0	0.35619999999999996	0.8684120544326046	8441
926	43.0	0.36684	0.6362933088358468	15106
927	21.0	0.37856	0.5342885185818647	16915
928	5.0	0.04173999999999999	0.07713931008801947	1171
929	0.0	0.0	0.0	0
930	0.0	0.0	0.0	0
931	0.0	0.0	0.0	0
932	0.0	0.0	0.0	0
933	0.0	0.0	0.0	0
934	0.0	0.0	0.0	0
935	0.0	0.0	0.0	0
936	0.0	0.0	0.0	0
937	0.0	0.0	0.0	0
938	0.0	0.0	0.0	0
939	0.0	0.0	0.0	0
940	0.0	0.0	0.0	0
941	0.0	0.0	0.0	0
942	0.0	0.0	0.0	0
943	0.0	0.0	0.0	0
944	0.0	0.0	0.0	0
945	0.0	0.0	0.0	0
946	0.0	0.0	0.0	0
947	0.0	0.0	0.0	0
948	0.0	0.0	0.0	0
949	0.0	0.0	0.0	0
950	0.0	0.0	0.0	0
951	0.0	0.0	0.0	0
952	0.0	0.0	0.0	0
953	0.0	0.0	0.0	0
954	0.0	0.0	0.0	0
955	0.0	0.0	0.0	0
956	0.0	0.0	0.0	0
957	0.0	0.0	0.0	0
958	0.0	0.0	0.0	0
959	0.0	0.0	0.0	0
960	0.0	0.0	0.0	0
961	0.0	0.0	0.0	0
962	0.0	0.0	0.0	0
963	0.0	0.0	0.0	0
964	0.0	0.0	0.0	0
965	0.0	0.0	0.0	0
966	0.0	0.0	0.0	0
967	0.0	0.0	0.0	0
968	0.0	0.0	0.0	0
969	0.0	0.0	0.0	0
970	0.0	0.0	0.0	0
971	0.0	0.0	0.0	0
972	0.0	0.0	0.0	0
973	0.0	0.0	0.0	0
974	0.0	0.0	0.0	0
975	0.0	0.0	0.0	0
976	0.0	0.0	0.0	0
977	0.0	0.0	0.0	0
978	0.0	0.0	0.0	0
979	0.0	0.0	0.0	0
980	0.0	0.0	0.0	0
981	0.0	0.0	0.0	0
982	0.0	0.0	0.0	0
983	0.0	0.0	0.0	0
984	0.0	0.0	0.0	0
985	0.0	0.0	0.0	0
986	0.0	0.0	0.0	0
987	0.0	0.0	0.0	0
988	2.0	0.34546000000000004	0.1152529991273459	12329
989	13.0	0.37254	0.5744401917029079	15464
990	26.0	0.36448	0.6207952551979308	11060
991	19.0	0.3779199999999999	0.572639513059749	13227
992	16.0	0.3576	0.7474209514597729	15997
993	18.0	0.38870000000000005	0.5483955862221244	18473
994	21.0	0.3801	0.6170365529577047	14881
995	19.0	0.38998000000000005	0.4409430287771545	17899
996	19.0	0.3686	0.5857515450976268	16953
997	17.0	0.36102000000000006	0.6961893184466693	18138
998	12.0	0.36277999999999994	0.4221365056269814	18362
999	18.0	0.38738	0.708079159505555	19841
1000	13.0	0.3500599999999999	0.9637083081010769	18630
1001	12.0	0.3548999999999999	0.9024533267683845	18425
1002	20.0	0.35014	0.9473005094798744	19077
1003	15.0	0.38278000000000006	0.9446006465453005	21408
1004	12.0	0.39472	0.9092624824870691	29391
1005	26.0	0.39078	0.9712022611506167	27323
1006	21.0	0.35816000000000003	0.9704002737694506	24234
1007	17.0	0.35690000000000005	0.9188123392896314	24833
1008	21.0	0.36456000000000005	0.8707437927993048	13142
1009	24.0	0.35348	0.947152667093749	11916
1010	10.0	0.34652	0.8867301031370514	12240
1011	16.0	0.36132000000000003	0.8864947012957665	13787
1012	15.0	0.37517999999999996	0.6621953515044936	14812
1013	16.0	0.40778	0.9605059899727032	20537
1014	12.0	0.35522	0.9695543679738723	13529
1015	14.0	0.34756	0.9767905154040146	12798
1016	13.0	0.32805999999999996	0.9407990778269935	12339
1017	18.0	0.33108	0.9685963613871081	12355
1018	15.0	0.35398	0.848983219689087	14855
1019	13.0	0.35408	0.8630347632896167	13441
1020	16.0	0.35076	0.8737681136407582	13525
1021	19.0	0.34826	0.7876997453404271	14714
1022	20.0	0.36382	0.9415583804148054	13207
1023	15.0	0.34123999999999993	0.9349002020795996	13079
1024	18.0	0.35404	0.8854367223072234	13497
1025	16.0	0.35836	0.9066489294609874	15020
1026	12.0	0.32815999999999995	0.9526046432731844	12323
1027	20.0	0.35796	0.7302290255008498	12892
1028	17.0	0.3335	0.9611227933835528	13918
1029	13.0	0.3425000000000001	0.8285051432107122	14346
1030	17.0	0.33314	0.8414564727019181	11520
1031	17.0	0.34922	0.9096110871971357	13837
1032	19.0	0.35949999999999993	0.8049683417485308	15748
1033	21.0	0.36384	0.8646591291818126	14719
1034	17.0	0.3604	0.973567988202081	13488
1035	12.0	0.35074000000000005	0.9590059794964915	15373
1036	26.0	0.3569	0.8389243261903669	13836
1037	20.0	0.34762	0.9501633851768223	16207
1038	14.0	0.37338	0.7950740423633222	17882
1039	15.0	0.37398	0.8838623355813643	18246
1040	20.0	0.38046	0.825659970153331	21643
1041	14.0	0.37729999999999997	0.9553512636349629	25439
1042	22.0	0.36918000000000006	0.9201905433558718	24443
1043	13.0	0.3697	0.9655119315355437	21820
1044	20.0	0.3588	0.9352382676416878	22908
1045	17.0	0.39318000000000003	0.7905420214964781	28436
1046	14.0	0.3866199999999999	0.9282968446969909	27402
1047	18.0	0.37071999999999994	0.981374962140625	27751
1048	12.0	0.39454000000000006	0.82254896938371	27696
1049	15.0	0.39594	0.8510400801549136	34080
1050	23.0	0.3999999999999999	0.8218538921470816	31056
1051	9.0	0.38083999999999996	0.8009342665156751	26263
1052	15.0	0.38172000000000006	0.9088563698749854	30007
1053	16.0	0.36732	0.9336035434553458	27335
1054	10.0	0.39305999999999996	0.9382101051589741	32868
1055	15.0	0.40041999999999994	0.8724937412995036	31109
1056	16.0	0.38258	0.8717399179602019	32121
1057	9.0	0.3718200000000001	0.8984484486402068	34420
1058	13.0	0.35796000000000006	0.8587381228104618	30512
1059	12.0	0.3643800000000001	0.7130400527557745	27651
1060	19.0	0.38556000000000007	0.6914326855267596	32164
1061	17.0	0.4053	0.7600628155931374	34618
1062	18.0	0.40542	0.6943385942445847	31381
1063	12.0	0.41129999999999994	0.8953604577776285	37052
1064	21.0	0.3881	0.9275453297439765	38033
1065	9.0	0.3876	0.9131489206875466	32552
1066	13.0	0.38414000000000004	0.8944216258274947	34961
1067	17.0	0.38316	0.8943330880403766	30439
1068	16.0	0.35907999999999995	0.932067536654436	36073
1069	18.0	0.38	0.8645573480630473	23104
1070	12.0	0.3903999999999999	0.9611540425296197	24002
1071	13.0	0.40214000000000005	0.9169660563891144	42270
1072	22.0	0.3965599999999999	0.9101324978044552	37705
1073	20.0	0.4001799999999999	0.844380857190757	34672
1074	17.0	0.41240000000000004	0.8854585237309451	43261
1075	19.0	0.41967999999999994	0.7556572892706134	37841
1076	9.0	0.4246599999999999	0.8838463605454061	35359
1077	6.0	0.4245399999999999	0.8700478125785139	38529
1078	15.0	0.42412000000000005	0.9440507725337329	38624
1079	17.0	0.4035599999999999	0.9232454367968469	35470
1080	25.0	0.41651999999999995	0.9387141537191906	44972
1081	17.0	0.4048	0.889905440543873	33669
1082	16.0	0.40324	0.8125382722569771	33040
1083	18.0	0.43222	0.9123204440735986	34995
1084	16.0	0.40044	0.8746511789493241	33657
1085	22.0	0.39884000000000003	0.9093902442070568	31339
1086	22.0	0.39564	0.8356243105171539	30022
1087	21.0	0.415	0.6868290362078395	29010
1088	12.0	0.39042	0.9401084030087526	32347
1089	13.0	0.39283999999999997	0.9050763111183139	35055
1090	7.0	0.4471399999999999	0.8848865303248307	37830
1091	12.0	0.36669999999999997	0.9049085808915339	29866
1092	4.0	0.3663	0.9137335025897855	31979
1093	18.0	0.3782200000000001	0.8898270877966924	30258
1094	13.0	0.38871999999999995	0.9140738332995674	29816
1095	16.0	0.38756	0.8633941660466019	34364
1096	12.0	0.4076000000000001	0.8422109799069198	34814
1097	8.0	0.42312	0.751490511358777	36115
1098	11.0	0.4028000000000001	0.7902158261431544	35914
1099	8.0	0.38594	0.8283923724218133	31562
1100	13.0	0.40622	0.8219651569638864	33859
1101	18.0	0.3685	0.8657836964884379	25894
1102	16.0	0.39263999999999993	0.8349408167814549	33472
1103	12.0	0.4112800000000001	0.9095033687489416	36701
1104	17.0	0.42864	0.8917180695275662	40648
1105	12.0	0.39038000000000006	0.8733053951447219	38771
1106	12.0	0.44447999999999993	0.731892001133483	44811
1107	13.0	0.43573999999999996	0.8189494305785855	50049
1108	23.0	0.41706	0.8450020338927956	46493
1109	10.0	0.41759999999999997	0.8249382486883325	44853
1110	19.0	0.4115	0.7642024035314849	40634
1111	17.0	0.4296400000000001	0.8615539582367665	46501
1112	16.0	0.41967999999999994	0.9342325244397496	35134
1113	14.0	0.40959999999999996	0.8576428274370491	35119
1114	19.0	0.40534	0.9595216839784807	36640
1115	15.0	0.43900000000000006	0.9316141455764229	36995
1116	20.0	0.43264	0.955447606786333	33915
1117	17.0	0.41302	0.9296244919799954	34966
1118	17.0	0.40909999999999996	0.9198888769616357	34218
1119	17.0	0.41508	0.9595638597904997	34471
1120	14.0	0.39803999999999995	0.883775572622909	35375
1121	25.0	0.40058	0.79013113760037	31479
1122	13.0	0.4050599999999999	0.9562099475242007	34104
1123	15.0	0.36745999999999995	0.926491953881299	33790
1124	16.0	0.39248000000000005	0.9446106780827932	33633
1125	9.0	0.40754000000000007	0.9322694752493363	37683
1126	7.0	0.41084000000000004	0.8360220206483298	37547
1127	9.0	0.4089400000000001	0.7662252123217093	38485
1128	4.0	0.43817999999999996	0.749164986906043	48978
1129	10.0	0.43028	0.8032215871325333	46160
1130	11.0	0.39718	0.8500289474899452	37889
1131	16.0	0.39524000000000004	0.8746976570333037	40867
1132	16.0	0.42286000000000007	0.8533016543235388	31070
1133	16.0	0.3943000000000001	0.8049202873552336	34067
1134	18.0	0.4159199999999999	0.9539883843488237	29719
1135	25.0	0.39799999999999996	0.867324963859275	26086
1136	11.0	0.4010999999999999	0.8441351442002555	27023
1137	15.0	0.39484	0.9504352068807498	22438
1138	19.0	0.3821	0.9485694678009329	23292
1139	26.0	0.38086	0.9697276293698943	25645
1140	27.0	0.37304000000000004	0.9724624712215183	22217
1141	15.0	0.37226000000000004	0.9647890357477152	21158
1142	12.0	0.37196000000000007	0.9357419881056155	21594
1143	12.0	0.39394000000000007	0.8429461958751634	24086
1144	17.0	0.38026000000000004	0.8024360158691317	20400
1145	18.0	0.37509999999999993	0.7853490213577994	20720
1146	20.0	0.36732	0.9239605921153912	17676
1147	10.0	0.38377999999999995	0.9080987524596708	21314
1148	19.0	0.37642000000000003	0.9321448862162407	20576
1149	18.0	0.38103999999999993	0.9009830776682968	21626
1150	14.0	0.37992	0.8389904163225664	23351
1151	12.0	0.37478	0.8351776773240468	16467
1152	18.0	0.35358000000000006	0.9377979079262849	19168
1153	25.0	0.3918	0.7205201030936268	18081
1154	24.0	0.37412	0.9666764069251038	20682
1155	13.0	0.40192000000000005	0.9209414898981554	19490
1156	18.0	0.37846	0.7590057289805212	15900
1157	24.0	0.38196000000000013	0.6858239513319173	15704
1158	20.0	0.39220000000000005	0.8891385894567478	20375
1159	23.0	0.37455999999999995	0.8572699526176469	19856
1160	25.0	0.3669800000000001	0.96071785972267	17405
1161	29.0	0.39128	0.9437842174820669	18044
1162	18.0	0.39343999999999996	0.9445558688662827	21785
1163	13.0	0.39908	0.951787773843364	21556
1164	17.0	0.41090000000000004	0.902371263540647	21859
1165	17.0	0.38344	0.8988263681119267	19409
1166	16.0	0.386	0.8276555932600741	18588
1167	18.0	0.3677000000000001	0.9588602554550669	18677
1168	17.0	0.38646	0.9541243755583845	21585
1169	11.0	0.37729999999999997	0.9292949760103164	21836
1170	13.0	0.36846	0.9518914066474723	16458
1171	15.0	0.36117999999999995	0.9376805289810656	15291
1172	19.0	0.38374	0.9027110681224392	16112
1173	23.0	0.36774	0.8273994352445663	13847
1174	15.0	0.37962	0.9349248926578916	16004
1175	19.0	0.37060000000000004	0.9293569926028646	13887
1176	18.0	0.35972000000000004	0.9553148067553981	12186
1177	18.0	0.36552	0.9743048393955541	14004
1178	24.0	0.37392	0.8858206037468319	15347
1179	8.0	0.36425999999999986	0.8694369748906534	17406
1180	15.0	0.36920000000000003	0.9587220375021397	17932
1181	12.0	0.37721999999999994	0.93822914647852	17286
1182	15.0	0.38660000000000005	0.9816249131664404	18735
1183	15.0	0.37472	0.9604469786459865	16576
1184	20.0	0.37528000000000006	0.9292411071763896	15300
1185	19.0	0.36173999999999995	0.9336970183509647	17287
1186	13.0	0.37772	0.7291421132276992	14867
1187	18.0	0.36103999999999997	0.8619066029888243	16095
1188	15.0	0.37134	0.8308094335773549	17484
1189	16.0	0.35532	0.9553239351147553	15359
1190	16.0	0.35867999999999994	0.9676011705304135	18103
1191	15.0	0.36662	0.9256503757885663	16841
1192	13.0	0.3848	0.8213272322739747	18830
1193	16.0	0.39949999999999997	0.959375797749569	25349
1194	20.0	0.38682	0.7951825853248196	21021
1195	15.0	0.38982	0.9171534982077428	26700
1196	15.0	0.39305999999999996	0.9451836463781292	23563
1197	23.0	0.38348	0.7174575432010653	24304
1198	11.0	0.3830799999999999	0.8191827132092223	31573
1199	15.0	0.39746000000000004	0.81133678653273	40060
1200	16.0	0.40312	0.738957307391733	33719
1201	15.0	0.38486	0.8892051180673615	34405
1202	11.0	0.40434	0.9260255699775396	34437
1203	19.0	0.38256000000000007	0.6923291580319733	27632
1204	19.0	0.37195999999999996	0.8497464644973447	30680
1205	17.0	0.37641999999999987	0.8333903281261843	32414
1206	18.0	0.34906	0.8659142753913751	27774
1207	21.0	0.358	0.9141592898120267	30288
1208	18.0	0.36558	0.8550311594651411	28245
1209	19.0	0.39254000000000006	0.8544547136486387	36208
1210	13.0	0.41704	0.7998130150369983	31817
1211	17.0	0.40964	0.9423201562716513	30115
1212	17.0	0.42597999999999997	0.9443976313773644	32808
1213	14.0	0.39416000000000007	0.8693220492928349	30393
1214	18.0	0.37826	0.8875224741056031	29586
1215	20.0	0.37224	0.9497677078637023	27084
1216	16.0	0.37284	0.9501124699732001	23875
1217	19.0	0.44174	0.9583016512704677	30240
1218	25.0	0.45014000000000004	0.9347015749385559	32412
1219	16.0	0.42987999999999993	0.9641744397050283	32017
1220	15.0	0.41166	0.9500060437881037	30324
1221	24.0	0.40702	0.956963986131805	26957
1222	16.0	0.4013399999999999	0.9751239027496921	28050
1223	12.0	0.39586	0.8988510854121855	26625
1224	20.0	0.40468000000000004	0.8953276059763652	29332
1225	14.0	0.40806000000000003	0.9513269273288916	25788
1226	14.0	0.40209999999999996	0.7936159394357658	30182
1227	17.0	0.4011199999999999	0.9176985747817974	35751
1228	15.0	0.41647999999999996	0.9137253708498504	33822
1229	21.0	0.41562	0.8963202518885427	36556
1230	21.0	0.4103	0.507161973846951	40608
1231	14.0	0.40178	0.8157159587782686	44478
1232	9.0	0.3997	0.8788397918574086	41030
1233	14.0	0.38272000000000006	0.8535525871922435	38258
1234	9.0	0.41392	0.8102959629284857	42258
1235	20.0	0.36857999999999996	0.8582257459590886	32042
1236	12.0	0.37238	0.8082215487712341	29030
1237	18.0	0.37188000000000004	0.9176464111463277	34017
1238	19.0	0.41536	0.9042274864023632	36703
1239	13.0	0.42521999999999993	0.6996438128468077	29495
1240	17.0	0.4191	0.9131446515806565	33482
1241	19.0	0.3855400000000001	0.7327992366773056	25726
1242	24.0	0.39796	0.666453678036744	20713
1243	15.0	0.3815	0.736692882858473	16979
1244	19.0	0.3823	0.8720562442213109	17927
1245	16.0	0.37158	0.8819508247068396	18989
1246	13.0	0.37321999999999994	0.912419309482136	17015
1247	20.0	0.39238	0.8711198552993975	19810
1248	13.0	0.36456000000000005	0.9778641561803294	17167
1249	13.0	0.37183999999999995	0.9298737105725047	18040
1250	23.0	0.36178000000000005	0.9678087837152216	13586
1251	18.0	0.36010000000000003	0.8988897171581782	16495
1252	21.0	0.35578	0.8411232131038818	13384
1253	15.0	0.36082000000000003	0.8383787227352293	15435
1254	13.0	0.34312	0.9493180101280768	12625
1255	22.0	0.34865999999999997	0.8547359869823532	13028
1256	15.0	0.35148	0.8365747979205727	15740
1257	20.0	0.38136000000000003	0.7542788325355877	14921
1258	20.0	0.35856	0.8778440413746654	15102
1259	12.0	0.36101999999999995	0.8534784538038833	16227
1260	11.0	0.36017999999999994	0.8943981465046713	15276
1261	17.0	0.37644000000000005	0.9191549023943415	18671
1262	17.0	0.3593	0.9403010595235402	16225
1263	14.0	0.3588	0.9456484655919658	14794
1264	21.0	0.36147999999999997	0.9245990437320988	14827
1265	17.0	0.37836000000000003	0.8544670571852399	17703
1266	19.0	0.3796600000000001	0.9420894335229418	17208
1267	12.0	0.38368	0.7605846134346469	15550
1268	14.0	0.384	0.7600484417843254	15104
1269	13.0	0.37967999999999996	0.9295470227220758	17201
1270	19.0	0.3777999999999999	0.853556545103739	19556
1271	13.0	0.36900000000000005	0.8372311139556617	16489
1272	14.0	0.3582	0.8618692836987012	15217
1273	21.0	0.345	0.8955306307507849	15619
1274	10.0	0.36014	0.845971984079285	16775
1275	17.0	0.3933399999999999	0.6366017263012738	18155
1276	18.0	0.40024	0.9505384837431062	20581
1277	10.0	0.38536000000000004	0.9548473556592637	19086
1278	16.0	0.39102	0.9456834011213063	28945
1279	20.0	0.39885999999999994	0.9235094560284653	29210
1280	24.0	0.35997999999999997	0.8277457548829134	25144
1281	21.0	0.35928000000000004	0.9409873776765901	26230
1282	21.0	0.35041999999999995	0.9353864737017868	26335
1283	24.0	0.3446000000000001	0.9357926136449763	25971
1284	17.0	0.37016	0.7862964746137189	29090
1285	22.0	0.35614000000000007	0.9389225501009715	28886
1286	19.0	0.40458000000000005	0.9375244158869321	35413
1287	14.0	0.4079	0.9354371755169119	34331
1288	15.0	0.41264	0.8999546606512754	34978
1289	22.0	0.38160000000000005	0.7690370091775489	25220
1290	15.0	0.35234000000000004	0.9240666413846879	27093
1291	13.0	0.34624000000000005	0.9375098344324105	26976
1292	22.0	0.34562000000000004	0.9030867924671537	24761
1293	14.0	0.36662	0.8281534906394413	26399
1294	8.0	0.35747999999999996	0.7902656921324559	24748
1295	14.0	0.38258000000000003	0.8456067013231745	29724
1296	14.0	0.3734	0.8847095002080853	35543
1297	11.0	0.36562	0.9196641432291289	32073
1298	12.0	0.37512	0.8772544786236603	35789
1299	13.0	0.3794399999999999	0.8553455411924035	35738
1300	12.0	0.4085599999999999	0.8462356341176818	41011
1301	9.0	0.39786	0.9046777387880148	40128
1302	15.0	0.4038999999999999	0.8267987617597737	43087
1303	15.0	0.40620000000000006	0.8749027058672092	43205
1304	14.0	0.4027800000000001	0.8589225506226504	38532
1305	11.0	0.38946000000000003	0.8538308862871343	31259
1306	11.0	0.3513	0.9083460653354382	27755
1307	23.0	0.36407999999999996	0.8066188189436438	27591
1308	13.0	0.39104	0.799807113607895	37501
1309	18.0	0.36044000000000004	0.9211008399579371	33795
1310	10.0	0.42294000000000004	0.8540100186605745	38887
1311	13.0	0.40441999999999995	0.8255403250157884	33359
1312	21.0	0.4229	0.9188766485264135	31814
1313	22.0	0.40982	0.7453780901717538	29673
1314	12.0	0.41135999999999995	0.8097595911985892	27819
1315	9.0	0.3965000000000001	0.8444256694487011	23863
1316	22.0	0.381	0.9490167034251804	23209
1317	15.0	0.40356000000000003	0.9583562125805454	26156
1318	9.0	0.38855999999999996	0.9667623370988289	23403
1319	9.0	0.4014	0.9406011720246817	26457
1320	24.0	0.40462000000000004	0.8949618852936624	25448
1321	17.0	0.38525999999999994	0.9579882034708644	26283
1322	15.0	0.39334	0.959263709068344	25094
1323	18.0	0.38626	0.9664591178346245	29377
1324	19.0	0.38398000000000004	0.9498870827896876	27615
1325	14.0	0.39824	0.961803031125254	32578
1326	20.0	0.38208	0.988583463958649	33908
1327	15.0	0.37156	0.9734841529254665	28964
1328	22.0	0.38742	0.92848736140342	33741
1329	20.0	0.43076000000000003	0.9326417691642496	31060
1330	10.0	0.42357999999999996	0.7912999712631288	34112
1331	16.0	0.40819999999999995	0.9813458130918585	28085
1332	11.0	0.38911999999999997	0.8925806316888719	24981
1333	18.0	0.38239999999999996	0.9663589422805204	21845
1334	16.0	0.36891999999999997	0.9599619889854397	18573
1335	22.0	0.36238	0.9573865707554801	19325
1336	14.0	0.3629800000000001	0.9071950182401376	18986
1337	15.0	0.374	0.7805591245450944	21563
1338	16.0	0.3946800000000001	0.8822133185472147	25624
1339	15.0	0.37306000000000006	0.8492893982102548	20065
1340	14.0	0.38102	0.6774945915643211	18945
1341	16.0	0.38845999999999997	0.6864995311797822	23069
1342	16.0	0.38096	0.8377452665763879	20893
1343	17.0	0.38284	0.7605015365720075	22273
1344	18.0	0.37448	0.9092826246493192	24473
1345	17.0	0.39558000000000004	0.945912490502717	28266
1346	16.0	0.41298000000000007	0.8731504210836571	25440
1347	15.0	0.3975	0.8251978458248518	25002
1348	13.0	0.3974	0.8055657436693563	31743
1349	17.0	0.4162599999999999	0.8482790912765785	31397
1350	14.0	0.40623999999999993	0.9451730043674139	27896
1351	21.0	0.38789999999999997	0.97287734164944	33068
1352	22.0	0.42156000000000005	0.9290154501964643	44078
1353	19.0	0.39984	0.9578110656411143	36345
1354	18.0	0.4133	0.966789804676354	47776
1355	23.0	0.40925999999999996	0.9430440855510333	39316
1356	11.0	0.4088800000000001	0.9624091970454441	36009
1357	19.0	0.37286	0.8715272449647854	28036
1358	22.0	0.37681999999999993	0.896702381617822	29407
1359	23.0	0.40098000000000006	0.8374315713770529	32597
1360	19.0	0.4095	0.911015385923276	33552
1361	15.0	0.40808	0.9485179146957877	30815
1362	16.0	0.38822	0.9514281418846916	31028
1363	10.0	0.39748	0.8448957749298246	33903
1364	14.0	0.41576	0.8916540578568496	26275
1365	12.0	0.40891999999999995	0.8577509191727423	34305
1366	14.0	0.4143800000000001	0.8882869484416253	39157
1367	5.0	0.43632	0.700445743741808	39763
1368	15.0	0.4023199999999999	0.76875731779012	38638
1369	13.0	0.43522000000000005	0.773255382115045	42534
1370	13.0	0.43083999999999995	0.7544678913869476	42314
1371	13.0	0.41840000000000005	0.7782669626510388	40405
1372	5.0	0.44148000000000004	0.7103029916448109	36308
1373	13.0	0.39812000000000014	0.8339527732589059	36152
1374	9.0	0.4330199999999999	0.7466618490590373	36025
1375	8.0	0.4363	0.7253983597557193	34560
1376	21.0	0.42517999999999995	0.6341848093260813	21774
1377	15.0	0.39368000000000003	0.29589714676736656	4660
1378	10.0	0.46878	0.14965781146808824	2521
1379	10.0	0.35796	0.11098074358694844	129
1380	24.0	0.35540000000000005	0.12256878759368095	28
1381	13.0	0.35452	0.16154419487484173	264
1382	25.0	0.35484000000000004	0.12394220448894866	163
1383	9.0	0.38016	0.10746389262246954	79
1384	16.0	0.39246000000000003	0.14988725018518967	1280
1385	14.0	0.34694	0.25449325403822304	920
1386	14.0	0.40726	0.3653782580033666	3335
1387	15.0	0.41528	0.3508096972394105	1914
1388	17.0	0.38386000000000003	0.21786287285624859	655
1389	15.0	0.3765	0.17435271918184156	587
1390	7.0	0.43019999999999997	0.08290241503515024	358
1391	20.0	0.35228000000000004	0.1134318932217732	357
1392	19.0	0.3587	0.14368242396998096	1213
1393	20.0	0.34521999999999997	0.14053879871488564	497
1394	17.0	0.38908000000000004	0.27659443573043546	1683
1395	10.0	0.45818	0.17241621920488706	1885
1396	4.0	0.4295800000000001	0.09132043075805359	1236
1397	22.0	0.34948	0.11500606797459195	248
1398	18.0	0.35660000000000003	0.14652698973709607	495
1399	18.0	0.36162	0.1443117968864676	578
1400	22.0	0.35303999999999996	0.11369892864192262	321
1401	8.0	0.41788000000000003	0.1100151227805249	2277
1402	15.0	0.3524999999999999	0.19028014553803985	279
1403	18.0	0.35556000000000004	0.32955888094244784	1095
1404	7.0	0.42457999999999996	0.3894492741139679	1373
1405	20.0	0.42072	0.2623813272993846	2143
1406	10.0	0.41468000000000005	0.34324448298406957	7330
1407	16.0	0.40909999999999996	0.35575525820553155	3013
1408	17.0	0.38522	0.21523655129074948	1837
1409	15.0	0.37348000000000003	0.1774298195004334	1111
1410	9.0	0.43238	0.08400184752606148	1822
1411	21.0	0.3502799999999999	0.1169317433910507	1251
1412	18.0	0.3594	0.1477076338606521	2502
1413	17.0	0.35963999999999996	0.4664174535505088	15470
1414	15.0	0.3685400000000001	0.5541001399447106	19214
1415	11.0	0.4068	0.7992526855955068	32441
1416	10.0	0.39982000000000006	0.8072702534309854	31990
1417	10.0	0.41902	0.808569488529403	37686
1418	15.0	0.40476000000000006	0.7912581610457884	32873
1419	13.0	0.4075	0.835558902947568	39093
1420	19.0	0.41430000000000006	0.9445252479045767	34601
1421	20.0	0.4089	0.7375778978673143	31882
1422	20.0	0.39928	0.8429519043310928	32058
1423	13.0	0.4178	0.8848528202526638	39056
1424	9.0	0.40787999999999996	0.9167707952548957	34620
1425	14.0	0.40568000000000004	0.9749335413646586	34546
1426	24.0	0.40536	0.9205419258531001	34579
1427	17.0	0.40812	0.9285163971893354	36717
1428	12.0	0.4138799999999999	0.9602915924572933	42398
1429	15.0	0.43642	0.9520320140563274	42544
1430	20.0	0.40186	0.9720700159768659	42460
1431	12.0	0.37567999999999996	0.9035366517236727	41248
1432	12.0	0.40614000000000006	0.8868233092014735	41104
1433	15.0	0.4131	0.9641195671750586	35482
1434	26.0	0.42412	0.9625866463372454	33793
1435	12.0	0.41938	0.9624727288876515	39818
1436	15.0	0.39892000000000005	0.9342676127446342	40571
1437	24.0	0.42394000000000004	0.852067523218949	40843
1438	13.0	0.41229999999999994	0.9089268122259756	39759
1439	8.0	0.40672	0.8841624902749275	33533
1440	12.0	0.4002200000000001	0.8243226305315969	34457
1441	14.0	0.37328000000000006	0.9289748504307895	30901
1442	19.0	0.38301999999999997	0.9128460814906991	34802
1443	19.0	0.3671	0.8865892691787259	29378
1444	15.0	0.41653999999999997	0.7324204851369357	38206
1445	8.0	0.39392000000000005	0.7102499983252182	33428
1446	11.0	0.36823999999999996	0.8786894704791917	32217
1447	21.0	0.36141999999999996	0.9411962943278068	32859
1448	12.0	0.44276000000000004	0.9550643093266479	38877
1449	19.0	0.43646	0.9364851822833161	40210
1450	19.0	0.42658	0.8546876549968755	34492
1451	7.0	0.45096	0.9655956866158152	37461
1452	17.0	0.42002	0.9680550403511834	32231
1453	14.0	0.4287400000000001	0.9235814138928102	32598
1454	16.0	0.44354000000000005	0.9397843280462861	31645
1455	19.0	0.41450000000000004	0.8692277973491404	40251
1456	15.0	0.42023999999999995	0.866622997573204	41596
1457	14.0	0.38364000000000004	0.9099485679029914	36789
1458	18.0	0.40712000000000004	0.9347847804841263	30732
1459	18.0	0.39897999999999995	0.911182939750389	31548
1460	12.0	0.38948	0.9473836199508804	26634
1461	16.0	0.3981	0.920972436002025	32989
1462	16.0	0.38492	0.9386259981528144	26870
1463	13.0	0.397	0.8574221695333911	25985
1464	19.0	0.39409999999999995	0.963149124803265	29580
1465	16.0	0.41656	0.9405329237717881	28296
1466	11.0	0.39986	0.9348334130993541	27470
1467	13.0	0.40326	0.9676121858328338	26512
1468	14.0	0.4098999999999999	0.9757083026346811	26656
1469	9.0	0.41542000000000007	0.9818792291797914	31082
1470	20.0	0.40681999999999996	0.9027301913663288	32561
1471	20.0	0.40659999999999996	0.9808391336750756	32986
1472	18.0	0.41485999999999995	0.8471370530692025	33378
1473	15.0	0.43178000000000005	0.9728810742932569	32501
1474	20.0	0.4114	0.9381604734011841	33518
1475	12.0	0.4031	0.9369096992198935	33358
1476	14.0	0.42253999999999997	0.913828638573063	34425
1477	21.0	0.40992000000000006	0.8991482006896031	39544
1478	8.0	0.43485999999999997	0.9485719980225747	35843
1479	14.0	0.42450000000000004	0.8634390948812639	36641
1480	18.0	0.36994	0.8138934216077358	25746
1481	14.0	0.3922	0.8047603406436632	30275
1482	9.0	0.36764	0.9141562324921145	27323
1483	16.0	0.42006	0.7972874884944539	33380
1484	13.0	0.41638000000000003	0.773293861586459	33340
1485	16.0	0.40187999999999996	0.91431766456978	30864
1486	16.0	0.42698	0.9155042304189573	30126
1487	22.0	0.3927999999999999	0.8087408404978105	29248
1488	17.0	0.3685999999999999	0.7798200551679207	26442
1489	13.0	0.36972	0.7642050580579068	27154
1490	9.0	0.38205999999999996	0.7980760699485732	31862
1491	17.0	0.41816000000000003	0.6625845534255831	34479
1492	11.0	0.40958	0.8362250091584744	37856
1493	19.0	0.3793600000000001	0.9038322918864771	31727
1494	9.0	0.36776000000000003	0.9021134609541255	30669
1495	8.0	0.3691	0.8901885271300757	32112
1496	14.0	0.3747200000000001	0.9080439126171448	37354
1497	18.0	0.36157999999999996	0.8436828565701652	30880
1498	19.0	0.4119	0.8123458621868199	33621
1499	16.0	0.38453999999999994	0.8306667165066166	28851
1500	22.0	0.40195999999999993	0.9112252738372861	39449
1501	15.0	0.37616	0.5793356393036105	27849
1502	16.0	0.38864	0.7780662617581029	28337
1503	17.0	0.38446	0.756945763042901	25725
1504	15.0	0.39904000000000006	0.9525648283607449	29434
1505	12.0	0.38622	0.7381161927674891	24524
1506	21.0	0.38852	0.8082976958755155	28234
1507	11.0	0.3940600000000001	0.9092711831184502	25015
1508	12.0	0.40329999999999994	0.8999147331115684	28646
1509	20.0	0.4156	0.8852771128879332	33097
1510	15.0	0.4064	0.8924342287827474	33154
1511	18.0	0.41394	0.8555932995441455	37190
1512	15.0	0.43762	0.8630192421345351	47859
1513	16.0	0.45308	0.7603306924382268	40589
1514	19.0	0.41698	0.8465143207503018	44556
1515	19.0	0.41564	0.907125197557014	40938
1516	14.0	0.41942	0.898549687204137	46990
1517	11.0	0.3936599999999999	0.9300381705246774	37223
1518	14.0	0.38903999999999994	0.93576529464754	36403
1519	19.0	0.39074	0.9286618266918774	39703
1520	16.0	0.42222000000000004	0.8809133856611543	43343
1521	8.0	0.45122	0.7296246173450308	46511
1522	14.0	0.45876	0.7811475223778915	42414
1523	10.0	0.43782	0.7182207572716172	37805
1524	20.0	0.42961999999999995	0.777306063610423	35982
1525	23.0	0.424	0.8088380203718891	34869
1526	17.0	0.40252000000000004	0.8794832384650629	35430
1527	23.0	0.40922	0.931106229879473	31516
1528	17.0	0.40076	0.9068176733269461	33856
1529	16.0	0.4184400000000001	0.9623910101790888	31302
1530	21.0	0.41413999999999995	0.972724442200463	28854
1531	15.0	0.40399999999999997	0.9225338508706089	32671
1532	14.0	0.40940000000000004	0.9520776043143365	30232
1533	10.0	0.42544000000000004	0.82856823308305	32741
1534	20.0	0.40773999999999994	0.9116334638907558	35634
1535	16.0	0.37693999999999994	0.6986252877929411	26682
1536	12.0	0.36713999999999997	0.8021101526098703	27235
1537	17.0	0.3648400000000001	0.9007234925921791	28267
1538	9.0	0.43622	0.8614206031088858	28232
1539	17.0	0.3863999999999999	0.8824723023001702	33750
1540	14.0	0.36168	0.914048520846263	29849
1541	7.0	0.39775999999999995	0.8775692650155904	33436
1542	20.0	0.42050000000000004	0.9059499575216586	33098
1543	17.0	0.42764	0.9197408382529924	37115
1544	17.0	0.4093200000000001	0.9384043315665094	36671
1545	9.0	0.42607999999999996	0.9336244045886185	33406
1546	19.0	0.35975999999999997	0.9276548275461559	31763
1547	19.0	0.38124	0.8585303133171406	33160
1548	21.0	0.35574000000000006	0.8312805378495558	26388
1549	13.0	0.36198	0.8145709294183398	30570
1550	13.0	0.365	0.9135826730210309	34009
1551	14.0	0.37648000000000004	0.8727284326656631	40412
1552	13.0	0.39604	0.8830470100436086	36807
1553	10.0	0.39058	0.8672103648362176	36221
1554	20.0	0.37093999999999994	0.7770995155587741	34120
1555	18.0	0.39446	0.877597567968013	36297
1556	19.0	0.46218	0.9503882019607736	49855
1557	16.0	0.41357999999999995	0.8335946366763264	33594
1558	20.0	0.44921999999999995	0.9012887590189568	40334
1559	11.0	0.40962	0.7678186836072208	40640
1560	14.0	0.42560000000000003	0.7694037886882448	41324
1561	18.0	0.43412000000000006	0.9133942162712083	40809
1562	15.0	0.41702	0.8254641257234273	36615
1563	17.0	0.39838	0.7446232623573199	30428
1564	9.0	0.4059400000000001	0.7984536338391568	35532
1565	16.0	0.40221999999999997	0.9046667508500672	31246
1566	20.0	0.3932	0.9224398328417244	33979
1567	14.0	0.41864000000000007	0.7813834309724068	30457
1568	13.0	0.41391999999999995	0.8924797494752528	34824
1569	8.0	0.4158200000000001	0.7759710173395808	37013
1570	9.0	0.43912	0.7967491572897418	43013
1571	8.0	0.40652	0.8691600257689893	34953
1572	12.0	0.40408	0.7906857558791208	42929
1573	17.0	0.37660000000000005	0.8864612330706825	33419
1574	15.0	0.36158	0.8958285862403287	35066
1575	22.0	0.38258000000000003	0.8933409828498269	35295
1576	16.0	0.40881999999999996	0.8753565245934372	41585
1577	9.0	0.41456	0.7635597966866434	43369
1578	9.0	0.3718	0.8797610149946741	34163
1579	17.0	0.37914000000000003	0.9009517029684854	34092
1580	14.0	0.39554	0.9140880432378061	36550
1581	10.0	0.41684	0.7224033869960511	38404
1582	20.0	0.43383999999999995	0.950635845068286	42546
1583	15.0	0.42294	0.9042953900389622	31434
1584	18.0	0.42416	0.7478041946805412	32236
1585	21.0	0.39803999999999995	0.9591883013812535	34415
1586	15.0	0.41251999999999994	0.9222702764039107	32112
1587	11.0	0.4491200000000001	0.892822707229706	44620
1588	14.0	0.44748	0.8704553285372283	41442
1589	15.0	0.43148	0.8527471310788536	41394
1590	19.0	0.43922000000000005	0.8395738601189968	44404
1591	8.0	0.46166	0.7168208412429927	42879
1592	9.0	0.4219200000000001	0.7615599285824823	39062
1593	17.0	0.39294000000000007	0.7507247508052578	32924
1594	13.0	0.38415999999999995	0.7631879538689801	35234
1595	11.0	0.3852399999999999	0.8444984660624558	31871
1596	18.0	0.3901599999999999	0.7551157099701671	35725
1597	11.0	0.42597999999999997	0.8358482116277318	36930
1598	12.0	0.40547999999999995	0.8210049852720774	32319
1599	13.0	0.38553999999999994	0.8809840690490923	30472
1600	16.0	0.38372	0.914020883045621	29048
1601	17.0	0.36778000000000005	0.9213574328426163	31309
1602	18.0	0.38414000000000004	0.8019074804143861	31476
1603	22.0	0.40413999999999994	0.8867549673949863	35705
1604	16.0	0.40838	0.8781542934457609	33265
1605	13.0	0.41747999999999996	0.8860387022487983	30966
1606	16.0	0.4004800000000001	0.8016545593532269	28189
1607	14.0	0.39262	0.8935002506390776	32934
1608	16.0	0.40546000000000004	0.9371398204709364	32557
1609	11.0	0.42904	0.9188379770005823	37468
1610	18.0	0.44378	0.924114206467062	36143
1611	13.0	0.39766000000000007	0.71860801096708	37537
1612	15.0	0.3962000000000001	0.9093793239337018	35928
1613	18.0	0.41276	0.8030104458599251	35321
1614	17.0	0.36668000000000006	0.8915177011429227	27901
1615	12.0	0.35018	0.8885211612861799	31329
1616	16.0	0.34513999999999995	0.9288113742982081	32935
1617	29.0	0.3603	0.8230131600168996	28445
1618	17.0	0.3651	0.8053463097603283	25635
1619	17.0	0.36454000000000003	0.8702242826410166	29354
1620	9.0	0.37270000000000003	0.9394880607830337	36406
1621	19.0	0.40541999999999995	0.946502529973997	45837
1622	10.0	0.41108000000000006	0.931388549536894	38749
1623	11.0	0.3964599999999999	0.898574269627347	36986
1624	12.0	0.4035799999999999	0.8387540971041034	39156
1625	19.0	0.41916	0.7319359695048003	43350
1626	11.0	0.37736	0.8233282766734867	36569
1627	21.0	0.3644599999999999	0.861635948557601	33728
1628	15.0	0.3848	0.7332729153038461	30984
1629	18.0	0.36585999999999996	0.9634230234464544	30235
1630	14.0	0.37726	0.953632322086049	34852
1631	18.0	0.39671999999999996	0.8524607865992162	36211
1632	17.0	0.41634	0.9499124727998315	41220
1633	22.0	0.40337999999999996	0.8995131657971974	38696
1634	18.0	0.41282	0.7741355675364354	36311
1635	15.0	0.37290000000000006	0.8350883409889954	32918
1636	20.0	0.39458	0.9098066819409969	28170
1637	14.0	0.38014	0.9101335474023524	25758
1638	10.0	0.38530000000000003	0.859534019286736	26883
1639	20.0	0.3743000000000001	0.9750157274502839	25525
1640	16.0	0.39209999999999995	0.9124032721919382	24856
1641	16.0	0.3765	0.9470546714386257	22935
1642	24.0	0.39186	0.8548053909127095	25279
1643	11.0	0.3783800000000001	0.8597364903517096	18933
1644	20.0	0.3874	0.7375004615262536	24974
1645	18.0	0.37457999999999997	0.867045642123855	26241
1646	19.0	0.37888	0.9386401019635827	28303
1647	22.0	0.36329999999999996	0.9435931300463976	29979
1648	18.0	0.3593	0.8280519725411571	24631
1649	27.0	0.34813999999999995	0.9432392505095724	23359
1650	15.0	0.34509999999999996	0.9480006336180125	26037
1651	24.0	0.34592	0.8856234789497593	18497
1652	18.0	0.35301999999999994	0.8540327644665785	18832
1653	18.0	0.37126	0.9352100334948614	23552
1654	16.0	0.37226000000000004	0.9019632355890809	24675
1655	14.0	0.38464000000000015	0.869822933376535	21802
1656	8.0	0.37406	0.9397966278300347	21326
1657	17.0	0.36392	0.9577910194375601	24074
1658	20.0	0.38211999999999996	0.9420934923615657	17469
1659	13.0	0.3598199999999999	0.9530368557646501	17602
1660	11.0	0.38588	0.857243197471022	22337
1661	12.0	0.37162	0.7816388976999699	14378
1662	18.0	0.36872000000000005	0.9234397159260563	15900
1663	21.0	0.36302	0.9116873355765601	14520
1664	24.0	0.36212000000000005	0.9747808076346193	13946
1665	11.0	0.3429	0.9750583606591854	14588
1666	24.0	0.35866	0.860769895007322	16420
1667	14.0	0.36338000000000004	0.8258505646054461	12593
1668	18.0	0.342	0.9611165899919056	13448
1669	24.0	0.3631599999999999	0.9789693721049255	14578
1670	19.0	0.35118000000000005	0.8825525529673346	12449
1671	19.0	0.36125999999999997	0.9400320934392941	14908
1672	13.0	0.35026	0.8731833648069943	15170
1673	12.0	0.35868	0.9438658841217864	14221
1674	14.0	0.35388000000000003	0.8954740758750875	14912
1675	13.0	0.34775999999999996	0.9477237986653988	13969
1676	12.0	0.34746000000000005	0.9217390356989564	14552
1677	17.0	0.3529	0.9527682292865874	14075
1678	10.0	0.35501999999999995	0.9421650834216393	14358
1679	13.0	0.36982000000000004	0.8304721561183442	12008
1680	8.0	0.3326	0.9549730389792432	14137
1681	15.0	0.34224	0.968090616066174	12153
1682	15.0	0.35586000000000007	0.86708241839694	14541
1683	18.0	0.34674000000000005	0.9410271222474241	13280
1684	11.0	0.33998000000000006	0.903470600732267	14363
1685	13.0	0.3351199999999999	0.9157217179312653	12946
1686	23.0	0.34436000000000005	0.9388499807845818	14736
1687	20.0	0.33126	0.9151520201700427	13811
1688	23.0	0.33191999999999994	0.9510495938199409	12550
1689	14.0	0.35806	0.9441631462860555	17286
1690	14.0	0.35194000000000003	0.8871095076734383	13161
1691	18.0	0.32152000000000003	0.9652787615946252	14331
1692	22.0	0.33901999999999993	0.9421234194962163	16147
1693	12.0	0.3297	0.8950255488044125	14070
1694	17.0	0.3564399999999999	0.8222191146004233	17539
1695	18.0	0.34480000000000005	0.9158249895948061	19448
1696	11.0	0.33854	0.9386146860854319	16506
1697	23.0	0.3497599999999999	0.8433245840951904	21187
1698	16.0	0.34162	0.8575987166921852	17431
1699	11.0	0.3477	0.8300185430295747	20070
1700	24.0	0.34844	0.8345806555904312	17658
1701	14.0	0.33997999999999995	0.8624251503840807	18855
1702	18.0	0.35903999999999997	0.9350221119624289	17628
1703	15.0	0.33922	0.9379882021823754	17761
1704	10.0	0.3534600000000001	0.942294652641485	17097
1705	8.0	0.32708	0.9267091205760656	14997
1706	11.0	0.33813999999999994	0.906262548823118	16385
1707	12.0	0.3393	0.8660213567266457	12420
1708	13.0	0.35062	0.9314891421108004	16154
1709	20.0	0.34240000000000004	0.9365535934759017	14147
1710	10.0	0.34242000000000006	0.8996933201791432	14925
1711	12.0	0.39843999999999985	0.5031372509776931	16197
1712	16.0	0.3439199999999999	0.9158515241571932	17628
1713	15.0	0.3277399999999999	0.9515682063777456	17273
1714	18.0	0.34254000000000007	0.8970714070705836	19562
1715	12.0	0.36502	0.8846665354265301	19836
1716	21.0	0.35026	0.8426213411809694	23259
1717	17.0	0.3667	0.8843075238392037	25877
1718	17.0	0.37158	0.936178996331808	30422
1719	21.0	0.3552	0.936627615533428	24044
1720	9.0	0.36786	0.7823269800563234	19363
1721	23.0	0.36276	0.8560090698355474	18256
1722	19.0	0.35434000000000004	0.8915311523242472	17334
1723	24.0	0.37246	0.970328529332638	19540
1724	14.0	0.34268	0.8917615229456434	18787
1725	18.0	0.36144	0.9013175109268646	20930
1726	19.0	0.38446	0.7446503489678162	26408
1727	18.0	0.3754	0.7651219884931583	29464
1728	20.0	0.37888000000000005	0.8842530158428307	30881
1729	16.0	0.37383999999999995	0.8490492222361252	26306
1730	16.0	0.37782	0.8409857623552135	27125
1731	15.0	0.37598	0.9000684381917458	27254
1732	17.0	0.35336000000000006	0.9409047003677613	28222
1733	22.0	0.34703999999999996	0.9660056506635767	25783
1734	13.0	0.36940000000000006	0.922361782124544	27279
1735	14.0	0.36097999999999997	0.7506240215785401	17708
1736	20.0	0.36050000000000004	0.7616977874318349	16136
1737	16.0	0.38722	0.8195232185943767	18353
1738	25.0	0.33786	0.9725158970509742	13936
1739	20.0	0.35092000000000007	0.877773547701161	16773
1740	17.0	0.35678000000000004	0.9233287701893433	14599
1741	21.0	0.3466	0.9741379805317225	18363
1742	12.0	0.36645999999999995	0.9517461656752699	16550
1743	10.0	0.3522	0.9040071884752026	15292
1744	17.0	0.36385999999999996	0.8930996673337255	17201
1745	16.0	0.37717999999999996	0.8297097733651541	17217
1746	9.0	0.36536	0.8068004054610685	17094
1747	10.0	0.38120000000000004	0.8458678656921964	18416
1748	15.0	0.38816	0.8531569091920445	25551
1749	14.0	0.3667999999999999	0.8238972480464352	24977
1750	17.0	0.35373999999999994	0.9538780943038901	28601
1751	19.0	0.36766000000000004	0.9484299070159457	32436
1752	15.0	0.3743000000000001	0.7006555118336467	26764
1753	9.0	0.37238000000000004	0.9510511896330779	25134
1754	10.0	0.3722000000000001	0.9342116836752351	23891
1755	25.0	0.35912	0.9624270111247586	20326
1756	16.0	0.35766	0.9673101159606001	18540
1757	21.0	0.3693	0.9243449171171756	23477
1758	18.0	0.37674	0.8259853728367064	21559
1759	16.0	0.42745999999999995	0.9863894686272531	22209
1760	24.0	0.36602	0.9575961278170995	25179
1761	20.0	0.37854	0.8613906364817978	30296
1762	17.0	0.3473200000000001	0.9706844233856405	27123
1763	21.0	0.3558200000000001	0.933318430053445	25992
1764	16.0	0.35922000000000004	0.8332439110752408	25424
1765	13.0	0.37396	0.8622716815681629	28390
1766	15.0	0.38182000000000005	0.9345592432976835	32138
1767	23.0	0.35597999999999996	0.9667892545073423	25432
1768	18.0	0.34790000000000004	0.9621410754585733	28761
1769	23.0	0.36808	0.816335093107004	26830
1770	22.0	0.36273999999999995	0.9069644380995587	28863
1771	14.0	0.37308	0.9846038657013675	30599
1772	16.0	0.34848	0.9144246856114041	26988
1773	13.0	0.34570000000000006	0.9784395601023274	26303
1774	20.0	0.34176	0.9572996072874104	24305
1775	17.0	0.36494	0.9624987184099888	28124
1776	19.0	0.35175999999999996	0.9494030972330485	22973
1777	13.0	0.3641400000000001	0.956784432027265	24847
1778	20.0	0.37534	0.6663500256090129	21238
1779	7.0	0.35015999999999997	0.9204985566750511	23026
1780	13.0	0.34664	0.891829914101465	22781
1781	18.0	0.35638	0.8605628013883266	20201
1782	15.0	0.36514	0.9171098916154901	21078
1783	14.0	0.35391999999999996	0.9674954412777574	18467
1784	21.0	0.34779999999999994	0.9670533642619298	20553
1785	23.0	0.36202000000000006	0.9693159243024192	21457
1786	20.0	0.35888	0.7743943927511837	21433
1787	12.0	0.37256	0.7012237445125938	19492
1788	12.0	0.38378000000000007	0.8364450088121063	23884
1789	14.0	0.37910000000000005	0.9219751040684934	23309
1790	19.0	0.37323999999999996	0.7728936780531162	24017
1791	13.0	0.36939999999999995	0.9596182917921374	26289
1792	12.0	0.37200000000000005	0.9417044956691726	28016
1793	27.0	0.36054	0.9250503301827497	25215
1794	10.0	0.37400000000000005	0.8942814342024503	31189
1795	16.0	0.37434000000000006	0.9020721997749371	36099
1796	23.0	0.37144000000000005	0.930646268187849	38287
1797	17.0	0.39205999999999996	0.7956278340270336	33827
1798	20.0	0.34996000000000005	0.9399864338115923	40223
1799	7.0	0.3668	0.8103928732204584	34298
1800	15.0	0.3571999999999999	0.9498600312406104	33608
1801	18.0	0.37756	0.8407155406536733	30827
1802	11.0	0.37857999999999997	0.7882465415366037	30219
1803	18.0	0.36117999999999995	0.9717303204105572	33194
1804	18.0	0.36642	0.8372633834189095	28579
1805	21.0	0.36404	0.8210916785841438	30460
1806	15.0	0.36508	0.9245954740737492	33678
1807	14.0	0.38408000000000003	0.9153680637783349	33414
1808	12.0	0.39242000000000005	0.9327104493547951	34635
1809	14.0	0.38256	0.9367023614681066	35999
1810	17.0	0.39779999999999993	0.8807758795923176	36882
1811	19.0	0.4134399999999999	0.820701622606324	41032
1812	9.0	0.42934	0.8009768851935353	43150
1813	20.0	0.38476	0.9104512684107182	36227
1814	13.0	0.38372	0.9140334313848685	30491
1815	21.0	0.37504	0.9225523369587505	27931
1816	12.0	0.35479999999999995	0.9201876057928156	22183
1817	18.0	0.37459999999999993	0.7932573807816417	17001
1818	17.0	0.34306000000000003	0.9658979455319225	16950
1819	26.0	0.35824	0.8918947993915621	14897
1820	15.0	0.35553999999999997	0.8751332867674095	15872
1821	17.0	0.35396	0.8341387244614643	13773
1822	11.0	0.35706000000000004	0.912556967100415	16170
1823	12.0	0.34906000000000004	0.9638928410229757	17030
1824	10.0	0.3494	0.936475990607703	17350
1825	13.0	0.34002000000000004	0.9732885377497852	14348
1826	11.0	0.34003999999999995	0.9314677744577557	16128
1827	18.0	0.35778000000000004	0.8475613564404085	15616
1828	14.0	0.32602000000000003	0.9704118615976747	13566
1829	18.0	0.3398399999999999	0.8191470927473729	12164
1830	12.0	0.37089999999999995	0.8755925820244572	14804
1831	11.0	0.3612200000000001	0.7030749328463852	14259
1832	12.0	0.24126	0.7051359874117257	8919
1833	3.0	0.09967999999999998	0.24278050356259429	3334
1834	14.0	0.34547999999999995	0.9410876182863337	13856
1835	15.0	0.35025999999999996	0.9039589673926507	14797
1836	16.0	0.35011999999999993	0.9779623077903307	13741
1837	10.0	0.34074000000000004	0.9543348335326761	16662
1838	15.0	0.34376000000000007	0.9162169218233532	15155
1839	9.0	0.3459800000000001	0.9370254694287913	11505
1840	16.0	0.33720000000000006	0.9654477657387206	13173
1841	21.0	0.34535999999999994	0.9405072076730419	14554
1842	19.0	0.3575199999999999	0.9451305101933075	14561
1843	24.0	0.37542000000000003	0.8384075878970648	13912
1844	16.0	0.36544000000000004	0.9274012015970764	12193
1845	16.0	0.35719999999999996	0.9740558903671133	14025
1846	20.0	0.35174	0.9609040171242857	14486
1847	23.0	0.3508200000000001	0.963458505981495	14846
1848	17.0	0.3661800000000001	0.9373783835757274	15193
1849	12.0	0.37384	0.9110228410483295	14881
1850	23.0	0.3734200000000001	0.8277163368135376	16417
1851	19.0	0.37317999999999996	0.8150333702182423	13697
1852	17.0	0.38683999999999996	0.9107226420591259	15548
1853	16.0	0.39165999999999995	0.9210474949463653	16897
1854	17.0	0.38746	0.8916483684352909	17581
1855	23.0	0.38096	0.8252889311555229	15972
1856	17.0	0.36449999999999994	0.7892680502537188	13548
1857	13.0	0.35708	0.8495169821990994	18427
1858	10.0	0.46869999999999995	0.9967072189359194	20382
1859	10.0	0.37748	0.919006337208736	17134
1860	19.0	0.36704000000000003	0.8371928815368683	17600
1861	18.0	0.37278000000000006	0.8562598205529522	17265
1862	11.0	0.36086000000000007	0.8563225699568257	15175
1863	17.0	0.36266	0.7836384856105221	16679
1864	19.0	0.33312	0.9614290751453294	13880
1865	9.0	0.35318000000000005	0.8929190279844409	18959
1866	10.0	0.35668	0.9155625569587807	17690
1867	15.0	0.38972	0.8743598455857208	23171
1868	7.0	0.36656000000000005	0.9106745692799257	23866
1869	14.0	0.3777	0.7712553699384954	22648
1870	12.0	0.36898	0.9336601046027214	17913
1871	18.0	0.3632	0.9404541035704751	14379
1872	20.0	0.36369999999999997	0.8468926199623256	16553
1873	9.0	0.35600000000000004	0.8363356143308218	15695
1874	15.0	0.37523999999999996	0.9064404276470267	18580
1875	21.0	0.36504	0.9596416807578972	18096
1876	18.0	0.35958	0.9387037972046745	19932
1877	10.0	0.36839999999999995	0.8781561728352482	22252
1878	20.0	0.3806399999999999	0.791939807802553	25563
1879	17.0	0.36641999999999997	0.9204155224507251	26942
1880	13.0	0.347	0.9537868077227666	24581
1881	15.0	0.3853399999999999	0.9230293797504455	25762
1882	19.0	0.36907999999999996	0.9527170836771718	21606
1883	19.0	0.37632	0.870449416869847	25555
1884	20.0	0.35688000000000003	0.9762638861744772	20046
1885	21.0	0.3594	0.8723412913015893	19458
1886	21.0	0.37564	0.9283191255744245	21469
1887	29.0	0.36994000000000005	0.9653704163069721	23925
1888	21.0	0.37305999999999995	0.9324096504610456	20851
1889	18.0	0.37298000000000003	0.9079629278223308	24895
1890	18.0	0.37628	0.7300865700413063	24009
1891	23.0	0.37495999999999996	0.8597686815700457	22880
1892	16.0	0.39348	0.9648802329263455	27631
1893	20.0	0.39066	0.8101350321689871	23234
1894	9.0	0.39132000000000006	0.9208799020346283	27823
1895	16.0	0.3643	0.9652435941556716	25490
1896	14.0	0.36007999999999996	0.9240035712991818	30573
1897	17.0	0.3586200000000001	0.9457725849321108	32790
1898	20.0	0.36751999999999996	0.8922121521200846	32545
1899	15.0	0.40049999999999997	0.9277483972480077	35187
1900	16.0	0.38458	0.8834922272911317	43431
1901	12.0	0.39269999999999994	0.9416620876020815	49023
1902	17.0	0.40820000000000006	0.906604106559918	42752
1903	12.0	0.4567400000000001	0.8869605730044702	47923
1904	18.0	0.4014400000000001	0.9217761866569403	39937
1905	20.0	0.38608	0.9480191592181534	32966
1906	20.0	0.36642	0.9446719239477508	34141
1907	15.0	0.37467999999999996	0.9262312485471899	34481
1908	23.0	0.39203999999999994	0.8306502064274466	32238
1909	16.0	0.37279999999999996	0.9713759354632757	25745
1910	16.0	0.37636	0.8493973987931368	25525
1911	15.0	0.3697000000000001	0.9376708167185912	25056
1912	13.0	0.376	0.8617147055320977	25706
1913	18.0	0.40088	0.8383604171445855	27864
1914	17.0	0.39024000000000003	0.8860906013284017	23786
1915	16.0	0.39076	0.9543865990800136	27554
1916	11.0	0.38242000000000004	0.9305306783197711	27382
1917	21.0	0.3987200000000001	0.7353362369316392	26435
1918	15.0	0.39233999999999997	0.9375374767170639	29331
1919	9.0	0.41519999999999996	0.9160517791329107	31700
1920	17.0	0.3874	0.9249313599741303	33023
1921	16.0	0.38688	0.9351889242491535	38725
1922	17.0	0.40088	0.948885671935005	36602
1923	21.0	0.39234	0.9185331266678691	40705
1924	23.0	0.3886	0.9304458425377063	36986
1925	14.0	0.40156	0.8847956199616053	41868
1926	18.0	0.36176	0.9545884043284073	33349
1927	22.0	0.38552	0.9089182656937504	36548
1928	14.0	0.40416	0.940887573086995	36760
1929	9.0	0.38421999999999995	0.9358394852637307	35059
1930	18.0	0.3741	0.8563283454226785	31523
1931	20.0	0.36748	0.768789977974468	21882
1932	15.0	0.38082	0.6818226433269109	19768
1933	16.0	0.38396	0.74654545279136	20735
1934	16.0	0.3746	0.9183649665723211	18637
1935	15.0	0.36178	0.9332963386851971	17550
1936	24.0	0.37666000000000005	0.9426923162669795	17283
1937	18.0	0.3866600000000001	0.8105142673362471	14610
1938	20.0	0.35875999999999997	0.9182801382154645	15272
1939	16.0	0.37182000000000004	0.8471518305780731	14005
1940	24.0	0.37323999999999996	0.7739752521919822	16002
1941	16.0	0.36606	0.8465482836050073	16137
1942	15.0	0.3637599999999999	0.7208870572368751	12402
1943	12.0	0.36544000000000004	0.909093254738856	16539
1944	17.0	0.35432	0.812369736189769	13178
1945	14.0	0.35572000000000004	0.9057693385629666	14442
1946	20.0	0.35334	0.8576865980156936	14865
1947	12.0	0.3634600000000001	0.8100879911293775	15528
1948	18.0	0.37188000000000004	0.8524590677794013	16911
1949	21.0	0.38589999999999997	0.7383259246824497	13975
1950	16.0	0.36254	0.8704346691381871	14691
1951	13.0	0.34664	0.8073669623425554	15161
1952	16.0	0.35226	0.9387168507703895	15128
1953	11.0	0.37866	0.7874440970466209	16350
1954	18.0	0.3732799999999999	0.9505915795169567	14868
1955	28.0	0.3780200000000001	0.8873629637433724	14522
1956	19.0	0.37953999999999993	0.9014694972029782	16044
1957	13.0	0.36656000000000005	0.8291970796648871	12456
1958	18.0	0.36972	0.8886592486138184	16959
1959	24.0	0.36920000000000003	0.9486637498729815	15992
1960	16.0	0.36768	0.7566421263943326	19547
1961	15.0	0.37536	0.8121237165894953	19295
1962	13.0	0.4125000000000001	0.9644939720930313	27087
1963	13.0	0.3671000000000001	0.8599472801837017	26202
1964	7.0	0.34446000000000004	0.9456481437718353	30229
1965	13.0	0.40230000000000005	0.8832065256580368	38781
1966	13.0	0.39608	0.8416163561251851	34456
1967	13.0	0.38986	0.8178134980284971	33724
1968	22.0	0.36638	0.9425465453430961	24627
1969	20.0	0.37022	0.8212113560642188	19071
1970	13.0	0.3797	0.8991758035317182	11398
1971	9.0	0.38974000000000003	0.9262220122414841	10727
1972	8.0	0.35054	0.8970203615436515	14883
1973	19.0	0.3649	0.816402836803024	15523
1974	14.0	0.36494	0.7424347519707036	12138
1975	15.0	0.35208	0.6999532057206406	9250
1976	14.0	0.3597999999999999	0.48216796265929973	8499
1977	10.0	0.39932	0.43420187165838003	11876
1978	7.0	0.34090000000000004	0.8582463699665202	11741
1979	14.0	0.34424000000000005	0.9211686587712344	12472
1980	10.0	0.3427200000000001	0.8564007858715399	12524
1981	16.0	0.33332000000000006	0.8399367828023323	12372
1982	16.0	0.33978	0.9497945809437548	13064
1983	14.0	0.34566	0.7637517302435853	11679
1984	9.0	0.34396	0.9033943702469525	11568
1985	19.0	0.36019999999999996	0.8964986880152958	12647
1986	24.0	0.34608000000000005	0.9183589641614693	12242
1987	15.0	0.35818000000000005	0.8374177049959476	12164
1988	17.0	0.37788	0.4727398730016385	8821
1989	18.0	0.33024000000000003	0.9773419952427818	12297
1990	14.0	0.33918	0.9165210698033293	13634
1991	25.0	0.3599400000000001	0.918917893486204	14060
1992	12.0	0.35287999999999997	0.854661217083657	12596
1993	10.0	0.36522	0.5917647843238164	8694
1994	12.0	0.41568000000000005	0.46387373193325193	13972
1995	15.0	0.35086000000000006	0.8085062505728258	12983
1996	22.0	0.3352200000000001	0.906987175712756	13421
1997	15.0	0.37158	0.7863996416604899	16120
1998	18.0	0.35016	0.8767678182308615	16046
1999	20.0	0.3658800000000001	0.8925740039913842	16306
2000	23.0	0.36584000000000005	0.8261101555979155	17368
2001	24.0	0.34084000000000003	0.9449767755579309	15456
2002	14.0	0.37445999999999996	0.8712928209887497	14668
2003	19.0	0.33486	0.9602767747285786	14644
2004	18.0	0.35379999999999995	0.9479238927526528	13275
2005	22.0	0.35508	0.790787086151253	14757
2006	16.0	0.36548	0.7908689942084242	13853
2007	18.0	0.35076	0.7895725675069739	13303
2008	22.0	0.35035999999999995	0.8813993519412646	12654
2009	15.0	0.33638000000000007	0.8676530218242038	12399
2010	10.0	0.35431999999999997	0.7564151743945045	12712
2011	18.0	0.35206	0.9116181303750951	13554
2012	10.0	0.32630000000000003	0.8969674060595267	12631
2013	15.0	0.3534999999999999	0.8936861290518912	13968
2014	19.0	0.3353	0.9363466387655541	11284
2015	12.0	0.3336599999999999	0.8662898246889732	13135
2016	14.0	0.35586000000000007	0.9036307595888716	14274
2017	14.0	0.3466	0.779122059766328	13610
2018	15.0	0.36597999999999997	0.8372313937145477	13637
2019	17.0	0.35118000000000005	0.9272073192497922	14255
2020	13.0	0.35324	0.8927350789726373	15134
2021	14.0	0.3629399999999999	0.9283573446172586	12780
2022	9.0	0.3610800000000001	0.8995196515717765	13004
2023	10.0	0.34578000000000003	0.9110644983674128	14582
2024	14.0	0.35301999999999994	0.8591963455377134	13210
2025	21.0	0.36144	0.8409232731592988	12299
2026	21.0	0.33568	0.951782233403513	13377
2027	17.0	0.3398400000000001	0.8301894536186885	12489
2028	12.0	0.3717800000000001	0.8840059484160876	14217
2029	12.0	0.37784	0.7532823080411765	13814
2030	17.0	0.37826	0.6406381138723668	12457
2031	12.0	0.35456	0.9279696151313931	15345
2032	13.0	0.36034000000000005	0.9552419602526557	14473
2033	17.0	0.37311999999999995	0.7559927041472858	14681
2034	18.0	0.33746000000000004	0.9402418765599199	13495
2035	23.0	0.36596000000000006	0.7998959858821418	14974
2036	14.0	0.37592000000000003	0.8732481875004073	16549
2037	19.0	0.36034	0.8959884583587865	15367
2038	12.0	0.35568	0.9123227444209606	17569
2039	20.0	0.37079999999999996	0.8886771607409967	20468
2040	15.0	0.39574000000000004	0.7288490332692533	21531
2041	24.0	0.38152	0.9662436000044683	20027
2042	19.0	0.36316000000000004	0.9355619281333283	20599
2043	15.0	0.35525999999999996	0.9696250416830375	18274
2044	18.0	0.35786	0.9414895991714874	19468
2045	20.0	0.34608000000000005	0.9698949647257019	19791
2046	13.0	0.35534	0.9310634904283278	23626
2047	17.0	0.38123999999999997	0.8280719733387427	25726
2048	19.0	0.3716	0.8875546897325495	31890
2049	15.0	0.3531	0.8965378216480623	29852
2050	15.0	0.33244	0.9655188180460923	23885
2051	16.0	0.37778	0.9263695782677008	25433
2052	13.0	0.37239999999999995	0.9248221741188465	24617
2053	13.0	0.3739	0.9560416565718998	22497
2054	23.0	0.39096	0.8861399177737019	25485
2055	18.0	0.37788	0.9762964664301828	24576
2056	13.0	0.37076	0.9644064980915364	22727
2057	14.0	0.35625999999999997	0.9653097765029723	22018
2058	22.0	0.3594199999999999	0.9346117909887618	23506
2059	20.0	0.36096000000000006	0.9574266544784229	21781
2060	10.0	0.37312000000000006	0.9249569732770495	18491
2061	15.0	0.37404	0.9097970689224488	20411
2062	13.0	0.38088	0.8778129221858668	19992
2063	15.0	0.37670000000000003	0.8983817029803344	21824
2064	5.0	0.3556	0.9308681504346995	19857
2065	14.0	0.35386	0.9481704019585168	17118
2066	19.0	0.36158	0.8874636294515137	16989
2067	16.0	0.39284000000000013	0.8110511419636018	23565
2068	17.0	0.36837999999999993	0.7261284771590887	21853
2069	16.0	0.32654000000000005	0.9626975150608027	18556
2070	17.0	0.36534000000000005	0.907986800372928	22196
2071	18.0	0.33823999999999993	0.9704777031650781	17115
2072	16.0	0.33108	0.9516667884789911	17510
2073	10.0	0.33446	0.9076701451499039	14673
2074	12.0	0.34092	0.9009720588234138	13963
2075	11.0	0.34370000000000006	0.8505944205610227	14443
2076	22.0	0.33941999999999994	0.9005818564564197	24808
2077	19.0	0.34798	0.8485310463816609	11981
2078	22.0	0.35618	0.9570874784510334	15438
2079	19.0	0.3472	0.9611392710624174	13615
2080	19.0	0.36304000000000003	0.9067530770449695	16859
2081	12.0	0.34714	0.8538256579712096	13011
2082	20.0	0.3423	0.9413954369262525	11956
2083	16.0	0.33874000000000004	0.861252311247108	12756
2084	13.0	0.34212000000000004	0.9076886560183053	14144
2085	14.0	0.3603	0.9258287767059742	17671
2086	19.0	0.35316	0.8705988580616096	15875
2087	20.0	0.35724000000000006	0.8925087150828674	17170
2088	19.0	0.35137999999999997	0.9384280556164517	17406
2089	20.0	0.34391999999999995	0.9190907521514672	17365
2090	17.0	0.33488	0.7894611716979164	17281
2091	20.0	0.3257	0.9455849349773924	19685
2092	15.0	0.31915999999999994	0.9660103370240615	15578
2093	11.0	0.33552	0.9362578863355563	15768
2094	13.0	0.33192	0.967503646679026	16916
2095	16.0	0.35115999999999997	0.8939418389810814	18738
2096	17.0	0.32736	0.9693429288251929	14347
2097	8.0	0.35963999999999996	0.8345246866929873	14371
2098	12.0	0.3335999999999999	0.8179352346532498	17529
2099	13.0	0.33606	0.9404932658740366	13632
2100	9.0	0.3439400000000001	0.9457048227377204	13521
2101	8.0	0.35656	0.9214159515436394	15484
2102	13.0	0.33992	0.9400406512704199	14113
2103	10.0	0.34443999999999997	0.9199019120801988	13851
2104	15.0	0.3401599999999999	0.9478997075781536	12727
2105	17.0	0.34396	0.9524935058772593	14344
2106	12.0	0.3510400000000001	0.8761902517143076	15661
2107	9.0	0.34306	0.9352116523926572	13473
2108	18.0	0.32941999999999994	0.9582098861434464	13096
2109	27.0	0.3596199999999999	0.8838462213221787	15057
2110	21.0	0.33906	0.9431838648868864	12647
2111	14.0	0.3510599999999999	0.9260152492719351	14498
2112	22.0	0.33885999999999994	0.9641439119765748	14093
2113	11.0	0.36072000000000004	0.9084326591166241	14982
2114	16.0	0.33030000000000004	0.9566319468162349	14606
2115	16.0	0.34650000000000003	0.8427657732727268	14099
2116	15.0	0.34507999999999994	0.9329602662358943	13843
2117	22.0	0.34328000000000003	0.9197377536798242	14398
2118	7.0	0.33708000000000005	0.9443650220065436	12291
2119	12.0	0.34852000000000005	0.7996113612983776	11599
2120	16.0	0.34334	0.8341977409202656	10921
2121	16.0	0.35176	0.8435296498241716	11037
2122	15.0	0.34914000000000006	0.8152683644090919	14153
2123	13.0	0.348	0.8806433468021758	11908
2124	20.0	0.36304	0.808629913538775	14017
2125	16.0	0.3582	0.9070341321425555	15232
2126	14.0	0.37334	0.8199171201716429	12882
2127	17.0	0.34700000000000003	0.9712641454222807	12924
2128	9.0	0.35363999999999995	0.9675635744662348	14584
2129	15.0	0.34784	0.9029225898939789	14257
2130	15.0	0.34769999999999995	0.9581756666332674	13255
2131	15.0	0.38452	0.938230506153552	16206
2132	14.0	0.38856	0.9715061739130084	18289
2133	21.0	0.37618	0.9437828507702247	17597
2134	15.0	0.39072	0.9700814031316524	18211
2135	16.0	0.37784000000000006	0.9490359753230088	16969
2136	18.0	0.39972	0.9239105415893026	21711
2137	21.0	0.38848	0.957339119269371	18569
2138	10.0	0.38386000000000003	0.9697427013535325	20427
2139	17.0	0.35622	0.961227931039013	14706
2140	20.0	0.38526000000000005	0.9511186119234893	18231
2141	12.0	0.39112	0.9251253275634859	19817
2142	14.0	0.40076	0.9753788832408734	20833
2143	19.0	0.39314000000000004	0.9822731812527641	20605
2144	10.0	0.3778	0.9673426941620445	18690
2145	17.0	0.3665	0.9874382981257126	16628
2146	20.0	0.35772	0.9513262040969174	16527
2147	14.0	0.35438	0.8940037779300452	17845
2148	14.0	0.3696400000000001	0.9279272258646591	22521
2149	8.0	0.3525400000000001	0.9419551353775396	21865
2150	16.0	0.3642	0.8821772115260188	25390
2151	10.0	0.36469999999999997	0.9228997992415234	26302
2152	11.0	0.33405999999999997	0.9331478161998479	21534
2153	18.0	0.32752000000000003	0.9699205510710913	22636
2154	12.0	0.39055999999999996	0.8492458662334978	28838
2155	18.0	0.3975	0.7337863768423355	29251
2156	19.0	0.37650000000000006	0.8409993353963762	32154
2157	10.0	0.4120400000000001	0.837974894370313	30589
2158	16.0	0.39958	0.7612006981526657	32605
2159	23.0	0.40023999999999993	0.949919846478415	37238
2160	10.0	0.39360000000000006	0.9126019438325496	36096
2161	16.0	0.38928000000000007	0.9279770974671014	35996
2162	8.0	0.3900200000000001	0.8763201613706944	34689
2163	15.0	0.35008	0.9022200159201745	26907
2164	15.0	0.34340000000000004	0.8927874378773648	23992
2165	16.0	0.33971999999999997	0.9319580006882315	23464
2166	13.0	0.36571999999999993	0.7615762289861073	21281
2167	20.0	0.35412	0.9059275463817082	24164
2168	11.0	0.34122	0.9812743551324855	21860
2169	13.0	0.35003999999999996	0.9241375058157888	23730
2170	21.0	0.37592	0.8649921230643598	28127
2171	15.0	0.43986000000000003	0.8752016487577151	26500
2172	13.0	0.41126000000000007	0.8483483684151777	30915
2173	10.0	0.40232	0.8726389270938384	29077
2174	22.0	0.37342	0.8912815996236708	33446
2175	10.0	0.38984	0.6728121950887233	30832
2176	22.0	0.37666000000000005	0.9443471253338197	30553
2177	13.0	0.37111999999999995	0.8312213221774303	29012
2178	14.0	0.38898000000000005	0.932257227364967	31027
2179	15.0	0.39078	0.8231025724735791	33615
2180	15.0	0.40048	0.9785069904298878	36822
2181	16.0	0.35644	0.8687360377691746	26288
2182	22.0	0.34565999999999997	0.972430281464229	25157
2183	21.0	0.3716999999999999	0.9369179333615238	27617
2184	15.0	0.39594	0.973862294884359	27658
2185	15.0	0.40378000000000003	0.966839480541116	28881
2186	19.0	0.37066000000000004	0.9433303676288826	21700
2187	14.0	0.39248	0.9187645643882458	22318
2188	20.0	0.385	0.9377306101170158	19718
2189	11.0	0.3684800000000001	0.8043882137769337	18734
2190	8.0	0.36972	0.8241962897350554	15500
2191	21.0	0.37304000000000004	0.8991443496678214	17817
2192	14.0	0.38428000000000007	0.8319430958477363	16464
2193	21.0	0.38710000000000006	0.9144698144626547	16387
2194	16.0	0.37034	0.9577499887975125	14498
2195	13.0	0.35012	0.9608942188107441	13042
2196	13.0	0.33842000000000005	0.9162348805607212	13305
2197	18.0	0.36334000000000005	0.8726185036491027	15811
2198	17.0	0.35312000000000004	0.8418359945101338	14035
2199	19.0	0.34098	0.9354681443586929	14360
2200	17.0	0.36785999999999996	0.7567062867289766	15827
2201	21.0	0.35980000000000006	0.9329539611882381	23099
2202	14.0	0.36134	0.7643729381553984	17686
2203	8.0	0.36494	0.9273476420066804	16881
2204	18.0	0.38394	0.7682988780835357	18274
2205	18.0	0.39330000000000004	0.7981587566327103	21245
2206	14.0	0.37976	0.8154329521955852	19363
2207	18.0	0.36798000000000003	0.7637479231192005	22130
2208	18.0	0.3761	0.8546139751651548	24074
2209	13.0	0.37511999999999995	0.9320291763448194	25033
2210	14.0	0.35381999999999997	0.9310144120429531	19097
2211	23.0	0.38408000000000003	0.9615285123735966	20287
2212	15.0	0.37478	0.8438475367713731	19024
2213	22.0	0.3464400000000001	0.8781116653890432	15907
2214	20.0	0.37884	0.9261237201090745	18754
2215	12.0	0.37694000000000005	0.8704605877541397	21190
2216	23.0	0.37302	0.9273573176336513	24470
2217	14.0	0.37927999999999995	0.9396768679846098	29809
2218	13.0	0.4034799999999999	0.7174980397128978	17380
2219	18.0	0.3991600000000001	0.8902852410293488	21458
2220	14.0	0.39435999999999993	0.9098015681780204	19937
2221	21.0	0.3954	0.922533428255248	20825
2222	16.0	0.37178	0.9472915043259599	15108
2223	21.0	0.37436	0.9712272250088089	17281
2224	20.0	0.37929999999999997	0.8288198780499242	17265
2225	20.0	0.3876	0.9216433549108434	17158
2226	18.0	0.3819600000000001	0.8388723175391767	20245
2227	16.0	0.38952	0.7993707877286041	19584
2228	17.0	0.35666	0.9027714268031383	16359
2229	17.0	0.38628	0.903788709689647	26852
2230	13.0	0.3889599999999999	0.9381885646354728	31896
2231	17.0	0.38886000000000004	0.9317847637062805	30150
2232	14.0	0.38368	0.9255442281088808	25687
2233	17.0	0.40364000000000005	0.9286180685841392	30562
2234	17.0	0.4021	0.8753290137990006	29035
2235	18.0	0.408	0.6636474923424965	29459
2236	12.0	0.3985999999999999	0.8345271220786212	35668
2237	23.0	0.41953999999999986	0.6995918612556574	39833
2238	11.0	0.4271400000000001	0.8855026686154142	38835
2239	15.0	0.40948	0.9176244400101777	38182
2240	25.0	0.39604	0.8625496172092788	38594
2241	12.0	0.37116	0.9253721587905819	39064
2242	18.0	0.36579999999999996	0.9209304729644738	34851
2243	12.0	0.39296	0.9243578722704906	38548
2244	23.0	0.41074000000000005	0.8578298462523911	38815
2245	5.0	0.42388	0.8153727021936064	41036
2246	8.0	0.39436000000000004	0.909059329673402	37619
2247	13.0	0.4450200000000001	0.9448807585413924	46299
2248	16.0	0.44082	0.8436066158010492	40824
2249	18.0	0.41435999999999995	0.9399800714322567	33327
2250	24.0	0.42284	0.9764368672110587	30933
2251	9.0	0.39984000000000003	0.9666980975229763	30743
2252	13.0	0.41454	0.937184869529121	29351
2253	6.0	0.39468	0.8931743869757754	30770
2254	8.0	0.38764000000000004	0.8635406525035513	27812
2255	14.0	0.42145999999999995	0.8386062629871517	31875
2256	14.0	0.40199999999999997	0.8303409915354992	26574
2257	20.0	0.34466	0.9271896356793197	25921
2258	12.0	0.3589399999999999	0.8931807697783133	29883
2259	18.0	0.41374	0.7682988449333193	27358
2260	21.0	0.39714000000000005	0.8687107608701607	20275
2261	11.0	0.39958000000000005	0.8281154660742599	19393
2262	17.0	0.3987199999999999	0.9196614074744255	18085
2263	22.0	0.3610399999999999	0.8597406584064755	15080
2264	12.0	0.39147999999999994	0.9467896433942439	16691
2265	18.0	0.3797	0.8440723131509744	17283
2266	14.0	0.36591999999999997	0.9075563967512884	16959
2267	14.0	0.39364	0.8706689197301687	16836
2268	24.0	0.37552	0.8886014280830999	17597
2269	20.0	0.39333999999999997	0.7171976176562687	17387
2270	24.0	0.35302	0.9562913401407053	15722
2271	13.0	0.35964000000000007	0.933643837282534	14234
2272	20.0	0.38362	0.7645215821971143	15352
2273	16.0	0.38894000000000006	0.9448285820897837	14596
2274	9.0	0.37142000000000003	0.9588385504780985	14534
2275	22.0	0.38733999999999996	0.9452512648260795	17011
2276	25.0	0.36794000000000004	0.9318850842860762	17207
2277	14.0	0.37151999999999996	0.7423328995318982	17220
2278	26.0	0.37000000000000005	0.8263896147686959	17944
2279	14.0	0.3713	0.9061499184470352	15224
2280	19.0	0.38537999999999994	0.7994873457427017	13207
2281	20.0	0.3762	0.8920784026274704	16307
2282	23.0	0.39415999999999995	0.906558725329774	18217
2283	20.0	0.38024	0.6633322089230425	17686
2284	20.0	0.3889	0.7420862062120954	17773
2285	19.0	0.38618	0.7994771627062442	15463
2286	20.0	0.39333999999999997	0.8291555690291549	17589
2287	19.0	0.40946000000000005	0.7612551594667474	19720
2288	15.0	0.41312000000000004	0.8601322395819146	27196
2289	23.0	0.3728	0.7690054523695834	21855
2290	23.0	0.40576	0.9130240635705061	22858
2291	17.0	0.3599	0.9369344059939694	25263
2292	13.0	0.37026000000000003	0.9513215476214141	28234
2293	10.0	0.38837999999999995	0.9283015551296848	26246
2294	14.0	0.4076199999999999	0.852779864041476	26280
2295	14.0	0.41513999999999995	0.8315377650188713	26716
2296	16.0	0.38800000000000007	0.95577092750175	30284
2297	13.0	0.3758599999999999	0.9740629976646399	27198
2298	16.0	0.37817999999999996	0.9533041672967796	30252
2299	11.0	0.3940599999999999	0.9031924348336243	30611
2300	15.0	0.37686	0.791917253538809	24508
2301	14.0	0.4016999999999999	0.8533072075177022	26734
2302	22.0	0.3823	0.9556766157595447	28967
2303	6.0	0.38949999999999996	0.9067299441051965	31714
2304	16.0	0.35686	0.8634609333320192	28997
2305	12.0	0.415	0.8926142762987439	30358
2306	18.0	0.37144	0.9613165369834141	30396
2307	11.0	0.38144	0.9379299430507342	25803
2308	11.0	0.3868599999999999	0.8382106490359957	33607
2309	9.0	0.35546	0.7867032851911121	20930
2310	15.0	0.3582	0.8208008733443305	21359
2311	17.0	0.3537800000000001	0.8507493555484882	21165
2312	20.0	0.35913999999999996	0.9216003018848882	22506
2313	20.0	0.39438	0.9156882730249997	27102
2314	12.0	0.42622	0.9678512824427041	30249
2315	18.0	0.4225999999999999	0.9817369552492019	28298
2316	16.0	0.4013999999999999	0.9701380643077587	23899
2317	19.0	0.40175999999999995	0.9578435977846185	27151
2318	19.0	0.41084000000000004	0.9488196680644843	23786
2319	24.0	0.42154	0.9130199124148218	23754
2320	20.0	0.39306000000000013	0.8400818544568699	23533
2321	21.0	0.4076600000000001	0.9285046904841276	23157
2322	12.0	0.40349999999999997	0.8461017040701433	23813
2323	11.0	0.3984	0.8604455874767171	21841
2324	13.0	0.3882	0.9051891391347797	19154
2325	20.0	0.37370000000000003	0.9485553843637049	16599
2326	11.0	0.37532	0.8721522033280875	16614
2327	20.0	0.37757999999999997	0.8633910012942221	13557
2328	17.0	0.3745200000000001	0.9164687166903974	15266
2329	19.0	0.36053999999999997	0.9160810935258832	15568
2330	19.0	0.3771	0.9320073019790468	16498
2331	17.0	0.36318	0.9549660949892824	15157
2332	14.0	0.35308000000000006	0.9213958506077539	12426
2333	14.0	0.36148	0.8615414488840706	13527
2334	16.0	0.36056000000000005	0.9363259189871406	13455
2335	15.0	0.3389	0.9853942831817053	11651
2336	15.0	0.34393999999999997	0.9412545440956662	12809
2337	11.0	0.3459600000000001	0.8097561217673682	12955
2338	12.0	0.36562	0.8798428112973075	14418
2339	21.0	0.3523200000000001	0.9420357221747168	13325
2340	15.0	0.35196	0.9533414755061954	14185
2341	22.0	0.35562000000000005	0.9300301006493109	12603
2342	6.0	0.36151999999999995	0.9278755469810114	12373
2343	12.0	0.36254000000000003	0.8138342029553421	16162
2344	17.0	0.35356000000000004	0.8793340118102445	13978
2345	9.0	0.35838000000000003	0.8854648477723569	13085
2346	17.0	0.36119999999999997	0.9533623922558461	14303
2347	19.0	0.34513999999999995	0.942227329106389	13444
2348	15.0	0.364	0.9465242258309698	14439
2349	19.0	0.33769999999999994	0.9283995872302259	12358
2350	9.0	0.35259999999999997	0.9305259441824015	12108
2351	9.0	0.3533	0.9577698070096285	12863
2352	16.0	0.37120000000000003	0.9077091312071622	17006
2353	15.0	0.3613599999999999	0.9464980583305643	15147
2354	16.0	0.3753599999999999	0.8309673781924126	15474
2355	19.0	0.36718000000000006	0.8843142743901886	17076
2356	17.0	0.38514	0.7755013714016354	20500
2357	18.0	0.36713999999999997	0.9537839011066683	15326
2358	13.0	0.4048000000000001	0.9075414042402622	20435
2359	13.0	0.3731400000000001	0.8713924747593021	17666
2360	13.0	0.37804000000000004	0.9392563344276775	18172
2361	9.0	0.39031999999999994	0.8181769433390527	22786
2362	16.0	0.3881	0.9218835324943836	25366
2363	18.0	0.3578	0.8995097425100705	25826
2364	23.0	0.36823999999999996	0.8996713026744115	27918
2365	18.0	0.3801599999999999	0.8420352335153576	32562
2366	13.0	0.4073799999999999	0.709952879913919	35632
2367	16.0	0.39748000000000006	0.8000412073440745	34831
2368	8.0	0.3978400000000001	0.842376200116845	41350
2369	9.0	0.38572	0.8747423098171804	31727
2370	14.0	0.35100000000000003	0.9210721762522096	32090
2371	15.0	0.36141999999999996	0.9116284057780134	35945
2372	15.0	0.41303999999999985	0.85174231509875	45808
2373	14.0	0.42994	0.956541084710797	39701
2374	19.0	0.40397999999999995	0.9132133320574684	42744
2375	19.0	0.4196599999999999	0.676274559370281	41843
2376	21.0	0.35276	0.9191215238774019	27552
2377	20.0	0.36066000000000004	0.8610042340890365	26771
2378	29.0	0.38949999999999996	0.852065933865968	23490
2379	19.0	0.3893	0.9226346355325437	25561
2380	14.0	0.38642000000000004	0.7100819471921853	19129
2381	23.0	0.38565999999999995	0.9075648038954288	24288
2382	10.0	0.37450000000000006	0.7472836418862344	20284
2383	17.0	0.35728000000000004	0.9122975286792494	16635
2384	17.0	0.35546	0.8968844117462982	17372
2385	18.0	0.3434400000000001	0.9612062514151541	14908
2386	21.0	0.36678000000000005	0.8691094132294803	17694
2387	22.0	0.35769999999999996	0.896941560471839	16233
2388	17.0	0.3549800000000001	0.9450553736405919	15686
2389	22.0	0.3599	0.7965468465894223	15364
2390	22.0	0.37128	0.8078403494370243	17507
2391	20.0	0.35068	0.9419361306204568	18296
2392	17.0	0.35324000000000005	0.7794297105041321	15748
2393	13.0	0.3458	0.9382578477555352	17457
2394	13.0	0.37005999999999994	0.8980775744771212	18763
2395	13.0	0.37870000000000004	0.8118107485253612	20670
2396	16.0	0.35989999999999994	0.8551732364855313	18625
2397	14.0	0.35052	0.9428252515753093	20418
2398	16.0	0.35772000000000004	0.8934978512719357	18902
2399	16.0	0.35152	0.9078079220705481	17677
2400	15.0	0.3635	0.7817312227196834	14911
2401	16.0	0.33462000000000003	0.9555661169752688	13909
2402	15.0	0.33956	0.9753958195728601	13529
2403	16.0	0.3804199999999999	0.8172475916120605	16273
2404	19.0	0.35363999999999995	0.9595015600418928	16841
2405	17.0	0.36752	0.9273757241000801	15350
2406	10.0	0.34086	0.9367361859346709	15897
2407	15.0	0.3569799999999999	0.888864161073696	16170
2408	18.0	0.35888000000000003	0.7658580764992704	14526
2409	15.0	0.33777999999999997	0.9698934977141463	14239
2410	14.0	0.33968000000000004	0.9416375123388384	15809
2411	12.0	0.36234	0.8376286128861834	14651
2412	13.0	0.34580000000000005	0.9144550147663097	15899
2413	9.0	0.33960000000000007	0.9086735654329139	14114
2414	17.0	0.3432	0.8797075289366043	15007
2415	14.0	0.35692	0.8837714755615432	17299
2416	16.0	0.33538	0.920319510082896	15864
2417	15.0	0.3464600000000001	0.8637468577194921	16757
2418	23.0	0.35628	0.8577682067674242	18750
2419	25.0	0.3617	0.8276066641959714	20040
2420	14.0	0.36053999999999997	0.8250923645838348	18516
2421	21.0	0.3610199999999999	0.8914133593820734	18114
2422	16.0	0.3592	0.8983936753362876	18901
2423	13.0	0.3816799999999999	0.8820056815752474	21036
2424	18.0	0.34793999999999997	0.9293212054343583	17127
2425	14.0	0.35316000000000003	0.8787214481317971	21070
2426	15.0	0.35126000000000007	0.8727567399816641	25926
2427	16.0	0.37148	0.8671159315736863	30138
2428	22.0	0.37938000000000005	0.975824776622642	31988
2429	12.0	0.38382	0.9620757888161696	36022
2430	17.0	0.38837999999999995	0.8282109003329889	29237
2431	17.0	0.36812	0.7841323309928141	21844
2432	15.0	0.38216	0.8558494945553504	22754
2433	21.0	0.38244	0.9528313255709447	23912
2434	22.0	0.39844	0.8648804164380396	22202
2435	15.0	0.38805999999999996	0.974397158987907	21767
2436	12.0	0.40537999999999996	0.7693269065747659	22269
2437	21.0	0.37815999999999994	0.9366904370203751	24702
2438	11.0	0.39764000000000005	0.8377558981968815	26250
2439	18.0	0.39166000000000006	0.7279768614064256	25905
2440	8.0	0.38672000000000006	0.8247631921552956	25932
2441	8.0	0.40324	0.8602789398901981	32905
2442	20.0	0.37703999999999993	0.8981123399342676	34343
2443	16.0	0.38808	0.8742353376784281	32646
2444	14.0	0.4104	0.8468014732031681	32169
2445	14.0	0.38943999999999995	0.9195206875782712	30964
2446	15.0	0.39203999999999994	0.9349436855550777	28784
2447	14.0	0.40571999999999997	0.9362474215594698	25814
2448	18.0	0.43017999999999995	0.9677848071806027	23310
2449	17.0	0.38586	0.94804505631323	24715
2450	20.0	0.39918	0.970629270533042	28077
2451	13.0	0.40168	0.7065957913263097	24110
2452	9.0	0.39283999999999997	0.9418610916467807	24262
2453	17.0	0.35914	0.7816882901425115	22172
2454	13.0	0.36138	0.939984115851879	29690
2455	23.0	0.38948	0.8735051223429753	29578
2456	19.0	0.3839	0.9505369991256917	31083
2457	15.0	0.34360000000000007	0.9627340251026444	26305
2458	21.0	0.33978	0.955760975347595	23100
2459	14.0	0.37304000000000004	0.9119944549941233	24377
2460	9.0	0.36623999999999995	0.8242330943458559	14636
2461	16.0	0.3595000000000001	0.9367652927030665	14863
2462	14.0	0.38308	0.9357217363085306	16717
2463	13.0	0.37323999999999996	0.9396291982013203	16457
2464	19.0	0.36498	0.9452705733487194	16019
2465	17.0	0.38011999999999996	0.8017839315722699	16729
2466	16.0	0.38423999999999997	0.9209783779236048	18009
2467	21.0	0.36583999999999994	0.9483803513630278	14258
2468	18.0	0.36584000000000005	0.9586492591465484	16703
2469	16.0	0.37122	0.9434715605015868	17131
2470	15.0	0.3710000000000001	0.9313414019152327	16435
2471	16.0	0.39098	0.8144568270197793	17528
2472	25.0	0.4073199999999999	0.8595311118808743	22033
2473	22.0	0.39002	0.8351117574198886	19892
2474	15.0	0.3781600000000001	0.9355630183750396	19665
2475	23.0	0.39382	0.8860278079071966	21797
2476	17.0	0.40452	0.8018350608058961	24805
2477	18.0	0.40740000000000004	0.905253941297339	28510
2478	18.0	0.40491999999999995	0.8620119350298528	33291
2479	14.0	0.40887999999999997	0.9609741712470148	32735
2480	18.0	0.39972	0.957348812014203	36963
2481	19.0	0.40315999999999996	0.9173326867691415	32772
2482	19.0	0.40598	0.8770126630417957	30534
2483	16.0	0.39818000000000003	0.8697936187901046	30128
2484	15.0	0.39447999999999994	0.9287480443217758	27871
2485	13.0	0.4072799999999999	0.8611644012425236	24686
2486	21.0	0.40082	0.8593105148262016	21271
2487	21.0	0.39046	0.950073798327779	20224
2488	21.0	0.36966	0.9289112473752137	18692
2489	12.0	0.38455999999999996	0.929382869849179	20506
2490	20.0	0.38018	0.9265696624777164	17004
2491	19.0	0.36959999999999993	0.9336523728020032	14653
2492	11.0	0.38032	0.9311934823465391	16563
2493	22.0	0.38116	0.8365419929351857	14528
2494	20.0	0.36662	0.9372406789268224	13703
2495	17.0	0.37438000000000005	0.8992958337783054	14900
2496	18.0	0.35723999999999995	0.9685087018473344	16302
2497	27.0	0.34694	0.9385523096940976	14832
2498	24.0	0.38406000000000007	0.8856398503040859	17100
2499	23.0	0.34168	0.8151213692525882	13011
2500	11.0	0.36764	0.9366914174178138	14885
2501	23.0	0.3691199999999999	0.8044169264845047	15250
2502	11.0	0.35364000000000007	0.9893069967686056	13925
2503	14.0	0.3705399999999999	0.8511571781420167	14858
2504	18.0	0.3522	0.963473795271165	13927
2505	13.0	0.36296000000000006	0.8386127013248935	14022
2506	16.0	0.36485999999999996	0.9081094497643872	14546
2507	17.0	0.37721999999999994	0.922245829973115	14876
2508	17.0	0.38421999999999995	0.8108504824172418	16054
2509	21.0	0.36963999999999997	0.8283091790230983	14805
2510	17.0	0.37774	0.8737415112391655	17558
2511	20.0	0.39905999999999997	0.7686473985923226	22074
2512	16.0	0.3791799999999999	0.8365479876810316	21419
2513	12.0	0.38261999999999996	0.9634061155276585	31507
2514	15.0	0.36944000000000005	0.8646750935926986	27610
2515	14.0	0.40264000000000005	0.9050390395672426	34460
2516	9.0	0.41292000000000006	0.8979281411370759	38083
2517	22.0	0.42219999999999996	0.8291824687559607	42601
2518	12.0	0.4430800000000001	0.7709515250509854	41695
2519	12.0	0.42344000000000004	0.7677021846934322	38542
2520	10.0	0.4326	0.7029390583879629	42326
2521	7.0	0.43914000000000003	0.713574840843293	44308
2522	12.0	0.44368	0.7579786835125341	46562
2523	13.0	0.42506	0.7931446076541602	33657
2524	14.0	0.4282	0.7001594869452032	37567
2525	14.0	0.40146	0.9399015346864338	39791
2526	15.0	0.40563999999999995	0.8836089000226269	44945
2527	17.0	0.40509999999999996	0.9018125809040923	40807
2528	16.0	0.4084	0.8383349614911094	34990
2529	8.0	0.4046200000000001	0.8240262970766098	37477
2530	18.0	0.38197999999999993	0.8094408983821054	28091
2531	24.0	0.3841200000000001	0.8697688808811638	26315
2532	17.0	0.39636000000000005	0.8470271509968846	31349
2533	21.0	0.37538	0.9544986702363851	26267
2534	11.0	0.38994	0.934251621645696	25956
2535	15.0	0.39765999999999996	0.9598347655871977	31347
2536	21.0	0.36418	0.9234793837921147	26454
2537	12.0	0.37084000000000006	0.8725373557436221	24422
2538	19.0	0.40157999999999994	0.9395261389559236	24799
2539	22.0	0.3852	0.9569298765333389	23752
2540	13.0	0.37473999999999996	0.9147868399453091	24860
2541	19.0	0.39182	0.6512046189179749	26099
2542	13.0	0.38364	0.9067465508485878	22314
2543	20.0	0.39326	0.9131516816193251	23087
2544	20.0	0.39233999999999997	0.8858777432545805	25933
2545	20.0	0.3977799999999999	0.9156721602087252	27023
2546	26.0	0.37762	0.9240730901507989	24906
2547	15.0	0.37566000000000005	0.8220873407782886	30703
2548	7.0	0.3780200000000001	0.9376770736601098	27088
2549	13.0	0.34875999999999996	0.8957497395363476	26442
2550	19.0	0.36644	0.9643482488320141	26169
2551	18.0	0.40732000000000007	0.8992214316533921	21848
2552	14.0	0.36894	0.8116160219423274	14608
2553	15.0	0.38112000000000007	0.9011252700969786	17513
2554	19.0	0.3604	0.9610131609328398	13969
2555	15.0	0.35849999999999993	0.8810647422110178	17066
2556	20.0	0.3618	0.9344964862141022	15350
2557	11.0	0.38142	0.9033684769706767	15008
2558	15.0	0.37184000000000006	0.8836401579473786	16184
2559	17.0	0.38204	0.8601611837492089	18703
2560	22.0	0.37624	0.9629029022101427	18209
2561	13.0	0.38178000000000006	0.8366809828286791	16288
2562	15.0	0.37085999999999997	0.9283753412611268	15118
2563	17.0	0.36288000000000004	0.8934020135591115	17234
2564	17.0	0.36042	0.9233224549552908	15277
2565	19.0	0.37183999999999995	0.6998238917098769	19342
2566	16.0	0.38072	0.834962782396693	22717
2567	14.0	0.35710000000000003	0.9219284958707044	21462
2568	8.0	0.3752400000000001	0.973555548792344	29573
2569	19.0	0.3744400000000001	0.8418663032145413	24611
2570	12.0	0.36786	0.8078525877154621	15351
2571	19.0	0.34636	0.8973132685871025	13245
2572	15.0	0.37852	0.6929668521071898	15673
2573	22.0	0.35718000000000005	0.9154035505749332	14063
2574	16.0	0.3509	0.9557090745089689	14626
2575	18.0	0.3758999999999999	0.9655324436368098	15543
2576	17.0	0.34204000000000007	0.9651028207737828	14601
2577	15.0	0.34163999999999994	0.8003565464496046	11732
2578	21.0	0.35146	0.8042320737509008	13380
2579	19.0	0.3454	0.9168151187412568	13596
2580	17.0	0.35558	0.9442627414675828	16481
2581	21.0	0.35632	0.9307199214921376	12894
2582	13.0	0.38218	0.8096034709996482	19482
2583	16.0	0.37392000000000003	0.9140707039537277	15812
2584	19.0	0.37323999999999996	0.830476240764813	14386
2585	10.0	0.35804	0.9044371501886631	14928
2586	15.0	0.35576	0.9042302739100578	14956
2587	19.0	0.35869999999999996	0.9549340042212624	15130
2588	16.0	0.35236000000000006	0.8957557927676267	13217
2589	17.0	0.37152	0.9436982651876151	17083
2590	15.0	0.35818	0.91909760833034	16470
2591	22.0	0.35292	0.8679034442955769	14263
2592	22.0	0.36116	0.8487527949939103	14788
2593	14.0	0.35483999999999993	0.9363187733573406	15498
2594	14.0	0.3602000000000001	0.8801035937196567	13332
2595	10.0	0.35638000000000003	0.8431068665325269	14488
2596	20.0	0.36193999999999993	0.8941336081061956	13695
2597	10.0	0.38062000000000007	0.8496279554301298	17117
2598	17.0	0.35394	0.7511485438180758	14171
2599	23.0	0.38770000000000004	0.7381262641587554	17734
2600	16.0	0.35018	0.8981368070116665	15197
2601	27.0	0.37284	0.762824305816922	14794
2602	15.0	0.36090000000000005	0.8192264935932739	16121
2603	17.0	0.37677999999999995	0.7840377519369048	21079
2604	13.0	0.38936	0.7075125091775274	25682
2605	8.0	0.37937999999999994	0.7287548061170253	24685
2606	8.0	0.39934000000000003	0.8949247461998072	24754
2607	15.0	0.37838	0.6915459495958698	23623
2608	15.0	0.39488	0.7721668519106232	26818
2609	14.0	0.40726	0.614803931700702	35198
2610	12.0	0.3935	0.8598562067156839	38018
2611	13.0	0.40313999999999994	0.8586715237208912	37049
2612	12.0	0.40448	0.7336695130313947	37817
2613	16.0	0.3934	0.6960703713573009	34549
2614	7.0	0.3933	0.884375565884867	38447
2615	19.0	0.37644	0.9113745486537141	32319
2616	15.0	0.369	0.9069306584753418	33945
2617	18.0	0.35516	0.9335686711747744	30949
2618	10.0	0.40453999999999996	0.8227281003268767	35825
2619	10.0	0.40071999999999997	0.8972399305551252	44531
2620	17.0	0.36712000000000006	0.9171762187779247	33236
2621	14.0	0.3786	0.7659719128168636	42374
2622	12.0	0.3928999999999999	0.8957913636792116	39811
2623	6.0	0.38204	0.8460072040418509	35611
2624	13.0	0.40381999999999996	0.6088248823613922	34888
2625	16.0	0.38354	0.9330739719855891	35713
2626	18.0	0.51116	0.9688024196894195	56490
2627	9.0	0.45399999999999996	0.9325164888544024	43704
2628	14.0	0.49798000000000003	0.9324094539590401	51530
2629	14.0	0.3858	0.5994352293754891	39340
2630	7.0	0.42484	0.9136657827010428	41357
2631	11.0	0.49455999999999994	0.9464822955469172	54562
2632	11.0	0.49213999999999997	0.9471528559761998	53046
2633	18.0	0.43094	0.8183486561951414	49625
2634	19.0	0.45899999999999996	0.8458472567968933	41513
2635	11.0	0.46306	0.9366384163964735	52002
2636	10.0	0.49572000000000005	0.9285620939105226	51845
2637	12.0	0.41098000000000007	0.779051525724943	43697
2638	20.0	0.37962	0.8499700979839653	34812
2639	10.0	0.42892	0.9209502865645656	36052
2640	12.0	0.42175999999999997	0.8912505048783317	42303
2641	17.0	0.43024	0.8909413714556339	39332
2642	15.0	0.47618000000000005	0.8637773155586573	48553
2643	12.0	0.472	0.8821138337023808	44321
2644	24.0	0.39538000000000006	0.9233268437297701	46831
2645	16.0	0.42968000000000006	0.7749905205186566	44332
2646	12.0	0.43487999999999993	0.6424323306882558	41430
2647	9.0	0.4543999999999999	0.7444661831526903	53274
2648	18.0	0.4167	0.8431223753274907	40555
2649	11.0	0.45478	0.8349442480740851	38787
2650	12.0	0.42148	0.7618060657398008	37790
2651	11.0	0.49204000000000003	0.9553325675734797	45449
2652	11.0	0.5102600000000002	0.9708985133929795	38033
2653	17.0	0.4895000000000001	0.9336919951065171	39399
2654	13.0	0.46606000000000003	0.9741861575368483	38078
2655	11.0	0.4621	0.970292089231109	34659
2656	14.0	0.45204	0.9458459549336639	38389
2657	18.0	0.4257	0.9642378750618342	32600
2658	19.0	0.44644	0.8534241248682753	28940
2659	13.0	0.39677999999999997	0.8834363317173427	30448
2660	15.0	0.47322	0.9622167687264789	41532
2661	9.0	0.44730000000000003	0.9652388000489518	38849
2662	18.0	0.46692000000000006	0.9749159402508066	36007
2663	16.0	0.47423999999999994	0.9156431800031444	42332
2664	13.0	0.49391999999999997	0.9511814304163446	51750
2665	10.0	0.46649999999999997	0.8984559335883419	46424
2666	16.0	0.46978000000000003	0.8323631385436635	48139
2667	10.0	0.479	0.7882443539204527	47434
2668	9.0	0.5003799999999999	0.8711585189503216	49019
2669	21.0	0.51116	0.9337981290335334	44674
2670	12.0	0.42758	0.8664065317736596	45229
2671	12.0	0.43378000000000005	0.7987738201085877	46007
2672	11.0	0.4023799999999999	0.7870194149700567	43144
2673	14.0	0.39927999999999997	0.7329160770306885	41912
2674	16.0	0.43488	0.8161460298509302	45551
2675	11.0	0.47840000000000005	0.8328546517318806	48988
2676	9.0	0.47259999999999996	0.8061068437258493	51060
2677	12.0	0.5124	0.8680916489476903	49035
2678	11.0	0.48584000000000005	0.8814446543627407	48843
2679	8.0	0.45004	0.7128774588627672	49571
2680	8.0	0.42212000000000005	0.7276497140561485	39416
2681	10.0	0.43012	0.7720563619334897	46585
2682	9.0	0.4159999999999999	0.7894742964751912	44069
2683	21.0	0.41714000000000007	0.7924191411322784	43905
2684	5.0	0.46306	0.7690675336342471	46018
2685	15.0	0.4105	0.8709279312790728	44971
2686	13.0	0.43904000000000004	0.8005615122642445	47229
2687	7.0	0.53762	0.9804894586722364	52381
2688	9.0	0.49327999999999994	0.9347580698692819	49789
2689	10.0	0.48910000000000003	0.9521135765856654	55048
2690	14.0	0.44888	0.9446964164334489	44085
2691	16.0	0.47284	0.9745799701245339	53660
2692	11.0	0.41131999999999996	0.9510263143511438	45205
2693	8.0	0.48562000000000005	0.977841852958764	46160
2694	15.0	0.45052	0.9521963191354579	44675
2695	13.0	0.4586800000000001	0.9635321515710115	48830
2696	9.0	0.4813000000000001	0.9359346467342634	48306
2697	11.0	0.46327999999999997	0.9414685068628346	43086
2698	20.0	0.47536	0.9720090287222671	44331
2699	16.0	0.44171999999999995	0.9737444750247751	37328
2700	20.0	0.43822000000000005	0.9659676079406051	32737
2701	19.0	0.44096	0.8098801093729421	35840
2702	2.0	0.4114399999999999	0.9700630433052632	14205
2703	13.0	0.48222000000000004	0.961432928365131	38304
2704	13.0	0.44806000000000007	0.979216874537719	40788
2705	21.0	0.37882000000000005	0.9483245968633979	34438
2706	12.0	0.41068000000000005	0.9088454268101501	33335
2707	18.0	0.48088000000000003	0.9698584405719414	40947
2708	19.0	0.43695999999999996	0.9659915079845895	42839
2709	23.0	0.39959999999999996	0.9644375925654199	41190
2710	10.0	0.43944000000000005	0.9642876948536007	37417
2711	13.0	0.44162000000000007	0.9493947568767953	39442
2712	11.0	0.4258599999999999	0.7644784034843596	28482
2713	15.0	0.40686	0.9539894306357122	33418
2714	18.0	0.39819999999999994	0.9216249766151327	29749
2715	8.0	0.40523999999999993	0.9011898402050539	30262
2716	25.0	0.37085999999999997	0.8787541077660045	29829
2717	23.0	0.40214	0.8128658121912072	31897
2718	15.0	0.37945999999999996	0.8139279410262359	25187
2719	20.0	0.39622	0.9491991050642071	27508
2720	13.0	0.37965999999999994	0.9568829607237782	28769
2721	20.0	0.40886	0.8391772354638805	27107
2722	17.0	0.4074400000000001	0.8264843390022294	28163
2723	13.0	0.3999599999999999	0.7394588665071673	23893
2724	13.0	0.3770199999999999	0.899449423051189	23238
2725	15.0	0.40072	0.6502984845607178	23218
2726	26.0	0.40090000000000003	0.9203928478040453	24370
2727	16.0	0.41246000000000005	0.8620789560320965	22628
2728	16.0	0.44836	0.9705053547358026	29539
2729	10.0	0.43005999999999994	0.9441297098175678	28035
2730	15.0	0.42940000000000006	0.970927816614056	29757
2731	14.0	0.41326	0.9685620134978412	30862
2732	11.0	0.42626000000000003	0.9786739772778784	28949
2733	13.0	0.44246	0.9499310027462817	31937
2734	15.0	0.44248	0.9693245970770229	30506
2735	19.0	0.4137599999999999	0.8554287180679274	29130
2736	19.0	0.43366	0.9515044891405561	33299
2737	11.0	0.42370000000000013	0.6278545098093682	26348
2738	11.0	0.44732	0.9564845640806326	33268
2739	15.0	0.42996	0.951942510775042	30570
2740	17.0	0.4355	0.9185431191646044	35937
2741	23.0	0.41800000000000004	0.9439724863763209	37038
2742	18.0	0.38165999999999994	0.7993342888599566	33995
2743	9.0	0.38510000000000005	0.9049927705432235	37505
2744	18.0	0.38624	0.8796362666130453	39803
2745	22.0	0.38504	0.9052567833769505	38681
2746	12.0	0.39826	0.7263653738472895	34351
2747	14.0	0.42719999999999997	0.8148547934557618	43878
2748	8.0	0.45067999999999997	0.77525227926922	44612
2749	10.0	0.42072	0.7908960958671103	42534
2750	17.0	0.42742	0.8529130941053263	47248
2751	12.0	0.46771999999999997	0.754403133314008	48704
2752	9.0	0.4435	0.7689400491826347	47291
2753	7.0	0.46206	0.821503623570973	43561
2754	11.0	0.42606	0.7947643798023778	44669
2755	12.0	0.4989	0.8413173293810254	50564
2756	12.0	0.48156	0.8020793714623261	50570
2757	6.0	0.43523999999999996	0.8092915599425263	45300
2758	12.0	0.45799999999999996	0.8526827672527832	48782
2759	16.0	0.49126	0.8808839070105109	52176
2760	8.0	0.45922	0.7357158466789484	47177
2761	13.0	0.47050000000000003	0.8100299751019434	49327
2762	15.0	0.42125999999999997	0.7942025386589567	42521
2763	14.0	0.39568	0.9152362299149193	38819
2764	22.0	0.40896	0.9194729286750594	44742
2765	15.0	0.48479999999999995	0.9495715877072285	37135
2766	12.0	0.44082	0.7889773159978809	41762
2767	12.0	0.42806	0.901732117311137	41343
2768	9.0	0.42764	0.8635181630278946	42305
2769	17.0	0.45004	0.9188232427333893	47481
2770	11.0	0.46230000000000004	0.7887560514976825	50704
2771	9.0	0.46354000000000006	0.7312975044513763	48806
2772	14.0	0.42125999999999997	0.8648587573511559	50993
2773	14.0	0.42146	0.7772282654700154	46209
2774	14.0	0.5155	0.8748512720833949	54358
2775	10.0	0.32977999999999996	0.6360058888987496	39217
2776	1.0	0.12738000000000002	0.20966050420560492	15131
2777	12.0	0.49072000000000005	0.6820517263645395	56209
2778	11.0	0.4667	0.6341195885662362	52356
2779	11.0	0.43036	0.7210602066812573	46857
2780	15.0	0.53852	0.9474736638739315	48638
2781	9.0	0.5525200000000001	0.8840310455582444	51994
2782	8.0	0.53496	0.8547207652481674	57740
2783	5.0	0.52888	0.907675392928033	45756
2784	13.0	0.51446	0.9691628557836626	40779
2785	12.0	0.5061800000000001	0.9810264333224397	43735
2786	13.0	0.44044000000000005	0.9308372812608755	38935
2787	17.0	0.42866	0.9121392846691023	43490
2788	19.0	0.41375999999999996	0.9243678770161518	39364
2789	12.0	0.40303999999999995	0.8955235299629241	40370
2790	17.0	0.45635999999999993	0.9372803479804944	45102
2791	14.0	0.43632000000000004	0.8789371887634435	51549
2792	7.0	0.45718	0.9110428971581767	53719
2793	12.0	0.4013400000000001	0.8743367290861326	41539
2794	13.0	0.49142	0.9047983715214539	47790
2795	8.0	0.43410000000000004	0.7714079679583032	48237
2796	10.0	0.38698	0.7438650815700368	34746
2797	16.0	0.36711999999999995	0.7964956233191018	31723
2798	16.0	0.4542000000000001	0.8935942370117357	45759
2799	16.0	0.42756	0.8103674941478564	41162
2800	16.0	0.46782	0.8196418759150039	48154
2801	13.0	0.45264000000000004	0.82667427643542	53272
2802	8.0	0.39452	0.7782952869176678	34618
2803	9.0	0.3959	0.8672836030603075	26939
2804	3.0	0.4179	0.8645388881138438	25342
2805	11.0	0.39824	0.7801882782731681	22767
2806	14.0	0.38354000000000005	0.8952665329891538	23634
2807	19.0	0.40238000000000007	0.9191562904031196	24243
2808	13.0	0.36957999999999996	0.9032957314565233	23025
2809	12.0	0.38956	0.8100658838480673	22413
2810	8.0	0.3882	0.8780974122637498	19378
2811	12.0	0.42907999999999996	0.8040159891923677	24620
2812	12.0	0.40062	0.8751142253525113	25832
2813	14.0	0.4243800000000001	0.8817105203445406	36956
2814	13.0	0.43286	0.9135539303243682	35835
2815	9.0	0.4516800000000001	0.8851066115569718	37553
2816	24.0	0.41989999999999994	0.8017883610401342	34253
2817	11.0	0.49462000000000006	0.9299068875631554	44871
2818	12.0	0.4096600000000001	0.8891932205482269	40973
2819	17.0	0.4101000000000001	0.9034494739164106	42016
2820	10.0	0.49496	0.9286451797182879	44558
2821	10.0	0.50402	0.9468136420186775	51756
2822	23.0	0.49901999999999996	0.9472193038230149	43400
2823	8.0	0.50306	0.9431337577861588	42168
2824	13.0	0.52832	0.9279227806938084	46384
2825	20.0	0.47306	0.8469440207434954	47310
2826	13.0	0.48276	0.9341779381819784	53029
2827	13.0	0.42778	0.8742839354750614	44634
2828	10.0	0.43768	0.7929607369098628	39415
2829	11.0	0.43918000000000007	0.7999209299464978	39611
2830	22.0	0.39474	0.8920723751938601	36097
2831	17.0	0.47706000000000004	0.8429114319404548	44457
2832	7.0	0.46025999999999995	0.8076140365966673	48468
2833	11.0	0.47102000000000005	0.8807934273031807	45184
2834	16.0	0.4611	0.8308991053878377	45124
2835	10.0	0.45982000000000006	0.8328438144860094	45137
2836	13.0	0.45199999999999996	0.8947886101744421	43241
2837	12.0	0.43965999999999994	0.8855374164923947	41229
2838	13.0	0.4323599999999999	0.8544216792951093	38195
2839	17.0	0.42804000000000003	0.9112169453107496	37604
2840	11.0	0.45116	0.8993536013404518	36088
2841	12.0	0.44494	0.9195264545273871	38272
2842	19.0	0.43431999999999993	0.9164436230631212	39404
2843	12.0	0.43727999999999995	0.9401096493580932	35395
2844	16.0	0.4391	0.9649756585524033	37402
2845	20.0	0.42657999999999996	0.943521313506725	36735
2846	17.0	0.40436000000000005	0.924461027757165	33395
2847	14.0	0.4107800000000001	0.8153348408942349	32596
2848	11.0	0.41214	0.9456019740360848	34481
2849	22.0	0.41528	0.8581898225430546	36474
2850	15.0	0.41895999999999994	0.9688283221361405	40356
2851	22.0	0.4265	0.9271641702862444	41416
2852	12.0	0.42518000000000006	0.9356247265213795	47114
2853	14.0	0.36455999999999994	0.9341890142433005	31352
2854	15.0	0.37632	0.8810153961552636	34559
2855	26.0	0.3847	0.9494161635994031	32133
2856	8.0	0.39263999999999993	0.9295605855685465	33411
2857	10.0	0.39555999999999997	0.9418871268775219	28258
2858	12.0	0.38378	0.9399846362849533	25862
2859	17.0	0.40553999999999996	0.9070597832809157	30210
2860	16.0	0.39360000000000006	0.9397278996291852	27547
2861	20.0	0.39671999999999996	0.9307841160776165	24433
2862	13.0	0.3889000000000001	0.9400910981159617	26221
2863	20.0	0.39556	0.9241071719143593	24378
2864	14.0	0.39649999999999996	0.8577066513706616	22499
2865	16.0	0.39128	0.957332574413695	22066
2866	16.0	0.37705999999999995	0.8926358552117701	17249
2867	27.0	0.38524	0.935303843760293	19254
2868	22.0	0.40002000000000004	0.7586163019342494	19224
2869	13.0	0.37134	0.9279915277484623	18442
2870	12.0	0.37300000000000005	0.970721216877974	23425
2871	17.0	0.38380000000000003	0.9595613814328896	23163
2872	17.0	0.37116	0.9381704547645716	18156
2873	12.0	0.37386	0.9407696157130017	17830
2874	8.0	0.38902000000000003	0.8762053966053072	18091
2875	17.0	0.38092000000000004	0.9367843646670744	15958
2876	17.0	0.37814	0.9528578901889366	15115
2877	16.0	0.3745800000000001	0.7703531193717535	16774
2878	13.0	0.35528	0.8302468072515539	13195
2879	19.0	0.39575999999999995	0.7684180979846281	16454
2880	12.0	0.37918	0.8140747512282815	17244
2881	15.0	0.35978	0.8336326177135706	12779
2882	19.0	0.36794000000000004	0.8793100466133674	16027
2883	9.0	0.35600000000000004	0.955582200047276	14968
2884	20.0	0.36986	0.8202849422057291	15086
2885	16.0	0.36934000000000006	0.7689337622533109	14190
2886	16.0	0.34794	0.914975481179199	13345
2887	18.0	0.35547999999999996	0.8449600970738957	14268
2888	13.0	0.36914	0.9057038946593812	15644
2889	19.0	0.36744	0.9281931689568687	15715
2890	16.0	0.36028	0.8879752207654094	15454
2891	14.0	0.3661	0.8916168594078786	16490
2892	21.0	0.37768	0.9301300335659641	16545
2893	15.0	0.36857999999999996	0.9016026598549708	15178
2894	15.0	0.37113999999999997	0.8487496027228708	16997
2895	9.0	0.38238	0.7908875047166852	19586
2896	14.0	0.3889	0.7919215074095897	21029
2897	16.0	0.3865199999999999	0.8820577068391084	29044
2898	17.0	0.38042000000000004	0.9669673089595046	27124
2899	10.0	0.3778599999999999	0.8514857237874338	24650
2900	19.0	0.38836	0.7669856315773697	31735
2901	17.0	0.38664000000000004	0.9582445380436204	34788
2902	22.0	0.3819600000000001	0.8437660157279352	36751
2903	13.0	0.3891199999999999	0.9404872000441229	30981
2904	20.0	0.40891999999999995	0.9619067179124098	44816
2905	14.0	0.4102	0.7291899679751727	41294
2906	13.0	0.4103	0.8837539538753864	35833
2907	15.0	0.40854	0.884805268622164	33334
2908	14.0	0.4395	0.9489299653838938	44299
2909	12.0	0.40584	0.8979415015124422	39199
2910	10.0	0.379	0.8631223396854295	34816
2911	15.0	0.43288	0.7526822125857224	54316
2912	11.0	0.38488000000000006	0.8452888402517811	37383
2913	18.0	0.38392	0.8811905512348216	37445
2914	17.0	0.4499	0.9231477825935982	40144
2915	19.0	0.41620000000000007	0.90630672289492	36676
2916	16.0	0.3931	0.9018458798304386	37838
2917	18.0	0.3643600000000001	0.9392129145551427	34912
2918	11.0	0.41845999999999994	0.8872198716629018	34234
2919	21.0	0.41394000000000003	0.8223511264427156	28023
2920	18.0	0.41623999999999994	0.9706014968568728	26210
2921	21.0	0.403	0.9176376824471836	22237
2922	22.0	0.4013600000000001	0.9159002139221009	17995
2923	9.0	0.38886	0.9461088601792165	16511
2924	17.0	0.38595999999999997	0.9218158434634102	16842
2925	11.0	0.3998999999999999	0.918743034092929	17740
2926	22.0	0.39216000000000006	0.928086981036539	20270
2927	17.0	0.38223999999999997	0.7786019804234615	17430
2928	16.0	0.38294000000000006	0.9484629158773654	14867
2929	11.0	0.37828	0.9367762554522974	12731
2930	18.0	0.37794000000000005	0.830514075855789	13356
2931	14.0	0.38926	0.8225924562673569	17891
2932	10.0	0.40049999999999997	0.8820419335621338	16392
2933	15.0	0.37666	0.8639134321141857	16120
2934	19.0	0.38742	0.9457717327539583	14384
2935	20.0	0.41964	0.9784127465960695	19194
2936	14.0	0.42066000000000003	0.9150364037082585	20004
2937	16.0	0.3904599999999999	0.8870076792159377	16429
2938	16.0	0.39547999999999994	0.898849158227369	19433
2939	16.0	0.39062	0.8323497852066766	19911
2940	14.0	0.38611999999999996	0.884662273018686	17254
2941	19.0	0.38354	0.8549127397982932	15645
2942	13.0	0.38345999999999997	0.9085547007975784	15453
2943	15.0	0.3757600000000001	0.9382426706475677	16688
2944	25.0	0.38931999999999994	0.8832833388480139	18943
2945	11.0	0.3865	0.8999230356808148	19480
2946	16.0	0.38932	0.7874653043820271	17173
2947	27.0	0.36672	0.951732656649917	16066
2948	23.0	0.3638799999999999	0.8406759760604525	15420
2949	14.0	0.34836	0.9686126528928758	19694
2950	14.0	0.3691	0.9125017198989773	19159
2951	19.0	0.34814000000000006	0.931957295657775	18368
2952	20.0	0.3609800000000001	0.7944230953700485	17328
2953	13.0	0.38004000000000004	0.821774720656996	23725
2954	7.0	0.36286	0.8442061287566778	18892
2955	19.0	0.37070000000000003	0.969545008572063	27827
2956	16.0	0.38222	0.9600288032038167	30691
2957	20.0	0.38892000000000004	0.8725194496963938	31785
2958	16.0	0.39532000000000006	0.9294242119965584	33969
2959	15.0	0.375	0.8216661702644946	28403
2960	16.0	0.39468000000000003	0.9345377937773908	34987
2961	20.0	0.37866000000000005	0.8560804318781752	31863
2962	16.0	0.38305999999999996	0.9243172636114473	31881
2963	21.0	0.4064399999999999	0.9674473238935569	35391
2964	15.0	0.42638	0.938136369186953	35673
2965	13.0	0.41129999999999994	0.8770035103754422	33827
2966	12.0	0.43864000000000003	0.842080985599172	28875
2967	24.0	0.42257999999999996	0.9632883602275075	33142
2968	10.0	0.41786000000000006	0.973136759769391	39657
2969	21.0	0.4017	0.8368411120810719	33147
2970	18.0	0.43752	0.938733982488307	43154
2971	14.0	0.43398000000000003	0.975402231659	41211
2972	20.0	0.4631799999999999	0.9623225673191403	47132
2973	17.0	0.4751399999999999	0.9478837080898342	48524
2974	20.0	0.4517	0.916441720275297	52082
2975	13.0	0.49976000000000004	0.9206300540768497	52616
2976	8.0	0.5027400000000001	0.8491337476922405	61448
2977	12.0	0.4102400000000001	0.858975006717507	45495
2978	15.0	0.41574	0.8193456419680759	51380
2979	6.0	0.44423999999999997	0.8357365439320293	51558
2980	11.0	0.46465999999999996	0.8804042041190917	53654
2981	9.0	0.44046	0.8991133451944261	47202
2982	16.0	0.47614000000000006	0.9009447144831445	53180
2983	10.0	0.49124	0.9229610685751508	55880
2984	18.0	0.48874	0.9325165795682826	51348
2985	8.0	0.42896	0.8762201624803742	48602
2986	21.0	0.43516000000000005	0.8517200046724251	53897
2987	15.0	0.41434	0.92881696286564	50886
2988	21.0	0.47712	0.9513558131518499	53847
2989	14.0	0.47038	0.9085173679613887	55432
2990	10.0	0.5446	0.9655064188528754	58428
2991	8.0	0.53676	0.9578209727206646	51157
2992	5.0	0.52068	0.9314354837153729	50055
2993	28.0	0.50886	0.9757454897714513	45837
2994	12.0	0.48372	0.9334203558986396	47623
2995	13.0	0.52192	0.9137513503584856	44251
2996	8.0	0.49161999999999995	0.809103361621703	56513
2997	10.0	0.5196200000000001	0.8551719189487688	49044
2998	9.0	0.49868	0.9075014331269489	50291
2999	9.0	0.5121199999999999	0.9427835256175202	43601
3000	12.0	0.5207999999999999	0.9351829992084411	51882
3001	13.0	0.43513999999999997	0.8756360432033885	45459
3002	12.0	0.38992	0.7863549495195519	37605
3003	16.0	0.40617999999999993	0.8673545314909213	43245
3004	12.0	0.39146000000000003	0.7993589090178937	32360
3005	16.0	0.3699	0.9062068604319877	31835
3006	13.0	0.37058	0.8109374518726518	28326
3007	20.0	0.42987999999999993	0.8976155639064238	42480
3008	7.0	0.51106	0.962422083494757	52351
3009	12.0	0.48523999999999995	0.9270029417397175	52932
3010	14.0	0.48553999999999997	0.9399445753031673	57043
3011	14.0	0.45504000000000006	0.8815470542357133	51244
3012	7.0	0.4728399999999999	0.8756285808861844	53100
3013	8.0	0.42669999999999997	0.8537779804668142	42489
3014	18.0	0.42736	0.9143361563536014	34541
3015	12.0	0.41691999999999996	0.7642645432175567	35124
3016	17.0	0.41978000000000004	0.8871631021725741	39351
3017	10.0	0.45558	0.9367421166051167	42947
3018	13.0	0.4587399999999999	0.9740852054775113	44124
3019	16.0	0.46246000000000004	0.9559711963772234	36836
3020	16.0	0.46049999999999996	0.9098237198190555	41983
3021	18.0	0.45736	0.8628280836880632	42310
3022	10.0	0.44545999999999997	0.8448347856975243	47289
3023	12.0	0.39781999999999995	0.9242580232120176	33228
3024	13.0	0.41800000000000004	0.8056328748151703	30301
3025	20.0	0.4157200000000001	0.9417956875386064	27544
3026	20.0	0.41454	0.9509874355203972	26600
3027	14.0	0.38106	0.772938974383412	20179
3028	16.0	0.39771999999999996	0.7622089363030343	20236
3029	12.0	0.41069999999999995	0.8377655403314264	19147
3030	26.0	0.41745999999999994	0.8898832317372923	25025
3031	11.0	0.39088000000000006	0.8381623001743174	19851
3032	19.0	0.38900000000000007	0.9553064858620663	17911
3033	14.0	0.4074999999999999	0.9381704741123024	20217
3034	19.0	0.39618000000000003	0.8248071137572692	15718
3035	17.0	0.37876	0.9185677449845215	16695
3036	27.0	0.38414000000000004	0.9571031909778318	17619
3037	11.0	0.38491999999999993	0.8981749334243678	19854
3038	11.0	0.3882999999999999	0.9467668649563199	21808
3039	19.0	0.3710000000000001	0.8011180930281417	12992
3040	17.0	0.37614	0.8482723314429419	15318
3041	14.0	0.37256	0.9019072982994304	15976
3042	18.0	0.38028000000000006	0.6576588462646293	13625
3043	15.0	0.37036	0.8018064078717222	14104
3044	12.0	0.36532	0.9614609365881704	15083
3045	14.0	0.38215999999999994	0.7170017235872298	14512
3046	12.0	0.37478	0.8953471320563795	14613
3047	18.0	0.36962000000000006	0.9270371348121141	12993
3048	12.0	0.3805799999999999	0.8878685259783324	13833
3049	19.0	0.39604	0.8407641047120519	15005
3050	22.0	0.37622	0.9655785636891867	16449
3051	12.0	0.37704	0.8267523028918058	16093
3052	20.0	0.36354	0.8861690074382431	14391
3053	22.0	0.39378	0.66063233913081	15110
3054	13.0	0.39426	0.7829110466560215	16628
3055	11.0	0.38558	0.8510097135997867	16620
3056	22.0	0.40616	0.8514032447425632	17783
3057	26.0	0.4138400000000001	0.9494928976718668	21137
3058	24.0	0.4055	0.9601561024147115	22555
3059	16.0	0.39698	0.9331073007076951	23086
3060	15.0	0.41096	0.9825123613910735	24257
3061	15.0	0.42733999999999994	0.9669243094531828	28615
3062	17.0	0.40422	0.8450709328448225	27586
3063	18.0	0.42788	0.9700561526048241	28927
3064	8.0	0.3864799999999999	0.9215140571697855	26335
3065	27.0	0.40480000000000005	0.9272921758762439	29761
3066	10.0	0.42522	0.8352946719265025	29197
3067	13.0	0.4028399999999999	0.8988816782676908	33886
3068	19.0	0.39020000000000005	0.9120693817162375	41125
3069	16.0	0.4403599999999999	0.9270854452904477	41128
3070	14.0	0.42650000000000005	0.821746844578778	39717
3071	13.0	0.46193999999999996	0.9547310734533524	49152
3072	22.0	0.4183199999999999	0.898036579526798	39774
3073	13.0	0.42672000000000004	0.9533730669239335	41134
3074	19.0	0.43800000000000006	0.9576406781089799	41205
3075	15.0	0.47514	0.9624768247562183	42167
3076	15.0	0.4394600000000001	0.9080729537567147	47573
3077	11.0	0.47508	0.9333950269138794	38036
3078	7.0	0.43510000000000004	0.8313099238953688	44086
3079	5.0	0.47102	0.8309382530912434	44243
3080	6.0	0.46588000000000007	0.7183573073608388	50889
3081	8.0	0.46798	0.7852351358441538	51447
3082	10.0	0.46924000000000005	0.8260538712483505	58350
3083	9.0	0.46228	0.9056130243463035	51307
3084	7.0	0.46126	0.8007610167494437	53952
3085	25.0	0.42004	0.8741013806074966	42515
3086	14.0	0.40197999999999995	0.8840562234435244	38905
3087	12.0	0.43102	0.8276384946430496	38357
3088	11.0	0.40221999999999997	0.8337641121591696	32451
3089	13.0	0.42668	0.882810606062594	32745
3090	16.0	0.41056	0.7617955642728362	25790
3091	23.0	0.39502000000000004	0.7798618649272868	18222
3092	14.0	0.41381999999999997	0.8720820416589301	23028
3093	15.0	0.42254	0.9481768940381259	24082
3094	11.0	0.3915399999999999	0.907599730152744	19691
3095	15.0	0.39358000000000004	0.8683608261529691	20457
3096	27.0	0.38528000000000007	0.9551953917454141	18333
3097	21.0	0.3723	0.9603060743613494	19849
3098	10.0	0.382	0.9076964166094466	17954
3099	27.0	0.39944	0.9365844755682918	17114
3100	15.0	0.39291999999999994	0.8612441824974296	16543
3101	26.0	0.38782000000000005	0.8439613692070943	18604
3102	16.0	0.3179	0.7515938003209156	14334
3103	3.0	0.09041999999999999	0.22136906257948788	3226
3104	21.0	0.3753	0.9360186119162275	15503
3105	15.0	0.38614	0.9336123549911428	15268
3106	24.0	0.3779	0.966411338713396	15845
3107	15.0	0.3893399999999999	0.9713042273941155	16336
3108	20.0	0.38667999999999997	0.9584107305365862	17632
3109	27.0	0.39144	0.7324946142442734	13731
3110	14.0	0.38586	0.9420211509728968	16938
3111	11.0	0.38464	0.9170864917576204	14578
3112	20.0	0.36068	0.9579106887555008	16915
3113	13.0	0.37016000000000004	0.8885823467910104	15950
3114	7.0	0.37178	0.8813415343175554	16205
3115	16.0	0.38745999999999997	0.9634955204895805	15765
3116	17.0	0.38996	0.9670189666898372	16593
3117	13.0	0.3802	0.9352727191136639	13929
3118	12.0	0.3942400000000001	0.9050009796665506	17181
3119	13.0	0.38187999999999994	0.9382200157826553	17285
3120	20.0	0.39648000000000005	0.762065274149128	17885
3121	14.0	0.39203999999999994	0.751893813119677	13882
3122	19.0	0.39608000000000004	0.9700314962871516	16403
3123	22.0	0.38718	0.9396082913332202	16997
3124	15.0	0.3902999999999999	0.7180969214790207	16232
3125	15.0	0.38732	0.903709121270175	19462
3126	15.0	0.4127	0.8808024838315297	19502
3127	14.0	0.4252	0.8490303646517746	19490
3128	11.0	0.40874000000000005	0.7066670446389425	21008
3129	7.0	0.4365	0.7909403421996422	29381
3130	10.0	0.4241400000000001	0.7734041225228064	28777
3131	3.0	0.41874	0.8488797839331899	34682
3132	12.0	0.41624	0.9152983160650742	32081
3133	11.0	0.4225	0.9296952391543338	33110
3134	15.0	0.4365	0.9398664215137562	34476
3135	15.0	0.44506	0.9401581242922089	37028
3136	21.0	0.4284800000000001	0.830767774113059	30198
3137	12.0	0.43262	0.8083714943106618	31703
3138	11.0	0.46756	0.9028514777108437	36935
3139	13.0	0.44861999999999996	0.9085442558358745	41721
3140	15.0	0.42412	0.8540727194242698	37631
3141	13.0	0.40926	0.800721417837999	34847
3142	15.0	0.44067999999999996	0.7660545454615314	38170
3143	10.0	0.42747999999999997	0.8102595371569188	38909
3144	12.0	0.37073999999999996	0.9179210468273318	30519
3145	10.0	0.41536000000000006	0.8558705571578547	34930
3146	10.0	0.4465	0.7190216907506026	34457
3147	16.0	0.44474	0.7741967092546984	37991
3148	18.0	0.42278	0.8619616754403505	36097
3149	18.0	0.4232	0.9067917201039674	28750
3150	14.0	0.40444	0.9507014777008248	24111
3151	20.0	0.42479999999999996	0.9691678956429621	27837
3152	19.0	0.4217	0.8640015669387779	22718
3153	8.0	0.39803999999999995	0.866165895148364	15495
3154	20.0	0.40444	0.9628608440261788	19217
3155	16.0	0.37676000000000004	0.9530863053004112	18679
3156	17.0	0.39136000000000004	0.9590397125491775	18229
3157	21.0	0.41836	0.8248731171043787	21507
3158	15.0	0.4017	0.9543136068745318	19455
3159	25.0	0.41098	0.9238863693725871	20811
3160	15.0	0.4069	0.8581360107568302	18344
3161	14.0	0.37994000000000006	0.981965520130813	19356
3162	21.0	0.41306000000000004	0.9715593804617021	27390
3163	20.0	0.38526000000000005	0.9815973520000558	21986
3164	15.0	0.39198	0.9895291146429647	24645
3165	18.0	0.40902	0.9638393332561234	27489
3166	19.0	0.40093999999999996	0.9709366246462151	25614
3167	22.0	0.40932	0.9168468292880749	27879
3168	13.0	0.3988999999999999	0.9710876369388061	27021
3169	22.0	0.39342000000000005	0.956869024336204	25782
3170	12.0	0.42710000000000004	0.9430850366293233	29798
3171	22.0	0.3819199999999999	0.8123706152529375	33220
3172	19.0	0.38367999999999997	0.9261080649348838	30973
3173	19.0	0.40078	0.8869007566969913	38495
3174	19.0	0.39388000000000006	0.9080178729961308	35523
3175	12.0	0.40974	0.854932931898099	30974
3176	12.0	0.41656000000000004	0.8836046317720223	33183
3177	11.0	0.44599999999999995	0.9549783040553341	33279
3178	15.0	0.41753999999999997	0.9214423717822742	25525
3179	18.0	0.41043999999999997	0.9533363786141222	33616
3180	17.0	0.41009999999999996	0.9226395900388974	32497
3181	18.0	0.41126000000000007	0.9249778415690325	34885
3182	15.0	0.39648000000000005	0.8095899062319118	28336
3183	16.0	0.40726000000000007	0.9009213366400215	29297
3184	19.0	0.42623999999999995	0.9271950161465372	30593
3185	13.0	0.4315	0.9231077357035807	35734
3186	17.0	0.4475	0.9575636206855657	33214
3187	14.0	0.43623999999999996	0.9337532072895948	36785
3188	18.0	0.43418	0.899114442383989	42270
3189	23.0	0.4195400000000001	0.877090902348378	40558
3190	12.0	0.4171	0.8363902238769898	35072
3191	8.0	0.46492	0.6979858320617491	46700
3192	10.0	0.48774	0.7754849442387144	47843
3193	10.0	0.48632000000000003	0.8453507793668954	48166
3194	14.0	0.46222	0.8856761246665399	40859
3195	13.0	0.4662200000000001	0.8894322926684858	46135
3196	12.0	0.39196	0.9205002969063663	34335
3197	9.0	0.4212200000000001	0.9171767539481787	33156
3198	5.0	0.43522000000000005	0.9173929899574699	29460
3199	16.0	0.41496	0.9456675923343197	21928
3200	12.0	0.4153	0.7439654125510952	21229
3201	16.0	0.41316	0.8858636767276307	20498
3202	20.0	0.40966	0.7987378157883496	16249
3203	22.0	0.39138	0.9147981354474128	17898
3204	15.0	0.3989200000000001	0.8436279076963537	18070
3205	20.0	0.35723999999999995	0.8936251391197447	12324
3206	16.0	0.40512	0.7696468101531003	17492
3207	22.0	0.41650000000000004	0.8733938471780142	19825
3208	16.0	0.39181999999999995	0.852077732370843	17932
3209	14.0	0.39706	0.8535039937489864	14911
3210	15.0	0.37363999999999997	0.8751763476331387	14087
3211	15.0	0.37988	0.9240099959494962	15033
3212	11.0	0.3618599999999999	0.9513277823829938	15653
3213	20.0	0.3954	0.7892544963517278	16846
3214	11.0	0.37272000000000005	0.9345855705375956	13720
3215	19.0	0.3562400000000001	0.9428489387572638	12460
3216	12.0	0.3586	0.978721418289448	14340
3217	18.0	0.36450000000000005	0.9592130222945036	14053
3218	8.0	0.34668	0.9738023539795667	12944
3219	20.0	0.37588	0.9276794097713298	14112
3220	14.0	0.36064	0.7739632916697424	12829
3221	23.0	0.34806	0.9064280328218213	13960
3222	6.0	0.35334000000000004	0.922244044710965	12175
3223	27.0	0.35897999999999997	0.9204428979750116	13874
3224	11.0	0.34613999999999995	0.9517419871960497	12965
3225	18.0	0.34751999999999994	0.972178130631216	11629
3226	27.0	0.35216000000000003	0.9194791623584977	13243
3227	13.0	0.33932000000000007	0.9585813919969892	12685
3228	13.0	0.3510399999999999	0.8919956899694368	13741
3229	13.0	0.35488	0.8251772124542753	11988
3230	17.0	0.3422	0.9700945595770611	13134
3231	13.0	0.36788	0.9462225764700312	14898
3232	16.0	0.36432	0.9191166138810047	13700
3233	18.0	0.3716000000000001	0.9304723623482716	13892
3234	15.0	0.37804000000000004	0.7725638786784669	13242
3235	20.0	0.3630000000000001	0.8520659220686032	14479
3236	17.0	0.36112	0.9500584198939415	14993
3237	20.0	0.36934	0.8642862578824422	15110
3238	16.0	0.3636	0.8797278292293128	14389
3239	13.0	0.37007999999999996	0.8802677132238974	12735
3240	11.0	0.36228	0.8155467846276024	12488
3241	20.0	0.36344	0.890489956649783	13841
3242	15.0	0.3648200000000001	0.7971942092076549	12204
3243	13.0	0.37554000000000004	0.7979387915842564	16380
3244	11.0	0.35316000000000003	0.927428284106108	13477
3245	15.0	0.36396	0.8077972847264409	14651
3246	20.0	0.35675999999999997	0.9125185587604342	13899
3247	18.0	0.36062	0.9396815853385173	12349
3248	13.0	0.36695999999999995	0.9172875842213057	13753
3249	17.0	0.36558000000000007	0.8341078571579286	14381
3250	15.0	0.36466	0.7938500200569448	13338
3251	23.0	0.37610000000000005	0.7452922335035262	16404
3252	18.0	0.38209999999999994	0.8021685761348594	16598
3253	19.0	0.36796	0.869768635446263	17702
3254	15.0	0.3868	0.821294063947758	22244
3255	20.0	0.41280000000000006	0.8347507433771527	27361
3256	19.0	0.38842000000000004	0.8243781053298532	29807
3257	12.0	0.37706	0.8829820376919493	37971
3258	16.0	0.37871999999999995	0.9274967263501469	36101
3259	18.0	0.39655999999999997	0.9190605408771496	29264
3260	14.0	0.39674	0.8870218551760088	23429
3261	9.0	0.3863199999999999	0.904197178185006	20036
3262	18.0	0.3685600000000001	0.9495167141584805	16586
3263	18.0	0.3782	0.9454569777437115	16459
3264	13.0	0.37108	0.7983184998893537	21311
3265	19.0	0.3608199999999999	0.893079743275596	19207
3266	10.0	0.37579999999999997	0.9200674743411351	22858
3267	19.0	0.37648	0.8568713450426578	23890
3268	21.0	0.36161999999999994	0.9395746923060311	20806
3269	15.0	0.35294	0.9697025189973357	24768
3270	21.0	0.37061999999999995	0.9008304361714693	22670
3271	19.0	0.3661	0.9241656934420936	26581
3272	13.0	0.35296000000000005	0.9679036030386023	29679
3273	20.0	0.3524399999999999	0.9519202848428682	25572
3274	11.0	0.34465999999999997	0.94717843540372	31632
3275	20.0	0.36146	0.9387715887477732	34228
3276	22.0	0.34607999999999994	0.9437260916793521	24084
3277	15.0	0.35532	0.9421875685688132	21241
3278	24.0	0.3702	0.8935540888426627	21578
3279	18.0	0.3592600000000001	0.7779686720381384	13871
3280	17.0	0.35153999999999996	0.9253492635948721	8909
3281	13.0	0.35102000000000005	0.9351174786308746	9964
3282	21.0	0.36400000000000005	0.9106908958552885	9654
3283	14.0	0.3583	0.9165383447411194	10472
3284	9.0	0.35167999999999994	0.9083259890262011	8486
3285	13.0	0.35502	0.9231769135218579	9840
3286	25.0	0.34143999999999997	0.9194631191440134	9507
3287	22.0	0.35324	0.838291767848242	9022
3288	10.0	0.3545	0.9376550936450178	9941
3289	21.0	0.36388	0.8302836909079153	15090
3290	16.0	0.36321999999999993	0.9169553621948395	13209
3291	27.0	0.35444000000000003	0.9593618800695968	12291
3292	12.0	0.36241999999999996	0.8928690247208361	14245
3293	16.0	0.36312	0.9639070960536145	14557
3294	19.0	0.36388	0.9481594774281543	13565
3295	16.0	0.35550000000000004	0.9636299110332377	12926
3296	12.0	0.34924	0.8102810666646979	12228
3297	17.0	0.37094	0.857362609071686	14501
3298	18.0	0.35452000000000006	0.9398462323212721	14880
3299	22.0	0.3694799999999999	0.8937937605817506	12643
3300	12.0	0.36082000000000003	0.8899393710529377	14193
3301	15.0	0.37980000000000014	0.958376885935567	16305
3302	16.0	0.36169999999999997	0.8678133107501971	14212
3303	13.0	0.35711999999999994	0.9427893199847016	13315
3304	15.0	0.34692000000000006	0.9392518995289388	12509
3305	13.0	0.35069999999999996	0.9707939530959812	13701
3306	14.0	0.36892	0.9141012370786447	14947
3307	22.0	0.3667399999999999	0.8024397358550212	14561
3308	14.0	0.36158	0.936803865217442	12198
3309	21.0	0.37439999999999996	0.9523034378371209	14287
3310	16.0	0.38226	0.8756604454043547	16750
3311	18.0	0.3852399999999999	0.8379725897047267	14362
3312	18.0	0.36477999999999994	0.9220254448830234	14583
3313	19.0	0.3631	0.9446430315211783	13131
3314	16.0	0.37406000000000006	0.9594656894302298	13903
3315	13.0	0.37042	0.9713552286348488	13940
3316	18.0	0.3754199999999999	0.9114535386753934	14498
3317	12.0	0.38177999999999995	0.8180177221649293	15350
3318	14.0	0.37228	0.9386205827229646	14801
3319	18.0	0.3543	0.9238024378871668	13102
3320	22.0	0.37118	0.9668270075712662	13054
3321	14.0	0.3661000000000001	0.9512104717698612	14186
3322	12.0	0.3872	0.9136320370886729	15633
3323	12.0	0.39671999999999996	0.8197371956510372	16043
3324	11.0	0.40349999999999997	0.8273351354705781	17145
3325	16.0	0.3835	0.903612080799023	16384
3326	13.0	0.39083999999999997	0.8751202342045915	16124
3327	15.0	0.39372	0.786150977870586	13930
3328	23.0	0.38111999999999996	0.9424485587033594	15954
3329	14.0	0.36906	0.9556090212522041	14579
3330	15.0	0.38444	0.936752846944496	15458
3331	13.0	0.3879399999999999	0.9548263424015694	16835
3332	21.0	0.3813	0.9659497217815247	15379
3333	15.0	0.38126000000000004	0.9513561064374954	16088
3334	12.0	0.39736	0.8622644082290972	16639
3335	13.0	0.37238000000000004	0.9271434998039888	15415
3336	15.0	0.36522	0.9381343697352691	13798
3337	16.0	0.37356	0.915763760833213	13770
3338	14.0	0.36467999999999995	0.9602497926643772	14017
3339	16.0	0.3902999999999999	0.9754738135330163	14791
3340	18.0	0.38089999999999996	0.9775931493087616	16530
3341	21.0	0.37862	0.9549861174759222	14698
3342	13.0	0.38659999999999994	0.9603543135218978	15274
3343	21.0	0.40549999999999997	0.9467970030028653	20908
3344	19.0	0.4043	0.9738920622431059	18975
3345	17.0	0.42068	0.9080470085987506	15443
3346	24.0	0.41008	0.9708355259803336	17743
3347	15.0	0.41134	0.856861510301676	21365
3348	27.0	0.4209400000000001	0.9620361320234818	19577
3349	23.0	0.41956000000000004	0.9651606562732474	23154
3350	17.0	0.4329	0.80994183281648	26744
3351	17.0	0.4395	0.9182724647173952	24659
3352	23.0	0.44476000000000016	0.9569449442166399	28297
3353	9.0	0.46930000000000005	0.8610267108200857	35661
3354	9.0	0.47867999999999994	0.8625624963344634	31819
3355	16.0	0.46659999999999996	0.893981658756213	35050
3356	16.0	0.45016000000000006	0.8876849663614577	32488
3357	12.0	0.4718	0.8953310362230004	37534
3358	13.0	0.40716	0.8654645901775747	32311
3359	15.0	0.41356000000000004	0.8480134192017937	33631
3360	14.0	0.43124	0.8132960062083848	35705
3361	18.0	0.44968	0.7931687100044214	38329
3362	7.0	0.48004	0.9151260858245002	39750
3363	15.0	0.4654200000000001	0.9138381295077549	41087
3364	10.0	0.4643	0.9740180724526589	39188
3365	14.0	0.44254	0.9507118010603062	32257
3366	21.0	0.43573999999999996	0.9461728548780802	32298
3367	17.0	0.45105999999999996	0.9364516938492156	33990
3368	15.0	0.4493599999999999	0.9570496036949807	34776
3369	18.0	0.43424000000000007	0.9609245469533925	27747
3370	14.0	0.45468000000000003	0.959584173677092	35311
3371	10.0	0.4466200000000001	0.9266868173980598	36453
3372	13.0	0.4394799999999999	0.9250621076773763	29493
3373	10.0	0.42432000000000003	0.9507571520334781	28769
3374	17.0	0.43082	0.9559010627695891	29487
3375	19.0	0.39546	0.9170988995506997	27736
3376	16.0	0.40088000000000007	0.8458304829573627	24783
3377	21.0	0.40295999999999993	0.9451001656941962	28570
3378	16.0	0.39226000000000005	0.8064290173940074	27452
3379	17.0	0.3931600000000001	0.9136304812334418	29614
3380	12.0	0.37576	0.8583317179095847	27427
3381	25.0	0.42773999999999995	0.8844199740550501	38819
3382	16.0	0.43720000000000003	0.9548847947874898	40948
3383	9.0	0.41816000000000003	0.9309061340697082	37399
3384	19.0	0.4248400000000001	0.8916752300734528	35505
3385	14.0	0.42156	0.8905577488074146	35638
3386	15.0	0.42629999999999996	0.9717013262884397	37060
3387	26.0	0.44459999999999994	0.924096981346685	40394
3388	17.0	0.4354199999999999	0.9400494172056209	42927
3389	13.0	0.44858000000000003	0.9690844614370151	40117
3390	10.0	0.4744	0.9646461913479744	46120
3391	8.0	0.44915999999999995	0.9562364569221609	46515
3392	9.0	0.43664000000000003	0.9183170756227491	39246
3393	13.0	0.41824	0.8588052189306786	40704
3394	13.0	0.46302	0.9520123172568801	51181
3395	9.0	0.46846000000000004	0.968582679613404	45986
3396	11.0	0.4653	0.9549877557480037	41090
3397	13.0	0.45808000000000004	0.8860608309014018	39136
3398	10.0	0.4760200000000001	0.9552070683098868	36237
3399	16.0	0.46549999999999997	0.9719248450766966	31657
3400	9.0	0.47293999999999997	0.96416711800495	39221
3401	8.0	0.48200000000000004	0.9738849765989084	31085
3402	17.0	0.4334800000000001	0.9595733661456017	29881
3403	9.0	0.4605	0.8489364904828899	29872
3404	11.0	0.43745999999999996	0.905669491893049	27607
3405	15.0	0.41208000000000006	0.8080810896142306	22936
3406	15.0	0.36352000000000007	0.8109274138567614	17542
3407	17.0	0.35148	0.8108530977521383	15125
3408	17.0	0.36967999999999995	0.7827219268659885	17387
3409	13.0	0.35936000000000007	0.8216911597091865	17227
3410	17.0	0.3878600000000001	0.7265622083166992	15254
3411	12.0	0.36708000000000013	0.9203536198264378	19688
3412	17.0	0.37044	0.8464476215259076	20778
3413	19.0	0.38686	0.8578105968713603	28634
3414	14.0	0.46940000000000004	0.9424392013744838	28317
3415	8.0	0.4573400000000001	0.7676689139235453	39801
3416	12.0	0.45484	0.7858462752643702	40550
3417	11.0	0.5257999999999999	0.917669041788742	42708
3418	7.0	0.49076000000000003	0.904321324411536	45053
3419	12.0	0.44038	0.884873110434073	41226
3420	13.0	0.47334000000000004	0.9542153898245834	41468
3421	12.0	0.45056000000000007	0.9501044763435624	35663
3422	12.0	0.46152	0.9706383102354648	36254
3423	10.0	0.42541999999999996	0.9319946731219554	28746
3424	9.0	0.4545000000000001	0.9168919590427037	33642
3425	15.0	0.4539	0.9468203118576897	42436
3426	16.0	0.39382	0.9038322661065631	34910
3427	17.0	0.3943200000000001	0.8610394469893152	36182
3428	13.0	0.42518	0.8379771759440088	47105
3429	9.0	0.4650599999999999	0.8187693874111602	47303
3430	12.0	0.49662	0.8303272921489228	47868
3431	11.0	0.48440000000000005	0.8398480730535499	49429
3432	10.0	0.45576000000000005	0.8287184579839902	46666
3433	20.0	0.41325999999999996	0.8116471159110187	38142
3434	16.0	0.43982	0.7792417306725792	37892
3435	9.0	0.48562000000000005	0.8660665281838914	45411
3436	13.0	0.4670600000000001	0.8231461118941917	40499
3437	11.0	0.48908000000000007	0.9315651636148624	43710
3438	10.0	0.45905999999999997	0.9081167586801815	48471
3439	10.0	0.4904800000000001	0.9534247503854826	40322
3440	16.0	0.4929	0.9385696984290115	40647
3441	12.0	0.49950000000000006	0.8841951078786713	44030
3442	9.0	0.51292	0.9314814131531383	47359
3443	14.0	0.49818000000000007	0.9066472071947831	49069
3444	9.0	0.46964	0.8729277668362383	55248
3445	7.0	0.50202	0.929419113678957	57283
3446	11.0	0.50714	0.895749833979526	55742
3447	5.0	0.49242	0.8553652541740985	56914
3448	13.0	0.44410000000000005	0.7857008371689685	51538
3449	12.0	0.45055999999999996	0.7760130398885489	46239
3450	12.0	0.40747999999999995	0.796549530830015	43170
3451	19.0	0.43416000000000005	0.8234210180795892	49728
3452	11.0	0.4728399999999999	0.8443054528529297	45253
3453	11.0	0.4881599999999999	0.9356394676881712	47942
3454	11.0	0.47728000000000004	0.92626230497301	44745
3455	14.0	0.4579000000000001	0.9369661608373859	44441
3456	19.0	0.44614000000000004	0.8018719454099549	33562
3457	16.0	0.45000000000000007	0.9529743778796352	43078
3458	16.0	0.43108	0.9529284709748547	31081
3459	13.0	0.45933999999999997	0.9462288626647192	36894
3460	18.0	0.45933999999999997	0.9380082702409479	47127
3461	18.0	0.46762	0.9162364945691187	49978
3462	9.0	0.4818	0.9313015899145868	46869
3463	10.0	0.48103999999999997	0.938605505674291	53617
3464	10.0	0.46136000000000005	0.9165009473844229	56022
3465	13.0	0.4566200000000001	0.9421488222762685	54779
3466	23.0	0.3914999999999999	0.9366511783236249	49789
3467	10.0	0.3922	0.9437060743550878	42217
3468	13.0	0.40791999999999995	0.7812659030985877	36626
3469	10.0	0.42198	0.8964636924483245	41589
3470	16.0	0.46224000000000004	0.9455003393815339	38868
3471	8.0	0.4452400000000001	0.9337288055309872	32886
3472	12.0	0.46408	0.9538944102896568	39372
3473	22.0	0.4163	0.8903297532065487	31804
3474	19.0	0.46568000000000004	0.920116899436788	34174
3475	21.0	0.45643999999999996	0.947601740628659	39248
3476	13.0	0.42580000000000007	0.9359804122451256	36014
3477	19.0	0.42172	0.7916048571605431	30240
3478	16.0	0.4355200000000001	0.88268256642602	32401
3479	18.0	0.4472	0.885013509686871	33137
3480	13.0	0.4347	0.8621049521455411	36836
3481	14.0	0.44646	0.8657121796451493	35096
3482	8.0	0.45458000000000004	0.8513056283335888	37089
3483	14.0	0.4601199999999999	0.9159501893174526	31831
3484	16.0	0.41830000000000006	0.9006787062142267	27852
3485	25.0	0.43398	0.8715958949827023	31909
3486	15.0	0.42369999999999997	0.7923535500534902	30543
3487	15.0	0.4224400000000001	0.8613540279451806	33028
3488	16.0	0.41908	0.9601906617831445	26738
3489	16.0	0.42660000000000003	0.9244785984595658	32244
3490	17.0	0.41580000000000006	0.8976320702890761	27297
3491	18.0	0.39972	0.8867915796127963	27668
3492	16.0	0.43408	0.9358987857215163	33516
3493	13.0	0.42523999999999995	0.9476921554420191	30903
3494	22.0	0.40336	0.9343817029476376	30498
3495	21.0	0.44954	0.9255641189277579	31324
3496	13.0	0.40708000000000005	0.7938616203605637	26047
3497	11.0	0.42262	0.9377575244343278	33218
3498	15.0	0.43041999999999997	0.8860380685604953	39247
3499	16.0	0.43478	0.8704057195626639	38432
3500	10.0	0.46196000000000004	0.8896096353196162	41410
3501	13.0	0.47694000000000003	0.9181030032182305	37105
3502	13.0	0.48912	0.9025377565263262	37279
3503	15.0	0.46620000000000006	0.9245954562259049	34382
3504	13.0	0.46908	0.9493664194983419	38414
3505	15.0	0.50838	0.9585078211834676	38917
3506	8.0	0.5017200000000002	0.7979530505067435	39221
3507	12.0	0.42041999999999996	0.49182264231400297	21757
3508	18.0	0.4289	0.44690610198163266	12552
3509	10.0	0.46104	0.3626272439836714	11355
3510	15.0	0.45348	0.2980431626875163	12247
3511	20.0	0.4271400000000001	0.8144785021375607	35604
3512	16.0	0.49012000000000006	0.6326134895361388	30234
3513	14.0	0.41352000000000005	0.4435280310136984	20543
3514	13.0	0.4284200000000001	0.4797848011507791	31073
3515	8.0	0.46192000000000005	0.8335367183936906	44410
3516	9.0	0.5013600000000001	0.8650855195895549	50870
3517	5.0	0.44486	0.7173930481552592	47193
3518	9.0	0.4418599999999999	0.8012017092263011	47395
3519	6.0	0.5412	0.8593291324246857	46614
3520	13.0	0.55082	0.9307597484187965	50140
3521	9.0	0.5490799999999999	0.9395166882703395	50915
3522	7.0	0.5192999999999999	0.9318630743046131	46758
3523	10.0	0.48133999999999993	0.943949133826573	38708
3524	7.0	0.54606	0.9353917628632161	39297
3525	3.0	0.57164	0.8916066802687832	37729
3526	10.0	0.49522000000000005	0.940168361237623	51030
3527	14.0	0.41218	0.8051000582728903	42327
3528	13.0	0.44697999999999993	0.7475245319825424	48051
3529	9.0	0.4572	0.789267866171799	49297
3530	7.0	0.5389	0.8030008184076667	53729
3531	6.0	0.4618	0.7684708492819053	47663
3532	6.0	0.41752	0.780247542144196	45823
3533	8.0	0.40630000000000005	0.8619130905148773	41562
3534	11.0	0.4826	0.8775560569300843	45335
3535	13.0	0.5245	0.8861781139206251	47639
3536	8.0	0.53606	0.8472584399587046	57071
3537	11.0	0.5874199999999999	0.9206846683352762	34746
3538	6.0	0.57808	0.9089248137464876	46092
3539	9.0	0.49138000000000004	0.8659521086810654	48318
3540	12.0	0.48878	0.8277174158109912	45001
3541	17.0	0.41251999999999994	0.4350240729110305	23233
3542	18.0	0.4329799999999999	0.4137226278572826	22123
3543	13.0	0.45388	0.2942530775363192	10722
3544	10.0	0.46184	0.3363769561545129	9958
3545	17.0	0.4265	0.445901031045069	13277
3546	13.0	0.42129999999999995	0.4866320154410532	7706
3547	15.0	0.50818	0.6231791464556703	24426
3548	12.0	0.47796000000000005	0.6005627537109713	26472
3549	15.0	0.45374000000000003	0.43032886987685326	25855
3550	10.0	0.5318799999999999	0.7553523918776892	41262
3551	5.0	0.50288	0.8043899981282746	47103
3552	7.0	0.48468000000000006	0.8118383700281319	63428
3553	7.0	0.5510400000000001	0.915091948701601	41678
3554	10.0	0.5289200000000001	0.9226222719300959	38974
3555	8.0	0.52026	0.9352080549720114	41522
3556	8.0	0.49984	0.8866603166084746	40795
3557	11.0	0.48378	0.9378132162046496	38797
3558	16.0	0.47121999999999997	0.8866473544209683	37773
3559	5.0	0.4928999999999999	0.868382562275787	36434
3560	17.0	0.43258	0.910087880066513	32749
3561	9.0	0.45334	0.8544268130640018	39817
3562	12.0	0.44333999999999996	0.8149620907280062	37161
3563	9.0	0.4549	0.7604517493614815	30720
3564	7.0	0.48034	0.8205682602631856	38279
3565	12.0	0.45868000000000003	0.8236805562481758	33598
3566	11.0	0.41975999999999997	0.8500378308073367	27408
3567	11.0	0.44384	0.8658573467382515	28518
3568	11.0	0.47436000000000006	0.8843465612634165	29398
3569	15.0	0.43466	0.8537665118466219	32454
3570	15.0	0.43026000000000003	0.8066822186716878	26689
3571	9.0	0.5484600000000001	0.9295338490052709	33419
3572	13.0	0.5392	0.9235427365312345	34805
3573	4.0	0.5218400000000001	0.9595504713285409	34773
3574	8.0	0.5413799999999999	0.9328742962049252	38744
3575	7.0	0.5440200000000001	0.9423709624158025	38921
3576	10.0	0.5070999999999999	0.8893786418300933	29956
3577	9.0	0.51514	0.8127875318456536	34386
3578	16.0	0.48272	0.7054778323868188	38743
3579	13.0	0.4602200000000001	0.7746314043807208	41967
3580	15.0	0.46958	0.8017348720445217	41648
3581	8.0	0.51466	0.5904565280499595	42380
3582	13.0	0.47163999999999995	0.7115763113507706	48603
3583	10.0	0.46132000000000006	0.8061892984578158	45806
3584	6.0	0.5657999999999999	0.8791182960517608	43195
3585	11.0	0.5183599999999999	0.8216278149074941	46418
3586	12.0	0.5242	0.899507303847736	47280
3587	11.0	0.4259199999999999	0.8612182309809433	43545
3588	15.0	0.42190000000000005	0.8793146745550345	41875
3589	11.0	0.4236000000000001	0.9198751408436316	39094
3590	9.0	0.51416	0.8634699939070858	49107
3591	4.0	0.50042	0.8775042171566612	34199
3592	10.0	0.49554000000000004	0.841365941326466	44861
3593	15.0	0.43392000000000003	0.899299590828777	31052
3594	7.0	0.48746	0.857777966779252	43600
3595	9.0	0.5256	0.8969837423688192	46828
3596	18.0	0.4867600000000001	0.7393224730604595	37468
3597	13.0	0.48794000000000004	0.7934582674768023	34902
3598	5.0	0.45802	0.7839728527113248	41667
3599	15.0	0.41511999999999993	0.8396464489968097	40096
3600	5.0	0.53318	0.8850225690087045	39557
3601	7.0	0.5388200000000001	0.8560129816240514	38534
3602	10.0	0.41192	0.8320601233430781	38139
3603	15.0	0.40334	0.7822868335054456	35923
3604	12.0	0.47768	0.923583482425969	45818
3605	15.0	0.44264000000000003	0.8977990413243466	41558
3606	17.0	0.41018	0.6200506517698003	37721
3607	20.0	0.4079	0.8440039366950997	18044
3608	22.0	0.40962000000000004	0.7468384791870509	13815
3609	16.0	0.47357999999999995	0.9302694132446849	38972
3610	12.0	0.46684000000000003	0.7723311006818073	43481
3611	3.0	0.4748400000000001	0.863912248037892	49655
3612	8.0	0.5087	0.8532915443103247	50406
3613	10.0	0.49424	0.8499178350556646	47001
3614	12.0	0.45330000000000004	0.19598693036474651	11469
3615	17.0	0.40446000000000004	0.09042380951166426	859
3616	15.0	0.39707999999999993	0.09848567814479475	158
3617	17.0	0.47784000000000004	0.12358483272401913	223
3618	1.0	0.1313125	0.009482444336901947	1126
